visual_col_0based	grayordinate_91k_0based	grayordinate_91k_1based	roi_id	roi_name
0	4	5	3	V3
1	7	8	6	VMV
2	28	29	2	V2
3	29	30	2	V2
4	30	31	2	V2
5	31	32	2	V2
6	32	33	2	V2
7	33	34	2	V2
8	34	35	2	V2
9	53	54	1	V1
10	54	55	1	V1
11	55	56	1	V1
12	56	57	1	V1
13	57	58	1	V1
14	58	59	1	V1
15	59	60	1	V1
16	60	61	1	V1
17	61	62	1	V1
18	62	63	1	V1
19	63	64	1	V1
20	64	65	2	V2
21	65	66	2	V2
22	66	67	2	V2
23	67	68	2	V2
24	68	69	2	V2
25	69	70	6	VMV
26	70	71	6	VMV
27	71	72	6	VMV
28	72	73	6	VMV
29	73	74	6	VMV
30	74	75	6	VMV
31	75	76	6	VMV
32	89	90	6	VMV
33	90	91	6	VMV
34	91	92	6	VMV
35	92	93	6	VMV
36	93	94	6	VMV
37	148	149	2	V2
38	152	153	2	V2
39	156	157	2	V2
40	161	162	2	V2
41	165	166	2	V2
42	169	170	2	V2
43	174	175	2	V2
44	361	362	1	V1
45	377	378	1	V1
46	395	396	1	V1
47	396	397	1	V1
48	413	414	1	V1
49	414	415	1	V1
50	431	432	1	V1
51	432	433	1	V1
52	448	449	1	V1
53	449	450	1	V1
54	464	465	1	V1
55	465	466	1	V1
56	479	480	1	V1
57	480	481	1	V1
58	493	494	1	V1
59	494	495	1	V1
60	495	496	2	V2
61	496	497	2	V2
62	506	507	2	V2
63	507	508	2	V2
64	508	509	2	V2
65	509	510	2	V2
66	510	511	2	V2
67	511	512	2	V2
68	512	513	2	V2
69	518	519	2	V2
70	519	520	2	V2
71	520	521	2	V2
72	521	522	2	V2
73	522	523	6	VMV
74	523	524	6	VMV
75	529	530	2	V2
76	530	531	2	V2
77	531	532	2	V2
78	532	533	6	VMV
79	533	534	6	VMV
80	534	535	6	VMV
81	539	540	2	V2
82	540	541	2	V2
83	541	542	6	VMV
84	542	543	6	VMV
85	543	544	6	VMV
86	544	545	6	VMV
87	548	549	2	V2
88	549	550	6	VMV
89	550	551	6	VMV
90	551	552	6	VMV
91	552	553	6	VMV
92	553	554	6	VMV
93	556	557	6	VMV
94	557	558	6	VMV
95	558	559	6	VMV
96	559	560	6	VMV
97	560	561	6	VMV
98	561	562	6	VMV
99	563	564	6	VMV
100	564	565	6	VMV
101	565	566	6	VMV
102	566	567	6	VMV
103	567	568	6	VMV
104	569	570	6	VMV
105	570	571	6	VMV
106	571	572	6	VMV
107	572	573	6	VMV
108	573	574	6	VMV
109	574	575	6	VMV
110	575	576	6	VMV
111	576	577	6	VMV
112	577	578	6	VMV
113	578	579	6	VMV
114	579	580	6	VMV
115	580	581	6	VMV
116	581	582	6	VMV
117	582	583	6	VMV
118	583	584	6	VMV
119	10082	10083	3	V3
120	10083	10084	3	V3
121	10084	10085	3	V3
122	10085	10086	3	V3
123	10086	10087	3	V3
124	10087	10088	3	V3
125	10088	10089	3	V3
126	10089	10090	3	V3
127	10128	10129	3	V3
128	10129	10130	3	V3
129	10130	10131	3	V3
130	10131	10132	3	V3
131	10132	10133	3	V3
132	10133	10134	3	V3
133	10134	10135	3	V3
134	10135	10136	3	V3
135	10136	10137	3	V3
136	10137	10138	3	V3
137	10138	10139	3	V3
138	10139	10140	3	V3
139	10140	10141	3	V3
140	10141	10142	3	V3
141	10142	10143	3	V3
142	10143	10144	3	V3
143	10144	10145	3	V3
144	10145	10146	3	V3
145	10146	10147	3	V3
146	10147	10148	3	V3
147	10148	10149	3	V3
148	10149	10150	3	V3
149	10150	10151	3	V3
150	10151	10152	3	V3
151	10152	10153	3	V3
152	10201	10202	3	V3
153	10202	10203	3	V3
154	10203	10204	3	V3
155	10204	10205	3	V3
156	10205	10206	3	V3
157	10206	10207	3	V3
158	10207	10208	3	V3
159	10255	10256	3	V3
160	10256	10257	3	V3
161	10257	10258	3	V3
162	10258	10259	3	V3
163	10259	10260	3	V3
164	10260	10261	3	V3
165	10261	10262	3	V3
166	10308	10309	3	V3
167	10309	10310	3	V3
168	10310	10311	3	V3
169	10311	10312	3	V3
170	10312	10313	3	V3
171	10313	10314	3	V3
172	10314	10315	3	V3
173	10360	10361	3	V3
174	10361	10362	3	V3
175	10362	10363	3	V3
176	10363	10364	3	V3
177	10364	10365	3	V3
178	10365	10366	3	V3
179	10366	10367	3	V3
180	10411	10412	3	V3
181	10412	10413	3	V3
182	10413	10414	3	V3
183	10414	10415	3	V3
184	10415	10416	3	V3
185	10416	10417	3	V3
186	10417	10418	3	V3
187	10461	10462	3	V3
188	10462	10463	3	V3
189	10463	10464	3	V3
190	10464	10465	3	V3
191	10465	10466	3	V3
192	10466	10467	3	V3
193	10467	10468	3	V3
194	10510	10511	3	V3
195	10511	10512	3	V3
196	10512	10513	3	V3
197	10513	10514	3	V3
198	10514	10515	3	V3
199	10515	10516	3	V3
200	10558	10559	3	V3
201	10559	10560	3	V3
202	10560	10561	3	V3
203	10561	10562	3	V3
204	10562	10563	3	V3
205	10563	10564	3	V3
206	10605	10606	3	V3
207	10606	10607	3	V3
208	10607	10608	3	V3
209	10608	10609	3	V3
210	10609	10610	3	V3
211	10610	10611	3	V3
212	10651	10652	3	V3
213	10652	10653	3	V3
214	10653	10654	3	V3
215	10654	10655	3	V3
216	10655	10656	3	V3
217	10696	10697	3	V3
218	10697	10698	3	V3
219	10698	10699	3	V3
220	10699	10700	3	V3
221	10700	10701	3	V3
222	10740	10741	3	V3
223	10741	10742	3	V3
224	10742	10743	3	V3
225	10743	10744	3	V3
226	10783	10784	3	V3
227	10784	10785	3	V3
228	10785	10786	3	V3
229	10825	10826	3	V3
230	10826	10827	3	V3
231	10866	10867	3	V3
232	11686	11687	3	V3
233	11687	11688	3	V3
234	11688	11689	3	V3
235	11689	11690	3	V3
236	11690	11691	4	V4
237	11691	11692	3	V3
238	11692	11693	3	V3
239	11693	11694	3	V3
240	11694	11695	3	V3
241	11695	11696	3	V3
242	11696	11697	3	V3
243	11697	11698	3	V3
244	11742	11743	3	V3
245	11743	11744	3	V3
246	11744	11745	3	V3
247	11745	11746	3	V3
248	11746	11747	3	V3
249	11747	11748	3	V3
250	11748	11749	3	V3
251	11749	11750	3	V3
252	11750	11751	3	V3
253	11751	11752	3	V3
254	11752	11753	3	V3
255	11753	11754	3	V3
256	11797	11798	3	V3
257	11798	11799	3	V3
258	11799	11800	3	V3
259	11800	11801	3	V3
260	11801	11802	3	V3
261	11802	11803	3	V3
262	11803	11804	3	V3
263	11804	11805	3	V3
264	11805	11806	3	V3
265	11806	11807	3	V3
266	11807	11808	3	V3
267	11851	11852	3	V3
268	11852	11853	3	V3
269	11853	11854	3	V3
270	11854	11855	3	V3
271	11855	11856	3	V3
272	11856	11857	3	V3
273	11857	11858	3	V3
274	11858	11859	3	V3
275	11859	11860	3	V3
276	11860	11861	3	V3
277	11861	11862	3	V3
278	11904	11905	3	V3
279	11905	11906	3	V3
280	11906	11907	3	V3
281	11907	11908	3	V3
282	11908	11909	3	V3
283	11909	11910	3	V3
284	11910	11911	3	V3
285	11911	11912	3	V3
286	11912	11913	3	V3
287	11913	11914	3	V3
288	11956	11957	3	V3
289	11957	11958	3	V3
290	11958	11959	3	V3
291	11959	11960	3	V3
292	11960	11961	3	V3
293	11961	11962	3	V3
294	11962	11963	3	V3
295	11963	11964	3	V3
296	11964	11965	3	V3
297	11965	11966	3	V3
298	12007	12008	3	V3
299	12008	12009	3	V3
300	12009	12010	3	V3
301	12010	12011	3	V3
302	12011	12012	3	V3
303	12012	12013	3	V3
304	12013	12014	3	V3
305	12014	12015	3	V3
306	12015	12016	3	V3
307	12057	12058	3	V3
308	12058	12059	3	V3
309	12059	12060	3	V3
310	12060	12061	3	V3
311	12061	12062	3	V3
312	12062	12063	3	V3
313	12063	12064	3	V3
314	12064	12065	3	V3
315	12108	12109	3	V3
316	12109	12110	3	V3
317	12110	12111	3	V3
318	12111	12112	3	V3
319	12156	12157	3	V3
320	12157	12158	3	V3
321	13282	13283	3	V3
322	13283	13284	3	V3
323	13284	13285	4	V4
324	13285	13286	4	V4
325	13286	13287	4	V4
326	13287	13288	4	V4
327	13288	13289	4	V4
328	13289	13290	4	V4
329	13290	13291	4	V4
330	13291	13292	4	V4
331	13292	13293	4	V4
332	13293	13294	4	V4
333	13294	13295	4	V4
334	13295	13296	4	V4
335	13296	13297	4	V4
336	13297	13298	4	V4
337	13298	13299	4	V4
338	13299	13300	4	V4
339	13300	13301	4	V4
340	13301	13302	4	V4
341	13302	13303	4	V4
342	13303	13304	4	V4
343	13304	13305	10	LO
344	13305	13306	10	LO
345	13306	13307	10	LO
346	13307	13308	10	LO
347	13308	13309	10	LO
348	13309	13310	4	V4
349	13310	13311	4	V4
350	13311	13312	4	V4
351	13312	13313	4	V4
352	13313	13314	4	V4
353	13314	13315	4	V4
354	13315	13316	4	V4
355	13338	13339	3	V3
356	13339	13340	4	V4
357	13340	13341	4	V4
358	13341	13342	4	V4
359	13342	13343	4	V4
360	13343	13344	4	V4
361	13344	13345	4	V4
362	13345	13346	4	V4
363	13346	13347	4	V4
364	13347	13348	4	V4
365	13348	13349	4	V4
366	13349	13350	4	V4
367	13350	13351	4	V4
368	13351	13352	4	V4
369	13352	13353	4	V4
370	13353	13354	4	V4
371	13354	13355	4	V4
372	13355	13356	4	V4
373	13356	13357	4	V4
374	13357	13358	4	V4
375	13358	13359	10	LO
376	13359	13360	10	LO
377	13360	13361	10	LO
378	13361	13362	10	LO
379	13362	13363	10	LO
380	13363	13364	10	LO
381	13364	13365	10	LO
382	13365	13366	4	V4
383	13366	13367	4	V4
384	13367	13368	4	V4
385	13368	13369	4	V4
386	13393	13394	3	V3
387	13394	13395	4	V4
388	13395	13396	4	V4
389	13396	13397	4	V4
390	13397	13398	4	V4
391	13398	13399	4	V4
392	13399	13400	4	V4
393	13400	13401	4	V4
394	13401	13402	4	V4
395	13402	13403	4	V4
396	13403	13404	4	V4
397	13404	13405	4	V4
398	13405	13406	4	V4
399	13406	13407	4	V4
400	13407	13408	4	V4
401	13408	13409	4	V4
402	13409	13410	4	V4
403	13410	13411	4	V4
404	13411	13412	10	LO
405	13412	13413	10	LO
406	13413	13414	10	LO
407	13414	13415	10	LO
408	13415	13416	10	LO
409	13416	13417	10	LO
410	13417	13418	10	LO
411	13418	13419	10	LO
412	13419	13420	10	LO
413	13420	13421	4	V4
414	13421	13422	4	V4
415	13447	13448	4	V4
416	13448	13449	4	V4
417	13449	13450	4	V4
418	13450	13451	4	V4
419	13451	13452	4	V4
420	13452	13453	4	V4
421	13453	13454	4	V4
422	13454	13455	4	V4
423	13455	13456	4	V4
424	13456	13457	4	V4
425	13457	13458	4	V4
426	13458	13459	4	V4
427	13459	13460	4	V4
428	13460	13461	4	V4
429	13461	13462	4	V4
430	13462	13463	4	V4
431	13463	13464	10	LO
432	13464	13465	10	LO
433	13465	13466	10	LO
434	13466	13467	10	LO
435	13467	13468	10	LO
436	13468	13469	10	LO
437	13469	13470	10	LO
438	13470	13471	10	LO
439	13471	13472	10	LO
440	13472	13473	10	LO
441	13473	13474	10	LO
442	13500	13501	4	V4
443	13501	13502	4	V4
444	13502	13503	4	V4
445	13503	13504	4	V4
446	13504	13505	4	V4
447	13505	13506	4	V4
448	13506	13507	4	V4
449	13507	13508	4	V4
450	13508	13509	4	V4
451	13509	13510	4	V4
452	13510	13511	4	V4
453	13511	13512	4	V4
454	13512	13513	4	V4
455	13513	13514	3	V3
456	13514	13515	3	V3
457	13515	13516	3	V3
458	13516	13517	10	LO
459	13517	13518	10	LO
460	13518	13519	10	LO
461	13519	13520	10	LO
462	13520	13521	10	LO
463	13521	13522	10	LO
464	13522	13523	10	LO
465	13523	13524	10	LO
466	13524	13525	10	LO
467	13525	13526	10	LO
468	13552	13553	4	V4
469	13553	13554	4	V4
470	13554	13555	4	V4
471	13555	13556	4	V4
472	13556	13557	4	V4
473	13557	13558	4	V4
474	13558	13559	4	V4
475	13559	13560	4	V4
476	13560	13561	4	V4
477	13561	13562	4	V4
478	13562	13563	3	V3
479	13563	13564	3	V3
480	13564	13565	3	V3
481	13565	13566	3	V3
482	13566	13567	3	V3
483	13567	13568	3	V3
484	13568	13569	3	V3
485	13569	13570	10	LO
486	13570	13571	10	LO
487	13571	13572	10	LO
488	13572	13573	10	LO
489	13573	13574	10	LO
490	13574	13575	10	LO
491	13575	13576	10	LO
492	13576	13577	10	LO
493	13577	13578	10	LO
494	13603	13604	4	V4
495	13604	13605	4	V4
496	13605	13606	4	V4
497	13606	13607	4	V4
498	13607	13608	4	V4
499	13608	13609	4	V4
500	13609	13610	3	V3
501	13610	13611	3	V3
502	13611	13612	3	V3
503	13612	13613	3	V3
504	13613	13614	3	V3
505	13614	13615	3	V3
506	13615	13616	3	V3
507	13616	13617	3	V3
508	13617	13618	3	V3
509	13618	13619	3	V3
510	13619	13620	3	V3
511	13620	13621	10	LO
512	13621	13622	10	LO
513	13622	13623	10	LO
514	13623	13624	10	LO
515	13624	13625	10	LO
516	13625	13626	10	LO
517	13626	13627	10	LO
518	13627	13628	10	LO
519	13653	13654	3	V3
520	13654	13655	3	V3
521	13655	13656	4	V4
522	13656	13657	3	V3
523	13657	13658	3	V3
524	13658	13659	3	V3
525	13659	13660	3	V3
526	13660	13661	3	V3
527	13661	13662	3	V3
528	13662	13663	3	V3
529	13663	13664	3	V3
530	13664	13665	3	V3
531	13665	13666	3	V3
532	13666	13667	3	V3
533	13667	13668	3	V3
534	13668	13669	3	V3
535	13669	13670	10	LO
536	13670	13671	10	LO
537	13671	13672	10	LO
538	13672	13673	10	LO
539	13673	13674	10	LO
540	13674	13675	10	LO
541	13675	13676	10	LO
542	13676	13677	10	LO
543	13702	13703	3	V3
544	13703	13704	3	V3
545	13704	13705	3	V3
546	13705	13706	3	V3
547	13706	13707	3	V3
548	13707	13708	3	V3
549	13708	13709	3	V3
550	13709	13710	3	V3
551	13710	13711	3	V3
552	13711	13712	3	V3
553	13712	13713	3	V3
554	13713	13714	3	V3
555	13714	13715	3	V3
556	13715	13716	3	V3
557	13716	13717	3	V3
558	13717	13718	10	LO
559	13718	13719	10	LO
560	13719	13720	10	LO
561	13720	13721	10	LO
562	13721	13722	10	LO
563	13722	13723	10	LO
564	13723	13724	10	LO
565	13724	13725	10	LO
566	13725	13726	10	LO
567	13750	13751	3	V3
568	13751	13752	3	V3
569	13752	13753	3	V3
570	13753	13754	3	V3
571	13754	13755	3	V3
572	13755	13756	3	V3
573	13756	13757	3	V3
574	13757	13758	3	V3
575	13758	13759	3	V3
576	13759	13760	3	V3
577	13760	13761	3	V3
578	13761	13762	3	V3
579	13762	13763	3	V3
580	13765	13766	10	LO
581	13766	13767	10	LO
582	13767	13768	10	LO
583	13768	13769	10	LO
584	13769	13770	10	LO
585	13770	13771	10	LO
586	13771	13772	10	LO
587	13772	13773	10	LO
588	13797	13798	3	V3
589	13798	13799	3	V3
590	13799	13800	3	V3
591	13800	13801	3	V3
592	13801	13802	3	V3
593	13802	13803	3	V3
594	13803	13804	3	V3
595	13804	13805	3	V3
596	13805	13806	3	V3
597	13806	13807	3	V3
598	13813	13814	10	LO
599	13814	13815	10	LO
600	13815	13816	10	LO
601	13816	13817	10	LO
602	13817	13818	10	LO
603	13818	13819	10	LO
604	13843	13844	3	V3
605	13844	13845	3	V3
606	13845	13846	3	V3
607	13846	13847	3	V3
608	13847	13848	3	V3
609	13848	13849	3	V3
610	13860	13861	10	LO
611	13861	13862	10	LO
612	13862	13863	10	LO
613	19687	19688	6	VMV
614	19688	19689	6	VMV
615	19689	19690	6	VMV
616	19690	19691	6	VMV
617	19743	19744	6	VMV
618	19744	19745	6	VMV
619	19745	19746	6	VMV
620	19746	19747	6	VMV
621	19747	19748	6	VMV
622	19748	19749	6	VMV
623	19749	19750	6	VMV
624	19750	19751	6	VMV
625	19751	19752	6	VMV
626	19752	19753	6	VMV
627	19753	19754	6	VMV
628	19754	19755	6	VMV
629	19755	19756	6	VMV
630	19756	19757	6	VMV
631	19757	19758	6	VMV
632	19758	19759	9	VVC
633	19759	19760	9	VVC
634	19760	19761	9	VVC
635	19761	19762	9	VVC
636	19762	19763	9	VVC
637	19763	19764	9	VVC
638	19764	19765	9	VVC
639	19765	19766	9	VVC
640	19766	19767	9	VVC
641	19767	19768	8	FFC
642	19768	19769	8	FFC
643	19769	19770	8	FFC
644	19770	19771	8	FFC
645	19771	19772	8	FFC
646	19772	19773	8	FFC
647	19773	19774	8	FFC
648	19774	19775	8	FFC
649	19775	19776	8	FFC
650	20842	20843	8	FFC
651	20866	20867	8	FFC
652	20867	20868	8	FFC
653	20868	20869	8	FFC
654	20869	20870	8	FFC
655	20870	20871	8	FFC
656	20871	20872	8	FFC
657	20872	20873	8	FFC
658	20873	20874	8	FFC
659	20895	20896	8	FFC
660	20896	20897	8	FFC
661	20897	20898	8	FFC
662	20898	20899	8	FFC
663	20899	20900	8	FFC
664	20900	20901	8	FFC
665	20901	20902	8	FFC
666	20902	20903	8	FFC
667	20903	20904	8	FFC
668	20924	20925	8	FFC
669	20925	20926	8	FFC
670	20926	20927	8	FFC
671	20927	20928	8	FFC
672	20928	20929	8	FFC
673	20929	20930	8	FFC
674	20930	20931	8	FFC
675	20931	20932	8	FFC
676	20932	20933	8	FFC
677	20952	20953	8	FFC
678	20953	20954	8	FFC
679	20954	20955	8	FFC
680	20955	20956	8	FFC
681	20956	20957	8	FFC
682	20957	20958	8	FFC
683	20958	20959	8	FFC
684	20959	20960	8	FFC
685	20960	20961	8	FFC
686	20979	20980	8	FFC
687	20980	20981	8	FFC
688	20981	20982	8	FFC
689	20982	20983	8	FFC
690	20983	20984	8	FFC
691	20984	20985	8	FFC
692	20985	20986	8	FFC
693	20986	20987	8	FFC
694	20987	20988	8	FFC
695	21005	21006	8	FFC
696	21006	21007	8	FFC
697	21007	21008	8	FFC
698	21008	21009	8	FFC
699	21009	21010	8	FFC
700	21010	21011	8	FFC
701	21011	21012	8	FFC
702	21012	21013	8	FFC
703	21013	21014	8	FFC
704	21029	21030	9	VVC
705	21030	21031	9	VVC
706	21031	21032	8	FFC
707	21032	21033	8	FFC
708	21033	21034	8	FFC
709	21034	21035	8	FFC
710	21035	21036	8	FFC
711	21036	21037	8	FFC
712	21037	21038	8	FFC
713	21038	21039	8	FFC
714	21052	21053	9	VVC
715	21053	21054	9	VVC
716	21054	21055	9	VVC
717	21055	21056	9	VVC
718	21056	21057	9	VVC
719	21057	21058	9	VVC
720	21058	21059	9	VVC
721	21059	21060	9	VVC
722	21060	21061	8	FFC
723	21061	21062	8	FFC
724	21062	21063	8	FFC
725	21074	21075	9	VVC
726	21075	21076	9	VVC
727	21076	21077	9	VVC
728	21077	21078	9	VVC
729	21078	21079	9	VVC
730	21079	21080	9	VVC
731	21080	21081	9	VVC
732	21081	21082	9	VVC
733	21082	21083	9	VVC
734	21083	21084	9	VVC
735	21084	21085	9	VVC
736	21085	21086	9	VVC
737	21096	21097	9	VVC
738	21097	21098	9	VVC
739	21098	21099	9	VVC
740	21099	21100	9	VVC
741	21100	21101	9	VVC
742	21101	21102	9	VVC
743	21102	21103	9	VVC
744	21103	21104	9	VVC
745	21104	21105	9	VVC
746	21105	21106	9	VVC
747	21106	21107	9	VVC
748	21107	21108	9	VVC
749	21118	21119	9	VVC
750	21119	21120	9	VVC
751	21120	21121	9	VVC
752	21121	21122	9	VVC
753	21122	21123	9	VVC
754	21123	21124	9	VVC
755	21124	21125	9	VVC
756	21125	21126	9	VVC
757	21126	21127	9	VVC
758	21127	21128	9	VVC
759	21128	21129	9	VVC
760	21139	21140	9	VVC
761	21140	21141	9	VVC
762	21141	21142	9	VVC
763	21142	21143	9	VVC
764	21143	21144	9	VVC
765	21144	21145	9	VVC
766	21145	21146	9	VVC
767	21146	21147	9	VVC
768	21147	21148	9	VVC
769	21148	21149	9	VVC
770	21159	21160	9	VVC
771	21160	21161	9	VVC
772	21161	21162	9	VVC
773	21162	21163	9	VVC
774	21163	21164	9	VVC
775	21164	21165	9	VVC
776	21165	21166	9	VVC
777	21166	21167	9	VVC
778	21167	21168	9	VVC
779	21178	21179	9	VVC
780	21179	21180	9	VVC
781	21180	21181	9	VVC
782	21181	21182	9	VVC
783	21182	21183	9	VVC
784	21183	21184	9	VVC
785	21184	21185	9	VVC
786	21185	21186	9	VVC
787	21197	21198	9	VVC
788	21198	21199	9	VVC
789	21199	21200	9	VVC
790	21200	21201	9	VVC
791	21201	21202	9	VVC
792	21202	21203	9	VVC
793	21214	21215	9	VVC
794	21215	21216	9	VVC
795	21216	21217	9	VVC
796	21217	21218	9	VVC
797	21218	21219	9	VVC
798	21229	21230	9	VVC
799	21230	21231	9	VVC
800	21231	21232	9	VVC
801	21232	21233	9	VVC
802	21233	21234	9	VVC
803	21244	21245	9	VVC
804	21245	21246	9	VVC
805	21246	21247	6	VMV
806	21247	21248	6	VMV
807	21258	21259	6	VMV
808	21259	21260	6	VMV
809	21260	21261	6	VMV
810	21270	21271	6	VMV
811	21271	21272	6	VMV
812	21272	21273	6	VMV
813	21281	21282	6	VMV
814	21282	21283	6	VMV
815	21283	21284	6	VMV
816	21291	21292	6	VMV
817	21292	21293	6	VMV
818	21293	21294	6	VMV
819	21300	21301	6	VMV
820	21301	21302	6	VMV
821	21302	21303	6	VMV
822	21308	21309	6	VMV
823	21309	21310	6	VMV
824	21310	21311	6	VMV
825	21315	21316	6	VMV
826	21316	21317	6	VMV
827	21317	21318	6	VMV
828	21321	21322	6	VMV
829	21322	21323	6	VMV
830	21323	21324	6	VMV
831	21325	21326	6	VMV
832	21326	21327	6	VMV
833	21327	21328	6	VMV
834	21328	21329	6	VMV
835	21329	21330	6	VMV
836	21330	21331	6	VMV
837	21331	21332	6	VMV
838	21332	21333	6	VMV
839	21333	21334	6	VMV
840	21334	21335	6	VMV
841	21335	21336	6	VMV
842	21336	21337	6	VMV
843	21337	21338	6	VMV
844	21338	21339	6	VMV
845	21339	21340	3	V3
846	21340	21341	3	V3
847	21341	21342	3	V3
848	21342	21343	3	V3
849	21343	21344	3	V3
850	21344	21345	3	V3
851	21345	21346	2	V2
852	21346	21347	2	V2
853	21347	21348	2	V2
854	21348	21349	2	V2
855	21349	21350	2	V2
856	21350	21351	2	V2
857	21351	21352	2	V2
858	21352	21353	2	V2
859	21353	21354	1	V1
860	21354	21355	1	V1
861	21355	21356	1	V1
862	21356	21357	1	V1
863	21357	21358	1	V1
864	21358	21359	1	V1
865	21359	21360	1	V1
866	21360	21361	1	V1
867	21361	21362	1	V1
868	21362	21363	1	V1
869	21363	21364	1	V1
870	21364	21365	1	V1
871	21365	21366	1	V1
872	21366	21367	1	V1
873	21367	21368	1	V1
874	21368	21369	1	V1
875	21369	21370	1	V1
876	21370	21371	1	V1
877	21371	21372	1	V1
878	21372	21373	1	V1
879	21373	21374	2	V2
880	21374	21375	2	V2
881	21375	21376	2	V2
882	21376	21377	2	V2
883	21377	21378	2	V2
884	21378	21379	2	V2
885	21379	21380	2	V2
886	21380	21381	2	V2
887	21381	21382	2	V2
888	21382	21383	2	V2
889	21383	21384	2	V2
890	21384	21385	2	V2
891	21385	21386	3	V3
892	21386	21387	3	V3
893	21387	21388	3	V3
894	21388	21389	3	V3
895	21389	21390	3	V3
896	21390	21391	3	V3
897	21391	21392	6	VMV
898	21392	21393	6	VMV
899	21393	21394	6	VMV
900	21394	21395	6	VMV
901	21416	21417	4	V4
902	21417	21418	4	V4
903	21418	21419	4	V4
904	21419	21420	4	V4
905	21420	21421	4	V4
906	21421	21422	4	V4
907	21422	21423	4	V4
908	21423	21424	10	LO
909	21424	21425	10	LO
910	21425	21426	10	LO
911	21426	21427	10	LO
912	21427	21428	4	V4
913	21428	21429	4	V4
914	21429	21430	4	V4
915	21430	21431	4	V4
916	21431	21432	4	V4
917	21432	21433	4	V4
918	21433	21434	4	V4
919	21434	21435	4	V4
920	21435	21436	4	V4
921	21436	21437	4	V4
922	21437	21438	4	V4
923	21438	21439	3	V3
924	21439	21440	3	V3
925	21440	21441	3	V3
926	21441	21442	3	V3
927	21442	21443	3	V3
928	21443	21444	3	V3
929	21444	21445	3	V3
930	21445	21446	3	V3
931	21446	21447	3	V3
932	21447	21448	3	V3
933	21448	21449	3	V3
934	21449	21450	3	V3
935	21470	21471	4	V4
936	21471	21472	4	V4
937	21472	21473	4	V4
938	21473	21474	4	V4
939	21474	21475	4	V4
940	21475	21476	4	V4
941	21476	21477	10	LO
942	21477	21478	10	LO
943	21478	21479	10	LO
944	21479	21480	10	LO
945	21480	21481	10	LO
946	21481	21482	4	V4
947	21482	21483	4	V4
948	21483	21484	4	V4
949	21484	21485	4	V4
950	21485	21486	4	V4
951	21486	21487	4	V4
952	21487	21488	4	V4
953	21488	21489	4	V4
954	21489	21490	4	V4
955	21490	21491	3	V3
956	21491	21492	3	V3
957	21492	21493	3	V3
958	21493	21494	3	V3
959	21494	21495	3	V3
960	21495	21496	3	V3
961	21496	21497	3	V3
962	21497	21498	3	V3
963	21498	21499	3	V3
964	21499	21500	3	V3
965	21500	21501	3	V3
966	21501	21502	3	V3
967	21502	21503	3	V3
968	21503	21504	3	V3
969	21523	21524	4	V4
970	21524	21525	4	V4
971	21525	21526	4	V4
972	21526	21527	4	V4
973	21527	21528	4	V4
974	21528	21529	4	V4
975	21529	21530	10	LO
976	21530	21531	10	LO
977	21531	21532	10	LO
978	21532	21533	10	LO
979	21533	21534	4	V4
980	21534	21535	4	V4
981	21535	21536	4	V4
982	21536	21537	4	V4
983	21537	21538	4	V4
984	21538	21539	4	V4
985	21539	21540	4	V4
986	21540	21541	4	V4
987	21541	21542	3	V3
988	21542	21543	3	V3
989	21543	21544	3	V3
990	21544	21545	3	V3
991	21545	21546	3	V3
992	21546	21547	3	V3
993	21547	21548	3	V3
994	21548	21549	3	V3
995	21549	21550	3	V3
996	21550	21551	3	V3
997	21551	21552	3	V3
998	21552	21553	3	V3
999	21553	21554	3	V3
1000	21554	21555	3	V3
1001	21555	21556	3	V3
1002	21556	21557	3	V3
1003	21576	21577	4	V4
1004	21577	21578	4	V4
1005	21578	21579	4	V4
1006	21579	21580	4	V4
1007	21580	21581	10	LO
1008	21581	21582	10	LO
1009	21582	21583	10	LO
1010	21583	21584	10	LO
1011	21584	21585	10	LO
1012	21585	21586	4	V4
1013	21586	21587	4	V4
1014	21587	21588	4	V4
1015	21588	21589	4	V4
1016	21589	21590	4	V4
1017	21590	21591	4	V4
1018	21591	21592	4	V4
1019	21592	21593	3	V3
1020	21593	21594	3	V3
1021	21594	21595	3	V3
1022	21595	21596	3	V3
1023	21596	21597	3	V3
1024	21597	21598	3	V3
1025	21598	21599	3	V3
1026	21599	21600	3	V3
1027	21600	21601	3	V3
1028	21601	21602	3	V3
1029	21602	21603	3	V3
1030	21603	21604	3	V3
1031	21604	21605	3	V3
1032	21605	21606	3	V3
1033	21606	21607	3	V3
1034	21607	21608	3	V3
1035	21608	21609	3	V3
1036	21627	21628	4	V4
1037	21628	21629	4	V4
1038	21629	21630	4	V4
1039	21630	21631	10	LO
1040	21631	21632	10	LO
1041	21632	21633	10	LO
1042	21633	21634	10	LO
1043	21634	21635	10	LO
1044	21635	21636	10	LO
1045	21636	21637	10	LO
1046	21637	21638	4	V4
1047	21638	21639	4	V4
1048	21639	21640	4	V4
1049	21640	21641	4	V4
1050	21641	21642	4	V4
1051	21642	21643	3	V3
1052	21643	21644	3	V3
1053	21644	21645	3	V3
1054	21645	21646	3	V3
1055	21646	21647	3	V3
1056	21647	21648	3	V3
1057	21648	21649	3	V3
1058	21649	21650	3	V3
1059	21650	21651	3	V3
1060	21651	21652	3	V3
1061	21652	21653	2	V2
1062	21653	21654	2	V2
1063	21654	21655	2	V2
1064	21655	21656	2	V2
1065	21656	21657	3	V3
1066	21657	21658	3	V3
1067	21658	21659	3	V3
1068	21659	21660	3	V3
1069	21678	21679	4	V4
1070	21679	21680	4	V4
1071	21680	21681	10	LO
1072	21681	21682	10	LO
1073	21682	21683	10	LO
1074	21683	21684	10	LO
1075	21684	21685	10	LO
1076	21685	21686	10	LO
1077	21686	21687	4	V4
1078	21687	21688	4	V4
1079	21688	21689	4	V4
1080	21689	21690	4	V4
1081	21690	21691	4	V4
1082	21691	21692	3	V3
1083	21692	21693	3	V3
1084	21693	21694	3	V3
1085	21694	21695	3	V3
1086	21695	21696	3	V3
1087	21696	21697	3	V3
1088	21697	21698	3	V3
1089	21698	21699	3	V3
1090	21699	21700	3	V3
1091	21700	21701	2	V2
1092	21701	21702	2	V2
1093	21702	21703	2	V2
1094	21703	21704	2	V2
1095	21704	21705	2	V2
1096	21705	21706	2	V2
1097	21706	21707	2	V2
1098	21707	21708	2	V2
1099	21708	21709	2	V2
1100	21709	21710	3	V3
1101	21727	21728	4	V4
1102	21728	21729	10	LO
1103	21729	21730	10	LO
1104	21730	21731	10	LO
1105	21731	21732	10	LO
1106	21732	21733	10	LO
1107	21733	21734	10	LO
1108	21734	21735	10	LO
1109	21735	21736	4	V4
1110	21736	21737	4	V4
1111	21737	21738	4	V4
1112	21738	21739	4	V4
1113	21739	21740	4	V4
1114	21740	21741	3	V3
1115	21741	21742	3	V3
1116	21742	21743	3	V3
1117	21743	21744	3	V3
1118	21744	21745	3	V3
1119	21745	21746	3	V3
1120	21746	21747	3	V3
1121	21747	21748	2	V2
1122	21748	21749	2	V2
1123	21749	21750	2	V2
1124	21750	21751	2	V2
1125	21751	21752	2	V2
1126	21752	21753	2	V2
1127	21753	21754	2	V2
1128	21754	21755	2	V2
1129	21755	21756	2	V2
1130	21756	21757	2	V2
1131	21757	21758	2	V2
1132	21758	21759	2	V2
1133	21776	21777	10	LO
1134	21777	21778	10	LO
1135	21778	21779	10	LO
1136	21779	21780	10	LO
1137	21780	21781	10	LO
1138	21781	21782	10	LO
1139	21782	21783	10	LO
1140	21783	21784	4	V4
1141	21784	21785	4	V4
1142	21785	21786	4	V4
1143	21786	21787	4	V4
1144	21787	21788	4	V4
1145	21788	21789	3	V3
1146	21789	21790	3	V3
1147	21790	21791	3	V3
1148	21791	21792	3	V3
1149	21792	21793	3	V3
1150	21793	21794	3	V3
1151	21794	21795	2	V2
1152	21795	21796	2	V2
1153	21796	21797	2	V2
1154	21797	21798	2	V2
1155	21798	21799	2	V2
1156	21799	21800	2	V2
1157	21800	21801	2	V2
1158	21801	21802	2	V2
1159	21802	21803	2	V2
1160	21803	21804	2	V2
1161	21804	21805	2	V2
1162	21805	21806	2	V2
1163	21806	21807	2	V2
1164	21824	21825	10	LO
1165	21825	21826	10	LO
1166	21826	21827	10	LO
1167	21827	21828	10	LO
1168	21828	21829	10	LO
1169	21829	21830	10	LO
1170	21830	21831	4	V4
1171	21831	21832	4	V4
1172	21832	21833	4	V4
1173	21833	21834	4	V4
1174	21834	21835	4	V4
1175	21835	21836	3	V3
1176	21836	21837	3	V3
1177	21837	21838	3	V3
1178	21838	21839	3	V3
1179	21839	21840	3	V3
1180	21840	21841	2	V2
1181	21841	21842	2	V2
1182	21842	21843	2	V2
1183	21843	21844	2	V2
1184	21844	21845	2	V2
1185	21845	21846	2	V2
1186	21846	21847	2	V2
1187	21847	21848	2	V2
1188	21848	21849	2	V2
1189	21849	21850	2	V2
1190	21850	21851	2	V2
1191	21851	21852	2	V2
1192	21852	21853	2	V2
1193	21853	21854	2	V2
1194	21870	21871	10	LO
1195	21871	21872	10	LO
1196	21872	21873	10	LO
1197	21873	21874	10	LO
1198	21874	21875	10	LO
1199	21875	21876	7	PIT
1200	21876	21877	4	V4
1201	21877	21878	4	V4
1202	21878	21879	4	V4
1203	21879	21880	4	V4
1204	21880	21881	3	V3
1205	21881	21882	3	V3
1206	21882	21883	3	V3
1207	21883	21884	3	V3
1208	21884	21885	2	V2
1209	21885	21886	2	V2
1210	21886	21887	1	V1
1211	21887	21888	1	V1
1212	21888	21889	1	V1
1213	21889	21890	1	V1
1214	21890	21891	1	V1
1215	21891	21892	1	V1
1216	21892	21893	2	V2
1217	21893	21894	2	V2
1218	21894	21895	2	V2
1219	21895	21896	2	V2
1220	21896	21897	2	V2
1221	21897	21898	2	V2
1222	21898	21899	2	V2
1223	21899	21900	2	V2
1224	21916	21917	7	PIT
1225	21917	21918	7	PIT
1226	21918	21919	7	PIT
1227	21919	21920	7	PIT
1228	21920	21921	7	PIT
1229	21921	21922	7	PIT
1230	21922	21923	4	V4
1231	21923	21924	4	V4
1232	21924	21925	4	V4
1233	21925	21926	4	V4
1234	21926	21927	3	V3
1235	21927	21928	3	V3
1236	21928	21929	2	V2
1237	21929	21930	2	V2
1238	21930	21931	2	V2
1239	21931	21932	1	V1
1240	21932	21933	1	V1
1241	21933	21934	1	V1
1242	21934	21935	1	V1
1243	21935	21936	1	V1
1244	21936	21937	1	V1
1245	21937	21938	1	V1
1246	21938	21939	1	V1
1247	21939	21940	2	V2
1248	21940	21941	2	V2
1249	21941	21942	2	V2
1250	21942	21943	2	V2
1251	21943	21944	2	V2
1252	21944	21945	2	V2
1253	21960	21961	7	PIT
1254	21961	21962	7	PIT
1255	21962	21963	7	PIT
1256	21963	21964	7	PIT
1257	21964	21965	7	PIT
1258	21965	21966	7	PIT
1259	21966	21967	4	V4
1260	21967	21968	4	V4
1261	21968	21969	4	V4
1262	21969	21970	4	V4
1263	21970	21971	3	V3
1264	21971	21972	3	V3
1265	21972	21973	2	V2
1266	21973	21974	2	V2
1267	21974	21975	1	V1
1268	21975	21976	1	V1
1269	21976	21977	1	V1
1270	21977	21978	1	V1
1271	21978	21979	1	V1
1272	21979	21980	1	V1
1273	21980	21981	1	V1
1274	21981	21982	1	V1
1275	21982	21983	1	V1
1276	21983	21984	1	V1
1277	21984	21985	1	V1
1278	21985	21986	1	V1
1279	21986	21987	2	V2
1280	21987	21988	2	V2
1281	21988	21989	2	V2
1282	22003	22004	7	PIT
1283	22004	22005	7	PIT
1284	22005	22006	7	PIT
1285	22006	22007	7	PIT
1286	22007	22008	7	PIT
1287	22008	22009	7	PIT
1288	22009	22010	4	V4
1289	22010	22011	4	V4
1290	22011	22012	4	V4
1291	22012	22013	4	V4
1292	22013	22014	3	V3
1293	22014	22015	3	V3
1294	22015	22016	2	V2
1295	22016	22017	2	V2
1296	22017	22018	1	V1
1297	22018	22019	1	V1
1298	22019	22020	1	V1
1299	22020	22021	1	V1
1300	22021	22022	1	V1
1301	22022	22023	1	V1
1302	22023	22024	1	V1
1303	22024	22025	1	V1
1304	22025	22026	1	V1
1305	22026	22027	1	V1
1306	22027	22028	1	V1
1307	22028	22029	1	V1
1308	22029	22030	1	V1
1309	22030	22031	1	V1
1310	22031	22032	2	V2
1311	22045	22046	7	PIT
1312	22046	22047	7	PIT
1313	22047	22048	7	PIT
1314	22048	22049	7	PIT
1315	22049	22050	7	PIT
1316	22050	22051	7	PIT
1317	22051	22052	7	PIT
1318	22052	22053	4	V4
1319	22053	22054	4	V4
1320	22054	22055	4	V4
1321	22055	22056	3	V3
1322	22056	22057	3	V3
1323	22057	22058	2	V2
1324	22058	22059	2	V2
1325	22059	22060	2	V2
1326	22060	22061	1	V1
1327	22061	22062	1	V1
1328	22062	22063	1	V1
1329	22063	22064	1	V1
1330	22064	22065	1	V1
1331	22065	22066	1	V1
1332	22066	22067	1	V1
1333	22067	22068	1	V1
1334	22068	22069	1	V1
1335	22069	22070	1	V1
1336	22070	22071	1	V1
1337	22071	22072	1	V1
1338	22072	22073	1	V1
1339	22073	22074	1	V1
1340	22087	22088	7	PIT
1341	22088	22089	7	PIT
1342	22089	22090	7	PIT
1343	22090	22091	7	PIT
1344	22091	22092	7	PIT
1345	22092	22093	7	PIT
1346	22093	22094	4	V4
1347	22094	22095	4	V4
1348	22095	22096	4	V4
1349	22096	22097	4	V4
1350	22097	22098	3	V3
1351	22098	22099	3	V3
1352	22099	22100	2	V2
1353	22100	22101	2	V2
1354	22101	22102	1	V1
1355	22102	22103	1	V1
1356	22103	22104	1	V1
1357	22104	22105	1	V1
1358	22105	22106	1	V1
1359	22106	22107	1	V1
1360	22107	22108	1	V1
1361	22108	22109	1	V1
1362	22109	22110	1	V1
1363	22110	22111	1	V1
1364	22111	22112	1	V1
1365	22112	22113	1	V1
1366	22113	22114	1	V1
1367	22114	22115	1	V1
1368	22127	22128	7	PIT
1369	22128	22129	7	PIT
1370	22129	22130	7	PIT
1371	22130	22131	7	PIT
1372	22131	22132	7	PIT
1373	22132	22133	7	PIT
1374	22133	22134	4	V4
1375	22134	22135	4	V4
1376	22135	22136	4	V4
1377	22136	22137	4	V4
1378	22137	22138	3	V3
1379	22138	22139	3	V3
1380	22139	22140	2	V2
1381	22140	22141	2	V2
1382	22141	22142	1	V1
1383	22142	22143	1	V1
1384	22143	22144	1	V1
1385	22144	22145	1	V1
1386	22145	22146	1	V1
1387	22146	22147	1	V1
1388	22147	22148	1	V1
1389	22148	22149	1	V1
1390	22149	22150	1	V1
1391	22150	22151	1	V1
1392	22151	22152	1	V1
1393	22152	22153	1	V1
1394	22153	22154	1	V1
1395	22154	22155	1	V1
1396	22166	22167	7	PIT
1397	22167	22168	7	PIT
1398	22168	22169	7	PIT
1399	22169	22170	7	PIT
1400	22170	22171	7	PIT
1401	22171	22172	7	PIT
1402	22172	22173	4	V4
1403	22173	22174	4	V4
1404	22174	22175	4	V4
1405	22175	22176	4	V4
1406	22176	22177	4	V4
1407	22177	22178	3	V3
1408	22178	22179	2	V2
1409	22179	22180	2	V2
1410	22180	22181	2	V2
1411	22181	22182	1	V1
1412	22182	22183	1	V1
1413	22183	22184	1	V1
1414	22184	22185	1	V1
1415	22185	22186	1	V1
1416	22186	22187	1	V1
1417	22187	22188	1	V1
1418	22188	22189	1	V1
1419	22189	22190	1	V1
1420	22190	22191	1	V1
1421	22191	22192	1	V1
1422	22192	22193	1	V1
1423	22193	22194	1	V1
1424	22204	22205	8	FFC
1425	22205	22206	7	PIT
1426	22206	22207	7	PIT
1427	22207	22208	7	PIT
1428	22208	22209	7	PIT
1429	22209	22210	7	PIT
1430	22210	22211	4	V4
1431	22211	22212	4	V4
1432	22212	22213	4	V4
1433	22213	22214	4	V4
1434	22214	22215	4	V4
1435	22215	22216	3	V3
1436	22216	22217	3	V3
1437	22217	22218	2	V2
1438	22218	22219	2	V2
1439	22219	22220	2	V2
1440	22220	22221	1	V1
1441	22221	22222	1	V1
1442	22222	22223	1	V1
1443	22223	22224	1	V1
1444	22224	22225	1	V1
1445	22225	22226	1	V1
1446	22226	22227	1	V1
1447	22227	22228	1	V1
1448	22228	22229	1	V1
1449	22229	22230	1	V1
1450	22230	22231	1	V1
1451	22231	22232	1	V1
1452	22240	22241	8	FFC
1453	22241	22242	8	FFC
1454	22242	22243	7	PIT
1455	22243	22244	7	PIT
1456	22244	22245	7	PIT
1457	22245	22246	7	PIT
1458	22246	22247	7	PIT
1459	22247	22248	4	V4
1460	22248	22249	4	V4
1461	22249	22250	4	V4
1462	22250	22251	4	V4
1463	22251	22252	4	V4
1464	22252	22253	3	V3
1465	22253	22254	3	V3
1466	22254	22255	2	V2
1467	22255	22256	2	V2
1468	22256	22257	2	V2
1469	22257	22258	2	V2
1470	22258	22259	1	V1
1471	22259	22260	1	V1
1472	22260	22261	1	V1
1473	22261	22262	1	V1
1474	22262	22263	1	V1
1475	22263	22264	1	V1
1476	22264	22265	1	V1
1477	22265	22266	1	V1
1478	22266	22267	1	V1
1479	22267	22268	1	V1
1480	22268	22269	1	V1
1481	22275	22276	8	FFC
1482	22276	22277	8	FFC
1483	22277	22278	8	FFC
1484	22278	22279	8	FFC
1485	22279	22280	8	FFC
1486	22280	22281	7	PIT
1487	22281	22282	7	PIT
1488	22282	22283	7	PIT
1489	22283	22284	4	V4
1490	22284	22285	4	V4
1491	22285	22286	4	V4
1492	22286	22287	4	V4
1493	22287	22288	4	V4
1494	22288	22289	4	V4
1495	22289	22290	3	V3
1496	22290	22291	3	V3
1497	22291	22292	2	V2
1498	22292	22293	2	V2
1499	22293	22294	2	V2
1500	22294	22295	2	V2
1501	22295	22296	1	V1
1502	22296	22297	1	V1
1503	22297	22298	1	V1
1504	22298	22299	1	V1
1505	22299	22300	1	V1
1506	22300	22301	1	V1
1507	22301	22302	1	V1
1508	22302	22303	1	V1
1509	22303	22304	1	V1
1510	22304	22305	1	V1
1511	22310	22311	8	FFC
1512	22311	22312	8	FFC
1513	22312	22313	8	FFC
1514	22313	22314	8	FFC
1515	22314	22315	8	FFC
1516	22315	22316	7	PIT
1517	22316	22317	7	PIT
1518	22317	22318	7	PIT
1519	22318	22319	4	V4
1520	22319	22320	4	V4
1521	22320	22321	4	V4
1522	22321	22322	4	V4
1523	22322	22323	4	V4
1524	22323	22324	4	V4
1525	22324	22325	3	V3
1526	22325	22326	3	V3
1527	22326	22327	2	V2
1528	22327	22328	2	V2
1529	22328	22329	2	V2
1530	22329	22330	2	V2
1531	22330	22331	2	V2
1532	22331	22332	1	V1
1533	22332	22333	1	V1
1534	22333	22334	1	V1
1535	22334	22335	1	V1
1536	22335	22336	1	V1
1537	22336	22337	1	V1
1538	22337	22338	1	V1
1539	22338	22339	1	V1
1540	22339	22340	1	V1
1541	22342	22343	8	FFC
1542	22343	22344	8	FFC
1543	22344	22345	8	FFC
1544	22345	22346	8	FFC
1545	22346	22347	8	FFC
1546	22347	22348	8	FFC
1547	22348	22349	8	FFC
1548	22349	22350	8	FFC
1549	22350	22351	7	PIT
1550	22351	22352	7	PIT
1551	22352	22353	4	V4
1552	22353	22354	4	V4
1553	22354	22355	4	V4
1554	22355	22356	4	V4
1555	22356	22357	4	V4
1556	22357	22358	4	V4
1557	22358	22359	3	V3
1558	22359	22360	3	V3
1559	22360	22361	3	V3
1560	22361	22362	2	V2
1561	22362	22363	2	V2
1562	22363	22364	2	V2
1563	22364	22365	2	V2
1564	22365	22366	2	V2
1565	22366	22367	1	V1
1566	22367	22368	1	V1
1567	22368	22369	1	V1
1568	22369	22370	1	V1
1569	22370	22371	1	V1
1570	22371	22372	1	V1
1571	22372	22373	1	V1
1572	22373	22374	1	V1
1573	22374	22375	8	FFC
1574	22375	22376	8	FFC
1575	22376	22377	8	FFC
1576	22377	22378	8	FFC
1577	22378	22379	8	FFC
1578	22379	22380	8	FFC
1579	22380	22381	8	FFC
1580	22381	22382	8	FFC
1581	22382	22383	8	FFC
1582	22383	22384	8	FFC
1583	22384	22385	5	V8
1584	22385	22386	5	V8
1585	22386	22387	4	V4
1586	22387	22388	4	V4
1587	22388	22389	4	V4
1588	22389	22390	4	V4
1589	22390	22391	4	V4
1590	22391	22392	4	V4
1591	22392	22393	3	V3
1592	22393	22394	3	V3
1593	22394	22395	2	V2
1594	22395	22396	2	V2
1595	22396	22397	2	V2
1596	22397	22398	2	V2
1597	22398	22399	2	V2
1598	22399	22400	2	V2
1599	22400	22401	1	V1
1600	22401	22402	1	V1
1601	22402	22403	1	V1
1602	22403	22404	1	V1
1603	22404	22405	1	V1
1604	22405	22406	1	V1
1605	22406	22407	1	V1
1606	22407	22408	8	FFC
1607	22408	22409	8	FFC
1608	22409	22410	8	FFC
1609	22410	22411	8	FFC
1610	22411	22412	8	FFC
1611	22412	22413	8	FFC
1612	22413	22414	8	FFC
1613	22414	22415	8	FFC
1614	22415	22416	8	FFC
1615	22416	22417	5	V8
1616	22417	22418	5	V8
1617	22418	22419	5	V8
1618	22419	22420	4	V4
1619	22420	22421	4	V4
1620	22421	22422	4	V4
1621	22422	22423	4	V4
1622	22423	22424	4	V4
1623	22424	22425	3	V3
1624	22425	22426	3	V3
1625	22426	22427	3	V3
1626	22427	22428	2	V2
1627	22428	22429	2	V2
1628	22429	22430	2	V2
1629	22430	22431	2	V2
1630	22431	22432	2	V2
1631	22432	22433	1	V1
1632	22433	22434	1	V1
1633	22434	22435	1	V1
1634	22435	22436	1	V1
1635	22436	22437	1	V1
1636	22437	22438	1	V1
1637	22438	22439	1	V1
1638	22439	22440	8	FFC
1639	22440	22441	8	FFC
1640	22441	22442	8	FFC
1641	22442	22443	8	FFC
1642	22443	22444	8	FFC
1643	22444	22445	8	FFC
1644	22445	22446	8	FFC
1645	22446	22447	8	FFC
1646	22447	22448	5	V8
1647	22448	22449	5	V8
1648	22449	22450	5	V8
1649	22450	22451	4	V4
1650	22451	22452	4	V4
1651	22452	22453	4	V4
1652	22453	22454	4	V4
1653	22454	22455	4	V4
1654	22455	22456	4	V4
1655	22456	22457	3	V3
1656	22457	22458	3	V3
1657	22458	22459	2	V2
1658	22459	22460	2	V2
1659	22460	22461	2	V2
1660	22461	22462	2	V2
1661	22462	22463	2	V2
1662	22463	22464	2	V2
1663	22464	22465	1	V1
1664	22465	22466	1	V1
1665	22466	22467	1	V1
1666	22467	22468	1	V1
1667	22468	22469	1	V1
1668	22469	22470	1	V1
1669	22470	22471	8	FFC
1670	22471	22472	8	FFC
1671	22472	22473	8	FFC
1672	22473	22474	8	FFC
1673	22474	22475	8	FFC
1674	22475	22476	8	FFC
1675	22476	22477	8	FFC
1676	22477	22478	5	V8
1677	22478	22479	5	V8
1678	22479	22480	5	V8
1679	22480	22481	5	V8
1680	22481	22482	4	V4
1681	22482	22483	4	V4
1682	22483	22484	4	V4
1683	22484	22485	4	V4
1684	22485	22486	4	V4
1685	22486	22487	3	V3
1686	22487	22488	3	V3
1687	22488	22489	3	V3
1688	22489	22490	2	V2
1689	22490	22491	2	V2
1690	22491	22492	2	V2
1691	22492	22493	2	V2
1692	22493	22494	2	V2
1693	22494	22495	1	V1
1694	22495	22496	1	V1
1695	22496	22497	1	V1
1696	22497	22498	1	V1
1697	22498	22499	1	V1
1698	22499	22500	1	V1
1699	22500	22501	8	FFC
1700	22501	22502	8	FFC
1701	22502	22503	8	FFC
1702	22503	22504	8	FFC
1703	22504	22505	8	FFC
1704	22505	22506	8	FFC
1705	22506	22507	5	V8
1706	22507	22508	5	V8
1707	22508	22509	5	V8
1708	22509	22510	5	V8
1709	22510	22511	4	V4
1710	22511	22512	4	V4
1711	22512	22513	4	V4
1712	22513	22514	4	V4
1713	22514	22515	4	V4
1714	22515	22516	4	V4
1715	22516	22517	3	V3
1716	22517	22518	3	V3
1717	22518	22519	2	V2
1718	22519	22520	2	V2
1719	22520	22521	2	V2
1720	22521	22522	2	V2
1721	22522	22523	2	V2
1722	22523	22524	2	V2
1723	22524	22525	1	V1
1724	22525	22526	1	V1
1725	22526	22527	1	V1
1726	22527	22528	1	V1
1727	22528	22529	1	V1
1728	22529	22530	8	FFC
1729	22530	22531	8	FFC
1730	22531	22532	8	FFC
1731	22532	22533	8	FFC
1732	22533	22534	8	FFC
1733	22534	22535	8	FFC
1734	22535	22536	5	V8
1735	22536	22537	5	V8
1736	22537	22538	5	V8
1737	22538	22539	5	V8
1738	22539	22540	4	V4
1739	22540	22541	4	V4
1740	22541	22542	4	V4
1741	22542	22543	4	V4
1742	22543	22544	4	V4
1743	22544	22545	4	V4
1744	22545	22546	3	V3
1745	22546	22547	3	V3
1746	22547	22548	2	V2
1747	22548	22549	2	V2
1748	22549	22550	2	V2
1749	22550	22551	2	V2
1750	22551	22552	2	V2
1751	22552	22553	1	V1
1752	22553	22554	1	V1
1753	22554	22555	1	V1
1754	22555	22556	1	V1
1755	22556	22557	1	V1
1756	22557	22558	8	FFC
1757	22558	22559	8	FFC
1758	22559	22560	8	FFC
1759	22560	22561	8	FFC
1760	22561	22562	8	FFC
1761	22562	22563	5	V8
1762	22563	22564	5	V8
1763	22564	22565	5	V8
1764	22565	22566	5	V8
1765	22566	22567	4	V4
1766	22567	22568	4	V4
1767	22568	22569	4	V4
1768	22569	22570	4	V4
1769	22570	22571	4	V4
1770	22571	22572	4	V4
1771	22572	22573	3	V3
1772	22573	22574	3	V3
1773	22574	22575	2	V2
1774	22575	22576	2	V2
1775	22576	22577	2	V2
1776	22577	22578	2	V2
1777	22578	22579	2	V2
1778	22579	22580	2	V2
1779	22580	22581	1	V1
1780	22581	22582	1	V1
1781	22582	22583	1	V1
1782	22583	22584	1	V1
1783	22584	22585	8	FFC
1784	22585	22586	8	FFC
1785	22586	22587	8	FFC
1786	22587	22588	9	VVC
1787	22588	22589	5	V8
1788	22589	22590	5	V8
1789	22590	22591	5	V8
1790	22591	22592	5	V8
1791	22592	22593	5	V8
1792	22593	22594	4	V4
1793	22594	22595	4	V4
1794	22595	22596	4	V4
1795	22596	22597	4	V4
1796	22597	22598	4	V4
1797	22598	22599	4	V4
1798	22599	22600	3	V3
1799	22600	22601	3	V3
1800	22601	22602	2	V2
1801	22602	22603	2	V2
1802	22603	22604	2	V2
1803	22604	22605	2	V2
1804	22605	22606	2	V2
1805	22606	22607	2	V2
1806	22607	22608	1	V1
1807	22608	22609	1	V1
1808	22609	22610	1	V1
1809	22610	22611	8	FFC
1810	22611	22612	8	FFC
1811	22612	22613	9	VVC
1812	22613	22614	9	VVC
1813	22614	22615	5	V8
1814	22615	22616	5	V8
1815	22616	22617	5	V8
1816	22617	22618	5	V8
1817	22618	22619	4	V4
1818	22619	22620	4	V4
1819	22620	22621	4	V4
1820	22621	22622	4	V4
1821	22622	22623	4	V4
1822	22623	22624	4	V4
1823	22624	22625	3	V3
1824	22625	22626	3	V3
1825	22626	22627	3	V3
1826	22627	22628	2	V2
1827	22628	22629	2	V2
1828	22629	22630	2	V2
1829	22630	22631	2	V2
1830	22631	22632	2	V2
1831	22632	22633	1	V1
1832	22633	22634	1	V1
1833	22634	22635	1	V1
1834	22635	22636	9	VVC
1835	22636	22637	9	VVC
1836	22637	22638	9	VVC
1837	22638	22639	9	VVC
1838	22639	22640	5	V8
1839	22640	22641	5	V8
1840	22641	22642	5	V8
1841	22642	22643	5	V8
1842	22643	22644	4	V4
1843	22644	22645	4	V4
1844	22645	22646	4	V4
1845	22646	22647	4	V4
1846	22647	22648	4	V4
1847	22648	22649	4	V4
1848	22649	22650	3	V3
1849	22650	22651	3	V3
1850	22651	22652	2	V2
1851	22652	22653	2	V2
1852	22653	22654	2	V2
1853	22654	22655	2	V2
1854	22655	22656	2	V2
1855	22656	22657	2	V2
1856	22657	22658	1	V1
1857	22658	22659	1	V1
1858	22659	22660	9	VVC
1859	22660	22661	9	VVC
1860	22661	22662	9	VVC
1861	22662	22663	9	VVC
1862	22663	22664	5	V8
1863	22664	22665	5	V8
1864	22665	22666	5	V8
1865	22666	22667	4	V4
1866	22667	22668	4	V4
1867	22668	22669	4	V4
1868	22669	22670	4	V4
1869	22670	22671	4	V4
1870	22671	22672	4	V4
1871	22672	22673	3	V3
1872	22673	22674	3	V3
1873	22674	22675	3	V3
1874	22675	22676	2	V2
1875	22676	22677	2	V2
1876	22677	22678	2	V2
1877	22678	22679	2	V2
1878	22679	22680	2	V2
1879	22680	22681	2	V2
1880	22681	22682	1	V1
1881	22682	22683	9	VVC
1882	22683	22684	9	VVC
1883	22684	22685	9	VVC
1884	22685	22686	9	VVC
1885	22686	22687	5	V8
1886	22687	22688	5	V8
1887	22688	22689	5	V8
1888	22689	22690	4	V4
1889	22690	22691	4	V4
1890	22691	22692	4	V4
1891	22692	22693	4	V4
1892	22693	22694	4	V4
1893	22694	22695	3	V3
1894	22695	22696	3	V3
1895	22696	22697	3	V3
1896	22697	22698	3	V3
1897	22698	22699	2	V2
1898	22699	22700	2	V2
1899	22700	22701	2	V2
1900	22701	22702	2	V2
1901	22702	22703	2	V2
1902	22703	22704	2	V2
1903	22704	22705	9	VVC
1904	22705	22706	9	VVC
1905	22706	22707	9	VVC
1906	22707	22708	5	V8
1907	22708	22709	5	V8
1908	22709	22710	5	V8
1909	22710	22711	4	V4
1910	22711	22712	4	V4
1911	22712	22713	4	V4
1912	22713	22714	4	V4
1913	22714	22715	4	V4
1914	22715	22716	4	V4
1915	22716	22717	3	V3
1916	22717	22718	3	V3
1917	22718	22719	3	V3
1918	22719	22720	2	V2
1919	22720	22721	2	V2
1920	22721	22722	2	V2
1921	22722	22723	2	V2
1922	22723	22724	2	V2
1923	22724	22725	2	V2
1924	22725	22726	9	VVC
1925	22726	22727	9	VVC
1926	22727	22728	9	VVC
1927	22728	22729	5	V8
1928	22729	22730	5	V8
1929	22730	22731	4	V4
1930	22731	22732	4	V4
1931	22732	22733	4	V4
1932	22733	22734	4	V4
1933	22734	22735	4	V4
1934	22735	22736	4	V4
1935	22736	22737	3	V3
1936	22737	22738	3	V3
1937	22738	22739	3	V3
1938	22739	22740	3	V3
1939	22740	22741	2	V2
1940	22741	22742	2	V2
1941	22742	22743	2	V2
1942	22743	22744	2	V2
1943	22744	22745	2	V2
1944	22745	22746	9	VVC
1945	22746	22747	9	VVC
1946	22747	22748	9	VVC
1947	22748	22749	5	V8
1948	22749	22750	4	V4
1949	22750	22751	4	V4
1950	22751	22752	4	V4
1951	22752	22753	4	V4
1952	22753	22754	4	V4
1953	22754	22755	4	V4
1954	22755	22756	4	V4
1955	22756	22757	3	V3
1956	22757	22758	3	V3
1957	22758	22759	3	V3
1958	22759	22760	2	V2
1959	22760	22761	2	V2
1960	22761	22762	2	V2
1961	22762	22763	2	V2
1962	22763	22764	2	V2
1963	22764	22765	9	VVC
1964	22765	22766	9	VVC
1965	22766	22767	6	VMV
1966	22767	22768	6	VMV
1967	22768	22769	4	V4
1968	22769	22770	4	V4
1969	22770	22771	4	V4
1970	22771	22772	4	V4
1971	22772	22773	4	V4
1972	22773	22774	4	V4
1973	22774	22775	3	V3
1974	22775	22776	3	V3
1975	22776	22777	3	V3
1976	22777	22778	3	V3
1977	22778	22779	2	V2
1978	22779	22780	2	V2
1979	22780	22781	2	V2
1980	22781	22782	2	V2
1981	22782	22783	9	VVC
1982	22783	22784	6	VMV
1983	22784	22785	6	VMV
1984	22785	22786	6	VMV
1985	22786	22787	4	V4
1986	22787	22788	4	V4
1987	22788	22789	4	V4
1988	22789	22790	4	V4
1989	22790	22791	4	V4
1990	22791	22792	4	V4
1991	22792	22793	3	V3
1992	22793	22794	3	V3
1993	22794	22795	3	V3
1994	22795	22796	2	V2
1995	22796	22797	2	V2
1996	22797	22798	2	V2
1997	22798	22799	2	V2
1998	22799	22800	6	VMV
1999	22800	22801	6	VMV
2000	22801	22802	6	VMV
2001	22802	22803	6	VMV
2002	22803	22804	4	V4
2003	22804	22805	4	V4
2004	22805	22806	4	V4
2005	22806	22807	4	V4
2006	22807	22808	4	V4
2007	22808	22809	3	V3
2008	22809	22810	3	V3
2009	22810	22811	3	V3
2010	22811	22812	3	V3
2011	22812	22813	2	V2
2012	22813	22814	2	V2
2013	22814	22815	2	V2
2014	22815	22816	6	VMV
2015	22816	22817	6	VMV
2016	22817	22818	6	VMV
2017	22818	22819	6	VMV
2018	22819	22820	4	V4
2019	22820	22821	4	V4
2020	22821	22822	4	V4
2021	22822	22823	4	V4
2022	22823	22824	4	V4
2023	22824	22825	3	V3
2024	22825	22826	3	V3
2025	22826	22827	3	V3
2026	22827	22828	3	V3
2027	22828	22829	2	V2
2028	22829	22830	2	V2
2029	22830	22831	6	VMV
2030	22831	22832	6	VMV
2031	22832	22833	6	VMV
2032	22833	22834	4	V4
2033	22834	22835	4	V4
2034	22835	22836	4	V4
2035	22836	22837	4	V4
2036	22837	22838	4	V4
2037	22838	22839	3	V3
2038	22839	22840	3	V3
2039	22840	22841	3	V3
2040	22841	22842	3	V3
2041	22842	22843	2	V2
2042	22843	22844	2	V2
2043	22844	22845	6	VMV
2044	22845	22846	6	VMV
2045	22846	22847	6	VMV
2046	22847	22848	4	V4
2047	22848	22849	4	V4
2048	22849	22850	4	V4
2049	22850	22851	4	V4
2050	22851	22852	4	V4
2051	22852	22853	3	V3
2052	22853	22854	3	V3
2053	22854	22855	3	V3
2054	22855	22856	3	V3
2055	22856	22857	2	V2
2056	22857	22858	6	VMV
2057	22858	22859	6	VMV
2058	22859	22860	6	VMV
2059	22860	22861	4	V4
2060	22861	22862	4	V4
2061	22862	22863	4	V4
2062	22863	22864	4	V4
2063	22864	22865	3	V3
2064	22865	22866	3	V3
2065	22866	22867	3	V3
2066	22867	22868	3	V3
2067	22868	22869	2	V2
2068	22869	22870	6	VMV
2069	22870	22871	6	VMV
2070	22871	22872	6	VMV
2071	22872	22873	4	V4
2072	22873	22874	4	V4
2073	22874	22875	4	V4
2074	22875	22876	3	V3
2075	22876	22877	3	V3
2076	22877	22878	3	V3
2077	22878	22879	3	V3
2078	22879	22880	3	V3
2079	22880	22881	6	VMV
2080	22881	22882	6	VMV
2081	22882	22883	4	V4
2082	22883	22884	4	V4
2083	22884	22885	4	V4
2084	22885	22886	4	V4
2085	22886	22887	3	V3
2086	22887	22888	3	V3
2087	22888	22889	3	V3
2088	22889	22890	3	V3
2089	22890	22891	6	VMV
2090	22891	22892	6	VMV
2091	22892	22893	4	V4
2092	22893	22894	4	V4
2093	22894	22895	4	V4
2094	22895	22896	3	V3
2095	22896	22897	3	V3
2096	22897	22898	3	V3
2097	22898	22899	3	V3
2098	22899	22900	6	VMV
2099	22900	22901	6	VMV
2100	22901	22902	4	V4
2101	22902	22903	4	V4
2102	22903	22904	4	V4
2103	22904	22905	3	V3
2104	22905	22906	3	V3
2105	22906	22907	3	V3
2106	22907	22908	6	VMV
2107	22908	22909	6	VMV
2108	22909	22910	6	VMV
2109	22910	22911	4	V4
2110	22911	22912	3	V3
2111	22912	22913	3	V3
2112	22913	22914	3	V3
2113	22914	22915	6	VMV
2114	22915	22916	6	VMV
2115	22916	22917	6	VMV
2116	22917	22918	3	V3
2117	22918	22919	3	V3
2118	22919	22920	3	V3
2119	22920	22921	6	VMV
2120	22921	22922	6	VMV
2121	22922	22923	6	VMV
2122	22923	22924	6	VMV
2123	22924	22925	3	V3
2124	22925	22926	6	VMV
2125	22926	22927	6	VMV
2126	22927	22928	6	VMV
2127	22928	22929	6	VMV
2128	22929	22930	6	VMV
2129	22930	22931	6	VMV
2130	22931	22932	6	VMV
2131	22932	22933	6	VMV
2132	22933	22934	6	VMV
2133	22934	22935	6	VMV
2134	22935	22936	6	VMV
2135	22936	22937	6	VMV
2136	22937	22938	6	VMV
2137	22938	22939	6	VMV
2138	22939	22940	3	V3
2139	22940	22941	3	V3
2140	22941	22942	3	V3
2141	22942	22943	3	V3
2142	22943	22944	2	V2
2143	22944	22945	2	V2
2144	22945	22946	2	V2
2145	22946	22947	2	V2
2146	22947	22948	2	V2
2147	22948	22949	2	V2
2148	22949	22950	2	V2
2149	22950	22951	2	V2
2150	22951	22952	2	V2
2151	22952	22953	2	V2
2152	22953	22954	2	V2
2153	22954	22955	2	V2
2154	22955	22956	1	V1
2155	22956	22957	1	V1
2156	22957	22958	1	V1
2157	22958	22959	1	V1
2158	22959	22960	1	V1
2159	22960	22961	1	V1
2160	22961	22962	1	V1
2161	22962	22963	1	V1
2162	22963	22964	1	V1
2163	22964	22965	1	V1
2164	22965	22966	1	V1
2165	22966	22967	1	V1
2166	22967	22968	1	V1
2167	22968	22969	1	V1
2168	22969	22970	1	V1
2169	22970	22971	1	V1
2170	22971	22972	1	V1
2171	22972	22973	1	V1
2172	22973	22974	1	V1
2173	22974	22975	1	V1
2174	22975	22976	1	V1
2175	22976	22977	2	V2
2176	22977	22978	2	V2
2177	22978	22979	2	V2
2178	22979	22980	2	V2
2179	22980	22981	2	V2
2180	22981	22982	2	V2
2181	22982	22983	2	V2
2182	22983	22984	2	V2
2183	22984	22985	3	V3
2184	22985	22986	3	V3
2185	22986	22987	3	V3
2186	22987	22988	3	V3
2187	22988	22989	3	V3
2188	22989	22990	3	V3
2189	22990	22991	6	VMV
2190	22991	22992	6	VMV
2191	22992	22993	6	VMV
2192	22993	22994	3	V3
2193	22994	22995	3	V3
2194	22995	22996	3	V3
2195	22996	22997	2	V2
2196	22997	22998	2	V2
2197	22998	22999	2	V2
2198	22999	23000	2	V2
2199	23000	23001	2	V2
2200	23001	23002	2	V2
2201	23002	23003	2	V2
2202	23003	23004	2	V2
2203	23004	23005	2	V2
2204	23005	23006	2	V2
2205	23006	23007	2	V2
2206	23007	23008	2	V2
2207	23008	23009	2	V2
2208	23009	23010	1	V1
2209	23010	23011	1	V1
2210	23011	23012	1	V1
2211	23012	23013	1	V1
2212	23013	23014	1	V1
2213	23014	23015	1	V1
2214	23015	23016	1	V1
2215	23016	23017	1	V1
2216	23017	23018	1	V1
2217	23018	23019	1	V1
2218	23019	23020	1	V1
2219	23020	23021	1	V1
2220	23021	23022	1	V1
2221	23022	23023	1	V1
2222	23023	23024	1	V1
2223	23024	23025	1	V1
2224	23025	23026	1	V1
2225	23026	23027	1	V1
2226	23027	23028	1	V1
2227	23028	23029	1	V1
2228	23029	23030	1	V1
2229	23030	23031	2	V2
2230	23031	23032	2	V2
2231	23032	23033	2	V2
2232	23033	23034	2	V2
2233	23034	23035	2	V2
2234	23035	23036	2	V2
2235	23036	23037	2	V2
2236	23037	23038	2	V2
2237	23038	23039	3	V3
2238	23039	23040	3	V3
2239	23040	23041	3	V3
2240	23041	23042	3	V3
2241	23042	23043	3	V3
2242	23043	23044	3	V3
2243	23044	23045	6	VMV
2244	23045	23046	6	VMV
2245	23046	23047	6	VMV
2246	23047	23048	2	V2
2247	23048	23049	2	V2
2248	23049	23050	2	V2
2249	23050	23051	2	V2
2250	23051	23052	2	V2
2251	23052	23053	2	V2
2252	23053	23054	2	V2
2253	23054	23055	2	V2
2254	23055	23056	2	V2
2255	23056	23057	2	V2
2256	23057	23058	2	V2
2257	23058	23059	2	V2
2258	23059	23060	2	V2
2259	23060	23061	2	V2
2260	23061	23062	2	V2
2261	23062	23063	1	V1
2262	23063	23064	1	V1
2263	23064	23065	1	V1
2264	23065	23066	1	V1
2265	23066	23067	1	V1
2266	23067	23068	1	V1
2267	23068	23069	1	V1
2268	23069	23070	1	V1
2269	23070	23071	1	V1
2270	23071	23072	1	V1
2271	23072	23073	1	V1
2272	23073	23074	1	V1
2273	23074	23075	1	V1
2274	23075	23076	1	V1
2275	23076	23077	1	V1
2276	23077	23078	1	V1
2277	23078	23079	1	V1
2278	23079	23080	1	V1
2279	23080	23081	1	V1
2280	23081	23082	1	V1
2281	23082	23083	1	V1
2282	23083	23084	2	V2
2283	23084	23085	2	V2
2284	23085	23086	2	V2
2285	23086	23087	2	V2
2286	23087	23088	2	V2
2287	23088	23089	2	V2
2288	23089	23090	2	V2
2289	23090	23091	2	V2
2290	23091	23092	3	V3
2291	23092	23093	3	V3
2292	23093	23094	3	V3
2293	23094	23095	3	V3
2294	23095	23096	3	V3
2295	23096	23097	3	V3
2296	23097	23098	6	VMV
2297	23098	23099	6	VMV
2298	23099	23100	2	V2
2299	23100	23101	2	V2
2300	23101	23102	2	V2
2301	23102	23103	2	V2
2302	23103	23104	2	V2
2303	23104	23105	2	V2
2304	23105	23106	2	V2
2305	23106	23107	2	V2
2306	23107	23108	2	V2
2307	23108	23109	2	V2
2308	23109	23110	2	V2
2309	23110	23111	2	V2
2310	23111	23112	2	V2
2311	23112	23113	2	V2
2312	23113	23114	1	V1
2313	23114	23115	1	V1
2314	23115	23116	1	V1
2315	23116	23117	1	V1
2316	23117	23118	1	V1
2317	23118	23119	1	V1
2318	23119	23120	1	V1
2319	23120	23121	1	V1
2320	23121	23122	1	V1
2321	23122	23123	1	V1
2322	23123	23124	1	V1
2323	23124	23125	1	V1
2324	23125	23126	1	V1
2325	23126	23127	1	V1
2326	23127	23128	1	V1
2327	23128	23129	1	V1
2328	23129	23130	1	V1
2329	23130	23131	1	V1
2330	23131	23132	1	V1
2331	23132	23133	1	V1
2332	23133	23134	1	V1
2333	23134	23135	1	V1
2334	23135	23136	1	V1
2335	23136	23137	2	V2
2336	23137	23138	2	V2
2337	23138	23139	2	V2
2338	23139	23140	2	V2
2339	23140	23141	2	V2
2340	23141	23142	2	V2
2341	23142	23143	2	V2
2342	23143	23144	3	V3
2343	23144	23145	3	V3
2344	23145	23146	3	V3
2345	23146	23147	3	V3
2346	23147	23148	3	V3
2347	23148	23149	3	V3
2348	23149	23150	6	VMV
2349	23150	23151	2	V2
2350	23151	23152	2	V2
2351	23152	23153	2	V2
2352	23153	23154	2	V2
2353	23154	23155	2	V2
2354	23155	23156	2	V2
2355	23156	23157	2	V2
2356	23157	23158	2	V2
2357	23158	23159	2	V2
2358	23159	23160	2	V2
2359	23160	23161	2	V2
2360	23161	23162	2	V2
2361	23162	23163	2	V2
2362	23163	23164	2	V2
2363	23164	23165	1	V1
2364	23165	23166	1	V1
2365	23166	23167	1	V1
2366	23167	23168	1	V1
2367	23168	23169	1	V1
2368	23169	23170	1	V1
2369	23170	23171	1	V1
2370	23171	23172	1	V1
2371	23172	23173	1	V1
2372	23173	23174	1	V1
2373	23174	23175	1	V1
2374	23175	23176	1	V1
2375	23176	23177	1	V1
2376	23177	23178	1	V1
2377	23178	23179	1	V1
2378	23179	23180	1	V1
2379	23180	23181	1	V1
2380	23181	23182	1	V1
2381	23182	23183	1	V1
2382	23183	23184	1	V1
2383	23184	23185	1	V1
2384	23185	23186	1	V1
2385	23186	23187	1	V1
2386	23187	23188	2	V2
2387	23188	23189	2	V2
2388	23189	23190	2	V2
2389	23190	23191	2	V2
2390	23191	23192	2	V2
2391	23192	23193	2	V2
2392	23193	23194	2	V2
2393	23194	23195	3	V3
2394	23195	23196	3	V3
2395	23196	23197	3	V3
2396	23197	23198	3	V3
2397	23198	23199	3	V3
2398	23199	23200	3	V3
2399	23200	23201	2	V2
2400	23201	23202	2	V2
2401	23202	23203	2	V2
2402	23203	23204	2	V2
2403	23204	23205	2	V2
2404	23205	23206	2	V2
2405	23206	23207	2	V2
2406	23207	23208	2	V2
2407	23208	23209	2	V2
2408	23209	23210	2	V2
2409	23210	23211	2	V2
2410	23211	23212	2	V2
2411	23212	23213	2	V2
2412	23213	23214	1	V1
2413	23214	23215	1	V1
2414	23215	23216	1	V1
2415	23216	23217	1	V1
2416	23217	23218	1	V1
2417	23218	23219	1	V1
2418	23219	23220	1	V1
2419	23220	23221	1	V1
2420	23221	23222	1	V1
2421	23222	23223	1	V1
2422	23223	23224	1	V1
2423	23224	23225	1	V1
2424	23225	23226	1	V1
2425	23226	23227	1	V1
2426	23227	23228	1	V1
2427	23228	23229	1	V1
2428	23229	23230	1	V1
2429	23230	23231	1	V1
2430	23231	23232	1	V1
2431	23232	23233	1	V1
2432	23233	23234	1	V1
2433	23234	23235	1	V1
2434	23235	23236	1	V1
2435	23236	23237	2	V2
2436	23237	23238	2	V2
2437	23238	23239	2	V2
2438	23239	23240	2	V2
2439	23240	23241	2	V2
2440	23241	23242	2	V2
2441	23242	23243	2	V2
2442	23243	23244	2	V2
2443	23244	23245	3	V3
2444	23245	23246	3	V3
2445	23246	23247	3	V3
2446	23247	23248	3	V3
2447	23248	23249	3	V3
2448	23249	23250	3	V3
2449	23250	23251	2	V2
2450	23251	23252	2	V2
2451	23252	23253	2	V2
2452	23253	23254	2	V2
2453	23254	23255	2	V2
2454	23255	23256	2	V2
2455	23256	23257	2	V2
2456	23257	23258	2	V2
2457	23258	23259	2	V2
2458	23259	23260	2	V2
2459	23260	23261	2	V2
2460	23261	23262	1	V1
2461	23262	23263	1	V1
2462	23263	23264	1	V1
2463	23264	23265	1	V1
2464	23265	23266	1	V1
2465	23266	23267	1	V1
2466	23267	23268	1	V1
2467	23268	23269	1	V1
2468	23269	23270	1	V1
2469	23270	23271	1	V1
2470	23271	23272	1	V1
2471	23272	23273	1	V1
2472	23273	23274	1	V1
2473	23274	23275	1	V1
2474	23275	23276	1	V1
2475	23276	23277	1	V1
2476	23277	23278	1	V1
2477	23278	23279	1	V1
2478	23279	23280	1	V1
2479	23280	23281	1	V1
2480	23281	23282	1	V1
2481	23282	23283	1	V1
2482	23283	23284	1	V1
2483	23284	23285	1	V1
2484	23285	23286	2	V2
2485	23286	23287	2	V2
2486	23287	23288	2	V2
2487	23288	23289	2	V2
2488	23289	23290	2	V2
2489	23290	23291	2	V2
2490	23291	23292	2	V2
2491	23292	23293	2	V2
2492	23293	23294	3	V3
2493	23294	23295	3	V3
2494	23295	23296	3	V3
2495	23296	23297	3	V3
2496	23297	23298	3	V3
2497	23298	23299	3	V3
2498	23299	23300	2	V2
2499	23300	23301	2	V2
2500	23301	23302	2	V2
2501	23302	23303	2	V2
2502	23303	23304	2	V2
2503	23304	23305	2	V2
2504	23305	23306	2	V2
2505	23306	23307	2	V2
2506	23307	23308	2	V2
2507	23308	23309	1	V1
2508	23309	23310	1	V1
2509	23310	23311	1	V1
2510	23311	23312	1	V1
2511	23312	23313	1	V1
2512	23313	23314	1	V1
2513	23314	23315	1	V1
2514	23315	23316	1	V1
2515	23316	23317	1	V1
2516	23317	23318	1	V1
2517	23318	23319	1	V1
2518	23319	23320	1	V1
2519	23320	23321	1	V1
2520	23321	23322	1	V1
2521	23322	23323	1	V1
2522	23323	23324	1	V1
2523	23324	23325	1	V1
2524	23325	23326	1	V1
2525	23326	23327	1	V1
2526	23327	23328	1	V1
2527	23328	23329	1	V1
2528	23329	23330	1	V1
2529	23330	23331	1	V1
2530	23331	23332	1	V1
2531	23332	23333	1	V1
2532	23333	23334	2	V2
2533	23334	23335	2	V2
2534	23335	23336	2	V2
2535	23336	23337	2	V2
2536	23337	23338	2	V2
2537	23338	23339	2	V2
2538	23339	23340	2	V2
2539	23340	23341	2	V2
2540	23341	23342	3	V3
2541	23342	23343	3	V3
2542	23343	23344	3	V3
2543	23344	23345	3	V3
2544	23345	23346	3	V3
2545	23346	23347	3	V3
2546	23347	23348	2	V2
2547	23348	23349	2	V2
2548	23349	23350	2	V2
2549	23350	23351	2	V2
2550	23351	23352	2	V2
2551	23352	23353	2	V2
2552	23353	23354	2	V2
2553	23354	23355	1	V1
2554	23355	23356	1	V1
2555	23356	23357	1	V1
2556	23357	23358	1	V1
2557	23358	23359	1	V1
2558	23359	23360	1	V1
2559	23360	23361	1	V1
2560	23361	23362	1	V1
2561	23362	23363	1	V1
2562	23363	23364	1	V1
2563	23364	23365	1	V1
2564	23365	23366	1	V1
2565	23366	23367	1	V1
2566	23367	23368	1	V1
2567	23368	23369	1	V1
2568	23369	23370	1	V1
2569	23370	23371	1	V1
2570	23371	23372	1	V1
2571	23372	23373	1	V1
2572	23373	23374	1	V1
2573	23374	23375	1	V1
2574	23375	23376	1	V1
2575	23376	23377	1	V1
2576	23377	23378	1	V1
2577	23378	23379	1	V1
2578	23379	23380	1	V1
2579	23380	23381	2	V2
2580	23381	23382	2	V2
2581	23382	23383	2	V2
2582	23383	23384	2	V2
2583	23384	23385	2	V2
2584	23385	23386	2	V2
2585	23386	23387	2	V2
2586	23387	23388	2	V2
2587	23388	23389	2	V2
2588	23389	23390	3	V3
2589	23390	23391	3	V3
2590	23391	23392	3	V3
2591	23392	23393	3	V3
2592	23393	23394	3	V3
2593	23394	23395	2	V2
2594	23395	23396	2	V2
2595	23396	23397	2	V2
2596	23397	23398	2	V2
2597	23398	23399	2	V2
2598	23399	23400	1	V1
2599	23400	23401	1	V1
2600	23401	23402	1	V1
2601	23402	23403	1	V1
2602	23403	23404	1	V1
2603	23404	23405	1	V1
2604	23405	23406	1	V1
2605	23406	23407	1	V1
2606	23407	23408	1	V1
2607	23408	23409	1	V1
2608	23409	23410	1	V1
2609	23410	23411	1	V1
2610	23411	23412	1	V1
2611	23412	23413	1	V1
2612	23413	23414	1	V1
2613	23414	23415	1	V1
2614	23415	23416	1	V1
2615	23416	23417	1	V1
2616	23417	23418	1	V1
2617	23418	23419	1	V1
2618	23419	23420	1	V1
2619	23420	23421	1	V1
2620	23421	23422	1	V1
2621	23422	23423	1	V1
2622	23423	23424	1	V1
2623	23424	23425	1	V1
2624	23425	23426	1	V1
2625	23426	23427	2	V2
2626	23427	23428	2	V2
2627	23428	23429	2	V2
2628	23429	23430	2	V2
2629	23430	23431	2	V2
2630	23431	23432	2	V2
2631	23432	23433	2	V2
2632	23433	23434	2	V2
2633	23434	23435	2	V2
2634	23435	23436	3	V3
2635	23436	23437	3	V3
2636	23437	23438	3	V3
2637	23438	23439	3	V3
2638	23439	23440	3	V3
2639	23440	23441	2	V2
2640	23441	23442	2	V2
2641	23442	23443	1	V1
2642	23443	23444	1	V1
2643	23444	23445	1	V1
2644	23445	23446	1	V1
2645	23446	23447	1	V1
2646	23447	23448	1	V1
2647	23448	23449	1	V1
2648	23449	23450	1	V1
2649	23450	23451	1	V1
2650	23451	23452	1	V1
2651	23452	23453	1	V1
2652	23453	23454	1	V1
2653	23454	23455	1	V1
2654	23455	23456	1	V1
2655	23456	23457	1	V1
2656	23457	23458	1	V1
2657	23458	23459	1	V1
2658	23459	23460	1	V1
2659	23460	23461	1	V1
2660	23461	23462	1	V1
2661	23462	23463	1	V1
2662	23463	23464	1	V1
2663	23464	23465	1	V1
2664	23465	23466	1	V1
2665	23466	23467	1	V1
2666	23467	23468	1	V1
2667	23468	23469	1	V1
2668	23469	23470	1	V1
2669	23470	23471	1	V1
2670	23471	23472	2	V2
2671	23472	23473	2	V2
2672	23473	23474	2	V2
2673	23474	23475	2	V2
2674	23475	23476	2	V2
2675	23476	23477	2	V2
2676	23477	23478	2	V2
2677	23478	23479	2	V2
2678	23479	23480	2	V2
2679	23480	23481	3	V3
2680	23481	23482	3	V3
2681	23482	23483	3	V3
2682	23483	23484	3	V3
2683	23484	23485	3	V3
2684	23485	23486	1	V1
2685	23486	23487	1	V1
2686	23487	23488	1	V1
2687	23488	23489	1	V1
2688	23489	23490	1	V1
2689	23490	23491	1	V1
2690	23491	23492	1	V1
2691	23492	23493	1	V1
2692	23493	23494	1	V1
2693	23494	23495	1	V1
2694	23495	23496	1	V1
2695	23496	23497	1	V1
2696	23497	23498	1	V1
2697	23498	23499	1	V1
2698	23499	23500	1	V1
2699	23500	23501	1	V1
2700	23501	23502	1	V1
2701	23502	23503	1	V1
2702	23503	23504	1	V1
2703	23504	23505	1	V1
2704	23505	23506	1	V1
2705	23506	23507	1	V1
2706	23507	23508	1	V1
2707	23508	23509	1	V1
2708	23509	23510	1	V1
2709	23510	23511	1	V1
2710	23511	23512	1	V1
2711	23512	23513	1	V1
2712	23513	23514	1	V1
2713	23514	23515	1	V1
2714	23515	23516	2	V2
2715	23516	23517	2	V2
2716	23517	23518	2	V2
2717	23518	23519	2	V2
2718	23519	23520	2	V2
2719	23520	23521	2	V2
2720	23521	23522	2	V2
2721	23522	23523	2	V2
2722	23523	23524	2	V2
2723	23524	23525	3	V3
2724	23525	23526	3	V3
2725	23526	23527	3	V3
2726	23527	23528	3	V3
2727	23528	23529	3	V3
2728	23529	23530	1	V1
2729	23530	23531	1	V1
2730	23531	23532	1	V1
2731	23532	23533	1	V1
2732	23533	23534	1	V1
2733	23534	23535	1	V1
2734	23535	23536	1	V1
2735	23536	23537	1	V1
2736	23537	23538	1	V1
2737	23538	23539	1	V1
2738	23539	23540	1	V1
2739	23540	23541	1	V1
2740	23541	23542	1	V1
2741	23542	23543	1	V1
2742	23543	23544	1	V1
2743	23544	23545	1	V1
2744	23545	23546	1	V1
2745	23546	23547	1	V1
2746	23547	23548	1	V1
2747	23548	23549	1	V1
2748	23549	23550	1	V1
2749	23550	23551	1	V1
2750	23551	23552	1	V1
2751	23552	23553	1	V1
2752	23553	23554	1	V1
2753	23554	23555	1	V1
2754	23555	23556	1	V1
2755	23556	23557	1	V1
2756	23557	23558	1	V1
2757	23558	23559	2	V2
2758	23559	23560	2	V2
2759	23560	23561	2	V2
2760	23561	23562	2	V2
2761	23562	23563	2	V2
2762	23563	23564	2	V2
2763	23564	23565	2	V2
2764	23565	23566	2	V2
2765	23566	23567	3	V3
2766	23567	23568	3	V3
2767	23568	23569	3	V3
2768	23569	23570	3	V3
2769	23570	23571	3	V3
2770	23571	23572	3	V3
2771	23572	23573	1	V1
2772	23573	23574	1	V1
2773	23574	23575	1	V1
2774	23575	23576	1	V1
2775	23576	23577	1	V1
2776	23577	23578	1	V1
2777	23578	23579	1	V1
2778	23579	23580	1	V1
2779	23580	23581	1	V1
2780	23581	23582	1	V1
2781	23582	23583	1	V1
2782	23583	23584	1	V1
2783	23584	23585	1	V1
2784	23585	23586	1	V1
2785	23586	23587	1	V1
2786	23587	23588	1	V1
2787	23588	23589	1	V1
2788	23589	23590	1	V1
2789	23590	23591	1	V1
2790	23591	23592	1	V1
2791	23592	23593	1	V1
2792	23593	23594	1	V1
2793	23594	23595	1	V1
2794	23595	23596	1	V1
2795	23596	23597	1	V1
2796	23597	23598	1	V1
2797	23598	23599	1	V1
2798	23599	23600	1	V1
2799	23600	23601	2	V2
2800	23601	23602	2	V2
2801	23602	23603	2	V2
2802	23603	23604	2	V2
2803	23604	23605	2	V2
2804	23605	23606	2	V2
2805	23606	23607	2	V2
2806	23607	23608	2	V2
2807	23608	23609	2	V2
2808	23609	23610	3	V3
2809	23610	23611	3	V3
2810	23611	23612	3	V3
2811	23612	23613	3	V3
2812	23613	23614	3	V3
2813	23614	23615	1	V1
2814	23615	23616	1	V1
2815	23616	23617	1	V1
2816	23617	23618	1	V1
2817	23618	23619	1	V1
2818	23619	23620	1	V1
2819	23620	23621	1	V1
2820	23621	23622	1	V1
2821	23622	23623	1	V1
2822	23623	23624	1	V1
2823	23624	23625	1	V1
2824	23625	23626	1	V1
2825	23626	23627	1	V1
2826	23627	23628	1	V1
2827	23628	23629	1	V1
2828	23629	23630	1	V1
2829	23630	23631	1	V1
2830	23631	23632	1	V1
2831	23632	23633	1	V1
2832	23633	23634	1	V1
2833	23634	23635	1	V1
2834	23635	23636	1	V1
2835	23636	23637	1	V1
2836	23637	23638	1	V1
2837	23638	23639	1	V1
2838	23639	23640	1	V1
2839	23640	23641	1	V1
2840	23641	23642	2	V2
2841	23642	23643	2	V2
2842	23643	23644	2	V2
2843	23644	23645	2	V2
2844	23645	23646	2	V2
2845	23646	23647	2	V2
2846	23647	23648	2	V2
2847	23648	23649	2	V2
2848	23649	23650	3	V3
2849	23650	23651	3	V3
2850	23651	23652	3	V3
2851	23652	23653	3	V3
2852	23653	23654	3	V3
2853	23654	23655	3	V3
2854	23655	23656	1	V1
2855	23656	23657	1	V1
2856	23657	23658	1	V1
2857	23658	23659	1	V1
2858	23659	23660	1	V1
2859	23660	23661	1	V1
2860	23661	23662	1	V1
2861	23662	23663	1	V1
2862	23663	23664	1	V1
2863	23664	23665	1	V1
2864	23665	23666	1	V1
2865	23666	23667	1	V1
2866	23667	23668	1	V1
2867	23668	23669	1	V1
2868	23669	23670	1	V1
2869	23670	23671	1	V1
2870	23671	23672	1	V1
2871	23672	23673	1	V1
2872	23673	23674	1	V1
2873	23674	23675	1	V1
2874	23675	23676	1	V1
2875	23676	23677	1	V1
2876	23677	23678	1	V1
2877	23678	23679	1	V1
2878	23679	23680	1	V1
2879	23680	23681	1	V1
2880	23681	23682	2	V2
2881	23682	23683	2	V2
2882	23683	23684	2	V2
2883	23684	23685	2	V2
2884	23685	23686	2	V2
2885	23686	23687	2	V2
2886	23687	23688	2	V2
2887	23688	23689	2	V2
2888	23689	23690	3	V3
2889	23690	23691	3	V3
2890	23691	23692	3	V3
2891	23692	23693	3	V3
2892	23693	23694	3	V3
2893	23694	23695	3	V3
2894	23695	23696	1	V1
2895	23696	23697	1	V1
2896	23697	23698	1	V1
2897	23698	23699	1	V1
2898	23699	23700	1	V1
2899	23700	23701	1	V1
2900	23701	23702	1	V1
2901	23702	23703	1	V1
2902	23703	23704	1	V1
2903	23704	23705	1	V1
2904	23705	23706	1	V1
2905	23706	23707	1	V1
2906	23707	23708	1	V1
2907	23708	23709	1	V1
2908	23709	23710	1	V1
2909	23710	23711	1	V1
2910	23711	23712	1	V1
2911	23712	23713	1	V1
2912	23713	23714	1	V1
2913	23714	23715	1	V1
2914	23715	23716	1	V1
2915	23716	23717	1	V1
2916	23717	23718	1	V1
2917	23718	23719	1	V1
2918	23719	23720	1	V1
2919	23720	23721	2	V2
2920	23721	23722	2	V2
2921	23722	23723	2	V2
2922	23723	23724	2	V2
2923	23724	23725	2	V2
2924	23725	23726	2	V2
2925	23726	23727	2	V2
2926	23727	23728	2	V2
2927	23728	23729	3	V3
2928	23729	23730	3	V3
2929	23730	23731	3	V3
2930	23731	23732	3	V3
2931	23732	23733	3	V3
2932	23733	23734	3	V3
2933	23734	23735	1	V1
2934	23735	23736	1	V1
2935	23736	23737	1	V1
2936	23737	23738	1	V1
2937	23738	23739	1	V1
2938	23739	23740	1	V1
2939	23740	23741	1	V1
2940	23741	23742	1	V1
2941	23742	23743	1	V1
2942	23743	23744	1	V1
2943	23744	23745	1	V1
2944	23745	23746	1	V1
2945	23746	23747	1	V1
2946	23747	23748	1	V1
2947	23748	23749	1	V1
2948	23749	23750	1	V1
2949	23750	23751	1	V1
2950	23751	23752	1	V1
2951	23752	23753	1	V1
2952	23753	23754	1	V1
2953	23754	23755	1	V1
2954	23755	23756	1	V1
2955	23756	23757	1	V1
2956	23757	23758	1	V1
2957	23758	23759	2	V2
2958	23759	23760	2	V2
2959	23760	23761	2	V2
2960	23761	23762	2	V2
2961	23762	23763	2	V2
2962	23763	23764	2	V2
2963	23764	23765	2	V2
2964	23765	23766	2	V2
2965	23766	23767	3	V3
2966	23767	23768	3	V3
2967	23768	23769	3	V3
2968	23769	23770	3	V3
2969	23770	23771	3	V3
2970	23771	23772	3	V3
2971	23772	23773	1	V1
2972	23773	23774	1	V1
2973	23774	23775	1	V1
2974	23775	23776	1	V1
2975	23776	23777	1	V1
2976	23777	23778	1	V1
2977	23778	23779	1	V1
2978	23779	23780	1	V1
2979	23780	23781	1	V1
2980	23781	23782	1	V1
2981	23782	23783	1	V1
2982	23783	23784	1	V1
2983	23784	23785	1	V1
2984	23785	23786	1	V1
2985	23786	23787	1	V1
2986	23787	23788	1	V1
2987	23788	23789	1	V1
2988	23789	23790	1	V1
2989	23790	23791	1	V1
2990	23791	23792	1	V1
2991	23792	23793	1	V1
2992	23793	23794	1	V1
2993	23794	23795	1	V1
2994	23795	23796	2	V2
2995	23796	23797	2	V2
2996	23797	23798	2	V2
2997	23798	23799	2	V2
2998	23799	23800	2	V2
2999	23800	23801	2	V2
3000	23801	23802	2	V2
3001	23802	23803	2	V2
3002	23803	23804	2	V2
3003	23804	23805	3	V3
3004	23805	23806	3	V3
3005	23806	23807	3	V3
3006	23807	23808	3	V3
3007	23808	23809	3	V3
3008	23809	23810	1	V1
3009	23810	23811	1	V1
3010	23811	23812	1	V1
3011	23812	23813	1	V1
3012	23813	23814	1	V1
3013	23814	23815	1	V1
3014	23815	23816	1	V1
3015	23816	23817	1	V1
3016	23817	23818	1	V1
3017	23818	23819	1	V1
3018	23819	23820	1	V1
3019	23820	23821	1	V1
3020	23821	23822	1	V1
3021	23822	23823	1	V1
3022	23823	23824	1	V1
3023	23824	23825	1	V1
3024	23825	23826	1	V1
3025	23826	23827	1	V1
3026	23827	23828	1	V1
3027	23828	23829	1	V1
3028	23829	23830	1	V1
3029	23830	23831	2	V2
3030	23831	23832	2	V2
3031	23832	23833	2	V2
3032	23833	23834	2	V2
3033	23834	23835	2	V2
3034	23835	23836	2	V2
3035	23836	23837	2	V2
3036	23837	23838	2	V2
3037	23838	23839	2	V2
3038	23839	23840	2	V2
3039	23840	23841	3	V3
3040	23841	23842	3	V3
3041	23842	23843	3	V3
3042	23845	23846	1	V1
3043	23846	23847	1	V1
3044	23847	23848	1	V1
3045	23848	23849	1	V1
3046	23849	23850	1	V1
3047	23850	23851	1	V1
3048	23851	23852	1	V1
3049	23852	23853	1	V1
3050	23853	23854	1	V1
3051	23854	23855	1	V1
3052	23855	23856	1	V1
3053	23856	23857	1	V1
3054	23857	23858	1	V1
3055	23858	23859	1	V1
3056	23859	23860	1	V1
3057	23860	23861	1	V1
3058	23861	23862	1	V1
3059	23862	23863	1	V1
3060	23863	23864	1	V1
3061	23864	23865	1	V1
3062	23865	23866	2	V2
3063	23866	23867	2	V2
3064	23867	23868	2	V2
3065	23868	23869	2	V2
3066	23869	23870	2	V2
3067	23870	23871	2	V2
3068	23871	23872	2	V2
3069	23872	23873	2	V2
3070	23873	23874	2	V2
3071	23874	23875	2	V2
3072	23880	23881	1	V1
3073	23881	23882	1	V1
3074	23882	23883	1	V1
3075	23883	23884	1	V1
3076	23884	23885	1	V1
3077	23885	23886	1	V1
3078	23886	23887	1	V1
3079	23887	23888	1	V1
3080	23888	23889	1	V1
3081	23889	23890	1	V1
3082	23890	23891	1	V1
3083	23891	23892	1	V1
3084	23892	23893	1	V1
3085	23893	23894	1	V1
3086	23894	23895	1	V1
3087	23895	23896	1	V1
3088	23896	23897	1	V1
3089	23897	23898	1	V1
3090	23898	23899	1	V1
3091	23899	23900	2	V2
3092	23900	23901	2	V2
3093	23901	23902	2	V2
3094	23902	23903	2	V2
3095	23903	23904	2	V2
3096	23904	23905	2	V2
3097	23905	23906	2	V2
3098	23906	23907	2	V2
3099	23907	23908	2	V2
3100	23914	23915	1	V1
3101	23915	23916	1	V1
3102	23916	23917	1	V1
3103	23917	23918	1	V1
3104	23918	23919	1	V1
3105	23919	23920	1	V1
3106	23920	23921	1	V1
3107	23921	23922	1	V1
3108	23922	23923	1	V1
3109	23923	23924	1	V1
3110	23924	23925	1	V1
3111	23925	23926	1	V1
3112	23926	23927	1	V1
3113	23927	23928	1	V1
3114	23928	23929	1	V1
3115	23929	23930	1	V1
3116	23930	23931	1	V1
3117	23931	23932	2	V2
3118	23932	23933	2	V2
3119	23933	23934	2	V2
3120	23934	23935	2	V2
3121	23935	23936	2	V2
3122	23936	23937	2	V2
3123	23937	23938	2	V2
3124	23938	23939	2	V2
3125	23939	23940	2	V2
3126	23947	23948	1	V1
3127	23948	23949	1	V1
3128	23949	23950	1	V1
3129	23950	23951	1	V1
3130	23951	23952	1	V1
3131	23952	23953	1	V1
3132	23953	23954	1	V1
3133	23954	23955	1	V1
3134	23955	23956	1	V1
3135	23956	23957	1	V1
3136	23957	23958	1	V1
3137	23958	23959	1	V1
3138	23959	23960	1	V1
3139	23960	23961	1	V1
3140	23961	23962	1	V1
3141	23962	23963	2	V2
3142	23963	23964	2	V2
3143	23964	23965	2	V2
3144	23965	23966	2	V2
3145	23966	23967	2	V2
3146	23967	23968	2	V2
3147	23968	23969	2	V2
3148	23969	23970	2	V2
3149	23970	23971	2	V2
3150	23971	23972	2	V2
3151	23981	23982	1	V1
3152	23982	23983	1	V1
3153	23983	23984	1	V1
3154	23984	23985	1	V1
3155	23985	23986	1	V1
3156	23986	23987	1	V1
3157	23987	23988	1	V1
3158	23988	23989	1	V1
3159	23989	23990	1	V1
3160	23990	23991	1	V1
3161	23991	23992	1	V1
3162	23992	23993	2	V2
3163	23993	23994	2	V2
3164	23994	23995	2	V2
3165	23995	23996	2	V2
3166	23996	23997	2	V2
3167	23997	23998	2	V2
3168	23998	23999	2	V2
3169	23999	24000	2	V2
3170	24000	24001	2	V2
3171	24001	24002	2	V2
3172	24014	24015	1	V1
3173	24015	24016	1	V1
3174	24016	24017	1	V1
3175	24017	24018	1	V1
3176	24018	24019	1	V1
3177	24019	24020	1	V1
3178	24020	24021	1	V1
3179	24021	24022	2	V2
3180	24022	24023	2	V2
3181	24023	24024	2	V2
3182	24024	24025	2	V2
3183	24025	24026	2	V2
3184	24026	24027	2	V2
3185	24027	24028	2	V2
3186	24028	24029	2	V2
3187	24029	24030	2	V2
3188	24030	24031	2	V2
3189	24031	24032	2	V2
3190	24045	24046	1	V1
3191	24046	24047	1	V1
3192	24047	24048	1	V1
3193	24048	24049	1	V1
3194	24049	24050	2	V2
3195	24050	24051	2	V2
3196	24051	24052	2	V2
3197	24052	24053	2	V2
3198	24053	24054	2	V2
3199	24054	24055	2	V2
3200	24055	24056	2	V2
3201	24056	24057	2	V2
3202	24057	24058	2	V2
3203	24058	24059	2	V2
3204	24059	24060	2	V2
3205	24060	24061	2	V2
3206	24075	24076	1	V1
3207	24077	24078	2	V2
3208	24078	24079	2	V2
3209	24079	24080	2	V2
3210	24080	24081	2	V2
3211	24081	24082	2	V2
3212	24082	24083	2	V2
3213	24083	24084	2	V2
3214	24084	24085	2	V2
3215	24085	24086	2	V2
3216	24086	24087	2	V2
3217	24087	24088	2	V2
3218	24088	24089	2	V2
3219	24370	24371	2	V2
3220	24371	24372	2	V2
3221	24372	24373	2	V2
3222	24373	24374	2	V2
3223	24384	24385	2	V2
3224	24385	24386	2	V2
3225	24386	24387	2	V2
3226	24387	24388	2	V2
3227	24388	24389	2	V2
3228	24389	24390	2	V2
3229	24390	24391	2	V2
3230	24391	24392	2	V2
3231	24392	24393	2	V2
3232	24393	24394	2	V2
3233	24397	24398	2	V2
3234	24398	24399	2	V2
3235	24399	24400	2	V2
3236	24400	24401	2	V2
3237	24401	24402	2	V2
3238	24402	24403	2	V2
3239	24403	24404	2	V2
3240	24404	24405	2	V2
3241	24405	24406	2	V2
3242	24406	24407	2	V2
3243	24409	24410	2	V2
3244	24410	24411	2	V2
3245	24411	24412	2	V2
3246	24412	24413	2	V2
3247	24413	24414	2	V2
3248	24414	24415	2	V2
3249	24415	24416	2	V2
3250	24416	24417	2	V2
3251	24417	24418	2	V2
3252	24418	24419	2	V2
3253	24420	24421	2	V2
3254	24421	24422	2	V2
3255	24422	24423	2	V2
3256	24423	24424	2	V2
3257	24424	24425	2	V2
3258	24425	24426	2	V2
3259	24426	24427	2	V2
3260	24427	24428	2	V2
3261	24428	24429	2	V2
3262	24430	24431	2	V2
3263	24431	24432	2	V2
3264	24432	24433	2	V2
3265	24433	24434	2	V2
3266	24434	24435	2	V2
3267	24435	24436	2	V2
3268	24436	24437	2	V2
3269	24437	24438	2	V2
3270	24439	24440	2	V2
3271	24440	24441	2	V2
3272	24441	24442	2	V2
3273	24442	24443	2	V2
3274	24443	24444	2	V2
3275	24448	24449	2	V2
3276	24449	24450	2	V2
3277	24526	24527	6	VMV
3278	24527	24528	6	VMV
3279	24528	24529	6	VMV
3280	24529	24530	6	VMV
3281	24581	24582	6	VMV
3282	24582	24583	6	VMV
3283	24583	24584	6	VMV
3284	24635	24636	6	VMV
3285	24636	24637	6	VMV
3286	24687	24688	6	VMV
3287	29700	29701	3	V3
3288	29703	29704	6	VMV
3289	29720	29721	2	V2
3290	29721	29722	2	V2
3291	29722	29723	2	V2
3292	29723	29724	2	V2
3293	29724	29725	2	V2
3294	29725	29726	2	V2
3295	29726	29727	2	V2
3296	29727	29728	2	V2
3297	29728	29729	2	V2
3298	29729	29730	2	V2
3299	29730	29731	2	V2
3300	29749	29750	1	V1
3301	29750	29751	1	V1
3302	29751	29752	1	V1
3303	29752	29753	1	V1
3304	29753	29754	1	V1
3305	29754	29755	1	V1
3306	29755	29756	1	V1
3307	29756	29757	1	V1
3308	29757	29758	1	V1
3309	29758	29759	1	V1
3310	29759	29760	2	V2
3311	29760	29761	2	V2
3312	29761	29762	2	V2
3313	29762	29763	2	V2
3314	29763	29764	6	VMV
3315	29764	29765	6	VMV
3316	29765	29766	6	VMV
3317	29766	29767	6	VMV
3318	29767	29768	6	VMV
3319	29768	29769	6	VMV
3320	29769	29770	6	VMV
3321	29770	29771	6	VMV
3322	29771	29772	6	VMV
3323	29786	29787	6	VMV
3324	29787	29788	6	VMV
3325	29788	29789	6	VMV
3326	29789	29790	6	VMV
3327	29790	29791	6	VMV
3328	29840	29841	2	V2
3329	29845	29846	2	V2
3330	29850	29851	2	V2
3331	29854	29855	2	V2
3332	29858	29859	2	V2
3333	29862	29863	2	V2
3334	29867	29868	2	V2
3335	29871	29872	2	V2
3336	30059	30060	1	V1
3337	30074	30075	1	V1
3338	30090	30091	1	V1
3339	30091	30092	1	V1
3340	30108	30109	1	V1
3341	30109	30110	1	V1
3342	30126	30127	1	V1
3343	30127	30128	1	V1
3344	30144	30145	1	V1
3345	30145	30146	1	V1
3346	30146	30147	1	V1
3347	30161	30162	1	V1
3348	30162	30163	1	V1
3349	30163	30164	1	V1
3350	30177	30178	1	V1
3351	30178	30179	1	V1
3352	30179	30180	1	V1
3353	30192	30193	1	V1
3354	30193	30194	2	V2
3355	30194	30195	2	V2
3356	30195	30196	2	V2
3357	30196	30197	2	V2
3358	30206	30207	2	V2
3359	30207	30208	2	V2
3360	30208	30209	2	V2
3361	30209	30210	2	V2
3362	30210	30211	2	V2
3363	30211	30212	2	V2
3364	30212	30213	2	V2
3365	30213	30214	2	V2
3366	30219	30220	2	V2
3367	30220	30221	2	V2
3368	30221	30222	2	V2
3369	30222	30223	2	V2
3370	30223	30224	2	V2
3371	30224	30225	2	V2
3372	30225	30226	2	V2
3373	30231	30232	2	V2
3374	30232	30233	2	V2
3375	30233	30234	2	V2
3376	30234	30235	2	V2
3377	30235	30236	2	V2
3378	30236	30237	6	VMV
3379	30237	30238	6	VMV
3380	30242	30243	2	V2
3381	30243	30244	6	VMV
3382	30244	30245	6	VMV
3383	30245	30246	6	VMV
3384	30246	30247	6	VMV
3385	30247	30248	6	VMV
3386	30248	30249	6	VMV
3387	30252	30253	6	VMV
3388	30253	30254	6	VMV
3389	30254	30255	6	VMV
3390	30255	30256	6	VMV
3391	30256	30257	6	VMV
3392	30257	30258	6	VMV
3393	30261	30262	6	VMV
3394	30262	30263	6	VMV
3395	30263	30264	6	VMV
3396	30264	30265	6	VMV
3397	30265	30266	6	VMV
3398	30266	30267	6	VMV
3399	30269	30270	6	VMV
3400	30270	30271	6	VMV
3401	30271	30272	6	VMV
3402	30272	30273	6	VMV
3403	30273	30274	6	VMV
3404	30274	30275	6	VMV
3405	30276	30277	6	VMV
3406	30277	30278	6	VMV
3407	30278	30279	6	VMV
3408	30279	30280	6	VMV
3409	30280	30281	6	VMV
3410	30281	30282	6	VMV
3411	30282	30283	6	VMV
3412	30283	30284	6	VMV
3413	30284	30285	6	VMV
3414	30285	30286	6	VMV
3415	30286	30287	6	VMV
3416	30287	30288	6	VMV
3417	30288	30289	6	VMV
3418	30289	30290	6	VMV
3419	30290	30291	6	VMV
3420	30291	30292	6	VMV
3421	30292	30293	6	VMV
3422	30293	30294	6	VMV
3423	30294	30295	6	VMV
3424	30295	30296	6	VMV
3425	30296	30297	6	VMV
3426	39796	39797	3	V3
3427	39797	39798	3	V3
3428	39798	39799	3	V3
3429	39799	39800	3	V3
3430	39800	39801	3	V3
3431	39801	39802	3	V3
3432	39802	39803	3	V3
3433	39803	39804	3	V3
3434	39842	39843	3	V3
3435	39843	39844	3	V3
3436	39844	39845	3	V3
3437	39845	39846	3	V3
3438	39846	39847	3	V3
3439	39847	39848	3	V3
3440	39848	39849	3	V3
3441	39849	39850	3	V3
3442	39850	39851	3	V3
3443	39851	39852	3	V3
3444	39852	39853	3	V3
3445	39853	39854	3	V3
3446	39854	39855	3	V3
3447	39855	39856	3	V3
3448	39856	39857	3	V3
3449	39857	39858	3	V3
3450	39858	39859	3	V3
3451	39859	39860	3	V3
3452	39860	39861	3	V3
3453	39861	39862	3	V3
3454	39862	39863	3	V3
3455	39863	39864	3	V3
3456	39864	39865	3	V3
3457	39865	39866	3	V3
3458	39866	39867	3	V3
3459	39915	39916	3	V3
3460	39916	39917	3	V3
3461	39917	39918	3	V3
3462	39918	39919	3	V3
3463	39919	39920	3	V3
3464	39920	39921	3	V3
3465	39921	39922	3	V3
3466	39969	39970	3	V3
3467	39970	39971	3	V3
3468	39971	39972	3	V3
3469	39972	39973	3	V3
3470	39973	39974	3	V3
3471	39974	39975	3	V3
3472	39975	39976	3	V3
3473	40022	40023	3	V3
3474	40023	40024	3	V3
3475	40024	40025	3	V3
3476	40025	40026	3	V3
3477	40026	40027	3	V3
3478	40027	40028	3	V3
3479	40028	40029	3	V3
3480	40074	40075	3	V3
3481	40075	40076	3	V3
3482	40076	40077	3	V3
3483	40077	40078	3	V3
3484	40078	40079	3	V3
3485	40079	40080	3	V3
3486	40080	40081	3	V3
3487	40125	40126	3	V3
3488	40126	40127	3	V3
3489	40127	40128	3	V3
3490	40128	40129	3	V3
3491	40129	40130	3	V3
3492	40130	40131	3	V3
3493	40131	40132	3	V3
3494	40175	40176	3	V3
3495	40176	40177	3	V3
3496	40177	40178	3	V3
3497	40178	40179	3	V3
3498	40179	40180	3	V3
3499	40180	40181	3	V3
3500	40181	40182	3	V3
3501	40224	40225	3	V3
3502	40225	40226	3	V3
3503	40226	40227	3	V3
3504	40227	40228	3	V3
3505	40228	40229	3	V3
3506	40229	40230	3	V3
3507	40230	40231	3	V3
3508	40272	40273	3	V3
3509	40273	40274	3	V3
3510	40274	40275	3	V3
3511	40275	40276	3	V3
3512	40276	40277	3	V3
3513	40277	40278	3	V3
3514	40278	40279	3	V3
3515	40319	40320	3	V3
3516	40320	40321	3	V3
3517	40321	40322	3	V3
3518	40322	40323	3	V3
3519	40323	40324	3	V3
3520	40324	40325	3	V3
3521	40325	40326	3	V3
3522	40365	40366	3	V3
3523	40366	40367	3	V3
3524	40367	40368	3	V3
3525	40368	40369	3	V3
3526	40369	40370	3	V3
3527	40370	40371	3	V3
3528	40410	40411	3	V3
3529	40411	40412	3	V3
3530	40412	40413	3	V3
3531	40413	40414	3	V3
3532	40414	40415	3	V3
3533	40415	40416	3	V3
3534	40454	40455	3	V3
3535	40455	40456	3	V3
3536	40456	40457	3	V3
3537	40457	40458	3	V3
3538	40458	40459	3	V3
3539	40497	40498	3	V3
3540	40498	40499	3	V3
3541	40499	40500	3	V3
3542	40500	40501	3	V3
3543	40539	40540	3	V3
3544	40540	40541	3	V3
3545	40541	40542	3	V3
3546	40580	40581	3	V3
3547	40620	40621	3	V3
3548	41400	41401	3	V3
3549	41401	41402	3	V3
3550	41402	41403	4	V4
3551	41403	41404	4	V4
3552	41404	41405	3	V3
3553	41405	41406	3	V3
3554	41406	41407	3	V3
3555	41407	41408	3	V3
3556	41408	41409	3	V3
3557	41409	41410	3	V3
3558	41410	41411	3	V3
3559	41456	41457	3	V3
3560	41457	41458	3	V3
3561	41458	41459	3	V3
3562	41459	41460	3	V3
3563	41460	41461	3	V3
3564	41461	41462	3	V3
3565	41462	41463	3	V3
3566	41463	41464	3	V3
3567	41464	41465	3	V3
3568	41465	41466	3	V3
3569	41511	41512	3	V3
3570	41512	41513	3	V3
3571	41513	41514	3	V3
3572	41514	41515	3	V3
3573	41515	41516	3	V3
3574	41516	41517	3	V3
3575	41517	41518	3	V3
3576	41518	41519	3	V3
3577	41519	41520	3	V3
3578	41520	41521	3	V3
3579	41565	41566	3	V3
3580	41566	41567	3	V3
3581	41567	41568	3	V3
3582	41568	41569	3	V3
3583	41569	41570	3	V3
3584	41570	41571	3	V3
3585	41571	41572	3	V3
3586	41572	41573	3	V3
3587	41573	41574	3	V3
3588	41574	41575	3	V3
3589	41618	41619	3	V3
3590	41619	41620	3	V3
3591	41620	41621	3	V3
3592	41621	41622	3	V3
3593	41622	41623	3	V3
3594	41623	41624	3	V3
3595	41624	41625	3	V3
3596	41625	41626	3	V3
3597	41626	41627	3	V3
3598	41627	41628	3	V3
3599	41670	41671	3	V3
3600	41671	41672	3	V3
3601	41672	41673	3	V3
3602	41673	41674	3	V3
3603	41674	41675	3	V3
3604	41675	41676	3	V3
3605	41676	41677	3	V3
3606	41677	41678	3	V3
3607	41678	41679	3	V3
3608	41721	41722	3	V3
3609	41722	41723	3	V3
3610	41723	41724	3	V3
3611	41724	41725	3	V3
3612	41725	41726	3	V3
3613	41726	41727	3	V3
3614	41727	41728	3	V3
3615	41728	41729	3	V3
3616	41771	41772	3	V3
3617	41772	41773	3	V3
3618	41773	41774	3	V3
3619	41774	41775	3	V3
3620	41775	41776	3	V3
3621	41776	41777	3	V3
3622	41777	41778	3	V3
3623	41778	41779	3	V3
3624	41820	41821	3	V3
3625	41821	41822	3	V3
3626	41822	41823	3	V3
3627	41823	41824	3	V3
3628	41824	41825	3	V3
3629	41825	41826	3	V3
3630	41826	41827	3	V3
3631	41869	41870	3	V3
3632	41870	41871	3	V3
3633	41871	41872	3	V3
3634	41872	41873	3	V3
3635	42996	42997	3	V3
3636	42997	42998	4	V4
3637	42998	42999	4	V4
3638	42999	43000	4	V4
3639	43000	43001	4	V4
3640	43001	43002	4	V4
3641	43002	43003	4	V4
3642	43003	43004	4	V4
3643	43004	43005	4	V4
3644	43005	43006	4	V4
3645	43006	43007	4	V4
3646	43007	43008	4	V4
3647	43008	43009	4	V4
3648	43009	43010	4	V4
3649	43010	43011	4	V4
3650	43011	43012	4	V4
3651	43012	43013	4	V4
3652	43013	43014	4	V4
3653	43014	43015	4	V4
3654	43015	43016	4	V4
3655	43016	43017	10	LO
3656	43017	43018	10	LO
3657	43018	43019	10	LO
3658	43019	43020	10	LO
3659	43020	43021	10	LO
3660	43021	43022	10	LO
3661	43022	43023	4	V4
3662	43023	43024	4	V4
3663	43024	43025	4	V4
3664	43025	43026	4	V4
3665	43026	43027	4	V4
3666	43027	43028	4	V4
3667	43052	43053	4	V4
3668	43053	43054	4	V4
3669	43054	43055	4	V4
3670	43055	43056	4	V4
3671	43056	43057	4	V4
3672	43057	43058	4	V4
3673	43058	43059	4	V4
3674	43059	43060	4	V4
3675	43060	43061	4	V4
3676	43061	43062	4	V4
3677	43062	43063	4	V4
3678	43063	43064	4	V4
3679	43064	43065	4	V4
3680	43065	43066	4	V4
3681	43066	43067	4	V4
3682	43067	43068	4	V4
3683	43068	43069	4	V4
3684	43069	43070	4	V4
3685	43070	43071	10	LO
3686	43071	43072	10	LO
3687	43072	43073	10	LO
3688	43073	43074	10	LO
3689	43074	43075	10	LO
3690	43075	43076	10	LO
3691	43076	43077	10	LO
3692	43077	43078	10	LO
3693	43078	43079	4	V4
3694	43079	43080	4	V4
3695	43080	43081	4	V4
3696	43081	43082	4	V4
3697	43107	43108	4	V4
3698	43108	43109	4	V4
3699	43109	43110	4	V4
3700	43110	43111	4	V4
3701	43111	43112	4	V4
3702	43112	43113	4	V4
3703	43113	43114	4	V4
3704	43114	43115	4	V4
3705	43115	43116	4	V4
3706	43116	43117	4	V4
3707	43117	43118	4	V4
3708	43118	43119	4	V4
3709	43119	43120	4	V4
3710	43120	43121	4	V4
3711	43121	43122	4	V4
3712	43122	43123	4	V4
3713	43123	43124	10	LO
3714	43124	43125	10	LO
3715	43125	43126	10	LO
3716	43126	43127	10	LO
3717	43127	43128	10	LO
3718	43128	43129	10	LO
3719	43129	43130	10	LO
3720	43130	43131	10	LO
3721	43131	43132	10	LO
3722	43132	43133	10	LO
3723	43133	43134	4	V4
3724	43134	43135	4	V4
3725	43161	43162	4	V4
3726	43162	43163	4	V4
3727	43163	43164	4	V4
3728	43164	43165	4	V4
3729	43165	43166	4	V4
3730	43166	43167	4	V4
3731	43167	43168	4	V4
3732	43168	43169	4	V4
3733	43169	43170	4	V4
3734	43170	43171	4	V4
3735	43171	43172	4	V4
3736	43172	43173	4	V4
3737	43173	43174	4	V4
3738	43174	43175	4	V4
3739	43175	43176	4	V4
3740	43176	43177	10	LO
3741	43177	43178	10	LO
3742	43178	43179	10	LO
3743	43179	43180	10	LO
3744	43180	43181	10	LO
3745	43181	43182	10	LO
3746	43182	43183	10	LO
3747	43183	43184	10	LO
3748	43184	43185	10	LO
3749	43185	43186	10	LO
3750	43186	43187	10	LO
3751	43214	43215	4	V4
3752	43215	43216	4	V4
3753	43216	43217	4	V4
3754	43217	43218	4	V4
3755	43218	43219	4	V4
3756	43219	43220	4	V4
3757	43220	43221	4	V4
3758	43221	43222	4	V4
3759	43222	43223	4	V4
3760	43223	43224	4	V4
3761	43224	43225	4	V4
3762	43225	43226	3	V3
3763	43226	43227	3	V3
3764	43227	43228	3	V3
3765	43228	43229	10	LO
3766	43229	43230	10	LO
3767	43230	43231	10	LO
3768	43231	43232	10	LO
3769	43232	43233	10	LO
3770	43233	43234	10	LO
3771	43234	43235	10	LO
3772	43235	43236	10	LO
3773	43236	43237	10	LO
3774	43237	43238	10	LO
3775	43238	43239	10	LO
3776	43266	43267	4	V4
3777	43267	43268	3	V3
3778	43268	43269	3	V3
3779	43269	43270	3	V3
3780	43270	43271	3	V3
3781	43271	43272	3	V3
3782	43272	43273	3	V3
3783	43273	43274	3	V3
3784	43274	43275	3	V3
3785	43275	43276	3	V3
3786	43276	43277	3	V3
3787	43277	43278	3	V3
3788	43278	43279	3	V3
3789	43279	43280	3	V3
3790	43280	43281	3	V3
3791	43281	43282	10	LO
3792	43282	43283	10	LO
3793	43283	43284	10	LO
3794	43284	43285	10	LO
3795	43285	43286	10	LO
3796	43286	43287	10	LO
3797	43287	43288	10	LO
3798	43288	43289	10	LO
3799	43289	43290	10	LO
3800	43290	43291	10	LO
3801	43317	43318	3	V3
3802	43318	43319	3	V3
3803	43319	43320	3	V3
3804	43320	43321	3	V3
3805	43321	43322	3	V3
3806	43322	43323	3	V3
3807	43323	43324	3	V3
3808	43324	43325	3	V3
3809	43325	43326	3	V3
3810	43326	43327	3	V3
3811	43327	43328	3	V3
3812	43328	43329	3	V3
3813	43329	43330	3	V3
3814	43330	43331	3	V3
3815	43331	43332	3	V3
3816	43332	43333	10	LO
3817	43333	43334	10	LO
3818	43334	43335	10	LO
3819	43335	43336	10	LO
3820	43336	43337	10	LO
3821	43337	43338	10	LO
3822	43338	43339	10	LO
3823	43339	43340	10	LO
3824	43340	43341	10	LO
3825	43367	43368	3	V3
3826	43368	43369	3	V3
3827	43369	43370	3	V3
3828	43370	43371	3	V3
3829	43371	43372	3	V3
3830	43372	43373	3	V3
3831	43373	43374	3	V3
3832	43374	43375	3	V3
3833	43375	43376	3	V3
3834	43376	43377	3	V3
3835	43377	43378	3	V3
3836	43378	43379	3	V3
3837	43379	43380	3	V3
3838	43380	43381	3	V3
3839	43381	43382	10	LO
3840	43382	43383	10	LO
3841	43383	43384	10	LO
3842	43384	43385	10	LO
3843	43385	43386	10	LO
3844	43386	43387	10	LO
3845	43387	43388	10	LO
3846	43388	43389	10	LO
3847	43389	43390	10	LO
3848	43416	43417	3	V3
3849	43417	43418	3	V3
3850	43418	43419	3	V3
3851	43419	43420	3	V3
3852	43420	43421	3	V3
3853	43421	43422	3	V3
3854	43422	43423	3	V3
3855	43423	43424	3	V3
3856	43424	43425	3	V3
3857	43425	43426	3	V3
3858	43426	43427	3	V3
3859	43427	43428	3	V3
3860	43430	43431	10	LO
3861	43431	43432	10	LO
3862	43432	43433	10	LO
3863	43433	43434	10	LO
3864	43434	43435	10	LO
3865	43435	43436	10	LO
3866	43436	43437	10	LO
3867	43437	43438	10	LO
3868	43438	43439	10	LO
3869	43464	43465	3	V3
3870	43465	43466	3	V3
3871	43466	43467	3	V3
3872	43467	43468	3	V3
3873	43468	43469	3	V3
3874	43469	43470	3	V3
3875	43470	43471	3	V3
3876	43471	43472	3	V3
3877	43472	43473	3	V3
3878	43478	43479	10	LO
3879	43479	43480	10	LO
3880	43480	43481	10	LO
3881	43481	43482	10	LO
3882	43482	43483	10	LO
3883	43483	43484	10	LO
3884	43484	43485	10	LO
3885	43485	43486	10	LO
3886	43511	43512	3	V3
3887	43512	43513	3	V3
3888	43513	43514	3	V3
3889	43514	43515	3	V3
3890	43515	43516	3	V3
3891	43516	43517	3	V3
3892	43517	43518	3	V3
3893	43526	43527	10	LO
3894	43527	43528	10	LO
3895	43528	43529	10	LO
3896	43529	43530	10	LO
3897	43530	43531	10	LO
3898	43531	43532	10	LO
3899	43557	43558	3	V3
3900	43558	43559	3	V3
3901	43559	43560	3	V3
3902	43560	43561	3	V3
3903	43561	43562	3	V3
3904	43574	43575	10	LO
3905	49405	49406	6	VMV
3906	49406	49407	6	VMV
3907	49407	49408	6	VMV
3908	49408	49409	6	VMV
3909	49409	49410	6	VMV
3910	49461	49462	6	VMV
3911	49462	49463	6	VMV
3912	49463	49464	6	VMV
3913	49464	49465	6	VMV
3914	49465	49466	6	VMV
3915	49466	49467	6	VMV
3916	49467	49468	6	VMV
3917	49468	49469	6	VMV
3918	49469	49470	6	VMV
3919	49470	49471	6	VMV
3920	49471	49472	6	VMV
3921	49472	49473	6	VMV
3922	49473	49474	6	VMV
3923	49474	49475	6	VMV
3924	49475	49476	6	VMV
3925	49476	49477	9	VVC
3926	49477	49478	9	VVC
3927	49478	49479	9	VVC
3928	49479	49480	9	VVC
3929	49480	49481	9	VVC
3930	49481	49482	9	VVC
3931	49482	49483	9	VVC
3932	49483	49484	8	FFC
3933	49484	49485	8	FFC
3934	49485	49486	8	FFC
3935	49486	49487	8	FFC
3936	49487	49488	8	FFC
3937	49488	49489	8	FFC
3938	49489	49490	8	FFC
3939	49490	49491	8	FFC
3940	49491	49492	8	FFC
3941	50587	50588	8	FFC
3942	50588	50589	8	FFC
3943	50589	50590	8	FFC
3944	50615	50616	8	FFC
3945	50616	50617	8	FFC
3946	50617	50618	8	FFC
3947	50618	50619	8	FFC
3948	50619	50620	8	FFC
3949	50620	50621	8	FFC
3950	50621	50622	8	FFC
3951	50644	50645	8	FFC
3952	50645	50646	8	FFC
3953	50646	50647	8	FFC
3954	50647	50648	8	FFC
3955	50648	50649	8	FFC
3956	50649	50650	8	FFC
3957	50650	50651	8	FFC
3958	50672	50673	8	FFC
3959	50673	50674	8	FFC
3960	50674	50675	8	FFC
3961	50675	50676	8	FFC
3962	50676	50677	8	FFC
3963	50677	50678	8	FFC
3964	50678	50679	8	FFC
3965	50699	50700	8	FFC
3966	50700	50701	8	FFC
3967	50701	50702	8	FFC
3968	50702	50703	8	FFC
3969	50703	50704	8	FFC
3970	50704	50705	8	FFC
3971	50705	50706	8	FFC
3972	50724	50725	8	FFC
3973	50725	50726	8	FFC
3974	50726	50727	8	FFC
3975	50727	50728	8	FFC
3976	50728	50729	8	FFC
3977	50729	50730	8	FFC
3978	50730	50731	8	FFC
3979	50731	50732	8	FFC
3980	50749	50750	8	FFC
3981	50750	50751	8	FFC
3982	50751	50752	8	FFC
3983	50752	50753	8	FFC
3984	50753	50754	8	FFC
3985	50754	50755	8	FFC
3986	50755	50756	8	FFC
3987	50756	50757	8	FFC
3988	50773	50774	9	VVC
3989	50774	50775	8	FFC
3990	50775	50776	8	FFC
3991	50776	50777	8	FFC
3992	50777	50778	8	FFC
3993	50778	50779	8	FFC
3994	50779	50780	8	FFC
3995	50780	50781	8	FFC
3996	50794	50795	9	VVC
3997	50795	50796	9	VVC
3998	50796	50797	9	VVC
3999	50797	50798	9	VVC
4000	50798	50799	9	VVC
4001	50799	50800	9	VVC
4002	50800	50801	8	FFC
4003	50801	50802	8	FFC
4004	50802	50803	8	FFC
4005	50803	50804	8	FFC
4006	50815	50816	9	VVC
4007	50816	50817	9	VVC
4008	50817	50818	9	VVC
4009	50818	50819	9	VVC
4010	50819	50820	9	VVC
4011	50820	50821	9	VVC
4012	50821	50822	9	VVC
4013	50822	50823	9	VVC
4014	50823	50824	9	VVC
4015	50824	50825	9	VVC
4016	50825	50826	9	VVC
4017	50835	50836	9	VVC
4018	50836	50837	9	VVC
4019	50837	50838	9	VVC
4020	50838	50839	9	VVC
4021	50839	50840	9	VVC
4022	50840	50841	9	VVC
4023	50841	50842	9	VVC
4024	50842	50843	9	VVC
4025	50843	50844	9	VVC
4026	50844	50845	9	VVC
4027	50845	50846	9	VVC
4028	50846	50847	9	VVC
4029	50855	50856	9	VVC
4030	50856	50857	9	VVC
4031	50857	50858	9	VVC
4032	50858	50859	9	VVC
4033	50859	50860	9	VVC
4034	50860	50861	9	VVC
4035	50861	50862	9	VVC
4036	50862	50863	9	VVC
4037	50863	50864	9	VVC
4038	50864	50865	9	VVC
4039	50865	50866	9	VVC
4040	50866	50867	9	VVC
4041	50875	50876	9	VVC
4042	50876	50877	9	VVC
4043	50877	50878	9	VVC
4044	50878	50879	9	VVC
4045	50879	50880	9	VVC
4046	50880	50881	9	VVC
4047	50881	50882	9	VVC
4048	50882	50883	9	VVC
4049	50883	50884	9	VVC
4050	50884	50885	9	VVC
4051	50885	50886	9	VVC
4052	50894	50895	9	VVC
4053	50895	50896	9	VVC
4054	50896	50897	9	VVC
4055	50897	50898	9	VVC
4056	50898	50899	9	VVC
4057	50899	50900	9	VVC
4058	50900	50901	9	VVC
4059	50901	50902	9	VVC
4060	50902	50903	9	VVC
4061	50903	50904	9	VVC
4062	50912	50913	9	VVC
4063	50913	50914	9	VVC
4064	50914	50915	9	VVC
4065	50915	50916	9	VVC
4066	50916	50917	9	VVC
4067	50917	50918	9	VVC
4068	50918	50919	9	VVC
4069	50919	50920	9	VVC
4070	50920	50921	9	VVC
4071	50930	50931	9	VVC
4072	50931	50932	9	VVC
4073	50932	50933	9	VVC
4074	50933	50934	9	VVC
4075	50934	50935	9	VVC
4076	50935	50936	9	VVC
4077	50936	50937	9	VVC
4078	50946	50947	9	VVC
4079	50947	50948	9	VVC
4080	50948	50949	9	VVC
4081	50949	50950	9	VVC
4082	50950	50951	9	VVC
4083	50951	50952	9	VVC
4084	50962	50963	9	VVC
4085	50963	50964	9	VVC
4086	50964	50965	9	VVC
4087	50965	50966	6	VMV
4088	50976	50977	9	VVC
4089	50977	50978	6	VMV
4090	50978	50979	6	VMV
4091	50989	50990	6	VMV
4092	50990	50991	6	VMV
4093	51000	51001	6	VMV
4094	51001	51002	6	VMV
4095	51010	51011	6	VMV
4096	51011	51012	6	VMV
4097	51018	51019	6	VMV
4098	51019	51020	6	VMV
4099	51020	51021	6	VMV
4100	51026	51027	6	VMV
4101	51027	51028	6	VMV
4102	51028	51029	6	VMV
4103	51032	51033	6	VMV
4104	51033	51034	6	VMV
4105	51034	51035	6	VMV
4106	51035	51036	6	VMV
4107	51038	51039	6	VMV
4108	51039	51040	6	VMV
4109	51040	51041	6	VMV
4110	51041	51042	6	VMV
4111	51043	51044	6	VMV
4112	51044	51045	6	VMV
4113	51045	51046	6	VMV
4114	51046	51047	6	VMV
4115	51047	51048	6	VMV
4116	51048	51049	6	VMV
4117	51049	51050	6	VMV
4118	51050	51051	6	VMV
4119	51051	51052	6	VMV
4120	51052	51053	6	VMV
4121	51053	51054	6	VMV
4122	51054	51055	6	VMV
4123	51055	51056	6	VMV
4124	51056	51057	6	VMV
4125	51057	51058	3	V3
4126	51058	51059	3	V3
4127	51059	51060	3	V3
4128	51060	51061	3	V3
4129	51061	51062	3	V3
4130	51062	51063	3	V3
4131	51063	51064	3	V3
4132	51064	51065	2	V2
4133	51065	51066	2	V2
4134	51066	51067	2	V2
4135	51067	51068	2	V2
4136	51068	51069	2	V2
4137	51069	51070	2	V2
4138	51070	51071	2	V2
4139	51071	51072	1	V1
4140	51072	51073	1	V1
4141	51073	51074	1	V1
4142	51074	51075	1	V1
4143	51075	51076	1	V1
4144	51076	51077	1	V1
4145	51077	51078	1	V1
4146	51078	51079	1	V1
4147	51079	51080	1	V1
4148	51080	51081	1	V1
4149	51081	51082	1	V1
4150	51082	51083	1	V1
4151	51083	51084	1	V1
4152	51084	51085	1	V1
4153	51085	51086	1	V1
4154	51086	51087	1	V1
4155	51087	51088	1	V1
4156	51088	51089	1	V1
4157	51089	51090	1	V1
4158	51090	51091	2	V2
4159	51091	51092	2	V2
4160	51092	51093	2	V2
4161	51093	51094	2	V2
4162	51094	51095	2	V2
4163	51095	51096	2	V2
4164	51096	51097	2	V2
4165	51097	51098	2	V2
4166	51098	51099	2	V2
4167	51099	51100	2	V2
4168	51100	51101	2	V2
4169	51101	51102	2	V2
4170	51102	51103	2	V2
4171	51103	51104	2	V2
4172	51104	51105	3	V3
4173	51105	51106	6	VMV
4174	51106	51107	6	VMV
4175	51107	51108	6	VMV
4176	51108	51109	6	VMV
4177	51109	51110	6	VMV
4178	51110	51111	6	VMV
4179	51111	51112	6	VMV
4180	51112	51113	6	VMV
4181	51136	51137	4	V4
4182	51137	51138	4	V4
4183	51138	51139	4	V4
4184	51139	51140	4	V4
4185	51140	51141	4	V4
4186	51141	51142	4	V4
4187	51142	51143	10	LO
4188	51143	51144	10	LO
4189	51144	51145	10	LO
4190	51145	51146	10	LO
4191	51146	51147	10	LO
4192	51147	51148	4	V4
4193	51148	51149	4	V4
4194	51149	51150	4	V4
4195	51150	51151	4	V4
4196	51151	51152	4	V4
4197	51152	51153	4	V4
4198	51153	51154	4	V4
4199	51154	51155	4	V4
4200	51155	51156	4	V4
4201	51156	51157	4	V4
4202	51157	51158	4	V4
4203	51158	51159	3	V3
4204	51159	51160	3	V3
4205	51160	51161	3	V3
4206	51161	51162	3	V3
4207	51162	51163	4	V4
4208	51163	51164	4	V4
4209	51164	51165	4	V4
4210	51165	51166	4	V4
4211	51166	51167	4	V4
4212	51167	51168	4	V4
4213	51189	51190	4	V4
4214	51190	51191	4	V4
4215	51191	51192	4	V4
4216	51192	51193	4	V4
4217	51193	51194	4	V4
4218	51194	51195	4	V4
4219	51195	51196	4	V4
4220	51196	51197	10	LO
4221	51197	51198	10	LO
4222	51198	51199	10	LO
4223	51199	51200	10	LO
4224	51200	51201	4	V4
4225	51201	51202	4	V4
4226	51202	51203	4	V4
4227	51203	51204	4	V4
4228	51204	51205	4	V4
4229	51205	51206	4	V4
4230	51206	51207	4	V4
4231	51207	51208	4	V4
4232	51208	51209	4	V4
4233	51209	51210	3	V3
4234	51210	51211	3	V3
4235	51211	51212	3	V3
4236	51212	51213	3	V3
4237	51213	51214	3	V3
4238	51214	51215	3	V3
4239	51215	51216	3	V3
4240	51216	51217	3	V3
4241	51217	51218	3	V3
4242	51218	51219	3	V3
4243	51219	51220	3	V3
4244	51220	51221	3	V3
4245	51221	51222	3	V3
4246	51243	51244	4	V4
4247	51244	51245	4	V4
4248	51245	51246	4	V4
4249	51246	51247	4	V4
4250	51247	51248	4	V4
4251	51248	51249	10	LO
4252	51249	51250	10	LO
4253	51250	51251	10	LO
4254	51251	51252	10	LO
4255	51252	51253	4	V4
4256	51253	51254	4	V4
4257	51254	51255	4	V4
4258	51255	51256	4	V4
4259	51256	51257	4	V4
4260	51257	51258	4	V4
4261	51258	51259	4	V4
4262	51259	51260	4	V4
4263	51260	51261	3	V3
4264	51261	51262	3	V3
4265	51262	51263	3	V3
4266	51263	51264	3	V3
4267	51264	51265	3	V3
4268	51265	51266	3	V3
4269	51266	51267	3	V3
4270	51267	51268	3	V3
4271	51268	51269	3	V3
4272	51269	51270	3	V3
4273	51270	51271	3	V3
4274	51271	51272	3	V3
4275	51272	51273	3	V3
4276	51273	51274	3	V3
4277	51274	51275	3	V3
4278	51295	51296	4	V4
4279	51296	51297	4	V4
4280	51297	51298	4	V4
4281	51298	51299	4	V4
4282	51299	51300	4	V4
4283	51300	51301	10	LO
4284	51301	51302	10	LO
4285	51302	51303	10	LO
4286	51303	51304	10	LO
4287	51304	51305	4	V4
4288	51305	51306	4	V4
4289	51306	51307	4	V4
4290	51307	51308	4	V4
4291	51308	51309	4	V4
4292	51309	51310	4	V4
4293	51310	51311	3	V3
4294	51311	51312	3	V3
4295	51312	51313	3	V3
4296	51313	51314	3	V3
4297	51314	51315	3	V3
4298	51315	51316	3	V3
4299	51316	51317	3	V3
4300	51317	51318	3	V3
4301	51318	51319	3	V3
4302	51319	51320	3	V3
4303	51320	51321	3	V3
4304	51321	51322	3	V3
4305	51322	51323	3	V3
4306	51323	51324	3	V3
4307	51324	51325	3	V3
4308	51325	51326	3	V3
4309	51326	51327	3	V3
4310	51346	51347	4	V4
4311	51347	51348	4	V4
4312	51348	51349	4	V4
4313	51349	51350	4	V4
4314	51350	51351	10	LO
4315	51351	51352	10	LO
4316	51352	51353	10	LO
4317	51353	51354	10	LO
4318	51354	51355	10	LO
4319	51355	51356	4	V4
4320	51356	51357	4	V4
4321	51357	51358	4	V4
4322	51358	51359	4	V4
4323	51359	51360	4	V4
4324	51360	51361	3	V3
4325	51361	51362	3	V3
4326	51362	51363	3	V3
4327	51363	51364	3	V3
4328	51364	51365	3	V3
4329	51365	51366	3	V3
4330	51366	51367	3	V3
4331	51367	51368	3	V3
4332	51368	51369	3	V3
4333	51369	51370	3	V3
4334	51370	51371	3	V3
4335	51371	51372	3	V3
4336	51372	51373	3	V3
4337	51373	51374	3	V3
4338	51374	51375	3	V3
4339	51375	51376	3	V3
4340	51376	51377	3	V3
4341	51377	51378	3	V3
4342	51397	51398	4	V4
4343	51398	51399	4	V4
4344	51399	51400	4	V4
4345	51400	51401	10	LO
4346	51401	51402	10	LO
4347	51402	51403	10	LO
4348	51403	51404	10	LO
4349	51404	51405	10	LO
4350	51405	51406	4	V4
4351	51406	51407	4	V4
4352	51407	51408	4	V4
4353	51408	51409	4	V4
4354	51409	51410	3	V3
4355	51410	51411	3	V3
4356	51411	51412	3	V3
4357	51412	51413	3	V3
4358	51413	51414	3	V3
4359	51414	51415	3	V3
4360	51415	51416	3	V3
4361	51416	51417	3	V3
4362	51417	51418	3	V3
4363	51418	51419	3	V3
4364	51419	51420	3	V3
4365	51420	51421	3	V3
4366	51421	51422	3	V3
4367	51422	51423	2	V2
4368	51423	51424	2	V2
4369	51424	51425	2	V2
4370	51425	51426	3	V3
4371	51426	51427	3	V3
4372	51427	51428	3	V3
4373	51446	51447	4	V4
4374	51447	51448	4	V4
4375	51448	51449	10	LO
4376	51449	51450	10	LO
4377	51450	51451	10	LO
4378	51451	51452	10	LO
4379	51452	51453	10	LO
4380	51453	51454	10	LO
4381	51454	51455	4	V4
4382	51455	51456	4	V4
4383	51456	51457	4	V4
4384	51457	51458	4	V4
4385	51458	51459	3	V3
4386	51459	51460	3	V3
4387	51460	51461	3	V3
4388	51461	51462	3	V3
4389	51462	51463	3	V3
4390	51463	51464	3	V3
4391	51464	51465	3	V3
4392	51465	51466	3	V3
4393	51466	51467	3	V3
4394	51467	51468	3	V3
4395	51468	51469	2	V2
4396	51469	51470	2	V2
4397	51470	51471	2	V2
4398	51471	51472	2	V2
4399	51472	51473	2	V2
4400	51473	51474	2	V2
4401	51474	51475	2	V2
4402	51475	51476	2	V2
4403	51476	51477	2	V2
4404	51495	51496	4	V4
4405	51496	51497	10	LO
4406	51497	51498	10	LO
4407	51498	51499	10	LO
4408	51499	51500	10	LO
4409	51500	51501	10	LO
4410	51501	51502	7	PIT
4411	51502	51503	4	V4
4412	51503	51504	4	V4
4413	51504	51505	4	V4
4414	51505	51506	4	V4
4415	51506	51507	3	V3
4416	51507	51508	3	V3
4417	51508	51509	3	V3
4418	51509	51510	3	V3
4419	51510	51511	3	V3
4420	51511	51512	3	V3
4421	51512	51513	3	V3
4422	51513	51514	3	V3
4423	51514	51515	2	V2
4424	51515	51516	2	V2
4425	51516	51517	2	V2
4426	51517	51518	2	V2
4427	51518	51519	2	V2
4428	51519	51520	2	V2
4429	51520	51521	2	V2
4430	51521	51522	2	V2
4431	51522	51523	2	V2
4432	51523	51524	2	V2
4433	51524	51525	2	V2
4434	51543	51544	10	LO
4435	51544	51545	10	LO
4436	51545	51546	10	LO
4437	51546	51547	7	PIT
4438	51547	51548	7	PIT
4439	51548	51549	7	PIT
4440	51549	51550	7	PIT
4441	51550	51551	4	V4
4442	51551	51552	4	V4
4443	51552	51553	4	V4
4444	51553	51554	3	V3
4445	51554	51555	3	V3
4446	51555	51556	3	V3
4447	51556	51557	3	V3
4448	51557	51558	3	V3
4449	51558	51559	3	V3
4450	51559	51560	2	V2
4451	51560	51561	2	V2
4452	51561	51562	2	V2
4453	51562	51563	2	V2
4454	51563	51564	2	V2
4455	51564	51565	2	V2
4456	51565	51566	2	V2
4457	51566	51567	2	V2
4458	51567	51568	2	V2
4459	51568	51569	2	V2
4460	51569	51570	2	V2
4461	51570	51571	2	V2
4462	51571	51572	2	V2
4463	51590	51591	7	PIT
4464	51591	51592	7	PIT
4465	51592	51593	7	PIT
4466	51593	51594	7	PIT
4467	51594	51595	7	PIT
4468	51595	51596	7	PIT
4469	51596	51597	7	PIT
4470	51597	51598	4	V4
4471	51598	51599	4	V4
4472	51599	51600	3	V3
4473	51600	51601	3	V3
4474	51601	51602	3	V3
4475	51602	51603	3	V3
4476	51603	51604	3	V3
4477	51604	51605	2	V2
4478	51605	51606	2	V2
4479	51606	51607	2	V2
4480	51607	51608	2	V2
4481	51608	51609	2	V2
4482	51609	51610	2	V2
4483	51610	51611	2	V2
4484	51611	51612	2	V2
4485	51612	51613	2	V2
4486	51613	51614	2	V2
4487	51614	51615	2	V2
4488	51615	51616	2	V2
4489	51616	51617	2	V2
4490	51617	51618	2	V2
4491	51635	51636	7	PIT
4492	51636	51637	7	PIT
4493	51637	51638	7	PIT
4494	51638	51639	7	PIT
4495	51639	51640	7	PIT
4496	51640	51641	7	PIT
4497	51641	51642	7	PIT
4498	51642	51643	4	V4
4499	51643	51644	4	V4
4500	51644	51645	3	V3
4501	51645	51646	3	V3
4502	51646	51647	3	V3
4503	51647	51648	3	V3
4504	51648	51649	2	V2
4505	51649	51650	2	V2
4506	51650	51651	2	V2
4507	51651	51652	2	V2
4508	51652	51653	1	V1
4509	51653	51654	1	V1
4510	51654	51655	1	V1
4511	51655	51656	1	V1
4512	51656	51657	2	V2
4513	51657	51658	2	V2
4514	51658	51659	2	V2
4515	51659	51660	2	V2
4516	51660	51661	2	V2
4517	51661	51662	2	V2
4518	51662	51663	2	V2
4519	51680	51681	7	PIT
4520	51681	51682	7	PIT
4521	51682	51683	7	PIT
4522	51683	51684	7	PIT
4523	51684	51685	7	PIT
4524	51685	51686	7	PIT
4525	51686	51687	4	V4
4526	51687	51688	4	V4
4527	51688	51689	4	V4
4528	51689	51690	3	V3
4529	51690	51691	3	V3
4530	51691	51692	3	V3
4531	51692	51693	2	V2
4532	51693	51694	2	V2
4533	51694	51695	2	V2
4534	51695	51696	1	V1
4535	51696	51697	1	V1
4536	51697	51698	1	V1
4537	51698	51699	1	V1
4538	51699	51700	1	V1
4539	51700	51701	1	V1
4540	51701	51702	1	V1
4541	51702	51703	1	V1
4542	51703	51704	2	V2
4543	51704	51705	2	V2
4544	51705	51706	2	V2
4545	51706	51707	2	V2
4546	51723	51724	7	PIT
4547	51724	51725	7	PIT
4548	51725	51726	7	PIT
4549	51726	51727	7	PIT
4550	51727	51728	7	PIT
4551	51728	51729	7	PIT
4552	51729	51730	4	V4
4553	51730	51731	4	V4
4554	51731	51732	4	V4
4555	51732	51733	3	V3
4556	51733	51734	3	V3
4557	51734	51735	3	V3
4558	51735	51736	2	V2
4559	51736	51737	2	V2
4560	51737	51738	2	V2
4561	51738	51739	1	V1
4562	51739	51740	1	V1
4563	51740	51741	1	V1
4564	51741	51742	1	V1
4565	51742	51743	1	V1
4566	51743	51744	1	V1
4567	51744	51745	1	V1
4568	51745	51746	1	V1
4569	51746	51747	1	V1
4570	51747	51748	1	V1
4571	51748	51749	2	V2
4572	51749	51750	2	V2
4573	51765	51766	7	PIT
4574	51766	51767	7	PIT
4575	51767	51768	7	PIT
4576	51768	51769	7	PIT
4577	51769	51770	7	PIT
4578	51770	51771	7	PIT
4579	51771	51772	4	V4
4580	51772	51773	4	V4
4581	51773	51774	4	V4
4582	51774	51775	3	V3
4583	51775	51776	3	V3
4584	51776	51777	3	V3
4585	51777	51778	2	V2
4586	51778	51779	2	V2
4587	51779	51780	2	V2
4588	51780	51781	1	V1
4589	51781	51782	1	V1
4590	51782	51783	1	V1
4591	51783	51784	1	V1
4592	51784	51785	1	V1
4593	51785	51786	1	V1
4594	51786	51787	1	V1
4595	51787	51788	1	V1
4596	51788	51789	1	V1
4597	51789	51790	1	V1
4598	51790	51791	1	V1
4599	51791	51792	1	V1
4600	51806	51807	7	PIT
4601	51807	51808	7	PIT
4602	51808	51809	7	PIT
4603	51809	51810	7	PIT
4604	51810	51811	7	PIT
4605	51811	51812	7	PIT
4606	51812	51813	4	V4
4607	51813	51814	4	V4
4608	51814	51815	4	V4
4609	51815	51816	4	V4
4610	51816	51817	3	V3
4611	51817	51818	3	V3
4612	51818	51819	3	V3
4613	51819	51820	2	V2
4614	51820	51821	1	V1
4615	51821	51822	1	V1
4616	51822	51823	1	V1
4617	51823	51824	1	V1
4618	51824	51825	1	V1
4619	51825	51826	1	V1
4620	51826	51827	1	V1
4621	51827	51828	1	V1
4622	51828	51829	1	V1
4623	51829	51830	1	V1
4624	51830	51831	1	V1
4625	51831	51832	1	V1
4626	51832	51833	1	V1
4627	51846	51847	8	FFC
4628	51847	51848	7	PIT
4629	51848	51849	7	PIT
4630	51849	51850	7	PIT
4631	51850	51851	7	PIT
4632	51851	51852	7	PIT
4633	51852	51853	4	V4
4634	51853	51854	4	V4
4635	51854	51855	4	V4
4636	51855	51856	4	V4
4637	51856	51857	3	V3
4638	51857	51858	3	V3
4639	51858	51859	3	V3
4640	51859	51860	2	V2
4641	51860	51861	1	V1
4642	51861	51862	1	V1
4643	51862	51863	1	V1
4644	51863	51864	1	V1
4645	51864	51865	1	V1
4646	51865	51866	1	V1
4647	51866	51867	1	V1
4648	51867	51868	1	V1
4649	51868	51869	1	V1
4650	51869	51870	1	V1
4651	51870	51871	1	V1
4652	51871	51872	1	V1
4653	51872	51873	1	V1
4654	51885	51886	8	FFC
4655	51886	51887	7	PIT
4656	51887	51888	7	PIT
4657	51888	51889	7	PIT
4658	51889	51890	7	PIT
4659	51890	51891	7	PIT
4660	51891	51892	4	V4
4661	51892	51893	4	V4
4662	51893	51894	4	V4
4663	51894	51895	4	V4
4664	51895	51896	3	V3
4665	51896	51897	3	V3
4666	51897	51898	3	V3
4667	51898	51899	2	V2
4668	51899	51900	2	V2
4669	51900	51901	1	V1
4670	51901	51902	1	V1
4671	51902	51903	1	V1
4672	51903	51904	1	V1
4673	51904	51905	1	V1
4674	51905	51906	1	V1
4675	51906	51907	1	V1
4676	51907	51908	1	V1
4677	51908	51909	1	V1
4678	51909	51910	1	V1
4679	51910	51911	1	V1
4680	51911	51912	1	V1
4681	51923	51924	8	FFC
4682	51924	51925	8	FFC
4683	51925	51926	7	PIT
4684	51926	51927	7	PIT
4685	51927	51928	7	PIT
4686	51928	51929	7	PIT
4687	51929	51930	4	V4
4688	51930	51931	4	V4
4689	51931	51932	4	V4
4690	51932	51933	4	V4
4691	51933	51934	3	V3
4692	51934	51935	3	V3
4693	51935	51936	3	V3
4694	51936	51937	3	V3
4695	51937	51938	2	V2
4696	51938	51939	1	V1
4697	51939	51940	1	V1
4698	51940	51941	1	V1
4699	51941	51942	1	V1
4700	51942	51943	1	V1
4701	51943	51944	1	V1
4702	51944	51945	1	V1
4703	51945	51946	1	V1
4704	51946	51947	1	V1
4705	51947	51948	1	V1
4706	51948	51949	1	V1
4707	51949	51950	1	V1
4708	51959	51960	8	FFC
4709	51960	51961	8	FFC
4710	51961	51962	8	FFC
4711	51962	51963	8	FFC
4712	51963	51964	7	PIT
4713	51964	51965	7	PIT
4714	51965	51966	7	PIT
4715	51966	51967	4	V4
4716	51967	51968	4	V4
4717	51968	51969	4	V4
4718	51969	51970	4	V4
4719	51970	51971	4	V4
4720	51971	51972	3	V3
4721	51972	51973	3	V3
4722	51973	51974	3	V3
4723	51974	51975	2	V2
4724	51975	51976	2	V2
4725	51976	51977	1	V1
4726	51977	51978	1	V1
4727	51978	51979	1	V1
4728	51979	51980	1	V1
4729	51980	51981	1	V1
4730	51981	51982	1	V1
4731	51982	51983	1	V1
4732	51983	51984	1	V1
4733	51984	51985	1	V1
4734	51985	51986	1	V1
4735	51986	51987	1	V1
4736	51991	51992	8	FFC
4737	51992	51993	8	FFC
4738	51993	51994	8	FFC
4739	51994	51995	8	FFC
4740	51995	51996	8	FFC
4741	51996	51997	8	FFC
4742	51997	51998	8	FFC
4743	51998	51999	8	FFC
4744	51999	52000	8	FFC
4745	52000	52001	7	PIT
4746	52001	52002	7	PIT
4747	52002	52003	4	V4
4748	52003	52004	4	V4
4749	52004	52005	4	V4
4750	52005	52006	4	V4
4751	52006	52007	4	V4
4752	52007	52008	3	V3
4753	52008	52009	3	V3
4754	52009	52010	3	V3
4755	52010	52011	2	V2
4756	52011	52012	2	V2
4757	52012	52013	2	V2
4758	52013	52014	1	V1
4759	52014	52015	1	V1
4760	52015	52016	1	V1
4761	52016	52017	1	V1
4762	52017	52018	1	V1
4763	52018	52019	1	V1
4764	52019	52020	1	V1
4765	52020	52021	1	V1
4766	52021	52022	1	V1
4767	52022	52023	1	V1
4768	52026	52027	8	FFC
4769	52027	52028	8	FFC
4770	52028	52029	8	FFC
4771	52029	52030	8	FFC
4772	52030	52031	8	FFC
4773	52031	52032	8	FFC
4774	52032	52033	8	FFC
4775	52033	52034	8	FFC
4776	52034	52035	8	FFC
4777	52035	52036	5	V8
4778	52036	52037	5	V8
4779	52037	52038	5	V8
4780	52038	52039	4	V4
4781	52039	52040	4	V4
4782	52040	52041	4	V4
4783	52041	52042	4	V4
4784	52042	52043	3	V3
4785	52043	52044	3	V3
4786	52044	52045	3	V3
4787	52045	52046	3	V3
4788	52046	52047	2	V2
4789	52047	52048	2	V2
4790	52048	52049	2	V2
4791	52049	52050	1	V1
4792	52050	52051	1	V1
4793	52051	52052	1	V1
4794	52052	52053	1	V1
4795	52053	52054	1	V1
4796	52054	52055	1	V1
4797	52055	52056	1	V1
4798	52056	52057	1	V1
4799	52057	52058	1	V1
4800	52061	52062	8	FFC
4801	52062	52063	8	FFC
4802	52063	52064	8	FFC
4803	52064	52065	8	FFC
4804	52065	52066	8	FFC
4805	52066	52067	8	FFC
4806	52067	52068	8	FFC
4807	52068	52069	8	FFC
4808	52069	52070	5	V8
4809	52070	52071	5	V8
4810	52071	52072	5	V8
4811	52072	52073	5	V8
4812	52073	52074	4	V4
4813	52074	52075	4	V4
4814	52075	52076	4	V4
4815	52076	52077	4	V4
4816	52077	52078	3	V3
4817	52078	52079	3	V3
4818	52079	52080	3	V3
4819	52080	52081	2	V2
4820	52081	52082	2	V2
4821	52082	52083	2	V2
4822	52083	52084	2	V2
4823	52084	52085	1	V1
4824	52085	52086	1	V1
4825	52086	52087	1	V1
4826	52087	52088	1	V1
4827	52088	52089	1	V1
4828	52089	52090	1	V1
4829	52090	52091	1	V1
4830	52091	52092	1	V1
4831	52094	52095	8	FFC
4832	52095	52096	8	FFC
4833	52096	52097	8	FFC
4834	52097	52098	8	FFC
4835	52098	52099	8	FFC
4836	52099	52100	8	FFC
4837	52100	52101	8	FFC
4838	52101	52102	8	FFC
4839	52102	52103	5	V8
4840	52103	52104	5	V8
4841	52104	52105	5	V8
4842	52105	52106	5	V8
4843	52106	52107	4	V4
4844	52107	52108	4	V4
4845	52108	52109	4	V4
4846	52109	52110	4	V4
4847	52110	52111	3	V3
4848	52111	52112	3	V3
4849	52112	52113	3	V3
4850	52113	52114	2	V2
4851	52114	52115	2	V2
4852	52115	52116	2	V2
4853	52116	52117	2	V2
4854	52117	52118	2	V2
4855	52118	52119	1	V1
4856	52119	52120	1	V1
4857	52120	52121	1	V1
4858	52121	52122	1	V1
4859	52122	52123	1	V1
4860	52123	52124	1	V1
4861	52124	52125	1	V1
4862	52126	52127	8	FFC
4863	52127	52128	8	FFC
4864	52128	52129	8	FFC
4865	52129	52130	8	FFC
4866	52130	52131	8	FFC
4867	52131	52132	8	FFC
4868	52132	52133	8	FFC
4869	52133	52134	8	FFC
4870	52134	52135	8	FFC
4871	52135	52136	5	V8
4872	52136	52137	5	V8
4873	52137	52138	5	V8
4874	52138	52139	5	V8
4875	52139	52140	4	V4
4876	52140	52141	4	V4
4877	52141	52142	4	V4
4878	52142	52143	4	V4
4879	52143	52144	3	V3
4880	52144	52145	3	V3
4881	52145	52146	3	V3
4882	52146	52147	2	V2
4883	52147	52148	2	V2
4884	52148	52149	2	V2
4885	52149	52150	2	V2
4886	52150	52151	2	V2
4887	52151	52152	1	V1
4888	52152	52153	1	V1
4889	52153	52154	1	V1
4890	52154	52155	1	V1
4891	52155	52156	1	V1
4892	52156	52157	1	V1
4893	52157	52158	8	FFC
4894	52158	52159	8	FFC
4895	52159	52160	8	FFC
4896	52160	52161	8	FFC
4897	52161	52162	8	FFC
4898	52162	52163	8	FFC
4899	52163	52164	8	FFC
4900	52164	52165	8	FFC
4901	52165	52166	8	FFC
4902	52166	52167	5	V8
4903	52167	52168	5	V8
4904	52168	52169	5	V8
4905	52169	52170	5	V8
4906	52170	52171	4	V4
4907	52171	52172	4	V4
4908	52172	52173	4	V4
4909	52173	52174	4	V4
4910	52174	52175	3	V3
4911	52175	52176	3	V3
4912	52176	52177	3	V3
4913	52177	52178	2	V2
4914	52178	52179	2	V2
4915	52179	52180	2	V2
4916	52180	52181	2	V2
4917	52181	52182	2	V2
4918	52182	52183	1	V1
4919	52183	52184	1	V1
4920	52184	52185	1	V1
4921	52185	52186	1	V1
4922	52186	52187	1	V1
4923	52187	52188	1	V1
4924	52188	52189	8	FFC
4925	52189	52190	8	FFC
4926	52190	52191	8	FFC
4927	52191	52192	8	FFC
4928	52192	52193	8	FFC
4929	52193	52194	8	FFC
4930	52194	52195	8	FFC
4931	52195	52196	8	FFC
4932	52196	52197	5	V8
4933	52197	52198	5	V8
4934	52198	52199	5	V8
4935	52199	52200	5	V8
4936	52200	52201	5	V8
4937	52201	52202	4	V4
4938	52202	52203	4	V4
4939	52203	52204	4	V4
4940	52204	52205	4	V4
4941	52205	52206	3	V3
4942	52206	52207	3	V3
4943	52207	52208	3	V3
4944	52208	52209	2	V2
4945	52209	52210	2	V2
4946	52210	52211	2	V2
4947	52211	52212	2	V2
4948	52212	52213	2	V2
4949	52213	52214	1	V1
4950	52214	52215	1	V1
4951	52215	52216	1	V1
4952	52216	52217	1	V1
4953	52217	52218	1	V1
4954	52218	52219	8	FFC
4955	52219	52220	8	FFC
4956	52220	52221	8	FFC
4957	52221	52222	8	FFC
4958	52222	52223	8	FFC
4959	52223	52224	8	FFC
4960	52224	52225	8	FFC
4961	52225	52226	8	FFC
4962	52226	52227	5	V8
4963	52227	52228	5	V8
4964	52228	52229	5	V8
4965	52229	52230	5	V8
4966	52230	52231	5	V8
4967	52231	52232	4	V4
4968	52232	52233	4	V4
4969	52233	52234	4	V4
4970	52234	52235	3	V3
4971	52235	52236	3	V3
4972	52236	52237	3	V3
4973	52237	52238	2	V2
4974	52238	52239	2	V2
4975	52239	52240	2	V2
4976	52240	52241	2	V2
4977	52241	52242	2	V2
4978	52242	52243	2	V2
4979	52243	52244	1	V1
4980	52244	52245	1	V1
4981	52245	52246	1	V1
4982	52246	52247	1	V1
4983	52247	52248	8	FFC
4984	52248	52249	8	FFC
4985	52249	52250	8	FFC
4986	52250	52251	8	FFC
4987	52251	52252	8	FFC
4988	52252	52253	8	FFC
4989	52253	52254	8	FFC
4990	52254	52255	5	V8
4991	52255	52256	5	V8
4992	52256	52257	5	V8
4993	52257	52258	5	V8
4994	52258	52259	5	V8
4995	52259	52260	4	V4
4996	52260	52261	4	V4
4997	52261	52262	4	V4
4998	52262	52263	4	V4
4999	52263	52264	3	V3
5000	52264	52265	3	V3
5001	52265	52266	3	V3
5002	52266	52267	2	V2
5003	52267	52268	2	V2
5004	52268	52269	2	V2
5005	52269	52270	2	V2
5006	52270	52271	2	V2
5007	52271	52272	1	V1
5008	52272	52273	1	V1
5009	52273	52274	1	V1
5010	52274	52275	1	V1
5011	52275	52276	8	FFC
5012	52276	52277	8	FFC
5013	52277	52278	8	FFC
5014	52278	52279	8	FFC
5015	52279	52280	8	FFC
5016	52280	52281	8	FFC
5017	52281	52282	5	V8
5018	52282	52283	5	V8
5019	52283	52284	5	V8
5020	52284	52285	5	V8
5021	52285	52286	5	V8
5022	52286	52287	5	V8
5023	52287	52288	4	V4
5024	52288	52289	4	V4
5025	52289	52290	4	V4
5026	52290	52291	4	V4
5027	52291	52292	3	V3
5028	52292	52293	3	V3
5029	52293	52294	2	V2
5030	52294	52295	2	V2
5031	52295	52296	2	V2
5032	52296	52297	2	V2
5033	52297	52298	2	V2
5034	52298	52299	2	V2
5035	52299	52300	1	V1
5036	52300	52301	1	V1
5037	52301	52302	1	V1
5038	52302	52303	8	FFC
5039	52303	52304	8	FFC
5040	52304	52305	8	FFC
5041	52305	52306	8	FFC
5042	52306	52307	8	FFC
5043	52307	52308	9	VVC
5044	52308	52309	5	V8
5045	52309	52310	5	V8
5046	52310	52311	5	V8
5047	52311	52312	5	V8
5048	52312	52313	5	V8
5049	52313	52314	4	V4
5050	52314	52315	4	V4
5051	52315	52316	4	V4
5052	52316	52317	4	V4
5053	52317	52318	3	V3
5054	52318	52319	3	V3
5055	52319	52320	3	V3
5056	52320	52321	2	V2
5057	52321	52322	2	V2
5058	52322	52323	2	V2
5059	52323	52324	2	V2
5060	52324	52325	2	V2
5061	52325	52326	2	V2
5062	52326	52327	1	V1
5063	52327	52328	1	V1
5064	52328	52329	8	FFC
5065	52329	52330	8	FFC
5066	52330	52331	8	FFC
5067	52331	52332	9	VVC
5068	52332	52333	9	VVC
5069	52333	52334	5	V8
5070	52334	52335	5	V8
5071	52335	52336	5	V8
5072	52336	52337	5	V8
5073	52337	52338	5	V8
5074	52338	52339	4	V4
5075	52339	52340	4	V4
5076	52340	52341	4	V4
5077	52341	52342	4	V4
5078	52342	52343	4	V4
5079	52343	52344	3	V3
5080	52344	52345	3	V3
5081	52345	52346	2	V2
5082	52346	52347	2	V2
5083	52347	52348	2	V2
5084	52348	52349	2	V2
5085	52349	52350	2	V2
5086	52350	52351	2	V2
5087	52351	52352	1	V1
5088	52352	52353	1	V1
5089	52353	52354	8	FFC
5090	52354	52355	8	FFC
5091	52355	52356	9	VVC
5092	52356	52357	9	VVC
5093	52357	52358	9	VVC
5094	52358	52359	5	V8
5095	52359	52360	5	V8
5096	52360	52361	5	V8
5097	52361	52362	5	V8
5098	52362	52363	5	V8
5099	52363	52364	4	V4
5100	52364	52365	4	V4
5101	52365	52366	4	V4
5102	52366	52367	4	V4
5103	52367	52368	3	V3
5104	52368	52369	3	V3
5105	52369	52370	3	V3
5106	52370	52371	2	V2
5107	52371	52372	2	V2
5108	52372	52373	2	V2
5109	52373	52374	2	V2
5110	52374	52375	2	V2
5111	52375	52376	2	V2
5112	52376	52377	1	V1
5113	52377	52378	8	FFC
5114	52378	52379	9	VVC
5115	52379	52380	9	VVC
5116	52380	52381	9	VVC
5117	52381	52382	9	VVC
5118	52382	52383	5	V8
5119	52383	52384	5	V8
5120	52384	52385	5	V8
5121	52385	52386	5	V8
5122	52386	52387	4	V4
5123	52387	52388	4	V4
5124	52388	52389	4	V4
5125	52389	52390	4	V4
5126	52390	52391	4	V4
5127	52391	52392	3	V3
5128	52392	52393	3	V3
5129	52393	52394	2	V2
5130	52394	52395	2	V2
5131	52395	52396	2	V2
5132	52396	52397	2	V2
5133	52397	52398	2	V2
5134	52398	52399	2	V2
5135	52399	52400	2	V2
5136	52400	52401	9	VVC
5137	52401	52402	9	VVC
5138	52402	52403	9	VVC
5139	52403	52404	9	VVC
5140	52404	52405	9	VVC
5141	52405	52406	5	V8
5142	52406	52407	5	V8
5143	52407	52408	5	V8
5144	52408	52409	4	V4
5145	52409	52410	4	V4
5146	52410	52411	4	V4
5147	52411	52412	4	V4
5148	52412	52413	4	V4
5149	52413	52414	3	V3
5150	52414	52415	3	V3
5151	52415	52416	3	V3
5152	52416	52417	2	V2
5153	52417	52418	2	V2
5154	52418	52419	2	V2
5155	52419	52420	2	V2
5156	52420	52421	2	V2
5157	52421	52422	2	V2
5158	52422	52423	9	VVC
5159	52423	52424	9	VVC
5160	52424	52425	9	VVC
5161	52425	52426	9	VVC
5162	52426	52427	6	VMV
5163	52427	52428	5	V8
5164	52428	52429	5	V8
5165	52429	52430	4	V4
5166	52430	52431	4	V4
5167	52431	52432	4	V4
5168	52432	52433	4	V4
5169	52433	52434	4	V4
5170	52434	52435	4	V4
5171	52435	52436	3	V3
5172	52436	52437	3	V3
5173	52437	52438	3	V3
5174	52438	52439	2	V2
5175	52439	52440	2	V2
5176	52440	52441	2	V2
5177	52441	52442	2	V2
5178	52442	52443	2	V2
5179	52443	52444	9	VVC
5180	52444	52445	9	VVC
5181	52445	52446	9	VVC
5182	52446	52447	6	VMV
5183	52447	52448	6	VMV
5184	52448	52449	6	VMV
5185	52449	52450	4	V4
5186	52450	52451	4	V4
5187	52451	52452	4	V4
5188	52452	52453	4	V4
5189	52453	52454	4	V4
5190	52454	52455	4	V4
5191	52455	52456	3	V3
5192	52456	52457	3	V3
5193	52457	52458	3	V3
5194	52458	52459	2	V2
5195	52459	52460	2	V2
5196	52460	52461	2	V2
5197	52461	52462	2	V2
5198	52462	52463	2	V2
5199	52463	52464	9	VVC
5200	52464	52465	9	VVC
5201	52465	52466	9	VVC
5202	52466	52467	6	VMV
5203	52467	52468	6	VMV
5204	52468	52469	6	VMV
5205	52469	52470	4	V4
5206	52470	52471	4	V4
5207	52471	52472	4	V4
5208	52472	52473	4	V4
5209	52473	52474	4	V4
5210	52474	52475	4	V4
5211	52475	52476	3	V3
5212	52476	52477	3	V3
5213	52477	52478	2	V2
5214	52478	52479	2	V2
5215	52479	52480	2	V2
5216	52480	52481	2	V2
5217	52481	52482	2	V2
5218	52482	52483	9	VVC
5219	52483	52484	9	VVC
5220	52484	52485	6	VMV
5221	52485	52486	6	VMV
5222	52486	52487	6	VMV
5223	52487	52488	6	VMV
5224	52488	52489	4	V4
5225	52489	52490	4	V4
5226	52490	52491	4	V4
5227	52491	52492	4	V4
5228	52492	52493	4	V4
5229	52493	52494	3	V3
5230	52494	52495	3	V3
5231	52495	52496	3	V3
5232	52496	52497	2	V2
5233	52497	52498	2	V2
5234	52498	52499	2	V2
5235	52499	52500	2	V2
5236	52500	52501	9	VVC
5237	52501	52502	6	VMV
5238	52502	52503	6	VMV
5239	52503	52504	6	VMV
5240	52504	52505	6	VMV
5241	52505	52506	4	V4
5242	52506	52507	4	V4
5243	52507	52508	4	V4
5244	52508	52509	4	V4
5245	52509	52510	4	V4
5246	52510	52511	4	V4
5247	52511	52512	3	V3
5248	52512	52513	3	V3
5249	52513	52514	2	V2
5250	52514	52515	2	V2
5251	52515	52516	2	V2
5252	52516	52517	2	V2
5253	52517	52518	6	VMV
5254	52518	52519	6	VMV
5255	52519	52520	6	VMV
5256	52520	52521	6	VMV
5257	52521	52522	6	VMV
5258	52522	52523	4	V4
5259	52523	52524	4	V4
5260	52524	52525	4	V4
5261	52525	52526	4	V4
5262	52526	52527	4	V4
5263	52527	52528	3	V3
5264	52528	52529	3	V3
5265	52529	52530	3	V3
5266	52530	52531	2	V2
5267	52531	52532	2	V2
5268	52532	52533	2	V2
5269	52533	52534	6	VMV
5270	52534	52535	6	VMV
5271	52535	52536	6	VMV
5272	52536	52537	6	VMV
5273	52537	52538	6	VMV
5274	52538	52539	4	V4
5275	52539	52540	4	V4
5276	52540	52541	4	V4
5277	52541	52542	4	V4
5278	52542	52543	4	V4
5279	52543	52544	3	V3
5280	52544	52545	3	V3
5281	52545	52546	2	V2
5282	52546	52547	2	V2
5283	52547	52548	2	V2
5284	52548	52549	6	VMV
5285	52549	52550	6	VMV
5286	52550	52551	6	VMV
5287	52551	52552	6	VMV
5288	52552	52553	4	V4
5289	52553	52554	4	V4
5290	52554	52555	4	V4
5291	52555	52556	4	V4
5292	52556	52557	4	V4
5293	52557	52558	3	V3
5294	52558	52559	3	V3
5295	52559	52560	3	V3
5296	52560	52561	2	V2
5297	52561	52562	2	V2
5298	52562	52563	6	VMV
5299	52563	52564	6	VMV
5300	52564	52565	6	VMV
5301	52565	52566	6	VMV
5302	52566	52567	4	V4
5303	52567	52568	4	V4
5304	52568	52569	4	V4
5305	52569	52570	4	V4
5306	52570	52571	4	V4
5307	52571	52572	3	V3
5308	52572	52573	3	V3
5309	52573	52574	2	V2
5310	52574	52575	2	V2
5311	52575	52576	6	VMV
5312	52576	52577	6	VMV
5313	52577	52578	6	VMV
5314	52578	52579	6	VMV
5315	52579	52580	4	V4
5316	52580	52581	4	V4
5317	52581	52582	4	V4
5318	52582	52583	4	V4
5319	52583	52584	3	V3
5320	52584	52585	3	V3
5321	52585	52586	3	V3
5322	52586	52587	2	V2
5323	52587	52588	6	VMV
5324	52588	52589	6	VMV
5325	52589	52590	6	VMV
5326	52590	52591	4	V4
5327	52591	52592	4	V4
5328	52592	52593	4	V4
5329	52593	52594	4	V4
5330	52594	52595	3	V3
5331	52595	52596	3	V3
5332	52596	52597	3	V3
5333	52597	52598	2	V2
5334	52598	52599	6	VMV
5335	52599	52600	6	VMV
5336	52600	52601	6	VMV
5337	52601	52602	6	VMV
5338	52602	52603	4	V4
5339	52603	52604	4	V4
5340	52604	52605	4	V4
5341	52605	52606	3	V3
5342	52606	52607	3	V3
5343	52607	52608	3	V3
5344	52608	52609	6	VMV
5345	52609	52610	6	VMV
5346	52610	52611	6	VMV
5347	52611	52612	6	VMV
5348	52612	52613	6	VMV
5349	52613	52614	4	V4
5350	52614	52615	3	V3
5351	52615	52616	3	V3
5352	52616	52617	3	V3
5353	52617	52618	6	VMV
5354	52618	52619	6	VMV
5355	52619	52620	6	VMV
5356	52620	52621	6	VMV
5357	52621	52622	6	VMV
5358	52622	52623	6	VMV
5359	52623	52624	6	VMV
5360	52624	52625	3	V3
5361	52625	52626	6	VMV
5362	52626	52627	6	VMV
5363	52627	52628	6	VMV
5364	52628	52629	6	VMV
5365	52629	52630	6	VMV
5366	52630	52631	6	VMV
5367	52631	52632	6	VMV
5368	52632	52633	6	VMV
5369	52633	52634	6	VMV
5370	52634	52635	6	VMV
5371	52635	52636	6	VMV
5372	52636	52637	6	VMV
5373	52637	52638	6	VMV
5374	52638	52639	6	VMV
5375	52639	52640	6	VMV
5376	52640	52641	6	VMV
5377	52641	52642	6	VMV
5378	52642	52643	6	VMV
5379	52643	52644	6	VMV
5380	52644	52645	6	VMV
5381	52645	52646	6	VMV
5382	52646	52647	6	VMV
5383	52647	52648	6	VMV
5384	52648	52649	6	VMV
5385	52649	52650	6	VMV
5386	52650	52651	6	VMV
5387	52651	52652	6	VMV
5388	52652	52653	6	VMV
5389	52653	52654	6	VMV
5390	52654	52655	6	VMV
5391	52655	52656	6	VMV
5392	52656	52657	6	VMV
5393	52657	52658	6	VMV
5394	52658	52659	6	VMV
5395	52659	52660	6	VMV
5396	52660	52661	2	V2
5397	52661	52662	2	V2
5398	52662	52663	2	V2
5399	52663	52664	2	V2
5400	52664	52665	2	V2
5401	52665	52666	2	V2
5402	52666	52667	2	V2
5403	52667	52668	2	V2
5404	52668	52669	2	V2
5405	52669	52670	2	V2
5406	52670	52671	2	V2
5407	52671	52672	2	V2
5408	52672	52673	2	V2
5409	52673	52674	2	V2
5410	52674	52675	1	V1
5411	52675	52676	1	V1
5412	52676	52677	1	V1
5413	52677	52678	1	V1
5414	52678	52679	1	V1
5415	52679	52680	1	V1
5416	52680	52681	1	V1
5417	52681	52682	1	V1
5418	52682	52683	1	V1
5419	52683	52684	1	V1
5420	52684	52685	1	V1
5421	52685	52686	1	V1
5422	52686	52687	1	V1
5423	52687	52688	1	V1
5424	52688	52689	1	V1
5425	52689	52690	1	V1
5426	52690	52691	1	V1
5427	52691	52692	1	V1
5428	52692	52693	1	V1
5429	52693	52694	1	V1
5430	52694	52695	2	V2
5431	52695	52696	2	V2
5432	52696	52697	2	V2
5433	52697	52698	2	V2
5434	52698	52699	2	V2
5435	52699	52700	2	V2
5436	52700	52701	2	V2
5437	52701	52702	3	V3
5438	52702	52703	3	V3
5439	52703	52704	3	V3
5440	52704	52705	3	V3
5441	52705	52706	3	V3
5442	52706	52707	3	V3
5443	52707	52708	3	V3
5444	52708	52709	6	VMV
5445	52709	52710	6	VMV
5446	52710	52711	6	VMV
5447	52711	52712	6	VMV
5448	52712	52713	6	VMV
5449	52713	52714	6	VMV
5450	52714	52715	2	V2
5451	52715	52716	2	V2
5452	52716	52717	2	V2
5453	52717	52718	2	V2
5454	52718	52719	2	V2
5455	52719	52720	2	V2
5456	52720	52721	2	V2
5457	52721	52722	2	V2
5458	52722	52723	2	V2
5459	52723	52724	2	V2
5460	52724	52725	2	V2
5461	52725	52726	2	V2
5462	52726	52727	2	V2
5463	52727	52728	2	V2
5464	52728	52729	1	V1
5465	52729	52730	1	V1
5466	52730	52731	1	V1
5467	52731	52732	1	V1
5468	52732	52733	1	V1
5469	52733	52734	1	V1
5470	52734	52735	1	V1
5471	52735	52736	1	V1
5472	52736	52737	1	V1
5473	52737	52738	1	V1
5474	52738	52739	1	V1
5475	52739	52740	1	V1
5476	52740	52741	1	V1
5477	52741	52742	1	V1
5478	52742	52743	1	V1
5479	52743	52744	1	V1
5480	52744	52745	1	V1
5481	52745	52746	1	V1
5482	52746	52747	1	V1
5483	52747	52748	1	V1
5484	52748	52749	2	V2
5485	52749	52750	2	V2
5486	52750	52751	2	V2
5487	52751	52752	2	V2
5488	52752	52753	2	V2
5489	52753	52754	2	V2
5490	52754	52755	2	V2
5491	52755	52756	3	V3
5492	52756	52757	3	V3
5493	52757	52758	3	V3
5494	52758	52759	3	V3
5495	52759	52760	3	V3
5496	52760	52761	3	V3
5497	52761	52762	3	V3
5498	52762	52763	6	VMV
5499	52763	52764	6	VMV
5500	52764	52765	6	VMV
5501	52765	52766	6	VMV
5502	52766	52767	6	VMV
5503	52767	52768	6	VMV
5504	52768	52769	2	V2
5505	52769	52770	2	V2
5506	52770	52771	2	V2
5507	52771	52772	2	V2
5508	52772	52773	2	V2
5509	52773	52774	2	V2
5510	52774	52775	2	V2
5511	52775	52776	2	V2
5512	52776	52777	2	V2
5513	52777	52778	2	V2
5514	52778	52779	2	V2
5515	52779	52780	2	V2
5516	52780	52781	1	V1
5517	52781	52782	1	V1
5518	52782	52783	1	V1
5519	52783	52784	1	V1
5520	52784	52785	1	V1
5521	52785	52786	1	V1
5522	52786	52787	1	V1
5523	52787	52788	1	V1
5524	52788	52789	1	V1
5525	52789	52790	1	V1
5526	52790	52791	1	V1
5527	52791	52792	1	V1
5528	52792	52793	1	V1
5529	52793	52794	1	V1
5530	52794	52795	1	V1
5531	52795	52796	1	V1
5532	52796	52797	1	V1
5533	52797	52798	1	V1
5534	52798	52799	1	V1
5535	52799	52800	1	V1
5536	52800	52801	1	V1
5537	52801	52802	2	V2
5538	52802	52803	2	V2
5539	52803	52804	2	V2
5540	52804	52805	2	V2
5541	52805	52806	2	V2
5542	52806	52807	2	V2
5543	52807	52808	2	V2
5544	52808	52809	3	V3
5545	52809	52810	3	V3
5546	52810	52811	3	V3
5547	52811	52812	3	V3
5548	52812	52813	3	V3
5549	52813	52814	3	V3
5550	52814	52815	3	V3
5551	52815	52816	6	VMV
5552	52816	52817	6	VMV
5553	52817	52818	6	VMV
5554	52818	52819	6	VMV
5555	52819	52820	6	VMV
5556	52820	52821	2	V2
5557	52821	52822	2	V2
5558	52822	52823	2	V2
5559	52823	52824	2	V2
5560	52824	52825	2	V2
5561	52825	52826	2	V2
5562	52826	52827	2	V2
5563	52827	52828	2	V2
5564	52828	52829	2	V2
5565	52829	52830	2	V2
5566	52830	52831	2	V2
5567	52831	52832	2	V2
5568	52832	52833	1	V1
5569	52833	52834	1	V1
5570	52834	52835	1	V1
5571	52835	52836	1	V1
5572	52836	52837	1	V1
5573	52837	52838	1	V1
5574	52838	52839	1	V1
5575	52839	52840	1	V1
5576	52840	52841	1	V1
5577	52841	52842	1	V1
5578	52842	52843	1	V1
5579	52843	52844	1	V1
5580	52844	52845	1	V1
5581	52845	52846	1	V1
5582	52846	52847	1	V1
5583	52847	52848	1	V1
5584	52848	52849	1	V1
5585	52849	52850	1	V1
5586	52850	52851	1	V1
5587	52851	52852	1	V1
5588	52852	52853	1	V1
5589	52853	52854	2	V2
5590	52854	52855	2	V2
5591	52855	52856	2	V2
5592	52856	52857	2	V2
5593	52857	52858	2	V2
5594	52858	52859	2	V2
5595	52859	52860	2	V2
5596	52860	52861	3	V3
5597	52861	52862	3	V3
5598	52862	52863	3	V3
5599	52863	52864	3	V3
5600	52864	52865	3	V3
5601	52865	52866	3	V3
5602	52866	52867	3	V3
5603	52867	52868	6	VMV
5604	52868	52869	6	VMV
5605	52869	52870	6	VMV
5606	52870	52871	6	VMV
5607	52871	52872	2	V2
5608	52872	52873	2	V2
5609	52873	52874	2	V2
5610	52874	52875	2	V2
5611	52875	52876	2	V2
5612	52876	52877	2	V2
5613	52877	52878	2	V2
5614	52878	52879	2	V2
5615	52879	52880	2	V2
5616	52880	52881	2	V2
5617	52881	52882	2	V2
5618	52882	52883	2	V2
5619	52883	52884	1	V1
5620	52884	52885	1	V1
5621	52885	52886	1	V1
5622	52886	52887	1	V1
5623	52887	52888	1	V1
5624	52888	52889	1	V1
5625	52889	52890	1	V1
5626	52890	52891	1	V1
5627	52891	52892	1	V1
5628	52892	52893	1	V1
5629	52893	52894	1	V1
5630	52894	52895	1	V1
5631	52895	52896	1	V1
5632	52896	52897	1	V1
5633	52897	52898	1	V1
5634	52898	52899	1	V1
5635	52899	52900	1	V1
5636	52900	52901	1	V1
5637	52901	52902	1	V1
5638	52902	52903	1	V1
5639	52903	52904	1	V1
5640	52904	52905	2	V2
5641	52905	52906	2	V2
5642	52906	52907	2	V2
5643	52907	52908	2	V2
5644	52908	52909	2	V2
5645	52909	52910	2	V2
5646	52910	52911	2	V2
5647	52911	52912	3	V3
5648	52912	52913	3	V3
5649	52913	52914	3	V3
5650	52914	52915	3	V3
5651	52915	52916	3	V3
5652	52916	52917	3	V3
5653	52917	52918	3	V3
5654	52918	52919	6	VMV
5655	52919	52920	6	VMV
5656	52920	52921	6	VMV
5657	52921	52922	2	V2
5658	52922	52923	2	V2
5659	52923	52924	2	V2
5660	52924	52925	2	V2
5661	52925	52926	2	V2
5662	52926	52927	2	V2
5663	52927	52928	2	V2
5664	52928	52929	2	V2
5665	52929	52930	2	V2
5666	52930	52931	2	V2
5667	52931	52932	2	V2
5668	52932	52933	1	V1
5669	52933	52934	1	V1
5670	52934	52935	1	V1
5671	52935	52936	1	V1
5672	52936	52937	1	V1
5673	52937	52938	1	V1
5674	52938	52939	1	V1
5675	52939	52940	1	V1
5676	52940	52941	1	V1
5677	52941	52942	1	V1
5678	52942	52943	1	V1
5679	52943	52944	1	V1
5680	52944	52945	1	V1
5681	52945	52946	1	V1
5682	52946	52947	1	V1
5683	52947	52948	1	V1
5684	52948	52949	1	V1
5685	52949	52950	1	V1
5686	52950	52951	1	V1
5687	52951	52952	1	V1
5688	52952	52953	1	V1
5689	52953	52954	1	V1
5690	52954	52955	2	V2
5691	52955	52956	2	V2
5692	52956	52957	2	V2
5693	52957	52958	2	V2
5694	52958	52959	2	V2
5695	52959	52960	2	V2
5696	52960	52961	2	V2
5697	52961	52962	3	V3
5698	52962	52963	3	V3
5699	52963	52964	3	V3
5700	52964	52965	3	V3
5701	52965	52966	3	V3
5702	52966	52967	3	V3
5703	52967	52968	3	V3
5704	52968	52969	6	VMV
5705	52969	52970	6	VMV
5706	52970	52971	2	V2
5707	52971	52972	2	V2
5708	52972	52973	2	V2
5709	52973	52974	2	V2
5710	52974	52975	2	V2
5711	52975	52976	2	V2
5712	52976	52977	2	V2
5713	52977	52978	2	V2
5714	52978	52979	2	V2
5715	52979	52980	2	V2
5716	52980	52981	2	V2
5717	52981	52982	1	V1
5718	52982	52983	1	V1
5719	52983	52984	1	V1
5720	52984	52985	1	V1
5721	52985	52986	1	V1
5722	52986	52987	1	V1
5723	52987	52988	1	V1
5724	52988	52989	1	V1
5725	52989	52990	1	V1
5726	52990	52991	1	V1
5727	52991	52992	1	V1
5728	52992	52993	1	V1
5729	52993	52994	1	V1
5730	52994	52995	1	V1
5731	52995	52996	1	V1
5732	52996	52997	1	V1
5733	52997	52998	1	V1
5734	52998	52999	1	V1
5735	52999	53000	1	V1
5736	53000	53001	1	V1
5737	53001	53002	1	V1
5738	53002	53003	1	V1
5739	53003	53004	2	V2
5740	53004	53005	2	V2
5741	53005	53006	2	V2
5742	53006	53007	2	V2
5743	53007	53008	2	V2
5744	53008	53009	2	V2
5745	53009	53010	2	V2
5746	53010	53011	3	V3
5747	53011	53012	3	V3
5748	53012	53013	3	V3
5749	53013	53014	3	V3
5750	53014	53015	3	V3
5751	53015	53016	3	V3
5752	53016	53017	3	V3
5753	53017	53018	6	VMV
5754	53018	53019	2	V2
5755	53019	53020	2	V2
5756	53020	53021	2	V2
5757	53021	53022	2	V2
5758	53022	53023	2	V2
5759	53023	53024	2	V2
5760	53024	53025	2	V2
5761	53025	53026	2	V2
5762	53026	53027	2	V2
5763	53027	53028	2	V2
5764	53028	53029	1	V1
5765	53029	53030	1	V1
5766	53030	53031	1	V1
5767	53031	53032	1	V1
5768	53032	53033	1	V1
5769	53033	53034	1	V1
5770	53034	53035	1	V1
5771	53035	53036	1	V1
5772	53036	53037	1	V1
5773	53037	53038	1	V1
5774	53038	53039	1	V1
5775	53039	53040	1	V1
5776	53040	53041	1	V1
5777	53041	53042	1	V1
5778	53042	53043	1	V1
5779	53043	53044	1	V1
5780	53044	53045	1	V1
5781	53045	53046	1	V1
5782	53046	53047	1	V1
5783	53047	53048	1	V1
5784	53048	53049	1	V1
5785	53049	53050	1	V1
5786	53050	53051	1	V1
5787	53051	53052	2	V2
5788	53052	53053	2	V2
5789	53053	53054	2	V2
5790	53054	53055	2	V2
5791	53055	53056	2	V2
5792	53056	53057	2	V2
5793	53057	53058	2	V2
5794	53058	53059	3	V3
5795	53059	53060	3	V3
5796	53060	53061	3	V3
5797	53061	53062	3	V3
5798	53062	53063	3	V3
5799	53063	53064	3	V3
5800	53064	53065	3	V3
5801	53065	53066	2	V2
5802	53066	53067	2	V2
5803	53067	53068	2	V2
5804	53068	53069	2	V2
5805	53069	53070	2	V2
5806	53070	53071	2	V2
5807	53071	53072	2	V2
5808	53072	53073	2	V2
5809	53073	53074	2	V2
5810	53074	53075	1	V1
5811	53075	53076	1	V1
5812	53076	53077	1	V1
5813	53077	53078	1	V1
5814	53078	53079	1	V1
5815	53079	53080	1	V1
5816	53080	53081	1	V1
5817	53081	53082	1	V1
5818	53082	53083	1	V1
5819	53083	53084	1	V1
5820	53084	53085	1	V1
5821	53085	53086	1	V1
5822	53086	53087	1	V1
5823	53087	53088	1	V1
5824	53088	53089	1	V1
5825	53089	53090	1	V1
5826	53090	53091	1	V1
5827	53091	53092	1	V1
5828	53092	53093	1	V1
5829	53093	53094	1	V1
5830	53094	53095	1	V1
5831	53095	53096	1	V1
5832	53096	53097	1	V1
5833	53097	53098	1	V1
5834	53098	53099	2	V2
5835	53099	53100	2	V2
5836	53100	53101	2	V2
5837	53101	53102	2	V2
5838	53102	53103	2	V2
5839	53103	53104	2	V2
5840	53104	53105	2	V2
5841	53105	53106	3	V3
5842	53106	53107	3	V3
5843	53107	53108	3	V3
5844	53108	53109	3	V3
5845	53109	53110	3	V3
5846	53110	53111	3	V3
5847	53111	53112	3	V3
5848	53112	53113	2	V2
5849	53113	53114	2	V2
5850	53114	53115	2	V2
5851	53115	53116	2	V2
5852	53116	53117	2	V2
5853	53117	53118	2	V2
5854	53118	53119	2	V2
5855	53119	53120	2	V2
5856	53120	53121	1	V1
5857	53121	53122	1	V1
5858	53122	53123	1	V1
5859	53123	53124	1	V1
5860	53124	53125	1	V1
5861	53125	53126	1	V1
5862	53126	53127	1	V1
5863	53127	53128	1	V1
5864	53128	53129	1	V1
5865	53129	53130	1	V1
5866	53130	53131	1	V1
5867	53131	53132	1	V1
5868	53132	53133	1	V1
5869	53133	53134	1	V1
5870	53134	53135	1	V1
5871	53135	53136	1	V1
5872	53136	53137	1	V1
5873	53137	53138	1	V1
5874	53138	53139	1	V1
5875	53139	53140	1	V1
5876	53140	53141	1	V1
5877	53141	53142	1	V1
5878	53142	53143	1	V1
5879	53143	53144	1	V1
5880	53144	53145	2	V2
5881	53145	53146	2	V2
5882	53146	53147	2	V2
5883	53147	53148	2	V2
5884	53148	53149	2	V2
5885	53149	53150	2	V2
5886	53150	53151	2	V2
5887	53151	53152	2	V2
5888	53152	53153	3	V3
5889	53153	53154	3	V3
5890	53154	53155	3	V3
5891	53155	53156	3	V3
5892	53156	53157	3	V3
5893	53157	53158	3	V3
5894	53158	53159	2	V2
5895	53159	53160	2	V2
5896	53160	53161	2	V2
5897	53161	53162	2	V2
5898	53162	53163	2	V2
5899	53163	53164	1	V1
5900	53164	53165	1	V1
5901	53165	53166	1	V1
5902	53166	53167	1	V1
5903	53167	53168	1	V1
5904	53168	53169	1	V1
5905	53169	53170	1	V1
5906	53170	53171	1	V1
5907	53171	53172	1	V1
5908	53172	53173	1	V1
5909	53173	53174	1	V1
5910	53174	53175	1	V1
5911	53175	53176	1	V1
5912	53176	53177	1	V1
5913	53177	53178	1	V1
5914	53178	53179	1	V1
5915	53179	53180	1	V1
5916	53180	53181	1	V1
5917	53181	53182	1	V1
5918	53182	53183	1	V1
5919	53183	53184	1	V1
5920	53184	53185	1	V1
5921	53185	53186	1	V1
5922	53186	53187	1	V1
5923	53187	53188	1	V1
5924	53188	53189	1	V1
5925	53189	53190	2	V2
5926	53190	53191	2	V2
5927	53191	53192	2	V2
5928	53192	53193	2	V2
5929	53193	53194	2	V2
5930	53194	53195	2	V2
5931	53195	53196	2	V2
5932	53196	53197	3	V3
5933	53197	53198	3	V3
5934	53198	53199	3	V3
5935	53199	53200	3	V3
5936	53200	53201	3	V3
5937	53201	53202	3	V3
5938	53202	53203	3	V3
5939	53203	53204	2	V2
5940	53204	53205	2	V2
5941	53205	53206	2	V2
5942	53206	53207	1	V1
5943	53207	53208	1	V1
5944	53208	53209	1	V1
5945	53209	53210	1	V1
5946	53210	53211	1	V1
5947	53211	53212	1	V1
5948	53212	53213	1	V1
5949	53213	53214	1	V1
5950	53214	53215	1	V1
5951	53215	53216	1	V1
5952	53216	53217	1	V1
5953	53217	53218	1	V1
5954	53218	53219	1	V1
5955	53219	53220	1	V1
5956	53220	53221	1	V1
5957	53221	53222	1	V1
5958	53222	53223	1	V1
5959	53223	53224	1	V1
5960	53224	53225	1	V1
5961	53225	53226	1	V1
5962	53226	53227	1	V1
5963	53227	53228	1	V1
5964	53228	53229	1	V1
5965	53229	53230	1	V1
5966	53230	53231	1	V1
5967	53231	53232	1	V1
5968	53232	53233	1	V1
5969	53233	53234	2	V2
5970	53234	53235	2	V2
5971	53235	53236	2	V2
5972	53236	53237	2	V2
5973	53237	53238	2	V2
5974	53238	53239	2	V2
5975	53239	53240	2	V2
5976	53240	53241	2	V2
5977	53241	53242	3	V3
5978	53242	53243	3	V3
5979	53243	53244	3	V3
5980	53244	53245	3	V3
5981	53245	53246	3	V3
5982	53246	53247	3	V3
5983	53247	53248	2	V2
5984	53248	53249	1	V1
5985	53249	53250	1	V1
5986	53250	53251	1	V1
5987	53251	53252	1	V1
5988	53252	53253	1	V1
5989	53253	53254	1	V1
5990	53254	53255	1	V1
5991	53255	53256	1	V1
5992	53256	53257	1	V1
5993	53257	53258	1	V1
5994	53258	53259	1	V1
5995	53259	53260	1	V1
5996	53260	53261	1	V1
5997	53261	53262	1	V1
5998	53262	53263	1	V1
5999	53263	53264	1	V1
6000	53264	53265	1	V1
6001	53265	53266	1	V1
6002	53266	53267	1	V1
6003	53267	53268	1	V1
6004	53268	53269	1	V1
6005	53269	53270	1	V1
6006	53270	53271	1	V1
6007	53271	53272	1	V1
6008	53272	53273	1	V1
6009	53273	53274	1	V1
6010	53274	53275	1	V1
6011	53275	53276	1	V1
6012	53276	53277	2	V2
6013	53277	53278	2	V2
6014	53278	53279	2	V2
6015	53279	53280	2	V2
6016	53280	53281	2	V2
6017	53281	53282	2	V2
6018	53282	53283	2	V2
6019	53283	53284	2	V2
6020	53284	53285	3	V3
6021	53285	53286	3	V3
6022	53286	53287	3	V3
6023	53287	53288	3	V3
6024	53288	53289	3	V3
6025	53289	53290	3	V3
6026	53290	53291	1	V1
6027	53291	53292	1	V1
6028	53292	53293	1	V1
6029	53293	53294	1	V1
6030	53294	53295	1	V1
6031	53295	53296	1	V1
6032	53296	53297	1	V1
6033	53297	53298	1	V1
6034	53298	53299	1	V1
6035	53299	53300	1	V1
6036	53300	53301	1	V1
6037	53301	53302	1	V1
6038	53302	53303	1	V1
6039	53303	53304	1	V1
6040	53304	53305	1	V1
6041	53305	53306	1	V1
6042	53306	53307	1	V1
6043	53307	53308	1	V1
6044	53308	53309	1	V1
6045	53309	53310	1	V1
6046	53310	53311	1	V1
6047	53311	53312	1	V1
6048	53312	53313	1	V1
6049	53313	53314	1	V1
6050	53314	53315	1	V1
6051	53315	53316	1	V1
6052	53316	53317	1	V1
6053	53317	53318	1	V1
6054	53318	53319	2	V2
6055	53319	53320	2	V2
6056	53320	53321	2	V2
6057	53321	53322	2	V2
6058	53322	53323	2	V2
6059	53323	53324	2	V2
6060	53324	53325	2	V2
6061	53325	53326	2	V2
6062	53326	53327	3	V3
6063	53327	53328	3	V3
6064	53328	53329	3	V3
6065	53329	53330	3	V3
6066	53330	53331	3	V3
6067	53331	53332	3	V3
6068	53332	53333	1	V1
6069	53333	53334	1	V1
6070	53334	53335	1	V1
6071	53335	53336	1	V1
6072	53336	53337	1	V1
6073	53337	53338	1	V1
6074	53338	53339	1	V1
6075	53339	53340	1	V1
6076	53340	53341	1	V1
6077	53341	53342	1	V1
6078	53342	53343	1	V1
6079	53343	53344	1	V1
6080	53344	53345	1	V1
6081	53345	53346	1	V1
6082	53346	53347	1	V1
6083	53347	53348	1	V1
6084	53348	53349	1	V1
6085	53349	53350	1	V1
6086	53350	53351	1	V1
6087	53351	53352	1	V1
6088	53352	53353	1	V1
6089	53353	53354	1	V1
6090	53354	53355	1	V1
6091	53355	53356	1	V1
6092	53356	53357	1	V1
6093	53357	53358	1	V1
6094	53358	53359	1	V1
6095	53359	53360	2	V2
6096	53360	53361	2	V2
6097	53361	53362	2	V2
6098	53362	53363	2	V2
6099	53363	53364	2	V2
6100	53364	53365	2	V2
6101	53365	53366	2	V2
6102	53366	53367	2	V2
6103	53367	53368	3	V3
6104	53368	53369	3	V3
6105	53369	53370	3	V3
6106	53370	53371	3	V3
6107	53371	53372	3	V3
6108	53372	53373	3	V3
6109	53373	53374	1	V1
6110	53374	53375	1	V1
6111	53375	53376	1	V1
6112	53376	53377	1	V1
6113	53377	53378	1	V1
6114	53378	53379	1	V1
6115	53379	53380	1	V1
6116	53380	53381	1	V1
6117	53381	53382	1	V1
6118	53382	53383	1	V1
6119	53383	53384	1	V1
6120	53384	53385	1	V1
6121	53385	53386	1	V1
6122	53386	53387	1	V1
6123	53387	53388	1	V1
6124	53388	53389	1	V1
6125	53389	53390	1	V1
6126	53390	53391	1	V1
6127	53391	53392	1	V1
6128	53392	53393	1	V1
6129	53393	53394	1	V1
6130	53394	53395	1	V1
6131	53395	53396	1	V1
6132	53396	53397	1	V1
6133	53397	53398	1	V1
6134	53398	53399	1	V1
6135	53399	53400	2	V2
6136	53400	53401	2	V2
6137	53401	53402	2	V2
6138	53402	53403	2	V2
6139	53403	53404	2	V2
6140	53404	53405	2	V2
6141	53405	53406	2	V2
6142	53406	53407	2	V2
6143	53407	53408	3	V3
6144	53408	53409	3	V3
6145	53409	53410	3	V3
6146	53410	53411	3	V3
6147	53411	53412	3	V3
6148	53412	53413	3	V3
6149	53413	53414	1	V1
6150	53414	53415	1	V1
6151	53415	53416	1	V1
6152	53416	53417	1	V1
6153	53417	53418	1	V1
6154	53418	53419	1	V1
6155	53419	53420	1	V1
6156	53420	53421	1	V1
6157	53421	53422	1	V1
6158	53422	53423	1	V1
6159	53423	53424	1	V1
6160	53424	53425	1	V1
6161	53425	53426	1	V1
6162	53426	53427	1	V1
6163	53427	53428	1	V1
6164	53428	53429	1	V1
6165	53429	53430	1	V1
6166	53430	53431	1	V1
6167	53431	53432	1	V1
6168	53432	53433	1	V1
6169	53433	53434	1	V1
6170	53434	53435	1	V1
6171	53435	53436	1	V1
6172	53436	53437	1	V1
6173	53437	53438	1	V1
6174	53438	53439	2	V2
6175	53439	53440	2	V2
6176	53440	53441	2	V2
6177	53441	53442	2	V2
6178	53442	53443	2	V2
6179	53443	53444	2	V2
6180	53444	53445	2	V2
6181	53445	53446	2	V2
6182	53446	53447	3	V3
6183	53447	53448	3	V3
6184	53448	53449	3	V3
6185	53449	53450	3	V3
6186	53450	53451	3	V3
6187	53451	53452	3	V3
6188	53452	53453	1	V1
6189	53453	53454	1	V1
6190	53454	53455	1	V1
6191	53455	53456	1	V1
6192	53456	53457	1	V1
6193	53457	53458	1	V1
6194	53458	53459	1	V1
6195	53459	53460	1	V1
6196	53460	53461	1	V1
6197	53461	53462	1	V1
6198	53462	53463	1	V1
6199	53463	53464	1	V1
6200	53464	53465	1	V1
6201	53465	53466	1	V1
6202	53466	53467	1	V1
6203	53467	53468	1	V1
6204	53468	53469	1	V1
6205	53469	53470	1	V1
6206	53470	53471	1	V1
6207	53471	53472	1	V1
6208	53472	53473	1	V1
6209	53473	53474	1	V1
6210	53474	53475	1	V1
6211	53475	53476	1	V1
6212	53476	53477	2	V2
6213	53477	53478	2	V2
6214	53478	53479	2	V2
6215	53479	53480	2	V2
6216	53480	53481	2	V2
6217	53481	53482	2	V2
6218	53482	53483	2	V2
6219	53483	53484	2	V2
6220	53484	53485	3	V3
6221	53485	53486	3	V3
6222	53486	53487	3	V3
6223	53487	53488	3	V3
6224	53488	53489	3	V3
6225	53489	53490	3	V3
6226	53490	53491	1	V1
6227	53491	53492	1	V1
6228	53492	53493	1	V1
6229	53493	53494	1	V1
6230	53494	53495	1	V1
6231	53495	53496	1	V1
6232	53496	53497	1	V1
6233	53497	53498	1	V1
6234	53498	53499	1	V1
6235	53499	53500	1	V1
6236	53500	53501	1	V1
6237	53501	53502	1	V1
6238	53502	53503	1	V1
6239	53503	53504	1	V1
6240	53504	53505	1	V1
6241	53505	53506	1	V1
6242	53506	53507	1	V1
6243	53507	53508	1	V1
6244	53508	53509	1	V1
6245	53509	53510	1	V1
6246	53510	53511	1	V1
6247	53511	53512	1	V1
6248	53512	53513	1	V1
6249	53513	53514	2	V2
6250	53514	53515	2	V2
6251	53515	53516	2	V2
6252	53516	53517	2	V2
6253	53517	53518	2	V2
6254	53518	53519	2	V2
6255	53519	53520	2	V2
6256	53520	53521	2	V2
6257	53521	53522	3	V3
6258	53522	53523	3	V3
6259	53523	53524	3	V3
6260	53524	53525	3	V3
6261	53525	53526	3	V3
6262	53526	53527	3	V3
6263	53527	53528	1	V1
6264	53528	53529	1	V1
6265	53529	53530	1	V1
6266	53530	53531	1	V1
6267	53531	53532	1	V1
6268	53532	53533	1	V1
6269	53533	53534	1	V1
6270	53534	53535	1	V1
6271	53535	53536	1	V1
6272	53536	53537	1	V1
6273	53537	53538	1	V1
6274	53538	53539	1	V1
6275	53539	53540	1	V1
6276	53540	53541	1	V1
6277	53541	53542	1	V1
6278	53542	53543	1	V1
6279	53543	53544	1	V1
6280	53544	53545	1	V1
6281	53545	53546	1	V1
6282	53546	53547	1	V1
6283	53547	53548	1	V1
6284	53548	53549	2	V2
6285	53549	53550	2	V2
6286	53550	53551	2	V2
6287	53551	53552	2	V2
6288	53552	53553	2	V2
6289	53553	53554	2	V2
6290	53554	53555	2	V2
6291	53555	53556	2	V2
6292	53556	53557	2	V2
6293	53557	53558	2	V2
6294	53558	53559	3	V3
6295	53559	53560	3	V3
6296	53560	53561	3	V3
6297	53561	53562	3	V3
6298	53563	53564	1	V1
6299	53564	53565	1	V1
6300	53565	53566	1	V1
6301	53566	53567	1	V1
6302	53567	53568	1	V1
6303	53568	53569	1	V1
6304	53569	53570	1	V1
6305	53570	53571	1	V1
6306	53571	53572	1	V1
6307	53572	53573	1	V1
6308	53573	53574	1	V1
6309	53574	53575	1	V1
6310	53575	53576	1	V1
6311	53576	53577	1	V1
6312	53577	53578	1	V1
6313	53578	53579	1	V1
6314	53579	53580	1	V1
6315	53580	53581	1	V1
6316	53581	53582	1	V1
6317	53582	53583	1	V1
6318	53583	53584	2	V2
6319	53584	53585	2	V2
6320	53585	53586	2	V2
6321	53586	53587	2	V2
6322	53587	53588	2	V2
6323	53588	53589	2	V2
6324	53589	53590	2	V2
6325	53590	53591	2	V2
6326	53591	53592	2	V2
6327	53592	53593	2	V2
6328	53593	53594	3	V3
6329	53594	53595	3	V3
6330	53598	53599	1	V1
6331	53599	53600	1	V1
6332	53600	53601	1	V1
6333	53601	53602	1	V1
6334	53602	53603	1	V1
6335	53603	53604	1	V1
6336	53604	53605	1	V1
6337	53605	53606	1	V1
6338	53606	53607	1	V1
6339	53607	53608	1	V1
6340	53608	53609	1	V1
6341	53609	53610	1	V1
6342	53610	53611	1	V1
6343	53611	53612	1	V1
6344	53612	53613	1	V1
6345	53613	53614	1	V1
6346	53614	53615	1	V1
6347	53615	53616	1	V1
6348	53616	53617	1	V1
6349	53617	53618	2	V2
6350	53618	53619	2	V2
6351	53619	53620	2	V2
6352	53620	53621	2	V2
6353	53621	53622	2	V2
6354	53622	53623	2	V2
6355	53623	53624	2	V2
6356	53624	53625	2	V2
6357	53625	53626	2	V2
6358	53626	53627	2	V2
6359	53632	53633	1	V1
6360	53633	53634	1	V1
6361	53634	53635	1	V1
6362	53635	53636	1	V1
6363	53636	53637	1	V1
6364	53637	53638	1	V1
6365	53638	53639	1	V1
6366	53639	53640	1	V1
6367	53640	53641	1	V1
6368	53641	53642	1	V1
6369	53642	53643	1	V1
6370	53643	53644	1	V1
6371	53644	53645	1	V1
6372	53645	53646	1	V1
6373	53646	53647	1	V1
6374	53647	53648	1	V1
6375	53648	53649	1	V1
6376	53649	53650	2	V2
6377	53650	53651	2	V2
6378	53651	53652	2	V2
6379	53652	53653	2	V2
6380	53653	53654	2	V2
6381	53654	53655	2	V2
6382	53655	53656	2	V2
6383	53656	53657	2	V2
6384	53657	53658	2	V2
6385	53658	53659	2	V2
6386	53665	53666	1	V1
6387	53666	53667	1	V1
6388	53667	53668	1	V1
6389	53668	53669	1	V1
6390	53669	53670	1	V1
6391	53670	53671	1	V1
6392	53671	53672	1	V1
6393	53672	53673	1	V1
6394	53673	53674	1	V1
6395	53674	53675	1	V1
6396	53675	53676	1	V1
6397	53676	53677	1	V1
6398	53677	53678	1	V1
6399	53678	53679	1	V1
6400	53679	53680	1	V1
6401	53680	53681	2	V2
6402	53681	53682	2	V2
6403	53682	53683	2	V2
6404	53683	53684	2	V2
6405	53684	53685	2	V2
6406	53685	53686	2	V2
6407	53686	53687	2	V2
6408	53687	53688	2	V2
6409	53688	53689	2	V2
6410	53689	53690	2	V2
6411	53698	53699	1	V1
6412	53699	53700	1	V1
6413	53700	53701	1	V1
6414	53701	53702	1	V1
6415	53702	53703	1	V1
6416	53703	53704	1	V1
6417	53704	53705	1	V1
6418	53705	53706	1	V1
6419	53706	53707	1	V1
6420	53707	53708	1	V1
6421	53708	53709	1	V1
6422	53709	53710	1	V1
6423	53710	53711	1	V1
6424	53711	53712	2	V2
6425	53712	53713	2	V2
6426	53713	53714	2	V2
6427	53714	53715	2	V2
6428	53715	53716	2	V2
6429	53716	53717	2	V2
6430	53717	53718	2	V2
6431	53718	53719	2	V2
6432	53719	53720	2	V2
6433	53730	53731	1	V1
6434	53731	53732	1	V1
6435	53732	53733	1	V1
6436	53733	53734	1	V1
6437	53734	53735	1	V1
6438	53735	53736	1	V1
6439	53736	53737	1	V1
6440	53737	53738	1	V1
6441	53738	53739	1	V1
6442	53739	53740	1	V1
6443	53740	53741	2	V2
6444	53741	53742	2	V2
6445	53742	53743	2	V2
6446	53743	53744	2	V2
6447	53744	53745	2	V2
6448	53745	53746	2	V2
6449	53746	53747	2	V2
6450	53747	53748	2	V2
6451	53748	53749	2	V2
6452	53749	53750	2	V2
6453	53761	53762	1	V1
6454	53762	53763	1	V1
6455	53763	53764	1	V1
6456	53764	53765	1	V1
6457	53765	53766	1	V1
6458	53766	53767	1	V1
6459	53767	53768	1	V1
6460	53768	53769	2	V2
6461	53769	53770	2	V2
6462	53770	53771	2	V2
6463	53771	53772	2	V2
6464	53772	53773	2	V2
6465	53773	53774	2	V2
6466	53774	53775	2	V2
6467	53775	53776	2	V2
6468	53776	53777	2	V2
6469	53777	53778	2	V2
6470	53778	53779	2	V2
6471	53791	53792	1	V1
6472	53792	53793	1	V1
6473	53793	53794	1	V1
6474	53794	53795	1	V1
6475	53795	53796	2	V2
6476	53796	53797	2	V2
6477	53797	53798	2	V2
6478	53798	53799	2	V2
6479	53799	53800	2	V2
6480	53800	53801	2	V2
6481	53801	53802	2	V2
6482	53802	53803	2	V2
6483	53803	53804	2	V2
6484	53804	53805	2	V2
6485	53805	53806	2	V2
6486	54088	54089	2	V2
6487	54089	54090	2	V2
6488	54090	54091	2	V2
6489	54091	54092	2	V2
6490	54102	54103	2	V2
6491	54103	54104	2	V2
6492	54104	54105	2	V2
6493	54105	54106	2	V2
6494	54106	54107	2	V2
6495	54107	54108	2	V2
6496	54108	54109	2	V2
6497	54109	54110	2	V2
6498	54110	54111	2	V2
6499	54115	54116	2	V2
6500	54116	54117	2	V2
6501	54117	54118	2	V2
6502	54118	54119	2	V2
6503	54119	54120	2	V2
6504	54120	54121	2	V2
6505	54121	54122	2	V2
6506	54122	54123	2	V2
6507	54123	54124	2	V2
6508	54127	54128	2	V2
6509	54128	54129	2	V2
6510	54129	54130	2	V2
6511	54130	54131	2	V2
6512	54131	54132	2	V2
6513	54132	54133	2	V2
6514	54133	54134	2	V2
6515	54134	54135	2	V2
6516	54135	54136	2	V2
6517	54138	54139	2	V2
6518	54139	54140	2	V2
6519	54140	54141	2	V2
6520	54141	54142	2	V2
6521	54142	54143	2	V2
6522	54143	54144	2	V2
6523	54144	54145	2	V2
6524	54145	54146	2	V2
6525	54148	54149	2	V2
6526	54149	54150	2	V2
6527	54150	54151	2	V2
6528	54151	54152	2	V2
6529	54152	54153	2	V2
6530	54153	54154	2	V2
6531	54154	54155	2	V2
6532	54155	54156	2	V2
6533	54157	54158	2	V2
6534	54158	54159	2	V2
6535	54159	54160	2	V2
6536	54160	54161	2	V2
6537	54161	54162	2	V2
6538	54162	54163	2	V2
6539	54163	54164	2	V2
6540	54165	54166	2	V2
6541	54166	54167	2	V2
6542	54167	54168	2	V2
6543	54168	54169	2	V2
6544	54169	54170	2	V2
6545	54172	54173	2	V2
6546	54173	54174	2	V2
6547	54174	54175	2	V2
6548	54178	54179	2	V2
6549	54244	54245	6	VMV
6550	54245	54246	6	VMV
6551	54246	54247	6	VMV
6552	54247	54248	6	VMV
6553	54299	54300	6	VMV
6554	54300	54301	6	VMV
6555	54301	54302	6	VMV
6556	54353	54354	6	VMV
6557	54354	54355	6	VMV
6558	54405	54406	6	VMV
