scalar_index_0based	condition_id	condition_col_0based	condition_col_1based	n_trials_presented	n_betas_averaged	beta_index_mode	source_beta_rows_0based	trial_indices_0based	run_indices_1based	local_trial_indices	run_stems	first_trial_index_0based	first_run_index_1based	first_local_trial_index	first_sub	first_ses	first_task	repeat_indices	task_indices
0	1	0	1	3	3	trialwise	467;2226;3947	467;2226;3947	3;14;25	150;141;94	sub-017_ses-101_task-s3;sub-017_ses-201_task-s3;sub-017_ses-301_task-s3	467	3	150	sub-017	ses-101	task-s3	1;2;3	3;3;3
1	2	1	2	3	3	trialwise	126;1803;3662	126;1803;3662	1;12;23	127;36;127	sub-017_ses-104_task-s1;sub-017_ses-201_task-s1;sub-017_ses-302_task-s1	126	1	127	sub-017	ses-104	task-s1	1;2;3	1;1;1
2	3	2	3	3	3	trialwise	220;2014;3835	220;2014;3835	2;13;24	62;88;141	sub-017_ses-101_task-s2;sub-017_ses-201_task-s2;sub-017_ses-305_task-s2	220	2	62	sub-017	ses-101	task-s2	1;2;3	2;2;2
3	4	3	4	3	3	trialwise	507;2369;4146	507;2369;4146	4;15;26	31;125;134	sub-017_ses-102_task-s4;sub-017_ses-203_task-s4;sub-017_ses-302_task-s4	507	4	31	sub-017	ses-102	task-s4	1;2;3	4;4;4
4	5	4	5	3	3	trialwise	919;2598;4336	919;2598;4336	6;17;28	126;37;7	sub-017_ses-103_task-s6;sub-017_ses-204_task-s6;sub-017_ses-302_task-s6	919	6	126	sub-017	ses-103	task-s6	1;2;3	6;6;6
5	6	5	6	3	3	trialwise	932;2628;4395	932;2628;4395	6;17;28	139;67;66	sub-017_ses-103_task-s6;sub-017_ses-204_task-s6;sub-017_ses-302_task-s6	932	6	139	sub-017	ses-103	task-s6	1;2;3	6;6;6
6	7	6	7	3	3	trialwise	1103;2832;4613	1103;2832;4613	7;18;29	152;113;126	sub-017_ses-103_task-s7;sub-017_ses-202_task-s7;sub-017_ses-303_task-s7	1103	7	152	sub-017	ses-103	task-s7	1;2;3	7;7;7
7	8	7	8	3	3	trialwise	1117;2921;4659	1117;2921;4659	8;19;30	8;44;14	sub-017_ses-103_task-s8;sub-017_ses-202_task-s8;sub-017_ses-303_task-s8	1117	8	8	sub-017	ses-103	task-s8	1;2;3	8;8;8
8	9	8	9	3	3	trialwise	998;2791;4626	998;2791;4626	7;18;29	47;72;139	sub-017_ses-103_task-s7;sub-017_ses-202_task-s7;sub-017_ses-303_task-s7	998	7	47	sub-017	ses-103	task-s7	1;2;3	7;7;7
9	10	9	10	3	3	trialwise	957;2792;4506	957;2792;4506	7;18;29	6;73;19	sub-017_ses-103_task-s7;sub-017_ses-202_task-s7;sub-017_ses-303_task-s7	957	7	6	sub-017	ses-103	task-s7	1;2;3	7;7;7
10	11	10	11	3	3	trialwise	139;1821;3675	139;1821;3675	1;12;23	140;54;140	sub-017_ses-104_task-s1;sub-017_ses-201_task-s1;sub-017_ses-302_task-s1	139	1	140	sub-017	ses-104	task-s1	1;2;3	1;1;1
11	12	11	12	3	3	trialwise	18;1839;3554	18;1839;3554	1;12;23	19;72;19	sub-017_ses-104_task-s1;sub-017_ses-201_task-s1;sub-017_ses-302_task-s1	18	1	19	sub-017	ses-104	task-s1	1;2;3	1;1;1
12	13	12	13	3	3	trialwise	812;2671;4387	812;2671;4387	6;17;28	19;110;58	sub-017_ses-103_task-s6;sub-017_ses-204_task-s6;sub-017_ses-302_task-s6	812	6	19	sub-017	ses-103	task-s6	1;2;3	6;6;6
13	14	13	14	3	3	trialwise	401;2150;3931	401;2150;3931	3;14;25	84;65;78	sub-017_ses-101_task-s3;sub-017_ses-201_task-s3;sub-017_ses-301_task-s3	401	3	84	sub-017	ses-101	task-s3	1;2;3	3;3;3
14	15	14	15	3	3	trialwise	1193;2980;4733	1193;2980;4733	8;19;30	84;103;88	sub-017_ses-103_task-s8;sub-017_ses-202_task-s8;sub-017_ses-303_task-s8	1193	8	84	sub-017	ses-103	task-s8	1;2;3	8;8;8
15	16	15	16	3	3	trialwise	765;2414;4279	765;2414;4279	5;16;27	130;11;108	sub-017_ses-102_task-s5;sub-017_ses-202_task-s5;sub-017_ses-302_task-s5	765	5	130	sub-017	ses-102	task-s5	1;2;3	5;5;5
16	17	16	17	3	3	trialwise	440;2118;3932	440;2118;3932	3;14;25	123;33;79	sub-017_ses-101_task-s3;sub-017_ses-201_task-s3;sub-017_ses-301_task-s3	440	3	123	sub-017	ses-101	task-s3	1;2;3	3;3;3
17	18	17	18	3	3	trialwise	1182;3011;4749	1182;3011;4749	8;19;30	73;134;104	sub-017_ses-103_task-s8;sub-017_ses-202_task-s8;sub-017_ses-303_task-s8	1182	8	73	sub-017	ses-103	task-s8	1;2;3	8;8;8
18	19	18	19	3	3	trialwise	935;2657;4386	935;2657;4386	6;17;28	142;96;57	sub-017_ses-103_task-s6;sub-017_ses-204_task-s6;sub-017_ses-302_task-s6	935	6	142	sub-017	ses-103	task-s6	1;2;3	6;6;6
19	20	19	20	3	3	trialwise	890;2572;4361	890;2572;4361	6;17;28	97;11;32	sub-017_ses-103_task-s6;sub-017_ses-204_task-s6;sub-017_ses-302_task-s6	890	6	97	sub-017	ses-103	task-s6	1;2;3	6;6;6
20	21	20	21	3	3	trialwise	395;2231;3940	395;2231;3940	3;14;25	78;146;87	sub-017_ses-101_task-s3;sub-017_ses-201_task-s3;sub-017_ses-301_task-s3	395	3	78	sub-017	ses-101	task-s3	1;2;3	3;3;3
21	22	21	22	3	3	trialwise	778;2497;4269	778;2497;4269	5;16;27	143;94;98	sub-017_ses-102_task-s5;sub-017_ses-202_task-s5;sub-017_ses-302_task-s5	778	5	143	sub-017	ses-102	task-s5	1;2;3	5;5;5
22	23	22	23	3	3	trialwise	704;2420;4314	704;2420;4314	5;16;27	69;17;143	sub-017_ses-102_task-s5;sub-017_ses-202_task-s5;sub-017_ses-302_task-s5	704	5	69	sub-017	ses-102	task-s5	1;2;3	5;5;5
23	24	23	24	3	3	trialwise	272;2069;3744	272;2069;3744	2;13;24	114;143;50	sub-017_ses-101_task-s2;sub-017_ses-201_task-s2;sub-017_ses-305_task-s2	272	2	114	sub-017	ses-101	task-s2	1;2;3	2;2;2
24	25	24	25	3	3	trialwise	142;1783;3678	142;1783;3678	1;12;23	143;16;143	sub-017_ses-104_task-s1;sub-017_ses-201_task-s1;sub-017_ses-302_task-s1	142	1	143	sub-017	ses-104	task-s1	1;2;3	1;1;1
25	26	25	26	3	3	trialwise	182;2041;3805	182;2041;3805	2;13;24	24;115;111	sub-017_ses-101_task-s2;sub-017_ses-201_task-s2;sub-017_ses-305_task-s2	182	2	24	sub-017	ses-101	task-s2	1;2;3	2;2;2
26	27	26	27	3	3	trialwise	1047;2754;4629	1047;2754;4629	7;18;29	96;35;142	sub-017_ses-103_task-s7;sub-017_ses-202_task-s7;sub-017_ses-303_task-s7	1047	7	96	sub-017	ses-103	task-s7	1;2;3	7;7;7
27	28	27	28	3	3	trialwise	433;2157;3985	433;2157;3985	3;14;25	116;72;132	sub-017_ses-101_task-s3;sub-017_ses-201_task-s3;sub-017_ses-301_task-s3	433	3	116	sub-017	ses-101	task-s3	1;2;3	3;3;3
28	29	28	29	3	3	trialwise	598;2397;4085	598;2397;4085	4;15;26	122;153;73	sub-017_ses-102_task-s4;sub-017_ses-203_task-s4;sub-017_ses-302_task-s4	598	4	122	sub-017	ses-102	task-s4	1;2;3	4;4;4
29	30	29	30	3	3	trialwise	743;2513;4253	743;2513;4253	5;16;27	108;110;82	sub-017_ses-102_task-s5;sub-017_ses-202_task-s5;sub-017_ses-302_task-s5	743	5	108	sub-017	ses-102	task-s5	1;2;3	5;5;5
30	31	30	31	3	3	trialwise	258;2057;3828	258;2057;3828	2;13;24	100;131;134	sub-017_ses-101_task-s2;sub-017_ses-201_task-s2;sub-017_ses-305_task-s2	258	2	100	sub-017	ses-101	task-s2	1;2;3	2;2;2
31	32	31	32	3	3	trialwise	1054;2764;4584	1054;2764;4584	7;18;29	103;45;97	sub-017_ses-103_task-s7;sub-017_ses-202_task-s7;sub-017_ses-303_task-s7	1054	7	103	sub-017	ses-103	task-s7	1;2;3	7;7;7
32	33	32	33	3	3	trialwise	1072;2818;4502	1072;2818;4502	7;18;29	121;99;15	sub-017_ses-103_task-s7;sub-017_ses-202_task-s7;sub-017_ses-303_task-s7	1072	7	121	sub-017	ses-103	task-s7	1;2;3	7;7;7
33	34	33	34	3	3	trialwise	993;2768;4538	993;2768;4538	7;18;29	42;49;51	sub-017_ses-103_task-s7;sub-017_ses-202_task-s7;sub-017_ses-303_task-s7	993	7	42	sub-017	ses-103	task-s7	1;2;3	7;7;7
34	35	34	35	3	3	trialwise	660;2445;4174	660;2445;4174	5;16;27	25;42;3	sub-017_ses-102_task-s5;sub-017_ses-202_task-s5;sub-017_ses-302_task-s5	660	5	25	sub-017	ses-102	task-s5	1;2;3	5;5;5
35	36	35	36	3	3	trialwise	557;2395;4083	557;2395;4083	4;15;26	81;151;71	sub-017_ses-102_task-s4;sub-017_ses-203_task-s4;sub-017_ses-302_task-s4	557	4	81	sub-017	ses-102	task-s4	1;2;3	4;4;4
36	37	36	37	3	3	trialwise	163;2064;3725	163;2064;3725	2;13;24	5;138;31	sub-017_ses-101_task-s2;sub-017_ses-201_task-s2;sub-017_ses-305_task-s2	163	2	5	sub-017	ses-101	task-s2	1;2;3	2;2;2
37	38	37	38	3	3	trialwise	1158;2958;4701	1158;2958;4701	8;19;30	49;81;56	sub-017_ses-103_task-s8;sub-017_ses-202_task-s8;sub-017_ses-303_task-s8	1158	8	49	sub-017	ses-103	task-s8	1;2;3	8;8;8
38	39	38	39	3	3	trialwise	808;2646;4410	808;2646;4410	6;17;28	15;85;81	sub-017_ses-103_task-s6;sub-017_ses-204_task-s6;sub-017_ses-302_task-s6	808	6	15	sub-017	ses-103	task-s6	1;2;3	6;6;6
39	40	39	40	3	3	trialwise	1199;3031;4707	1199;3031;4707	8;19;30	90;154;62	sub-017_ses-103_task-s8;sub-017_ses-202_task-s8;sub-017_ses-303_task-s8	1199	8	90	sub-017	ses-103	task-s8	1;2;3	8;8;8
40	41	40	41	3	3	trialwise	1122;3023;4675	1122;3023;4675	8;19;30	13;146;30	sub-017_ses-103_task-s8;sub-017_ses-202_task-s8;sub-017_ses-303_task-s8	1122	8	13	sub-017	ses-103	task-s8	1;2;3	8;8;8
41	42	41	42	3	3	trialwise	328;2113;3887	328;2113;3887	3;14;25	11;28;34	sub-017_ses-101_task-s3;sub-017_ses-201_task-s3;sub-017_ses-301_task-s3	328	3	11	sub-017	ses-101	task-s3	1;2;3	3;3;3
42	43	42	43	3	3	trialwise	97;1814;3633	97;1814;3633	1;12;23	98;47;98	sub-017_ses-104_task-s1;sub-017_ses-201_task-s1;sub-017_ses-302_task-s1	97	1	98	sub-017	ses-104	task-s1	1;2;3	1;1;1
43	44	43	44	3	3	trialwise	232;2011;3813	232;2011;3813	2;13;24	74;85;119	sub-017_ses-101_task-s2;sub-017_ses-201_task-s2;sub-017_ses-305_task-s2	232	2	74	sub-017	ses-101	task-s2	1;2;3	2;2;2
44	45	44	45	3	3	trialwise	421;2230;3879	421;2230;3879	3;14;25	104;145;26	sub-017_ses-101_task-s3;sub-017_ses-201_task-s3;sub-017_ses-301_task-s3	421	3	104	sub-017	ses-101	task-s3	1;2;3	3;3;3
45	46	45	46	3	3	trialwise	197;2049;3705	197;2049;3705	2;13;24	39;123;11	sub-017_ses-101_task-s2;sub-017_ses-201_task-s2;sub-017_ses-305_task-s2	197	2	39	sub-017	ses-101	task-s2	1;2;3	2;2;2
46	47	46	47	3	3	trialwise	1184;2927;4708	1184;2927;4708	8;19;30	75;50;63	sub-017_ses-103_task-s8;sub-017_ses-202_task-s8;sub-017_ses-303_task-s8	1184	8	75	sub-017	ses-103	task-s8	1;2;3	8;8;8
47	48	47	48	3	3	trialwise	14;1895;3550	14;1895;3550	1;12;23	15;128;15	sub-017_ses-104_task-s1;sub-017_ses-201_task-s1;sub-017_ses-302_task-s1	14	1	15	sub-017	ses-104	task-s1	1;2;3	1;1;1
48	49	48	49	3	3	trialwise	50;1902;3586	50;1902;3586	1;12;23	51;135;51	sub-017_ses-104_task-s1;sub-017_ses-201_task-s1;sub-017_ses-302_task-s1	50	1	51	sub-017	ses-104	task-s1	1;2;3	1;1;1
49	50	49	50	3	3	trialwise	205;2025;3795	205;2025;3795	2;13;24	47;99;101	sub-017_ses-101_task-s2;sub-017_ses-201_task-s2;sub-017_ses-305_task-s2	205	2	47	sub-017	ses-101	task-s2	1;2;3	2;2;2
50	51	50	51	3	3	trialwise	419;2124;3855	419;2124;3855	3;14;25	102;39;2	sub-017_ses-101_task-s3;sub-017_ses-201_task-s3;sub-017_ses-301_task-s3	419	3	102	sub-017	ses-101	task-s3	1;2;3	3;3;3
51	52	51	52	3	3	trialwise	476;2171;4004	476;2171;4004	3;14;25	159;86;151	sub-017_ses-101_task-s3;sub-017_ses-201_task-s3;sub-017_ses-301_task-s3	476	3	159	sub-017	ses-101	task-s3	1;2;3	3;3;3
52	53	52	53	3	3	trialwise	844;2647;4474	844;2647;4474	6;17;28	51;86;145	sub-017_ses-103_task-s6;sub-017_ses-204_task-s6;sub-017_ses-302_task-s6	844	6	51	sub-017	ses-103	task-s6	1;2;3	6;6;6
53	54	53	54	3	3	trialwise	1183;2899;4697	1183;2899;4697	8;19;30	74;22;52	sub-017_ses-103_task-s8;sub-017_ses-202_task-s8;sub-017_ses-303_task-s8	1183	8	74	sub-017	ses-103	task-s8	1;2;3	8;8;8
54	55	54	55	3	3	trialwise	1078;2861;4572	1078;2861;4572	7;18;29	127;142;85	sub-017_ses-103_task-s7;sub-017_ses-202_task-s7;sub-017_ses-303_task-s7	1078	7	127	sub-017	ses-103	task-s7	1;2;3	7;7;7
55	56	55	56	3	3	trialwise	735;2545;4257	735;2545;4257	5;16;27	100;142;86	sub-017_ses-102_task-s5;sub-017_ses-202_task-s5;sub-017_ses-302_task-s5	735	5	100	sub-017	ses-102	task-s5	1;2;3	5;5;5
56	57	56	57	3	3	trialwise	653;2496;4246	653;2496;4246	5;16;27	18;93;75	sub-017_ses-102_task-s5;sub-017_ses-202_task-s5;sub-017_ses-302_task-s5	653	5	18	sub-017	ses-102	task-s5	1;2;3	5;5;5
57	58	57	58	3	3	trialwise	878;2613;4442	878;2613;4442	6;17;28	85;52;113	sub-017_ses-103_task-s6;sub-017_ses-204_task-s6;sub-017_ses-302_task-s6	878	6	85	sub-017	ses-103	task-s6	1;2;3	6;6;6
58	59	58	59	3	3	trialwise	1026;2821;4638	1026;2821;4638	7;18;29	75;102;151	sub-017_ses-103_task-s7;sub-017_ses-202_task-s7;sub-017_ses-303_task-s7	1026	7	75	sub-017	ses-103	task-s7	1;2;3	7;7;7
59	60	59	60	3	3	trialwise	982;2753;4643	982;2753;4643	7;18;29	31;34;156	sub-017_ses-103_task-s7;sub-017_ses-202_task-s7;sub-017_ses-303_task-s7	982	7	31	sub-017	ses-103	task-s7	1;2;3	7;7;7
60	61	60	61	3	3	trialwise	85;1884;3621	85;1884;3621	1;12;23	86;117;86	sub-017_ses-104_task-s1;sub-017_ses-201_task-s1;sub-017_ses-302_task-s1	85	1	86	sub-017	ses-104	task-s1	1;2;3	1;1;1
61	62	61	62	3	3	trialwise	1095;2868;4515	1095;2868;4515	7;18;29	144;149;28	sub-017_ses-103_task-s7;sub-017_ses-202_task-s7;sub-017_ses-303_task-s7	1095	7	144	sub-017	ses-103	task-s7	1;2;3	7;7;7
62	63	62	63	3	3	trialwise	452;2175;3898	452;2175;3898	3;14;25	135;90;45	sub-017_ses-101_task-s3;sub-017_ses-201_task-s3;sub-017_ses-301_task-s3	452	3	135	sub-017	ses-101	task-s3	1;2;3	3;3;3
63	64	63	64	3	3	trialwise	607;2274;4060	607;2274;4060	4;15;26	131;30;48	sub-017_ses-102_task-s4;sub-017_ses-203_task-s4;sub-017_ses-302_task-s4	607	4	131	sub-017	ses-102	task-s4	1;2;3	4;4;4
64	65	64	65	3	3	trialwise	740;2474;4319	740;2474;4319	5;16;27	105;71;148	sub-017_ses-102_task-s5;sub-017_ses-202_task-s5;sub-017_ses-302_task-s5	740	5	105	sub-017	ses-102	task-s5	1;2;3	5;5;5
65	66	65	66	3	3	trialwise	1215;3012;4667	1215;3012;4667	8;19;30	106;135;22	sub-017_ses-103_task-s8;sub-017_ses-202_task-s8;sub-017_ses-303_task-s8	1215	8	106	sub-017	ses-103	task-s8	1;2;3	8;8;8
66	67	66	67	3	3	trialwise	622;2400;4055	622;2400;4055	4;15;26	146;156;43	sub-017_ses-102_task-s4;sub-017_ses-203_task-s4;sub-017_ses-302_task-s4	622	4	146	sub-017	ses-102	task-s4	1;2;3	4;4;4
67	68	67	68	3	3	trialwise	944;2597;4419	944;2597;4419	6;17;28	151;36;90	sub-017_ses-103_task-s6;sub-017_ses-204_task-s6;sub-017_ses-302_task-s6	944	6	151	sub-017	ses-103	task-s6	1;2;3	6;6;6
68	69	68	69	3	3	trialwise	567;2300;4061	567;2300;4061	4;15;26	91;56;49	sub-017_ses-102_task-s4;sub-017_ses-203_task-s4;sub-017_ses-302_task-s4	567	4	91	sub-017	ses-102	task-s4	1;2;3	4;4;4
69	70	69	70	3	3	trialwise	676;2510;4249	676;2510;4249	5;16;27	41;107;78	sub-017_ses-102_task-s5;sub-017_ses-202_task-s5;sub-017_ses-302_task-s5	676	5	41	sub-017	ses-102	task-s5	1;2;3	5;5;5
70	71	70	71	3	3	trialwise	949;2660;4478	949;2660;4478	6;17;28	156;99;149	sub-017_ses-103_task-s6;sub-017_ses-204_task-s6;sub-017_ses-302_task-s6	949	6	156	sub-017	ses-103	task-s6	1;2;3	6;6;6
71	72	71	72	3	3	trialwise	267;1983;3764	267;1983;3764	2;13;24	109;57;70	sub-017_ses-101_task-s2;sub-017_ses-201_task-s2;sub-017_ses-305_task-s2	267	2	109	sub-017	ses-101	task-s2	1;2;3	2;2;2
72	73	72	73	3	3	trialwise	711;2533;4237	711;2533;4237	5;16;27	76;130;66	sub-017_ses-102_task-s5;sub-017_ses-202_task-s5;sub-017_ses-302_task-s5	711	5	76	sub-017	ses-102	task-s5	1;2;3	5;5;5
73	74	73	74	3	3	trialwise	203;1993;3812	203;1993;3812	2;13;24	45;67;118	sub-017_ses-101_task-s2;sub-017_ses-201_task-s2;sub-017_ses-305_task-s2	203	2	45	sub-017	ses-101	task-s2	1;2;3	2;2;2
74	75	74	75	3	3	trialwise	404;2106;3875	404;2106;3875	3;14;25	87;21;22	sub-017_ses-101_task-s3;sub-017_ses-201_task-s3;sub-017_ses-301_task-s3	404	3	87	sub-017	ses-101	task-s3	1;2;3	3;3;3
75	76	75	76	3	3	trialwise	151;1808;3687	151;1808;3687	1;12;23	152;41;152	sub-017_ses-104_task-s1;sub-017_ses-201_task-s1;sub-017_ses-302_task-s1	151	1	152	sub-017	ses-104	task-s1	1;2;3	1;1;1
76	77	76	77	3	3	trialwise	709;2484;4261	709;2484;4261	5;16;27	74;81;90	sub-017_ses-102_task-s5;sub-017_ses-202_task-s5;sub-017_ses-302_task-s5	709	5	74	sub-017	ses-102	task-s5	1;2;3	5;5;5
77	78	77	78	3	3	trialwise	444;2132;3922	444;2132;3922	3;14;25	127;47;69	sub-017_ses-101_task-s3;sub-017_ses-201_task-s3;sub-017_ses-301_task-s3	444	3	127	sub-017	ses-101	task-s3	1;2;3	3;3;3
78	79	78	79	3	3	trialwise	156;1877;3692	156;1877;3692	1;12;23	157;110;157	sub-017_ses-104_task-s1;sub-017_ses-201_task-s1;sub-017_ses-302_task-s1	156	1	157	sub-017	ses-104	task-s1	1;2;3	1;1;1
79	80	79	80	3	3	trialwise	251;2043;3842	251;2043;3842	2;13;24	93;117;148	sub-017_ses-101_task-s2;sub-017_ses-201_task-s2;sub-017_ses-305_task-s2	251	2	93	sub-017	ses-101	task-s2	1;2;3	2;2;2
80	81	80	81	3	3	trialwise	1212;2996;4803	1212;2996;4803	8;19;30	103;119;158	sub-017_ses-103_task-s8;sub-017_ses-202_task-s8;sub-017_ses-303_task-s8	1212	8	103	sub-017	ses-103	task-s8	1;2;3	8;8;8
81	82	81	82	3	3	trialwise	746;2449;4254	746;2449;4254	5;16;27	111;46;83	sub-017_ses-102_task-s5;sub-017_ses-202_task-s5;sub-017_ses-302_task-s5	746	5	111	sub-017	ses-102	task-s5	1;2;3	5;5;5
82	83	82	83	3	3	trialwise	1168;2898;4655	1168;2898;4655	8;19;30	59;21;10	sub-017_ses-103_task-s8;sub-017_ses-202_task-s8;sub-017_ses-303_task-s8	1168	8	59	sub-017	ses-103	task-s8	1;2;3	8;8;8
83	84	83	84	3	3	trialwise	1089;2872;4644	1089;2872;4644	7;18;29	138;153;157	sub-017_ses-103_task-s7;sub-017_ses-202_task-s7;sub-017_ses-303_task-s7	1089	7	138	sub-017	ses-103	task-s7	1;2;3	7;7;7
84	85	84	85	3	3	trialwise	360;2238;3946	360;2238;3946	3;14;25	43;153;93	sub-017_ses-101_task-s3;sub-017_ses-201_task-s3;sub-017_ses-301_task-s3	360	3	43	sub-017	ses-101	task-s3	1;2;3	3;3;3
85	86	85	86	3	3	trialwise	27;1798;3563	27;1798;3563	1;12;23	28;31;28	sub-017_ses-104_task-s1;sub-017_ses-201_task-s1;sub-017_ses-302_task-s1	27	1	28	sub-017	ses-104	task-s1	1;2;3	1;1;1
86	87	86	87	3	3	trialwise	821;2705;4370	821;2705;4370	6;17;28	28;144;41	sub-017_ses-103_task-s6;sub-017_ses-204_task-s6;sub-017_ses-302_task-s6	821	6	28	sub-017	ses-103	task-s6	1;2;3	6;6;6
87	88	87	88	3	3	trialwise	685;2557;4225	685;2557;4225	5;16;27	50;154;54	sub-017_ses-102_task-s5;sub-017_ses-202_task-s5;sub-017_ses-302_task-s5	685	5	50	sub-017	ses-102	task-s5	1;2;3	5;5;5
88	89	88	89	3	3	trialwise	954;2755;4637	954;2755;4637	7;18;29	3;36;150	sub-017_ses-103_task-s7;sub-017_ses-202_task-s7;sub-017_ses-303_task-s7	954	7	3	sub-017	ses-103	task-s7	1;2;3	7;7;7
89	90	89	90	3	3	trialwise	1115;2926;4739	1115;2926;4739	8;19;30	6;49;94	sub-017_ses-103_task-s8;sub-017_ses-202_task-s8;sub-017_ses-303_task-s8	1115	8	6	sub-017	ses-103	task-s8	1;2;3	8;8;8
90	91	90	91	3	3	trialwise	950;2675;4359	950;2675;4359	6;17;28	157;114;30	sub-017_ses-103_task-s6;sub-017_ses-204_task-s6;sub-017_ses-302_task-s6	950	6	157	sub-017	ses-103	task-s6	1;2;3	6;6;6
91	92	91	92	3	3	trialwise	943;2696;4378	943;2696;4378	6;17;28	150;135;49	sub-017_ses-103_task-s6;sub-017_ses-204_task-s6;sub-017_ses-302_task-s6	943	6	150	sub-017	ses-103	task-s6	1;2;3	6;6;6
92	93	92	93	3	3	trialwise	464;2206;4007	464;2206;4007	3;14;25	147;121;154	sub-017_ses-101_task-s3;sub-017_ses-201_task-s3;sub-017_ses-301_task-s3	464	3	147	sub-017	ses-101	task-s3	1;2;3	3;3;3
93	94	93	94	3	3	trialwise	157;1838;3693	157;1838;3693	1;12;23	158;71;158	sub-017_ses-104_task-s1;sub-017_ses-201_task-s1;sub-017_ses-302_task-s1	157	1	158	sub-017	ses-104	task-s1	1;2;3	1;1;1
94	95	94	95	3	3	trialwise	229;2031;3734	229;2031;3734	2;13;24	71;105;40	sub-017_ses-101_task-s2;sub-017_ses-201_task-s2;sub-017_ses-305_task-s2	229	2	71	sub-017	ses-101	task-s2	1;2;3	2;2;2
95	96	95	96	3	3	trialwise	236;2000;3831	236;2000;3831	2;13;24	78;74;137	sub-017_ses-101_task-s2;sub-017_ses-201_task-s2;sub-017_ses-305_task-s2	236	2	78	sub-017	ses-101	task-s2	1;2;3	2;2;2
96	97	96	97	3	3	trialwise	730;2440;4265	730;2440;4265	5;16;27	95;37;94	sub-017_ses-102_task-s5;sub-017_ses-202_task-s5;sub-017_ses-302_task-s5	730	5	95	sub-017	ses-102	task-s5	1;2;3	5;5;5
97	98	97	98	3	3	trialwise	868;2685;4475	868;2685;4475	6;17;28	75;124;146	sub-017_ses-103_task-s6;sub-017_ses-204_task-s6;sub-017_ses-302_task-s6	868	6	75	sub-017	ses-103	task-s6	1;2;3	6;6;6
98	99	98	99	3	3	trialwise	714;2422;4308	714;2422;4308	5;16;27	79;19;137	sub-017_ses-102_task-s5;sub-017_ses-202_task-s5;sub-017_ses-302_task-s5	714	5	79	sub-017	ses-102	task-s5	1;2;3	5;5;5
99	100	99	100	3	3	trialwise	527;2262;4062	527;2262;4062	4;15;26	51;18;50	sub-017_ses-102_task-s4;sub-017_ses-203_task-s4;sub-017_ses-302_task-s4	527	4	51	sub-017	ses-102	task-s4	1;2;3	4;4;4
100	101	100	101	3	3	trialwise	500;2396;4170	500;2396;4170	4;15;26	24;152;158	sub-017_ses-102_task-s4;sub-017_ses-203_task-s4;sub-017_ses-302_task-s4	500	4	24	sub-017	ses-102	task-s4	1;2;3	4;4;4
101	102	101	102	3	3	trialwise	554;2308;4026	554;2308;4026	4;15;26	78;64;14	sub-017_ses-102_task-s4;sub-017_ses-203_task-s4;sub-017_ses-302_task-s4	554	4	78	sub-017	ses-102	task-s4	1;2;3	4;4;4
102	103	102	103	3	3	trialwise	454;2216;3994	454;2216;3994	3;14;25	137;131;141	sub-017_ses-101_task-s3;sub-017_ses-201_task-s3;sub-017_ses-301_task-s3	454	3	137	sub-017	ses-101	task-s3	1;2;3	3;3;3
103	104	103	104	3	3	trialwise	760;2457;4202	760;2457;4202	5;16;27	125;54;31	sub-017_ses-102_task-s5;sub-017_ses-202_task-s5;sub-017_ses-302_task-s5	760	5	125	sub-017	ses-102	task-s5	1;2;3	5;5;5
104	105	104	105	3	3	trialwise	455;2233;3889	455;2233;3889	3;14;25	138;148;36	sub-017_ses-101_task-s3;sub-017_ses-201_task-s3;sub-017_ses-301_task-s3	455	3	138	sub-017	ses-101	task-s3	1;2;3	3;3;3
105	106	105	106	3	3	trialwise	654;2407;4306	654;2407;4306	5;16;27	19;4;135	sub-017_ses-102_task-s5;sub-017_ses-202_task-s5;sub-017_ses-302_task-s5	654	5	19	sub-017	ses-102	task-s5	1;2;3	5;5;5
106	107	106	107	3	3	trialwise	917;2649;4446	917;2649;4446	6;17;28	124;88;117	sub-017_ses-103_task-s6;sub-017_ses-204_task-s6;sub-017_ses-302_task-s6	917	6	124	sub-017	ses-103	task-s6	1;2;3	6;6;6
107	108	107	108	3	3	trialwise	193;1960;3756	193;1960;3756	2;13;24	35;34;62	sub-017_ses-101_task-s2;sub-017_ses-201_task-s2;sub-017_ses-305_task-s2	193	2	35	sub-017	ses-101	task-s2	1;2;3	2;2;2
108	109	108	109	3	3	trialwise	1014;2827;4562	1014;2827;4562	7;18;29	63;108;75	sub-017_ses-103_task-s7;sub-017_ses-202_task-s7;sub-017_ses-303_task-s7	1014	7	63	sub-017	ses-103	task-s7	1;2;3	7;7;7
109	110	109	110	3	3	trialwise	190;1981;3718	190;1981;3718	2;13;24	32;55;24	sub-017_ses-101_task-s2;sub-017_ses-201_task-s2;sub-017_ses-305_task-s2	190	2	32	sub-017	ses-101	task-s2	1;2;3	2;2;2
110	111	110	111	3	3	trialwise	1028;2731;4611	1028;2731;4611	7;18;29	77;12;124	sub-017_ses-103_task-s7;sub-017_ses-202_task-s7;sub-017_ses-303_task-s7	1028	7	77	sub-017	ses-103	task-s7	1;2;3	7;7;7
111	112	111	112	3	3	trialwise	979;2796;4510	979;2796;4510	7;18;29	28;77;23	sub-017_ses-103_task-s7;sub-017_ses-202_task-s7;sub-017_ses-303_task-s7	979	7	28	sub-017	ses-103	task-s7	1;2;3	7;7;7
112	113	112	113	3	3	trialwise	816;2643;4365	816;2643;4365	6;17;28	23;82;36	sub-017_ses-103_task-s6;sub-017_ses-204_task-s6;sub-017_ses-302_task-s6	816	6	23	sub-017	ses-103	task-s6	1;2;3	6;6;6
113	114	113	114	3	3	trialwise	684;2466;4287	684;2466;4287	5;16;27	49;63;116	sub-017_ses-102_task-s5;sub-017_ses-202_task-s5;sub-017_ses-302_task-s5	684	5	49	sub-017	ses-102	task-s5	1;2;3	5;5;5
114	115	114	115	3	3	trialwise	1063;2844;4554	1063;2844;4554	7;18;29	112;125;67	sub-017_ses-103_task-s7;sub-017_ses-202_task-s7;sub-017_ses-303_task-s7	1063	7	112	sub-017	ses-103	task-s7	1;2;3	7;7;7
115	116	115	116	3	3	trialwise	860;2566;4457	860;2566;4457	6;17;28	67;5;128	sub-017_ses-103_task-s6;sub-017_ses-204_task-s6;sub-017_ses-302_task-s6	860	6	67	sub-017	ses-103	task-s6	1;2;3	6;6;6
116	117	116	117	3	3	trialwise	563;2265;4018	563;2265;4018	4;15;26	87;21;6	sub-017_ses-102_task-s4;sub-017_ses-203_task-s4;sub-017_ses-302_task-s4	563	4	87	sub-017	ses-102	task-s4	1;2;3	4;4;4
117	118	117	118	3	3	trialwise	620;2403;4123	620;2403;4123	4;15;26	144;159;111	sub-017_ses-102_task-s4;sub-017_ses-203_task-s4;sub-017_ses-302_task-s4	620	4	144	sub-017	ses-102	task-s4	1;2;3	4;4;4
118	119	118	119	3	3	trialwise	663;2535;4315	663;2535;4315	5;16;27	28;132;144	sub-017_ses-102_task-s5;sub-017_ses-202_task-s5;sub-017_ses-302_task-s5	663	5	28	sub-017	ses-102	task-s5	1;2;3	5;5;5
119	120	119	120	3	3	trialwise	733;2506;4216	733;2506;4216	5;16;27	98;103;45	sub-017_ses-102_task-s5;sub-017_ses-202_task-s5;sub-017_ses-302_task-s5	733	5	98	sub-017	ses-102	task-s5	1;2;3	5;5;5
120	121	120	121	3	3	trialwise	1208;2936;4682	1208;2936;4682	8;19;30	99;59;37	sub-017_ses-103_task-s8;sub-017_ses-202_task-s8;sub-017_ses-303_task-s8	1208	8	99	sub-017	ses-103	task-s8	1;2;3	8;8;8
121	122	121	122	3	3	trialwise	416;2143;3881	416;2143;3881	3;14;25	99;58;28	sub-017_ses-101_task-s3;sub-017_ses-201_task-s3;sub-017_ses-301_task-s3	416	3	99	sub-017	ses-101	task-s3	1;2;3	3;3;3
122	123	122	123	3	3	trialwise	150;1907;3686	150;1907;3686	1;12;23	151;140;151	sub-017_ses-104_task-s1;sub-017_ses-201_task-s1;sub-017_ses-302_task-s1	150	1	151	sub-017	ses-104	task-s1	1;2;3	1;1;1
123	124	123	124	3	3	trialwise	1035;2806;4630	1035;2806;4630	7;18;29	84;87;143	sub-017_ses-103_task-s7;sub-017_ses-202_task-s7;sub-017_ses-303_task-s7	1035	7	84	sub-017	ses-103	task-s7	1;2;3	7;7;7
124	125	124	125	3	3	trialwise	266;2066;3776	266;2066;3776	2;13;24	108;140;82	sub-017_ses-101_task-s2;sub-017_ses-201_task-s2;sub-017_ses-305_task-s2	266	2	108	sub-017	ses-101	task-s2	1;2;3	2;2;2
125	126	125	126	3	3	trialwise	724;2529;4220	724;2529;4220	5;16;27	89;126;49	sub-017_ses-102_task-s5;sub-017_ses-202_task-s5;sub-017_ses-302_task-s5	724	5	89	sub-017	ses-102	task-s5	1;2;3	5;5;5
126	127	126	127	3	3	trialwise	75;1845;3611	75;1845;3611	1;12;23	76;78;76	sub-017_ses-104_task-s1;sub-017_ses-201_task-s1;sub-017_ses-302_task-s1	75	1	76	sub-017	ses-104	task-s1	1;2;3	1;1;1
127	128	127	128	3	3	trialwise	124;1917;3660	124;1917;3660	1;12;23	125;150;125	sub-017_ses-104_task-s1;sub-017_ses-201_task-s1;sub-017_ses-302_task-s1	124	1	125	sub-017	ses-104	task-s1	1;2;3	1;1;1
128	129	128	129	3	3	trialwise	22;1782;3558	22;1782;3558	1;12;23	23;15;23	sub-017_ses-104_task-s1;sub-017_ses-201_task-s1;sub-017_ses-302_task-s1	22	1	23	sub-017	ses-104	task-s1	1;2;3	1;1;1
129	130	129	130	3	3	trialwise	936;2693;4335	936;2693;4335	6;17;28	143;132;6	sub-017_ses-103_task-s6;sub-017_ses-204_task-s6;sub-017_ses-302_task-s6	936	6	143	sub-017	ses-103	task-s6	1;2;3	6;6;6
130	131	130	131	3	3	trialwise	277;1945;3749	277;1945;3749	2;13;24	119;19;55	sub-017_ses-101_task-s2;sub-017_ses-201_task-s2;sub-017_ses-305_task-s2	277	2	119	sub-017	ses-101	task-s2	1;2;3	2;2;2
131	132	131	132	3	3	trialwise	913;2632;4459	913;2632;4459	6;17;28	120;71;130	sub-017_ses-103_task-s6;sub-017_ses-204_task-s6;sub-017_ses-302_task-s6	913	6	120	sub-017	ses-103	task-s6	1;2;3	6;6;6
132	133	132	133	3	3	trialwise	1127;2975;4757	1127;2975;4757	8;19;30	18;98;112	sub-017_ses-103_task-s8;sub-017_ses-202_task-s8;sub-017_ses-303_task-s8	1127	8	18	sub-017	ses-103	task-s8	1;2;3	8;8;8
133	134	133	134	3	3	trialwise	413;2179;3945	413;2179;3945	3;14;25	96;94;92	sub-017_ses-101_task-s3;sub-017_ses-201_task-s3;sub-017_ses-301_task-s3	413	3	96	sub-017	ses-101	task-s3	1;2;3	3;3;3
134	135	134	135	3	3	trialwise	946;2690;4443	946;2690;4443	6;17;28	153;129;114	sub-017_ses-103_task-s6;sub-017_ses-204_task-s6;sub-017_ses-302_task-s6	946	6	153	sub-017	ses-103	task-s6	1;2;3	6;6;6
135	136	135	136	3	3	trialwise	895;2587;4476	895;2587;4476	6;17;28	102;26;147	sub-017_ses-103_task-s6;sub-017_ses-204_task-s6;sub-017_ses-302_task-s6	895	6	102	sub-017	ses-103	task-s6	1;2;3	6;6;6
136	137	136	137	3	3	trialwise	1165;2939;4654	1165;2939;4654	8;19;30	56;62;9	sub-017_ses-103_task-s8;sub-017_ses-202_task-s8;sub-017_ses-303_task-s8	1165	8	56	sub-017	ses-103	task-s8	1;2;3	8;8;8
137	138	137	138	3	3	trialwise	67;1926;3603	67;1926;3603	1;12;23	68;159;68	sub-017_ses-104_task-s1;sub-017_ses-201_task-s1;sub-017_ses-302_task-s1	67	1	68	sub-017	ses-104	task-s1	1;2;3	1;1;1
138	139	138	139	3	3	trialwise	143;1817;3679	143;1817;3679	1;12;23	144;50;144	sub-017_ses-104_task-s1;sub-017_ses-201_task-s1;sub-017_ses-302_task-s1	143	1	144	sub-017	ses-104	task-s1	1;2;3	1;1;1
139	140	139	140	3	3	trialwise	798;2569;4424	798;2569;4424	6;17;28	5;8;95	sub-017_ses-103_task-s6;sub-017_ses-204_task-s6;sub-017_ses-302_task-s6	798	6	5	sub-017	ses-103	task-s6	1;2;3	6;6;6
140	141	140	141	3	3	trialwise	925;2642;4452	925;2642;4452	6;17;28	132;81;123	sub-017_ses-103_task-s6;sub-017_ses-204_task-s6;sub-017_ses-302_task-s6	925	6	132	sub-017	ses-103	task-s6	1;2;3	6;6;6
141	142	141	142	3	3	trialwise	1246;2959;4698	1246;2959;4698	8;19;30	137;82;53	sub-017_ses-103_task-s8;sub-017_ses-202_task-s8;sub-017_ses-303_task-s8	1246	8	137	sub-017	ses-103	task-s8	1;2;3	8;8;8
142	143	142	143	3	3	trialwise	1067;2867;4607	1067;2867;4607	7;18;29	116;148;120	sub-017_ses-103_task-s7;sub-017_ses-202_task-s7;sub-017_ses-303_task-s7	1067	7	116	sub-017	ses-103	task-s7	1;2;3	7;7;7
143	144	143	144	3	3	trialwise	211;1939;3821	211;1939;3821	2;13;24	53;13;127	sub-017_ses-101_task-s2;sub-017_ses-201_task-s2;sub-017_ses-305_task-s2	211	2	53	sub-017	ses-101	task-s2	1;2;3	2;2;2
144	145	144	145	3	3	trialwise	706;2560;4224	706;2560;4224	5;16;27	71;157;53	sub-017_ses-102_task-s5;sub-017_ses-202_task-s5;sub-017_ses-302_task-s5	706	5	71	sub-017	ses-102	task-s5	1;2;3	5;5;5
145	146	145	146	3	3	trialwise	675;2516;4223	675;2516;4223	5;16;27	40;113;52	sub-017_ses-102_task-s5;sub-017_ses-202_task-s5;sub-017_ses-302_task-s5	675	5	40	sub-017	ses-102	task-s5	1;2;3	5;5;5
146	147	146	147	3	3	trialwise	1252;2933;4748	1252;2933;4748	8;19;30	143;56;103	sub-017_ses-103_task-s8;sub-017_ses-202_task-s8;sub-017_ses-303_task-s8	1252	8	143	sub-017	ses-103	task-s8	1;2;3	8;8;8
147	148	147	148	3	3	trialwise	349;2170;3928	349;2170;3928	3;14;25	32;85;75	sub-017_ses-101_task-s3;sub-017_ses-201_task-s3;sub-017_ses-301_task-s3	349	3	32	sub-017	ses-101	task-s3	1;2;3	3;3;3
148	149	148	149	3	3	trialwise	424;2092;3982	424;2092;3982	3;14;25	107;7;129	sub-017_ses-101_task-s3;sub-017_ses-201_task-s3;sub-017_ses-301_task-s3	424	3	107	sub-017	ses-101	task-s3	1;2;3	3;3;3
149	150	149	150	3	3	trialwise	120;1889;3656	120;1889;3656	1;12;23	121;122;121	sub-017_ses-104_task-s1;sub-017_ses-201_task-s1;sub-017_ses-302_task-s1	120	1	121	sub-017	ses-104	task-s1	1;2;3	1;1;1
150	151	150	151	3	3	trialwise	486;2276;4043	486;2276;4043	4;15;26	10;32;31	sub-017_ses-102_task-s4;sub-017_ses-203_task-s4;sub-017_ses-302_task-s4	486	4	10	sub-017	ses-102	task-s4	1;2;3	4;4;4
151	152	151	152	3	3	trialwise	608;2269;4095	608;2269;4095	4;15;26	132;25;83	sub-017_ses-102_task-s4;sub-017_ses-203_task-s4;sub-017_ses-302_task-s4	608	4	132	sub-017	ses-102	task-s4	1;2;3	4;4;4
152	153	152	153	3	3	trialwise	261;2070;3851	261;2070;3851	2;13;24	103;144;157	sub-017_ses-101_task-s2;sub-017_ses-201_task-s2;sub-017_ses-305_task-s2	261	2	103	sub-017	ses-101	task-s2	1;2;3	2;2;2
153	154	153	154	3	3	trialwise	288;2085;3810	288;2085;3810	2;13;24	130;159;116	sub-017_ses-101_task-s2;sub-017_ses-201_task-s2;sub-017_ses-305_task-s2	288	2	130	sub-017	ses-101	task-s2	1;2;3	2;2;2
154	155	154	155	3	3	trialwise	578;2261;4105	578;2261;4105	4;15;26	102;17;93	sub-017_ses-102_task-s4;sub-017_ses-203_task-s4;sub-017_ses-302_task-s4	578	4	102	sub-017	ses-102	task-s4	1;2;3	4;4;4
155	156	155	156	3	3	trialwise	153;1801;3689	153;1801;3689	1;12;23	154;34;154	sub-017_ses-104_task-s1;sub-017_ses-201_task-s1;sub-017_ses-302_task-s1	153	1	154	sub-017	ses-104	task-s1	1;2;3	1;1;1
156	157	156	157	3	3	trialwise	373;2129;3883	373;2129;3883	3;14;25	56;44;30	sub-017_ses-101_task-s3;sub-017_ses-201_task-s3;sub-017_ses-301_task-s3	373	3	56	sub-017	ses-101	task-s3	1;2;3	3;3;3
157	158	157	158	3	3	trialwise	252;1996;3832	252;1996;3832	2;13;24	94;70;138	sub-017_ses-101_task-s2;sub-017_ses-201_task-s2;sub-017_ses-305_task-s2	252	2	94	sub-017	ses-101	task-s2	1;2;3	2;2;2
158	159	158	159	3	3	trialwise	1134;2964;4766	1134;2964;4766	8;19;30	25;87;121	sub-017_ses-103_task-s8;sub-017_ses-202_task-s8;sub-017_ses-303_task-s8	1134	8	25	sub-017	ses-103	task-s8	1;2;3	8;8;8
159	160	159	160	3	3	trialwise	939;2654;4338	939;2654;4338	6;17;28	146;93;9	sub-017_ses-103_task-s6;sub-017_ses-204_task-s6;sub-017_ses-302_task-s6	939	6	146	sub-017	ses-103	task-s6	1;2;3	6;6;6
160	161	160	161	3	3	trialwise	199;2054;3755	199;2054;3755	2;13;24	41;128;61	sub-017_ses-101_task-s2;sub-017_ses-201_task-s2;sub-017_ses-305_task-s2	199	2	41	sub-017	ses-101	task-s2	1;2;3	2;2;2
161	162	161	162	3	3	trialwise	667;2404;4209	667;2404;4209	5;16;27	32;1;38	sub-017_ses-102_task-s5;sub-017_ses-202_task-s5;sub-017_ses-302_task-s5	667	5	32	sub-017	ses-102	task-s5	1;2;3	5;5;5
162	163	162	163	3	3	trialwise	407;2232;3988	407;2232;3988	3;14;25	90;147;135	sub-017_ses-101_task-s3;sub-017_ses-201_task-s3;sub-017_ses-301_task-s3	407	3	90	sub-017	ses-101	task-s3	1;2;3	3;3;3
163	164	163	164	3	3	trialwise	1019;2757;4640	1019;2757;4640	7;18;29	68;38;153	sub-017_ses-103_task-s7;sub-017_ses-202_task-s7;sub-017_ses-303_task-s7	1019	7	68	sub-017	ses-103	task-s7	1;2;3	7;7;7
164	165	164	165	3	3	trialwise	287;1998;3730	287;1998;3730	2;13;24	129;72;36	sub-017_ses-101_task-s2;sub-017_ses-201_task-s2;sub-017_ses-305_task-s2	287	2	129	sub-017	ses-101	task-s2	1;2;3	2;2;2
165	166	165	166	3	3	trialwise	968;2845;4589	968;2845;4589	7;18;29	17;126;102	sub-017_ses-103_task-s7;sub-017_ses-202_task-s7;sub-017_ses-303_task-s7	968	7	17	sub-017	ses-103	task-s7	1;2;3	7;7;7
166	167	166	167	3	3	trialwise	265;1968;3721	265;1968;3721	2;13;24	107;42;27	sub-017_ses-101_task-s2;sub-017_ses-201_task-s2;sub-017_ses-305_task-s2	265	2	107	sub-017	ses-101	task-s2	1;2;3	2;2;2
167	168	167	168	3	3	trialwise	102;1844;3638	102;1844;3638	1;12;23	103;77;103	sub-017_ses-104_task-s1;sub-017_ses-201_task-s1;sub-017_ses-302_task-s1	102	1	103	sub-017	ses-104	task-s1	1;2;3	1;1;1
168	169	168	169	3	3	trialwise	474;2172;3858	474;2172;3858	3;14;25	157;87;5	sub-017_ses-101_task-s3;sub-017_ses-201_task-s3;sub-017_ses-301_task-s3	474	3	157	sub-017	ses-101	task-s3	1;2;3	3;3;3
169	170	169	170	3	3	trialwise	215;2008;3822	215;2008;3822	2;13;24	57;82;128	sub-017_ses-101_task-s2;sub-017_ses-201_task-s2;sub-017_ses-305_task-s2	215	2	57	sub-017	ses-101	task-s2	1;2;3	2;2;2
170	171	170	171	3	3	trialwise	994;2767;4492	994;2767;4492	7;18;29	43;48;5	sub-017_ses-103_task-s7;sub-017_ses-202_task-s7;sub-017_ses-303_task-s7	994	7	43	sub-017	ses-103	task-s7	1;2;3	7;7;7
171	172	171	172	3	3	trialwise	896;2636;4373	896;2636;4373	6;17;28	103;75;44	sub-017_ses-103_task-s6;sub-017_ses-204_task-s6;sub-017_ses-302_task-s6	896	6	103	sub-017	ses-103	task-s6	1;2;3	6;6;6
172	173	172	173	3	3	trialwise	321;2169;3934	321;2169;3934	3;14;25	4;84;81	sub-017_ses-101_task-s3;sub-017_ses-201_task-s3;sub-017_ses-301_task-s3	321	3	4	sub-017	ses-101	task-s3	1;2;3	3;3;3
173	174	173	174	3	3	trialwise	909;2708;4349	909;2708;4349	6;17;28	116;147;20	sub-017_ses-103_task-s6;sub-017_ses-204_task-s6;sub-017_ses-302_task-s6	909	6	116	sub-017	ses-103	task-s6	1;2;3	6;6;6
174	175	174	175	3	3	trialwise	368;2096;3906	368;2096;3906	3;14;25	51;11;53	sub-017_ses-101_task-s3;sub-017_ses-201_task-s3;sub-017_ses-301_task-s3	368	3	51	sub-017	ses-101	task-s3	1;2;3	3;3;3
175	176	175	176	3	3	trialwise	606;2275;4089	606;2275;4089	4;15;26	130;31;77	sub-017_ses-102_task-s4;sub-017_ses-203_task-s4;sub-017_ses-302_task-s4	606	4	130	sub-017	ses-102	task-s4	1;2;3	4;4;4
176	177	176	177	3	3	trialwise	573;2347;4154	573;2347;4154	4;15;26	97;103;142	sub-017_ses-102_task-s4;sub-017_ses-203_task-s4;sub-017_ses-302_task-s4	573	4	97	sub-017	ses-102	task-s4	1;2;3	4;4;4
177	178	177	178	3	3	trialwise	1029;2737;4619	1029;2737;4619	7;18;29	78;18;132	sub-017_ses-103_task-s7;sub-017_ses-202_task-s7;sub-017_ses-303_task-s7	1029	7	78	sub-017	ses-103	task-s7	1;2;3	7;7;7
178	179	178	179	3	3	trialwise	1094;2855;4633	1094;2855;4633	7;18;29	143;136;146	sub-017_ses-103_task-s7;sub-017_ses-202_task-s7;sub-017_ses-303_task-s7	1094	7	143	sub-017	ses-103	task-s7	1;2;3	7;7;7
179	180	179	180	3	3	trialwise	317;2030;3719	317;2030;3719	2;13;24	159;104;25	sub-017_ses-101_task-s2;sub-017_ses-201_task-s2;sub-017_ses-305_task-s2	317	2	159	sub-017	ses-101	task-s2	1;2;3	2;2;2
180	181	180	181	3	3	trialwise	756;2491;4320	756;2491;4320	5;16;27	121;88;149	sub-017_ses-102_task-s5;sub-017_ses-202_task-s5;sub-017_ses-302_task-s5	756	5	121	sub-017	ses-102	task-s5	1;2;3	5;5;5
181	182	181	182	3	3	trialwise	1152;2946;4769	1152;2946;4769	8;19;30	43;69;124	sub-017_ses-103_task-s8;sub-017_ses-202_task-s8;sub-017_ses-303_task-s8	1152	8	43	sub-017	ses-103	task-s8	1;2;3	8;8;8
182	183	182	183	3	3	trialwise	1098;2850;4590	1098;2850;4590	7;18;29	147;131;103	sub-017_ses-103_task-s7;sub-017_ses-202_task-s7;sub-017_ses-303_task-s7	1098	7	147	sub-017	ses-103	task-s7	1;2;3	7;7;7
183	184	183	184	3	3	trialwise	903;2605;4341	903;2605;4341	6;17;28	110;44;12	sub-017_ses-103_task-s6;sub-017_ses-204_task-s6;sub-017_ses-302_task-s6	903	6	110	sub-017	ses-103	task-s6	1;2;3	6;6;6
184	185	184	185	3	3	trialwise	296;2076;3820	296;2076;3820	2;13;24	138;150;126	sub-017_ses-101_task-s2;sub-017_ses-201_task-s2;sub-017_ses-305_task-s2	296	2	138	sub-017	ses-101	task-s2	1;2;3	2;2;2
185	186	185	186	3	3	trialwise	339;2100;3939	339;2100;3939	3;14;25	22;15;86	sub-017_ses-101_task-s3;sub-017_ses-201_task-s3;sub-017_ses-301_task-s3	339	3	22	sub-017	ses-101	task-s3	1;2;3	3;3;3
186	187	186	187	3	3	trialwise	539;2324;4081	539;2324;4081	4;15;26	63;80;69	sub-017_ses-102_task-s4;sub-017_ses-203_task-s4;sub-017_ses-302_task-s4	539	4	63	sub-017	ses-102	task-s4	1;2;3	4;4;4
187	188	187	188	3	3	trialwise	744;2550;4302	744;2550;4302	5;16;27	109;147;131	sub-017_ses-102_task-s5;sub-017_ses-202_task-s5;sub-017_ses-302_task-s5	744	5	109	sub-017	ses-102	task-s5	1;2;3	5;5;5
188	189	188	189	3	3	trialwise	856;2585;4466	856;2585;4466	6;17;28	63;24;137	sub-017_ses-103_task-s6;sub-017_ses-204_task-s6;sub-017_ses-302_task-s6	856	6	63	sub-017	ses-103	task-s6	1;2;3	6;6;6
189	190	189	190	3	3	trialwise	4;1832;3540	4;1832;3540	1;12;23	5;65;5	sub-017_ses-104_task-s1;sub-017_ses-201_task-s1;sub-017_ses-302_task-s1	4	1	5	sub-017	ses-104	task-s1	1;2;3	1;1;1
190	191	190	191	3	3	trialwise	132;1846;3668	132;1846;3668	1;12;23	133;79;133	sub-017_ses-104_task-s1;sub-017_ses-201_task-s1;sub-017_ses-302_task-s1	132	1	133	sub-017	ses-104	task-s1	1;2;3	1;1;1
191	192	191	192	3	3	trialwise	626;2334;4013	626;2334;4013	4;15;26	150;90;1	sub-017_ses-102_task-s4;sub-017_ses-203_task-s4;sub-017_ses-302_task-s4	626	4	150	sub-017	ses-102	task-s4	1;2;3	4;4;4
192	193	192	193	3	3	trialwise	1060;2824;4603	1060;2824;4603	7;18;29	109;105;116	sub-017_ses-103_task-s7;sub-017_ses-202_task-s7;sub-017_ses-303_task-s7	1060	7	109	sub-017	ses-103	task-s7	1;2;3	7;7;7
193	194	193	194	3	3	trialwise	146;1855;3682	146;1855;3682	1;12;23	147;88;147	sub-017_ses-104_task-s1;sub-017_ses-201_task-s1;sub-017_ses-302_task-s1	146	1	147	sub-017	ses-104	task-s1	1;2;3	1;1;1
194	195	194	195	3	3	trialwise	536;2312;4053	536;2312;4053	4;15;26	60;68;41	sub-017_ses-102_task-s4;sub-017_ses-203_task-s4;sub-017_ses-302_task-s4	536	4	60	sub-017	ses-102	task-s4	1;2;3	4;4;4
195	196	195	196	3	3	trialwise	304;1989;3827	304;1989;3827	2;13;24	146;63;133	sub-017_ses-101_task-s2;sub-017_ses-201_task-s2;sub-017_ses-305_task-s2	304	2	146	sub-017	ses-101	task-s2	1;2;3	2;2;2
196	197	196	197	3	3	trialwise	670;2481;4221	670;2481;4221	5;16;27	35;78;50	sub-017_ses-102_task-s5;sub-017_ses-202_task-s5;sub-017_ses-302_task-s5	670	5	35	sub-017	ses-102	task-s5	1;2;3	5;5;5
197	198	197	198	3	3	trialwise	1135;2943;4752	1135;2943;4752	8;19;30	26;66;107	sub-017_ses-103_task-s8;sub-017_ses-202_task-s8;sub-017_ses-303_task-s8	1135	8	26	sub-017	ses-103	task-s8	1;2;3	8;8;8
198	199	198	199	3	3	trialwise	300;2065;3700	300;2065;3700	2;13;24	142;139;6	sub-017_ses-101_task-s2;sub-017_ses-201_task-s2;sub-017_ses-305_task-s2	300	2	142	sub-017	ses-101	task-s2	1;2;3	2;2;2
199	200	199	200	3	3	trialwise	103;1818;3639	103;1818;3639	1;12;23	104;51;104	sub-017_ses-104_task-s1;sub-017_ses-201_task-s1;sub-017_ses-302_task-s1	103	1	104	sub-017	ses-104	task-s1	1;2;3	1;1;1
200	201	200	201	3	3	trialwise	1139;2907;4800	1139;2907;4800	8;19;30	30;30;155	sub-017_ses-103_task-s8;sub-017_ses-202_task-s8;sub-017_ses-303_task-s8	1139	8	30	sub-017	ses-103	task-s8	1;2;3	8;8;8
201	202	201	202	3	3	trialwise	569;2380;4034	569;2380;4034	4;15;26	93;136;22	sub-017_ses-102_task-s4;sub-017_ses-203_task-s4;sub-017_ses-302_task-s4	569	4	93	sub-017	ses-102	task-s4	1;2;3	4;4;4
202	203	202	203	3	3	trialwise	648;2412;4263	648;2412;4263	5;16;27	13;9;92	sub-017_ses-102_task-s5;sub-017_ses-202_task-s5;sub-017_ses-302_task-s5	648	5	13	sub-017	ses-102	task-s5	1;2;3	5;5;5
203	204	203	204	3	3	trialwise	894;2622;4332	894;2622;4332	6;17;28	101;61;3	sub-017_ses-103_task-s6;sub-017_ses-204_task-s6;sub-017_ses-302_task-s6	894	6	101	sub-017	ses-103	task-s6	1;2;3	6;6;6
204	205	204	205	3	3	trialwise	1083;2875;4597	1083;2875;4597	7;18;29	132;156;110	sub-017_ses-103_task-s7;sub-017_ses-202_task-s7;sub-017_ses-303_task-s7	1083	7	132	sub-017	ses-103	task-s7	1;2;3	7;7;7
205	206	205	206	3	3	trialwise	1263;2911;4681	1263;2911;4681	8;19;30	154;34;36	sub-017_ses-103_task-s8;sub-017_ses-202_task-s8;sub-017_ses-303_task-s8	1263	8	154	sub-017	ses-103	task-s8	1;2;3	8;8;8
206	207	206	207	3	3	trialwise	1025;2763;4550	1025;2763;4550	7;18;29	74;44;63	sub-017_ses-103_task-s7;sub-017_ses-202_task-s7;sub-017_ses-303_task-s7	1025	7	74	sub-017	ses-103	task-s7	1;2;3	7;7;7
207	208	207	208	3	3	trialwise	705;2522;4256	705;2522;4256	5;16;27	70;119;85	sub-017_ses-102_task-s5;sub-017_ses-202_task-s5;sub-017_ses-302_task-s5	705	5	70	sub-017	ses-102	task-s5	1;2;3	5;5;5
208	209	208	209	3	3	trialwise	332;2098;3925	332;2098;3925	3;14;25	15;13;72	sub-017_ses-101_task-s3;sub-017_ses-201_task-s3;sub-017_ses-301_task-s3	332	3	15	sub-017	ses-101	task-s3	1;2;3	3;3;3
209	210	209	210	3	3	trialwise	745;2487;4194	745;2487;4194	5;16;27	110;84;23	sub-017_ses-102_task-s5;sub-017_ses-202_task-s5;sub-017_ses-302_task-s5	745	5	110	sub-017	ses-102	task-s5	1;2;3	5;5;5
210	211	210	211	3	3	trialwise	541;2371;4128	541;2371;4128	4;15;26	65;127;116	sub-017_ses-102_task-s4;sub-017_ses-203_task-s4;sub-017_ses-302_task-s4	541	4	65	sub-017	ses-102	task-s4	1;2;3	4;4;4
211	212	211	212	3	3	trialwise	1076;2816;4588	1076;2816;4588	7;18;29	125;97;101	sub-017_ses-103_task-s7;sub-017_ses-202_task-s7;sub-017_ses-303_task-s7	1076	7	125	sub-017	ses-103	task-s7	1;2;3	7;7;7
212	213	212	213	3	3	trialwise	448;2200;3963	448;2200;3963	3;14;25	131;115;110	sub-017_ses-101_task-s3;sub-017_ses-201_task-s3;sub-017_ses-301_task-s3	448	3	131	sub-017	ses-101	task-s3	1;2;3	3;3;3
213	214	213	214	3	3	trialwise	1061;2770;4519	1061;2770;4519	7;18;29	110;51;32	sub-017_ses-103_task-s7;sub-017_ses-202_task-s7;sub-017_ses-303_task-s7	1061	7	110	sub-017	ses-103	task-s7	1;2;3	7;7;7
214	215	214	215	3	3	trialwise	327;2105;3890	327;2105;3890	3;14;25	10;20;37	sub-017_ses-101_task-s3;sub-017_ses-201_task-s3;sub-017_ses-301_task-s3	327	3	10	sub-017	ses-101	task-s3	1;2;3	3;3;3
215	216	215	216	3	3	trialwise	1243;2906;4663	1243;2906;4663	8;19;30	134;29;18	sub-017_ses-103_task-s8;sub-017_ses-202_task-s8;sub-017_ses-303_task-s8	1243	8	134	sub-017	ses-103	task-s8	1;2;3	8;8;8
216	217	216	217	3	3	trialwise	219;1965;3739	219;1965;3739	2;13;24	61;39;45	sub-017_ses-101_task-s2;sub-017_ses-201_task-s2;sub-017_ses-305_task-s2	219	2	61	sub-017	ses-101	task-s2	1;2;3	2;2;2
217	218	217	218	3	3	trialwise	1121;3035;4747	1121;3035;4747	8;19;30	12;158;102	sub-017_ses-103_task-s8;sub-017_ses-202_task-s8;sub-017_ses-303_task-s8	1121	8	12	sub-017	ses-103	task-s8	1;2;3	8;8;8
218	219	218	219	3	3	trialwise	465;2219;4010	465;2219;4010	3;14;25	148;134;157	sub-017_ses-101_task-s3;sub-017_ses-201_task-s3;sub-017_ses-301_task-s3	465	3	148	sub-017	ses-101	task-s3	1;2;3	3;3;3
219	220	219	220	3	3	trialwise	255;2048;3844	255;2048;3844	2;13;24	97;122;150	sub-017_ses-101_task-s2;sub-017_ses-201_task-s2;sub-017_ses-305_task-s2	255	2	97	sub-017	ses-101	task-s2	1;2;3	2;2;2
220	221	220	221	3	3	trialwise	1043;2813;4595	1043;2813;4595	7;18;29	92;94;108	sub-017_ses-103_task-s7;sub-017_ses-202_task-s7;sub-017_ses-303_task-s7	1043	7	92	sub-017	ses-103	task-s7	1;2;3	7;7;7
221	222	221	222	3	3	trialwise	270;2074;3837	270;2074;3837	2;13;24	112;148;143	sub-017_ses-101_task-s2;sub-017_ses-201_task-s2;sub-017_ses-305_task-s2	270	2	112	sub-017	ses-101	task-s2	1;2;3	2;2;2
222	223	222	223	3	3	trialwise	825;2678;4447	825;2678;4447	6;17;28	32;117;118	sub-017_ses-103_task-s6;sub-017_ses-204_task-s6;sub-017_ses-302_task-s6	825	6	32	sub-017	ses-103	task-s6	1;2;3	6;6;6
223	224	223	224	3	3	trialwise	755;2556;4239	755;2556;4239	5;16;27	120;153;68	sub-017_ses-102_task-s5;sub-017_ses-202_task-s5;sub-017_ses-302_task-s5	755	5	120	sub-017	ses-102	task-s5	1;2;3	5;5;5
224	225	224	225	3	3	trialwise	970;2839;4490	970;2839;4490	7;18;29	19;120;3	sub-017_ses-103_task-s7;sub-017_ses-202_task-s7;sub-017_ses-303_task-s7	970	7	19	sub-017	ses-103	task-s7	1;2;3	7;7;7
225	226	225	226	3	3	trialwise	428;2086;4009	428;2086;4009	3;14;25	111;1;156	sub-017_ses-101_task-s3;sub-017_ses-201_task-s3;sub-017_ses-301_task-s3	428	3	111	sub-017	ses-101	task-s3	1;2;3	3;3;3
226	227	226	227	3	3	trialwise	973;2823;4537	973;2823;4537	7;18;29	22;104;50	sub-017_ses-103_task-s7;sub-017_ses-202_task-s7;sub-017_ses-303_task-s7	973	7	22	sub-017	ses-103	task-s7	1;2;3	7;7;7
227	228	227	228	3	3	trialwise	254;1927;3751	254;1927;3751	2;13;24	96;1;57	sub-017_ses-101_task-s2;sub-017_ses-201_task-s2;sub-017_ses-305_task-s2	254	2	96	sub-017	ses-101	task-s2	1;2;3	2;2;2
228	229	228	229	3	3	trialwise	771;2423;4199	771;2423;4199	5;16;27	136;20;28	sub-017_ses-102_task-s5;sub-017_ses-202_task-s5;sub-017_ses-302_task-s5	771	5	136	sub-017	ses-102	task-s5	1;2;3	5;5;5
229	230	229	230	3	3	trialwise	1166;2956;4646	1166;2956;4646	8;19;30	57;79;1	sub-017_ses-103_task-s8;sub-017_ses-202_task-s8;sub-017_ses-303_task-s8	1166	8	57	sub-017	ses-103	task-s8	1;2;3	8;8;8
230	231	230	231	3	3	trialwise	1032;2741;4493	1032;2741;4493	7;18;29	81;22;6	sub-017_ses-103_task-s7;sub-017_ses-202_task-s7;sub-017_ses-303_task-s7	1032	7	81	sub-017	ses-103	task-s7	1;2;3	7;7;7
231	232	231	232	3	3	trialwise	1016;2838;4501	1016;2838;4501	7;18;29	65;119;14	sub-017_ses-103_task-s7;sub-017_ses-202_task-s7;sub-017_ses-303_task-s7	1016	7	65	sub-017	ses-103	task-s7	1;2;3	7;7;7
232	233	232	233	3	3	trialwise	901;2574;4487	901;2574;4487	6;17;28	108;13;158	sub-017_ses-103_task-s6;sub-017_ses-204_task-s6;sub-017_ses-302_task-s6	901	6	108	sub-017	ses-103	task-s6	1;2;3	6;6;6
233	234	233	234	3	3	trialwise	1105;2798;4615	1105;2798;4615	7;18;29	154;79;128	sub-017_ses-103_task-s7;sub-017_ses-202_task-s7;sub-017_ses-303_task-s7	1105	7	154	sub-017	ses-103	task-s7	1;2;3	7;7;7
234	235	234	235	3	3	trialwise	966;2800;4593	966;2800;4593	7;18;29	15;81;106	sub-017_ses-103_task-s7;sub-017_ses-202_task-s7;sub-017_ses-303_task-s7	966	7	15	sub-017	ses-103	task-s7	1;2;3	7;7;7
235	236	235	236	3	3	trialwise	418;2211;3964	418;2211;3964	3;14;25	101;126;111	sub-017_ses-101_task-s3;sub-017_ses-201_task-s3;sub-017_ses-301_task-s3	418	3	101	sub-017	ses-101	task-s3	1;2;3	3;3;3
236	237	236	237	3	3	trialwise	521;2378;4032	521;2378;4032	4;15;26	45;134;20	sub-017_ses-102_task-s4;sub-017_ses-203_task-s4;sub-017_ses-302_task-s4	521	4	45	sub-017	ses-102	task-s4	1;2;3	4;4;4
237	238	237	238	3	3	trialwise	1231;2997;4662	1231;2997;4662	8;19;30	122;120;17	sub-017_ses-103_task-s8;sub-017_ses-202_task-s8;sub-017_ses-303_task-s8	1231	8	122	sub-017	ses-103	task-s8	1;2;3	8;8;8
238	239	238	239	3	3	trialwise	796;2655;4429	796;2655;4429	6;17;28	3;94;100	sub-017_ses-103_task-s6;sub-017_ses-204_task-s6;sub-017_ses-302_task-s6	796	6	3	sub-017	ses-103	task-s6	1;2;3	6;6;6
239	240	239	240	3	3	trialwise	1132;2993;4684	1132;2993;4684	8;19;30	23;116;39	sub-017_ses-103_task-s8;sub-017_ses-202_task-s8;sub-017_ses-303_task-s8	1132	8	23	sub-017	ses-103	task-s8	1;2;3	8;8;8
240	241	240	241	3	3	trialwise	1192;2969;4704	1192;2969;4704	8;19;30	83;92;59	sub-017_ses-103_task-s8;sub-017_ses-202_task-s8;sub-017_ses-303_task-s8	1192	8	83	sub-017	ses-103	task-s8	1;2;3	8;8;8
241	242	241	242	3	3	trialwise	446;2207;4001	446;2207;4001	3;14;25	129;122;148	sub-017_ses-101_task-s3;sub-017_ses-201_task-s3;sub-017_ses-301_task-s3	446	3	129	sub-017	ses-101	task-s3	1;2;3	3;3;3
242	243	242	243	3	3	trialwise	1046;2859;4541	1046;2859;4541	7;18;29	95;140;54	sub-017_ses-103_task-s7;sub-017_ses-202_task-s7;sub-017_ses-303_task-s7	1046	7	95	sub-017	ses-103	task-s7	1;2;3	7;7;7
243	244	243	244	3	3	trialwise	412;2215;3902	412;2215;3902	3;14;25	95;130;49	sub-017_ses-101_task-s3;sub-017_ses-201_task-s3;sub-017_ses-301_task-s3	412	3	95	sub-017	ses-101	task-s3	1;2;3	3;3;3
244	245	244	245	3	3	trialwise	187;1997;3729	187;1997;3729	2;13;24	29;71;35	sub-017_ses-101_task-s2;sub-017_ses-201_task-s2;sub-017_ses-305_task-s2	187	2	29	sub-017	ses-101	task-s2	1;2;3	2;2;2
245	246	245	246	3	3	trialwise	116;1829;3652	116;1829;3652	1;12;23	117;62;117	sub-017_ses-104_task-s1;sub-017_ses-201_task-s1;sub-017_ses-302_task-s1	116	1	117	sub-017	ses-104	task-s1	1;2;3	1;1;1
246	247	246	247	3	3	trialwise	686;2465;4288	686;2465;4288	5;16;27	51;62;117	sub-017_ses-102_task-s5;sub-017_ses-202_task-s5;sub-017_ses-302_task-s5	686	5	51	sub-017	ses-102	task-s5	1;2;3	5;5;5
247	248	247	248	3	3	trialwise	688;2410;4215	688;2410;4215	5;16;27	53;7;44	sub-017_ses-102_task-s5;sub-017_ses-202_task-s5;sub-017_ses-302_task-s5	688	5	53	sub-017	ses-102	task-s5	1;2;3	5;5;5
248	249	248	249	3	3	trialwise	403;2134;3975	403;2134;3975	3;14;25	86;49;122	sub-017_ses-101_task-s3;sub-017_ses-201_task-s3;sub-017_ses-301_task-s3	403	3	86	sub-017	ses-101	task-s3	1;2;3	3;3;3
249	250	249	250	3	3	trialwise	110;1797;3646	110;1797;3646	1;12;23	111;30;111	sub-017_ses-104_task-s1;sub-017_ses-201_task-s1;sub-017_ses-302_task-s1	110	1	111	sub-017	ses-104	task-s1	1;2;3	1;1;1
250	251	250	251	3	3	trialwise	594;2298;4048	594;2298;4048	4;15;26	118;54;36	sub-017_ses-102_task-s4;sub-017_ses-203_task-s4;sub-017_ses-302_task-s4	594	4	118	sub-017	ses-102	task-s4	1;2;3	4;4;4
251	252	251	252	3	3	trialwise	769;2431;4298	769;2431;4298	5;16;27	134;28;127	sub-017_ses-102_task-s5;sub-017_ses-202_task-s5;sub-017_ses-302_task-s5	769	5	134	sub-017	ses-102	task-s5	1;2;3	5;5;5
252	253	252	253	3	3	trialwise	207;1963;3783	207;1963;3783	2;13;24	49;37;89	sub-017_ses-101_task-s2;sub-017_ses-201_task-s2;sub-017_ses-305_task-s2	207	2	49	sub-017	ses-101	task-s2	1;2;3	2;2;2
253	254	253	254	3	3	trialwise	843;2619;4337	843;2619;4337	6;17;28	50;58;8	sub-017_ses-103_task-s6;sub-017_ses-204_task-s6;sub-017_ses-302_task-s6	843	6	50	sub-017	ses-103	task-s6	1;2;3	6;6;6
254	255	254	255	3	3	trialwise	63;1918;3599	63;1918;3599	1;12;23	64;151;64	sub-017_ses-104_task-s1;sub-017_ses-201_task-s1;sub-017_ses-302_task-s1	63	1	64	sub-017	ses-104	task-s1	1;2;3	1;1;1
255	256	255	256	3	3	trialwise	423;2142;3911	423;2142;3911	3;14;25	106;57;58	sub-017_ses-101_task-s3;sub-017_ses-201_task-s3;sub-017_ses-301_task-s3	423	3	106	sub-017	ses-101	task-s3	1;2;3	3;3;3
256	257	256	257	3	3	trialwise	799;2709;4353	799;2709;4353	6;17;28	6;148;24	sub-017_ses-103_task-s6;sub-017_ses-204_task-s6;sub-017_ses-302_task-s6	799	6	6	sub-017	ses-103	task-s6	1;2;3	6;6;6
257	258	257	258	3	3	trialwise	1141;3006;4728	1141;3006;4728	8;19;30	32;129;83	sub-017_ses-103_task-s8;sub-017_ses-202_task-s8;sub-017_ses-303_task-s8	1141	8	32	sub-017	ses-103	task-s8	1;2;3	8;8;8
258	259	258	259	3	3	trialwise	599;2329;4092	599;2329;4092	4;15;26	123;85;80	sub-017_ses-102_task-s4;sub-017_ses-203_task-s4;sub-017_ses-302_task-s4	599	4	123	sub-017	ses-102	task-s4	1;2;3	4;4;4
259	260	259	260	3	3	trialwise	734;2540;4283	734;2540;4283	5;16;27	99;137;112	sub-017_ses-102_task-s5;sub-017_ses-202_task-s5;sub-017_ses-302_task-s5	734	5	99	sub-017	ses-102	task-s5	1;2;3	5;5;5
260	261	260	261	3	3	trialwise	1052;2786;4636	1052;2786;4636	7;18;29	101;67;149	sub-017_ses-103_task-s7;sub-017_ses-202_task-s7;sub-017_ses-303_task-s7	1052	7	101	sub-017	ses-103	task-s7	1;2;3	7;7;7
261	262	261	262	3	3	trialwise	461;2139;3948	461;2139;3948	3;14;25	144;54;95	sub-017_ses-101_task-s3;sub-017_ses-201_task-s3;sub-017_ses-301_task-s3	461	3	144	sub-017	ses-101	task-s3	1;2;3	3;3;3
262	263	262	263	3	3	trialwise	530;2337;4115	530;2337;4115	4;15;26	54;93;103	sub-017_ses-102_task-s4;sub-017_ses-203_task-s4;sub-017_ses-302_task-s4	530	4	54	sub-017	ses-102	task-s4	1;2;3	4;4;4
263	264	263	264	3	3	trialwise	1150;2930;4782	1150;2930;4782	8;19;30	41;53;137	sub-017_ses-103_task-s8;sub-017_ses-202_task-s8;sub-017_ses-303_task-s8	1150	8	41	sub-017	ses-103	task-s8	1;2;3	8;8;8
264	265	264	265	3	3	trialwise	191;1956;3720	191;1956;3720	2;13;24	33;30;26	sub-017_ses-101_task-s2;sub-017_ses-201_task-s2;sub-017_ses-305_task-s2	191	2	33	sub-017	ses-101	task-s2	1;2;3	2;2;2
265	266	265	266	3	3	trialwise	101;1812;3637	101;1812;3637	1;12;23	102;45;102	sub-017_ses-104_task-s1;sub-017_ses-201_task-s1;sub-017_ses-302_task-s1	101	1	102	sub-017	ses-104	task-s1	1;2;3	1;1;1
266	267	266	267	3	3	trialwise	807;2697;4420	807;2697;4420	6;17;28	14;136;91	sub-017_ses-103_task-s6;sub-017_ses-204_task-s6;sub-017_ses-302_task-s6	807	6	14	sub-017	ses-103	task-s6	1;2;3	6;6;6
267	268	267	268	3	3	trialwise	694;2507;4266	694;2507;4266	5;16;27	59;104;95	sub-017_ses-102_task-s5;sub-017_ses-202_task-s5;sub-017_ses-302_task-s5	694	5	59	sub-017	ses-102	task-s5	1;2;3	5;5;5
268	269	268	269	3	3	trialwise	427;2114;3938	427;2114;3938	3;14;25	110;29;85	sub-017_ses-101_task-s3;sub-017_ses-201_task-s3;sub-017_ses-301_task-s3	427	3	110	sub-017	ses-101	task-s3	1;2;3	3;3;3
269	270	269	270	3	3	trialwise	921;2634;4480	921;2634;4480	6;17;28	128;73;151	sub-017_ses-103_task-s6;sub-017_ses-204_task-s6;sub-017_ses-302_task-s6	921	6	128	sub-017	ses-103	task-s6	1;2;3	6;6;6
270	271	270	271	3	3	trialwise	31;1850;3567	31;1850;3567	1;12;23	32;83;32	sub-017_ses-104_task-s1;sub-017_ses-201_task-s1;sub-017_ses-302_task-s1	31	1	32	sub-017	ses-104	task-s1	1;2;3	1;1;1
271	272	271	272	3	3	trialwise	299;1949;3701	299;1949;3701	2;13;24	141;23;7	sub-017_ses-101_task-s2;sub-017_ses-201_task-s2;sub-017_ses-305_task-s2	299	2	141	sub-017	ses-101	task-s2	1;2;3	2;2;2
272	273	272	273	3	3	trialwise	1120;2881;4736	1120;2881;4736	8;19;30	11;4;91	sub-017_ses-103_task-s8;sub-017_ses-202_task-s8;sub-017_ses-303_task-s8	1120	8	11	sub-017	ses-103	task-s8	1;2;3	8;8;8
273	274	273	274	3	3	trialwise	1104;2810;4491	1104;2810;4491	7;18;29	153;91;4	sub-017_ses-103_task-s7;sub-017_ses-202_task-s7;sub-017_ses-303_task-s7	1104	7	153	sub-017	ses-103	task-s7	1;2;3	7;7;7
274	275	274	275	3	3	trialwise	1240;3022;4676	1240;3022;4676	8;19;30	131;145;31	sub-017_ses-103_task-s8;sub-017_ses-202_task-s8;sub-017_ses-303_task-s8	1240	8	131	sub-017	ses-103	task-s8	1;2;3	8;8;8
275	276	275	276	3	3	trialwise	108;1854;3644	108;1854;3644	1;12;23	109;87;109	sub-017_ses-104_task-s1;sub-017_ses-201_task-s1;sub-017_ses-302_task-s1	108	1	109	sub-017	ses-104	task-s1	1;2;3	1;1;1
276	277	276	277	3	3	trialwise	899;2564;4383	899;2564;4383	6;17;28	106;3;54	sub-017_ses-103_task-s6;sub-017_ses-204_task-s6;sub-017_ses-302_task-s6	899	6	106	sub-017	ses-103	task-s6	1;2;3	6;6;6
277	278	277	278	3	3	trialwise	699;2417;4183	699;2417;4183	5;16;27	64;14;12	sub-017_ses-102_task-s5;sub-017_ses-202_task-s5;sub-017_ses-302_task-s5	699	5	64	sub-017	ses-102	task-s5	1;2;3	5;5;5
278	279	278	279	3	3	trialwise	847;2719;4434	847;2719;4434	6;17;28	54;158;105	sub-017_ses-103_task-s6;sub-017_ses-204_task-s6;sub-017_ses-302_task-s6	847	6	54	sub-017	ses-103	task-s6	1;2;3	6;6;6
279	280	279	280	3	3	trialwise	283;1979;3711	283;1979;3711	2;13;24	125;53;17	sub-017_ses-101_task-s2;sub-017_ses-201_task-s2;sub-017_ses-305_task-s2	283	2	125	sub-017	ses-101	task-s2	1;2;3	2;2;2
280	281	280	281	3	3	trialwise	420;2194;3993	420;2194;3993	3;14;25	103;109;140	sub-017_ses-101_task-s3;sub-017_ses-201_task-s3;sub-017_ses-301_task-s3	420	3	103	sub-017	ses-101	task-s3	1;2;3	3;3;3
281	282	281	282	3	3	trialwise	942;2586;4423	942;2586;4423	6;17;28	149;25;94	sub-017_ses-103_task-s6;sub-017_ses-204_task-s6;sub-017_ses-302_task-s6	942	6	149	sub-017	ses-103	task-s6	1;2;3	6;6;6
282	283	282	283	3	3	trialwise	674;2478;4242	674;2478;4242	5;16;27	39;75;71	sub-017_ses-102_task-s5;sub-017_ses-202_task-s5;sub-017_ses-302_task-s5	674	5	39	sub-017	ses-102	task-s5	1;2;3	5;5;5
283	284	283	284	3	3	trialwise	1187;3003;4653	1187;3003;4653	8;19;30	78;126;8	sub-017_ses-103_task-s8;sub-017_ses-202_task-s8;sub-017_ses-303_task-s8	1187	8	78	sub-017	ses-103	task-s8	1;2;3	8;8;8
284	285	284	285	3	3	trialwise	1133;3002;4780	1133;3002;4780	8;19;30	24;125;135	sub-017_ses-103_task-s8;sub-017_ses-202_task-s8;sub-017_ses-303_task-s8	1133	8	24	sub-017	ses-103	task-s8	1;2;3	8;8;8
285	286	285	286	3	3	trialwise	533;2320;4077	533;2320;4077	4;15;26	57;76;65	sub-017_ses-102_task-s4;sub-017_ses-203_task-s4;sub-017_ses-302_task-s4	533	4	57	sub-017	ses-102	task-s4	1;2;3	4;4;4
286	287	286	287	3	3	trialwise	665;2451;4296	665;2451;4296	5;16;27	30;48;125	sub-017_ses-102_task-s5;sub-017_ses-202_task-s5;sub-017_ses-302_task-s5	665	5	30	sub-017	ses-102	task-s5	1;2;3	5;5;5
287	288	287	288	3	3	trialwise	2;1811;3538	2;1811;3538	1;12;23	3;44;3	sub-017_ses-104_task-s1;sub-017_ses-201_task-s1;sub-017_ses-302_task-s1	2	1	3	sub-017	ses-104	task-s1	1;2;3	1;1;1
288	289	288	289	3	3	trialwise	324;2240;4000	324;2240;4000	3;14;25	7;155;147	sub-017_ses-101_task-s3;sub-017_ses-201_task-s3;sub-017_ses-301_task-s3	324	3	7	sub-017	ses-101	task-s3	1;2;3	3;3;3
289	290	289	290	3	3	trialwise	975;2858;4556	975;2858;4556	7;18;29	24;139;69	sub-017_ses-103_task-s7;sub-017_ses-202_task-s7;sub-017_ses-303_task-s7	975	7	24	sub-017	ses-103	task-s7	1;2;3	7;7;7
290	291	290	291	3	3	trialwise	1109;2840;4549	1109;2840;4549	7;18;29	158;121;62	sub-017_ses-103_task-s7;sub-017_ses-202_task-s7;sub-017_ses-303_task-s7	1109	7	158	sub-017	ses-103	task-s7	1;2;3	7;7;7
291	292	291	292	3	3	trialwise	286;2077;3771	286;2077;3771	2;13;24	128;151;77	sub-017_ses-101_task-s2;sub-017_ses-201_task-s2;sub-017_ses-305_task-s2	286	2	128	sub-017	ses-101	task-s2	1;2;3	2;2;2
292	293	292	293	3	3	trialwise	1004;2726;4604	1004;2726;4604	7;18;29	53;7;117	sub-017_ses-103_task-s7;sub-017_ses-202_task-s7;sub-017_ses-303_task-s7	1004	7	53	sub-017	ses-103	task-s7	1;2;3	7;7;7
293	294	293	294	3	3	trialwise	1030;2789;4609	1030;2789;4609	7;18;29	79;70;122	sub-017_ses-103_task-s7;sub-017_ses-202_task-s7;sub-017_ses-303_task-s7	1030	7	79	sub-017	ses-103	task-s7	1;2;3	7;7;7
294	295	294	295	3	3	trialwise	963;2854;4522	963;2854;4522	7;18;29	12;135;35	sub-017_ses-103_task-s7;sub-017_ses-202_task-s7;sub-017_ses-303_task-s7	963	7	12	sub-017	ses-103	task-s7	1;2;3	7;7;7
295	296	295	296	3	3	trialwise	49;1792;3585	49;1792;3585	1;12;23	50;25;50	sub-017_ses-104_task-s1;sub-017_ses-201_task-s1;sub-017_ses-302_task-s1	49	1	50	sub-017	ses-104	task-s1	1;2;3	1;1;1
296	297	296	297	3	3	trialwise	358;2212;3981	358;2212;3981	3;14;25	41;127;128	sub-017_ses-101_task-s3;sub-017_ses-201_task-s3;sub-017_ses-301_task-s3	358	3	41	sub-017	ses-101	task-s3	1;2;3	3;3;3
297	298	297	298	3	3	trialwise	194;1994;3811	194;1994;3811	2;13;24	36;68;117	sub-017_ses-101_task-s2;sub-017_ses-201_task-s2;sub-017_ses-305_task-s2	194	2	36	sub-017	ses-101	task-s2	1;2;3	2;2;2
298	299	298	299	3	3	trialwise	175;1966;3830	175;1966;3830	2;13;24	17;40;136	sub-017_ses-101_task-s2;sub-017_ses-201_task-s2;sub-017_ses-305_task-s2	175	2	17	sub-017	ses-101	task-s2	1;2;3	2;2;2
299	300	299	300	3	3	trialwise	797;2714;4333	797;2714;4333	6;17;28	4;153;4	sub-017_ses-103_task-s6;sub-017_ses-204_task-s6;sub-017_ses-302_task-s6	797	6	4	sub-017	ses-103	task-s6	1;2;3	6;6;6
300	301	300	301	3	3	trialwise	437;2159;3927	437;2159;3927	3;14;25	120;74;74	sub-017_ses-101_task-s3;sub-017_ses-201_task-s3;sub-017_ses-301_task-s3	437	3	120	sub-017	ses-101	task-s3	1;2;3	3;3;3
301	302	301	302	3	3	trialwise	1169;2965;4716	1169;2965;4716	8;19;30	60;88;71	sub-017_ses-103_task-s8;sub-017_ses-202_task-s8;sub-017_ses-303_task-s8	1169	8	60	sub-017	ses-103	task-s8	1;2;3	8;8;8
302	303	302	303	3	3	trialwise	5;1890;3541	5;1890;3541	1;12;23	6;123;6	sub-017_ses-104_task-s1;sub-017_ses-201_task-s1;sub-017_ses-302_task-s1	5	1	6	sub-017	ses-104	task-s1	1;2;3	1;1;1
303	304	303	304	3	3	trialwise	450;2185;3913	450;2185;3913	3;14;25	133;100;60	sub-017_ses-101_task-s3;sub-017_ses-201_task-s3;sub-017_ses-301_task-s3	450	3	133	sub-017	ses-101	task-s3	1;2;3	3;3;3
304	305	304	305	3	3	trialwise	244;2047;3800	244;2047;3800	2;13;24	86;121;106	sub-017_ses-101_task-s2;sub-017_ses-201_task-s2;sub-017_ses-305_task-s2	244	2	86	sub-017	ses-101	task-s2	1;2;3	2;2;2
305	306	305	306	3	3	trialwise	340;2205;3977	340;2205;3977	3;14;25	23;120;124	sub-017_ses-101_task-s3;sub-017_ses-201_task-s3;sub-017_ses-301_task-s3	340	3	23	sub-017	ses-101	task-s3	1;2;3	3;3;3
306	307	306	307	3	3	trialwise	13;1865;3549	13;1865;3549	1;12;23	14;98;14	sub-017_ses-104_task-s1;sub-017_ses-201_task-s1;sub-017_ses-302_task-s1	13	1	14	sub-017	ses-104	task-s1	1;2;3	1;1;1
307	308	307	308	3	3	trialwise	128;1912;3664	128;1912;3664	1;12;23	129;145;129	sub-017_ses-104_task-s1;sub-017_ses-201_task-s1;sub-017_ses-302_task-s1	128	1	129	sub-017	ses-104	task-s1	1;2;3	1;1;1
308	309	308	309	3	3	trialwise	222;2023;3746	222;2023;3746	2;13;24	64;97;52	sub-017_ses-101_task-s2;sub-017_ses-201_task-s2;sub-017_ses-305_task-s2	222	2	64	sub-017	ses-101	task-s2	1;2;3	2;2;2
309	310	309	310	3	3	trialwise	161;2036;3757	161;2036;3757	2;13;24	3;110;63	sub-017_ses-101_task-s2;sub-017_ses-201_task-s2;sub-017_ses-305_task-s2	161	2	3	sub-017	ses-101	task-s2	1;2;3	2;2;2
310	311	310	311	3	3	trialwise	106;1776;3642	106;1776;3642	1;12;23	107;9;107	sub-017_ses-104_task-s1;sub-017_ses-201_task-s1;sub-017_ses-302_task-s1	106	1	107	sub-017	ses-104	task-s1	1;2;3	1;1;1
311	312	311	312	3	3	trialwise	661;2452;4300	661;2452;4300	5;16;27	26;49;129	sub-017_ses-102_task-s5;sub-017_ses-202_task-s5;sub-017_ses-302_task-s5	661	5	26	sub-017	ses-102	task-s5	1;2;3	5;5;5
312	313	312	313	3	3	trialwise	990;2784;4564	990;2784;4564	7;18;29	39;65;77	sub-017_ses-103_task-s7;sub-017_ses-202_task-s7;sub-017_ses-303_task-s7	990	7	39	sub-017	ses-103	task-s7	1;2;3	7;7;7
313	314	313	314	3	3	trialwise	862;2562;4484	862;2562;4484	6;17;28	69;1;155	sub-017_ses-103_task-s6;sub-017_ses-204_task-s6;sub-017_ses-302_task-s6	862	6	69	sub-017	ses-103	task-s6	1;2;3	6;6;6
314	315	314	315	3	3	trialwise	53;1916;3589	53;1916;3589	1;12;23	54;149;54	sub-017_ses-104_task-s1;sub-017_ses-201_task-s1;sub-017_ses-302_task-s1	53	1	54	sub-017	ses-104	task-s1	1;2;3	1;1;1
315	316	315	316	3	3	trialwise	422;2225;3919	422;2225;3919	3;14;25	105;140;66	sub-017_ses-101_task-s3;sub-017_ses-201_task-s3;sub-017_ses-301_task-s3	422	3	105	sub-017	ses-101	task-s3	1;2;3	3;3;3
316	317	316	317	3	3	trialwise	732;2504;4234	732;2504;4234	5;16;27	97;101;63	sub-017_ses-102_task-s5;sub-017_ses-202_task-s5;sub-017_ses-302_task-s5	732	5	97	sub-017	ses-102	task-s5	1;2;3	5;5;5
317	318	317	318	3	3	trialwise	149;1898;3685	149;1898;3685	1;12;23	150;131;150	sub-017_ses-104_task-s1;sub-017_ses-201_task-s1;sub-017_ses-302_task-s1	149	1	150	sub-017	ses-104	task-s1	1;2;3	1;1;1
318	319	318	319	3	3	trialwise	3;1852;3539	3;1852;3539	1;12;23	4;85;4	sub-017_ses-104_task-s1;sub-017_ses-201_task-s1;sub-017_ses-302_task-s1	3	1	4	sub-017	ses-104	task-s1	1;2;3	1;1;1
319	320	319	320	3	3	trialwise	1013;2853;4558	1013;2853;4558	7;18;29	62;134;71	sub-017_ses-103_task-s7;sub-017_ses-202_task-s7;sub-017_ses-303_task-s7	1013	7	62	sub-017	ses-103	task-s7	1;2;3	7;7;7
320	321	320	321	3	3	trialwise	425;2109;3935	425;2109;3935	3;14;25	108;24;82	sub-017_ses-101_task-s3;sub-017_ses-201_task-s3;sub-017_ses-301_task-s3	425	3	108	sub-017	ses-101	task-s3	1;2;3	3;3;3
321	322	321	322	3	3	trialwise	1125;2941;4703	1125;2941;4703	8;19;30	16;64;58	sub-017_ses-103_task-s8;sub-017_ses-202_task-s8;sub-017_ses-303_task-s8	1125	8	16	sub-017	ses-103	task-s8	1;2;3	8;8;8
322	323	322	323	3	3	trialwise	457;2221;3865	457;2221;3865	3;14;25	140;136;12	sub-017_ses-101_task-s3;sub-017_ses-201_task-s3;sub-017_ses-301_task-s3	457	3	140	sub-017	ses-101	task-s3	1;2;3	3;3;3
323	324	323	324	3	3	trialwise	1116;2922;4649	1116;2922;4649	8;19;30	7;45;4	sub-017_ses-103_task-s8;sub-017_ses-202_task-s8;sub-017_ses-303_task-s8	1116	8	7	sub-017	ses-103	task-s8	1;2;3	8;8;8
324	325	324	325	3	3	trialwise	69;1909;3605	69;1909;3605	1;12;23	70;142;70	sub-017_ses-104_task-s1;sub-017_ses-201_task-s1;sub-017_ses-302_task-s1	69	1	70	sub-017	ses-104	task-s1	1;2;3	1;1;1
325	326	325	326	3	3	trialwise	1159;2924;4730	1159;2924;4730	8;19;30	50;47;85	sub-017_ses-103_task-s8;sub-017_ses-202_task-s8;sub-017_ses-303_task-s8	1159	8	50	sub-017	ses-103	task-s8	1;2;3	8;8;8
326	327	326	327	3	3	trialwise	306;1952;3772	306;1952;3772	2;13;24	148;26;78	sub-017_ses-101_task-s2;sub-017_ses-201_task-s2;sub-017_ses-305_task-s2	306	2	148	sub-017	ses-101	task-s2	1;2;3	2;2;2
327	328	327	328	3	3	trialwise	1114;2960;4718	1114;2960;4718	8;19;30	5;83;73	sub-017_ses-103_task-s8;sub-017_ses-202_task-s8;sub-017_ses-303_task-s8	1114	8	5	sub-017	ses-103	task-s8	1;2;3	8;8;8
328	329	328	329	3	3	trialwise	747;2534;4271	747;2534;4271	5;16;27	112;131;100	sub-017_ses-102_task-s5;sub-017_ses-202_task-s5;sub-017_ses-302_task-s5	747	5	112	sub-017	ses-102	task-s5	1;2;3	5;5;5
329	330	329	330	3	3	trialwise	855;2700;4435	855;2700;4435	6;17;28	62;139;106	sub-017_ses-103_task-s6;sub-017_ses-204_task-s6;sub-017_ses-302_task-s6	855	6	62	sub-017	ses-103	task-s6	1;2;3	6;6;6
330	331	330	331	3	3	trialwise	493;2373;4167	493;2373;4167	4;15;26	17;129;155	sub-017_ses-102_task-s4;sub-017_ses-203_task-s4;sub-017_ses-302_task-s4	493	4	17	sub-017	ses-102	task-s4	1;2;3	4;4;4
331	332	331	332	3	3	trialwise	459;2127;3866	459;2127;3866	3;14;25	142;42;13	sub-017_ses-101_task-s3;sub-017_ses-201_task-s3;sub-017_ses-301_task-s3	459	3	142	sub-017	ses-101	task-s3	1;2;3	3;3;3
332	333	332	333	3	3	trialwise	243;1976;3824	243;1976;3824	2;13;24	85;50;130	sub-017_ses-101_task-s2;sub-017_ses-201_task-s2;sub-017_ses-305_task-s2	243	2	85	sub-017	ses-101	task-s2	1;2;3	2;2;2
333	334	333	334	3	3	trialwise	501;2285;4038	501;2285;4038	4;15;26	25;41;26	sub-017_ses-102_task-s4;sub-017_ses-203_task-s4;sub-017_ses-302_task-s4	501	4	25	sub-017	ses-102	task-s4	1;2;3	4;4;4
334	335	334	335	3	3	trialwise	62;1833;3598	62;1833;3598	1;12;23	63;66;63	sub-017_ses-104_task-s1;sub-017_ses-201_task-s1;sub-017_ses-302_task-s1	62	1	63	sub-017	ses-104	task-s1	1;2;3	1;1;1
335	336	335	336	3	3	trialwise	262;2067;3769	262;2067;3769	2;13;24	104;141;75	sub-017_ses-101_task-s2;sub-017_ses-201_task-s2;sub-017_ses-305_task-s2	262	2	104	sub-017	ses-101	task-s2	1;2;3	2;2;2
336	337	336	337	3	3	trialwise	414;2228;3973	414;2228;3973	3;14;25	97;143;120	sub-017_ses-101_task-s3;sub-017_ses-201_task-s3;sub-017_ses-301_task-s3	414	3	97	sub-017	ses-101	task-s3	1;2;3	3;3;3
337	338	337	338	3	3	trialwise	910;2694;4440	910;2694;4440	6;17;28	117;133;111	sub-017_ses-103_task-s6;sub-017_ses-204_task-s6;sub-017_ses-302_task-s6	910	6	117	sub-017	ses-103	task-s6	1;2;3	6;6;6
338	339	338	339	3	3	trialwise	164;2027;3767	164;2027;3767	2;13;24	6;101;73	sub-017_ses-101_task-s2;sub-017_ses-201_task-s2;sub-017_ses-305_task-s2	164	2	6	sub-017	ses-101	task-s2	1;2;3	2;2;2
339	340	339	340	3	3	trialwise	772;2415;4197	772;2415;4197	5;16;27	137;12;26	sub-017_ses-102_task-s5;sub-017_ses-202_task-s5;sub-017_ses-302_task-s5	772	5	137	sub-017	ses-102	task-s5	1;2;3	5;5;5
340	341	340	341	3	3	trialwise	915;2717;4469	915;2717;4469	6;17;28	122;156;140	sub-017_ses-103_task-s6;sub-017_ses-204_task-s6;sub-017_ses-302_task-s6	915	6	122	sub-017	ses-103	task-s6	1;2;3	6;6;6
341	342	341	342	3	3	trialwise	178;2018;3845	178;2018;3845	2;13;24	20;92;151	sub-017_ses-101_task-s2;sub-017_ses-201_task-s2;sub-017_ses-305_task-s2	178	2	20	sub-017	ses-101	task-s2	1;2;3	2;2;2
342	343	342	343	3	3	trialwise	761;2519;4278	761;2519;4278	5;16;27	126;116;107	sub-017_ses-102_task-s5;sub-017_ses-202_task-s5;sub-017_ses-302_task-s5	761	5	126	sub-017	ses-102	task-s5	1;2;3	5;5;5
343	344	343	344	3	3	trialwise	1041;2828;4585	1041;2828;4585	7;18;29	90;109;98	sub-017_ses-103_task-s7;sub-017_ses-202_task-s7;sub-017_ses-303_task-s7	1041	7	90	sub-017	ses-103	task-s7	1;2;3	7;7;7
344	345	344	345	3	3	trialwise	343;2156;3952	343;2156;3952	3;14;25	26;71;99	sub-017_ses-101_task-s3;sub-017_ses-201_task-s3;sub-017_ses-301_task-s3	343	3	26	sub-017	ses-101	task-s3	1;2;3	3;3;3
345	346	345	346	3	3	trialwise	556;2339;4155	556;2339;4155	4;15;26	80;95;143	sub-017_ses-102_task-s4;sub-017_ses-203_task-s4;sub-017_ses-302_task-s4	556	4	80	sub-017	ses-102	task-s4	1;2;3	4;4;4
346	347	346	347	3	3	trialwise	962;2812;4596	962;2812;4596	7;18;29	11;93;109	sub-017_ses-103_task-s7;sub-017_ses-202_task-s7;sub-017_ses-303_task-s7	962	7	11	sub-017	ses-103	task-s7	1;2;3	7;7;7
347	348	347	348	3	3	trialwise	117;1825;3653	117;1825;3653	1;12;23	118;58;118	sub-017_ses-104_task-s1;sub-017_ses-201_task-s1;sub-017_ses-302_task-s1	117	1	118	sub-017	ses-104	task-s1	1;2;3	1;1;1
348	349	348	349	3	3	trialwise	333;2241;3886	333;2241;3886	3;14;25	16;156;33	sub-017_ses-101_task-s3;sub-017_ses-201_task-s3;sub-017_ses-301_task-s3	333	3	16	sub-017	ses-101	task-s3	1;2;3	3;3;3
349	350	349	350	3	3	trialwise	122;1860;3658	122;1860;3658	1;12;23	123;93;123	sub-017_ses-104_task-s1;sub-017_ses-201_task-s1;sub-017_ses-302_task-s1	122	1	123	sub-017	ses-104	task-s1	1;2;3	1;1;1
350	351	350	351	3	3	trialwise	248;1958;3774	248;1958;3774	2;13;24	90;32;80	sub-017_ses-101_task-s2;sub-017_ses-201_task-s2;sub-017_ses-305_task-s2	248	2	90	sub-017	ses-101	task-s2	1;2;3	2;2;2
351	352	351	352	3	3	trialwise	384;2239;3863	384;2239;3863	3;14;25	67;154;10	sub-017_ses-101_task-s3;sub-017_ses-201_task-s3;sub-017_ses-301_task-s3	384	3	67	sub-017	ses-101	task-s3	1;2;3	3;3;3
352	353	352	353	3	3	trialwise	577;2323;4086	577;2323;4086	4;15;26	101;79;74	sub-017_ses-102_task-s4;sub-017_ses-203_task-s4;sub-017_ses-302_task-s4	577	4	101	sub-017	ses-102	task-s4	1;2;3	4;4;4
353	354	353	354	3	3	trialwise	697;2482;4326	697;2482;4326	5;16;27	62;79;155	sub-017_ses-102_task-s5;sub-017_ses-202_task-s5;sub-017_ses-302_task-s5	697	5	62	sub-017	ses-102	task-s5	1;2;3	5;5;5
354	355	354	355	3	3	trialwise	784;2426;4217	784;2426;4217	5;16;27	149;23;46	sub-017_ses-102_task-s5;sub-017_ses-202_task-s5;sub-017_ses-302_task-s5	784	5	149	sub-017	ses-102	task-s5	1;2;3	5;5;5
355	356	355	356	3	3	trialwise	774;2547;4181	774;2547;4181	5;16;27	139;144;10	sub-017_ses-102_task-s5;sub-017_ses-202_task-s5;sub-017_ses-302_task-s5	774	5	139	sub-017	ses-102	task-s5	1;2;3	5;5;5
356	357	356	357	3	3	trialwise	828;2638;4401	828;2638;4401	6;17;28	35;77;72	sub-017_ses-103_task-s6;sub-017_ses-204_task-s6;sub-017_ses-302_task-s6	828	6	35	sub-017	ses-103	task-s6	1;2;3	6;6;6
357	358	357	358	3	3	trialwise	511;2361;4150	511;2361;4150	4;15;26	35;117;138	sub-017_ses-102_task-s4;sub-017_ses-203_task-s4;sub-017_ses-302_task-s4	511	4	35	sub-017	ses-102	task-s4	1;2;3	4;4;4
358	359	358	359	3	3	trialwise	337;2234;3907	337;2234;3907	3;14;25	20;149;54	sub-017_ses-101_task-s3;sub-017_ses-201_task-s3;sub-017_ses-301_task-s3	337	3	20	sub-017	ses-101	task-s3	1;2;3	3;3;3
359	360	359	360	3	3	trialwise	870;2681;4438	870;2681;4438	6;17;28	77;120;109	sub-017_ses-103_task-s6;sub-017_ses-204_task-s6;sub-017_ses-302_task-s6	870	6	77	sub-017	ses-103	task-s6	1;2;3	6;6;6
360	361	360	361	3	3	trialwise	34;1876;3570	34;1876;3570	1;12;23	35;109;35	sub-017_ses-104_task-s1;sub-017_ses-201_task-s1;sub-017_ses-302_task-s1	34	1	35	sub-017	ses-104	task-s1	1;2;3	1;1;1
361	362	361	362	3	3	trialwise	354;2184;3892	354;2184;3892	3;14;25	37;99;39	sub-017_ses-101_task-s3;sub-017_ses-201_task-s3;sub-017_ses-301_task-s3	354	3	37	sub-017	ses-101	task-s3	1;2;3	3;3;3
362	363	362	363	3	3	trialwise	1160;3024;4760	1160;3024;4760	8;19;30	51;147;115	sub-017_ses-103_task-s8;sub-017_ses-202_task-s8;sub-017_ses-303_task-s8	1160	8	51	sub-017	ses-103	task-s8	1;2;3	8;8;8
363	364	363	364	3	3	trialwise	729;2425;4297	729;2425;4297	5;16;27	94;22;126	sub-017_ses-102_task-s5;sub-017_ses-202_task-s5;sub-017_ses-302_task-s5	729	5	94	sub-017	ses-102	task-s5	1;2;3	5;5;5
364	365	364	365	3	3	trialwise	77;1795;3613	77;1795;3613	1;12;23	78;28;78	sub-017_ses-104_task-s1;sub-017_ses-201_task-s1;sub-017_ses-302_task-s1	77	1	78	sub-017	ses-104	task-s1	1;2;3	1;1;1
365	366	365	366	3	3	trialwise	864;2704;4398	864;2704;4398	6;17;28	71;143;69	sub-017_ses-103_task-s6;sub-017_ses-204_task-s6;sub-017_ses-302_task-s6	864	6	71	sub-017	ses-103	task-s6	1;2;3	6;6;6
366	367	366	367	3	3	trialwise	71;1775;3607	71;1775;3607	1;12;23	72;8;72	sub-017_ses-104_task-s1;sub-017_ses-201_task-s1;sub-017_ses-302_task-s1	71	1	72	sub-017	ses-104	task-s1	1;2;3	1;1;1
367	368	367	368	3	3	trialwise	1149;2945;4724	1149;2945;4724	8;19;30	40;68;79	sub-017_ses-103_task-s8;sub-017_ses-202_task-s8;sub-017_ses-303_task-s8	1149	8	40	sub-017	ses-103	task-s8	1;2;3	8;8;8
368	369	368	369	3	3	trialwise	638;2437;4226	638;2437;4226	5;16;27	3;34;55	sub-017_ses-102_task-s5;sub-017_ses-202_task-s5;sub-017_ses-302_task-s5	638	5	3	sub-017	ses-102	task-s5	1;2;3	5;5;5
369	370	369	370	3	3	trialwise	195;1988;3761	195;1988;3761	2;13;24	37;62;67	sub-017_ses-101_task-s2;sub-017_ses-201_task-s2;sub-017_ses-305_task-s2	195	2	37	sub-017	ses-101	task-s2	1;2;3	2;2;2
370	371	370	371	3	3	trialwise	682;2433;4282	682;2433;4282	5;16;27	47;30;111	sub-017_ses-102_task-s5;sub-017_ses-202_task-s5;sub-017_ses-302_task-s5	682	5	47	sub-017	ses-102	task-s5	1;2;3	5;5;5
371	372	371	372	3	3	trialwise	503;2353;4160	503;2353;4160	4;15;26	27;109;148	sub-017_ses-102_task-s4;sub-017_ses-203_task-s4;sub-017_ses-302_task-s4	503	4	27	sub-017	ses-102	task-s4	1;2;3	4;4;4
372	373	372	373	3	3	trialwise	1008;2790;4601	1008;2790;4601	7;18;29	57;71;114	sub-017_ses-103_task-s7;sub-017_ses-202_task-s7;sub-017_ses-303_task-s7	1008	7	57	sub-017	ses-103	task-s7	1;2;3	7;7;7
373	374	373	374	3	3	trialwise	1068;2830;4536	1068;2830;4536	7;18;29	117;111;49	sub-017_ses-103_task-s7;sub-017_ses-202_task-s7;sub-017_ses-303_task-s7	1068	7	117	sub-017	ses-103	task-s7	1;2;3	7;7;7
374	375	374	375	3	3	trialwise	302;1936;3702	302;1936;3702	2;13;24	144;10;8	sub-017_ses-101_task-s2;sub-017_ses-201_task-s2;sub-017_ses-305_task-s2	302	2	144	sub-017	ses-101	task-s2	1;2;3	2;2;2
375	376	375	376	3	3	trialwise	505;2365;4088	505;2365;4088	4;15;26	29;121;76	sub-017_ses-102_task-s4;sub-017_ses-203_task-s4;sub-017_ses-302_task-s4	505	4	29	sub-017	ses-102	task-s4	1;2;3	4;4;4
376	377	376	377	3	3	trialwise	98;1771;3634	98;1771;3634	1;12;23	99;4;99	sub-017_ses-104_task-s1;sub-017_ses-201_task-s1;sub-017_ses-302_task-s1	98	1	99	sub-017	ses-104	task-s1	1;2;3	1;1;1
377	378	377	378	3	3	trialwise	1057;2877;4591	1057;2877;4591	7;18;29	106;158;104	sub-017_ses-103_task-s7;sub-017_ses-202_task-s7;sub-017_ses-303_task-s7	1057	7	106	sub-017	ses-103	task-s7	1;2;3	7;7;7
378	379	378	379	3	3	trialwise	241;1964;3839	241;1964;3839	2;13;24	83;38;145	sub-017_ses-101_task-s2;sub-017_ses-201_task-s2;sub-017_ses-305_task-s2	241	2	83	sub-017	ses-101	task-s2	1;2;3	2;2;2
379	380	379	380	3	3	trialwise	109;1880;3645	109;1880;3645	1;12;23	110;113;110	sub-017_ses-104_task-s1;sub-017_ses-201_task-s1;sub-017_ses-302_task-s1	109	1	110	sub-017	ses-104	task-s1	1;2;3	1;1;1
380	381	380	381	3	3	trialwise	789;2446;4228	789;2446;4228	5;16;27	154;43;57	sub-017_ses-102_task-s5;sub-017_ses-202_task-s5;sub-017_ses-302_task-s5	789	5	154	sub-017	ses-102	task-s5	1;2;3	5;5;5
381	382	381	382	3	3	trialwise	690;2464;4259	690;2464;4259	5;16;27	55;61;88	sub-017_ses-102_task-s5;sub-017_ses-202_task-s5;sub-017_ses-302_task-s5	690	5	55	sub-017	ses-102	task-s5	1;2;3	5;5;5
382	383	382	383	3	3	trialwise	326;2119;3958	326;2119;3958	3;14;25	9;34;105	sub-017_ses-101_task-s3;sub-017_ses-201_task-s3;sub-017_ses-301_task-s3	326	3	9	sub-017	ses-101	task-s3	1;2;3	3;3;3
383	384	383	384	3	3	trialwise	1173;2973;4713	1173;2973;4713	8;19;30	64;96;68	sub-017_ses-103_task-s8;sub-017_ses-202_task-s8;sub-017_ses-303_task-s8	1173	8	64	sub-017	ses-103	task-s8	1;2;3	8;8;8
384	385	384	385	3	3	trialwise	271;1948;3762	271;1948;3762	2;13;24	113;22;68	sub-017_ses-101_task-s2;sub-017_ses-201_task-s2;sub-017_ses-305_task-s2	271	2	113	sub-017	ses-101	task-s2	1;2;3	2;2;2
385	386	385	386	3	3	trialwise	1100;2781;4587	1100;2781;4587	7;18;29	149;62;100	sub-017_ses-103_task-s7;sub-017_ses-202_task-s7;sub-017_ses-303_task-s7	1100	7	149	sub-017	ses-103	task-s7	1;2;3	7;7;7
386	387	386	387	3	3	trialwise	752;2477;4272	752;2477;4272	5;16;27	117;74;101	sub-017_ses-102_task-s5;sub-017_ses-202_task-s5;sub-017_ses-302_task-s5	752	5	117	sub-017	ses-102	task-s5	1;2;3	5;5;5
387	388	387	388	3	3	trialwise	1102;2833;4517	1102;2833;4517	7;18;29	151;114;30	sub-017_ses-103_task-s7;sub-017_ses-202_task-s7;sub-017_ses-303_task-s7	1102	7	151	sub-017	ses-103	task-s7	1;2;3	7;7;7
388	389	388	389	3	3	trialwise	513;2358;4097	513;2358;4097	4;15;26	37;114;85	sub-017_ses-102_task-s4;sub-017_ses-203_task-s4;sub-017_ses-302_task-s4	513	4	37	sub-017	ses-102	task-s4	1;2;3	4;4;4
389	390	389	390	3	3	trialwise	397;2196;3953	397;2196;3953	3;14;25	80;111;100	sub-017_ses-101_task-s3;sub-017_ses-201_task-s3;sub-017_ses-301_task-s3	397	3	80	sub-017	ses-101	task-s3	1;2;3	3;3;3
390	391	390	391	3	3	trialwise	114;1875;3650	114;1875;3650	1;12;23	115;108;115	sub-017_ses-104_task-s1;sub-017_ses-201_task-s1;sub-017_ses-302_task-s1	114	1	115	sub-017	ses-104	task-s1	1;2;3	1;1;1
391	392	391	392	3	3	trialwise	478;2332;4020	478;2332;4020	4;15;26	2;88;8	sub-017_ses-102_task-s4;sub-017_ses-203_task-s4;sub-017_ses-302_task-s4	478	4	2	sub-017	ses-102	task-s4	1;2;3	4;4;4
392	393	392	393	3	3	trialwise	441;2213;3954	441;2213;3954	3;14;25	124;128;101	sub-017_ses-101_task-s3;sub-017_ses-201_task-s3;sub-017_ses-301_task-s3	441	3	124	sub-017	ses-101	task-s3	1;2;3	3;3;3
393	394	393	394	3	3	trialwise	481;2393;4107	481;2393;4107	4;15;26	5;149;95	sub-017_ses-102_task-s4;sub-017_ses-203_task-s4;sub-017_ses-302_task-s4	481	4	5	sub-017	ses-102	task-s4	1;2;3	4;4;4
394	395	394	395	3	3	trialwise	449;2103;3912	449;2103;3912	3;14;25	132;18;59	sub-017_ses-101_task-s3;sub-017_ses-201_task-s3;sub-017_ses-301_task-s3	449	3	132	sub-017	ses-101	task-s3	1;2;3	3;3;3
395	396	395	396	3	3	trialwise	1203;2961;4720	1203;2961;4720	8;19;30	94;84;75	sub-017_ses-103_task-s8;sub-017_ses-202_task-s8;sub-017_ses-303_task-s8	1203	8	94	sub-017	ses-103	task-s8	1;2;3	8;8;8
396	397	396	397	3	3	trialwise	955;2736;4504	955;2736;4504	7;18;29	4;17;17	sub-017_ses-103_task-s7;sub-017_ses-202_task-s7;sub-017_ses-303_task-s7	955	7	4	sub-017	ses-103	task-s7	1;2;3	7;7;7
397	398	397	398	3	3	trialwise	742;2538;4233	742;2538;4233	5;16;27	107;135;62	sub-017_ses-102_task-s5;sub-017_ses-202_task-s5;sub-017_ses-302_task-s5	742	5	107	sub-017	ses-102	task-s5	1;2;3	5;5;5
398	399	398	399	3	3	trialwise	1027;2738;4566	1027;2738;4566	7;18;29	76;19;79	sub-017_ses-103_task-s7;sub-017_ses-202_task-s7;sub-017_ses-303_task-s7	1027	7	76	sub-017	ses-103	task-s7	1;2;3	7;7;7
399	400	399	400	3	3	trialwise	972;2797;4641	972;2797;4641	7;18;29	21;78;154	sub-017_ses-103_task-s7;sub-017_ses-202_task-s7;sub-017_ses-303_task-s7	972	7	21	sub-017	ses-103	task-s7	1;2;3	7;7;7
400	401	400	401	3	3	trialwise	1180;3004;4742	1180;3004;4742	8;19;30	71;127;97	sub-017_ses-103_task-s8;sub-017_ses-202_task-s8;sub-017_ses-303_task-s8	1180	8	71	sub-017	ses-103	task-s8	1;2;3	8;8;8
401	402	401	402	3	3	trialwise	485;2247;4149	485;2247;4149	4;15;26	9;3;137	sub-017_ses-102_task-s4;sub-017_ses-203_task-s4;sub-017_ses-302_task-s4	485	4	9	sub-017	ses-102	task-s4	1;2;3	4;4;4
402	403	402	403	3	3	trialwise	891;2653;4407	891;2653;4407	6;17;28	98;92;78	sub-017_ses-103_task-s6;sub-017_ses-204_task-s6;sub-017_ses-302_task-s6	891	6	98	sub-017	ses-103	task-s6	1;2;3	6;6;6
403	404	403	404	3	3	trialwise	1087;2759;4544	1087;2759;4544	7;18;29	136;40;57	sub-017_ses-103_task-s7;sub-017_ses-202_task-s7;sub-017_ses-303_task-s7	1087	7	136	sub-017	ses-103	task-s7	1;2;3	7;7;7
404	405	404	405	3	3	trialwise	1092;2748;4580	1092;2748;4580	7;18;29	141;29;93	sub-017_ses-103_task-s7;sub-017_ses-202_task-s7;sub-017_ses-303_task-s7	1092	7	141	sub-017	ses-103	task-s7	1;2;3	7;7;7
405	406	405	406	3	3	trialwise	662;2531;4264	662;2531;4264	5;16;27	27;128;93	sub-017_ses-102_task-s5;sub-017_ses-202_task-s5;sub-017_ses-302_task-s5	662	5	27	sub-017	ses-102	task-s5	1;2;3	5;5;5
406	407	406	407	3	3	trialwise	710;2483;4295	710;2483;4295	5;16;27	75;80;124	sub-017_ses-102_task-s5;sub-017_ses-202_task-s5;sub-017_ses-302_task-s5	710	5	75	sub-017	ses-102	task-s5	1;2;3	5;5;5
407	408	407	408	3	3	trialwise	48;1828;3584	48;1828;3584	1;12;23	49;61;49	sub-017_ses-104_task-s1;sub-017_ses-201_task-s1;sub-017_ses-302_task-s1	48	1	49	sub-017	ses-104	task-s1	1;2;3	1;1;1
408	409	408	409	3	3	trialwise	104;1835;3640	104;1835;3640	1;12;23	105;68;105	sub-017_ses-104_task-s1;sub-017_ses-201_task-s1;sub-017_ses-302_task-s1	104	1	105	sub-017	ses-104	task-s1	1;2;3	1;1;1
409	410	409	410	3	3	trialwise	1194;2987;4729	1194;2987;4729	8;19;30	85;110;84	sub-017_ses-103_task-s8;sub-017_ses-202_task-s8;sub-017_ses-303_task-s8	1194	8	85	sub-017	ses-103	task-s8	1;2;3	8;8;8
410	411	410	411	3	3	trialwise	100;1893;3636	100;1893;3636	1;12;23	101;126;101	sub-017_ses-104_task-s1;sub-017_ses-201_task-s1;sub-017_ses-302_task-s1	100	1	101	sub-017	ses-104	task-s1	1;2;3	1;1;1
411	412	411	412	3	3	trialwise	572;2360;4129	572;2360;4129	4;15;26	96;116;117	sub-017_ses-102_task-s4;sub-017_ses-203_task-s4;sub-017_ses-302_task-s4	572	4	96	sub-017	ses-102	task-s4	1;2;3	4;4;4
412	413	412	413	3	3	trialwise	348;2203;3918	348;2203;3918	3;14;25	31;118;65	sub-017_ses-101_task-s3;sub-017_ses-201_task-s3;sub-017_ses-301_task-s3	348	3	31	sub-017	ses-101	task-s3	1;2;3	3;3;3
413	414	413	414	3	3	trialwise	1156;2932;4686	1156;2932;4686	8;19;30	47;55;41	sub-017_ses-103_task-s8;sub-017_ses-202_task-s8;sub-017_ses-303_task-s8	1156	8	47	sub-017	ses-103	task-s8	1;2;3	8;8;8
414	415	414	415	3	3	trialwise	535;2268;4096	535;2268;4096	4;15;26	59;24;84	sub-017_ses-102_task-s4;sub-017_ses-203_task-s4;sub-017_ses-302_task-s4	535	4	59	sub-017	ses-102	task-s4	1;2;3	4;4;4
415	416	415	416	3	3	trialwise	1198;2992;4793	1198;2992;4793	8;19;30	89;115;148	sub-017_ses-103_task-s8;sub-017_ses-202_task-s8;sub-017_ses-303_task-s8	1198	8	89	sub-017	ses-103	task-s8	1;2;3	8;8;8
416	417	416	417	3	3	trialwise	644;2495;4231	644;2495;4231	5;16;27	9;92;60	sub-017_ses-102_task-s5;sub-017_ses-202_task-s5;sub-017_ses-302_task-s5	644	5	9	sub-017	ses-102	task-s5	1;2;3	5;5;5
417	418	417	418	3	3	trialwise	649;2411;4285	649;2411;4285	5;16;27	14;8;114	sub-017_ses-102_task-s5;sub-017_ses-202_task-s5;sub-017_ses-302_task-s5	649	5	14	sub-017	ses-102	task-s5	1;2;3	5;5;5
418	419	418	419	3	3	trialwise	29;1813;3565	29;1813;3565	1;12;23	30;46;30	sub-017_ses-104_task-s1;sub-017_ses-201_task-s1;sub-017_ses-302_task-s1	29	1	30	sub-017	ses-104	task-s1	1;2;3	1;1;1
419	420	419	420	3	3	trialwise	1262;2918;4722	1262;2918;4722	8;19;30	153;41;77	sub-017_ses-103_task-s8;sub-017_ses-202_task-s8;sub-017_ses-303_task-s8	1262	8	153	sub-017	ses-103	task-s8	1;2;3	8;8;8
420	421	420	421	3	3	trialwise	445;2180;4002	445;2180;4002	3;14;25	128;95;149	sub-017_ses-101_task-s3;sub-017_ses-201_task-s3;sub-017_ses-301_task-s3	445	3	128	sub-017	ses-101	task-s3	1;2;3	3;3;3
421	422	421	422	3	3	trialwise	748;2470;4327	748;2470;4327	5;16;27	113;67;156	sub-017_ses-102_task-s5;sub-017_ses-202_task-s5;sub-017_ses-302_task-s5	748	5	113	sub-017	ses-102	task-s5	1;2;3	5;5;5
422	423	422	423	3	3	trialwise	902;2699;4334	902;2699;4334	6;17;28	109;138;5	sub-017_ses-103_task-s6;sub-017_ses-204_task-s6;sub-017_ses-302_task-s6	902	6	109	sub-017	ses-103	task-s6	1;2;3	6;6;6
423	424	423	424	3	3	trialwise	1007;2835;4524	1007;2835;4524	7;18;29	56;116;37	sub-017_ses-103_task-s7;sub-017_ses-202_task-s7;sub-017_ses-303_task-s7	1007	7	56	sub-017	ses-103	task-s7	1;2;3	7;7;7
424	425	424	425	3	3	trialwise	400;2195;3862	400;2195;3862	3;14;25	83;110;9	sub-017_ses-101_task-s3;sub-017_ses-201_task-s3;sub-017_ses-301_task-s3	400	3	83	sub-017	ses-101	task-s3	1;2;3	3;3;3
425	426	425	426	3	3	trialwise	741;2471;4232	741;2471;4232	5;16;27	106;68;61	sub-017_ses-102_task-s5;sub-017_ses-202_task-s5;sub-017_ses-302_task-s5	741	5	106	sub-017	ses-102	task-s5	1;2;3	5;5;5
426	427	426	427	3	3	trialwise	16;1784;3552	16;1784;3552	1;12;23	17;17;17	sub-017_ses-104_task-s1;sub-017_ses-201_task-s1;sub-017_ses-302_task-s1	16	1	17	sub-017	ses-104	task-s1	1;2;3	1;1;1
427	428	427	428	3	3	trialwise	1064;2722;4599	1064;2722;4599	7;18;29	113;3;112	sub-017_ses-103_task-s7;sub-017_ses-202_task-s7;sub-017_ses-303_task-s7	1064	7	113	sub-017	ses-103	task-s7	1;2;3	7;7;7
428	429	428	429	3	3	trialwise	719;2479;4218	719;2479;4218	5;16;27	84;76;47	sub-017_ses-102_task-s5;sub-017_ses-202_task-s5;sub-017_ses-302_task-s5	719	5	84	sub-017	ses-102	task-s5	1;2;3	5;5;5
429	430	429	430	3	3	trialwise	1222;2915;4750	1222;2915;4750	8;19;30	113;38;105	sub-017_ses-103_task-s8;sub-017_ses-202_task-s8;sub-017_ses-303_task-s8	1222	8	113	sub-017	ses-103	task-s8	1;2;3	8;8;8
430	431	430	431	3	3	trialwise	357;2153;3899	357;2153;3899	3;14;25	40;68;46	sub-017_ses-101_task-s3;sub-017_ses-201_task-s3;sub-017_ses-301_task-s3	357	3	40	sub-017	ses-101	task-s3	1;2;3	3;3;3
431	432	431	432	3	3	trialwise	1255;2891;4738	1255;2891;4738	8;19;30	146;14;93	sub-017_ses-103_task-s8;sub-017_ses-202_task-s8;sub-017_ses-303_task-s8	1255	8	146	sub-017	ses-103	task-s8	1;2;3	8;8;8
432	433	432	433	3	3	trialwise	952;2848;4531	952;2848;4531	7;18;29	1;129;44	sub-017_ses-103_task-s7;sub-017_ses-202_task-s7;sub-017_ses-303_task-s7	952	7	1	sub-017	ses-103	task-s7	1;2;3	7;7;7
433	434	433	434	3	3	trialwise	529;2363;4144	529;2363;4144	4;15;26	53;119;132	sub-017_ses-102_task-s4;sub-017_ses-203_task-s4;sub-017_ses-302_task-s4	529	4	53	sub-017	ses-102	task-s4	1;2;3	4;4;4
434	435	434	435	3	3	trialwise	432;2116;3957	432;2116;3957	3;14;25	115;31;104	sub-017_ses-101_task-s3;sub-017_ses-201_task-s3;sub-017_ses-301_task-s3	432	3	115	sub-017	ses-101	task-s3	1;2;3	3;3;3
435	436	435	436	3	3	trialwise	1082;2803;4567	1082;2803;4567	7;18;29	131;84;80	sub-017_ses-103_task-s7;sub-017_ses-202_task-s7;sub-017_ses-303_task-s7	1082	7	131	sub-017	ses-103	task-s7	1;2;3	7;7;7
436	437	436	437	3	3	trialwise	716;2518;4229	716;2518;4229	5;16;27	81;115;58	sub-017_ses-102_task-s5;sub-017_ses-202_task-s5;sub-017_ses-302_task-s5	716	5	81	sub-017	ses-102	task-s5	1;2;3	5;5;5
437	438	437	438	3	3	trialwise	434;2154;3942	434;2154;3942	3;14;25	117;69;89	sub-017_ses-101_task-s3;sub-017_ses-201_task-s3;sub-017_ses-301_task-s3	434	3	117	sub-017	ses-101	task-s3	1;2;3	3;3;3
438	439	438	439	3	3	trialwise	617;2389;4117	617;2389;4117	4;15;26	141;145;105	sub-017_ses-102_task-s4;sub-017_ses-203_task-s4;sub-017_ses-302_task-s4	617	4	141	sub-017	ses-102	task-s4	1;2;3	4;4;4
439	440	439	440	3	3	trialwise	907;2670;4363	907;2670;4363	6;17;28	114;109;34	sub-017_ses-103_task-s6;sub-017_ses-204_task-s6;sub-017_ses-302_task-s6	907	6	114	sub-017	ses-103	task-s6	1;2;3	6;6;6
440	441	440	441	3	3	trialwise	79;1868;3615	79;1868;3615	1;12;23	80;101;80	sub-017_ses-104_task-s1;sub-017_ses-201_task-s1;sub-017_ses-302_task-s1	79	1	80	sub-017	ses-104	task-s1	1;2;3	1;1;1
441	442	441	442	3	3	trialwise	356;2186;3861	356;2186;3861	3;14;25	39;101;8	sub-017_ses-101_task-s3;sub-017_ses-201_task-s3;sub-017_ses-301_task-s3	356	3	39	sub-017	ses-101	task-s3	1;2;3	3;3;3
442	443	442	443	3	3	trialwise	737;2453;4177	737;2453;4177	5;16;27	102;50;6	sub-017_ses-102_task-s5;sub-017_ses-202_task-s5;sub-017_ses-302_task-s5	737	5	102	sub-017	ses-102	task-s5	1;2;3	5;5;5
443	444	443	444	3	3	trialwise	842;2571;4404	842;2571;4404	6;17;28	49;10;75	sub-017_ses-103_task-s6;sub-017_ses-204_task-s6;sub-017_ses-302_task-s6	842	6	49	sub-017	ses-103	task-s6	1;2;3	6;6;6
444	445	444	445	3	3	trialwise	154;1896;3690	154;1896;3690	1;12;23	155;129;155	sub-017_ses-104_task-s1;sub-017_ses-201_task-s1;sub-017_ses-302_task-s1	154	1	155	sub-017	ses-104	task-s1	1;2;3	1;1;1
445	446	445	446	3	3	trialwise	566;2283;4102	566;2283;4102	4;15;26	90;39;90	sub-017_ses-102_task-s4;sub-017_ses-203_task-s4;sub-017_ses-302_task-s4	566	4	90	sub-017	ses-102	task-s4	1;2;3	4;4;4
446	447	446	447	3	3	trialwise	897;2701;4331	897;2701;4331	6;17;28	104;140;2	sub-017_ses-103_task-s6;sub-017_ses-204_task-s6;sub-017_ses-302_task-s6	897	6	104	sub-017	ses-103	task-s6	1;2;3	6;6;6
447	448	447	448	3	3	trialwise	417;2173;3955	417;2173;3955	3;14;25	100;88;102	sub-017_ses-101_task-s3;sub-017_ses-201_task-s3;sub-017_ses-301_task-s3	417	3	100	sub-017	ses-101	task-s3	1;2;3	3;3;3
448	449	448	449	3	3	trialwise	56;1778;3592	56;1778;3592	1;12;23	57;11;57	sub-017_ses-104_task-s1;sub-017_ses-201_task-s1;sub-017_ses-302_task-s1	56	1	57	sub-017	ses-104	task-s1	1;2;3	1;1;1
449	450	449	450	3	3	trialwise	347;2111;3979	347;2111;3979	3;14;25	30;26;126	sub-017_ses-101_task-s3;sub-017_ses-201_task-s3;sub-017_ses-301_task-s3	347	3	30	sub-017	ses-101	task-s3	1;2;3	3;3;3
450	451	450	451	3	3	trialwise	759;2463;4325	759;2463;4325	5;16;27	124;60;154	sub-017_ses-102_task-s5;sub-017_ses-202_task-s5;sub-017_ses-302_task-s5	759	5	124	sub-017	ses-102	task-s5	1;2;3	5;5;5
451	452	451	452	3	3	trialwise	629;2381;4158	629;2381;4158	4;15;26	153;137;146	sub-017_ses-102_task-s4;sub-017_ses-203_task-s4;sub-017_ses-302_task-s4	629	4	153	sub-017	ses-102	task-s4	1;2;3	4;4;4
452	453	452	453	3	3	trialwise	282;1995;3843	282;1995;3843	2;13;24	124;69;149	sub-017_ses-101_task-s2;sub-017_ses-201_task-s2;sub-017_ses-305_task-s2	282	2	124	sub-017	ses-101	task-s2	1;2;3	2;2;2
453	454	453	454	3	3	trialwise	1223;3030;4694	1223;3030;4694	8;19;30	114;153;49	sub-017_ses-103_task-s8;sub-017_ses-202_task-s8;sub-017_ses-303_task-s8	1223	8	114	sub-017	ses-103	task-s8	1;2;3	8;8;8
454	455	454	455	3	3	trialwise	409;2149;4006	409;2149;4006	3;14;25	92;64;153	sub-017_ses-101_task-s3;sub-017_ses-201_task-s3;sub-017_ses-301_task-s3	409	3	92	sub-017	ses-101	task-s3	1;2;3	3;3;3
455	456	455	456	3	3	trialwise	217;2012;3742	217;2012;3742	2;13;24	59;86;48	sub-017_ses-101_task-s2;sub-017_ses-201_task-s2;sub-017_ses-305_task-s2	217	2	59	sub-017	ses-101	task-s2	1;2;3	2;2;2
456	457	456	457	3	3	trialwise	93;1851;3629	93;1851;3629	1;12;23	94;84;94	sub-017_ses-104_task-s1;sub-017_ses-201_task-s1;sub-017_ses-302_task-s1	93	1	94	sub-017	ses-104	task-s1	1;2;3	1;1;1
457	458	457	458	3	3	trialwise	490;2318;4050	490;2318;4050	4;15;26	14;74;38	sub-017_ses-102_task-s4;sub-017_ses-203_task-s4;sub-017_ses-302_task-s4	490	4	14	sub-017	ses-102	task-s4	1;2;3	4;4;4
458	459	458	459	3	3	trialwise	893;2665;4433	893;2665;4433	6;17;28	100;104;104	sub-017_ses-103_task-s6;sub-017_ses-204_task-s6;sub-017_ses-302_task-s6	893	6	100	sub-017	ses-103	task-s6	1;2;3	6;6;6
459	460	459	460	3	3	trialwise	540;2325;4029	540;2325;4029	4;15;26	64;81;17	sub-017_ses-102_task-s4;sub-017_ses-203_task-s4;sub-017_ses-302_task-s4	540	4	64	sub-017	ses-102	task-s4	1;2;3	4;4;4
460	461	460	461	3	3	trialwise	1154;3029;4696	1154;3029;4696	8;19;30	45;152;51	sub-017_ses-103_task-s8;sub-017_ses-202_task-s8;sub-017_ses-303_task-s8	1154	8	45	sub-017	ses-103	task-s8	1;2;3	8;8;8
461	462	461	462	3	3	trialwise	1266;2955;4677	1266;2955;4677	8;19;30	157;78;32	sub-017_ses-103_task-s8;sub-017_ses-202_task-s8;sub-017_ses-303_task-s8	1266	8	157	sub-017	ses-103	task-s8	1;2;3	8;8;8
462	463	462	463	3	3	trialwise	823;2578;4463	823;2578;4463	6;17;28	30;17;134	sub-017_ses-103_task-s6;sub-017_ses-204_task-s6;sub-017_ses-302_task-s6	823	6	30	sub-017	ses-103	task-s6	1;2;3	6;6;6
463	464	463	464	3	3	trialwise	1015;2856;4594	1015;2856;4594	7;18;29	64;137;107	sub-017_ses-103_task-s7;sub-017_ses-202_task-s7;sub-017_ses-303_task-s7	1015	7	64	sub-017	ses-103	task-s7	1;2;3	7;7;7
464	465	464	465	3	3	trialwise	531;2257;4162	531;2257;4162	4;15;26	55;13;150	sub-017_ses-102_task-s4;sub-017_ses-203_task-s4;sub-017_ses-302_task-s4	531	4	55	sub-017	ses-102	task-s4	1;2;3	4;4;4
465	466	465	466	3	3	trialwise	1124;2896;4744	1124;2896;4744	8;19;30	15;19;99	sub-017_ses-103_task-s8;sub-017_ses-202_task-s8;sub-017_ses-303_task-s8	1124	8	15	sub-017	ses-103	task-s8	1;2;3	8;8;8
466	467	466	467	3	3	trialwise	166;2042;3710	166;2042;3710	2;13;24	8;116;16	sub-017_ses-101_task-s2;sub-017_ses-201_task-s2;sub-017_ses-305_task-s2	166	2	8	sub-017	ses-101	task-s2	1;2;3	2;2;2
467	468	467	468	3	3	trialwise	36;1869;3572	36;1869;3572	1;12;23	37;102;37	sub-017_ses-104_task-s1;sub-017_ses-201_task-s1;sub-017_ses-302_task-s1	36	1	37	sub-017	ses-104	task-s1	1;2;3	1;1;1
468	469	468	469	3	3	trialwise	406;2094;3910	406;2094;3910	3;14;25	89;9;57	sub-017_ses-101_task-s3;sub-017_ses-201_task-s3;sub-017_ses-301_task-s3	406	3	89	sub-017	ses-101	task-s3	1;2;3	3;3;3
469	470	469	470	3	3	trialwise	810;2715;4448	810;2715;4448	6;17;28	17;154;119	sub-017_ses-103_task-s6;sub-017_ses-204_task-s6;sub-017_ses-302_task-s6	810	6	17	sub-017	ses-103	task-s6	1;2;3	6;6;6
470	471	470	471	3	3	trialwise	227;2035;3796	227;2035;3796	2;13;24	69;109;102	sub-017_ses-101_task-s2;sub-017_ses-201_task-s2;sub-017_ses-305_task-s2	227	2	69	sub-017	ses-101	task-s2	1;2;3	2;2;2
471	472	471	472	3	3	trialwise	276;1990;3768	276;1990;3768	2;13;24	118;64;74	sub-017_ses-101_task-s2;sub-017_ses-201_task-s2;sub-017_ses-305_task-s2	276	2	118	sub-017	ses-101	task-s2	1;2;3	2;2;2
472	473	472	473	3	3	trialwise	1237;2913;4770	1237;2913;4770	8;19;30	128;36;125	sub-017_ses-103_task-s8;sub-017_ses-202_task-s8;sub-017_ses-303_task-s8	1237	8	128	sub-017	ses-103	task-s8	1;2;3	8;8;8
473	474	473	474	3	3	trialwise	499;2326;4119	499;2326;4119	4;15;26	23;82;107	sub-017_ses-102_task-s4;sub-017_ses-203_task-s4;sub-017_ses-302_task-s4	499	4	23	sub-017	ses-102	task-s4	1;2;3	4;4;4
474	475	474	475	3	3	trialwise	353;2097;3944	353;2097;3944	3;14;25	36;12;91	sub-017_ses-101_task-s3;sub-017_ses-201_task-s3;sub-017_ses-301_task-s3	353	3	36	sub-017	ses-101	task-s3	1;2;3	3;3;3
475	476	475	476	3	3	trialwise	1250;2947;4680	1250;2947;4680	8;19;30	141;70;35	sub-017_ses-103_task-s8;sub-017_ses-202_task-s8;sub-017_ses-303_task-s8	1250	8	141	sub-017	ses-103	task-s8	1;2;3	8;8;8
476	477	476	477	3	3	trialwise	787;2409;4244	787;2409;4244	5;16;27	152;6;73	sub-017_ses-102_task-s5;sub-017_ses-202_task-s5;sub-017_ses-302_task-s5	787	5	152	sub-017	ses-102	task-s5	1;2;3	5;5;5
477	478	477	478	3	3	trialwise	1000;2793;4623	1000;2793;4623	7;18;29	49;74;136	sub-017_ses-103_task-s7;sub-017_ses-202_task-s7;sub-017_ses-303_task-s7	1000	7	49	sub-017	ses-103	task-s7	1;2;3	7;7;7
478	479	478	479	3	3	trialwise	872;2633;4427	872;2633;4427	6;17;28	79;72;98	sub-017_ses-103_task-s6;sub-017_ses-204_task-s6;sub-017_ses-302_task-s6	872	6	79	sub-017	ses-103	task-s6	1;2;3	6;6;6
479	480	479	480	3	3	trialwise	721;2468;4310	721;2468;4310	5;16;27	86;65;139	sub-017_ses-102_task-s5;sub-017_ses-202_task-s5;sub-017_ses-302_task-s5	721	5	86	sub-017	ses-102	task-s5	1;2;3	5;5;5
480	481	480	481	3	3	trialwise	223;1938;3708	223;1938;3708	2;13;24	65;12;14	sub-017_ses-101_task-s2;sub-017_ses-201_task-s2;sub-017_ses-305_task-s2	223	2	65	sub-017	ses-101	task-s2	1;2;3	2;2;2
481	482	481	482	3	3	trialwise	585;2307;4124	585;2307;4124	4;15;26	109;63;112	sub-017_ses-102_task-s4;sub-017_ses-203_task-s4;sub-017_ses-302_task-s4	585	4	109	sub-017	ses-102	task-s4	1;2;3	4;4;4
482	483	482	483	3	3	trialwise	978;2795;4639	978;2795;4639	7;18;29	27;76;152	sub-017_ses-103_task-s7;sub-017_ses-202_task-s7;sub-017_ses-303_task-s7	978	7	27	sub-017	ses-103	task-s7	1;2;3	7;7;7
483	484	483	484	3	3	trialwise	947;2658;4449	947;2658;4449	6;17;28	154;97;120	sub-017_ses-103_task-s6;sub-017_ses-204_task-s6;sub-017_ses-302_task-s6	947	6	154	sub-017	ses-103	task-s6	1;2;3	6;6;6
484	485	484	485	3	3	trialwise	379;2242;4003	379;2242;4003	3;14;25	62;157;150	sub-017_ses-101_task-s3;sub-017_ses-201_task-s3;sub-017_ses-301_task-s3	379	3	62	sub-017	ses-101	task-s3	1;2;3	3;3;3
485	486	485	486	3	3	trialwise	1111;2882;4650	1111;2882;4650	8;19;30	2;5;5	sub-017_ses-103_task-s8;sub-017_ses-202_task-s8;sub-017_ses-303_task-s8	1111	8	2	sub-017	ses-103	task-s8	1;2;3	8;8;8
486	487	486	487	3	3	trialwise	179;2055;3724	179;2055;3724	2;13;24	21;129;30	sub-017_ses-101_task-s2;sub-017_ses-201_task-s2;sub-017_ses-305_task-s2	179	2	21	sub-017	ses-101	task-s2	1;2;3	2;2;2
487	488	487	488	3	3	trialwise	378;2089;3986	378;2089;3986	3;14;25	61;4;133	sub-017_ses-101_task-s3;sub-017_ses-201_task-s3;sub-017_ses-301_task-s3	378	3	61	sub-017	ses-101	task-s3	1;2;3	3;3;3
488	489	488	489	3	3	trialwise	247;1932;3785	247;1932;3785	2;13;24	89;6;91	sub-017_ses-101_task-s2;sub-017_ses-201_task-s2;sub-017_ses-305_task-s2	247	2	89	sub-017	ses-101	task-s2	1;2;3	2;2;2
489	490	489	490	3	3	trialwise	1264;2916;4651	1264;2916;4651	8;19;30	155;39;6	sub-017_ses-103_task-s8;sub-017_ses-202_task-s8;sub-017_ses-303_task-s8	1264	8	155	sub-017	ses-103	task-s8	1;2;3	8;8;8
490	491	490	491	3	3	trialwise	443;2152;3969	443;2152;3969	3;14;25	126;67;116	sub-017_ses-101_task-s3;sub-017_ses-201_task-s3;sub-017_ses-301_task-s3	443	3	126	sub-017	ses-101	task-s3	1;2;3	3;3;3
491	492	491	492	3	3	trialwise	1128;2983;4712	1128;2983;4712	8;19;30	19;106;67	sub-017_ses-103_task-s8;sub-017_ses-202_task-s8;sub-017_ses-303_task-s8	1128	8	19	sub-017	ses-103	task-s8	1;2;3	8;8;8
492	493	492	493	3	3	trialwise	770;2418;4245	770;2418;4245	5;16;27	135;15;74	sub-017_ses-102_task-s5;sub-017_ses-202_task-s5;sub-017_ses-302_task-s5	770	5	135	sub-017	ses-102	task-s5	1;2;3	5;5;5
493	494	493	494	3	3	trialwise	1123;3019;4741	1123;3019;4741	8;19;30	14;142;96	sub-017_ses-103_task-s8;sub-017_ses-202_task-s8;sub-017_ses-303_task-s8	1123	8	14	sub-017	ses-103	task-s8	1;2;3	8;8;8
494	495	494	495	3	3	trialwise	850;2573;4330	850;2573;4330	6;17;28	57;12;1	sub-017_ses-103_task-s6;sub-017_ses-204_task-s6;sub-017_ses-302_task-s6	850	6	57	sub-017	ses-103	task-s6	1;2;3	6;6;6
495	496	495	496	3	3	trialwise	967;2841;4573	967;2841;4573	7;18;29	16;122;86	sub-017_ses-103_task-s7;sub-017_ses-202_task-s7;sub-017_ses-303_task-s7	967	7	16	sub-017	ses-103	task-s7	1;2;3	7;7;7
496	497	496	497	3	3	trialwise	112;1856;3648	112;1856;3648	1;12;23	113;89;113	sub-017_ses-104_task-s1;sub-017_ses-201_task-s1;sub-017_ses-302_task-s1	112	1	113	sub-017	ses-104	task-s1	1;2;3	1;1;1
497	498	497	498	3	3	trialwise	591;2264;4080	591;2264;4080	4;15;26	115;20;68	sub-017_ses-102_task-s4;sub-017_ses-203_task-s4;sub-017_ses-302_task-s4	591	4	115	sub-017	ses-102	task-s4	1;2;3	4;4;4
498	499	498	499	3	3	trialwise	1021;2766;4509	1021;2766;4509	7;18;29	70;47;22	sub-017_ses-103_task-s7;sub-017_ses-202_task-s7;sub-017_ses-303_task-s7	1021	7	70	sub-017	ses-103	task-s7	1;2;3	7;7;7
499	500	499	500	3	3	trialwise	341;2115;3929	341;2115;3929	3;14;25	24;30;76	sub-017_ses-101_task-s3;sub-017_ses-201_task-s3;sub-017_ses-301_task-s3	341	3	24	sub-017	ses-101	task-s3	1;2;3	3;3;3
500	501	500	501	3	3	trialwise	436;2090;3878	436;2090;3878	3;14;25	119;5;25	sub-017_ses-101_task-s3;sub-017_ses-201_task-s3;sub-017_ses-301_task-s3	436	3	119	sub-017	ses-101	task-s3	1;2;3	3;3;3
501	502	501	502	3	3	trialwise	291;2033;3853	291;2033;3853	2;13;24	133;107;159	sub-017_ses-101_task-s2;sub-017_ses-201_task-s2;sub-017_ses-305_task-s2	291	2	133	sub-017	ses-101	task-s2	1;2;3	2;2;2
502	503	502	503	3	3	trialwise	209;2029;3817	209;2029;3817	2;13;24	51;103;123	sub-017_ses-101_task-s2;sub-017_ses-201_task-s2;sub-017_ses-305_task-s2	209	2	51	sub-017	ses-101	task-s2	1;2;3	2;2;2
503	504	503	504	3	3	trialwise	707;2442;4301	707;2442;4301	5;16;27	72;39;130	sub-017_ses-102_task-s5;sub-017_ses-202_task-s5;sub-017_ses-302_task-s5	707	5	72	sub-017	ses-102	task-s5	1;2;3	5;5;5
504	505	504	505	3	3	trialwise	886;2683;4414	886;2683;4414	6;17;28	93;122;85	sub-017_ses-103_task-s6;sub-017_ses-204_task-s6;sub-017_ses-302_task-s6	886	6	93	sub-017	ses-103	task-s6	1;2;3	6;6;6
505	506	505	506	3	3	trialwise	43;1800;3579	43;1800;3579	1;12;23	44;33;44	sub-017_ses-104_task-s1;sub-017_ses-201_task-s1;sub-017_ses-302_task-s1	43	1	44	sub-017	ses-104	task-s1	1;2;3	1;1;1
506	507	506	507	3	3	trialwise	249;2017;3753	249;2017;3753	2;13;24	91;91;59	sub-017_ses-101_task-s2;sub-017_ses-201_task-s2;sub-017_ses-305_task-s2	249	2	91	sub-017	ses-101	task-s2	1;2;3	2;2;2
507	508	507	508	3	3	trialwise	776;2476;4309	776;2476;4309	5;16;27	141;73;138	sub-017_ses-102_task-s5;sub-017_ses-202_task-s5;sub-017_ses-302_task-s5	776	5	141	sub-017	ses-102	task-s5	1;2;3	5;5;5
508	509	508	509	3	3	trialwise	1036;2809;4513	1036;2809;4513	7;18;29	85;90;26	sub-017_ses-103_task-s7;sub-017_ses-202_task-s7;sub-017_ses-303_task-s7	1036	7	85	sub-017	ses-103	task-s7	1;2;3	7;7;7
509	510	509	510	3	3	trialwise	174;1954;3715	174;1954;3715	2;13;24	16;28;21	sub-017_ses-101_task-s2;sub-017_ses-201_task-s2;sub-017_ses-305_task-s2	174	2	16	sub-017	ses-101	task-s2	1;2;3	2;2;2
510	511	510	511	3	3	trialwise	584;2375;4070	584;2375;4070	4;15;26	108;131;58	sub-017_ses-102_task-s4;sub-017_ses-203_task-s4;sub-017_ses-302_task-s4	584	4	108	sub-017	ses-102	task-s4	1;2;3	4;4;4
511	512	511	512	3	3	trialwise	269;1929;3802	269;1929;3802	2;13;24	111;3;108	sub-017_ses-101_task-s2;sub-017_ses-201_task-s2;sub-017_ses-305_task-s2	269	2	111	sub-017	ses-101	task-s2	1;2;3	2;2;2
512	513	512	513	3	3	trialwise	718;2456;4248	718;2456;4248	5;16;27	83;53;77	sub-017_ses-102_task-s5;sub-017_ses-202_task-s5;sub-017_ses-302_task-s5	718	5	83	sub-017	ses-102	task-s5	1;2;3	5;5;5
513	514	513	514	3	3	trialwise	628;2279;4116	628;2279;4116	4;15;26	152;35;104	sub-017_ses-102_task-s4;sub-017_ses-203_task-s4;sub-017_ses-302_task-s4	628	4	152	sub-017	ses-102	task-s4	1;2;3	4;4;4
514	515	514	515	3	3	trialwise	545;2346;4057	545;2346;4057	4;15;26	69;102;45	sub-017_ses-102_task-s4;sub-017_ses-203_task-s4;sub-017_ses-302_task-s4	545	4	69	sub-017	ses-102	task-s4	1;2;3	4;4;4
515	516	515	516	3	3	trialwise	1210;2985;4668	1210;2985;4668	8;19;30	101;108;23	sub-017_ses-103_task-s8;sub-017_ses-202_task-s8;sub-017_ses-303_task-s8	1210	8	101	sub-017	ses-103	task-s8	1;2;3	8;8;8
516	517	516	517	3	3	trialwise	1211;2976;4660	1211;2976;4660	8;19;30	102;99;15	sub-017_ses-103_task-s8;sub-017_ses-202_task-s8;sub-017_ses-303_task-s8	1211	8	102	sub-017	ses-103	task-s8	1;2;3	8;8;8
517	518	517	518	3	3	trialwise	1138;2974;4776	1138;2974;4776	8;19;30	29;97;131	sub-017_ses-103_task-s8;sub-017_ses-202_task-s8;sub-017_ses-303_task-s8	1138	8	29	sub-017	ses-103	task-s8	1;2;3	8;8;8
518	519	518	519	3	3	trialwise	80;1793;3616	80;1793;3616	1;12;23	81;26;81	sub-017_ses-104_task-s1;sub-017_ses-201_task-s1;sub-017_ses-302_task-s1	80	1	81	sub-017	ses-104	task-s1	1;2;3	1;1;1
519	520	519	520	3	3	trialwise	524;2313;4127	524;2313;4127	4;15;26	48;69;115	sub-017_ses-102_task-s4;sub-017_ses-203_task-s4;sub-017_ses-302_task-s4	524	4	48	sub-017	ses-102	task-s4	1;2;3	4;4;4
520	521	520	521	3	3	trialwise	726;2512;4275	726;2512;4275	5;16;27	91;109;104	sub-017_ses-102_task-s5;sub-017_ses-202_task-s5;sub-017_ses-302_task-s5	726	5	91	sub-017	ses-102	task-s5	1;2;3	5;5;5
521	522	521	522	3	3	trialwise	830;2594;4377	830;2594;4377	6;17;28	37;33;48	sub-017_ses-103_task-s6;sub-017_ses-204_task-s6;sub-017_ses-302_task-s6	830	6	37	sub-017	ses-103	task-s6	1;2;3	6;6;6
522	523	522	523	3	3	trialwise	1024;2742;4532	1024;2742;4532	7;18;29	73;23;45	sub-017_ses-103_task-s7;sub-017_ses-202_task-s7;sub-017_ses-303_task-s7	1024	7	73	sub-017	ses-103	task-s7	1;2;3	7;7;7
523	524	523	524	3	3	trialwise	905;2712;4375	905;2712;4375	6;17;28	112;151;46	sub-017_ses-103_task-s6;sub-017_ses-204_task-s6;sub-017_ses-302_task-s6	905	6	112	sub-017	ses-103	task-s6	1;2;3	6;6;6
524	525	524	525	3	3	trialwise	837;2579;4422	837;2579;4422	6;17;28	44;18;93	sub-017_ses-103_task-s6;sub-017_ses-204_task-s6;sub-017_ses-302_task-s6	837	6	44	sub-017	ses-103	task-s6	1;2;3	6;6;6
525	526	525	526	3	3	trialwise	1101;2801;4618	1101;2801;4618	7;18;29	150;82;131	sub-017_ses-103_task-s7;sub-017_ses-202_task-s7;sub-017_ses-303_task-s7	1101	7	150	sub-017	ses-103	task-s7	1;2;3	7;7;7
526	527	526	527	3	3	trialwise	370;2130;3868	370;2130;3868	3;14;25	53;45;15	sub-017_ses-101_task-s3;sub-017_ses-201_task-s3;sub-017_ses-301_task-s3	370	3	53	sub-017	ses-101	task-s3	1;2;3	3;3;3
527	528	527	528	3	3	trialwise	213;2052;3778	213;2052;3778	2;13;24	55;126;84	sub-017_ses-101_task-s2;sub-017_ses-201_task-s2;sub-017_ses-305_task-s2	213	2	55	sub-017	ses-101	task-s2	1;2;3	2;2;2
528	529	528	529	3	3	trialwise	107;1830;3643	107;1830;3643	1;12;23	108;63;108	sub-017_ses-104_task-s1;sub-017_ses-201_task-s1;sub-017_ses-302_task-s1	107	1	108	sub-017	ses-104	task-s1	1;2;3	1;1;1
529	530	529	530	3	3	trialwise	1146;2984;4706	1146;2984;4706	8;19;30	37;107;61	sub-017_ses-103_task-s8;sub-017_ses-202_task-s8;sub-017_ses-303_task-s8	1146	8	37	sub-017	ses-103	task-s8	1;2;3	8;8;8
530	531	530	531	3	3	trialwise	587;2372;4023	587;2372;4023	4;15;26	111;128;11	sub-017_ses-102_task-s4;sub-017_ses-203_task-s4;sub-017_ses-302_task-s4	587	4	111	sub-017	ses-102	task-s4	1;2;3	4;4;4
531	532	531	532	3	3	trialwise	1129;3010;4711	1129;3010;4711	8;19;30	20;133;66	sub-017_ses-103_task-s8;sub-017_ses-202_task-s8;sub-017_ses-303_task-s8	1129	8	20	sub-017	ses-103	task-s8	1;2;3	8;8;8
532	533	532	533	3	3	trialwise	1229;2903;4731	1229;2903;4731	8;19;30	120;26;86	sub-017_ses-103_task-s8;sub-017_ses-202_task-s8;sub-017_ses-303_task-s8	1229	8	120	sub-017	ses-103	task-s8	1;2;3	8;8;8
533	534	533	534	3	3	trialwise	995;2782;4530	995;2782;4530	7;18;29	44;63;43	sub-017_ses-103_task-s7;sub-017_ses-202_task-s7;sub-017_ses-303_task-s7	995	7	44	sub-017	ses-103	task-s7	1;2;3	7;7;7
534	535	534	535	3	3	trialwise	959;2750;4612	959;2750;4612	7;18;29	8;31;125	sub-017_ses-103_task-s7;sub-017_ses-202_task-s7;sub-017_ses-303_task-s7	959	7	8	sub-017	ses-103	task-s7	1;2;3	7;7;7
535	536	535	536	3	3	trialwise	873;2602;4479	873;2602;4479	6;17;28	80;41;150	sub-017_ses-103_task-s6;sub-017_ses-204_task-s6;sub-017_ses-302_task-s6	873	6	80	sub-017	ses-103	task-s6	1;2;3	6;6;6
536	537	536	537	3	3	trialwise	673;2543;4299	673;2543;4299	5;16;27	38;140;128	sub-017_ses-102_task-s5;sub-017_ses-202_task-s5;sub-017_ses-302_task-s5	673	5	38	sub-017	ses-102	task-s5	1;2;3	5;5;5
537	538	537	538	3	3	trialwise	589;2390;4171	589;2390;4171	4;15;26	113;146;159	sub-017_ses-102_task-s4;sub-017_ses-203_task-s4;sub-017_ses-302_task-s4	589	4	113	sub-017	ses-102	task-s4	1;2;3	4;4;4
538	539	538	539	3	3	trialwise	274;2081;3818	274;2081;3818	2;13;24	116;155;124	sub-017_ses-101_task-s2;sub-017_ses-201_task-s2;sub-017_ses-305_task-s2	274	2	116	sub-017	ses-101	task-s2	1;2;3	2;2;2
539	540	539	540	3	3	trialwise	234;2009;3809	234;2009;3809	2;13;24	76;83;115	sub-017_ses-101_task-s2;sub-017_ses-201_task-s2;sub-017_ses-305_task-s2	234	2	76	sub-017	ses-101	task-s2	1;2;3	2;2;2
540	541	540	541	3	3	trialwise	579;2388;4024	579;2388;4024	4;15;26	103;144;12	sub-017_ses-102_task-s4;sub-017_ses-203_task-s4;sub-017_ses-302_task-s4	579	4	103	sub-017	ses-102	task-s4	1;2;3	4;4;4
541	542	541	542	3	3	trialwise	1259;2995;4772	1259;2995;4772	8;19;30	150;118;127	sub-017_ses-103_task-s8;sub-017_ses-202_task-s8;sub-017_ses-303_task-s8	1259	8	150	sub-017	ses-103	task-s8	1;2;3	8;8;8
542	543	542	543	3	3	trialwise	136;1847;3672	136;1847;3672	1;12;23	137;80;137	sub-017_ses-104_task-s1;sub-017_ses-201_task-s1;sub-017_ses-302_task-s1	136	1	137	sub-017	ses-104	task-s1	1;2;3	1;1;1
543	544	543	544	3	3	trialwise	335;2104;3962	335;2104;3962	3;14;25	18;19;109	sub-017_ses-101_task-s3;sub-017_ses-201_task-s3;sub-017_ses-301_task-s3	335	3	18	sub-017	ses-101	task-s3	1;2;3	3;3;3
544	545	544	545	3	3	trialwise	1093;2769;4528	1093;2769;4528	7;18;29	142;50;41	sub-017_ses-103_task-s7;sub-017_ses-202_task-s7;sub-017_ses-303_task-s7	1093	7	142	sub-017	ses-103	task-s7	1;2;3	7;7;7
545	546	545	546	3	3	trialwise	303;2083;3787	303;2083;3787	2;13;24	145;157;93	sub-017_ses-101_task-s2;sub-017_ses-201_task-s2;sub-017_ses-305_task-s2	303	2	145	sub-017	ses-101	task-s2	1;2;3	2;2;2
546	547	546	547	3	3	trialwise	987;2771;4632	987;2771;4632	7;18;29	36;52;145	sub-017_ses-103_task-s7;sub-017_ses-202_task-s7;sub-017_ses-303_task-s7	987	7	36	sub-017	ses-103	task-s7	1;2;3	7;7;7
547	548	547	548	3	3	trialwise	586;2290;4065	586;2290;4065	4;15;26	110;46;53	sub-017_ses-102_task-s4;sub-017_ses-203_task-s4;sub-017_ses-302_task-s4	586	4	110	sub-017	ses-102	task-s4	1;2;3	4;4;4
548	549	548	549	3	3	trialwise	751;2436;4313	751;2436;4313	5;16;27	116;33;142	sub-017_ses-102_task-s5;sub-017_ses-202_task-s5;sub-017_ses-302_task-s5	751	5	116	sub-017	ses-102	task-s5	1;2;3	5;5;5
549	550	549	550	3	3	trialwise	168;2019;3790	168;2019;3790	2;13;24	10;93;96	sub-017_ses-101_task-s2;sub-017_ses-201_task-s2;sub-017_ses-305_task-s2	168	2	10	sub-017	ses-101	task-s2	1;2;3	2;2;2
550	551	550	551	3	3	trialwise	152;1799;3688	152;1799;3688	1;12;23	153;32;153	sub-017_ses-104_task-s1;sub-017_ses-201_task-s1;sub-017_ses-302_task-s1	152	1	153	sub-017	ses-104	task-s1	1;2;3	1;1;1
551	552	551	552	3	3	trialwise	538;2306;4145	538;2306;4145	4;15;26	62;62;133	sub-017_ses-102_task-s4;sub-017_ses-203_task-s4;sub-017_ses-302_task-s4	538	4	62	sub-017	ses-102	task-s4	1;2;3	4;4;4
552	553	552	553	3	3	trialwise	390;2198;3999	390;2198;3999	3;14;25	73;113;146	sub-017_ses-101_task-s3;sub-017_ses-201_task-s3;sub-017_ses-301_task-s3	390	3	73	sub-017	ses-101	task-s3	1;2;3	3;3;3
553	554	553	554	3	3	trialwise	900;2624;4467	900;2624;4467	6;17;28	107;63;138	sub-017_ses-103_task-s6;sub-017_ses-204_task-s6;sub-017_ses-302_task-s6	900	6	107	sub-017	ses-103	task-s6	1;2;3	6;6;6
554	555	554	555	3	3	trialwise	595;2258;4131	595;2258;4131	4;15;26	119;14;119	sub-017_ses-102_task-s4;sub-017_ses-203_task-s4;sub-017_ses-302_task-s4	595	4	119	sub-017	ses-102	task-s4	1;2;3	4;4;4
555	556	555	556	3	3	trialwise	1017;2740;4545	1017;2740;4545	7;18;29	66;21;58	sub-017_ses-103_task-s7;sub-017_ses-202_task-s7;sub-017_ses-303_task-s7	1017	7	66	sub-017	ses-103	task-s7	1;2;3	7;7;7
556	557	556	557	3	3	trialwise	86;1834;3622	86;1834;3622	1;12;23	87;67;87	sub-017_ses-104_task-s1;sub-017_ses-201_task-s1;sub-017_ses-302_task-s1	86	1	87	sub-017	ses-104	task-s1	1;2;3	1;1;1
557	558	557	558	3	3	trialwise	1039;2760;4523	1039;2760;4523	7;18;29	88;41;36	sub-017_ses-103_task-s7;sub-017_ses-202_task-s7;sub-017_ses-303_task-s7	1039	7	88	sub-017	ses-103	task-s7	1;2;3	7;7;7
558	559	558	559	3	3	trialwise	171;1999;3815	171;1999;3815	2;13;24	13;73;121	sub-017_ses-101_task-s2;sub-017_ses-201_task-s2;sub-017_ses-305_task-s2	171	2	13	sub-017	ses-101	task-s2	1;2;3	2;2;2
559	560	559	560	3	3	trialwise	624;2270;4054	624;2270;4054	4;15;26	148;26;42	sub-017_ses-102_task-s4;sub-017_ses-203_task-s4;sub-017_ses-302_task-s4	624	4	148	sub-017	ses-102	task-s4	1;2;3	4;4;4
560	561	560	561	3	3	trialwise	473;2178;3978	473;2178;3978	3;14;25	156;93;125	sub-017_ses-101_task-s3;sub-017_ses-201_task-s3;sub-017_ses-301_task-s3	473	3	156	sub-017	ses-101	task-s3	1;2;3	3;3;3
561	562	561	562	3	3	trialwise	1214;2902;4687	1214;2902;4687	8;19;30	105;25;42	sub-017_ses-103_task-s8;sub-017_ses-202_task-s8;sub-017_ses-303_task-s8	1214	8	105	sub-017	ses-103	task-s8	1;2;3	8;8;8
562	563	562	563	3	3	trialwise	739;2447;4182	739;2447;4182	5;16;27	104;44;11	sub-017_ses-102_task-s5;sub-017_ses-202_task-s5;sub-017_ses-302_task-s5	739	5	104	sub-017	ses-102	task-s5	1;2;3	5;5;5
563	564	563	564	3	3	trialwise	1079;2758;4529	1079;2758;4529	7;18;29	128;39;42	sub-017_ses-103_task-s7;sub-017_ses-202_task-s7;sub-017_ses-303_task-s7	1079	7	128	sub-017	ses-103	task-s7	1;2;3	7;7;7
564	565	564	565	3	3	trialwise	929;2617;4430	929;2617;4430	6;17;28	136;56;101	sub-017_ses-103_task-s6;sub-017_ses-204_task-s6;sub-017_ses-302_task-s6	929	6	136	sub-017	ses-103	task-s6	1;2;3	6;6;6
565	566	565	566	3	3	trialwise	1265;2890;4727	1265;2890;4727	8;19;30	156;13;82	sub-017_ses-103_task-s8;sub-017_ses-202_task-s8;sub-017_ses-303_task-s8	1265	8	156	sub-017	ses-103	task-s8	1;2;3	8;8;8
566	567	566	567	3	3	trialwise	318;2133;3926	318;2133;3926	3;14;25	1;48;73	sub-017_ses-101_task-s3;sub-017_ses-201_task-s3;sub-017_ses-301_task-s3	318	3	1	sub-017	ses-101	task-s3	1;2;3	3;3;3
567	568	567	568	3	3	trialwise	21;1773;3557	21;1773;3557	1;12;23	22;6;22	sub-017_ses-104_task-s1;sub-017_ses-201_task-s1;sub-017_ses-302_task-s1	21	1	22	sub-017	ses-104	task-s1	1;2;3	1;1;1
568	569	568	569	3	3	trialwise	25;1768;3561	25;1768;3561	1;12;23	26;1;26	sub-017_ses-104_task-s1;sub-017_ses-201_task-s1;sub-017_ses-302_task-s1	25	1	26	sub-017	ses-104	task-s1	1;2;3	1;1;1
569	570	569	570	3	3	trialwise	504;2310;4046	504;2310;4046	4;15;26	28;66;34	sub-017_ses-102_task-s4;sub-017_ses-203_task-s4;sub-017_ses-302_task-s4	504	4	28	sub-017	ses-102	task-s4	1;2;3	4;4;4
570	571	570	571	3	3	trialwise	1107;2815;4582	1107;2815;4582	7;18;29	156;96;95	sub-017_ses-103_task-s7;sub-017_ses-202_task-s7;sub-017_ses-303_task-s7	1107	7	156	sub-017	ses-103	task-s7	1;2;3	7;7;7
571	572	571	572	3	3	trialwise	447;2210;3908	447;2210;3908	3;14;25	130;125;55	sub-017_ses-101_task-s3;sub-017_ses-201_task-s3;sub-017_ses-301_task-s3	447	3	130	sub-017	ses-101	task-s3	1;2;3	3;3;3
572	573	572	573	3	3	trialwise	945;2606;4348	945;2606;4348	6;17;28	152;45;19	sub-017_ses-103_task-s6;sub-017_ses-204_task-s6;sub-017_ses-302_task-s6	945	6	152	sub-017	ses-103	task-s6	1;2;3	6;6;6
573	574	573	574	3	3	trialwise	1244;2923;4683	1244;2923;4683	8;19;30	135;46;38	sub-017_ses-103_task-s8;sub-017_ses-202_task-s8;sub-017_ses-303_task-s8	1244	8	135	sub-017	ses-103	task-s8	1;2;3	8;8;8
574	575	574	575	3	3	trialwise	1112;2938;4795	1112;2938;4795	8;19;30	3;61;150	sub-017_ses-103_task-s8;sub-017_ses-202_task-s8;sub-017_ses-303_task-s8	1112	8	3	sub-017	ses-103	task-s8	1;2;3	8;8;8
575	576	575	576	3	3	trialwise	1195;2967;4788	1195;2967;4788	8;19;30	86;90;143	sub-017_ses-103_task-s8;sub-017_ses-202_task-s8;sub-017_ses-303_task-s8	1195	8	86	sub-017	ses-103	task-s8	1;2;3	8;8;8
576	577	576	577	3	3	trialwise	1070;2787;4561	1070;2787;4561	7;18;29	119;68;74	sub-017_ses-103_task-s7;sub-017_ses-202_task-s7;sub-017_ses-303_task-s7	1070	7	119	sub-017	ses-103	task-s7	1;2;3	7;7;7
577	578	577	578	3	3	trialwise	953;2723;4547	953;2723;4547	7;18;29	2;4;60	sub-017_ses-103_task-s7;sub-017_ses-202_task-s7;sub-017_ses-303_task-s7	953	7	2	sub-017	ses-103	task-s7	1;2;3	7;7;7
578	579	578	579	3	3	trialwise	44;1922;3580	44;1922;3580	1;12;23	45;155;45	sub-017_ses-104_task-s1;sub-017_ses-201_task-s1;sub-017_ses-302_task-s1	44	1	45	sub-017	ses-104	task-s1	1;2;3	1;1;1
579	580	579	580	3	3	trialwise	188;2022;3807	188;2022;3807	2;13;24	30;96;113	sub-017_ses-101_task-s2;sub-017_ses-201_task-s2;sub-017_ses-305_task-s2	188	2	30	sub-017	ses-101	task-s2	1;2;3	2;2;2
580	581	580	581	3	3	trialwise	960;2807;4617	960;2807;4617	7;18;29	9;88;130	sub-017_ses-103_task-s7;sub-017_ses-202_task-s7;sub-017_ses-303_task-s7	960	7	9	sub-017	ses-103	task-s7	1;2;3	7;7;7
581	582	581	582	3	3	trialwise	1033;2772;4579	1033;2772;4579	7;18;29	82;53;92	sub-017_ses-103_task-s7;sub-017_ses-202_task-s7;sub-017_ses-303_task-s7	1033	7	82	sub-017	ses-103	task-s7	1;2;3	7;7;7
582	583	582	583	3	3	trialwise	131;1913;3667	131;1913;3667	1;12;23	132;146;132	sub-017_ses-104_task-s1;sub-017_ses-201_task-s1;sub-017_ses-302_task-s1	131	1	132	sub-017	ses-104	task-s1	1;2;3	1;1;1
583	584	583	584	3	3	trialwise	42;1809;3578	42;1809;3578	1;12;23	43;42;43	sub-017_ses-104_task-s1;sub-017_ses-201_task-s1;sub-017_ses-302_task-s1	42	1	43	sub-017	ses-104	task-s1	1;2;3	1;1;1
584	585	584	585	3	3	trialwise	636;2493;4280	636;2493;4280	5;16;27	1;90;109	sub-017_ses-102_task-s5;sub-017_ses-202_task-s5;sub-017_ses-302_task-s5	636	5	1	sub-017	ses-102	task-s5	1;2;3	5;5;5
585	586	585	586	3	3	trialwise	1218;2977;4755	1218;2977;4755	8;19;30	109;100;110	sub-017_ses-103_task-s8;sub-017_ses-202_task-s8;sub-017_ses-303_task-s8	1218	8	109	sub-017	ses-103	task-s8	1;2;3	8;8;8
586	587	586	587	3	3	trialwise	362;2091;3884	362;2091;3884	3;14;25	45;6;31	sub-017_ses-101_task-s3;sub-017_ses-201_task-s3;sub-017_ses-301_task-s3	362	3	45	sub-017	ses-101	task-s3	1;2;3	3;3;3
587	588	587	588	3	3	trialwise	1056;2849;4574	1056;2849;4574	7;18;29	105;130;87	sub-017_ses-103_task-s7;sub-017_ses-202_task-s7;sub-017_ses-303_task-s7	1056	7	105	sub-017	ses-103	task-s7	1;2;3	7;7;7
588	589	588	589	3	3	trialwise	206;2075;3740	206;2075;3740	2;13;24	48;149;46	sub-017_ses-101_task-s2;sub-017_ses-201_task-s2;sub-017_ses-305_task-s2	206	2	48	sub-017	ses-101	task-s2	1;2;3	2;2;2
589	590	589	590	3	3	trialwise	701;2537;4289	701;2537;4289	5;16;27	66;134;118	sub-017_ses-102_task-s5;sub-017_ses-202_task-s5;sub-017_ses-302_task-s5	701	5	66	sub-017	ses-102	task-s5	1;2;3	5;5;5
590	591	590	591	3	3	trialwise	879;2583;4344	879;2583;4344	6;17;28	86;22;15	sub-017_ses-103_task-s6;sub-017_ses-204_task-s6;sub-017_ses-302_task-s6	879	6	86	sub-017	ses-103	task-s6	1;2;3	6;6;6
591	592	591	592	3	3	trialwise	980;2870;4631	980;2870;4631	7;18;29	29;151;144	sub-017_ses-103_task-s7;sub-017_ses-202_task-s7;sub-017_ses-303_task-s7	980	7	29	sub-017	ses-103	task-s7	1;2;3	7;7;7
592	593	592	593	3	3	trialwise	313;1973;3841	313;1973;3841	2;13;24	155;47;147	sub-017_ses-101_task-s2;sub-017_ses-201_task-s2;sub-017_ses-305_task-s2	313	2	155	sub-017	ses-101	task-s2	1;2;3	2;2;2
593	594	593	594	3	3	trialwise	1038;2863;4539	1038;2863;4539	7;18;29	87;144;52	sub-017_ses-103_task-s7;sub-017_ses-202_task-s7;sub-017_ses-303_task-s7	1038	7	87	sub-017	ses-103	task-s7	1;2;3	7;7;7
594	595	594	595	3	3	trialwise	815;2612;4437	815;2612;4437	6;17;28	22;51;108	sub-017_ses-103_task-s6;sub-017_ses-204_task-s6;sub-017_ses-302_task-s6	815	6	22	sub-017	ses-103	task-s6	1;2;3	6;6;6
595	596	595	596	3	3	trialwise	819;2582;4436	819;2582;4436	6;17;28	26;21;107	sub-017_ses-103_task-s6;sub-017_ses-204_task-s6;sub-017_ses-302_task-s6	819	6	26	sub-017	ses-103	task-s6	1;2;3	6;6;6
596	597	596	597	3	3	trialwise	999;2874;4602	999;2874;4602	7;18;29	48;155;115	sub-017_ses-103_task-s7;sub-017_ses-202_task-s7;sub-017_ses-303_task-s7	999	7	48	sub-017	ses-103	task-s7	1;2;3	7;7;7
597	598	597	598	3	3	trialwise	703;2424;4274	703;2424;4274	5;16;27	68;21;103	sub-017_ses-102_task-s5;sub-017_ses-202_task-s5;sub-017_ses-302_task-s5	703	5	68	sub-017	ses-102	task-s5	1;2;3	5;5;5
598	599	598	599	3	3	trialwise	1130;3015;4799	1130;3015;4799	8;19;30	21;138;154	sub-017_ses-103_task-s8;sub-017_ses-202_task-s8;sub-017_ses-303_task-s8	1130	8	21	sub-017	ses-103	task-s8	1;2;3	8;8;8
599	600	599	600	3	3	trialwise	838;2580;4432	838;2580;4432	6;17;28	45;19;103	sub-017_ses-103_task-s6;sub-017_ses-204_task-s6;sub-017_ses-302_task-s6	838	6	45	sub-017	ses-103	task-s6	1;2;3	6;6;6
600	601	600	601	3	3	trialwise	426;2187;3941	426;2187;3941	3;14;25	109;102;88	sub-017_ses-101_task-s3;sub-017_ses-201_task-s3;sub-017_ses-301_task-s3	426	3	109	sub-017	ses-101	task-s3	1;2;3	3;3;3
601	602	601	602	3	3	trialwise	506;2248;4130	506;2248;4130	4;15;26	30;4;118	sub-017_ses-102_task-s4;sub-017_ses-203_task-s4;sub-017_ses-302_task-s4	506	4	30	sub-017	ses-102	task-s4	1;2;3	4;4;4
602	603	602	603	3	3	trialwise	1260;2880;4725	1260;2880;4725	8;19;30	151;3;80	sub-017_ses-103_task-s8;sub-017_ses-202_task-s8;sub-017_ses-303_task-s8	1260	8	151	sub-017	ses-103	task-s8	1;2;3	8;8;8
603	604	603	604	3	3	trialwise	613;2382;4118	613;2382;4118	4;15;26	137;138;106	sub-017_ses-102_task-s4;sub-017_ses-203_task-s4;sub-017_ses-302_task-s4	613	4	137	sub-017	ses-102	task-s4	1;2;3	4;4;4
604	605	604	605	3	3	trialwise	470;2214;3965	470;2214;3965	3;14;25	153;129;112	sub-017_ses-101_task-s3;sub-017_ses-201_task-s3;sub-017_ses-301_task-s3	470	3	153	sub-017	ses-101	task-s3	1;2;3	3;3;3
605	606	605	606	3	3	trialwise	1261;2878;4647	1261;2878;4647	8;19;30	152;1;2	sub-017_ses-103_task-s8;sub-017_ses-202_task-s8;sub-017_ses-303_task-s8	1261	8	152	sub-017	ses-103	task-s8	1;2;3	8;8;8
606	607	606	607	3	3	trialwise	924;2669;4379	924;2669;4379	6;17;28	131;108;50	sub-017_ses-103_task-s6;sub-017_ses-204_task-s6;sub-017_ses-302_task-s6	924	6	131	sub-017	ses-103	task-s6	1;2;3	6;6;6
607	608	607	608	3	3	trialwise	375;2112;3976	375;2112;3976	3;14;25	58;27;123	sub-017_ses-101_task-s3;sub-017_ses-201_task-s3;sub-017_ses-301_task-s3	375	3	58	sub-017	ses-101	task-s3	1;2;3	3;3;3
608	609	608	609	3	3	trialwise	659;2439;4270	659;2439;4270	5;16;27	24;36;99	sub-017_ses-102_task-s5;sub-017_ses-202_task-s5;sub-017_ses-302_task-s5	659	5	24	sub-017	ses-102	task-s5	1;2;3	5;5;5
609	610	609	610	3	3	trialwise	1175;2971;4768	1175;2971;4768	8;19;30	66;94;123	sub-017_ses-103_task-s8;sub-017_ses-202_task-s8;sub-017_ses-303_task-s8	1175	8	66	sub-017	ses-103	task-s8	1;2;3	8;8;8
610	611	610	611	3	3	trialwise	691;2489;4198	691;2489;4198	5;16;27	56;86;27	sub-017_ses-102_task-s5;sub-017_ses-202_task-s5;sub-017_ses-302_task-s5	691	5	56	sub-017	ses-102	task-s5	1;2;3	5;5;5
611	612	611	612	3	3	trialwise	583;2293;4132	583;2293;4132	4;15;26	107;49;120	sub-017_ses-102_task-s4;sub-017_ses-203_task-s4;sub-017_ses-302_task-s4	583	4	107	sub-017	ses-102	task-s4	1;2;3	4;4;4
612	613	612	613	3	3	trialwise	793;2492;4273	793;2492;4273	5;16;27	158;89;102	sub-017_ses-102_task-s5;sub-017_ses-202_task-s5;sub-017_ses-302_task-s5	793	5	158	sub-017	ses-102	task-s5	1;2;3	5;5;5
613	614	613	614	3	3	trialwise	173;2004;3823	173;2004;3823	2;13;24	15;78;129	sub-017_ses-101_task-s2;sub-017_ses-201_task-s2;sub-017_ses-305_task-s2	173	2	15	sub-017	ses-101	task-s2	1;2;3	2;2;2
614	615	614	615	3	3	trialwise	477;2384;4042	477;2384;4042	4;15;26	1;140;30	sub-017_ses-102_task-s4;sub-017_ses-203_task-s4;sub-017_ses-302_task-s4	477	4	1	sub-017	ses-102	task-s4	1;2;3	4;4;4
615	616	615	616	3	3	trialwise	1073;2745;4600	1073;2745;4600	7;18;29	122;26;113	sub-017_ses-103_task-s7;sub-017_ses-202_task-s7;sub-017_ses-303_task-s7	1073	7	122	sub-017	ses-103	task-s7	1;2;3	7;7;7
616	617	616	617	3	3	trialwise	836;2659;4389	836;2659;4389	6;17;28	43;98;60	sub-017_ses-103_task-s6;sub-017_ses-204_task-s6;sub-017_ses-302_task-s6	836	6	43	sub-017	ses-103	task-s6	1;2;3	6;6;6
617	618	617	618	3	3	trialwise	544;2342;4058	544;2342;4058	4;15;26	68;98;46	sub-017_ses-102_task-s4;sub-017_ses-203_task-s4;sub-017_ses-302_task-s4	544	4	68	sub-017	ses-102	task-s4	1;2;3	4;4;4
618	619	618	619	3	3	trialwise	738;2509;4214	738;2509;4214	5;16;27	103;106;43	sub-017_ses-102_task-s5;sub-017_ses-202_task-s5;sub-017_ses-302_task-s5	738	5	103	sub-017	ses-102	task-s5	1;2;3	5;5;5
619	620	619	620	3	3	trialwise	580;2335;4047	580;2335;4047	4;15;26	104;91;35	sub-017_ses-102_task-s4;sub-017_ses-203_task-s4;sub-017_ses-302_task-s4	580	4	104	sub-017	ses-102	task-s4	1;2;3	4;4;4
620	621	620	621	3	3	trialwise	918;2650;4415	918;2650;4415	6;17;28	125;89;86	sub-017_ses-103_task-s6;sub-017_ses-204_task-s6;sub-017_ses-302_task-s6	918	6	125	sub-017	ses-103	task-s6	1;2;3	6;6;6
621	622	621	622	3	3	trialwise	1049;2851;4548	1049;2851;4548	7;18;29	98;132;61	sub-017_ses-103_task-s7;sub-017_ses-202_task-s7;sub-017_ses-303_task-s7	1049	7	98	sub-017	ses-103	task-s7	1;2;3	7;7;7
622	623	622	623	3	3	trialwise	758;2539;4247	758;2539;4247	5;16;27	123;136;76	sub-017_ses-102_task-s5;sub-017_ses-202_task-s5;sub-017_ses-302_task-s5	758	5	123	sub-017	ses-102	task-s5	1;2;3	5;5;5
623	624	623	624	3	3	trialwise	834;2623;4390	834;2623;4390	6;17;28	41;62;61	sub-017_ses-103_task-s6;sub-017_ses-204_task-s6;sub-017_ses-302_task-s6	834	6	41	sub-017	ses-103	task-s6	1;2;3	6;6;6
624	625	624	625	3	3	trialwise	996;2780;4576	996;2780;4576	7;18;29	45;61;89	sub-017_ses-103_task-s7;sub-017_ses-202_task-s7;sub-017_ses-303_task-s7	996	7	45	sub-017	ses-103	task-s7	1;2;3	7;7;7
625	626	625	626	3	3	trialwise	938;2662;4342	938;2662;4342	6;17;28	145;101;13	sub-017_ses-103_task-s6;sub-017_ses-204_task-s6;sub-017_ses-302_task-s6	938	6	145	sub-017	ses-103	task-s6	1;2;3	6;6;6
626	627	626	627	3	3	trialwise	125;1785;3661	125;1785;3661	1;12;23	126;18;126	sub-017_ses-104_task-s1;sub-017_ses-201_task-s1;sub-017_ses-302_task-s1	125	1	126	sub-017	ses-104	task-s1	1;2;3	1;1;1
627	628	627	628	3	3	trialwise	791;2548;4200	791;2548;4200	5;16;27	156;145;29	sub-017_ses-102_task-s5;sub-017_ses-202_task-s5;sub-017_ses-302_task-s5	791	5	156	sub-017	ses-102	task-s5	1;2;3	5;5;5
628	629	628	629	3	3	trialwise	40;1780;3576	40;1780;3576	1;12;23	41;13;41	sub-017_ses-104_task-s1;sub-017_ses-201_task-s1;sub-017_ses-302_task-s1	40	1	41	sub-017	ses-104	task-s1	1;2;3	1;1;1
629	630	629	630	3	3	trialwise	851;2614;4364	851;2614;4364	6;17;28	58;53;35	sub-017_ses-103_task-s6;sub-017_ses-204_task-s6;sub-017_ses-302_task-s6	851	6	58	sub-017	ses-103	task-s6	1;2;3	6;6;6
630	631	630	631	3	3	trialwise	145;1791;3681	145;1791;3681	1;12;23	146;24;146	sub-017_ses-104_task-s1;sub-017_ses-201_task-s1;sub-017_ses-302_task-s1	145	1	146	sub-017	ses-104	task-s1	1;2;3	1;1;1
631	632	631	632	3	3	trialwise	57;1900;3593	57;1900;3593	1;12;23	58;133;58	sub-017_ses-104_task-s1;sub-017_ses-201_task-s1;sub-017_ses-302_task-s1	57	1	58	sub-017	ses-104	task-s1	1;2;3	1;1;1
632	633	632	633	3	3	trialwise	829;2603;4413	829;2603;4413	6;17;28	36;42;84	sub-017_ses-103_task-s6;sub-017_ses-204_task-s6;sub-017_ses-302_task-s6	829	6	36	sub-017	ses-103	task-s6	1;2;3	6;6;6
633	634	633	634	3	3	trialwise	408;2126;3987	408;2126;3987	3;14;25	91;41;134	sub-017_ses-101_task-s3;sub-017_ses-201_task-s3;sub-017_ses-301_task-s3	408	3	91	sub-017	ses-101	task-s3	1;2;3	3;3;3
634	635	634	635	3	3	trialwise	835;2620;4366	835;2620;4366	6;17;28	42;59;37	sub-017_ses-103_task-s6;sub-017_ses-204_task-s6;sub-017_ses-302_task-s6	835	6	42	sub-017	ses-103	task-s6	1;2;3	6;6;6
635	636	635	636	3	3	trialwise	323;2131;3896	323;2131;3896	3;14;25	6;46;43	sub-017_ses-101_task-s3;sub-017_ses-201_task-s3;sub-017_ses-301_task-s3	323	3	6	sub-017	ses-101	task-s3	1;2;3	3;3;3
636	637	636	637	3	3	trialwise	1202;2886;4775	1202;2886;4775	8;19;30	93;9;130	sub-017_ses-103_task-s8;sub-017_ses-202_task-s8;sub-017_ses-303_task-s8	1202	8	93	sub-017	ses-103	task-s8	1;2;3	8;8;8
637	638	637	638	3	3	trialwise	345;2145;3943	345;2145;3943	3;14;25	28;60;90	sub-017_ses-101_task-s3;sub-017_ses-201_task-s3;sub-017_ses-301_task-s3	345	3	28	sub-017	ses-101	task-s3	1;2;3	3;3;3
638	639	638	639	3	3	trialwise	888;2565;4458	888;2565;4458	6;17;28	95;4;129	sub-017_ses-103_task-s6;sub-017_ses-204_task-s6;sub-017_ses-302_task-s6	888	6	95	sub-017	ses-103	task-s6	1;2;3	6;6;6
639	640	639	640	3	3	trialwise	1023;2747;4496	1023;2747;4496	7;18;29	72;28;9	sub-017_ses-103_task-s7;sub-017_ses-202_task-s7;sub-017_ses-303_task-s7	1023	7	72	sub-017	ses-103	task-s7	1;2;3	7;7;7
640	641	640	641	3	3	trialwise	728;2480;4284	728;2480;4284	5;16;27	93;77;113	sub-017_ses-102_task-s5;sub-017_ses-202_task-s5;sub-017_ses-302_task-s5	728	5	93	sub-017	ses-102	task-s5	1;2;3	5;5;5
641	642	641	642	3	3	trialwise	489;2263;4157	489;2263;4157	4;15;26	13;19;145	sub-017_ses-102_task-s4;sub-017_ses-203_task-s4;sub-017_ses-302_task-s4	489	4	13	sub-017	ses-102	task-s4	1;2;3	4;4;4
642	643	642	643	3	3	trialwise	35;1887;3571	35;1887;3571	1;12;23	36;120;36	sub-017_ses-104_task-s1;sub-017_ses-201_task-s1;sub-017_ses-302_task-s1	35	1	36	sub-017	ses-104	task-s1	1;2;3	1;1;1
643	644	643	644	3	3	trialwise	1106;2847;4495	1106;2847;4495	7;18;29	155;128;8	sub-017_ses-103_task-s7;sub-017_ses-202_task-s7;sub-017_ses-303_task-s7	1106	7	155	sub-017	ses-103	task-s7	1;2;3	7;7;7
644	645	644	645	3	3	trialwise	351;2138;3967	351;2138;3967	3;14;25	34;53;114	sub-017_ses-101_task-s3;sub-017_ses-201_task-s3;sub-017_ses-301_task-s3	351	3	34	sub-017	ses-101	task-s3	1;2;3	3;3;3
645	646	645	646	3	3	trialwise	41;1842;3577	41;1842;3577	1;12;23	42;75;42	sub-017_ses-104_task-s1;sub-017_ses-201_task-s1;sub-017_ses-302_task-s1	41	1	42	sub-017	ses-104	task-s1	1;2;3	1;1;1
646	647	646	647	3	3	trialwise	1164;2909;4777	1164;2909;4777	8;19;30	55;32;132	sub-017_ses-103_task-s8;sub-017_ses-202_task-s8;sub-017_ses-303_task-s8	1164	8	55	sub-017	ses-103	task-s8	1;2;3	8;8;8
647	648	647	648	3	3	trialwise	458;2146;3997	458;2146;3997	3;14;25	141;61;144	sub-017_ses-101_task-s3;sub-017_ses-201_task-s3;sub-017_ses-301_task-s3	458	3	141	sub-017	ses-101	task-s3	1;2;3	3;3;3
648	649	648	649	3	3	trialwise	1075;2727;4570	1075;2727;4570	7;18;29	124;8;83	sub-017_ses-103_task-s7;sub-017_ses-202_task-s7;sub-017_ses-303_task-s7	1075	7	124	sub-017	ses-103	task-s7	1;2;3	7;7;7
649	650	649	650	3	3	trialwise	867;2656;4396	867;2656;4396	6;17;28	74;95;67	sub-017_ses-103_task-s6;sub-017_ses-204_task-s6;sub-017_ses-302_task-s6	867	6	74	sub-017	ses-103	task-s6	1;2;3	6;6;6
650	651	650	651	3	3	trialwise	342;2102;3909	342;2102;3909	3;14;25	25;17;56	sub-017_ses-101_task-s3;sub-017_ses-201_task-s3;sub-017_ses-301_task-s3	342	3	25	sub-017	ses-101	task-s3	1;2;3	3;3;3
651	652	651	652	3	3	trialwise	853;2600;4465	853;2600;4465	6;17;28	60;39;136	sub-017_ses-103_task-s6;sub-017_ses-204_task-s6;sub-017_ses-302_task-s6	853	6	60	sub-017	ses-103	task-s6	1;2;3	6;6;6
652	653	652	653	3	3	trialwise	1209;2981;4673	1209;2981;4673	8;19;30	100;104;28	sub-017_ses-103_task-s8;sub-017_ses-202_task-s8;sub-017_ses-303_task-s8	1209	8	100	sub-017	ses-103	task-s8	1;2;3	8;8;8
653	654	653	654	3	3	trialwise	369;2125;3860	369;2125;3860	3;14;25	52;40;7	sub-017_ses-101_task-s3;sub-017_ses-201_task-s3;sub-017_ses-301_task-s3	369	3	52	sub-017	ses-101	task-s3	1;2;3	3;3;3
654	655	654	655	3	3	trialwise	1234;3008;4785	1234;3008;4785	8;19;30	125;131;140	sub-017_ses-103_task-s8;sub-017_ses-202_task-s8;sub-017_ses-303_task-s8	1234	8	125	sub-017	ses-103	task-s8	1;2;3	8;8;8
655	656	655	656	3	3	trialwise	218;2032;3808	218;2032;3808	2;13;24	60;106;114	sub-017_ses-101_task-s2;sub-017_ses-201_task-s2;sub-017_ses-305_task-s2	218	2	60	sub-017	ses-101	task-s2	1;2;3	2;2;2
656	657	656	657	3	3	trialwise	1037;2802;4606	1037;2802;4606	7;18;29	86;83;119	sub-017_ses-103_task-s7;sub-017_ses-202_task-s7;sub-017_ses-303_task-s7	1037	7	86	sub-017	ses-103	task-s7	1;2;3	7;7;7
657	658	657	658	3	3	trialwise	1053;2752;4634	1053;2752;4634	7;18;29	102;33;147	sub-017_ses-103_task-s7;sub-017_ses-202_task-s7;sub-017_ses-303_task-s7	1053	7	102	sub-017	ses-103	task-s7	1;2;3	7;7;7
658	659	658	659	3	3	trialwise	346;2144;3870	346;2144;3870	3;14;25	29;59;17	sub-017_ses-101_task-s3;sub-017_ses-201_task-s3;sub-017_ses-301_task-s3	346	3	29	sub-017	ses-101	task-s3	1;2;3	3;3;3
659	660	659	660	3	3	trialwise	763;2441;4203	763;2441;4203	5;16;27	128;38;32	sub-017_ses-102_task-s5;sub-017_ses-202_task-s5;sub-017_ses-302_task-s5	763	5	128	sub-017	ses-102	task-s5	1;2;3	5;5;5
660	661	660	661	3	3	trialwise	309;1940;3712	309;1940;3712	2;13;24	151;14;18	sub-017_ses-101_task-s2;sub-017_ses-201_task-s2;sub-017_ses-305_task-s2	309	2	151	sub-017	ses-101	task-s2	1;2;3	2;2;2
661	662	661	662	3	3	trialwise	923;2706;4393	923;2706;4393	6;17;28	130;145;64	sub-017_ses-103_task-s6;sub-017_ses-204_task-s6;sub-017_ses-302_task-s6	923	6	130	sub-017	ses-103	task-s6	1;2;3	6;6;6
662	663	662	663	3	3	trialwise	95;1826;3631	95;1826;3631	1;12;23	96;59;96	sub-017_ses-104_task-s1;sub-017_ses-201_task-s1;sub-017_ses-302_task-s1	95	1	96	sub-017	ses-104	task-s1	1;2;3	1;1;1
663	664	663	664	3	3	trialwise	637;2551;4196	637;2551;4196	5;16;27	2;148;25	sub-017_ses-102_task-s5;sub-017_ses-202_task-s5;sub-017_ses-302_task-s5	637	5	2	sub-017	ses-102	task-s5	1;2;3	5;5;5
664	665	664	665	3	3	trialwise	885;2611;4354	885;2611;4354	6;17;28	92;50;25	sub-017_ses-103_task-s6;sub-017_ses-204_task-s6;sub-017_ses-302_task-s6	885	6	92	sub-017	ses-103	task-s6	1;2;3	6;6;6
665	666	665	666	3	3	trialwise	520;2253;4163	520;2253;4163	4;15;26	44;9;151	sub-017_ses-102_task-s4;sub-017_ses-203_task-s4;sub-017_ses-302_task-s4	520	4	44	sub-017	ses-102	task-s4	1;2;3	4;4;4
666	667	666	667	3	3	trialwise	669;2427;4188	669;2427;4188	5;16;27	34;24;17	sub-017_ses-102_task-s5;sub-017_ses-202_task-s5;sub-017_ses-302_task-s5	669	5	34	sub-017	ses-102	task-s5	1;2;3	5;5;5
667	668	667	668	3	3	trialwise	597;2302;4103	597;2302;4103	4;15;26	121;58;91	sub-017_ses-102_task-s4;sub-017_ses-203_task-s4;sub-017_ses-302_task-s4	597	4	121	sub-017	ses-102	task-s4	1;2;3	4;4;4
668	669	668	669	3	3	trialwise	165;1961;3791	165;1961;3791	2;13;24	7;35;97	sub-017_ses-101_task-s2;sub-017_ses-201_task-s2;sub-017_ses-305_task-s2	165	2	7	sub-017	ses-101	task-s2	1;2;3	2;2;2
669	670	669	670	3	3	trialwise	964;2864;4507	964;2864;4507	7;18;29	13;145;20	sub-017_ses-103_task-s7;sub-017_ses-202_task-s7;sub-017_ses-303_task-s7	964	7	13	sub-017	ses-103	task-s7	1;2;3	7;7;7
670	671	670	671	3	3	trialwise	552;2272;4110	552;2272;4110	4;15;26	76;28;98	sub-017_ses-102_task-s4;sub-017_ses-203_task-s4;sub-017_ses-302_task-s4	552	4	76	sub-017	ses-102	task-s4	1;2;3	4;4;4
671	672	671	672	3	3	trialwise	880;2577;4399	880;2577;4399	6;17;28	87;16;70	sub-017_ses-103_task-s6;sub-017_ses-204_task-s6;sub-017_ses-302_task-s6	880	6	87	sub-017	ses-103	task-s6	1;2;3	6;6;6
672	673	672	673	3	3	trialwise	989;2831;4577	989;2831;4577	7;18;29	38;112;90	sub-017_ses-103_task-s7;sub-017_ses-202_task-s7;sub-017_ses-303_task-s7	989	7	38	sub-017	ses-103	task-s7	1;2;3	7;7;7
673	674	673	674	3	3	trialwise	74;1864;3610	74;1864;3610	1;12;23	75;97;75	sub-017_ses-104_task-s1;sub-017_ses-201_task-s1;sub-017_ses-302_task-s1	74	1	75	sub-017	ses-104	task-s1	1;2;3	1;1;1
674	675	674	675	3	3	trialwise	971;2733;4560	971;2733;4560	7;18;29	20;14;73	sub-017_ses-103_task-s7;sub-017_ses-202_task-s7;sub-017_ses-303_task-s7	971	7	20	sub-017	ses-103	task-s7	1;2;3	7;7;7
675	676	675	676	3	3	trialwise	59;1915;3595	59;1915;3595	1;12;23	60;148;60	sub-017_ses-104_task-s1;sub-017_ses-201_task-s1;sub-017_ses-302_task-s1	59	1	60	sub-017	ses-104	task-s1	1;2;3	1;1;1
676	677	676	677	3	3	trialwise	130;1925;3666	130;1925;3666	1;12;23	131;158;131	sub-017_ses-104_task-s1;sub-017_ses-201_task-s1;sub-017_ses-302_task-s1	130	1	131	sub-017	ses-104	task-s1	1;2;3	1;1;1
677	678	677	678	3	3	trialwise	1205;2988;4665	1205;2988;4665	8;19;30	96;111;20	sub-017_ses-103_task-s8;sub-017_ses-202_task-s8;sub-017_ses-303_task-s8	1205	8	96	sub-017	ses-103	task-s8	1;2;3	8;8;8
678	679	678	679	3	3	trialwise	551;2328;4134	551;2328;4134	4;15;26	75;84;122	sub-017_ses-102_task-s4;sub-017_ses-203_task-s4;sub-017_ses-302_task-s4	551	4	75	sub-017	ses-102	task-s4	1;2;3	4;4;4
679	680	679	680	3	3	trialwise	311;1937;3709	311;1937;3709	2;13;24	153;11;15	sub-017_ses-101_task-s2;sub-017_ses-201_task-s2;sub-017_ses-305_task-s2	311	2	153	sub-017	ses-101	task-s2	1;2;3	2;2;2
680	681	680	681	3	3	trialwise	937;2591;4426	937;2591;4426	6;17;28	144;30;97	sub-017_ses-103_task-s6;sub-017_ses-204_task-s6;sub-017_ses-302_task-s6	937	6	144	sub-017	ses-103	task-s6	1;2;3	6;6;6
681	682	681	682	3	3	trialwise	92;1802;3628	92;1802;3628	1;12;23	93;35;93	sub-017_ses-104_task-s1;sub-017_ses-201_task-s1;sub-017_ses-302_task-s1	92	1	93	sub-017	ses-104	task-s1	1;2;3	1;1;1
682	683	682	683	3	3	trialwise	391;2164;3930	391;2164;3930	3;14;25	74;79;77	sub-017_ses-101_task-s3;sub-017_ses-201_task-s3;sub-017_ses-301_task-s3	391	3	74	sub-017	ses-101	task-s3	1;2;3	3;3;3
683	684	683	684	3	3	trialwise	712;2558;4305	712;2558;4305	5;16;27	77;155;134	sub-017_ses-102_task-s5;sub-017_ses-202_task-s5;sub-017_ses-302_task-s5	712	5	77	sub-017	ses-102	task-s5	1;2;3	5;5;5
684	685	684	685	3	3	trialwise	845;2688;4345	845;2688;4345	6;17;28	52;127;16	sub-017_ses-103_task-s6;sub-017_ses-204_task-s6;sub-017_ses-302_task-s6	845	6	52	sub-017	ses-103	task-s6	1;2;3	6;6;6
685	686	685	686	3	3	trialwise	487;2249;4022	487;2249;4022	4;15;26	11;5;10	sub-017_ses-102_task-s4;sub-017_ses-203_task-s4;sub-017_ses-302_task-s4	487	4	11	sub-017	ses-102	task-s4	1;2;3	4;4;4
686	687	686	687	3	3	trialwise	1077;2774;4489	1077;2774;4489	7;18;29	126;55;2	sub-017_ses-103_task-s7;sub-017_ses-202_task-s7;sub-017_ses-303_task-s7	1077	7	126	sub-017	ses-103	task-s7	1;2;3	7;7;7
687	688	687	688	3	3	trialwise	581;2309;4069	581;2309;4069	4;15;26	105;65;57	sub-017_ses-102_task-s4;sub-017_ses-203_task-s4;sub-017_ses-302_task-s4	581	4	105	sub-017	ses-102	task-s4	1;2;3	4;4;4
688	689	688	689	3	3	trialwise	387;2160;3921	387;2160;3921	3;14;25	70;75;68	sub-017_ses-101_task-s3;sub-017_ses-201_task-s3;sub-017_ses-301_task-s3	387	3	70	sub-017	ses-101	task-s3	1;2;3	3;3;3
689	690	689	690	3	3	trialwise	1257;3032;4692	1257;3032;4692	8;19;30	148;155;47	sub-017_ses-103_task-s8;sub-017_ses-202_task-s8;sub-017_ses-303_task-s8	1257	8	148	sub-017	ses-103	task-s8	1;2;3	8;8;8
690	691	690	691	3	3	trialwise	785;2521;4323	785;2521;4323	5;16;27	150;118;152	sub-017_ses-102_task-s5;sub-017_ses-202_task-s5;sub-017_ses-302_task-s5	785	5	150	sub-017	ses-102	task-s5	1;2;3	5;5;5
691	692	691	692	3	3	trialwise	695;2467;4243	695;2467;4243	5;16;27	60;64;72	sub-017_ses-102_task-s5;sub-017_ses-202_task-s5;sub-017_ses-302_task-s5	695	5	60	sub-017	ses-102	task-s5	1;2;3	5;5;5
692	693	692	693	3	3	trialwise	87;1819;3623	87;1819;3623	1;12;23	88;52;88	sub-017_ses-104_task-s1;sub-017_ses-201_task-s1;sub-017_ses-302_task-s1	87	1	88	sub-017	ses-104	task-s1	1;2;3	1;1;1
693	694	693	694	3	3	trialwise	208;2040;3706	208;2040;3706	2;13;24	50;114;12	sub-017_ses-101_task-s2;sub-017_ses-201_task-s2;sub-017_ses-305_task-s2	208	2	50	sub-017	ses-101	task-s2	1;2;3	2;2;2
694	695	694	695	3	3	trialwise	790;2475;4204	790;2475;4204	5;16;27	155;72;33	sub-017_ses-102_task-s5;sub-017_ses-202_task-s5;sub-017_ses-302_task-s5	790	5	155	sub-017	ses-102	task-s5	1;2;3	5;5;5
695	696	695	696	3	3	trialwise	1086;2846;4542	1086;2846;4542	7;18;29	135;127;55	sub-017_ses-103_task-s7;sub-017_ses-202_task-s7;sub-017_ses-303_task-s7	1086	7	135	sub-017	ses-103	task-s7	1;2;3	7;7;7
696	697	696	697	3	3	trialwise	159;2050;3759	159;2050;3759	2;13;24	1;124;65	sub-017_ses-101_task-s2;sub-017_ses-201_task-s2;sub-017_ses-305_task-s2	159	2	1	sub-017	ses-101	task-s2	1;2;3	2;2;2
697	698	697	698	3	3	trialwise	908;2576;4425	908;2576;4425	6;17;28	115;15;96	sub-017_ses-103_task-s6;sub-017_ses-204_task-s6;sub-017_ses-302_task-s6	908	6	115	sub-017	ses-103	task-s6	1;2;3	6;6;6
698	699	698	699	3	3	trialwise	906;2588;4362	906;2588;4362	6;17;28	113;27;33	sub-017_ses-103_task-s6;sub-017_ses-204_task-s6;sub-017_ses-302_task-s6	906	6	113	sub-017	ses-103	task-s6	1;2;3	6;6;6
699	700	699	700	3	3	trialwise	1091;2871;4516	1091;2871;4516	7;18;29	140;152;29	sub-017_ses-103_task-s7;sub-017_ses-202_task-s7;sub-017_ses-303_task-s7	1091	7	140	sub-017	ses-103	task-s7	1;2;3	7;7;7
700	701	700	701	3	3	trialwise	631;2341;4073	631;2341;4073	4;15;26	155;97;61	sub-017_ses-102_task-s4;sub-017_ses-203_task-s4;sub-017_ses-302_task-s4	631	4	155	sub-017	ses-102	task-s4	1;2;3	4;4;4
701	702	701	702	3	3	trialwise	1040;2834;4608	1040;2834;4608	7;18;29	89;115;121	sub-017_ses-103_task-s7;sub-017_ses-202_task-s7;sub-017_ses-303_task-s7	1040	7	89	sub-017	ses-103	task-s7	1;2;3	7;7;7
702	703	702	703	3	3	trialwise	1143;2908;4714	1143;2908;4714	8;19;30	34;31;69	sub-017_ses-103_task-s8;sub-017_ses-202_task-s8;sub-017_ses-303_task-s8	1143	8	34	sub-017	ses-103	task-s8	1;2;3	8;8;8
703	704	703	704	3	3	trialwise	1097;2808;4540	1097;2808;4540	7;18;29	146;89;53	sub-017_ses-103_task-s7;sub-017_ses-202_task-s7;sub-017_ses-303_task-s7	1097	7	146	sub-017	ses-103	task-s7	1;2;3	7;7;7
704	705	704	705	3	3	trialwise	144;1796;3680	144;1796;3680	1;12;23	145;29;145	sub-017_ses-104_task-s1;sub-017_ses-201_task-s1;sub-017_ses-302_task-s1	144	1	145	sub-017	ses-104	task-s1	1;2;3	1;1;1
705	706	705	706	3	3	trialwise	854;2645;4417	854;2645;4417	6;17;28	61;84;88	sub-017_ses-103_task-s6;sub-017_ses-204_task-s6;sub-017_ses-302_task-s6	854	6	61	sub-017	ses-103	task-s6	1;2;3	6;6;6
706	707	706	707	3	3	trialwise	548;2327;4084	548;2327;4084	4;15;26	72;83;72	sub-017_ses-102_task-s4;sub-017_ses-203_task-s4;sub-017_ses-302_task-s4	548	4	72	sub-017	ses-102	task-s4	1;2;3	4;4;4
707	708	707	708	3	3	trialwise	264;2082;3697	264;2082;3697	2;13;24	106;156;3	sub-017_ses-101_task-s2;sub-017_ses-201_task-s2;sub-017_ses-305_task-s2	264	2	106	sub-017	ses-101	task-s2	1;2;3	2;2;2
708	709	708	709	3	3	trialwise	882;2601;4358	882;2601;4358	6;17;28	89;40;29	sub-017_ses-103_task-s6;sub-017_ses-204_task-s6;sub-017_ses-302_task-s6	882	6	89	sub-017	ses-103	task-s6	1;2;3	6;6;6
709	710	709	710	3	3	trialwise	668;2450;4290	668;2450;4290	5;16;27	33;47;119	sub-017_ses-102_task-s5;sub-017_ses-202_task-s5;sub-017_ses-302_task-s5	668	5	33	sub-017	ses-102	task-s5	1;2;3	5;5;5
710	711	710	711	3	3	trialwise	475;2101;3869	475;2101;3869	3;14;25	158;16;16	sub-017_ses-101_task-s3;sub-017_ses-201_task-s3;sub-017_ses-301_task-s3	475	3	158	sub-017	ses-101	task-s3	1;2;3	3;3;3
711	712	711	712	3	3	trialwise	1096;2751;4569	1096;2751;4569	7;18;29	145;32;82	sub-017_ses-103_task-s7;sub-017_ses-202_task-s7;sub-017_ses-303_task-s7	1096	7	145	sub-017	ses-103	task-s7	1;2;3	7;7;7
712	713	712	713	3	3	trialwise	1171;2928;4786	1171;2928;4786	8;19;30	62;51;141	sub-017_ses-103_task-s8;sub-017_ses-202_task-s8;sub-017_ses-303_task-s8	1171	8	62	sub-017	ses-103	task-s8	1;2;3	8;8;8
713	714	713	714	3	3	trialwise	570;2255;4025	570;2255;4025	4;15;26	94;11;13	sub-017_ses-102_task-s4;sub-017_ses-203_task-s4;sub-017_ses-302_task-s4	570	4	94	sub-017	ses-102	task-s4	1;2;3	4;4;4
714	715	714	715	3	3	trialwise	51;1788;3587	51;1788;3587	1;12;23	52;21;52	sub-017_ses-104_task-s1;sub-017_ses-201_task-s1;sub-017_ses-302_task-s1	51	1	52	sub-017	ses-104	task-s1	1;2;3	1;1;1
715	716	715	716	3	3	trialwise	451;2108;3984	451;2108;3984	3;14;25	134;23;131	sub-017_ses-101_task-s3;sub-017_ses-201_task-s3;sub-017_ses-301_task-s3	451	3	134	sub-017	ses-101	task-s3	1;2;3	3;3;3
716	717	716	717	3	3	trialwise	553;2344;4114	553;2344;4114	4;15;26	77;100;102	sub-017_ses-102_task-s4;sub-017_ses-203_task-s4;sub-017_ses-302_task-s4	553	4	77	sub-017	ses-102	task-s4	1;2;3	4;4;4
717	718	717	718	3	3	trialwise	802;2673;4485	802;2673;4485	6;17;28	9;112;156	sub-017_ses-103_task-s6;sub-017_ses-204_task-s6;sub-017_ses-302_task-s6	802	6	9	sub-017	ses-103	task-s6	1;2;3	6;6;6
718	719	718	719	3	3	trialwise	216;2026;3758	216;2026;3758	2;13;24	58;100;64	sub-017_ses-101_task-s2;sub-017_ses-201_task-s2;sub-017_ses-305_task-s2	216	2	58	sub-017	ses-101	task-s2	1;2;3	2;2;2
719	720	719	720	3	3	trialwise	1185;3033;4771	1185;3033;4771	8;19;30	76;156;126	sub-017_ses-103_task-s8;sub-017_ses-202_task-s8;sub-017_ses-303_task-s8	1185	8	76	sub-017	ses-103	task-s8	1;2;3	8;8;8
720	721	720	721	3	3	trialwise	560;2295;4044	560;2295;4044	4;15;26	84;51;32	sub-017_ses-102_task-s4;sub-017_ses-203_task-s4;sub-017_ses-302_task-s4	560	4	84	sub-017	ses-102	task-s4	1;2;3	4;4;4
721	722	721	722	3	3	trialwise	115;1810;3651	115;1810;3651	1;12;23	116;43;116	sub-017_ses-104_task-s1;sub-017_ses-201_task-s1;sub-017_ses-302_task-s1	115	1	116	sub-017	ses-104	task-s1	1;2;3	1;1;1
722	723	722	723	3	3	trialwise	801;2635;4400	801;2635;4400	6;17;28	8;74;71	sub-017_ses-103_task-s6;sub-017_ses-204_task-s6;sub-017_ses-302_task-s6	801	6	8	sub-017	ses-103	task-s6	1;2;3	6;6;6
723	724	723	724	3	3	trialwise	1050;2728;4518	1050;2728;4518	7;18;29	99;9;31	sub-017_ses-103_task-s7;sub-017_ses-202_task-s7;sub-017_ses-303_task-s7	1050	7	99	sub-017	ses-103	task-s7	1;2;3	7;7;7
724	725	724	725	3	3	trialwise	516;2250;4045	516;2250;4045	4;15;26	40;6;33	sub-017_ses-102_task-s4;sub-017_ses-203_task-s4;sub-017_ses-302_task-s4	516	4	40	sub-017	ses-102	task-s4	1;2;3	4;4;4
725	726	725	726	3	3	trialwise	876;2570;4462	876;2570;4462	6;17;28	83;9;133	sub-017_ses-103_task-s6;sub-017_ses-204_task-s6;sub-017_ses-302_task-s6	876	6	83	sub-017	ses-103	task-s6	1;2;3	6;6;6
726	727	726	727	3	3	trialwise	679;2459;4316	679;2459;4316	5;16;27	44;56;145	sub-017_ses-102_task-s5;sub-017_ses-202_task-s5;sub-017_ses-302_task-s5	679	5	44	sub-017	ses-102	task-s5	1;2;3	5;5;5
727	728	727	728	3	3	trialwise	1081;2744;4581	1081;2744;4581	7;18;29	130;25;94	sub-017_ses-103_task-s7;sub-017_ses-202_task-s7;sub-017_ses-303_task-s7	1081	7	130	sub-017	ses-103	task-s7	1;2;3	7;7;7
728	729	728	729	3	3	trialwise	1256;2990;4762	1256;2990;4762	8;19;30	147;113;117	sub-017_ses-103_task-s8;sub-017_ses-202_task-s8;sub-017_ses-303_task-s8	1256	8	147	sub-017	ses-103	task-s8	1;2;3	8;8;8
729	730	729	730	3	3	trialwise	113;1823;3649	113;1823;3649	1;12;23	114;56;114	sub-017_ses-104_task-s1;sub-017_ses-201_task-s1;sub-017_ses-302_task-s1	113	1	114	sub-017	ses-104	task-s1	1;2;3	1;1;1
730	731	730	731	3	3	trialwise	1080;2826;4534	1080;2826;4534	7;18;29	129;107;47	sub-017_ses-103_task-s7;sub-017_ses-202_task-s7;sub-017_ses-303_task-s7	1080	7	129	sub-017	ses-103	task-s7	1;2;3	7;7;7
731	732	731	732	3	3	trialwise	532;2291;4126	532;2291;4126	4;15;26	56;47;114	sub-017_ses-102_task-s4;sub-017_ses-203_task-s4;sub-017_ses-302_task-s4	532	4	56	sub-017	ses-102	task-s4	1;2;3	4;4;4
732	733	732	733	3	3	trialwise	630;2354;4159	630;2354;4159	4;15;26	154;110;147	sub-017_ses-102_task-s4;sub-017_ses-203_task-s4;sub-017_ses-302_task-s4	630	4	154	sub-017	ses-102	task-s4	1;2;3	4;4;4
733	734	733	734	3	3	trialwise	411;2168;3885	411;2168;3885	3;14;25	94;83;32	sub-017_ses-101_task-s3;sub-017_ses-201_task-s3;sub-017_ses-301_task-s3	411	3	94	sub-017	ses-101	task-s3	1;2;3	3;3;3
734	735	734	735	3	3	trialwise	762;2434;4240	762;2434;4240	5;16;27	127;31;69	sub-017_ses-102_task-s5;sub-017_ses-202_task-s5;sub-017_ses-302_task-s5	762	5	127	sub-017	ses-102	task-s5	1;2;3	5;5;5
735	736	735	736	3	3	trialwise	1245;2954;4732	1245;2954;4732	8;19;30	136;77;87	sub-017_ses-103_task-s8;sub-017_ses-202_task-s8;sub-017_ses-303_task-s8	1245	8	136	sub-017	ses-103	task-s8	1;2;3	8;8;8
736	737	736	737	3	3	trialwise	273;2005;3786	273;2005;3786	2;13;24	115;79;92	sub-017_ses-101_task-s2;sub-017_ses-201_task-s2;sub-017_ses-305_task-s2	273	2	115	sub-017	ses-101	task-s2	1;2;3	2;2;2
737	738	737	738	3	3	trialwise	912;2668;4418	912;2668;4418	6;17;28	119;107;89	sub-017_ses-103_task-s6;sub-017_ses-204_task-s6;sub-017_ses-302_task-s6	912	6	119	sub-017	ses-103	task-s6	1;2;3	6;6;6
738	739	738	739	3	3	trialwise	361;2177;3856	361;2177;3856	3;14;25	44;92;3	sub-017_ses-101_task-s3;sub-017_ses-201_task-s3;sub-017_ses-301_task-s3	361	3	44	sub-017	ses-101	task-s3	1;2;3	3;3;3
739	740	739	740	3	3	trialwise	1254;2937;4791	1254;2937;4791	8;19;30	145;60;146	sub-017_ses-103_task-s8;sub-017_ses-202_task-s8;sub-017_ses-303_task-s8	1254	8	145	sub-017	ses-103	task-s8	1;2;3	8;8;8
740	741	740	741	3	3	trialwise	61;1841;3597	61;1841;3597	1;12;23	62;74;62	sub-017_ses-104_task-s1;sub-017_ses-201_task-s1;sub-017_ses-302_task-s1	61	1	62	sub-017	ses-104	task-s1	1;2;3	1;1;1
741	742	741	742	3	3	trialwise	89;1897;3625	89;1897;3625	1;12;23	90;130;90	sub-017_ses-104_task-s1;sub-017_ses-201_task-s1;sub-017_ses-302_task-s1	89	1	90	sub-017	ses-104	task-s1	1;2;3	1;1;1
742	743	742	743	3	3	trialwise	940;2592;4392	940;2592;4392	6;17;28	147;31;63	sub-017_ses-103_task-s6;sub-017_ses-204_task-s6;sub-017_ses-302_task-s6	940	6	147	sub-017	ses-103	task-s6	1;2;3	6;6;6
743	744	743	744	3	3	trialwise	565;2281;4165	565;2281;4165	4;15;26	89;37;153	sub-017_ses-102_task-s4;sub-017_ses-203_task-s4;sub-017_ses-302_task-s4	565	4	89	sub-017	ses-102	task-s4	1;2;3	4;4;4
744	745	744	745	3	3	trialwise	1197;3028;4796	1197;3028;4796	8;19;30	88;151;151	sub-017_ses-103_task-s8;sub-017_ses-202_task-s8;sub-017_ses-303_task-s8	1197	8	88	sub-017	ses-103	task-s8	1;2;3	8;8;8
745	746	745	746	3	3	trialwise	240;2072;3799	240;2072;3799	2;13;24	82;146;105	sub-017_ses-101_task-s2;sub-017_ses-201_task-s2;sub-017_ses-305_task-s2	240	2	82	sub-017	ses-101	task-s2	1;2;3	2;2;2
746	747	746	747	3	3	trialwise	725;2419;4317	725;2419;4317	5;16;27	90;16;146	sub-017_ses-102_task-s5;sub-017_ses-202_task-s5;sub-017_ses-302_task-s5	725	5	90	sub-017	ses-102	task-s5	1;2;3	5;5;5
747	748	747	748	3	3	trialwise	8;1910;3544	8;1910;3544	1;12;23	9;143;9	sub-017_ses-104_task-s1;sub-017_ses-201_task-s1;sub-017_ses-302_task-s1	8	1	9	sub-017	ses-104	task-s1	1;2;3	1;1;1
748	749	748	749	3	3	trialwise	7;1853;3543	7;1853;3543	1;12;23	8;86;8	sub-017_ses-104_task-s1;sub-017_ses-201_task-s1;sub-017_ses-302_task-s1	7	1	8	sub-017	ses-104	task-s1	1;2;3	1;1;1
749	750	749	750	3	3	trialwise	352;2121;3893	352;2121;3893	3;14;25	35;36;40	sub-017_ses-101_task-s3;sub-017_ses-201_task-s3;sub-017_ses-301_task-s3	352	3	35	sub-017	ses-101	task-s3	1;2;3	3;3;3
750	751	750	751	3	3	trialwise	813;2609;4371	813;2609;4371	6;17;28	20;48;42	sub-017_ses-103_task-s6;sub-017_ses-204_task-s6;sub-017_ses-302_task-s6	813	6	20	sub-017	ses-103	task-s6	1;2;3	6;6;6
751	752	751	752	3	3	trialwise	83;1857;3619	83;1857;3619	1;12;23	84;90;84	sub-017_ses-104_task-s1;sub-017_ses-201_task-s1;sub-017_ses-302_task-s1	83	1	84	sub-017	ses-104	task-s1	1;2;3	1;1;1
752	753	752	753	3	3	trialwise	1066;2814;4586	1066;2814;4586	7;18;29	115;95;99	sub-017_ses-103_task-s7;sub-017_ses-202_task-s7;sub-017_ses-303_task-s7	1066	7	115	sub-017	ses-103	task-s7	1;2;3	7;7;7
753	754	753	754	3	3	trialwise	316;2046;3732	316;2046;3732	2;13;24	158;120;38	sub-017_ses-101_task-s2;sub-017_ses-201_task-s2;sub-017_ses-305_task-s2	316	2	158	sub-017	ses-101	task-s2	1;2;3	2;2;2
754	755	754	755	3	3	trialwise	398;2155;3891	398;2155;3891	3;14;25	81;70;38	sub-017_ses-101_task-s3;sub-017_ses-201_task-s3;sub-017_ses-301_task-s3	398	3	81	sub-017	ses-101	task-s3	1;2;3	3;3;3
755	756	755	756	3	3	trialwise	177;1969;3801	177;1969;3801	2;13;24	19;43;107	sub-017_ses-101_task-s2;sub-017_ses-201_task-s2;sub-017_ses-305_task-s2	177	2	19	sub-017	ses-101	task-s2	1;2;3	2;2;2
756	757	756	757	3	3	trialwise	883;2663;4367	883;2663;4367	6;17;28	90;102;38	sub-017_ses-103_task-s6;sub-017_ses-204_task-s6;sub-017_ses-302_task-s6	883	6	90	sub-017	ses-103	task-s6	1;2;3	6;6;6
757	758	757	758	3	3	trialwise	750;2472;4238	750;2472;4238	5;16;27	115;69;67	sub-017_ses-102_task-s5;sub-017_ses-202_task-s5;sub-017_ses-302_task-s5	750	5	115	sub-017	ses-102	task-s5	1;2;3	5;5;5
758	759	758	759	3	3	trialwise	866;2676;4451	866;2676;4451	6;17;28	73;115;122	sub-017_ses-103_task-s6;sub-017_ses-204_task-s6;sub-017_ses-302_task-s6	866	6	73	sub-017	ses-103	task-s6	1;2;3	6;6;6
759	760	759	760	3	3	trialwise	462;2163;3949	462;2163;3949	3;14;25	145;78;96	sub-017_ses-101_task-s3;sub-017_ses-201_task-s3;sub-017_ses-301_task-s3	462	3	145	sub-017	ses-101	task-s3	1;2;3	3;3;3
760	761	760	761	3	3	trialwise	568;2282;4169	568;2282;4169	4;15;26	92;38;157	sub-017_ses-102_task-s4;sub-017_ses-203_task-s4;sub-017_ses-302_task-s4	568	4	92	sub-017	ses-102	task-s4	1;2;3	4;4;4
761	762	761	762	3	3	trialwise	795;2702;4350	795;2702;4350	6;17;28	2;141;21	sub-017_ses-103_task-s6;sub-017_ses-204_task-s6;sub-017_ses-302_task-s6	795	6	2	sub-017	ses-103	task-s6	1;2;3	6;6;6
762	763	762	763	3	3	trialwise	792;2443;4312	792;2443;4312	5;16;27	157;40;141	sub-017_ses-102_task-s5;sub-017_ses-202_task-s5;sub-017_ses-302_task-s5	792	5	157	sub-017	ses-102	task-s5	1;2;3	5;5;5
763	764	763	764	3	3	trialwise	1176;2905;4648	1176;2905;4648	8;19;30	67;28;3	sub-017_ses-103_task-s8;sub-017_ses-202_task-s8;sub-017_ses-303_task-s8	1176	8	67	sub-017	ses-103	task-s8	1;2;3	8;8;8
764	765	764	765	3	3	trialwise	976;2788;4592	976;2788;4592	7;18;29	25;69;105	sub-017_ses-103_task-s7;sub-017_ses-202_task-s7;sub-017_ses-303_task-s7	976	7	25	sub-017	ses-103	task-s7	1;2;3	7;7;7
765	766	765	766	3	3	trialwise	992;2825;4598	992;2825;4598	7;18;29	41;106;111	sub-017_ses-103_task-s7;sub-017_ses-202_task-s7;sub-017_ses-303_task-s7	992	7	41	sub-017	ses-103	task-s7	1;2;3	7;7;7
766	767	766	767	3	3	trialwise	1010;2873;4559	1010;2873;4559	7;18;29	59;154;72	sub-017_ses-103_task-s7;sub-017_ses-202_task-s7;sub-017_ses-303_task-s7	1010	7	59	sub-017	ses-103	task-s7	1;2;3	7;7;7
767	768	767	768	3	3	trialwise	330;2166;3933	330;2166;3933	3;14;25	13;81;80	sub-017_ses-101_task-s3;sub-017_ses-201_task-s3;sub-017_ses-301_task-s3	330	3	13	sub-017	ses-101	task-s3	1;2;3	3;3;3
768	769	768	769	3	3	trialwise	399;2204;3951	399;2204;3951	3;14;25	82;119;98	sub-017_ses-101_task-s3;sub-017_ses-201_task-s3;sub-017_ses-301_task-s3	399	3	82	sub-017	ses-101	task-s3	1;2;3	3;3;3
769	770	769	770	3	3	trialwise	547;2379;4028	547;2379;4028	4;15;26	71;135;16	sub-017_ses-102_task-s4;sub-017_ses-203_task-s4;sub-017_ses-302_task-s4	547	4	71	sub-017	ses-102	task-s4	1;2;3	4;4;4
770	771	770	771	3	3	trialwise	1020;2773;4499	1020;2773;4499	7;18;29	69;54;12	sub-017_ses-103_task-s7;sub-017_ses-202_task-s7;sub-017_ses-303_task-s7	1020	7	69	sub-017	ses-103	task-s7	1;2;3	7;7;7
771	772	771	772	3	3	trialwise	848;2677;4340	848;2677;4340	6;17;28	55;116;11	sub-017_ses-103_task-s6;sub-017_ses-204_task-s6;sub-017_ses-302_task-s6	848	6	55	sub-017	ses-103	task-s6	1;2;3	6;6;6
772	773	772	773	3	3	trialwise	1225;2884;4664	1225;2884;4664	8;19;30	116;7;19	sub-017_ses-103_task-s8;sub-017_ses-202_task-s8;sub-017_ses-303_task-s8	1225	8	116	sub-017	ses-103	task-s8	1;2;3	8;8;8
773	774	773	774	3	3	trialwise	415;2148;3980	415;2148;3980	3;14;25	98;63;127	sub-017_ses-101_task-s3;sub-017_ses-201_task-s3;sub-017_ses-301_task-s3	415	3	98	sub-017	ses-101	task-s3	1;2;3	3;3;3
774	775	774	775	3	3	trialwise	183;2038;3838	183;2038;3838	2;13;24	25;112;144	sub-017_ses-101_task-s2;sub-017_ses-201_task-s2;sub-017_ses-305_task-s2	183	2	25	sub-017	ses-101	task-s2	1;2;3	2;2;2
775	776	775	776	3	3	trialwise	483;2317;4063	483;2317;4063	4;15;26	7;73;51	sub-017_ses-102_task-s4;sub-017_ses-203_task-s4;sub-017_ses-302_task-s4	483	4	7	sub-017	ses-102	task-s4	1;2;3	4;4;4
776	777	776	777	3	3	trialwise	822;2661;4406	822;2661;4406	6;17;28	29;100;77	sub-017_ses-103_task-s6;sub-017_ses-204_task-s6;sub-017_ses-302_task-s6	822	6	29	sub-017	ses-103	task-s6	1;2;3	6;6;6
777	778	777	778	3	3	trialwise	1051;2837;4525	1051;2837;4525	7;18;29	100;118;38	sub-017_ses-103_task-s7;sub-017_ses-202_task-s7;sub-017_ses-303_task-s7	1051	7	100	sub-017	ses-103	task-s7	1;2;3	7;7;7
778	779	778	779	3	3	trialwise	914;2718;4441	914;2718;4441	6;17;28	121;157;112	sub-017_ses-103_task-s6;sub-017_ses-204_task-s6;sub-017_ses-302_task-s6	914	6	121	sub-017	ses-103	task-s6	1;2;3	6;6;6
779	780	779	780	3	3	trialwise	1220;2889;4758	1220;2889;4758	8;19;30	111;12;113	sub-017_ses-103_task-s8;sub-017_ses-202_task-s8;sub-017_ses-303_task-s8	1220	8	111	sub-017	ses-103	task-s8	1;2;3	8;8;8
780	781	780	781	3	3	trialwise	846;2567;4482	846;2567;4482	6;17;28	53;6;153	sub-017_ses-103_task-s6;sub-017_ses-204_task-s6;sub-017_ses-302_task-s6	846	6	53	sub-017	ses-103	task-s6	1;2;3	6;6;6
781	782	781	782	3	3	trialwise	1044;2735;4628	1044;2735;4628	7;18;29	93;16;141	sub-017_ses-103_task-s7;sub-017_ses-202_task-s7;sub-017_ses-303_task-s7	1044	7	93	sub-017	ses-103	task-s7	1;2;3	7;7;7
782	783	782	783	3	3	trialwise	119;1924;3655	119;1924;3655	1;12;23	120;157;120	sub-017_ses-104_task-s1;sub-017_ses-201_task-s1;sub-017_ses-302_task-s1	119	1	120	sub-017	ses-104	task-s1	1;2;3	1;1;1
783	784	783	784	3	3	trialwise	147;1881;3683	147;1881;3683	1;12;23	148;114;148	sub-017_ses-104_task-s1;sub-017_ses-201_task-s1;sub-017_ses-302_task-s1	147	1	148	sub-017	ses-104	task-s1	1;2;3	1;1;1
784	785	784	785	3	3	trialwise	875;2568;4412	875;2568;4412	6;17;28	82;7;83	sub-017_ses-103_task-s6;sub-017_ses-204_task-s6;sub-017_ses-302_task-s6	875	6	82	sub-017	ses-103	task-s6	1;2;3	6;6;6
785	786	785	786	3	3	trialwise	185;1930;3782	185;1930;3782	2;13;24	27;4;88	sub-017_ses-101_task-s2;sub-017_ses-201_task-s2;sub-017_ses-305_task-s2	185	2	27	sub-017	ses-101	task-s2	1;2;3	2;2;2
786	787	786	787	3	3	trialwise	1001;2836;4514	1001;2836;4514	7;18;29	50;117;27	sub-017_ses-103_task-s7;sub-017_ses-202_task-s7;sub-017_ses-303_task-s7	1001	7	50	sub-017	ses-103	task-s7	1;2;3	7;7;7
787	788	787	788	3	3	trialwise	250;2068;3754	250;2068;3754	2;13;24	92;142;60	sub-017_ses-101_task-s2;sub-017_ses-201_task-s2;sub-017_ses-305_task-s2	250	2	92	sub-017	ses-101	task-s2	1;2;3	2;2;2
788	789	788	789	3	3	trialwise	555;2351;4056	555;2351;4056	4;15;26	79;107;44	sub-017_ses-102_task-s4;sub-017_ses-203_task-s4;sub-017_ses-302_task-s4	555	4	79	sub-017	ses-102	task-s4	1;2;3	4;4;4
789	790	789	790	3	3	trialwise	463;2158;3937	463;2158;3937	3;14;25	146;73;84	sub-017_ses-101_task-s3;sub-017_ses-201_task-s3;sub-017_ses-301_task-s3	463	3	146	sub-017	ses-101	task-s3	1;2;3	3;3;3
790	791	790	791	3	3	trialwise	388;2120;3974	388;2120;3974	3;14;25	71;35;121	sub-017_ses-101_task-s3;sub-017_ses-201_task-s3;sub-017_ses-301_task-s3	388	3	71	sub-017	ses-101	task-s3	1;2;3	3;3;3
791	792	791	792	3	3	trialwise	635;2252;4168	635;2252;4168	4;15;26	159;8;156	sub-017_ses-102_task-s4;sub-017_ses-203_task-s4;sub-017_ses-302_task-s4	635	4	159	sub-017	ses-102	task-s4	1;2;3	4;4;4
792	793	792	793	3	3	trialwise	1219;2962;4721	1219;2962;4721	8;19;30	110;85;76	sub-017_ses-103_task-s8;sub-017_ses-202_task-s8;sub-017_ses-303_task-s8	1219	8	110	sub-017	ses-103	task-s8	1;2;3	8;8;8
793	794	793	794	3	3	trialwise	238;2061;3695	238;2061;3695	2;13;24	80;135;1	sub-017_ses-101_task-s2;sub-017_ses-201_task-s2;sub-017_ses-305_task-s2	238	2	80	sub-017	ses-101	task-s2	1;2;3	2;2;2
794	795	794	795	3	3	trialwise	284;1934;3781	284;1934;3781	2;13;24	126;8;87	sub-017_ses-101_task-s2;sub-017_ses-201_task-s2;sub-017_ses-305_task-s2	284	2	126	sub-017	ses-101	task-s2	1;2;3	2;2;2
795	796	795	796	3	3	trialwise	619;2287;4133	619;2287;4133	4;15;26	143;43;121	sub-017_ses-102_task-s4;sub-017_ses-203_task-s4;sub-017_ses-302_task-s4	619	4	143	sub-017	ses-102	task-s4	1;2;3	4;4;4
796	797	796	797	3	3	trialwise	542;2383;4035	542;2383;4035	4;15;26	66;139;23	sub-017_ses-102_task-s4;sub-017_ses-203_task-s4;sub-017_ses-302_task-s4	542	4	66	sub-017	ses-102	task-s4	1;2;3	4;4;4
797	798	797	798	3	3	trialwise	479;2246;4099	479;2246;4099	4;15;26	3;2;87	sub-017_ses-102_task-s4;sub-017_ses-203_task-s4;sub-017_ses-302_task-s4	479	4	3	sub-017	ses-102	task-s4	1;2;3	4;4;4
798	799	798	799	3	3	trialwise	1085;2865;4616	1085;2865;4616	7;18;29	134;146;129	sub-017_ses-103_task-s7;sub-017_ses-202_task-s7;sub-017_ses-303_task-s7	1085	7	134	sub-017	ses-103	task-s7	1;2;3	7;7;7
799	800	799	800	3	3	trialwise	1088;2822;4571	1088;2822;4571	7;18;29	137;103;84	sub-017_ses-103_task-s7;sub-017_ses-202_task-s7;sub-017_ses-303_task-s7	1088	7	137	sub-017	ses-103	task-s7	1;2;3	7;7;7
800	801	800	801	3	3	trialwise	666;2490;4179	666;2490;4179	5;16;27	31;87;8	sub-017_ses-102_task-s5;sub-017_ses-202_task-s5;sub-017_ses-302_task-s5	666	5	31	sub-017	ses-102	task-s5	1;2;3	5;5;5
801	802	801	802	3	3	trialwise	19;1901;3555	19;1901;3555	1;12;23	20;134;20	sub-017_ses-104_task-s1;sub-017_ses-201_task-s1;sub-017_ses-302_task-s1	19	1	20	sub-017	ses-104	task-s1	1;2;3	1;1;1
802	803	802	803	3	3	trialwise	1224;2879;4699	1224;2879;4699	8;19;30	115;2;54	sub-017_ses-103_task-s8;sub-017_ses-202_task-s8;sub-017_ses-303_task-s8	1224	8	115	sub-017	ses-103	task-s8	1;2;3	8;8;8
803	804	803	804	3	3	trialwise	295;2060;3780	295;2060;3780	2;13;24	137;134;86	sub-017_ses-101_task-s2;sub-017_ses-201_task-s2;sub-017_ses-305_task-s2	295	2	137	sub-017	ses-101	task-s2	1;2;3	2;2;2
804	805	804	805	3	3	trialwise	312;2059;3704	312;2059;3704	2;13;24	154;133;10	sub-017_ses-101_task-s2;sub-017_ses-201_task-s2;sub-017_ses-305_task-s2	312	2	154	sub-017	ses-101	task-s2	1;2;3	2;2;2
805	806	805	806	3	3	trialwise	687;2502;4324	687;2502;4324	5;16;27	52;99;153	sub-017_ses-102_task-s5;sub-017_ses-202_task-s5;sub-017_ses-302_task-s5	687	5	52	sub-017	ses-102	task-s5	1;2;3	5;5;5
806	807	806	807	3	3	trialwise	90;1849;3626	90;1849;3626	1;12;23	91;82;91	sub-017_ses-104_task-s1;sub-017_ses-201_task-s1;sub-017_ses-302_task-s1	90	1	91	sub-017	ses-104	task-s1	1;2;3	1;1;1
807	808	807	808	3	3	trialwise	1248;2966;4737	1248;2966;4737	8;19;30	139;89;92	sub-017_ses-103_task-s8;sub-017_ses-202_task-s8;sub-017_ses-303_task-s8	1248	8	139	sub-017	ses-103	task-s8	1;2;3	8;8;8
808	809	808	809	3	3	trialwise	363;2088;3998	363;2088;3998	3;14;25	46;3;145	sub-017_ses-101_task-s3;sub-017_ses-201_task-s3;sub-017_ses-301_task-s3	363	3	46	sub-017	ses-101	task-s3	1;2;3	3;3;3
809	810	809	810	3	3	trialwise	73;1787;3609	73;1787;3609	1;12;23	74;20;74	sub-017_ses-104_task-s1;sub-017_ses-201_task-s1;sub-017_ses-302_task-s1	73	1	74	sub-017	ses-104	task-s1	1;2;3	1;1;1
810	811	810	811	3	3	trialwise	961;2720;4645	961;2720;4645	7;18;29	10;1;158	sub-017_ses-103_task-s7;sub-017_ses-202_task-s7;sub-017_ses-303_task-s7	961	7	10	sub-017	ses-103	task-s7	1;2;3	7;7;7
811	812	811	812	3	3	trialwise	824;2667;4352	824;2667;4352	6;17;28	31;106;23	sub-017_ses-103_task-s6;sub-017_ses-204_task-s6;sub-017_ses-302_task-s6	824	6	31	sub-017	ses-103	task-s6	1;2;3	6;6;6
812	813	812	813	3	3	trialwise	543;2315;4098	543;2315;4098	4;15;26	67;71;86	sub-017_ses-102_task-s4;sub-017_ses-203_task-s4;sub-017_ses-302_task-s4	543	4	67	sub-017	ses-102	task-s4	1;2;3	4;4;4
813	814	813	814	3	3	trialwise	1189;2957;4693	1189;2957;4693	8;19;30	80;80;48	sub-017_ses-103_task-s8;sub-017_ses-202_task-s8;sub-017_ses-303_task-s8	1189	8	80	sub-017	ses-103	task-s8	1;2;3	8;8;8
814	815	814	815	3	3	trialwise	525;2254;4072	525;2254;4072	4;15;26	49;10;60	sub-017_ses-102_task-s4;sub-017_ses-203_task-s4;sub-017_ses-302_task-s4	525	4	49	sub-017	ses-102	task-s4	1;2;3	4;4;4
815	816	815	816	3	3	trialwise	210;1985;3804	210;1985;3804	2;13;24	52;59;110	sub-017_ses-101_task-s2;sub-017_ses-201_task-s2;sub-017_ses-305_task-s2	210	2	52	sub-017	ses-101	task-s2	1;2;3	2;2;2
816	817	816	817	3	3	trialwise	887;2703;4357	887;2703;4357	6;17;28	94;142;28	sub-017_ses-103_task-s6;sub-017_ses-204_task-s6;sub-017_ses-302_task-s6	887	6	94	sub-017	ses-103	task-s6	1;2;3	6;6;6
817	818	817	818	3	3	trialwise	1140;3020;4719	1140;3020;4719	8;19;30	31;143;74	sub-017_ses-103_task-s8;sub-017_ses-202_task-s8;sub-017_ses-303_task-s8	1140	8	31	sub-017	ses-103	task-s8	1;2;3	8;8;8
818	819	818	819	3	3	trialwise	1233;2999;4672	1233;2999;4672	8;19;30	124;122;27	sub-017_ses-103_task-s8;sub-017_ses-202_task-s8;sub-017_ses-303_task-s8	1233	8	124	sub-017	ses-103	task-s8	1;2;3	8;8;8
819	820	819	820	3	3	trialwise	214;1980;3793	214;1980;3793	2;13;24	56;54;99	sub-017_ses-101_task-s2;sub-017_ses-201_task-s2;sub-017_ses-305_task-s2	214	2	56	sub-017	ses-101	task-s2	1;2;3	2;2;2
820	821	820	821	3	3	trialwise	1;1831;3537	1;1831;3537	1;12;23	2;64;2	sub-017_ses-104_task-s1;sub-017_ses-201_task-s1;sub-017_ses-302_task-s1	1	1	2	sub-017	ses-104	task-s1	1;2;3	1;1;1
821	822	821	822	3	3	trialwise	355;2193;3873	355;2193;3873	3;14;25	38;108;20	sub-017_ses-101_task-s3;sub-017_ses-201_task-s3;sub-017_ses-301_task-s3	355	3	38	sub-017	ses-101	task-s3	1;2;3	3;3;3
822	823	822	823	3	3	trialwise	308;2078;3737	308;2078;3737	2;13;24	150;152;43	sub-017_ses-101_task-s2;sub-017_ses-201_task-s2;sub-017_ses-305_task-s2	308	2	150	sub-017	ses-101	task-s2	1;2;3	2;2;2
823	824	823	824	3	3	trialwise	456;2183;3880	456;2183;3880	3;14;25	139;98;27	sub-017_ses-101_task-s3;sub-017_ses-201_task-s3;sub-017_ses-301_task-s3	456	3	139	sub-017	ses-101	task-s3	1;2;3	3;3;3
824	825	824	825	3	3	trialwise	840;2607;4372	840;2607;4372	6;17;28	47;46;43	sub-017_ses-103_task-s6;sub-017_ses-204_task-s6;sub-017_ses-302_task-s6	840	6	47	sub-017	ses-103	task-s6	1;2;3	6;6;6
825	826	825	826	3	3	trialwise	344;2191;3876	344;2191;3876	3;14;25	27;106;23	sub-017_ses-101_task-s3;sub-017_ses-201_task-s3;sub-017_ses-301_task-s3	344	3	27	sub-017	ses-101	task-s3	1;2;3	3;3;3
826	827	826	827	3	3	trialwise	1177;3034;4787	1177;3034;4787	8;19;30	68;157;142	sub-017_ses-103_task-s8;sub-017_ses-202_task-s8;sub-017_ses-303_task-s8	1177	8	68	sub-017	ses-103	task-s8	1;2;3	8;8;8
827	828	827	828	3	3	trialwise	246;2002;3743	246;2002;3743	2;13;24	88;76;49	sub-017_ses-101_task-s2;sub-017_ses-201_task-s2;sub-017_ses-305_task-s2	246	2	88	sub-017	ses-101	task-s2	1;2;3	2;2;2
828	829	828	829	3	3	trialwise	632;2394;4078	632;2394;4078	4;15;26	156;150;66	sub-017_ses-102_task-s4;sub-017_ses-203_task-s4;sub-017_ses-302_task-s4	632	4	156	sub-017	ses-102	task-s4	1;2;3	4;4;4
829	830	829	830	3	3	trialwise	1258;3005;4773	1258;3005;4773	8;19;30	149;128;128	sub-017_ses-103_task-s8;sub-017_ses-202_task-s8;sub-017_ses-303_task-s8	1258	8	149	sub-017	ses-103	task-s8	1;2;3	8;8;8
830	831	830	831	3	3	trialwise	1045;2756;4498	1045;2756;4498	7;18;29	94;37;11	sub-017_ses-103_task-s7;sub-017_ses-202_task-s7;sub-017_ses-303_task-s7	1045	7	94	sub-017	ses-103	task-s7	1;2;3	7;7;7
831	832	831	832	3	3	trialwise	1181;2920;4778	1181;2920;4778	8;19;30	72;43;133	sub-017_ses-103_task-s8;sub-017_ses-202_task-s8;sub-017_ses-303_task-s8	1181	8	72	sub-017	ses-103	task-s8	1;2;3	8;8;8
832	833	832	833	3	3	trialwise	54;1906;3590	54;1906;3590	1;12;23	55;139;55	sub-017_ses-104_task-s1;sub-017_ses-201_task-s1;sub-017_ses-302_task-s1	54	1	55	sub-017	ses-104	task-s1	1;2;3	1;1;1
833	834	833	834	3	3	trialwise	974;2876;4557	974;2876;4557	7;18;29	23;157;70	sub-017_ses-103_task-s7;sub-017_ses-202_task-s7;sub-017_ses-303_task-s7	974	7	23	sub-017	ses-103	task-s7	1;2;3	7;7;7
834	835	834	835	3	3	trialwise	28;1790;3564	28;1790;3564	1;12;23	29;23;29	sub-017_ses-104_task-s1;sub-017_ses-201_task-s1;sub-017_ses-302_task-s1	28	1	29	sub-017	ses-104	task-s1	1;2;3	1;1;1
835	836	835	836	3	3	trialwise	1201;2951;4756	1201;2951;4756	8;19;30	92;74;111	sub-017_ses-103_task-s8;sub-017_ses-202_task-s8;sub-017_ses-303_task-s8	1201	8	92	sub-017	ses-103	task-s8	1;2;3	8;8;8
836	837	836	837	3	3	trialwise	509;2366;4021	509;2366;4021	4;15;26	33;122;9	sub-017_ses-102_task-s4;sub-017_ses-203_task-s4;sub-017_ses-302_task-s4	509	4	33	sub-017	ses-102	task-s4	1;2;3	4;4;4
837	838	837	838	3	3	trialwise	593;2284;4075	593;2284;4075	4;15;26	117;40;63	sub-017_ses-102_task-s4;sub-017_ses-203_task-s4;sub-017_ses-302_task-s4	593	4	117	sub-017	ses-102	task-s4	1;2;3	4;4;4
838	839	838	839	3	3	trialwise	121;1872;3657	121;1872;3657	1;12;23	122;105;122	sub-017_ses-104_task-s1;sub-017_ses-201_task-s1;sub-017_ses-302_task-s1	121	1	122	sub-017	ses-104	task-s1	1;2;3	1;1;1
839	840	839	840	3	3	trialwise	779;2455;4207	779;2455;4207	5;16;27	144;52;36	sub-017_ses-102_task-s5;sub-017_ses-202_task-s5;sub-017_ses-302_task-s5	779	5	144	sub-017	ses-102	task-s5	1;2;3	5;5;5
840	841	840	841	3	3	trialwise	767;2435;4329	767;2435;4329	5;16;27	132;32;158	sub-017_ses-102_task-s5;sub-017_ses-202_task-s5;sub-017_ses-302_task-s5	767	5	132	sub-017	ses-102	task-s5	1;2;3	5;5;5
841	842	841	842	3	3	trialwise	1145;2910;4689	1145;2910;4689	8;19;30	36;33;44	sub-017_ses-103_task-s8;sub-017_ses-202_task-s8;sub-017_ses-303_task-s8	1145	8	36	sub-017	ses-103	task-s8	1;2;3	8;8;8
842	843	842	843	3	3	trialwise	892;2610;4409	892;2610;4409	6;17;28	99;49;80	sub-017_ses-103_task-s6;sub-017_ses-204_task-s6;sub-017_ses-302_task-s6	892	6	99	sub-017	ses-103	task-s6	1;2;3	6;6;6
843	844	843	844	3	3	trialwise	757;2416;4184	757;2416;4184	5;16;27	122;13;13	sub-017_ses-102_task-s5;sub-017_ses-202_task-s5;sub-017_ses-302_task-s5	757	5	122	sub-017	ses-102	task-s5	1;2;3	5;5;5
844	845	844	845	3	3	trialwise	1022;2843;4503	1022;2843;4503	7;18;29	71;124;16	sub-017_ses-103_task-s7;sub-017_ses-202_task-s7;sub-017_ses-303_task-s7	1022	7	71	sub-017	ses-103	task-s7	1;2;3	7;7;7
845	846	845	846	3	3	trialwise	1118;2894;4734	1118;2894;4734	8;19;30	9;17;89	sub-017_ses-103_task-s8;sub-017_ses-202_task-s8;sub-017_ses-303_task-s8	1118	8	9	sub-017	ses-103	task-s8	1;2;3	8;8;8
846	847	846	847	3	3	trialwise	496;2314;4136	496;2314;4136	4;15;26	20;70;124	sub-017_ses-102_task-s4;sub-017_ses-203_task-s4;sub-017_ses-302_task-s4	496	4	20	sub-017	ses-102	task-s4	1;2;3	4;4;4
847	848	847	848	3	3	trialwise	52;1888;3588	52;1888;3588	1;12;23	53;121;53	sub-017_ses-104_task-s1;sub-017_ses-201_task-s1;sub-017_ses-302_task-s1	52	1	53	sub-017	ses-104	task-s1	1;2;3	1;1;1
848	849	848	849	3	3	trialwise	82;1858;3618	82;1858;3618	1;12;23	83;91;83	sub-017_ses-104_task-s1;sub-017_ses-201_task-s1;sub-017_ses-302_task-s1	82	1	83	sub-017	ses-104	task-s1	1;2;3	1;1;1
849	850	849	850	3	3	trialwise	30;1804;3566	30;1804;3566	1;12;23	31;37;31	sub-017_ses-104_task-s1;sub-017_ses-201_task-s1;sub-017_ses-302_task-s1	30	1	31	sub-017	ses-104	task-s1	1;2;3	1;1;1
850	851	850	851	3	3	trialwise	514;2359;4106	514;2359;4106	4;15;26	38;115;94	sub-017_ses-102_task-s4;sub-017_ses-203_task-s4;sub-017_ses-302_task-s4	514	4	38	sub-017	ses-102	task-s4	1;2;3	4;4;4
851	852	851	852	3	3	trialwise	898;2652;4468	898;2652;4468	6;17;28	105;91;139	sub-017_ses-103_task-s6;sub-017_ses-204_task-s6;sub-017_ses-302_task-s6	898	6	105	sub-017	ses-103	task-s6	1;2;3	6;6;6
852	853	852	853	3	3	trialwise	904;2691;4483	904;2691;4483	6;17;28	111;130;154	sub-017_ses-103_task-s6;sub-017_ses-204_task-s6;sub-017_ses-302_task-s6	904	6	111	sub-017	ses-103	task-s6	1;2;3	6;6;6
853	854	853	854	3	3	trialwise	713;2536;4178	713;2536;4178	5;16;27	78;133;7	sub-017_ses-102_task-s5;sub-017_ses-202_task-s5;sub-017_ses-302_task-s5	713	5	78	sub-017	ses-102	task-s5	1;2;3	5;5;5
854	855	854	855	3	3	trialwise	1200;3026;4735	1200;3026;4735	8;19;30	91;149;90	sub-017_ses-103_task-s8;sub-017_ses-202_task-s8;sub-017_ses-303_task-s8	1200	8	91	sub-017	ses-103	task-s8	1;2;3	8;8;8
855	856	855	856	3	3	trialwise	1071;2783;4642	1071;2783;4642	7;18;29	120;64;155	sub-017_ses-103_task-s7;sub-017_ses-202_task-s7;sub-017_ses-303_task-s7	1071	7	120	sub-017	ses-103	task-s7	1;2;3	7;7;7
856	857	856	857	3	3	trialwise	510;2385;4074	510;2385;4074	4;15;26	34;141;62	sub-017_ses-102_task-s4;sub-017_ses-203_task-s4;sub-017_ses-302_task-s4	510	4	34	sub-017	ses-102	task-s4	1;2;3	4;4;4
857	858	857	858	3	3	trialwise	958;2852;4488	958;2852;4488	7;18;29	7;133;1	sub-017_ses-103_task-s7;sub-017_ses-202_task-s7;sub-017_ses-303_task-s7	958	7	7	sub-017	ses-103	task-s7	1;2;3	7;7;7
858	859	858	859	3	3	trialwise	239;1992;3803	239;1992;3803	2;13;24	81;66;109	sub-017_ses-101_task-s2;sub-017_ses-201_task-s2;sub-017_ses-305_task-s2	239	2	81	sub-017	ses-101	task-s2	1;2;3	2;2;2
859	860	859	860	3	3	trialwise	526;2322;4064	526;2322;4064	4;15;26	50;78;52	sub-017_ses-102_task-s4;sub-017_ses-203_task-s4;sub-017_ses-302_task-s4	526	4	50	sub-017	ses-102	task-s4	1;2;3	4;4;4
860	861	860	861	3	3	trialwise	647;2525;4294	647;2525;4294	5;16;27	12;122;123	sub-017_ses-102_task-s5;sub-017_ses-202_task-s5;sub-017_ses-302_task-s5	647	5	12	sub-017	ses-102	task-s5	1;2;3	5;5;5
861	862	861	862	3	3	trialwise	865;2589;4445	865;2589;4445	6;17;28	72;28;116	sub-017_ses-103_task-s6;sub-017_ses-204_task-s6;sub-017_ses-302_task-s6	865	6	72	sub-017	ses-103	task-s6	1;2;3	6;6;6
862	863	862	863	3	3	trialwise	1206;2893;4726	1206;2893;4726	8;19;30	97;16;81	sub-017_ses-103_task-s8;sub-017_ses-202_task-s8;sub-017_ses-303_task-s8	1206	8	97	sub-017	ses-103	task-s8	1;2;3	8;8;8
863	864	863	864	3	3	trialwise	1213;3021;4754	1213;3021;4754	8;19;30	104;144;109	sub-017_ses-103_task-s8;sub-017_ses-202_task-s8;sub-017_ses-303_task-s8	1213	8	104	sub-017	ses-103	task-s8	1;2;3	8;8;8
864	865	864	865	3	3	trialwise	367;2209;3961	367;2209;3961	3;14;25	50;124;108	sub-017_ses-101_task-s3;sub-017_ses-201_task-s3;sub-017_ses-301_task-s3	367	3	50	sub-017	ses-101	task-s3	1;2;3	3;3;3
865	866	865	866	3	3	trialwise	621;2345;4139	621;2345;4139	4;15;26	145;101;127	sub-017_ses-102_task-s4;sub-017_ses-203_task-s4;sub-017_ses-302_task-s4	621	4	145	sub-017	ses-102	task-s4	1;2;3	4;4;4
866	867	866	867	3	3	trialwise	212;1978;3834	212;1978;3834	2;13;24	54;52;140	sub-017_ses-101_task-s2;sub-017_ses-201_task-s2;sub-017_ses-305_task-s2	212	2	54	sub-017	ses-101	task-s2	1;2;3	2;2;2
867	868	867	868	3	3	trialwise	602;2311;4113	602;2311;4113	4;15;26	126;67;101	sub-017_ses-102_task-s4;sub-017_ses-203_task-s4;sub-017_ses-302_task-s4	602	4	126	sub-017	ses-102	task-s4	1;2;3	4;4;4
868	869	868	869	3	3	trialwise	984;2785;4605	984;2785;4605	7;18;29	33;66;118	sub-017_ses-103_task-s7;sub-017_ses-202_task-s7;sub-017_ses-303_task-s7	984	7	33	sub-017	ses-103	task-s7	1;2;3	7;7;7
869	870	869	870	3	3	trialwise	259;2003;3792	259;2003;3792	2;13;24	101;77;98	sub-017_ses-101_task-s2;sub-017_ses-201_task-s2;sub-017_ses-305_task-s2	259	2	101	sub-017	ses-101	task-s2	1;2;3	2;2;2
870	871	870	871	3	3	trialwise	435;2161;3970	435;2161;3970	3;14;25	118;76;117	sub-017_ses-101_task-s3;sub-017_ses-201_task-s3;sub-017_ses-301_task-s3	435	3	118	sub-017	ses-101	task-s3	1;2;3	3;3;3
871	872	871	872	3	3	trialwise	523;2343;4030	523;2343;4030	4;15;26	47;99;18	sub-017_ses-102_task-s4;sub-017_ses-203_task-s4;sub-017_ses-302_task-s4	523	4	47	sub-017	ses-102	task-s4	1;2;3	4;4;4
872	873	872	873	3	3	trialwise	1074;2794;4614	1074;2794;4614	7;18;29	123;75;127	sub-017_ses-103_task-s7;sub-017_ses-202_task-s7;sub-017_ses-303_task-s7	1074	7	123	sub-017	ses-103	task-s7	1;2;3	7;7;7
873	874	873	874	3	3	trialwise	788;2511;4255	788;2511;4255	5;16;27	153;108;84	sub-017_ses-102_task-s5;sub-017_ses-202_task-s5;sub-017_ses-302_task-s5	788	5	153	sub-017	ses-102	task-s5	1;2;3	5;5;5
874	875	874	875	3	3	trialwise	382;2176;3900	382;2176;3900	3;14;25	65;91;47	sub-017_ses-101_task-s3;sub-017_ses-201_task-s3;sub-017_ses-301_task-s3	382	3	65	sub-017	ses-101	task-s3	1;2;3	3;3;3
875	876	875	876	3	3	trialwise	94;1822;3630	94;1822;3630	1;12;23	95;55;95	sub-017_ses-104_task-s1;sub-017_ses-201_task-s1;sub-017_ses-302_task-s1	94	1	95	sub-017	ses-104	task-s1	1;2;3	1;1;1
876	877	876	877	3	3	trialwise	1009;2829;4621	1009;2829;4621	7;18;29	58;110;134	sub-017_ses-103_task-s7;sub-017_ses-202_task-s7;sub-017_ses-303_task-s7	1009	7	58	sub-017	ses-103	task-s7	1;2;3	7;7;7
877	878	877	878	3	3	trialwise	46;1882;3582	46;1882;3582	1;12;23	47;115;47	sub-017_ses-104_task-s1;sub-017_ses-201_task-s1;sub-017_ses-302_task-s1	46	1	47	sub-017	ses-104	task-s1	1;2;3	1;1;1
878	879	878	879	3	3	trialwise	297;2015;3833	297;2015;3833	2;13;24	139;89;139	sub-017_ses-101_task-s2;sub-017_ses-201_task-s2;sub-017_ses-305_task-s2	297	2	139	sub-017	ses-101	task-s2	1;2;3	2;2;2
879	880	879	880	3	3	trialwise	180;2037;3775	180;2037;3775	2;13;24	22;111;81	sub-017_ses-101_task-s2;sub-017_ses-201_task-s2;sub-017_ses-305_task-s2	180	2	22	sub-017	ses-101	task-s2	1;2;3	2;2;2
880	881	880	881	3	3	trialwise	727;2462;4321	727;2462;4321	5;16;27	92;59;150	sub-017_ses-102_task-s5;sub-017_ses-202_task-s5;sub-017_ses-302_task-s5	727	5	92	sub-017	ses-102	task-s5	1;2;3	5;5;5
881	882	881	882	3	3	trialwise	430;2095;3916	430;2095;3916	3;14;25	113;10;63	sub-017_ses-101_task-s3;sub-017_ses-201_task-s3;sub-017_ses-301_task-s3	430	3	113	sub-017	ses-101	task-s3	1;2;3	3;3;3
882	883	882	883	3	3	trialwise	605;2356;4135	605;2356;4135	4;15;26	129;112;123	sub-017_ses-102_task-s4;sub-017_ses-203_task-s4;sub-017_ses-302_task-s4	605	4	129	sub-017	ses-102	task-s4	1;2;3	4;4;4
883	884	883	884	3	3	trialwise	782;2461;4250	782;2461;4250	5;16;27	147;58;79	sub-017_ses-102_task-s5;sub-017_ses-202_task-s5;sub-017_ses-302_task-s5	782	5	147	sub-017	ses-102	task-s5	1;2;3	5;5;5
884	885	884	885	3	3	trialwise	285;2062;3747	285;2062;3747	2;13;24	127;136;53	sub-017_ses-101_task-s2;sub-017_ses-201_task-s2;sub-017_ses-305_task-s2	285	2	127	sub-017	ses-101	task-s2	1;2;3	2;2;2
885	886	885	886	3	3	trialwise	99;1779;3635	99;1779;3635	1;12;23	100;12;100	sub-017_ses-104_task-s1;sub-017_ses-201_task-s1;sub-017_ses-302_task-s1	99	1	100	sub-017	ses-104	task-s1	1;2;3	1;1;1
886	887	886	887	3	3	trialwise	610;2348;4101	610;2348;4101	4;15;26	134;104;89	sub-017_ses-102_task-s4;sub-017_ses-203_task-s4;sub-017_ses-302_task-s4	610	4	134	sub-017	ses-102	task-s4	1;2;3	4;4;4
887	888	887	888	3	3	trialwise	641;2524;4291	641;2524;4291	5;16;27	6;121;120	sub-017_ses-102_task-s5;sub-017_ses-202_task-s5;sub-017_ses-302_task-s5	641	5	6	sub-017	ses-102	task-s5	1;2;3	5;5;5
888	889	888	889	3	3	trialwise	515;2364;4014	515;2364;4014	4;15;26	39;120;2	sub-017_ses-102_task-s4;sub-017_ses-203_task-s4;sub-017_ses-302_task-s4	515	4	39	sub-017	ses-102	task-s4	1;2;3	4;4;4
889	890	889	890	3	3	trialwise	105;1879;3641	105;1879;3641	1;12;23	106;112;106	sub-017_ses-104_task-s1;sub-017_ses-201_task-s1;sub-017_ses-302_task-s1	105	1	106	sub-017	ses-104	task-s1	1;2;3	1;1;1
890	891	890	891	3	3	trialwise	805;2713;4464	805;2713;4464	6;17;28	12;152;135	sub-017_ses-103_task-s6;sub-017_ses-204_task-s6;sub-017_ses-302_task-s6	805	6	12	sub-017	ses-103	task-s6	1;2;3	6;6;6
891	892	891	892	3	3	trialwise	111;1777;3647	111;1777;3647	1;12;23	112;10;112	sub-017_ses-104_task-s1;sub-017_ses-201_task-s1;sub-017_ses-302_task-s1	111	1	112	sub-017	ses-104	task-s1	1;2;3	1;1;1
892	893	892	893	3	3	trialwise	371;2202;3915	371;2202;3915	3;14;25	54;117;62	sub-017_ses-101_task-s3;sub-017_ses-201_task-s3;sub-017_ses-301_task-s3	371	3	54	sub-017	ses-101	task-s3	1;2;3	3;3;3
893	894	893	894	3	3	trialwise	1142;3009;4709	1142;3009;4709	8;19;30	33;132;64	sub-017_ses-103_task-s8;sub-017_ses-202_task-s8;sub-017_ses-303_task-s8	1142	8	33	sub-017	ses-103	task-s8	1;2;3	8;8;8
894	895	894	895	3	3	trialwise	831;2674;4388	831;2674;4388	6;17;28	38;113;59	sub-017_ses-103_task-s6;sub-017_ses-204_task-s6;sub-017_ses-302_task-s6	831	6	38	sub-017	ses-103	task-s6	1;2;3	6;6;6
895	896	895	896	3	3	trialwise	72;1866;3608	72;1866;3608	1;12;23	73;99;73	sub-017_ses-104_task-s1;sub-017_ses-201_task-s1;sub-017_ses-302_task-s1	72	1	73	sub-017	ses-104	task-s1	1;2;3	1;1;1
896	897	896	897	3	3	trialwise	1031;2765;4500	1031;2765;4500	7;18;29	80;46;13	sub-017_ses-103_task-s7;sub-017_ses-202_task-s7;sub-017_ses-303_task-s7	1031	7	80	sub-017	ses-103	task-s7	1;2;3	7;7;7
897	898	897	898	3	3	trialwise	380;2188;3990	380;2188;3990	3;14;25	63;103;137	sub-017_ses-101_task-s3;sub-017_ses-201_task-s3;sub-017_ses-301_task-s3	380	3	63	sub-017	ses-101	task-s3	1;2;3	3;3;3
898	899	898	899	3	3	trialwise	1172;3000;4794	1172;3000;4794	8;19;30	63;123;149	sub-017_ses-103_task-s8;sub-017_ses-202_task-s8;sub-017_ses-303_task-s8	1172	8	63	sub-017	ses-103	task-s8	1;2;3	8;8;8
899	900	899	900	3	3	trialwise	934;2707;4381	934;2707;4381	6;17;28	141;146;52	sub-017_ses-103_task-s6;sub-017_ses-204_task-s6;sub-017_ses-302_task-s6	934	6	141	sub-017	ses-103	task-s6	1;2;3	6;6;6
900	901	900	901	3	3	trialwise	820;2666;4384	820;2666;4384	6;17;28	27;105;55	sub-017_ses-103_task-s6;sub-017_ses-204_task-s6;sub-017_ses-302_task-s6	820	6	27	sub-017	ses-103	task-s6	1;2;3	6;6;6
901	902	901	902	3	3	trialwise	11;1911;3547	11;1911;3547	1;12;23	12;144;12	sub-017_ses-104_task-s1;sub-017_ses-201_task-s1;sub-017_ses-302_task-s1	11	1	12	sub-017	ses-104	task-s1	1;2;3	1;1;1
902	903	902	903	3	3	trialwise	645;2429;4205	645;2429;4205	5;16;27	10;26;34	sub-017_ses-102_task-s5;sub-017_ses-202_task-s5;sub-017_ses-302_task-s5	645	5	10	sub-017	ses-102	task-s5	1;2;3	5;5;5
903	904	903	904	3	3	trialwise	1155;2950;4690	1155;2950;4690	8;19;30	46;73;45	sub-017_ses-103_task-s8;sub-017_ses-202_task-s8;sub-017_ses-303_task-s8	1155	8	46	sub-017	ses-103	task-s8	1;2;3	8;8;8
904	905	904	905	3	3	trialwise	723;2485;4277	723;2485;4277	5;16;27	88;82;106	sub-017_ses-102_task-s5;sub-017_ses-202_task-s5;sub-017_ses-302_task-s5	723	5	88	sub-017	ses-102	task-s5	1;2;3	5;5;5
905	906	905	906	3	3	trialwise	700;2499;4210	700;2499;4210	5;16;27	65;96;39	sub-017_ses-102_task-s5;sub-017_ses-202_task-s5;sub-017_ses-302_task-s5	700	5	65	sub-017	ses-102	task-s5	1;2;3	5;5;5
906	907	906	907	3	3	trialwise	922;2608;4347	922;2608;4347	6;17;28	129;47;18	sub-017_ses-103_task-s6;sub-017_ses-204_task-s6;sub-017_ses-302_task-s6	922	6	129	sub-017	ses-103	task-s6	1;2;3	6;6;6
907	908	907	908	3	3	trialwise	484;2357;4138	484;2357;4138	4;15;26	8;113;126	sub-017_ses-102_task-s4;sub-017_ses-203_task-s4;sub-017_ses-302_task-s4	484	4	8	sub-017	ses-102	task-s4	1;2;3	4;4;4
908	909	908	909	3	3	trialwise	1232;2968;4710	1232;2968;4710	8;19;30	123;91;65	sub-017_ses-103_task-s8;sub-017_ses-202_task-s8;sub-017_ses-303_task-s8	1232	8	123	sub-017	ses-103	task-s8	1;2;3	8;8;8
909	910	909	910	3	3	trialwise	1230;2972;4740	1230;2972;4740	8;19;30	121;95;95	sub-017_ses-103_task-s8;sub-017_ses-202_task-s8;sub-017_ses-303_task-s8	1230	8	121	sub-017	ses-103	task-s8	1;2;3	8;8;8
910	911	910	911	3	3	trialwise	280;1928;3698	280;1928;3698	2;13;24	122;2;4	sub-017_ses-101_task-s2;sub-017_ses-201_task-s2;sub-017_ses-305_task-s2	280	2	122	sub-017	ses-101	task-s2	1;2;3	2;2;2
911	912	911	912	3	3	trialwise	366;2182;4012	366;2182;4012	3;14;25	49;97;159	sub-017_ses-101_task-s3;sub-017_ses-201_task-s3;sub-017_ses-301_task-s3	366	3	49	sub-017	ses-101	task-s3	1;2;3	3;3;3
912	913	912	913	3	3	trialwise	1236;3014;4745	1236;3014;4745	8;19;30	127;137;100	sub-017_ses-103_task-s8;sub-017_ses-202_task-s8;sub-017_ses-303_task-s8	1236	8	127	sub-017	ses-103	task-s8	1;2;3	8;8;8
913	914	913	914	3	3	trialwise	1186;2998;4792	1186;2998;4792	8;19;30	77;121;147	sub-017_ses-103_task-s8;sub-017_ses-202_task-s8;sub-017_ses-303_task-s8	1186	8	77	sub-017	ses-103	task-s8	1;2;3	8;8;8
914	915	914	915	3	3	trialwise	245;2058;3798	245;2058;3798	2;13;24	87;132;104	sub-017_ses-101_task-s2;sub-017_ses-201_task-s2;sub-017_ses-305_task-s2	245	2	87	sub-017	ses-101	task-s2	1;2;3	2;2;2
915	916	915	916	3	3	trialwise	1167;2942;4661	1167;2942;4661	8;19;30	58;65;16	sub-017_ses-103_task-s8;sub-017_ses-202_task-s8;sub-017_ses-303_task-s8	1167	8	58	sub-017	ses-103	task-s8	1;2;3	8;8;8
916	917	916	917	3	3	trialwise	1238;2900;4743	1238;2900;4743	8;19;30	129;23;98	sub-017_ses-103_task-s8;sub-017_ses-202_task-s8;sub-017_ses-303_task-s8	1238	8	129	sub-017	ses-103	task-s8	1;2;3	8;8;8
917	918	917	918	3	3	trialwise	534;2280;4122	534;2280;4122	4;15;26	58;36;110	sub-017_ses-102_task-s4;sub-017_ses-203_task-s4;sub-017_ses-302_task-s4	534	4	58	sub-017	ses-102	task-s4	1;2;3	4;4;4
918	919	918	919	3	3	trialwise	604;2319;4125	604;2319;4125	4;15;26	128;75;113	sub-017_ses-102_task-s4;sub-017_ses-203_task-s4;sub-017_ses-302_task-s4	604	4	128	sub-017	ses-102	task-s4	1;2;3	4;4;4
919	920	919	920	3	3	trialwise	37;1878;3573	37;1878;3573	1;12;23	38;111;38	sub-017_ses-104_task-s1;sub-017_ses-201_task-s1;sub-017_ses-302_task-s1	37	1	38	sub-017	ses-104	task-s1	1;2;3	1;1;1
920	921	920	921	3	3	trialwise	1119;2897;4679	1119;2897;4679	8;19;30	10;20;34	sub-017_ses-103_task-s8;sub-017_ses-202_task-s8;sub-017_ses-303_task-s8	1119	8	10	sub-017	ses-103	task-s8	1;2;3	8;8;8
921	922	921	922	3	3	trialwise	877;2686;4355	877;2686;4355	6;17;28	84;125;26	sub-017_ses-103_task-s6;sub-017_ses-204_task-s6;sub-017_ses-302_task-s6	877	6	84	sub-017	ses-103	task-s6	1;2;3	6;6;6
922	923	922	923	3	3	trialwise	1249;2952;4657	1249;2952;4657	8;19;30	140;75;12	sub-017_ses-103_task-s8;sub-017_ses-202_task-s8;sub-017_ses-303_task-s8	1249	8	140	sub-017	ses-103	task-s8	1;2;3	8;8;8
923	924	923	924	3	3	trialwise	453;2141;3971	453;2141;3971	3;14;25	136;56;118	sub-017_ses-101_task-s3;sub-017_ses-201_task-s3;sub-017_ses-301_task-s3	453	3	136	sub-017	ses-101	task-s3	1;2;3	3;3;3
924	925	924	925	3	3	trialwise	141;1824;3677	141;1824;3677	1;12;23	142;57;142	sub-017_ses-104_task-s1;sub-017_ses-201_task-s1;sub-017_ses-302_task-s1	141	1	142	sub-017	ses-104	task-s1	1;2;3	1;1;1
925	926	925	926	3	3	trialwise	365;2197;3872	365;2197;3872	3;14;25	48;112;19	sub-017_ses-101_task-s3;sub-017_ses-201_task-s3;sub-017_ses-301_task-s3	365	3	48	sub-017	ses-101	task-s3	1;2;3	3;3;3
926	927	926	927	3	3	trialwise	951;2627;4351	951;2627;4351	6;17;28	158;66;22	sub-017_ses-103_task-s6;sub-017_ses-204_task-s6;sub-017_ses-302_task-s6	951	6	158	sub-017	ses-103	task-s6	1;2;3	6;6;6
927	928	927	928	3	3	trialwise	372;2218;3995	372;2218;3995	3;14;25	55;133;142	sub-017_ses-101_task-s3;sub-017_ses-201_task-s3;sub-017_ses-301_task-s3	372	3	55	sub-017	ses-101	task-s3	1;2;3	3;3;3
928	929	928	929	3	3	trialwise	576;2370;4093	576;2370;4093	4;15;26	100;126;81	sub-017_ses-102_task-s4;sub-017_ses-203_task-s4;sub-017_ses-302_task-s4	576	4	100	sub-017	ses-102	task-s4	1;2;3	4;4;4
929	930	929	930	3	3	trialwise	202;2016;3779	202;2016;3779	2;13;24	44;90;85	sub-017_ses-101_task-s2;sub-017_ses-201_task-s2;sub-017_ses-305_task-s2	202	2	44	sub-017	ses-101	task-s2	1;2;3	2;2;2
930	931	930	931	3	3	trialwise	804;2641;4453	804;2641;4453	6;17;28	11;80;124	sub-017_ses-103_task-s6;sub-017_ses-204_task-s6;sub-017_ses-302_task-s6	804	6	11	sub-017	ses-103	task-s6	1;2;3	6;6;6
931	932	931	932	3	3	trialwise	671;2546;4176	671;2546;4176	5;16;27	36;143;5	sub-017_ses-102_task-s5;sub-017_ses-202_task-s5;sub-017_ses-302_task-s5	671	5	36	sub-017	ses-102	task-s5	1;2;3	5;5;5
932	933	932	933	3	3	trialwise	775;2444;4252	775;2444;4252	5;16;27	140;41;81	sub-017_ses-102_task-s5;sub-017_ses-202_task-s5;sub-017_ses-302_task-s5	775	5	140	sub-017	ses-102	task-s5	1;2;3	5;5;5
933	934	933	934	3	3	trialwise	492;2277;4108	492;2277;4108	4;15;26	16;33;96	sub-017_ses-102_task-s4;sub-017_ses-203_task-s4;sub-017_ses-302_task-s4	492	4	16	sub-017	ses-102	task-s4	1;2;3	4;4;4
934	935	934	935	3	3	trialwise	294;1942;3707	294;1942;3707	2;13;24	136;16;13	sub-017_ses-101_task-s2;sub-017_ses-201_task-s2;sub-017_ses-305_task-s2	294	2	136	sub-017	ses-101	task-s2	1;2;3	2;2;2
935	936	935	936	3	3	trialwise	242;1970;3770	242;1970;3770	2;13;24	84;44;76	sub-017_ses-101_task-s2;sub-017_ses-201_task-s2;sub-017_ses-305_task-s2	242	2	84	sub-017	ses-101	task-s2	1;2;3	2;2;2
936	937	936	937	3	3	trialwise	184;2073;3699	184;2073;3699	2;13;24	26;147;5	sub-017_ses-101_task-s2;sub-017_ses-201_task-s2;sub-017_ses-305_task-s2	184	2	26	sub-017	ses-101	task-s2	1;2;3	2;2;2
937	938	937	938	3	3	trialwise	1011;2729;4551	1011;2729;4551	7;18;29	60;10;64	sub-017_ses-103_task-s7;sub-017_ses-202_task-s7;sub-017_ses-303_task-s7	1011	7	60	sub-017	ses-103	task-s7	1;2;3	7;7;7
938	939	938	939	3	3	trialwise	1055;2746;4533	1055;2746;4533	7;18;29	104;27;46	sub-017_ses-103_task-s7;sub-017_ses-202_task-s7;sub-017_ses-303_task-s7	1055	7	104	sub-017	ses-103	task-s7	1;2;3	7;7;7
939	940	939	940	3	3	trialwise	497;2333;4052	497;2333;4052	4;15;26	21;89;40	sub-017_ses-102_task-s4;sub-017_ses-203_task-s4;sub-017_ses-302_task-s4	497	4	21	sub-017	ses-102	task-s4	1;2;3	4;4;4
940	941	940	941	3	3	trialwise	301;2039;3794	301;2039;3794	2;13;24	143;113;100	sub-017_ses-101_task-s2;sub-017_ses-201_task-s2;sub-017_ses-305_task-s2	301	2	143	sub-017	ses-101	task-s2	1;2;3	2;2;2
941	942	941	942	3	3	trialwise	508;2362;4142	508;2362;4142	4;15;26	32;118;130	sub-017_ses-102_task-s4;sub-017_ses-203_task-s4;sub-017_ses-302_task-s4	508	4	32	sub-017	ses-102	task-s4	1;2;3	4;4;4
942	943	942	943	3	3	trialwise	1204;2986;4685	1204;2986;4685	8;19;30	95;109;40	sub-017_ses-103_task-s8;sub-017_ses-202_task-s8;sub-017_ses-303_task-s8	1204	8	95	sub-017	ses-103	task-s8	1;2;3	8;8;8
943	944	943	944	3	3	trialwise	640;2553;4222	640;2553;4222	5;16;27	5;150;51	sub-017_ses-102_task-s5;sub-017_ses-202_task-s5;sub-017_ses-302_task-s5	640	5	5	sub-017	ses-102	task-s5	1;2;3	5;5;5
944	945	944	945	3	3	trialwise	614;2391;4016	614;2391;4016	4;15;26	138;147;4	sub-017_ses-102_task-s4;sub-017_ses-203_task-s4;sub-017_ses-302_task-s4	614	4	138	sub-017	ses-102	task-s4	1;2;3	4;4;4
945	946	945	946	3	3	trialwise	863;2595;4376	863;2595;4376	6;17;28	70;34;47	sub-017_ses-103_task-s6;sub-017_ses-204_task-s6;sub-017_ses-302_task-s6	863	6	70	sub-017	ses-103	task-s6	1;2;3	6;6;6
946	947	946	947	3	3	trialwise	196;2010;3731	196;2010;3731	2;13;24	38;84;37	sub-017_ses-101_task-s2;sub-017_ses-201_task-s2;sub-017_ses-305_task-s2	196	2	38	sub-017	ses-101	task-s2	1;2;3	2;2;2
947	948	947	948	3	3	trialwise	1012;2734;4610	1012;2734;4610	7;18;29	61;15;123	sub-017_ses-103_task-s7;sub-017_ses-202_task-s7;sub-017_ses-303_task-s7	1012	7	61	sub-017	ses-103	task-s7	1;2;3	7;7;7
948	949	948	949	3	3	trialwise	592;2259;4033	592;2259;4033	4;15;26	116;15;21	sub-017_ses-102_task-s4;sub-017_ses-203_task-s4;sub-017_ses-302_task-s4	592	4	116	sub-017	ses-102	task-s4	1;2;3	4;4;4
949	950	949	950	3	3	trialwise	429;2244;3936	429;2244;3936	3;14;25	112;159;83	sub-017_ses-101_task-s3;sub-017_ses-201_task-s3;sub-017_ses-301_task-s3	429	3	112	sub-017	ses-101	task-s3	1;2;3	3;3;3
950	951	950	951	3	3	trialwise	657;2517;4304	657;2517;4304	5;16;27	22;114;133	sub-017_ses-102_task-s5;sub-017_ses-202_task-s5;sub-017_ses-302_task-s5	657	5	22	sub-017	ses-102	task-s5	1;2;3	5;5;5
951	952	951	952	3	3	trialwise	571;2331;4153	571;2331;4153	4;15;26	95;87;141	sub-017_ses-102_task-s4;sub-017_ses-203_task-s4;sub-017_ses-302_task-s4	571	4	95	sub-017	ses-102	task-s4	1;2;3	4;4;4
952	953	952	953	3	3	trialwise	780;2508;4190	780;2508;4190	5;16;27	145;105;19	sub-017_ses-102_task-s5;sub-017_ses-202_task-s5;sub-017_ses-302_task-s5	780	5	145	sub-017	ses-102	task-s5	1;2;3	5;5;5
953	954	953	954	3	3	trialwise	290;1947;3765	290;1947;3765	2;13;24	132;21;71	sub-017_ses-101_task-s2;sub-017_ses-201_task-s2;sub-017_ses-305_task-s2	290	2	132	sub-017	ses-101	task-s2	1;2;3	2;2;2
954	955	954	955	3	3	trialwise	1196;3007;4656	1196;3007;4656	8;19;30	87;130;11	sub-017_ses-103_task-s8;sub-017_ses-202_task-s8;sub-017_ses-303_task-s8	1196	8	87	sub-017	ses-103	task-s8	1;2;3	8;8;8
955	956	955	956	3	3	trialwise	1242;2979;4753	1242;2979;4753	8;19;30	133;102;108	sub-017_ses-103_task-s8;sub-017_ses-202_task-s8;sub-017_ses-303_task-s8	1242	8	133	sub-017	ses-103	task-s8	1;2;3	8;8;8
956	957	956	957	3	3	trialwise	646;2438;4201	646;2438;4201	5;16;27	11;35;30	sub-017_ses-102_task-s5;sub-017_ses-202_task-s5;sub-017_ses-302_task-s5	646	5	11	sub-017	ses-102	task-s5	1;2;3	5;5;5
957	958	957	958	3	3	trialwise	26;1827;3562	26;1827;3562	1;12;23	27;60;27	sub-017_ses-104_task-s1;sub-017_ses-201_task-s1;sub-017_ses-302_task-s1	26	1	27	sub-017	ses-104	task-s1	1;2;3	1;1;1
958	959	958	959	3	3	trialwise	228;2020;3703	228;2020;3703	2;13;24	70;94;9	sub-017_ses-101_task-s2;sub-017_ses-201_task-s2;sub-017_ses-305_task-s2	228	2	70	sub-017	ses-101	task-s2	1;2;3	2;2;2
959	960	959	960	3	3	trialwise	1247;2887;4789	1247;2887;4789	8;19;30	138;10;144	sub-017_ses-103_task-s8;sub-017_ses-202_task-s8;sub-017_ses-303_task-s8	1247	8	138	sub-017	ses-103	task-s8	1;2;3	8;8;8
960	961	960	961	3	3	trialwise	482;2392;4166	482;2392;4166	4;15;26	6;148;154	sub-017_ses-102_task-s4;sub-017_ses-203_task-s4;sub-017_ses-302_task-s4	482	4	6	sub-017	ses-102	task-s4	1;2;3	4;4;4
961	962	961	962	3	3	trialwise	260;2001;3748	260;2001;3748	2;13;24	102;75;54	sub-017_ses-101_task-s2;sub-017_ses-201_task-s2;sub-017_ses-305_task-s2	260	2	102	sub-017	ses-101	task-s2	1;2;3	2;2;2
962	963	962	963	3	3	trialwise	658;2500;4267	658;2500;4267	5;16;27	23;97;96	sub-017_ses-102_task-s5;sub-017_ses-202_task-s5;sub-017_ses-302_task-s5	658	5	23	sub-017	ses-102	task-s5	1;2;3	5;5;5
963	964	963	964	3	3	trialwise	809;2698;4444	809;2698;4444	6;17;28	16;137;115	sub-017_ses-103_task-s6;sub-017_ses-204_task-s6;sub-017_ses-302_task-s6	809	6	16	sub-017	ses-103	task-s6	1;2;3	6;6;6
964	965	964	965	3	3	trialwise	319;2107;3854	319;2107;3854	3;14;25	2;22;1	sub-017_ses-101_task-s3;sub-017_ses-201_task-s3;sub-017_ses-301_task-s3	319	3	2	sub-017	ses-101	task-s3	1;2;3	3;3;3
965	966	965	966	3	3	trialwise	224;1951;3825	224;1951;3825	2;13;24	66;25;131	sub-017_ses-101_task-s2;sub-017_ses-201_task-s2;sub-017_ses-305_task-s2	224	2	66	sub-017	ses-101	task-s2	1;2;3	2;2;2
966	967	966	967	3	3	trialwise	781;2514;4281	781;2514;4281	5;16;27	146;111;110	sub-017_ses-102_task-s5;sub-017_ses-202_task-s5;sub-017_ses-302_task-s5	781	5	146	sub-017	ses-102	task-s5	1;2;3	5;5;5
967	968	967	968	3	3	trialwise	558;2402;4151	558;2402;4151	4;15;26	82;158;139	sub-017_ses-102_task-s4;sub-017_ses-203_task-s4;sub-017_ses-302_task-s4	558	4	82	sub-017	ses-102	task-s4	1;2;3	4;4;4
968	969	968	969	3	3	trialwise	522;2350;4148	522;2350;4148	4;15;26	46;106;136	sub-017_ses-102_task-s4;sub-017_ses-203_task-s4;sub-017_ses-302_task-s4	522	4	46	sub-017	ses-102	task-s4	1;2;3	4;4;4
969	970	969	970	3	3	trialwise	991;2724;4555	991;2724;4555	7;18;29	40;5;68	sub-017_ses-103_task-s7;sub-017_ses-202_task-s7;sub-017_ses-303_task-s7	991	7	40	sub-017	ses-103	task-s7	1;2;3	7;7;7
970	971	970	971	3	3	trialwise	550;2299;4109	550;2299;4109	4;15;26	74;55;97	sub-017_ses-102_task-s4;sub-017_ses-203_task-s4;sub-017_ses-302_task-s4	550	4	74	sub-017	ses-102	task-s4	1;2;3	4;4;4
971	972	971	972	3	3	trialwise	948;2689;4346	948;2689;4346	6;17;28	155;128;17	sub-017_ses-103_task-s6;sub-017_ses-204_task-s6;sub-017_ses-302_task-s6	948	6	155	sub-017	ses-103	task-s6	1;2;3	6;6;6
972	973	972	973	3	3	trialwise	768;2515;4262	768;2515;4262	5;16;27	133;112;91	sub-017_ses-102_task-s5;sub-017_ses-202_task-s5;sub-017_ses-302_task-s5	768	5	133	sub-017	ses-102	task-s5	1;2;3	5;5;5
973	974	973	974	3	3	trialwise	325;2220;4005	325;2220;4005	3;14;25	8;135;152	sub-017_ses-101_task-s3;sub-017_ses-201_task-s3;sub-017_ses-301_task-s3	325	3	8	sub-017	ses-101	task-s3	1;2;3	3;3;3
974	975	974	975	3	3	trialwise	129;1892;3665	129;1892;3665	1;12;23	130;125;130	sub-017_ses-104_task-s1;sub-017_ses-201_task-s1;sub-017_ses-302_task-s1	129	1	130	sub-017	ses-104	task-s1	1;2;3	1;1;1
975	976	975	976	3	3	trialwise	618;2387;4120	618;2387;4120	4;15;26	142;143;108	sub-017_ses-102_task-s4;sub-017_ses-203_task-s4;sub-017_ses-302_task-s4	618	4	142	sub-017	ses-102	task-s4	1;2;3	4;4;4
976	977	976	977	3	3	trialwise	590;2377;4059	590;2377;4059	4;15;26	114;133;47	sub-017_ses-102_task-s4;sub-017_ses-203_task-s4;sub-017_ses-302_task-s4	590	4	114	sub-017	ses-102	task-s4	1;2;3	4;4;4
977	978	977	978	3	3	trialwise	84;1894;3620	84;1894;3620	1;12;23	85;127;85	sub-017_ses-104_task-s1;sub-017_ses-201_task-s1;sub-017_ses-302_task-s1	84	1	85	sub-017	ses-104	task-s1	1;2;3	1;1;1
978	979	978	979	3	3	trialwise	1241;2892;4783	1241;2892;4783	8;19;30	132;15;138	sub-017_ses-103_task-s8;sub-017_ses-202_task-s8;sub-017_ses-303_task-s8	1241	8	132	sub-017	ses-103	task-s8	1;2;3	8;8;8
979	980	979	980	3	3	trialwise	158;1920;3694	158;1920;3694	1;12;23	159;153;159	sub-017_ses-104_task-s1;sub-017_ses-201_task-s1;sub-017_ses-302_task-s1	158	1	159	sub-017	ses-104	task-s1	1;2;3	1;1;1
980	981	980	981	3	3	trialwise	10;1885;3546	10;1885;3546	1;12;23	11;118;11	sub-017_ses-104_task-s1;sub-017_ses-201_task-s1;sub-017_ses-302_task-s1	10	1	11	sub-017	ses-104	task-s1	1;2;3	1;1;1
981	982	981	982	3	3	trialwise	70;1873;3606	70;1873;3606	1;12;23	71;106;71	sub-017_ses-104_task-s1;sub-017_ses-201_task-s1;sub-017_ses-302_task-s1	70	1	71	sub-017	ses-104	task-s1	1;2;3	1;1;1
982	983	982	983	3	3	trialwise	681;2430;4187	681;2430;4187	5;16;27	46;27;16	sub-017_ses-102_task-s5;sub-017_ses-202_task-s5;sub-017_ses-302_task-s5	681	5	46	sub-017	ses-102	task-s5	1;2;3	5;5;5
983	984	983	984	3	3	trialwise	794;2593;4374	794;2593;4374	6;17;28	1;32;45	sub-017_ses-103_task-s6;sub-017_ses-204_task-s6;sub-017_ses-302_task-s6	794	6	1	sub-017	ses-103	task-s6	1;2;3	6;6;6
984	985	984	985	3	3	trialwise	338;2189;3950	338;2189;3950	3;14;25	21;104;97	sub-017_ses-101_task-s3;sub-017_ses-201_task-s3;sub-017_ses-301_task-s3	338	3	21	sub-017	ses-101	task-s3	1;2;3	3;3;3
985	986	985	986	3	3	trialwise	777;2494;4268	777;2494;4268	5;16;27	142;91;97	sub-017_ses-102_task-s5;sub-017_ses-202_task-s5;sub-017_ses-302_task-s5	777	5	142	sub-017	ses-102	task-s5	1;2;3	5;5;5
986	987	986	987	3	3	trialwise	600;2301;4017	600;2301;4017	4;15;26	124;57;5	sub-017_ses-102_task-s4;sub-017_ses-203_task-s4;sub-017_ses-302_task-s4	600	4	124	sub-017	ses-102	task-s4	1;2;3	4;4;4
987	988	987	988	3	3	trialwise	460;2235;3901	460;2235;3901	3;14;25	143;150;48	sub-017_ses-101_task-s3;sub-017_ses-201_task-s3;sub-017_ses-301_task-s3	460	3	143	sub-017	ses-101	task-s3	1;2;3	3;3;3
988	989	988	989	3	3	trialwise	911;2695;4408	911;2695;4408	6;17;28	118;134;79	sub-017_ses-103_task-s6;sub-017_ses-204_task-s6;sub-017_ses-302_task-s6	911	6	118	sub-017	ses-103	task-s6	1;2;3	6;6;6
989	990	989	990	3	3	trialwise	1062;2732;4627	1062;2732;4627	7;18;29	111;13;140	sub-017_ses-103_task-s7;sub-017_ses-202_task-s7;sub-017_ses-303_task-s7	1062	7	111	sub-017	ses-103	task-s7	1;2;3	7;7;7
990	991	990	991	3	3	trialwise	1137;3017;4695	1137;3017;4695	8;19;30	28;140;50	sub-017_ses-103_task-s8;sub-017_ses-202_task-s8;sub-017_ses-303_task-s8	1137	8	28	sub-017	ses-103	task-s8	1;2;3	8;8;8
991	992	991	992	3	3	trialwise	1174;2929;4790	1174;2929;4790	8;19;30	65;52;145	sub-017_ses-103_task-s8;sub-017_ses-202_task-s8;sub-017_ses-303_task-s8	1174	8	65	sub-017	ses-103	task-s8	1;2;3	8;8;8
992	993	992	993	3	3	trialwise	639;2501;4186	639;2501;4186	5;16;27	4;98;15	sub-017_ses-102_task-s5;sub-017_ses-202_task-s5;sub-017_ses-302_task-s5	639	5	4	sub-017	ses-102	task-s5	1;2;3	5;5;5
993	994	993	994	3	3	trialwise	920;2648;4356	920;2648;4356	6;17;28	127;87;27	sub-017_ses-103_task-s6;sub-017_ses-204_task-s6;sub-017_ses-302_task-s6	920	6	127	sub-017	ses-103	task-s6	1;2;3	6;6;6
994	995	994	995	3	3	trialwise	1099;2842;4520	1099;2842;4520	7;18;29	148;123;33	sub-017_ses-103_task-s7;sub-017_ses-202_task-s7;sub-017_ses-303_task-s7	1099	7	148	sub-017	ses-103	task-s7	1;2;3	7;7;7
995	996	995	996	3	3	trialwise	642;2448;4292	642;2448;4292	5;16;27	7;45;121	sub-017_ses-102_task-s5;sub-017_ses-202_task-s5;sub-017_ses-302_task-s5	642	5	7	sub-017	ses-102	task-s5	1;2;3	5;5;5
996	997	996	997	3	3	trialwise	1147;2888;4691	1147;2888;4691	8;19;30	38;11;46	sub-017_ses-103_task-s8;sub-017_ses-202_task-s8;sub-017_ses-303_task-s8	1147	8	38	sub-017	ses-103	task-s8	1;2;3	8;8;8
997	998	997	998	3	3	trialwise	374;2165;3991	374;2165;3991	3;14;25	57;80;138	sub-017_ses-101_task-s3;sub-017_ses-201_task-s3;sub-017_ses-301_task-s3	374	3	57	sub-017	ses-101	task-s3	1;2;3	3;3;3
998	999	998	999	3	3	trialwise	574;2266;4039	574;2266;4039	4;15;26	98;22;27	sub-017_ses-102_task-s4;sub-017_ses-203_task-s4;sub-017_ses-302_task-s4	574	4	98	sub-017	ses-102	task-s4	1;2;3	4;4;4
999	1000	999	1000	3	3	trialwise	997;2869;4535	997;2869;4535	7;18;29	46;150;48	sub-017_ses-103_task-s7;sub-017_ses-202_task-s7;sub-017_ses-303_task-s7	997	7	46	sub-017	ses-103	task-s7	1;2;3	7;7;7
1000	1001	1000	1001	3	3	trialwise	575;2349;4164	575;2349;4164	4;15;26	99;105;152	sub-017_ses-102_task-s4;sub-017_ses-203_task-s4;sub-017_ses-302_task-s4	575	4	99	sub-017	ses-102	task-s4	1;2;3	4;4;4
1001	1002	1001	1002	3	3	trialwise	1065;2857;4512	1065;2857;4512	7;18;29	114;138;25	sub-017_ses-103_task-s7;sub-017_ses-202_task-s7;sub-017_ses-303_task-s7	1065	7	114	sub-017	ses-103	task-s7	1;2;3	7;7;7
1002	1003	1002	1003	3	3	trialwise	383;2174;3956	383;2174;3956	3;14;25	66;89;103	sub-017_ses-101_task-s3;sub-017_ses-201_task-s3;sub-017_ses-301_task-s3	383	3	66	sub-017	ses-101	task-s3	1;2;3	3;3;3
1003	1004	1003	1004	3	3	trialwise	603;2296;4140	603;2296;4140	4;15;26	127;52;128	sub-017_ses-102_task-s4;sub-017_ses-203_task-s4;sub-017_ses-302_task-s4	603	4	127	sub-017	ses-102	task-s4	1;2;3	4;4;4
1004	1005	1004	1005	3	3	trialwise	927;2640;4472	927;2640;4472	6;17;28	134;79;143	sub-017_ses-103_task-s6;sub-017_ses-204_task-s6;sub-017_ses-302_task-s6	927	6	134	sub-017	ses-103	task-s6	1;2;3	6;6;6
1005	1006	1005	1006	3	3	trialwise	519;2386;4037	519;2386;4037	4;15;26	43;142;25	sub-017_ses-102_task-s4;sub-017_ses-203_task-s4;sub-017_ses-302_task-s4	519	4	43	sub-017	ses-102	task-s4	1;2;3	4;4;4
1006	1007	1006	1007	3	3	trialwise	656;2432;4307	656;2432;4307	5;16;27	21;29;136	sub-017_ses-102_task-s5;sub-017_ses-202_task-s5;sub-017_ses-302_task-s5	656	5	21	sub-017	ses-102	task-s5	1;2;3	5;5;5
1007	1008	1007	1008	3	3	trialwise	468;2181;3904	468;2181;3904	3;14;25	151;96;51	sub-017_ses-101_task-s3;sub-017_ses-201_task-s3;sub-017_ses-301_task-s3	468	3	151	sub-017	ses-101	task-s3	1;2;3	3;3;3
1008	1009	1008	1009	3	3	trialwise	634;2321;4161	634;2321;4161	4;15;26	158;77;149	sub-017_ses-102_task-s4;sub-017_ses-203_task-s4;sub-017_ses-302_task-s4	634	4	158	sub-017	ses-102	task-s4	1;2;3	4;4;4
1009	1010	1009	1010	3	3	trialwise	15;1923;3551	15;1923;3551	1;12;23	16;156;16	sub-017_ses-104_task-s1;sub-017_ses-201_task-s1;sub-017_ses-302_task-s1	15	1	16	sub-017	ses-104	task-s1	1;2;3	1;1;1
1010	1011	1010	1011	3	3	trialwise	983;2779;4508	983;2779;4508	7;18;29	32;60;21	sub-017_ses-103_task-s7;sub-017_ses-202_task-s7;sub-017_ses-303_task-s7	983	7	32	sub-017	ses-103	task-s7	1;2;3	7;7;7
1011	1012	1011	1012	3	3	trialwise	715;2454;4191	715;2454;4191	5;16;27	80;51;20	sub-017_ses-102_task-s5;sub-017_ses-202_task-s5;sub-017_ses-302_task-s5	715	5	80	sub-017	ses-102	task-s5	1;2;3	5;5;5
1012	1013	1012	1013	3	3	trialwise	1217;2912;4652	1217;2912;4652	8;19;30	108;35;7	sub-017_ses-103_task-s8;sub-017_ses-202_task-s8;sub-017_ses-303_task-s8	1217	8	108	sub-017	ses-103	task-s8	1;2;3	8;8;8
1013	1014	1013	1014	3	3	trialwise	198;1943;3829	198;1943;3829	2;13;24	40;17;135	sub-017_ses-101_task-s2;sub-017_ses-201_task-s2;sub-017_ses-305_task-s2	198	2	40	sub-017	ses-101	task-s2	1;2;3	2;2;2
1014	1015	1014	1015	3	3	trialwise	469;2199;3888	469;2199;3888	3;14;25	152;114;35	sub-017_ses-101_task-s3;sub-017_ses-201_task-s3;sub-017_ses-301_task-s3	469	3	152	sub-017	ses-101	task-s3	1;2;3	3;3;3
1015	1016	1015	1016	3	3	trialwise	766;2458;4286	766;2458;4286	5;16;27	131;55;115	sub-017_ses-102_task-s5;sub-017_ses-202_task-s5;sub-017_ses-302_task-s5	766	5	131	sub-017	ses-102	task-s5	1;2;3	5;5;5
1016	1017	1016	1017	3	3	trialwise	155;1919;3691	155;1919;3691	1;12;23	156;152;156	sub-017_ses-104_task-s1;sub-017_ses-201_task-s1;sub-017_ses-302_task-s1	155	1	156	sub-017	ses-104	task-s1	1;2;3	1;1;1
1017	1018	1017	1018	3	3	trialwise	1042;2862;4622	1042;2862;4622	7;18;29	91;143;135	sub-017_ses-103_task-s7;sub-017_ses-202_task-s7;sub-017_ses-303_task-s7	1042	7	91	sub-017	ses-103	task-s7	1;2;3	7;7;7
1018	1019	1018	1019	3	3	trialwise	623;2368;4082	623;2368;4082	4;15;26	147;124;70	sub-017_ses-102_task-s4;sub-017_ses-203_task-s4;sub-017_ses-302_task-s4	623	4	147	sub-017	ses-102	task-s4	1;2;3	4;4;4
1019	1020	1019	1020	3	3	trialwise	1188;2904;4801	1188;2904;4801	8;19;30	79;27;156	sub-017_ses-103_task-s8;sub-017_ses-202_task-s8;sub-017_ses-303_task-s8	1188	8	79	sub-017	ses-103	task-s8	1;2;3	8;8;8
1020	1021	1020	1021	3	3	trialwise	806;2637;4403	806;2637;4403	6;17;28	13;76;74	sub-017_ses-103_task-s6;sub-017_ses-204_task-s6;sub-017_ses-302_task-s6	806	6	13	sub-017	ses-103	task-s6	1;2;3	6;6;6
1021	1022	1021	1022	3	3	trialwise	857;2672;4416	857;2672;4416	6;17;28	64;111;87	sub-017_ses-103_task-s6;sub-017_ses-204_task-s6;sub-017_ses-302_task-s6	857	6	64	sub-017	ses-103	task-s6	1;2;3	6;6;6
1022	1023	1022	1023	3	3	trialwise	0;1903;3536	0;1903;3536	1;12;23	1;136;1	sub-017_ses-104_task-s1;sub-017_ses-201_task-s1;sub-017_ses-302_task-s1	0	1	1	sub-017	ses-104	task-s1	1;2;3	1;1;1
1023	1024	1023	1024	3	3	trialwise	1113;2901;4774	1113;2901;4774	8;19;30	4;24;129	sub-017_ses-103_task-s8;sub-017_ses-202_task-s8;sub-017_ses-303_task-s8	1113	8	4	sub-017	ses-103	task-s8	1;2;3	8;8;8
1024	1025	1024	1025	3	3	trialwise	160;1955;3717	160;1955;3717	2;13;24	2;29;23	sub-017_ses-101_task-s2;sub-017_ses-201_task-s2;sub-017_ses-305_task-s2	160	2	2	sub-017	ses-101	task-s2	1;2;3	2;2;2
1025	1026	1025	1026	3	3	trialwise	839;2590;4360	839;2590;4360	6;17;28	46;29;31	sub-017_ses-103_task-s6;sub-017_ses-204_task-s6;sub-017_ses-302_task-s6	839	6	46	sub-017	ses-103	task-s6	1;2;3	6;6;6
1026	1027	1026	1027	3	3	trialwise	1034;2749;4578	1034;2749;4578	7;18;29	83;30;91	sub-017_ses-103_task-s7;sub-017_ses-202_task-s7;sub-017_ses-303_task-s7	1034	7	83	sub-017	ses-103	task-s7	1;2;3	7;7;7
1027	1028	1027	1028	3	3	trialwise	609;2278;4066	609;2278;4066	4;15;26	133;34;54	sub-017_ses-102_task-s4;sub-017_ses-203_task-s4;sub-017_ses-302_task-s4	609	4	133	sub-017	ses-102	task-s4	1;2;3	4;4;4
1028	1029	1028	1029	3	3	trialwise	118;1863;3654	118;1863;3654	1;12;23	119;96;119	sub-017_ses-104_task-s1;sub-017_ses-201_task-s1;sub-017_ses-302_task-s1	118	1	119	sub-017	ses-104	task-s1	1;2;3	1;1;1
1029	1030	1029	1030	3	3	trialwise	689;2473;4260	689;2473;4260	5;16;27	54;70;89	sub-017_ses-102_task-s5;sub-017_ses-202_task-s5;sub-017_ses-302_task-s5	689	5	54	sub-017	ses-102	task-s5	1;2;3	5;5;5
1030	1031	1030	1031	3	3	trialwise	405;2201;3960	405;2201;3960	3;14;25	88;116;107	sub-017_ses-101_task-s3;sub-017_ses-201_task-s3;sub-017_ses-301_task-s3	405	3	88	sub-017	ses-101	task-s3	1;2;3	3;3;3
1031	1032	1031	1032	3	3	trialwise	127;1769;3663	127;1769;3663	1;12;23	128;2;128	sub-017_ses-104_task-s1;sub-017_ses-201_task-s1;sub-017_ses-302_task-s1	127	1	128	sub-017	ses-104	task-s1	1;2;3	1;1;1
1032	1033	1032	1033	3	3	trialwise	134;1770;3670	134;1770;3670	1;12;23	135;3;135	sub-017_ses-104_task-s1;sub-017_ses-201_task-s1;sub-017_ses-302_task-s1	134	1	135	sub-017	ses-104	task-s1	1;2;3	1;1;1
1033	1034	1033	1034	3	3	trialwise	736;2406;4322	736;2406;4322	5;16;27	101;3;151	sub-017_ses-102_task-s5;sub-017_ses-202_task-s5;sub-017_ses-302_task-s5	736	5	101	sub-017	ses-102	task-s5	1;2;3	5;5;5
1034	1035	1034	1035	3	3	trialwise	442;2147;3920	442;2147;3920	3;14;25	125;62;67	sub-017_ses-101_task-s3;sub-017_ses-201_task-s3;sub-017_ses-301_task-s3	442	3	125	sub-017	ses-101	task-s3	1;2;3	3;3;3
1035	1036	1035	1036	3	3	trialwise	221;1975;3847	221;1975;3847	2;13;24	63;49;153	sub-017_ses-101_task-s2;sub-017_ses-201_task-s2;sub-017_ses-305_task-s2	221	2	63	sub-017	ses-101	task-s2	1;2;3	2;2;2
1036	1037	1036	1037	3	3	trialwise	1253;2970;4702	1253;2970;4702	8;19;30	144;93;57	sub-017_ses-103_task-s8;sub-017_ses-202_task-s8;sub-017_ses-303_task-s8	1253	8	144	sub-017	ses-103	task-s8	1;2;3	8;8;8
1037	1038	1037	1038	3	3	trialwise	307;2079;3784	307;2079;3784	2;13;24	149;153;90	sub-017_ses-101_task-s2;sub-017_ses-201_task-s2;sub-017_ses-305_task-s2	307	2	149	sub-017	ses-101	task-s2	1;2;3	2;2;2
1038	1039	1038	1039	3	3	trialwise	916;2584;4454	916;2584;4454	6;17;28	123;23;125	sub-017_ses-103_task-s6;sub-017_ses-204_task-s6;sub-017_ses-302_task-s6	916	6	123	sub-017	ses-103	task-s6	1;2;3	6;6;6
1039	1040	1039	1040	3	3	trialwise	861;2682;4461	861;2682;4461	6;17;28	68;121;132	sub-017_ses-103_task-s6;sub-017_ses-204_task-s6;sub-017_ses-302_task-s6	861	6	68	sub-017	ses-103	task-s6	1;2;3	6;6;6
1040	1041	1040	1041	3	3	trialwise	488;2398;4100	488;2398;4100	4;15;26	12;154;88	sub-017_ses-102_task-s4;sub-017_ses-203_task-s4;sub-017_ses-302_task-s4	488	4	12	sub-017	ses-102	task-s4	1;2;3	4;4;4
1041	1042	1041	1042	3	3	trialwise	985;2725;4575	985;2725;4575	7;18;29	34;6;88	sub-017_ses-103_task-s7;sub-017_ses-202_task-s7;sub-017_ses-303_task-s7	985	7	34	sub-017	ses-103	task-s7	1;2;3	7;7;7
1042	1043	1042	1043	3	3	trialwise	1151;3016;4674	1151;3016;4674	8;19;30	42;139;29	sub-017_ses-103_task-s8;sub-017_ses-202_task-s8;sub-017_ses-303_task-s8	1151	8	42	sub-017	ses-103	task-s8	1;2;3	8;8;8
1043	1044	1043	1044	3	3	trialwise	12;1883;3548	12;1883;3548	1;12;23	13;116;13	sub-017_ses-104_task-s1;sub-017_ses-201_task-s1;sub-017_ses-302_task-s1	12	1	13	sub-017	ses-104	task-s1	1;2;3	1;1;1
1044	1045	1044	1045	3	3	trialwise	169;1982;3763	169;1982;3763	2;13;24	11;56;69	sub-017_ses-101_task-s2;sub-017_ses-201_task-s2;sub-017_ses-305_task-s2	169	2	11	sub-017	ses-101	task-s2	1;2;3	2;2;2
1045	1046	1045	1046	3	3	trialwise	495;2267;4143	495;2267;4143	4;15;26	19;23;131	sub-017_ses-102_task-s4;sub-017_ses-203_task-s4;sub-017_ses-302_task-s4	495	4	19	sub-017	ses-102	task-s4	1;2;3	4;4;4
1046	1047	1046	1047	3	3	trialwise	438;2140;3959	438;2140;3959	3;14;25	121;55;106	sub-017_ses-101_task-s3;sub-017_ses-201_task-s3;sub-017_ses-301_task-s3	438	3	121	sub-017	ses-101	task-s3	1;2;3	3;3;3
1047	1048	1047	1048	3	3	trialwise	537;2304;4076	537;2304;4076	4;15;26	61;60;64	sub-017_ses-102_task-s4;sub-017_ses-203_task-s4;sub-017_ses-302_task-s4	537	4	61	sub-017	ses-102	task-s4	1;2;3	4;4;4
1048	1049	1048	1049	3	3	trialwise	402;2087;3983	402;2087;3983	3;14;25	85;2;130	sub-017_ses-101_task-s3;sub-017_ses-201_task-s3;sub-017_ses-301_task-s3	402	3	85	sub-017	ses-101	task-s3	1;2;3	3;3;3
1049	1050	1049	1050	3	3	trialwise	651;2520;4189	651;2520;4189	5;16;27	16;117;18	sub-017_ses-102_task-s5;sub-017_ses-202_task-s5;sub-017_ses-302_task-s5	651	5	16	sub-017	ses-102	task-s5	1;2;3	5;5;5
1050	1051	1050	1051	3	3	trialwise	64;1805;3600	64;1805;3600	1;12;23	65;38;65	sub-017_ses-104_task-s1;sub-017_ses-201_task-s1;sub-017_ses-302_task-s1	64	1	65	sub-017	ses-104	task-s1	1;2;3	1;1;1
1051	1052	1051	1052	3	3	trialwise	933;2563;4369	933;2563;4369	6;17;28	140;2;40	sub-017_ses-103_task-s6;sub-017_ses-204_task-s6;sub-017_ses-302_task-s6	933	6	140	sub-017	ses-103	task-s6	1;2;3	6;6;6
1052	1053	1052	1053	3	3	trialwise	268;1971;3696	268;1971;3696	2;13;24	110;45;2	sub-017_ses-101_task-s2;sub-017_ses-201_task-s2;sub-017_ses-305_task-s2	268	2	110	sub-017	ses-101	task-s2	1;2;3	2;2;2
1053	1054	1053	1054	3	3	trialwise	310;1946;3727	310;1946;3727	2;13;24	152;20;33	sub-017_ses-101_task-s2;sub-017_ses-201_task-s2;sub-017_ses-305_task-s2	310	2	152	sub-017	ses-101	task-s2	1;2;3	2;2;2
1054	1055	1054	1055	3	3	trialwise	826;2679;4394	826;2679;4394	6;17;28	33;118;65	sub-017_ses-103_task-s6;sub-017_ses-204_task-s6;sub-017_ses-302_task-s6	826	6	33	sub-017	ses-103	task-s6	1;2;3	6;6;6
1055	1056	1055	1056	3	3	trialwise	841;2651;4477	841;2651;4477	6;17;28	48;90;148	sub-017_ses-103_task-s6;sub-017_ses-204_task-s6;sub-017_ses-302_task-s6	841	6	48	sub-017	ses-103	task-s6	1;2;3	6;6;6
1056	1057	1056	1057	3	3	trialwise	226;2024;3849	226;2024;3849	2;13;24	68;98;155	sub-017_ses-101_task-s2;sub-017_ses-201_task-s2;sub-017_ses-305_task-s2	226	2	68	sub-017	ses-101	task-s2	1;2;3	2;2;2
1057	1058	1057	1058	3	3	trialwise	1191;2953;4666	1191;2953;4666	8;19;30	82;76;21	sub-017_ses-103_task-s8;sub-017_ses-202_task-s8;sub-017_ses-303_task-s8	1191	8	82	sub-017	ses-103	task-s8	1;2;3	8;8;8
1058	1059	1058	1059	3	3	trialwise	431;2117;3992	431;2117;3992	3;14;25	114;32;139	sub-017_ses-101_task-s3;sub-017_ses-201_task-s3;sub-017_ses-301_task-s3	431	3	114	sub-017	ses-101	task-s3	1;2;3	3;3;3
1059	1060	1059	1060	3	3	trialwise	1048;2739;4511	1048;2739;4511	7;18;29	97;20;24	sub-017_ses-103_task-s7;sub-017_ses-202_task-s7;sub-017_ses-303_task-s7	1048	7	97	sub-017	ses-103	task-s7	1;2;3	7;7;7
1060	1061	1060	1061	3	3	trialwise	278;2028;3723	278;2028;3723	2;13;24	120;102;29	sub-017_ses-101_task-s2;sub-017_ses-201_task-s2;sub-017_ses-305_task-s2	278	2	120	sub-017	ses-101	task-s2	1;2;3	2;2;2
1061	1062	1061	1062	3	3	trialwise	753;2532;4192	753;2532;4192	5;16;27	118;129;21	sub-017_ses-102_task-s5;sub-017_ses-202_task-s5;sub-017_ses-302_task-s5	753	5	118	sub-017	ses-102	task-s5	1;2;3	5;5;5
1062	1063	1062	1063	3	3	trialwise	45;1774;3581	45;1774;3581	1;12;23	46;7;46	sub-017_ses-104_task-s1;sub-017_ses-201_task-s1;sub-017_ses-302_task-s1	45	1	46	sub-017	ses-104	task-s1	1;2;3	1;1;1
1063	1064	1063	1064	3	3	trialwise	1161;2934;4678	1161;2934;4678	8;19;30	52;57;33	sub-017_ses-103_task-s8;sub-017_ses-202_task-s8;sub-017_ses-303_task-s8	1161	8	52	sub-017	ses-103	task-s8	1;2;3	8;8;8
1064	1065	1064	1065	3	3	trialwise	167;2034;3789	167;2034;3789	2;13;24	9;108;95	sub-017_ses-101_task-s2;sub-017_ses-201_task-s2;sub-017_ses-305_task-s2	167	2	9	sub-017	ses-101	task-s2	1;2;3	2;2;2
1065	1066	1065	1066	3	3	trialwise	1163;2963;4746	1163;2963;4746	8;19;30	54;86;101	sub-017_ses-103_task-s8;sub-017_ses-202_task-s8;sub-017_ses-303_task-s8	1163	8	54	sub-017	ses-103	task-s8	1;2;3	8;8;8
1066	1067	1066	1067	3	3	trialwise	818;2615;4456	818;2615;4456	6;17;28	25;54;127	sub-017_ses-103_task-s6;sub-017_ses-204_task-s6;sub-017_ses-302_task-s6	818	6	25	sub-017	ses-103	task-s6	1;2;3	6;6;6
1067	1068	1067	1068	3	3	trialwise	549;2336;4040	549;2336;4040	4;15;26	73;92;28	sub-017_ses-102_task-s4;sub-017_ses-203_task-s4;sub-017_ses-302_task-s4	549	4	73	sub-017	ses-102	task-s4	1;2;3	4;4;4
1068	1069	1068	1069	3	3	trialwise	123;1908;3659	123;1908;3659	1;12;23	124;141;124	sub-017_ses-104_task-s1;sub-017_ses-201_task-s1;sub-017_ses-302_task-s1	123	1	124	sub-017	ses-104	task-s1	1;2;3	1;1;1
1069	1070	1069	1070	3	3	trialwise	331;2243;4008	331;2243;4008	3;14;25	14;158;155	sub-017_ses-101_task-s3;sub-017_ses-201_task-s3;sub-017_ses-301_task-s3	331	3	14	sub-017	ses-101	task-s3	1;2;3	3;3;3
1070	1071	1070	1071	3	3	trialwise	814;2621;4339	814;2621;4339	6;17;28	21;60;10	sub-017_ses-103_task-s6;sub-017_ses-204_task-s6;sub-017_ses-302_task-s6	814	6	21	sub-017	ses-103	task-s6	1;2;3	6;6;6
1071	1072	1071	1072	3	3	trialwise	176;1986;3745	176;1986;3745	2;13;24	18;60;51	sub-017_ses-101_task-s2;sub-017_ses-201_task-s2;sub-017_ses-305_task-s2	176	2	18	sub-017	ses-101	task-s2	1;2;3	2;2;2
1072	1073	1072	1073	3	3	trialwise	928;2687;4428	928;2687;4428	6;17;28	135;126;99	sub-017_ses-103_task-s6;sub-017_ses-204_task-s6;sub-017_ses-302_task-s6	928	6	135	sub-017	ses-103	task-s6	1;2;3	6;6;6
1073	1074	1073	1074	3	3	trialwise	884;2618;4450	884;2618;4450	6;17;28	91;57;121	sub-017_ses-103_task-s6;sub-017_ses-204_task-s6;sub-017_ses-302_task-s6	884	6	91	sub-017	ses-103	task-s6	1;2;3	6;6;6
1074	1075	1074	1075	3	3	trialwise	680;2413;4208	680;2413;4208	5;16;27	45;10;37	sub-017_ses-102_task-s5;sub-017_ses-202_task-s5;sub-017_ses-302_task-s5	680	5	45	sub-017	ses-102	task-s5	1;2;3	5;5;5
1075	1076	1075	1076	3	3	trialwise	1216;2931;4688	1216;2931;4688	8;19;30	107;54;43	sub-017_ses-103_task-s8;sub-017_ses-202_task-s8;sub-017_ses-303_task-s8	1216	8	107	sub-017	ses-103	task-s8	1;2;3	8;8;8
1076	1077	1076	1077	3	3	trialwise	1207;2982;4802	1207;2982;4802	8;19;30	98;105;157	sub-017_ses-103_task-s8;sub-017_ses-202_task-s8;sub-017_ses-303_task-s8	1207	8	98	sub-017	ses-103	task-s8	1;2;3	8;8;8
1077	1078	1077	1078	3	3	trialwise	881;2604;4421	881;2604;4421	6;17;28	88;43;92	sub-017_ses-103_task-s6;sub-017_ses-204_task-s6;sub-017_ses-302_task-s6	881	6	88	sub-017	ses-103	task-s6	1;2;3	6;6;6
1078	1079	1078	1079	3	3	trialwise	546;2340;4015	546;2340;4015	4;15;26	70;96;3	sub-017_ses-102_task-s4;sub-017_ses-203_task-s4;sub-017_ses-302_task-s4	546	4	70	sub-017	ses-102	task-s4	1;2;3	4;4;4
1079	1080	1079	1080	3	3	trialwise	986;2817;4620	986;2817;4620	7;18;29	35;98;133	sub-017_ses-103_task-s7;sub-017_ses-202_task-s7;sub-017_ses-303_task-s7	986	7	35	sub-017	ses-103	task-s7	1;2;3	7;7;7
1080	1081	1080	1081	3	3	trialwise	1144;2919;4658	1144;2919;4658	8;19;30	35;42;13	sub-017_ses-103_task-s8;sub-017_ses-202_task-s8;sub-017_ses-303_task-s8	1144	8	35	sub-017	ses-103	task-s8	1;2;3	8;8;8
1081	1082	1081	1082	3	3	trialwise	749;2405;4172	749;2405;4172	5;16;27	114;2;1	sub-017_ses-102_task-s5;sub-017_ses-202_task-s5;sub-017_ses-302_task-s5	749	5	114	sub-017	ses-102	task-s5	1;2;3	5;5;5
1082	1083	1082	1083	3	3	trialwise	817;2684;4460	817;2684;4460	6;17;28	24;123;131	sub-017_ses-103_task-s6;sub-017_ses-204_task-s6;sub-017_ses-302_task-s6	817	6	24	sub-017	ses-103	task-s6	1;2;3	6;6;6
1083	1084	1083	1084	3	3	trialwise	253;2071;3850	253;2071;3850	2;13;24	95;145;156	sub-017_ses-101_task-s2;sub-017_ses-201_task-s2;sub-017_ses-305_task-s2	253	2	95	sub-017	ses-101	task-s2	1;2;3	2;2;2
1084	1085	1084	1085	3	3	trialwise	1090;2819;4583	1090;2819;4583	7;18;29	139;100;96	sub-017_ses-103_task-s7;sub-017_ses-202_task-s7;sub-017_ses-303_task-s7	1090	7	139	sub-017	ses-103	task-s7	1;2;3	7;7;7
1085	1086	1085	1086	3	3	trialwise	672;2555;4236	672;2555;4236	5;16;27	37;152;65	sub-017_ses-102_task-s5;sub-017_ses-202_task-s5;sub-017_ses-302_task-s5	672	5	37	sub-017	ses-102	task-s5	1;2;3	5;5;5
1086	1087	1086	1087	3	3	trialwise	170;1931;3728	170;1931;3728	2;13;24	12;5;34	sub-017_ses-101_task-s2;sub-017_ses-201_task-s2;sub-017_ses-305_task-s2	170	2	12	sub-017	ses-101	task-s2	1;2;3	2;2;2
1087	1088	1087	1088	3	3	trialwise	256;2056;3806	256;2056;3806	2;13;24	98;130;112	sub-017_ses-101_task-s2;sub-017_ses-201_task-s2;sub-017_ses-305_task-s2	256	2	98	sub-017	ses-101	task-s2	1;2;3	2;2;2
1088	1089	1088	1089	3	3	trialwise	162;1962;3750	162;1962;3750	2;13;24	4;36;56	sub-017_ses-101_task-s2;sub-017_ses-201_task-s2;sub-017_ses-305_task-s2	162	2	4	sub-017	ses-101	task-s2	1;2;3	2;2;2
1089	1090	1089	1090	3	3	trialwise	225;1984;3713	225;1984;3713	2;13;24	67;58;19	sub-017_ses-101_task-s2;sub-017_ses-201_task-s2;sub-017_ses-305_task-s2	225	2	67	sub-017	ses-101	task-s2	1;2;3	2;2;2
1090	1091	1090	1091	3	3	trialwise	1235;2948;4798	1235;2948;4798	8;19;30	126;71;153	sub-017_ses-103_task-s8;sub-017_ses-202_task-s8;sub-017_ses-303_task-s8	1235	8	126	sub-017	ses-103	task-s8	1;2;3	8;8;8
1091	1092	1091	1092	3	3	trialwise	68;1914;3604	68;1914;3604	1;12;23	69;147;69	sub-017_ses-104_task-s1;sub-017_ses-201_task-s1;sub-017_ses-302_task-s1	68	1	69	sub-017	ses-104	task-s1	1;2;3	1;1;1
1092	1093	1092	1093	3	3	trialwise	140;1843;3676	140;1843;3676	1;12;23	141;76;141	sub-017_ses-104_task-s1;sub-017_ses-201_task-s1;sub-017_ses-302_task-s1	140	1	141	sub-017	ses-104	task-s1	1;2;3	1;1;1
1093	1094	1093	1094	3	3	trialwise	1126;3001;4761	1126;3001;4761	8;19;30	17;124;116	sub-017_ses-103_task-s8;sub-017_ses-202_task-s8;sub-017_ses-303_task-s8	1126	8	17	sub-017	ses-103	task-s8	1;2;3	8;8;8
1094	1095	1094	1095	3	3	trialwise	926;2596;4455	926;2596;4455	6;17;28	133;35;126	sub-017_ses-103_task-s6;sub-017_ses-204_task-s6;sub-017_ses-302_task-s6	926	6	133	sub-017	ses-103	task-s6	1;2;3	6;6;6
1095	1096	1095	1096	3	3	trialwise	889;2710;4439	889;2710;4439	6;17;28	96;149;110	sub-017_ses-103_task-s6;sub-017_ses-204_task-s6;sub-017_ses-302_task-s6	889	6	96	sub-017	ses-103	task-s6	1;2;3	6;6;6
1096	1097	1096	1097	3	3	trialwise	32;1904;3568	32;1904;3568	1;12;23	33;137;33	sub-017_ses-104_task-s1;sub-017_ses-201_task-s1;sub-017_ses-302_task-s1	32	1	33	sub-017	ses-104	task-s1	1;2;3	1;1;1
1097	1098	1097	1098	3	3	trialwise	852;2711;4382	852;2711;4382	6;17;28	59;150;53	sub-017_ses-103_task-s6;sub-017_ses-204_task-s6;sub-017_ses-302_task-s6	852	6	59	sub-017	ses-103	task-s6	1;2;3	6;6;6
1098	1099	1098	1099	3	3	trialwise	47;1870;3583	47;1870;3583	1;12;23	48;103;48	sub-017_ses-104_task-s1;sub-017_ses-201_task-s1;sub-017_ses-302_task-s1	47	1	48	sub-017	ses-104	task-s1	1;2;3	1;1;1
1099	1100	1099	1100	3	3	trialwise	528;2399;4051	528;2399;4051	4;15;26	52;155;39	sub-017_ses-102_task-s4;sub-017_ses-203_task-s4;sub-017_ses-302_task-s4	528	4	52	sub-017	ses-102	task-s4	1;2;3	4;4;4
1100	1101	1100	1101	3	3	trialwise	717;2528;4212	717;2528;4212	5;16;27	82;125;41	sub-017_ses-102_task-s5;sub-017_ses-202_task-s5;sub-017_ses-302_task-s5	717	5	82	sub-017	ses-102	task-s5	1;2;3	5;5;5
1101	1102	1101	1102	3	3	trialwise	1221;2935;4715	1221;2935;4715	8;19;30	112;58;70	sub-017_ses-103_task-s8;sub-017_ses-202_task-s8;sub-017_ses-303_task-s8	1221	8	112	sub-017	ses-103	task-s8	1;2;3	8;8;8
1102	1103	1102	1103	3	3	trialwise	874;2626;4397	874;2626;4397	6;17;28	81;65;68	sub-017_ses-103_task-s6;sub-017_ses-204_task-s6;sub-017_ses-302_task-s6	874	6	81	sub-017	ses-103	task-s6	1;2;3	6;6;6
1103	1104	1103	1104	3	3	trialwise	334;2237;3989	334;2237;3989	3;14;25	17;152;136	sub-017_ses-101_task-s3;sub-017_ses-201_task-s3;sub-017_ses-301_task-s3	334	3	17	sub-017	ses-101	task-s3	1;2;3	3;3;3
1104	1105	1104	1105	3	3	trialwise	292;2007;3840	292;2007;3840	2;13;24	134;81;146	sub-017_ses-101_task-s2;sub-017_ses-201_task-s2;sub-017_ses-305_task-s2	292	2	134	sub-017	ses-101	task-s2	1;2;3	2;2;2
1105	1106	1105	1106	3	3	trialwise	773;2408;4251	773;2408;4251	5;16;27	138;5;80	sub-017_ses-102_task-s5;sub-017_ses-202_task-s5;sub-017_ses-302_task-s5	773	5	138	sub-017	ses-102	task-s5	1;2;3	5;5;5
1106	1107	1106	1107	3	3	trialwise	1267;2883;4779	1267;2883;4779	8;19;30	158;6;134	sub-017_ses-103_task-s8;sub-017_ses-202_task-s8;sub-017_ses-303_task-s8	1267	8	158	sub-017	ses-103	task-s8	1;2;3	8;8;8
1107	1108	1107	1108	3	3	trialwise	1058;2721;4546	1058;2721;4546	7;18;29	107;2;59	sub-017_ses-103_task-s7;sub-017_ses-202_task-s7;sub-017_ses-303_task-s7	1058	7	107	sub-017	ses-103	task-s7	1;2;3	7;7;7
1108	1109	1108	1109	3	3	trialwise	314;2013;3814	314;2013;3814	2;13;24	156;87;120	sub-017_ses-101_task-s2;sub-017_ses-201_task-s2;sub-017_ses-305_task-s2	314	2	156	sub-017	ses-101	task-s2	1;2;3	2;2;2
1109	1110	1109	1110	3	3	trialwise	24;1886;3560	24;1886;3560	1;12;23	25;119;25	sub-017_ses-104_task-s1;sub-017_ses-201_task-s1;sub-017_ses-302_task-s1	24	1	25	sub-017	ses-104	task-s1	1;2;3	1;1;1
1110	1111	1110	1111	3	3	trialwise	596;2352;4041	596;2352;4041	4;15;26	120;108;29	sub-017_ses-102_task-s4;sub-017_ses-203_task-s4;sub-017_ses-302_task-s4	596	4	120	sub-017	ses-102	task-s4	1;2;3	4;4;4
1111	1112	1111	1112	3	3	trialwise	858;2664;4380	858;2664;4380	6;17;28	65;103;51	sub-017_ses-103_task-s6;sub-017_ses-204_task-s6;sub-017_ses-302_task-s6	858	6	65	sub-017	ses-103	task-s6	1;2;3	6;6;6
1112	1113	1112	1113	3	3	trialwise	471;2223;3903	471;2223;3903	3;14;25	154;138;50	sub-017_ses-101_task-s3;sub-017_ses-201_task-s3;sub-017_ses-301_task-s3	471	3	154	sub-017	ses-101	task-s3	1;2;3	3;3;3
1113	1114	1113	1114	3	3	trialwise	625;2330;4156	625;2330;4156	4;15;26	149;86;144	sub-017_ses-102_task-s4;sub-017_ses-203_task-s4;sub-017_ses-302_task-s4	625	4	149	sub-017	ses-102	task-s4	1;2;3	4;4;4
1114	1115	1114	1115	3	3	trialwise	498;2374;4091	498;2374;4091	4;15;26	22;130;79	sub-017_ses-102_task-s4;sub-017_ses-203_task-s4;sub-017_ses-302_task-s4	498	4	22	sub-017	ses-102	task-s4	1;2;3	4;4;4
1115	1116	1115	1116	3	3	trialwise	231;2084;3752	231;2084;3752	2;13;24	73;158;58	sub-017_ses-101_task-s2;sub-017_ses-201_task-s2;sub-017_ses-305_task-s2	231	2	73	sub-017	ses-101	task-s2	1;2;3	2;2;2
1116	1117	1116	1117	3	3	trialwise	764;2552;4293	764;2552;4293	5;16;27	129;149;122	sub-017_ses-102_task-s5;sub-017_ses-202_task-s5;sub-017_ses-302_task-s5	764	5	129	sub-017	ses-102	task-s5	1;2;3	5;5;5
1117	1118	1117	1118	3	3	trialwise	731;2544;4173	731;2544;4173	5;16;27	96;141;2	sub-017_ses-102_task-s5;sub-017_ses-202_task-s5;sub-017_ses-302_task-s5	731	5	96	sub-017	ses-102	task-s5	1;2;3	5;5;5
1118	1119	1118	1119	3	3	trialwise	616;2297;4112	616;2297;4112	4;15;26	140;53;100	sub-017_ses-102_task-s4;sub-017_ses-203_task-s4;sub-017_ses-302_task-s4	616	4	140	sub-017	ses-102	task-s4	1;2;3	4;4;4
1119	1120	1119	1120	3	3	trialwise	981;2730;4568	981;2730;4568	7;18;29	30;11;81	sub-017_ses-103_task-s7;sub-017_ses-202_task-s7;sub-017_ses-303_task-s7	981	7	30	sub-017	ses-103	task-s7	1;2;3	7;7;7
1120	1132	1120	1121	3	3	trialwise	1414;3059;4959	1414;3059;4959	9;20;31	147;24;156	sub-017_ses-103_task-s9;sub-017_ses-204_task-s9;sub-017_ses-303_task-s9	1414	9	147	sub-017	ses-103	task-s9	1;2;3	9;9;9
1121	1159	1121	1122	3	3	trialwise	1637;3518;5140	1637;3518;5140	11;22;33	36;149;3	sub-017_ses-103_task-s11;sub-017_ses-203_task-s11;sub-017_ses-304_task-s11	1637	11	36	sub-017	ses-103	task-s11	1;2;3	11;11;11
1122	1162	1122	1123	3	3	trialwise	1760;3486;5222	1760;3486;5222	11;22;33	159;117;85	sub-017_ses-103_task-s11;sub-017_ses-203_task-s11;sub-017_ses-304_task-s11	1760	11	159	sub-017	ses-103	task-s11	1;2;3	11;11;11
1123	1196	1123	1124	3	3	trialwise	1313;3159;4847	1313;3159;4847	9;20;31	46;124;44	sub-017_ses-103_task-s9;sub-017_ses-204_task-s9;sub-017_ses-303_task-s9	1313	9	46	sub-017	ses-103	task-s9	1;2;3	9;9;9
1124	1215	1124	1125	3	3	trialwise	1501;3336;5137	1501;3336;5137	10;21;32	67;134;167	sub-017_ses-103_task-s10;sub-017_ses-203_task-s10;sub-017_ses-303_task-s10	1501	10	67	sub-017	ses-103	task-s10	1;2;3	10;10;10
1125	1236	1125	1126	3	3	trialwise	1596;3349;4971	1596;3349;4971	10;21;32	162;147;1	sub-017_ses-103_task-s10;sub-017_ses-203_task-s10;sub-017_ses-303_task-s10	1596	10	162	sub-017	ses-103	task-s10	1;2;3	10;10;10
1126	1260	1126	1127	3	3	trialwise	1429;3162;4844	1429;3162;4844	9;20;31	162;127;41	sub-017_ses-103_task-s9;sub-017_ses-204_task-s9;sub-017_ses-303_task-s9	1429	9	162	sub-017	ses-103	task-s9	1;2;3	9;9;9
1127	1266	1127	1128	3	3	trialwise	1706;3532;5246	1706;3532;5246	11;22;33	105;163;109	sub-017_ses-103_task-s11;sub-017_ses-203_task-s11;sub-017_ses-304_task-s11	1706	11	105	sub-017	ses-103	task-s11	1;2;3	11;11;11
1128	1292	1128	1129	3	3	trialwise	1482;3223;5100	1482;3223;5100	10;21;32	48;21;130	sub-017_ses-103_task-s10;sub-017_ses-203_task-s10;sub-017_ses-303_task-s10	1482	10	48	sub-017	ses-103	task-s10	1;2;3	10;10;10
1129	1306	1129	1130	3	3	trialwise	1595;3352;5133	1595;3352;5133	10;21;32	161;150;163	sub-017_ses-103_task-s10;sub-017_ses-203_task-s10;sub-017_ses-303_task-s10	1595	10	161	sub-017	ses-103	task-s10	1;2;3	10;10;10
1130	1326	1130	1131	3	3	trialwise	1479;3306;4978	1479;3306;4978	10;21;32	45;104;8	sub-017_ses-103_task-s10;sub-017_ses-203_task-s10;sub-017_ses-303_task-s10	1479	10	45	sub-017	ses-103	task-s10	1;2;3	10;10;10
1131	1359	1131	1132	3	3	trialwise	1606;3374;5171	1606;3374;5171	11;22;33	5;5;34	sub-017_ses-103_task-s11;sub-017_ses-203_task-s11;sub-017_ses-304_task-s11	1606	11	5	sub-017	ses-103	task-s11	1;2;3	11;11;11
1132	1382	1132	1133	3	3	trialwise	1494;3218;5032	1494;3218;5032	10;21;32	60;16;62	sub-017_ses-103_task-s10;sub-017_ses-203_task-s10;sub-017_ses-303_task-s10	1494	10	60	sub-017	ses-103	task-s10	1;2;3	10;10;10
1133	1387	1133	1134	3	3	trialwise	1567;3257;5040	1567;3257;5040	10;21;32	133;55;70	sub-017_ses-103_task-s10;sub-017_ses-203_task-s10;sub-017_ses-303_task-s10	1567	10	133	sub-017	ses-103	task-s10	1;2;3	10;10;10
1134	1438	1134	1135	3	3	trialwise	1336;3053;4909	1336;3053;4909	9;20;31	69;18;106	sub-017_ses-103_task-s9;sub-017_ses-204_task-s9;sub-017_ses-303_task-s9	1336	9	69	sub-017	ses-103	task-s9	1;2;3	9;9;9
1135	1439	1135	1136	3	3	trialwise	1399;3042;4907	1399;3042;4907	9;20;31	132;7;104	sub-017_ses-103_task-s9;sub-017_ses-204_task-s9;sub-017_ses-303_task-s9	1399	9	132	sub-017	ses-103	task-s9	1;2;3	9;9;9
1136	1459	1136	1137	3	3	trialwise	1378;3096;4935	1378;3096;4935	9;20;31	111;61;132	sub-017_ses-103_task-s9;sub-017_ses-204_task-s9;sub-017_ses-303_task-s9	1378	9	111	sub-017	ses-103	task-s9	1;2;3	9;9;9
1137	1466	1137	1138	3	3	trialwise	1700;3463;5250	1700;3463;5250	11;22;33	99;94;113	sub-017_ses-103_task-s11;sub-017_ses-203_task-s11;sub-017_ses-304_task-s11	1700	11	99	sub-017	ses-103	task-s11	1;2;3	11;11;11
1138	1499	1138	1139	3	3	trialwise	1392;3064;4900	1392;3064;4900	9;20;31	125;29;97	sub-017_ses-103_task-s9;sub-017_ses-204_task-s9;sub-017_ses-303_task-s9	1392	9	125	sub-017	ses-103	task-s9	1;2;3	9;9;9
1139	1514	1139	1140	3	3	trialwise	1703;3399;5151	1703;3399;5151	11;22;33	102;30;14	sub-017_ses-103_task-s11;sub-017_ses-203_task-s11;sub-017_ses-304_task-s11	1703	11	102	sub-017	ses-103	task-s11	1;2;3	11;11;11
1140	1529	1140	1141	3	3	trialwise	1373;3166;4819	1373;3166;4819	9;20;31	106;131;16	sub-017_ses-103_task-s9;sub-017_ses-204_task-s9;sub-017_ses-303_task-s9	1373	9	106	sub-017	ses-103	task-s9	1;2;3	9;9;9
1141	1538	1141	1142	3	3	trialwise	1515;3294;5000	1515;3294;5000	10;21;32	81;92;30	sub-017_ses-103_task-s10;sub-017_ses-203_task-s10;sub-017_ses-303_task-s10	1515	10	81	sub-017	ses-103	task-s10	1;2;3	10;10;10
1142	1577	1142	1143	3	3	trialwise	1352;3108;4890	1352;3108;4890	9;20;31	85;73;87	sub-017_ses-103_task-s9;sub-017_ses-204_task-s9;sub-017_ses-303_task-s9	1352	9	85	sub-017	ses-103	task-s9	1;2;3	9;9;9
1143	1599	1143	1144	3	3	trialwise	1296;3069;4835	1296;3069;4835	9;20;31	29;34;32	sub-017_ses-103_task-s9;sub-017_ses-204_task-s9;sub-017_ses-303_task-s9	1296	9	29	sub-017	ses-103	task-s9	1;2;3	9;9;9
1144	1601	1144	1145	3	3	trialwise	1551;3362;5116	1551;3362;5116	10;21;32	117;160;146	sub-017_ses-103_task-s10;sub-017_ses-203_task-s10;sub-017_ses-303_task-s10	1551	10	117	sub-017	ses-103	task-s10	1;2;3	10;10;10
1145	1624	1145	1146	3	3	trialwise	1601;3367;5050	1601;3367;5050	10;21;32	167;165;80	sub-017_ses-103_task-s10;sub-017_ses-203_task-s10;sub-017_ses-303_task-s10	1601	10	167	sub-017	ses-103	task-s10	1;2;3	10;10;10
1146	1647	1146	1147	3	3	trialwise	1538;3233;5082	1538;3233;5082	10;21;32	104;31;112	sub-017_ses-103_task-s10;sub-017_ses-203_task-s10;sub-017_ses-303_task-s10	1538	10	104	sub-017	ses-103	task-s10	1;2;3	10;10;10
1147	1650	1147	1148	3	3	trialwise	1306;3092;4923	1306;3092;4923	9;20;31	39;57;120	sub-017_ses-103_task-s9;sub-017_ses-204_task-s9;sub-017_ses-303_task-s9	1306	9	39	sub-017	ses-103	task-s9	1;2;3	9;9;9
1148	1696	1148	1149	3	3	trialwise	1398;3057;4931	1398;3057;4931	9;20;31	131;22;128	sub-017_ses-103_task-s9;sub-017_ses-204_task-s9;sub-017_ses-303_task-s9	1398	9	131	sub-017	ses-103	task-s9	1;2;3	9;9;9
1149	1711	1149	1150	3	3	trialwise	1759;3497;5185	1759;3497;5185	11;22;33	158;128;48	sub-017_ses-103_task-s11;sub-017_ses-203_task-s11;sub-017_ses-304_task-s11	1759	11	158	sub-017	ses-103	task-s11	1;2;3	11;11;11
1150	1723	1150	1151	3	3	trialwise	1293;3133;4829	1293;3133;4829	9;20;31	26;98;26	sub-017_ses-103_task-s9;sub-017_ses-204_task-s9;sub-017_ses-303_task-s9	1293	9	26	sub-017	ses-103	task-s9	1;2;3	9;9;9
1151	1760	1151	1152	3	3	trialwise	1528;3368;5020	1528;3368;5020	10;21;32	94;166;50	sub-017_ses-103_task-s10;sub-017_ses-203_task-s10;sub-017_ses-303_task-s10	1528	10	94	sub-017	ses-103	task-s10	1;2;3	10;10;10
1152	1768	1152	1153	3	3	trialwise	1460;3361;5125	1460;3361;5125	10;21;32	26;159;155	sub-017_ses-103_task-s10;sub-017_ses-203_task-s10;sub-017_ses-303_task-s10	1460	10	26	sub-017	ses-103	task-s10	1;2;3	10;10;10
1153	1774	1153	1154	3	3	trialwise	1408;3151;4944	1408;3151;4944	9;20;31	141;116;141	sub-017_ses-103_task-s9;sub-017_ses-204_task-s9;sub-017_ses-303_task-s9	1408	9	141	sub-017	ses-103	task-s9	1;2;3	9;9;9
1154	1814	1154	1155	3	3	trialwise	1299;3199;4841	1299;3199;4841	9;20;31	32;164;38	sub-017_ses-103_task-s9;sub-017_ses-204_task-s9;sub-017_ses-303_task-s9	1299	9	32	sub-017	ses-103	task-s9	1;2;3	9;9;9
1155	1818	1155	1156	3	3	trialwise	1372;3095;4899	1372;3095;4899	9;20;31	105;60;96	sub-017_ses-103_task-s9;sub-017_ses-204_task-s9;sub-017_ses-303_task-s9	1372	9	105	sub-017	ses-103	task-s9	1;2;3	9;9;9
1156	1858	1156	1157	3	3	trialwise	1582;3284;5115	1582;3284;5115	10;21;32	148;82;145	sub-017_ses-103_task-s10;sub-017_ses-203_task-s10;sub-017_ses-303_task-s10	1582	10	148	sub-017	ses-103	task-s10	1;2;3	10;10;10
1157	1861	1157	1158	3	3	trialwise	1669;3514;5156	1669;3514;5156	11;22;33	68;145;19	sub-017_ses-103_task-s11;sub-017_ses-203_task-s11;sub-017_ses-304_task-s11	1669	11	68	sub-017	ses-103	task-s11	1;2;3	11;11;11
1158	1885	1158	1159	3	3	trialwise	1478;3334;5069	1478;3334;5069	10;21;32	44;132;99	sub-017_ses-103_task-s10;sub-017_ses-203_task-s10;sub-017_ses-303_task-s10	1478	10	44	sub-017	ses-103	task-s10	1;2;3	10;10;10
1159	1915	1159	1160	3	3	trialwise	1368;3137;4898	1368;3137;4898	9;20;31	101;102;95	sub-017_ses-103_task-s9;sub-017_ses-204_task-s9;sub-017_ses-303_task-s9	1368	9	101	sub-017	ses-103	task-s9	1;2;3	9;9;9
1160	1923	1160	1161	3	3	trialwise	1470;3228;5028	1470;3228;5028	10;21;32	36;26;58	sub-017_ses-103_task-s10;sub-017_ses-203_task-s10;sub-017_ses-303_task-s10	1470	10	36	sub-017	ses-103	task-s10	1;2;3	10;10;10
1161	1954	1161	1162	3	3	trialwise	1298;3097;4869	1298;3097;4869	9;20;31	31;62;66	sub-017_ses-103_task-s9;sub-017_ses-204_task-s9;sub-017_ses-303_task-s9	1298	9	31	sub-017	ses-103	task-s9	1;2;3	9;9;9
1162	1976	1162	1163	3	3	trialwise	1322;3039;4963	1322;3039;4963	9;20;31	55;4;160	sub-017_ses-103_task-s9;sub-017_ses-204_task-s9;sub-017_ses-303_task-s9	1322	9	55	sub-017	ses-103	task-s9	1;2;3	9;9;9
1163	1995	1163	1164	3	3	trialwise	1427;3047;4884	1427;3047;4884	9;20;31	160;12;81	sub-017_ses-103_task-s9;sub-017_ses-204_task-s9;sub-017_ses-303_task-s9	1427	9	160	sub-017	ses-103	task-s9	1;2;3	9;9;9
1164	2013	1164	1165	3	3	trialwise	1668;3524;5218	1668;3524;5218	11;22;33	67;155;81	sub-017_ses-103_task-s11;sub-017_ses-203_task-s11;sub-017_ses-304_task-s11	1668	11	67	sub-017	ses-103	task-s11	1;2;3	11;11;11
1165	2035	1165	1166	3	3	trialwise	1738;3533;5221	1738;3533;5221	11;22;33	137;164;84	sub-017_ses-103_task-s11;sub-017_ses-203_task-s11;sub-017_ses-304_task-s11	1738	11	137	sub-017	ses-103	task-s11	1;2;3	11;11;11
1166	2051	1166	1167	3	3	trialwise	1696;3480;5241	1696;3480;5241	11;22;33	95;111;104	sub-017_ses-103_task-s11;sub-017_ses-203_task-s11;sub-017_ses-304_task-s11	1696	11	95	sub-017	ses-103	task-s11	1;2;3	11;11;11
1167	2069	1167	1168	3	3	trialwise	1655;3501;5234	1655;3501;5234	11;22;33	54;132;97	sub-017_ses-103_task-s11;sub-017_ses-203_task-s11;sub-017_ses-304_task-s11	1655	11	54	sub-017	ses-103	task-s11	1;2;3	11;11;11
1168	2117	1168	1169	3	3	trialwise	1658;3407;5287	1658;3407;5287	11;22;33	57;38;150	sub-017_ses-103_task-s11;sub-017_ses-203_task-s11;sub-017_ses-304_task-s11	1658	11	57	sub-017	ses-103	task-s11	1;2;3	11;11;11
1169	2118	1169	1170	3	3	trialwise	1268;3110;4929	1268;3110;4929	9;20;31	1;75;126	sub-017_ses-103_task-s9;sub-017_ses-204_task-s9;sub-017_ses-303_task-s9	1268	9	1	sub-017	ses-103	task-s9	1;2;3	9;9;9
1170	2127	1170	1171	3	3	trialwise	1488;3276;5102	1488;3276;5102	10;21;32	54;74;132	sub-017_ses-103_task-s10;sub-017_ses-203_task-s10;sub-017_ses-303_task-s10	1488	10	54	sub-017	ses-103	task-s10	1;2;3	10;10;10
1171	2159	1171	1172	3	3	trialwise	1413;3180;4804	1413;3180;4804	9;20;31	146;145;1	sub-017_ses-103_task-s9;sub-017_ses-204_task-s9;sub-017_ses-303_task-s9	1413	9	146	sub-017	ses-103	task-s9	1;2;3	9;9;9
1172	2174	1172	1173	3	3	trialwise	1576;3353;5008	1576;3353;5008	10;21;32	142;151;38	sub-017_ses-103_task-s10;sub-017_ses-203_task-s10;sub-017_ses-303_task-s10	1576	10	142	sub-017	ses-103	task-s10	1;2;3	10;10;10
1173	2177	1173	1174	3	3	trialwise	1337;3052;4845	1337;3052;4845	9;20;31	70;17;42	sub-017_ses-103_task-s9;sub-017_ses-204_task-s9;sub-017_ses-303_task-s9	1337	9	70	sub-017	ses-103	task-s9	1;2;3	9;9;9
1174	2215	1174	1175	3	3	trialwise	1444;3330;5123	1444;3330;5123	10;21;32	10;128;153	sub-017_ses-103_task-s10;sub-017_ses-203_task-s10;sub-017_ses-303_task-s10	1444	10	10	sub-017	ses-103	task-s10	1;2;3	10;10;10
1175	2228	1175	1176	3	3	trialwise	1297;3120;4970	1297;3120;4970	9;20;31	30;85;167	sub-017_ses-103_task-s9;sub-017_ses-204_task-s9;sub-017_ses-303_task-s9	1297	9	30	sub-017	ses-103	task-s9	1;2;3	9;9;9
1176	2257	1176	1177	3	3	trialwise	1319;3106;4906	1319;3106;4906	9;20;31	52;71;103	sub-017_ses-103_task-s9;sub-017_ses-204_task-s9;sub-017_ses-303_task-s9	1319	9	52	sub-017	ses-103	task-s9	1;2;3	9;9;9
1177	2280	1177	1178	3	3	trialwise	1442;3364;5120	1442;3364;5120	10;21;32	8;162;150	sub-017_ses-103_task-s10;sub-017_ses-203_task-s10;sub-017_ses-303_task-s10	1442	10	8	sub-017	ses-103	task-s10	1;2;3	10;10;10
1178	2286	1178	1179	3	3	trialwise	1631;3439;5225	1631;3439;5225	11;22;33	30;70;88	sub-017_ses-103_task-s11;sub-017_ses-203_task-s11;sub-017_ses-304_task-s11	1631	11	30	sub-017	ses-103	task-s11	1;2;3	11;11;11
1179	2308	1179	1180	3	3	trialwise	1269;3109;4865	1269;3109;4865	9;20;31	2;74;62	sub-017_ses-103_task-s9;sub-017_ses-204_task-s9;sub-017_ses-303_task-s9	1269	9	2	sub-017	ses-103	task-s9	1;2;3	9;9;9
1180	2358	1180	1181	3	3	trialwise	1648;3535;5263	1648;3535;5263	11;22;33	47;166;126	sub-017_ses-103_task-s11;sub-017_ses-203_task-s11;sub-017_ses-304_task-s11	1648	11	47	sub-017	ses-103	task-s11	1;2;3	11;11;11
1181	2360	1181	1182	3	3	trialwise	1512;3311;5073	1512;3311;5073	10;21;32	78;109;103	sub-017_ses-103_task-s10;sub-017_ses-203_task-s10;sub-017_ses-303_task-s10	1512	10	78	sub-017	ses-103	task-s10	1;2;3	10;10;10
1182	2361	1182	1183	3	3	trialwise	1690;3420;5226	1690;3420;5226	11;22;33	89;51;89	sub-017_ses-103_task-s11;sub-017_ses-203_task-s11;sub-017_ses-304_task-s11	1690	11	89	sub-017	ses-103	task-s11	1;2;3	11;11;11
1183	2397	1183	1184	3	3	trialwise	1480;3207;4982	1480;3207;4982	10;21;32	46;5;12	sub-017_ses-103_task-s10;sub-017_ses-203_task-s10;sub-017_ses-303_task-s10	1480	10	46	sub-017	ses-103	task-s10	1;2;3	10;10;10
1184	2421	1184	1185	3	3	trialwise	1589;3342;5099	1589;3342;5099	10;21;32	155;140;129	sub-017_ses-103_task-s10;sub-017_ses-203_task-s10;sub-017_ses-303_task-s10	1589	10	155	sub-017	ses-103	task-s10	1;2;3	10;10;10
1185	2424	1185	1186	3	3	trialwise	1517;3356;5003	1517;3356;5003	10;21;32	83;154;33	sub-017_ses-103_task-s10;sub-017_ses-203_task-s10;sub-017_ses-303_task-s10	1517	10	83	sub-017	ses-103	task-s10	1;2;3	10;10;10
1186	2466	1186	1187	3	3	trialwise	1275;3134;4932	1275;3134;4932	9;20;31	8;99;129	sub-017_ses-103_task-s9;sub-017_ses-204_task-s9;sub-017_ses-303_task-s9	1275	9	8	sub-017	ses-103	task-s9	1;2;3	9;9;9
1187	2471	1187	1188	3	3	trialwise	1439;3312;4997	1439;3312;4997	10;21;32	5;110;27	sub-017_ses-103_task-s10;sub-017_ses-203_task-s10;sub-017_ses-303_task-s10	1439	10	5	sub-017	ses-103	task-s10	1;2;3	10;10;10
1188	2494	1188	1189	3	3	trialwise	1386;3167;4871	1386;3167;4871	9;20;31	119;132;68	sub-017_ses-103_task-s9;sub-017_ses-204_task-s9;sub-017_ses-303_task-s9	1386	9	119	sub-017	ses-103	task-s9	1;2;3	9;9;9
1189	2496	1189	1190	3	3	trialwise	1750;3485;5291	1750;3485;5291	11;22;33	149;116;154	sub-017_ses-103_task-s11;sub-017_ses-203_task-s11;sub-017_ses-304_task-s11	1750	11	149	sub-017	ses-103	task-s11	1;2;3	11;11;11
1190	2528	1190	1191	3	3	trialwise	1553;3325;5016	1553;3325;5016	10;21;32	119;123;46	sub-017_ses-103_task-s10;sub-017_ses-203_task-s10;sub-017_ses-303_task-s10	1553	10	119	sub-017	ses-103	task-s10	1;2;3	10;10;10
1191	2559	1191	1192	3	3	trialwise	1673;3448;5170	1673;3448;5170	11;22;33	72;79;33	sub-017_ses-103_task-s11;sub-017_ses-203_task-s11;sub-017_ses-304_task-s11	1673	11	72	sub-017	ses-103	task-s11	1;2;3	11;11;11
1192	2569	1192	1193	3	3	trialwise	1588;3319;5121	1588;3319;5121	10;21;32	154;117;151	sub-017_ses-103_task-s10;sub-017_ses-203_task-s10;sub-017_ses-303_task-s10	1588	10	154	sub-017	ses-103	task-s10	1;2;3	10;10;10
1193	2593	1193	1194	3	3	trialwise	1274;3100;4828	1274;3100;4828	9;20;31	7;65;25	sub-017_ses-103_task-s9;sub-017_ses-204_task-s9;sub-017_ses-303_task-s9	1274	9	7	sub-017	ses-103	task-s9	1;2;3	9;9;9
1194	2618	1194	1195	3	3	trialwise	1436;3271;5045	1436;3271;5045	10;21;32	2;69;75	sub-017_ses-103_task-s10;sub-017_ses-203_task-s10;sub-017_ses-303_task-s10	1436	10	2	sub-017	ses-103	task-s10	1;2;3	10;10;10
1195	2633	1195	1196	3	3	trialwise	1692;3440;5144	1692;3440;5144	11;22;33	91;71;7	sub-017_ses-103_task-s11;sub-017_ses-203_task-s11;sub-017_ses-304_task-s11	1692	11	91	sub-017	ses-103	task-s11	1;2;3	11;11;11
1196	2643	1196	1197	3	3	trialwise	1410;3142;4827	1410;3142;4827	9;20;31	143;107;24	sub-017_ses-103_task-s9;sub-017_ses-204_task-s9;sub-017_ses-303_task-s9	1410	9	143	sub-017	ses-103	task-s9	1;2;3	9;9;9
1197	2676	1197	1198	3	3	trialwise	1646;3379;5175	1646;3379;5175	11;22;33	45;10;38	sub-017_ses-103_task-s11;sub-017_ses-203_task-s11;sub-017_ses-304_task-s11	1646	11	45	sub-017	ses-103	task-s11	1;2;3	11;11;11
1198	2683	1198	1199	3	3	trialwise	1533;3310;5034	1533;3310;5034	10;21;32	99;108;64	sub-017_ses-103_task-s10;sub-017_ses-203_task-s10;sub-017_ses-303_task-s10	1533	10	99	sub-017	ses-103	task-s10	1;2;3	10;10;10
1199	2688	1199	1200	3	3	trialwise	1423;3135;4831	1423;3135;4831	9;20;31	156;100;28	sub-017_ses-103_task-s9;sub-017_ses-204_task-s9;sub-017_ses-303_task-s9	1423	9	156	sub-017	ses-103	task-s9	1;2;3	9;9;9
1200	2729	1200	1201	3	3	trialwise	1514;3237;5054	1514;3237;5054	10;21;32	80;35;84	sub-017_ses-103_task-s10;sub-017_ses-203_task-s10;sub-017_ses-303_task-s10	1514	10	80	sub-017	ses-103	task-s10	1;2;3	10;10;10
1201	2746	1201	1202	3	3	trialwise	1387;3123;4854	1387;3123;4854	9;20;31	120;88;51	sub-017_ses-103_task-s9;sub-017_ses-204_task-s9;sub-017_ses-303_task-s9	1387	9	120	sub-017	ses-103	task-s9	1;2;3	9;9;9
1202	2775	1202	1203	3	3	trialwise	1635;3527;5153	1635;3527;5153	11;22;33	34;158;16	sub-017_ses-103_task-s11;sub-017_ses-203_task-s11;sub-017_ses-304_task-s11	1635	11	34	sub-017	ses-103	task-s11	1;2;3	11;11;11
1203	2789	1203	1204	3	3	trialwise	1685;3450;5194	1685;3450;5194	11;22;33	84;81;57	sub-017_ses-103_task-s11;sub-017_ses-203_task-s11;sub-017_ses-304_task-s11	1685	11	84	sub-017	ses-103	task-s11	1;2;3	11;11;11
1204	2805	1204	1205	3	3	trialwise	1384;3154;4941	1384;3154;4941	9;20;31	117;119;138	sub-017_ses-103_task-s9;sub-017_ses-204_task-s9;sub-017_ses-303_task-s9	1384	9	117	sub-017	ses-103	task-s9	1;2;3	9;9;9
1205	2833	1205	1206	3	3	trialwise	1535;3317;5131	1535;3317;5131	10;21;32	101;115;161	sub-017_ses-103_task-s10;sub-017_ses-203_task-s10;sub-017_ses-303_task-s10	1535	10	101	sub-017	ses-103	task-s10	1;2;3	10;10;10
1206	2855	1206	1207	3	3	trialwise	1530;3205;5052	1530;3205;5052	10;21;32	96;3;82	sub-017_ses-103_task-s10;sub-017_ses-203_task-s10;sub-017_ses-303_task-s10	1530	10	96	sub-017	ses-103	task-s10	1;2;3	10;10;10
1207	2866	1207	1208	3	3	trialwise	1467;3256;5078	1467;3256;5078	10;21;32	33;54;108	sub-017_ses-103_task-s10;sub-017_ses-203_task-s10;sub-017_ses-303_task-s10	1467	10	33	sub-017	ses-103	task-s10	1;2;3	10;10;10
1208	2890	1208	1209	3	3	trialwise	1497;3208;5135	1497;3208;5135	10;21;32	63;6;165	sub-017_ses-103_task-s10;sub-017_ses-203_task-s10;sub-017_ses-303_task-s10	1497	10	63	sub-017	ses-103	task-s10	1;2;3	10;10;10
1209	2918	1209	1210	3	3	trialwise	1699;3531;5237	1699;3531;5237	11;22;33	98;162;100	sub-017_ses-103_task-s11;sub-017_ses-203_task-s11;sub-017_ses-304_task-s11	1699	11	98	sub-017	ses-103	task-s11	1;2;3	11;11;11
1210	2922	1210	1211	3	3	trialwise	1587;3217;5124	1587;3217;5124	10;21;32	153;15;154	sub-017_ses-103_task-s10;sub-017_ses-203_task-s10;sub-017_ses-303_task-s10	1587	10	153	sub-017	ses-103	task-s10	1;2;3	10;10;10
1211	2948	1211	1212	3	3	trialwise	1676;3456;5280	1676;3456;5280	11;22;33	75;87;143	sub-017_ses-103_task-s11;sub-017_ses-203_task-s11;sub-017_ses-304_task-s11	1676	11	75	sub-017	ses-103	task-s11	1;2;3	11;11;11
1212	2967	1212	1213	3	3	trialwise	1708;3483;5224	1708;3483;5224	11;22;33	107;114;87	sub-017_ses-103_task-s11;sub-017_ses-203_task-s11;sub-017_ses-304_task-s11	1708	11	107	sub-017	ses-103	task-s11	1;2;3	11;11;11
1213	2971	1213	1214	3	3	trialwise	1638;3386;5277	1638;3386;5277	11;22;33	37;17;140	sub-017_ses-103_task-s11;sub-017_ses-203_task-s11;sub-017_ses-304_task-s11	1638	11	37	sub-017	ses-103	task-s11	1;2;3	11;11;11
1214	3007	1214	1215	3	3	trialwise	1324;3093;4857	1324;3093;4857	9;20;31	57;58;54	sub-017_ses-103_task-s9;sub-017_ses-204_task-s9;sub-017_ses-303_task-s9	1324	9	57	sub-017	ses-103	task-s9	1;2;3	9;9;9
1215	3040	1215	1216	3	3	trialwise	1276;3111;4902	1276;3111;4902	9;20;31	9;76;99	sub-017_ses-103_task-s9;sub-017_ses-204_task-s9;sub-017_ses-303_task-s9	1276	9	9	sub-017	ses-103	task-s9	1;2;3	9;9;9
1216	3061	1216	1217	3	3	trialwise	1697;3426;5183	1697;3426;5183	11;22;33	96;57;46	sub-017_ses-103_task-s11;sub-017_ses-203_task-s11;sub-017_ses-304_task-s11	1697	11	96	sub-017	ses-103	task-s11	1;2;3	11;11;11
1217	3062	1217	1218	3	3	trialwise	1611;3454;5229	1611;3454;5229	11;22;33	10;85;92	sub-017_ses-103_task-s11;sub-017_ses-203_task-s11;sub-017_ses-304_task-s11	1611	11	10	sub-017	ses-103	task-s11	1;2;3	11;11;11
1218	3090	1218	1219	3	3	trialwise	1281;3036;4814	1281;3036;4814	9;20;31	14;1;11	sub-017_ses-103_task-s9;sub-017_ses-204_task-s9;sub-017_ses-303_task-s9	1281	9	14	sub-017	ses-103	task-s9	1;2;3	9;9;9
1219	3104	1219	1220	3	3	trialwise	1401;3094;4964	1401;3094;4964	9;20;31	134;59;161	sub-017_ses-103_task-s9;sub-017_ses-204_task-s9;sub-017_ses-303_task-s9	1401	9	134	sub-017	ses-103	task-s9	1;2;3	9;9;9
1220	3154	1220	1221	3	3	trialwise	1362;3098;4806	1362;3098;4806	9;20;31	95;63;3	sub-017_ses-103_task-s9;sub-017_ses-204_task-s9;sub-017_ses-303_task-s9	1362	9	95	sub-017	ses-103	task-s9	1;2;3	9;9;9
1221	3155	1221	1222	3	3	trialwise	1751;3464;5262	1751;3464;5262	11;22;33	150;95;125	sub-017_ses-103_task-s11;sub-017_ses-203_task-s11;sub-017_ses-304_task-s11	1751	11	150	sub-017	ses-103	task-s11	1;2;3	11;11;11
1222	3169	1222	1223	3	3	trialwise	1627;3496;5243	1627;3496;5243	11;22;33	26;127;106	sub-017_ses-103_task-s11;sub-017_ses-203_task-s11;sub-017_ses-304_task-s11	1627	11	26	sub-017	ses-103	task-s11	1;2;3	11;11;11
1223	3200	1223	1224	3	3	trialwise	1583;3338;5024	1583;3338;5024	10;21;32	149;136;54	sub-017_ses-103_task-s10;sub-017_ses-203_task-s10;sub-017_ses-303_task-s10	1583	10	149	sub-017	ses-103	task-s10	1;2;3	10;10;10
1224	3230	1224	1225	3	3	trialwise	1681;3373;5266	1681;3373;5266	11;22;33	80;4;129	sub-017_ses-103_task-s11;sub-017_ses-203_task-s11;sub-017_ses-304_task-s11	1681	11	80	sub-017	ses-103	task-s11	1;2;3	11;11;11
1225	3235	1225	1226	3	3	trialwise	1575;3315;5029	1575;3315;5029	10;21;32	141;113;59	sub-017_ses-103_task-s10;sub-017_ses-203_task-s10;sub-017_ses-303_task-s10	1575	10	141	sub-017	ses-103	task-s10	1;2;3	10;10;10
1226	3245	1226	1227	3	3	trialwise	1350;3197;4953	1350;3197;4953	9;20;31	83;162;150	sub-017_ses-103_task-s9;sub-017_ses-204_task-s9;sub-017_ses-303_task-s9	1350	9	83	sub-017	ses-103	task-s9	1;2;3	9;9;9
1227	3261	1227	1228	3	3	trialwise	1663;3473;5294	1663;3473;5294	11;22;33	62;104;157	sub-017_ses-103_task-s11;sub-017_ses-203_task-s11;sub-017_ses-304_task-s11	1663	11	62	sub-017	ses-103	task-s11	1;2;3	11;11;11
1228	3281	1228	1229	3	3	trialwise	1473;3260;5007	1473;3260;5007	10;21;32	39;58;37	sub-017_ses-103_task-s10;sub-017_ses-203_task-s10;sub-017_ses-303_task-s10	1473	10	39	sub-017	ses-103	task-s10	1;2;3	10;10;10
1229	3312	1229	1230	3	3	trialwise	1288;3158;4825	1288;3158;4825	9;20;31	21;123;22	sub-017_ses-103_task-s9;sub-017_ses-204_task-s9;sub-017_ses-303_task-s9	1288	9	21	sub-017	ses-103	task-s9	1;2;3	9;9;9
1230	3334	1230	1231	3	3	trialwise	1280;3091;4821	1280;3091;4821	9;20;31	13;56;18	sub-017_ses-103_task-s9;sub-017_ses-204_task-s9;sub-017_ses-303_task-s9	1280	9	13	sub-017	ses-103	task-s9	1;2;3	9;9;9
1231	3345	1231	1232	3	3	trialwise	1536;3360;5064	1536;3360;5064	10;21;32	102;158;94	sub-017_ses-103_task-s10;sub-017_ses-203_task-s10;sub-017_ses-303_task-s10	1536	10	102	sub-017	ses-103	task-s10	1;2;3	10;10;10
1232	3390	1232	1233	3	3	trialwise	1665;3457;5248	1665;3457;5248	11;22;33	64;88;111	sub-017_ses-103_task-s11;sub-017_ses-203_task-s11;sub-017_ses-304_task-s11	1665	11	64	sub-017	ses-103	task-s11	1;2;3	11;11;11
1233	3397	1233	1234	3	3	trialwise	1484;3206;5094	1484;3206;5094	10;21;32	50;4;124	sub-017_ses-103_task-s10;sub-017_ses-203_task-s10;sub-017_ses-303_task-s10	1484	10	50	sub-017	ses-103	task-s10	1;2;3	10;10;10
1234	3419	1234	1235	3	3	trialwise	1586;3278;5025	1586;3278;5025	10;21;32	152;76;55	sub-017_ses-103_task-s10;sub-017_ses-203_task-s10;sub-017_ses-303_task-s10	1586	10	152	sub-017	ses-103	task-s10	1;2;3	10;10;10
1235	3421	1235	1236	3	3	trialwise	1304;3072;4820	1304;3072;4820	9;20;31	37;37;17	sub-017_ses-103_task-s9;sub-017_ses-204_task-s9;sub-017_ses-303_task-s9	1304	9	37	sub-017	ses-103	task-s9	1;2;3	9;9;9
1236	3443	1236	1237	3	3	trialwise	1709;3512;5284	1709;3512;5284	11;22;33	108;143;147	sub-017_ses-103_task-s11;sub-017_ses-203_task-s11;sub-017_ses-304_task-s11	1709	11	108	sub-017	ses-103	task-s11	1;2;3	11;11;11
1237	3457	1237	1238	3	3	trialwise	1315;3161;4832	1315;3161;4832	9;20;31	48;126;29	sub-017_ses-103_task-s9;sub-017_ses-204_task-s9;sub-017_ses-303_task-s9	1315	9	48	sub-017	ses-103	task-s9	1;2;3	9;9;9
1238	3504	1238	1239	3	3	trialwise	1323;3165;4816	1323;3165;4816	9;20;31	56;130;13	sub-017_ses-103_task-s9;sub-017_ses-204_task-s9;sub-017_ses-303_task-s9	1323	9	56	sub-017	ses-103	task-s9	1;2;3	9;9;9
1239	3507	1239	1240	3	3	trialwise	1361;3185;4855	1361;3185;4855	9;20;31	94;150;52	sub-017_ses-103_task-s9;sub-017_ses-204_task-s9;sub-017_ses-303_task-s9	1361	9	94	sub-017	ses-103	task-s9	1;2;3	9;9;9
1240	3542	1240	1241	3	3	trialwise	1711;3447;5275	1711;3447;5275	11;22;33	110;78;138	sub-017_ses-103_task-s11;sub-017_ses-203_task-s11;sub-017_ses-304_task-s11	1711	11	110	sub-017	ses-103	task-s11	1;2;3	11;11;11
1241	3559	1241	1242	3	3	trialwise	1633;3410;5145	1633;3410;5145	11;22;33	32;41;8	sub-017_ses-103_task-s11;sub-017_ses-203_task-s11;sub-017_ses-304_task-s11	1633	11	32	sub-017	ses-103	task-s11	1;2;3	11;11;11
1242	3575	1242	1243	3	3	trialwise	1333;3150;4880	1333;3150;4880	9;20;31	66;115;77	sub-017_ses-103_task-s9;sub-017_ses-204_task-s9;sub-017_ses-303_task-s9	1333	9	66	sub-017	ses-103	task-s9	1;2;3	9;9;9
1243	3587	1243	1244	3	3	trialwise	1563;3269;4979	1563;3269;4979	10;21;32	129;67;9	sub-017_ses-103_task-s10;sub-017_ses-203_task-s10;sub-017_ses-303_task-s10	1563	10	129	sub-017	ses-103	task-s10	1;2;3	10;10;10
1244	3609	1244	1245	3	3	trialwise	1329;3089;4930	1329;3089;4930	9;20;31	62;54;127	sub-017_ses-103_task-s9;sub-017_ses-204_task-s9;sub-017_ses-303_task-s9	1329	9	62	sub-017	ses-103	task-s9	1;2;3	9;9;9
1245	3640	1245	1246	3	3	trialwise	1340;3065;4842	1340;3065;4842	9;20;31	73;30;39	sub-017_ses-103_task-s9;sub-017_ses-204_task-s9;sub-017_ses-303_task-s9	1340	9	73	sub-017	ses-103	task-s9	1;2;3	9;9;9
1246	3642	1246	1247	3	3	trialwise	1295;3105;4881	1295;3105;4881	9;20;31	28;70;78	sub-017_ses-103_task-s9;sub-017_ses-204_task-s9;sub-017_ses-303_task-s9	1295	9	28	sub-017	ses-103	task-s9	1;2;3	9;9;9
1247	3676	1247	1248	3	3	trialwise	1451;3326;5043	1451;3326;5043	10;21;32	17;124;73	sub-017_ses-103_task-s10;sub-017_ses-203_task-s10;sub-017_ses-303_task-s10	1451	10	17	sub-017	ses-103	task-s10	1;2;3	10;10;10
1248	3686	1248	1249	3	3	trialwise	1716;3500;5239	1716;3500;5239	11;22;33	115;131;102	sub-017_ses-103_task-s11;sub-017_ses-203_task-s11;sub-017_ses-304_task-s11	1716	11	115	sub-017	ses-103	task-s11	1;2;3	11;11;11
1249	3693	1249	1250	3	3	trialwise	1529;3332;5033	1529;3332;5033	10;21;32	95;130;63	sub-017_ses-103_task-s10;sub-017_ses-203_task-s10;sub-017_ses-303_task-s10	1529	10	95	sub-017	ses-103	task-s10	1;2;3	10;10;10
1250	3732	1250	1251	3	3	trialwise	1664;3472;5212	1664;3472;5212	11;22;33	63;103;75	sub-017_ses-103_task-s11;sub-017_ses-203_task-s11;sub-017_ses-304_task-s11	1664	11	63	sub-017	ses-103	task-s11	1;2;3	11;11;11
1251	3756	1251	1252	3	3	trialwise	1522;3240;5038	1522;3240;5038	10;21;32	88;38;68	sub-017_ses-103_task-s10;sub-017_ses-203_task-s10;sub-017_ses-303_task-s10	1522	10	88	sub-017	ses-103	task-s10	1;2;3	10;10;10
1252	3773	1252	1253	3	3	trialwise	1289;3149;4913	1289;3149;4913	9;20;31	22;114;110	sub-017_ses-103_task-s9;sub-017_ses-204_task-s9;sub-017_ses-303_task-s9	1289	9	22	sub-017	ses-103	task-s9	1;2;3	9;9;9
1253	3780	1253	1254	3	3	trialwise	1717;3460;5238	1717;3460;5238	11;22;33	116;91;101	sub-017_ses-103_task-s11;sub-017_ses-203_task-s11;sub-017_ses-304_task-s11	1717	11	116	sub-017	ses-103	task-s11	1;2;3	11;11;11
1254	3820	1254	1255	3	3	trialwise	1532;3286;5079	1532;3286;5079	10;21;32	98;84;109	sub-017_ses-103_task-s10;sub-017_ses-203_task-s10;sub-017_ses-303_task-s10	1532	10	98	sub-017	ses-103	task-s10	1;2;3	10;10;10
1255	3823	1255	1256	3	3	trialwise	1569;3280;5106	1569;3280;5106	10;21;32	135;78;136	sub-017_ses-103_task-s10;sub-017_ses-203_task-s10;sub-017_ses-303_task-s10	1569	10	135	sub-017	ses-103	task-s10	1;2;3	10;10;10
1256	3851	1256	1257	3	3	trialwise	1492;3307;4977	1492;3307;4977	10;21;32	58;105;7	sub-017_ses-103_task-s10;sub-017_ses-203_task-s10;sub-017_ses-303_task-s10	1492	10	58	sub-017	ses-103	task-s10	1;2;3	10;10;10
1257	3865	1257	1258	3	3	trialwise	1581;3318;5004	1581;3318;5004	10;21;32	147;116;34	sub-017_ses-103_task-s10;sub-017_ses-203_task-s10;sub-017_ses-303_task-s10	1581	10	147	sub-017	ses-103	task-s10	1;2;3	10;10;10
1258	3902	1258	1259	3	3	trialwise	1593;3323;4983	1593;3323;4983	10;21;32	159;121;13	sub-017_ses-103_task-s10;sub-017_ses-203_task-s10;sub-017_ses-303_task-s10	1593	10	159	sub-017	ses-103	task-s10	1;2;3	10;10;10
1259	3913	1259	1260	3	3	trialwise	1621;3517;5298	1621;3517;5298	11;22;33	20;148;161	sub-017_ses-103_task-s11;sub-017_ses-203_task-s11;sub-017_ses-304_task-s11	1621	11	20	sub-017	ses-103	task-s11	1;2;3	11;11;11
1260	3945	1260	1261	3	3	trialwise	1474;3255;5117	1474;3255;5117	10;21;32	40;53;147	sub-017_ses-103_task-s10;sub-017_ses-203_task-s10;sub-017_ses-303_task-s10	1474	10	40	sub-017	ses-103	task-s10	1;2;3	10;10;10
1261	3948	1261	1262	3	3	trialwise	1389;3198;4813	1389;3198;4813	9;20;31	122;163;10	sub-017_ses-103_task-s9;sub-017_ses-204_task-s9;sub-017_ses-303_task-s9	1389	9	122	sub-017	ses-103	task-s9	1;2;3	9;9;9
1262	3962	1262	1263	3	3	trialwise	1388;3140;4939	1388;3140;4939	9;20;31	121;105;136	sub-017_ses-103_task-s9;sub-017_ses-204_task-s9;sub-017_ses-303_task-s9	1388	9	121	sub-017	ses-103	task-s9	1;2;3	9;9;9
1263	3977	1263	1264	3	3	trialwise	1764;3510;5160	1764;3510;5160	11;22;33	163;141;23	sub-017_ses-103_task-s11;sub-017_ses-203_task-s11;sub-017_ses-304_task-s11	1764	11	163	sub-017	ses-103	task-s11	1;2;3	11;11;11
1264	4005	1264	1265	3	3	trialwise	1461;3313;5026	1461;3313;5026	10;21;32	27;111;56	sub-017_ses-103_task-s10;sub-017_ses-203_task-s10;sub-017_ses-303_task-s10	1461	10	27	sub-017	ses-103	task-s10	1;2;3	10;10;10
1265	4020	1265	1266	3	3	trialwise	1520;3309;4985	1520;3309;4985	10;21;32	86;107;15	sub-017_ses-103_task-s10;sub-017_ses-203_task-s10;sub-017_ses-303_task-s10	1520	10	86	sub-017	ses-103	task-s10	1;2;3	10;10;10
1266	4058	1266	1267	3	3	trialwise	1472;3235;5126	1472;3235;5126	10;21;32	38;33;156	sub-017_ses-103_task-s10;sub-017_ses-203_task-s10;sub-017_ses-303_task-s10	1472	10	38	sub-017	ses-103	task-s10	1;2;3	10;10;10
1267	4069	1267	1268	3	3	trialwise	1618;3493;5227	1618;3493;5227	11;22;33	17;124;90	sub-017_ses-103_task-s11;sub-017_ses-203_task-s11;sub-017_ses-304_task-s11	1618	11	17	sub-017	ses-103	task-s11	1;2;3	11;11;11
1268	4108	1268	1269	3	3	trialwise	1318;3102;4863	1318;3102;4863	9;20;31	51;67;60	sub-017_ses-103_task-s9;sub-017_ses-204_task-s9;sub-017_ses-303_task-s9	1318	9	51	sub-017	ses-103	task-s9	1;2;3	9;9;9
1269	4119	1269	1270	3	3	trialwise	1495;3221;5018	1495;3221;5018	10;21;32	61;19;48	sub-017_ses-103_task-s10;sub-017_ses-203_task-s10;sub-017_ses-303_task-s10	1495	10	61	sub-017	ses-103	task-s10	1;2;3	10;10;10
1270	4142	1270	1271	3	3	trialwise	1307;3043;4910	1307;3043;4910	9;20;31	40;8;107	sub-017_ses-103_task-s9;sub-017_ses-204_task-s9;sub-017_ses-303_task-s9	1307	9	40	sub-017	ses-103	task-s9	1;2;3	9;9;9
1271	4148	1271	1272	3	3	trialwise	1554;3288;5105	1554;3288;5105	10;21;32	120;86;135	sub-017_ses-103_task-s10;sub-017_ses-203_task-s10;sub-017_ses-303_task-s10	1554	10	120	sub-017	ses-103	task-s10	1;2;3	10;10;10
1272	4177	1272	1273	3	3	trialwise	1678;3519;5254	1678;3519;5254	11;22;33	77;150;117	sub-017_ses-103_task-s11;sub-017_ses-203_task-s11;sub-017_ses-304_task-s11	1678	11	77	sub-017	ses-103	task-s11	1;2;3	11;11;11
1273	4188	1273	1274	3	3	trialwise	1425;3074;4911	1425;3074;4911	9;20;31	158;39;108	sub-017_ses-103_task-s9;sub-017_ses-204_task-s9;sub-017_ses-303_task-s9	1425	9	158	sub-017	ses-103	task-s9	1;2;3	9;9;9
1274	4201	1274	1275	3	3	trialwise	1600;3365;4981	1600;3365;4981	10;21;32	166;163;11	sub-017_ses-103_task-s10;sub-017_ses-203_task-s10;sub-017_ses-303_task-s10	1600	10	166	sub-017	ses-103	task-s10	1;2;3	10;10;10
1275	4204	1275	1276	3	3	trialwise	1341;3085;4826	1341;3085;4826	9;20;31	74;50;23	sub-017_ses-103_task-s9;sub-017_ses-204_task-s9;sub-017_ses-303_task-s9	1341	9	74	sub-017	ses-103	task-s9	1;2;3	9;9;9
1276	4242	1276	1277	3	3	trialwise	1643;3436;5174	1643;3436;5174	11;22;33	42;67;37	sub-017_ses-103_task-s11;sub-017_ses-203_task-s11;sub-017_ses-304_task-s11	1643	11	42	sub-017	ses-103	task-s11	1;2;3	11;11;11
1277	4263	1277	1278	3	3	trialwise	1670;3384;5247	1670;3384;5247	11;22;33	69;15;110	sub-017_ses-103_task-s11;sub-017_ses-203_task-s11;sub-017_ses-304_task-s11	1670	11	69	sub-017	ses-103	task-s11	1;2;3	11;11;11
1278	4288	1278	1279	3	3	trialwise	1558;3263;5056	1558;3263;5056	10;21;32	124;61;86	sub-017_ses-103_task-s10;sub-017_ses-203_task-s10;sub-017_ses-303_task-s10	1558	10	124	sub-017	ses-103	task-s10	1;2;3	10;10;10
1279	4300	1279	1280	3	3	trialwise	1370;3130;4954	1370;3130;4954	9;20;31	103;95;151	sub-017_ses-103_task-s9;sub-017_ses-204_task-s9;sub-017_ses-303_task-s9	1370	9	103	sub-017	ses-103	task-s9	1;2;3	9;9;9
1280	4326	1280	1281	3	3	trialwise	1321;3164;4896	1321;3164;4896	9;20;31	54;129;93	sub-017_ses-103_task-s9;sub-017_ses-204_task-s9;sub-017_ses-303_task-s9	1321	9	54	sub-017	ses-103	task-s9	1;2;3	9;9;9
1281	4336	1281	1282	3	3	trialwise	1446;3302;5113	1446;3302;5113	10;21;32	12;100;143	sub-017_ses-103_task-s10;sub-017_ses-203_task-s10;sub-017_ses-303_task-s10	1446	10	12	sub-017	ses-103	task-s10	1;2;3	10;10;10
1282	4371	1282	1283	3	3	trialwise	1755;3488;5165	1755;3488;5165	11;22;33	154;119;28	sub-017_ses-103_task-s11;sub-017_ses-203_task-s11;sub-017_ses-304_task-s11	1755	11	154	sub-017	ses-103	task-s11	1;2;3	11;11;11
1283	4377	1283	1284	3	3	trialwise	1672;3377;5274	1672;3377;5274	11;22;33	71;8;137	sub-017_ses-103_task-s11;sub-017_ses-203_task-s11;sub-017_ses-304_task-s11	1672	11	71	sub-017	ses-103	task-s11	1;2;3	11;11;11
1284	4401	1284	1285	3	3	trialwise	1693;3431;5142	1693;3431;5142	11;22;33	92;62;5	sub-017_ses-103_task-s11;sub-017_ses-203_task-s11;sub-017_ses-304_task-s11	1693	11	92	sub-017	ses-103	task-s11	1;2;3	11;11;11
1285	4439	1285	1286	3	3	trialwise	1465;3242;5095	1465;3242;5095	10;21;32	31;40;125	sub-017_ses-103_task-s10;sub-017_ses-203_task-s10;sub-017_ses-303_task-s10	1465	10	31	sub-017	ses-103	task-s10	1;2;3	10;10;10
1286	4444	1286	1287	3	3	trialwise	1366;3054;4961	1366;3054;4961	9;20;31	99;19;158	sub-017_ses-103_task-s9;sub-017_ses-204_task-s9;sub-017_ses-303_task-s9	1366	9	99	sub-017	ses-103	task-s9	1;2;3	9;9;9
1287	4472	1287	1288	3	3	trialwise	1647;3412;5173	1647;3412;5173	11;22;33	46;43;36	sub-017_ses-103_task-s11;sub-017_ses-203_task-s11;sub-017_ses-304_task-s11	1647	11	46	sub-017	ses-103	task-s11	1;2;3	11;11;11
1288	4495	1288	1289	3	3	trialwise	1726;3452;5261	1726;3452;5261	11;22;33	125;83;124	sub-017_ses-103_task-s11;sub-017_ses-203_task-s11;sub-017_ses-304_task-s11	1726	11	125	sub-017	ses-103	task-s11	1;2;3	11;11;11
1289	4504	1289	1290	3	3	trialwise	1545;3321;5046	1545;3321;5046	10;21;32	111;119;76	sub-017_ses-103_task-s10;sub-017_ses-203_task-s10;sub-017_ses-303_task-s10	1545	10	111	sub-017	ses-103	task-s10	1;2;3	10;10;10
1290	4528	1290	1291	3	3	trialwise	1424;3146;4946	1424;3146;4946	9;20;31	157;111;143	sub-017_ses-103_task-s9;sub-017_ses-204_task-s9;sub-017_ses-303_task-s9	1424	9	157	sub-017	ses-103	task-s9	1;2;3	9;9;9
1291	4530	1291	1292	3	3	trialwise	1432;3193;4808	1432;3193;4808	9;20;31	165;158;5	sub-017_ses-103_task-s9;sub-017_ses-204_task-s9;sub-017_ses-303_task-s9	1432	9	165	sub-017	ses-103	task-s9	1;2;3	9;9;9
1292	4562	1292	1293	3	3	trialwise	1686;3475;5178	1686;3475;5178	11;22;33	85;106;41	sub-017_ses-103_task-s11;sub-017_ses-203_task-s11;sub-017_ses-304_task-s11	1686	11	85	sub-017	ses-103	task-s11	1;2;3	11;11;11
1293	4582	1293	1294	3	3	trialwise	1712;3432;5269	1712;3432;5269	11;22;33	111;63;132	sub-017_ses-103_task-s11;sub-017_ses-203_task-s11;sub-017_ses-304_task-s11	1712	11	111	sub-017	ses-103	task-s11	1;2;3	11;11;11
1294	4613	1294	1295	3	3	trialwise	1552;3250;5015	1552;3250;5015	10;21;32	118;48;45	sub-017_ses-103_task-s10;sub-017_ses-203_task-s10;sub-017_ses-303_task-s10	1552	10	118	sub-017	ses-103	task-s10	1;2;3	10;10;10
1295	4627	1295	1296	3	3	trialwise	1745;3490;5197	1745;3490;5197	11;22;33	144;121;60	sub-017_ses-103_task-s11;sub-017_ses-203_task-s11;sub-017_ses-304_task-s11	1745	11	144	sub-017	ses-103	task-s11	1;2;3	11;11;11
1296	4648	1296	1297	3	3	trialwise	1758;3402;5205	1758;3402;5205	11;22;33	157;33;68	sub-017_ses-103_task-s11;sub-017_ses-203_task-s11;sub-017_ses-304_task-s11	1758	11	157	sub-017	ses-103	task-s11	1;2;3	11;11;11
1297	4664	1297	1298	3	3	trialwise	1720;3397;5232	1720;3397;5232	11;22;33	119;28;95	sub-017_ses-103_task-s11;sub-017_ses-203_task-s11;sub-017_ses-304_task-s11	1720	11	119	sub-017	ses-103	task-s11	1;2;3	11;11;11
1298	4688	1298	1299	3	3	trialwise	1416;3114;4945	1416;3114;4945	9;20;31	149;79;142	sub-017_ses-103_task-s9;sub-017_ses-204_task-s9;sub-017_ses-303_task-s9	1416	9	149	sub-017	ses-103	task-s9	1;2;3	9;9;9
1299	4699	1299	1300	3	3	trialwise	1526;3289;5081	1526;3289;5081	10;21;32	92;87;111	sub-017_ses-103_task-s10;sub-017_ses-203_task-s10;sub-017_ses-303_task-s10	1526	10	92	sub-017	ses-103	task-s10	1;2;3	10;10;10
1300	4726	1300	1301	3	3	trialwise	1735;3513;5189	1735;3513;5189	11;22;33	134;144;52	sub-017_ses-103_task-s11;sub-017_ses-203_task-s11;sub-017_ses-304_task-s11	1735	11	134	sub-017	ses-103	task-s11	1;2;3	11;11;11
1301	4752	1301	1302	3	3	trialwise	1612;3492;5150	1612;3492;5150	11;22;33	11;123;13	sub-017_ses-103_task-s11;sub-017_ses-203_task-s11;sub-017_ses-304_task-s11	1612	11	11	sub-017	ses-103	task-s11	1;2;3	11;11;11
1302	4763	1302	1303	3	3	trialwise	1397;3051;4866	1397;3051;4866	9;20;31	130;16;63	sub-017_ses-103_task-s9;sub-017_ses-204_task-s9;sub-017_ses-303_task-s9	1397	9	130	sub-017	ses-103	task-s9	1;2;3	9;9;9
1303	4772	1303	1304	3	3	trialwise	1603;3413;5141	1603;3413;5141	11;22;33	2;44;4	sub-017_ses-103_task-s11;sub-017_ses-203_task-s11;sub-017_ses-304_task-s11	1603	11	2	sub-017	ses-103	task-s11	1;2;3	11;11;11
1304	4817	1304	1305	3	3	trialwise	1395;3202;4936	1395;3202;4936	9;20;31	128;167;133	sub-017_ses-103_task-s9;sub-017_ses-204_task-s9;sub-017_ses-303_task-s9	1395	9	128	sub-017	ses-103	task-s9	1;2;3	9;9;9
1305	4833	1305	1306	3	3	trialwise	1642;3459;5258	1642;3459;5258	11;22;33	41;90;121	sub-017_ses-103_task-s11;sub-017_ses-203_task-s11;sub-017_ses-304_task-s11	1642	11	41	sub-017	ses-103	task-s11	1;2;3	11;11;11
1306	4852	1306	1307	3	3	trialwise	1286;3049;4908	1286;3049;4908	9;20;31	19;14;105	sub-017_ses-103_task-s9;sub-017_ses-204_task-s9;sub-017_ses-303_task-s9	1286	9	19	sub-017	ses-103	task-s9	1;2;3	9;9;9
1307	4868	1307	1308	3	3	trialwise	1521;3316;4990	1521;3316;4990	10;21;32	87;114;20	sub-017_ses-103_task-s10;sub-017_ses-203_task-s10;sub-017_ses-303_task-s10	1521	10	87	sub-017	ses-103	task-s10	1;2;3	10;10;10
1308	4898	1308	1309	3	3	trialwise	1762;3376;5240	1762;3376;5240	11;22;33	161;7;103	sub-017_ses-103_task-s11;sub-017_ses-203_task-s11;sub-017_ses-304_task-s11	1762	11	161	sub-017	ses-103	task-s11	1;2;3	11;11;11
1309	4899	1309	1310	3	3	trialwise	1278;3191;4805	1278;3191;4805	9;20;31	11;156;2	sub-017_ses-103_task-s9;sub-017_ses-204_task-s9;sub-017_ses-303_task-s9	1278	9	11	sub-017	ses-103	task-s9	1;2;3	9;9;9
1310	4938	1310	1311	3	3	trialwise	1459;3346;5014	1459;3346;5014	10;21;32	25;144;44	sub-017_ses-103_task-s10;sub-017_ses-203_task-s10;sub-017_ses-303_task-s10	1459	10	25	sub-017	ses-103	task-s10	1;2;3	10;10;10
1311	4955	1311	1312	3	3	trialwise	1653;3422;5302	1653;3422;5302	11;22;33	52;53;165	sub-017_ses-103_task-s11;sub-017_ses-203_task-s11;sub-017_ses-304_task-s11	1653	11	52	sub-017	ses-103	task-s11	1;2;3	11;11;11
1312	4972	1312	1313	3	3	trialwise	1420;3077;4879	1420;3077;4879	9;20;31	153;42;76	sub-017_ses-103_task-s9;sub-017_ses-204_task-s9;sub-017_ses-303_task-s9	1420	9	153	sub-017	ses-103	task-s9	1;2;3	9;9;9
1313	4989	1313	1314	3	3	trialwise	1310;3104;4905	1310;3104;4905	9;20;31	43;69;102	sub-017_ses-103_task-s9;sub-017_ses-204_task-s9;sub-017_ses-303_task-s9	1310	9	43	sub-017	ses-103	task-s9	1;2;3	9;9;9
1314	5010	1314	1315	3	3	trialwise	1471;3363;5006	1471;3363;5006	10;21;32	37;161;36	sub-017_ses-103_task-s10;sub-017_ses-203_task-s10;sub-017_ses-303_task-s10	1471	10	37	sub-017	ses-103	task-s10	1;2;3	10;10;10
1315	5039	1315	1316	3	3	trialwise	1499;3295;4980	1499;3295;4980	10;21;32	65;93;10	sub-017_ses-103_task-s10;sub-017_ses-203_task-s10;sub-017_ses-303_task-s10	1499	10	65	sub-017	ses-103	task-s10	1;2;3	10;10;10
1316	5047	1316	1317	3	3	trialwise	1733;3400;5201	1733;3400;5201	11;22;33	132;31;64	sub-017_ses-103_task-s11;sub-017_ses-203_task-s11;sub-017_ses-304_task-s11	1733	11	132	sub-017	ses-103	task-s11	1;2;3	11;11;11
1317	5056	1317	1318	3	3	trialwise	1447;3227;4998	1447;3227;4998	10;21;32	13;25;28	sub-017_ses-103_task-s10;sub-017_ses-203_task-s10;sub-017_ses-303_task-s10	1447	10	13	sub-017	ses-103	task-s10	1;2;3	10;10;10
1318	5082	1318	1319	3	3	trialwise	1376;3157;4859	1376;3157;4859	9;20;31	109;122;56	sub-017_ses-103_task-s9;sub-017_ses-204_task-s9;sub-017_ses-303_task-s9	1376	9	109	sub-017	ses-103	task-s9	1;2;3	9;9;9
1319	5086	1319	1320	3	3	trialwise	1719;3453;5303	1719;3453;5303	11;22;33	118;84;166	sub-017_ses-103_task-s11;sub-017_ses-203_task-s11;sub-017_ses-304_task-s11	1719	11	118	sub-017	ses-103	task-s11	1;2;3	11;11;11
1320	5125	1320	1321	3	3	trialwise	1724;3423;5220	1724;3423;5220	11;22;33	123;54;83	sub-017_ses-103_task-s11;sub-017_ses-203_task-s11;sub-017_ses-304_task-s11	1724	11	123	sub-017	ses-103	task-s11	1;2;3	11;11;11
1321	5132	1321	1322	3	3	trialwise	1698;3445;5289	1698;3445;5289	11;22;33	97;76;152	sub-017_ses-103_task-s11;sub-017_ses-203_task-s11;sub-017_ses-304_task-s11	1698	11	97	sub-017	ses-103	task-s11	1;2;3	11;11;11
1322	5167	1322	1323	3	3	trialwise	1615;3417;5270	1615;3417;5270	11;22;33	14;48;133	sub-017_ses-103_task-s11;sub-017_ses-203_task-s11;sub-017_ses-304_task-s11	1615	11	14	sub-017	ses-103	task-s11	1;2;3	11;11;11
1323	5183	1323	1324	3	3	trialwise	1394;3189;4876	1394;3189;4876	9;20;31	127;154;73	sub-017_ses-103_task-s9;sub-017_ses-204_task-s9;sub-017_ses-303_task-s9	1394	9	127	sub-017	ses-103	task-s9	1;2;3	9;9;9
1324	5229	1324	1325	3	3	trialwise	1477;3231;5076	1477;3231;5076	10;21;32	43;29;106	sub-017_ses-103_task-s10;sub-017_ses-203_task-s10;sub-017_ses-303_task-s10	1477	10	43	sub-017	ses-103	task-s10	1;2;3	10;10;10
1325	5237	1325	1326	3	3	trialwise	1684;3441;5166	1684;3441;5166	11;22;33	83;72;29	sub-017_ses-103_task-s11;sub-017_ses-203_task-s11;sub-017_ses-304_task-s11	1684	11	83	sub-017	ses-103	task-s11	1;2;3	11;11;11
1326	5261	1326	1327	3	3	trialwise	1359;3073;4934	1359;3073;4934	9;20;31	92;38;131	sub-017_ses-103_task-s9;sub-017_ses-204_task-s9;sub-017_ses-303_task-s9	1359	9	92	sub-017	ses-103	task-s9	1;2;3	9;9;9
1327	5270	1327	1328	3	3	trialwise	1396;3078;4846	1396;3078;4846	9;20;31	129;43;43	sub-017_ses-103_task-s9;sub-017_ses-204_task-s9;sub-017_ses-303_task-s9	1396	9	129	sub-017	ses-103	task-s9	1;2;3	9;9;9
1328	5289	1328	1329	3	3	trialwise	1579;3251;5037	1579;3251;5037	10;21;32	145;49;67	sub-017_ses-103_task-s10;sub-017_ses-203_task-s10;sub-017_ses-303_task-s10	1579	10	145	sub-017	ses-103	task-s10	1;2;3	10;10;10
1329	5304	1329	1330	3	3	trialwise	1543;3341;5127	1543;3341;5127	10;21;32	109;139;157	sub-017_ses-103_task-s10;sub-017_ses-203_task-s10;sub-017_ses-303_task-s10	1543	10	109	sub-017	ses-103	task-s10	1;2;3	10;10;10
1330	5328	1330	1331	3	3	trialwise	1614;3395;5268	1614;3395;5268	11;22;33	13;26;131	sub-017_ses-103_task-s11;sub-017_ses-203_task-s11;sub-017_ses-304_task-s11	1614	11	13	sub-017	ses-103	task-s11	1;2;3	11;11;11
1331	5331	1331	1332	3	3	trialwise	1649;3427;5264	1649;3427;5264	11;22;33	48;58;127	sub-017_ses-103_task-s11;sub-017_ses-203_task-s11;sub-017_ses-304_task-s11	1649	11	48	sub-017	ses-103	task-s11	1;2;3	11;11;11
1332	5371	1332	1333	3	3	trialwise	1525;3249;5058	1525;3249;5058	10;21;32	91;47;88	sub-017_ses-103_task-s10;sub-017_ses-203_task-s10;sub-017_ses-303_task-s10	1525	10	91	sub-017	ses-103	task-s10	1;2;3	10;10;10
1333	5395	1333	1334	3	3	trialwise	1654;3433;5211	1654;3433;5211	11;22;33	53;64;74	sub-017_ses-103_task-s11;sub-017_ses-203_task-s11;sub-017_ses-304_task-s11	1654	11	53	sub-017	ses-103	task-s11	1;2;3	11;11;11
1334	5413	1334	1335	3	3	trialwise	1283;3138;4875	1283;3138;4875	9;20;31	16;103;72	sub-017_ses-103_task-s9;sub-017_ses-204_task-s9;sub-017_ses-303_task-s9	1283	9	16	sub-017	ses-103	task-s9	1;2;3	9;9;9
1335	5431	1335	1336	3	3	trialwise	1571;3335;4996	1571;3335;4996	10;21;32	137;133;26	sub-017_ses-103_task-s10;sub-017_ses-203_task-s10;sub-017_ses-303_task-s10	1571	10	137	sub-017	ses-103	task-s10	1;2;3	10;10;10
1336	5450	1336	1337	3	3	trialwise	1734;3487;5260	1734;3487;5260	11;22;33	133;118;123	sub-017_ses-103_task-s11;sub-017_ses-203_task-s11;sub-017_ses-304_task-s11	1734	11	133	sub-017	ses-103	task-s11	1;2;3	11;11;11
1337	5475	1337	1338	3	3	trialwise	1317;3192;4950	1317;3192;4950	9;20;31	50;157;147	sub-017_ses-103_task-s9;sub-017_ses-204_task-s9;sub-017_ses-303_task-s9	1317	9	50	sub-017	ses-103	task-s9	1;2;3	9;9;9
1338	5486	1338	1339	3	3	trialwise	1713;3470;5233	1713;3470;5233	11;22;33	112;101;96	sub-017_ses-103_task-s11;sub-017_ses-203_task-s11;sub-017_ses-304_task-s11	1713	11	112	sub-017	ses-103	task-s11	1;2;3	11;11;11
1339	5512	1339	1340	3	3	trialwise	1308;3131;4858	1308;3131;4858	9;20;31	41;96;55	sub-017_ses-103_task-s9;sub-017_ses-204_task-s9;sub-017_ses-303_task-s9	1308	9	41	sub-017	ses-103	task-s9	1;2;3	9;9;9
1340	5525	1340	1341	3	3	trialwise	1463;3247;5031	1463;3247;5031	10;21;32	29;45;61	sub-017_ses-103_task-s10;sub-017_ses-203_task-s10;sub-017_ses-303_task-s10	1463	10	29	sub-017	ses-103	task-s10	1;2;3	10;10;10
1341	5533	1341	1342	3	3	trialwise	1746;3415;5235	1746;3415;5235	11;22;33	145;46;98	sub-017_ses-103_task-s11;sub-017_ses-203_task-s11;sub-017_ses-304_task-s11	1746	11	145	sub-017	ses-103	task-s11	1;2;3	11;11;11
1342	5576	1342	1343	3	3	trialwise	1412;3062;4904	1412;3062;4904	9;20;31	145;27;101	sub-017_ses-103_task-s9;sub-017_ses-204_task-s9;sub-017_ses-303_task-s9	1412	9	145	sub-017	ses-103	task-s9	1;2;3	9;9;9
1343	5600	1343	1344	3	3	trialwise	1736;3471;5215	1736;3471;5215	11;22;33	135;102;78	sub-017_ses-103_task-s11;sub-017_ses-203_task-s11;sub-017_ses-304_task-s11	1736	11	135	sub-017	ses-103	task-s11	1;2;3	11;11;11
1344	5608	1344	1345	3	3	trialwise	1671;3526;5157	1671;3526;5157	11;22;33	70;157;20	sub-017_ses-103_task-s11;sub-017_ses-203_task-s11;sub-017_ses-304_task-s11	1671	11	70	sub-017	ses-103	task-s11	1;2;3	11;11;11
1345	5615	1345	1346	3	3	trialwise	1578;3355;5103	1578;3355;5103	10;21;32	144;153;133	sub-017_ses-103_task-s10;sub-017_ses-203_task-s10;sub-017_ses-303_task-s10	1578	10	144	sub-017	ses-103	task-s10	1;2;3	10;10;10
1346	5673	1346	1347	3	3	trialwise	1694;3375;5256	1694;3375;5256	11;22;33	93;6;119	sub-017_ses-103_task-s11;sub-017_ses-203_task-s11;sub-017_ses-304_task-s11	1694	11	93	sub-017	ses-103	task-s11	1;2;3	11;11;11
1347	5675	1347	1348	3	3	trialwise	1616;3520;5139	1616;3520;5139	11;22;33	15;151;2	sub-017_ses-103_task-s11;sub-017_ses-203_task-s11;sub-017_ses-304_task-s11	1616	11	15	sub-017	ses-103	task-s11	1;2;3	11;11;11
1348	5681	1348	1349	3	3	trialwise	1365;3136;4889	1365;3136;4889	9;20;31	98;101;86	sub-017_ses-103_task-s9;sub-017_ses-204_task-s9;sub-017_ses-303_task-s9	1365	9	98	sub-017	ses-103	task-s9	1;2;3	9;9;9
1349	5690	1349	1350	3	3	trialwise	1506;3264;5129	1506;3264;5129	10;21;32	72;62;159	sub-017_ses-103_task-s10;sub-017_ses-203_task-s10;sub-017_ses-303_task-s10	1506	10	72	sub-017	ses-103	task-s10	1;2;3	10;10;10
1350	5721	1350	1351	3	3	trialwise	1491;3241;5087	1491;3241;5087	10;21;32	57;39;117	sub-017_ses-103_task-s10;sub-017_ses-203_task-s10;sub-017_ses-303_task-s10	1491	10	57	sub-017	ses-103	task-s10	1;2;3	10;10;10
1351	5759	1351	1352	3	3	trialwise	1505;3248;5017	1505;3248;5017	10;21;32	71;46;47	sub-017_ses-103_task-s10;sub-017_ses-203_task-s10;sub-017_ses-303_task-s10	1505	10	71	sub-017	ses-103	task-s10	1;2;3	10;10;10
1352	5777	1352	1353	3	3	trialwise	1689;3481;5216	1689;3481;5216	11;22;33	88;112;79	sub-017_ses-103_task-s11;sub-017_ses-203_task-s11;sub-017_ses-304_task-s11	1689	11	88	sub-017	ses-103	task-s11	1;2;3	11;11;11
1353	5796	1353	1354	3	3	trialwise	1624;3446;5187	1624;3446;5187	11;22;33	23;77;50	sub-017_ses-103_task-s11;sub-017_ses-203_task-s11;sub-017_ses-304_task-s11	1624	11	23	sub-017	ses-103	task-s11	1;2;3	11;11;11
1354	5804	1354	1355	3	3	trialwise	1544;3304;5009	1544;3304;5009	10;21;32	110;102;39	sub-017_ses-103_task-s10;sub-017_ses-203_task-s10;sub-017_ses-303_task-s10	1544	10	110	sub-017	ses-103	task-s10	1;2;3	10;10;10
1355	5832	1355	1356	3	3	trialwise	1721;3494;5161	1721;3494;5161	11;22;33	120;125;24	sub-017_ses-103_task-s11;sub-017_ses-203_task-s11;sub-017_ses-304_task-s11	1721	11	120	sub-017	ses-103	task-s11	1;2;3	11;11;11
1356	5858	1356	1357	3	3	trialwise	1358;3117;4914	1358;3117;4914	9;20;31	91;82;111	sub-017_ses-103_task-s9;sub-017_ses-204_task-s9;sub-017_ses-303_task-s9	1358	9	91	sub-017	ses-103	task-s9	1;2;3	9;9;9
1357	5871	1357	1358	3	3	trialwise	1487;3283;5062	1487;3283;5062	10;21;32	53;81;92	sub-017_ses-103_task-s10;sub-017_ses-203_task-s10;sub-017_ses-303_task-s10	1487	10	53	sub-017	ses-103	task-s10	1;2;3	10;10;10
1358	5897	1358	1359	3	3	trialwise	1367;3183;4867	1367;3183;4867	9;20;31	100;148;64	sub-017_ses-103_task-s9;sub-017_ses-204_task-s9;sub-017_ses-303_task-s9	1367	9	100	sub-017	ses-103	task-s9	1;2;3	9;9;9
1359	5903	1359	1360	3	3	trialwise	1303;3128;4807	1303;3128;4807	9;20;31	36;93;4	sub-017_ses-103_task-s9;sub-017_ses-204_task-s9;sub-017_ses-303_task-s9	1303	9	36	sub-017	ses-103	task-s9	1;2;3	9;9;9
1360	5932	1360	1361	3	3	trialwise	1701;3509;5271	1701;3509;5271	11;22;33	100;140;134	sub-017_ses-103_task-s11;sub-017_ses-203_task-s11;sub-017_ses-304_task-s11	1701	11	100	sub-017	ses-103	task-s11	1;2;3	11;11;11
1361	5956	1361	1362	3	3	trialwise	1682;3424;5195	1682;3424;5195	11;22;33	81;55;58	sub-017_ses-103_task-s11;sub-017_ses-203_task-s11;sub-017_ses-304_task-s11	1682	11	81	sub-017	ses-103	task-s11	1;2;3	11;11;11
1362	5979	1362	1363	3	3	trialwise	1739;3489;5279	1739;3489;5279	11;22;33	138;120;142	sub-017_ses-103_task-s11;sub-017_ses-203_task-s11;sub-017_ses-304_task-s11	1739	11	138	sub-017	ses-103	task-s11	1;2;3	11;11;11
1363	5991	1363	1364	3	3	trialwise	1353;3044;4892	1353;3044;4892	9;20;31	86;9;89	sub-017_ses-103_task-s9;sub-017_ses-204_task-s9;sub-017_ses-303_task-s9	1353	9	86	sub-017	ses-103	task-s9	1;2;3	9;9;9
1364	6001	1364	1365	3	3	trialwise	1345;3188;4815	1345;3188;4815	9;20;31	78;153;12	sub-017_ses-103_task-s9;sub-017_ses-204_task-s9;sub-017_ses-303_task-s9	1345	9	78	sub-017	ses-103	task-s9	1;2;3	9;9;9
1365	6023	1365	1366	3	3	trialwise	1363;3075;4888	1363;3075;4888	9;20;31	96;40;85	sub-017_ses-103_task-s9;sub-017_ses-204_task-s9;sub-017_ses-303_task-s9	1363	9	96	sub-017	ses-103	task-s9	1;2;3	9;9;9
1366	6059	1366	1367	3	3	trialwise	1349;3088;4917	1349;3088;4917	9;20;31	82;53;114	sub-017_ses-103_task-s9;sub-017_ses-204_task-s9;sub-017_ses-303_task-s9	1349	9	82	sub-017	ses-103	task-s9	1;2;3	9;9;9
1367	6078	1367	1368	3	3	trialwise	1510;3266;5122	1510;3266;5122	10;21;32	76;64;152	sub-017_ses-103_task-s10;sub-017_ses-203_task-s10;sub-017_ses-303_task-s10	1510	10	76	sub-017	ses-103	task-s10	1;2;3	10;10;10
1368	6083	1368	1369	3	3	trialwise	1327;3055;4967	1327;3055;4967	9;20;31	60;20;164	sub-017_ses-103_task-s9;sub-017_ses-204_task-s9;sub-017_ses-303_task-s9	1327	9	60	sub-017	ses-103	task-s9	1;2;3	9;9;9
1369	6115	1369	1370	3	3	trialwise	1765;3491;5146	1765;3491;5146	11;22;33	164;122;9	sub-017_ses-103_task-s11;sub-017_ses-203_task-s11;sub-017_ses-304_task-s11	1765	11	164	sub-017	ses-103	task-s11	1;2;3	11;11;11
1370	6137	1370	1371	3	3	trialwise	1403;3127;4822	1403;3127;4822	9;20;31	136;92;19	sub-017_ses-103_task-s9;sub-017_ses-204_task-s9;sub-017_ses-303_task-s9	1403	9	136	sub-017	ses-103	task-s9	1;2;3	9;9;9
1371	6156	1371	1372	3	3	trialwise	1608;3381;5213	1608;3381;5213	11;22;33	7;12;76	sub-017_ses-103_task-s11;sub-017_ses-203_task-s11;sub-017_ses-304_task-s11	1608	11	7	sub-017	ses-103	task-s11	1;2;3	11;11;11
1372	6166	1372	1373	3	3	trialwise	1328;3143;4947	1328;3143;4947	9;20;31	61;108;144	sub-017_ses-103_task-s9;sub-017_ses-204_task-s9;sub-017_ses-303_task-s9	1328	9	61	sub-017	ses-103	task-s9	1;2;3	9;9;9
1373	6169	1373	1374	3	3	trialwise	1476;3340;5128	1476;3340;5128	10;21;32	42;138;158	sub-017_ses-103_task-s10;sub-017_ses-203_task-s10;sub-017_ses-303_task-s10	1476	10	42	sub-017	ses-103	task-s10	1;2;3	10;10;10
1374	6215	1374	1375	3	3	trialwise	1645;3428;5164	1645;3428;5164	11;22;33	44;59;27	sub-017_ses-103_task-s11;sub-017_ses-203_task-s11;sub-017_ses-304_task-s11	1645	11	44	sub-017	ses-103	task-s11	1;2;3	11;11;11
1375	6217	1375	1376	3	3	trialwise	1629;3465;5231	1629;3465;5231	11;22;33	28;96;94	sub-017_ses-103_task-s11;sub-017_ses-203_task-s11;sub-017_ses-304_task-s11	1629	11	28	sub-017	ses-103	task-s11	1;2;3	11;11;11
1376	6245	1376	1377	3	3	trialwise	1747;3522;5244	1747;3522;5244	11;22;33	146;153;107	sub-017_ses-103_task-s11;sub-017_ses-203_task-s11;sub-017_ses-304_task-s11	1747	11	146	sub-017	ses-103	task-s11	1;2;3	11;11;11
1377	6269	1377	1378	3	3	trialwise	1468;3301;5053	1468;3301;5053	10;21;32	34;99;83	sub-017_ses-103_task-s10;sub-017_ses-203_task-s10;sub-017_ses-303_task-s10	1468	10	34	sub-017	ses-103	task-s10	1;2;3	10;10;10
1378	6304	1378	1379	3	3	trialwise	1291;3040;4838	1291;3040;4838	9;20;31	24;5;35	sub-017_ses-103_task-s9;sub-017_ses-204_task-s9;sub-017_ses-303_task-s9	1291	9	24	sub-017	ses-103	task-s9	1;2;3	9;9;9
1379	6312	1379	1380	3	3	trialwise	1572;3296;5044	1572;3296;5044	10;21;32	138;94;74	sub-017_ses-103_task-s10;sub-017_ses-203_task-s10;sub-017_ses-303_task-s10	1572	10	138	sub-017	ses-103	task-s10	1;2;3	10;10;10
1380	6332	1380	1381	3	3	trialwise	1630;3495;5184	1630;3495;5184	11;22;33	29;126;47	sub-017_ses-103_task-s11;sub-017_ses-203_task-s11;sub-017_ses-304_task-s11	1630	11	29	sub-017	ses-103	task-s11	1;2;3	11;11;11
1381	6348	1381	1382	3	3	trialwise	1294;3061;4868	1294;3061;4868	9;20;31	27;26;65	sub-017_ses-103_task-s9;sub-017_ses-204_task-s9;sub-017_ses-303_task-s9	1294	9	27	sub-017	ses-103	task-s9	1;2;3	9;9;9
1382	6364	1382	1383	3	3	trialwise	1660;3430;5155	1660;3430;5155	11;22;33	59;61;18	sub-017_ses-103_task-s11;sub-017_ses-203_task-s11;sub-017_ses-304_task-s11	1660	11	59	sub-017	ses-103	task-s11	1;2;3	11;11;11
1383	6388	1383	1384	3	3	trialwise	1754;3477;5138	1754;3477;5138	11;22;33	153;108;1	sub-017_ses-103_task-s11;sub-017_ses-203_task-s11;sub-017_ses-304_task-s11	1754	11	153	sub-017	ses-103	task-s11	1;2;3	11;11;11
1384	6412	1384	1385	3	3	trialwise	1342;3113;4886	1342;3113;4886	9;20;31	75;78;83	sub-017_ses-103_task-s9;sub-017_ses-204_task-s9;sub-017_ses-303_task-s9	1342	9	75	sub-017	ses-103	task-s9	1;2;3	9;9;9
1385	6440	1385	1386	3	3	trialwise	1568;3354;5083	1568;3354;5083	10;21;32	134;152;113	sub-017_ses-103_task-s10;sub-017_ses-203_task-s10;sub-017_ses-303_task-s10	1568	10	134	sub-017	ses-103	task-s10	1;2;3	10;10;10
1386	6447	1386	1387	3	3	trialwise	1591;3258;4991	1591;3258;4991	10;21;32	157;56;21	sub-017_ses-103_task-s10;sub-017_ses-203_task-s10;sub-017_ses-303_task-s10	1591	10	157	sub-017	ses-103	task-s10	1;2;3	10;10;10
1387	6448	1387	1388	3	3	trialwise	1688;3390;5283	1688;3390;5283	11;22;33	87;21;146	sub-017_ses-103_task-s11;sub-017_ses-203_task-s11;sub-017_ses-304_task-s11	1688	11	87	sub-017	ses-103	task-s11	1;2;3	11;11;11
1388	6482	1388	1389	3	3	trialwise	1440;3324;4986	1440;3324;4986	10;21;32	6;122;16	sub-017_ses-103_task-s10;sub-017_ses-203_task-s10;sub-017_ses-303_task-s10	1440	10	6	sub-017	ses-103	task-s10	1;2;3	10;10;10
1389	6510	1389	1390	3	3	trialwise	1748;3392;5152	1748;3392;5152	11;22;33	147;23;15	sub-017_ses-103_task-s11;sub-017_ses-203_task-s11;sub-017_ses-304_task-s11	1748	11	147	sub-017	ses-103	task-s11	1;2;3	11;11;11
1390	6534	1390	1391	3	3	trialwise	1300;3038;4878	1300;3038;4878	9;20;31	33;3;75	sub-017_ses-103_task-s9;sub-017_ses-204_task-s9;sub-017_ses-303_task-s9	1300	9	33	sub-017	ses-103	task-s9	1;2;3	9;9;9
1391	6548	1391	1392	3	3	trialwise	1438;3322;5085	1438;3322;5085	10;21;32	4;120;115	sub-017_ses-103_task-s10;sub-017_ses-203_task-s10;sub-017_ses-303_task-s10	1438	10	4	sub-017	ses-103	task-s10	1;2;3	10;10;10
1392	6563	1392	1393	3	3	trialwise	1640;3425;5251	1640;3425;5251	11;22;33	39;56;114	sub-017_ses-103_task-s11;sub-017_ses-203_task-s11;sub-017_ses-304_task-s11	1640	11	39	sub-017	ses-103	task-s11	1;2;3	11;11;11
1393	6591	1393	1394	3	3	trialwise	1377;3126;4809	1377;3126;4809	9;20;31	110;91;6	sub-017_ses-103_task-s9;sub-017_ses-204_task-s9;sub-017_ses-303_task-s9	1377	9	110	sub-017	ses-103	task-s9	1;2;3	9;9;9
1394	6631	1394	1395	3	3	trialwise	1513;3268;5132	1513;3268;5132	10;21;32	79;66;162	sub-017_ses-103_task-s10;sub-017_ses-203_task-s10;sub-017_ses-303_task-s10	1513	10	79	sub-017	ses-103	task-s10	1;2;3	10;10;10
1395	6640	1395	1396	3	3	trialwise	1644;3505;5192	1644;3505;5192	11;22;33	43;136;55	sub-017_ses-103_task-s11;sub-017_ses-203_task-s11;sub-017_ses-304_task-s11	1644	11	43	sub-017	ses-103	task-s11	1;2;3	11;11;11
1396	6657	1396	1397	3	3	trialwise	1455;3298;5065	1455;3298;5065	10;21;32	21;96;95	sub-017_ses-103_task-s10;sub-017_ses-203_task-s10;sub-017_ses-303_task-s10	1455	10	21	sub-017	ses-103	task-s10	1;2;3	10;10;10
1397	6669	1397	1398	3	3	trialwise	1731;3401;5273	1731;3401;5273	11;22;33	130;32;136	sub-017_ses-103_task-s11;sub-017_ses-203_task-s11;sub-017_ses-304_task-s11	1731	11	130	sub-017	ses-103	task-s11	1;2;3	11;11;11
1398	6685	1398	1399	3	3	trialwise	1725;3461;5163	1725;3461;5163	11;22;33	124;92;26	sub-017_ses-103_task-s11;sub-017_ses-203_task-s11;sub-017_ses-304_task-s11	1725	11	124	sub-017	ses-103	task-s11	1;2;3	11;11;11
1399	6687	1399	1400	3	3	trialwise	1566;3211;5057	1566;3211;5057	10;21;32	132;9;87	sub-017_ses-103_task-s10;sub-017_ses-203_task-s10;sub-017_ses-303_task-s10	1566	10	132	sub-017	ses-103	task-s10	1;2;3	10;10;10
1400	6738	1400	1401	3	3	trialwise	1516;3210;4976	1516;3210;4976	10;21;32	82;8;6	sub-017_ses-103_task-s10;sub-017_ses-203_task-s10;sub-017_ses-303_task-s10	1516	10	82	sub-017	ses-103	task-s10	1;2;3	10;10;10
1401	6750	1401	1402	3	3	trialwise	1628;3499;5299	1628;3499;5299	11;22;33	27;130;162	sub-017_ses-103_task-s11;sub-017_ses-203_task-s11;sub-017_ses-304_task-s11	1628	11	27	sub-017	ses-103	task-s11	1;2;3	11;11;11
1402	6761	1402	1403	3	3	trialwise	1285;3121;4920	1285;3121;4920	9;20;31	18;86;117	sub-017_ses-103_task-s9;sub-017_ses-204_task-s9;sub-017_ses-303_task-s9	1285	9	18	sub-017	ses-103	task-s9	1;2;3	9;9;9
1403	6818	1403	1404	3	3	trialwise	1381;3144;4952	1381;3144;4952	9;20;31	114;109;149	sub-017_ses-103_task-s9;sub-017_ses-204_task-s9;sub-017_ses-303_task-s9	1381	9	114	sub-017	ses-103	task-s9	1;2;3	9;9;9
1404	6819	1404	1405	3	3	trialwise	1496;3292;5051	1496;3292;5051	10;21;32	62;90;81	sub-017_ses-103_task-s10;sub-017_ses-203_task-s10;sub-017_ses-303_task-s10	1496	10	62	sub-017	ses-103	task-s10	1;2;3	10;10;10
1405	6832	1405	1406	3	3	trialwise	1639;3372;5203	1639;3372;5203	11;22;33	38;3;66	sub-017_ses-103_task-s11;sub-017_ses-203_task-s11;sub-017_ses-304_task-s11	1639	11	38	sub-017	ses-103	task-s11	1;2;3	11;11;11
1406	6871	1406	1407	3	3	trialwise	1564;3328;5042	1564;3328;5042	10;21;32	130;126;72	sub-017_ses-103_task-s10;sub-017_ses-203_task-s10;sub-017_ses-303_task-s10	1564	10	130	sub-017	ses-103	task-s10	1;2;3	10;10;10
1407	6875	1407	1408	3	3	trialwise	1599;3357;5036	1599;3357;5036	10;21;32	165;155;66	sub-017_ses-103_task-s10;sub-017_ses-203_task-s10;sub-017_ses-303_task-s10	1599	10	165	sub-017	ses-103	task-s10	1;2;3	10;10;10
1408	6889	1408	1409	3	3	trialwise	1272;3195;4850	1272;3195;4850	9;20;31	5;160;47	sub-017_ses-103_task-s9;sub-017_ses-204_task-s9;sub-017_ses-303_task-s9	1272	9	5	sub-017	ses-103	task-s9	1;2;3	9;9;9
1409	6916	1409	1410	3	3	trialwise	1659;3396;5182	1659;3396;5182	11;22;33	58;27;45	sub-017_ses-103_task-s11;sub-017_ses-203_task-s11;sub-017_ses-304_task-s11	1659	11	58	sub-017	ses-103	task-s11	1;2;3	11;11;11
1410	6935	1410	1411	3	3	trialwise	1320;3179;4966	1320;3179;4966	9;20;31	53;144;163	sub-017_ses-103_task-s9;sub-017_ses-204_task-s9;sub-017_ses-303_task-s9	1320	9	53	sub-017	ses-103	task-s9	1;2;3	9;9;9
1411	6947	1411	1412	3	3	trialwise	1418;3173;4940	1418;3173;4940	9;20;31	151;138;137	sub-017_ses-103_task-s9;sub-017_ses-204_task-s9;sub-017_ses-303_task-s9	1418	9	151	sub-017	ses-103	task-s9	1;2;3	9;9;9
1412	6964	1412	1413	3	3	trialwise	1555;3224;4993	1555;3224;4993	10;21;32	121;22;23	sub-017_ses-103_task-s10;sub-017_ses-203_task-s10;sub-017_ses-303_task-s10	1555	10	121	sub-017	ses-103	task-s10	1;2;3	10;10;10
1413	6991	1413	1414	3	3	trialwise	1519;3299;5093	1519;3299;5093	10;21;32	85;97;123	sub-017_ses-103_task-s10;sub-017_ses-203_task-s10;sub-017_ses-303_task-s10	1519	10	85	sub-017	ses-103	task-s10	1;2;3	10;10;10
1414	7008	1414	1415	3	3	trialwise	1626;3414;5285	1626;3414;5285	11;22;33	25;45;148	sub-017_ses-103_task-s11;sub-017_ses-203_task-s11;sub-017_ses-304_task-s11	1626	11	25	sub-017	ses-103	task-s11	1;2;3	11;11;11
1415	7039	1415	1416	3	3	trialwise	1490;3282;5096	1490;3282;5096	10;21;32	56;80;126	sub-017_ses-103_task-s10;sub-017_ses-203_task-s10;sub-017_ses-303_task-s10	1490	10	56	sub-017	ses-103	task-s10	1;2;3	10;10;10
1416	7056	1416	1417	3	3	trialwise	1343;3178;4839	1343;3178;4839	9;20;31	76;143;36	sub-017_ses-103_task-s9;sub-017_ses-204_task-s9;sub-017_ses-303_task-s9	1343	9	76	sub-017	ses-103	task-s9	1;2;3	9;9;9
1417	7059	1417	1418	3	3	trialwise	1584;3204;5107	1584;3204;5107	10;21;32	150;2;137	sub-017_ses-103_task-s10;sub-017_ses-203_task-s10;sub-017_ses-303_task-s10	1584	10	150	sub-017	ses-103	task-s10	1;2;3	10;10;10
1418	7082	1418	1419	3	3	trialwise	1435;3261;5047	1435;3261;5047	10;21;32	1;59;77	sub-017_ses-103_task-s10;sub-017_ses-203_task-s10;sub-017_ses-303_task-s10	1435	10	1	sub-017	ses-103	task-s10	1;2;3	10;10;10
1419	7098	1419	1420	3	3	trialwise	1371;3141;4870	1371;3141;4870	9;20;31	104;106;67	sub-017_ses-103_task-s9;sub-017_ses-204_task-s9;sub-017_ses-303_task-s9	1371	9	104	sub-017	ses-103	task-s9	1;2;3	9;9;9
1420	7140	1420	1421	3	3	trialwise	1632;3388;5228	1632;3388;5228	11;22;33	31;19;91	sub-017_ses-103_task-s11;sub-017_ses-203_task-s11;sub-017_ses-304_task-s11	1632	11	31	sub-017	ses-103	task-s11	1;2;3	11;11;11
1421	7152	1421	1422	3	3	trialwise	1537;3234;5130	1537;3234;5130	10;21;32	103;32;160	sub-017_ses-103_task-s10;sub-017_ses-203_task-s10;sub-017_ses-303_task-s10	1537	10	103	sub-017	ses-103	task-s10	1;2;3	10;10;10
1422	7165	1422	1423	3	3	trialwise	1404;3083;4830	1404;3083;4830	9;20;31	137;48;27	sub-017_ses-103_task-s9;sub-017_ses-204_task-s9;sub-017_ses-303_task-s9	1404	9	137	sub-017	ses-103	task-s9	1;2;3	9;9;9
1423	7177	1423	1424	3	3	trialwise	1761;3506;5286	1761;3506;5286	11;22;33	160;137;149	sub-017_ses-103_task-s11;sub-017_ses-203_task-s11;sub-017_ses-304_task-s11	1761	11	160	sub-017	ses-103	task-s11	1;2;3	11;11;11
1424	7204	1424	1425	3	3	trialwise	1683;3385;5196	1683;3385;5196	11;22;33	82;16;59	sub-017_ses-103_task-s11;sub-017_ses-203_task-s11;sub-017_ses-304_task-s11	1683	11	82	sub-017	ses-103	task-s11	1;2;3	11;11;11
1425	7211	1425	1426	3	3	trialwise	1419;3067;4943	1419;3067;4943	9;20;31	152;32;140	sub-017_ses-103_task-s9;sub-017_ses-204_task-s9;sub-017_ses-303_task-s9	1419	9	152	sub-017	ses-103	task-s9	1;2;3	9;9;9
1426	7252	1426	1427	3	3	trialwise	1727;3389;5281	1727;3389;5281	11;22;33	126;20;144	sub-017_ses-103_task-s11;sub-017_ses-203_task-s11;sub-017_ses-304_task-s11	1727	11	126	sub-017	ses-103	task-s11	1;2;3	11;11;11
1427	7277	1427	1428	3	3	trialwise	1636;3529;5295	1636;3529;5295	11;22;33	35;160;158	sub-017_ses-103_task-s11;sub-017_ses-203_task-s11;sub-017_ses-304_task-s11	1636	11	35	sub-017	ses-103	task-s11	1;2;3	11;11;11
1428	7315	1428	1429	3	3	trialwise	1590;3331;5072	1590;3331;5072	10;21;32	156;129;102	sub-017_ses-103_task-s10;sub-017_ses-203_task-s10;sub-017_ses-303_task-s10	1590	10	156	sub-017	ses-103	task-s10	1;2;3	10;10;10
1429	7318	1429	1430	3	3	trialwise	1469;3259;4972	1469;3259;4972	10;21;32	35;57;2	sub-017_ses-103_task-s10;sub-017_ses-203_task-s10;sub-017_ses-303_task-s10	1469	10	35	sub-017	ses-103	task-s10	1;2;3	10;10;10
1430	7349	1430	1431	3	3	trialwise	1344;3058;4877	1344;3058;4877	9;20;31	77;23;74	sub-017_ses-103_task-s9;sub-017_ses-204_task-s9;sub-017_ses-303_task-s9	1344	9	77	sub-017	ses-103	task-s9	1;2;3	9;9;9
1431	7353	1431	1432	3	3	trialwise	1475;3291;5005	1475;3291;5005	10;21;32	41;89;35	sub-017_ses-103_task-s10;sub-017_ses-203_task-s10;sub-017_ses-303_task-s10	1475	10	41	sub-017	ses-103	task-s10	1;2;3	10;10;10
1432	7361	1432	1433	3	3	trialwise	1661;3411;5214	1661;3411;5214	11;22;33	60;42;77	sub-017_ses-103_task-s11;sub-017_ses-203_task-s11;sub-017_ses-304_task-s11	1661	11	60	sub-017	ses-103	task-s11	1;2;3	11;11;11
1433	7390	1433	1434	3	3	trialwise	1428;3037;4969	1428;3037;4969	9;20;31	161;2;166	sub-017_ses-103_task-s9;sub-017_ses-204_task-s9;sub-017_ses-303_task-s9	1428	9	161	sub-017	ses-103	task-s9	1;2;3	9;9;9
1434	7410	1434	1435	3	3	trialwise	1458;3236;5048	1458;3236;5048	10;21;32	24;34;78	sub-017_ses-103_task-s10;sub-017_ses-203_task-s10;sub-017_ses-303_task-s10	1458	10	24	sub-017	ses-103	task-s10	1;2;3	10;10;10
1435	7419	1435	1436	3	3	trialwise	1360;3184;4937	1360;3184;4937	9;20;31	93;149;134	sub-017_ses-103_task-s9;sub-017_ses-204_task-s9;sub-017_ses-303_task-s9	1360	9	93	sub-017	ses-103	task-s9	1;2;3	9;9;9
1436	7421	1436	1437	3	3	trialwise	1380;3122;4834	1380;3122;4834	9;20;31	113;87;31	sub-017_ses-103_task-s9;sub-017_ses-204_task-s9;sub-017_ses-303_task-s9	1380	9	113	sub-017	ses-103	task-s9	1;2;3	9;9;9
1437	7437	1437	1438	3	3	trialwise	1549;3303;5066	1549;3303;5066	10;21;32	115;101;96	sub-017_ses-103_task-s10;sub-017_ses-203_task-s10;sub-017_ses-303_task-s10	1549	10	115	sub-017	ses-103	task-s10	1;2;3	10;10;10
1438	7513	1438	1439	3	3	trialwise	1290;3194;4956	1290;3194;4956	9;20;31	23;159;153	sub-017_ses-103_task-s9;sub-017_ses-204_task-s9;sub-017_ses-303_task-s9	1290	9	23	sub-017	ses-103	task-s9	1;2;3	9;9;9
1439	7514	1439	1440	3	3	trialwise	1680;3438;5288	1680;3438;5288	11;22;33	79;69;151	sub-017_ses-103_task-s11;sub-017_ses-203_task-s11;sub-017_ses-304_task-s11	1680	11	79	sub-017	ses-103	task-s11	1;2;3	11;11;11
1440	7524	1440	1441	3	3	trialwise	1385;3041;4817	1385;3041;4817	9;20;31	118;6;14	sub-017_ses-103_task-s9;sub-017_ses-204_task-s9;sub-017_ses-303_task-s9	1385	9	118	sub-017	ses-103	task-s9	1;2;3	9;9;9
1441	7541	1441	1442	3	3	trialwise	1705;3523;5210	1705;3523;5210	11;22;33	104;154;73	sub-017_ses-103_task-s11;sub-017_ses-203_task-s11;sub-017_ses-304_task-s11	1705	11	104	sub-017	ses-103	task-s11	1;2;3	11;11;11
1442	7576	1442	1443	3	3	trialwise	1573;3253;5136	1573;3253;5136	10;21;32	139;51;166	sub-017_ses-103_task-s10;sub-017_ses-203_task-s10;sub-017_ses-303_task-s10	1573	10	139	sub-017	ses-103	task-s10	1;2;3	10;10;10
1443	7578	1443	1444	3	3	trialwise	1417;3087;4811	1417;3087;4811	9;20;31	150;52;8	sub-017_ses-103_task-s9;sub-017_ses-204_task-s9;sub-017_ses-303_task-s9	1417	9	150	sub-017	ses-103	task-s9	1;2;3	9;9;9
1444	7602	1444	1445	3	3	trialwise	1509;3308;4975	1509;3308;4975	10;21;32	75;106;5	sub-017_ses-103_task-s10;sub-017_ses-203_task-s10;sub-017_ses-303_task-s10	1509	10	75	sub-017	ses-103	task-s10	1;2;3	10;10;10
1445	7609	1445	1446	3	3	trialwise	1557;3314;5109	1557;3314;5109	10;21;32	123;112;139	sub-017_ses-103_task-s10;sub-017_ses-203_task-s10;sub-017_ses-303_task-s10	1557	10	123	sub-017	ses-103	task-s10	1;2;3	10;10;10
1446	7651	1446	1447	3	3	trialwise	1301;3116;4894	1301;3116;4894	9;20;31	34;81;91	sub-017_ses-103_task-s9;sub-017_ses-204_task-s9;sub-017_ses-303_task-s9	1301	9	34	sub-017	ses-103	task-s9	1;2;3	9;9;9
1447	7669	1447	1448	3	3	trialwise	1756;3476;5267	1756;3476;5267	11;22;33	155;107;130	sub-017_ses-103_task-s11;sub-017_ses-203_task-s11;sub-017_ses-304_task-s11	1756	11	155	sub-017	ses-103	task-s11	1;2;3	11;11;11
1448	7704	1448	1449	3	3	trialwise	1481;3320;4995	1481;3320;4995	10;21;32	47;118;25	sub-017_ses-103_task-s10;sub-017_ses-203_task-s10;sub-017_ses-303_task-s10	1481	10	47	sub-017	ses-103	task-s10	1;2;3	10;10;10
1449	7708	1449	1450	3	3	trialwise	1314;3070;4938	1314;3070;4938	9;20;31	47;35;135	sub-017_ses-103_task-s9;sub-017_ses-204_task-s9;sub-017_ses-303_task-s9	1314	9	47	sub-017	ses-103	task-s9	1;2;3	9;9;9
1450	7727	1450	1451	3	3	trialwise	1357;3168;4864	1357;3168;4864	9;20;31	90;133;61	sub-017_ses-103_task-s9;sub-017_ses-204_task-s9;sub-017_ses-303_task-s9	1357	9	90	sub-017	ses-103	task-s9	1;2;3	9;9;9
1451	7747	1451	1452	3	3	trialwise	1617;3525;5198	1617;3525;5198	11;22;33	16;156;61	sub-017_ses-103_task-s11;sub-017_ses-203_task-s11;sub-017_ses-304_task-s11	1617	11	16	sub-017	ses-103	task-s11	1;2;3	11;11;11
1452	7775	1452	1453	3	3	trialwise	1311;3196;4843	1311;3196;4843	9;20;31	44;161;40	sub-017_ses-103_task-s9;sub-017_ses-204_task-s9;sub-017_ses-303_task-s9	1311	9	44	sub-017	ses-103	task-s9	1;2;3	9;9;9
1453	7785	1453	1454	3	3	trialwise	1270;3174;4948	1270;3174;4948	9;20;31	3;139;145	sub-017_ses-103_task-s9;sub-017_ses-204_task-s9;sub-017_ses-303_task-s9	1270	9	3	sub-017	ses-103	task-s9	1;2;3	9;9;9
1454	7807	1454	1455	3	3	trialwise	1422;3153;4942	1422;3153;4942	9;20;31	155;118;139	sub-017_ses-103_task-s9;sub-017_ses-204_task-s9;sub-017_ses-303_task-s9	1422	9	155	sub-017	ses-103	task-s9	1;2;3	9;9;9
1455	7823	1455	1456	3	3	trialwise	1622;3449;5204	1622;3449;5204	11;22;33	21;80;67	sub-017_ses-103_task-s11;sub-017_ses-203_task-s11;sub-017_ses-304_task-s11	1622	11	21	sub-017	ses-103	task-s11	1;2;3	11;11;11
1456	7861	1456	1457	3	3	trialwise	1729;3378;5242	1729;3378;5242	11;22;33	128;9;105	sub-017_ses-103_task-s11;sub-017_ses-203_task-s11;sub-017_ses-304_task-s11	1729	11	128	sub-017	ses-103	task-s11	1;2;3	11;11;11
1457	7862	1457	1458	3	3	trialwise	1570;3281;5002	1570;3281;5002	10;21;32	136;79;32	sub-017_ses-103_task-s10;sub-017_ses-203_task-s10;sub-017_ses-303_task-s10	1570	10	136	sub-017	ses-103	task-s10	1;2;3	10;10;10
1458	7889	1458	1459	3	3	trialwise	1666;3503;5292	1666;3503;5292	11;22;33	65;134;155	sub-017_ses-103_task-s11;sub-017_ses-203_task-s11;sub-017_ses-304_task-s11	1666	11	65	sub-017	ses-103	task-s11	1;2;3	11;11;11
1459	7894	1459	1460	3	3	trialwise	1620;3478;5265	1620;3478;5265	11;22;33	19;109;128	sub-017_ses-103_task-s11;sub-017_ses-203_task-s11;sub-017_ses-304_task-s11	1620	11	19	sub-017	ses-103	task-s11	1;2;3	11;11;11
1460	7928	1460	1461	3	3	trialwise	1565;3214;5035	1565;3214;5035	10;21;32	131;12;65	sub-017_ses-103_task-s10;sub-017_ses-203_task-s10;sub-017_ses-303_task-s10	1565	10	131	sub-017	ses-103	task-s10	1;2;3	10;10;10
1461	7945	1461	1462	3	3	trialwise	1743;3371;5206	1743;3371;5206	11;22;33	142;2;69	sub-017_ses-103_task-s11;sub-017_ses-203_task-s11;sub-017_ses-304_task-s11	1743	11	142	sub-017	ses-103	task-s11	1;2;3	11;11;11
1462	7983	1462	1463	3	3	trialwise	1740;3516;5223	1740;3516;5223	11;22;33	139;147;86	sub-017_ses-103_task-s11;sub-017_ses-203_task-s11;sub-017_ses-304_task-s11	1740	11	139	sub-017	ses-103	task-s11	1;2;3	11;11;11
1463	7985	1463	1464	3	3	trialwise	1714;3405;5169	1714;3405;5169	11;22;33	113;36;32	sub-017_ses-103_task-s11;sub-017_ses-203_task-s11;sub-017_ses-304_task-s11	1714	11	113	sub-017	ses-103	task-s11	1;2;3	11;11;11
1464	8017	1464	1465	3	3	trialwise	1574;3243;5071	1574;3243;5071	10;21;32	140;41;101	sub-017_ses-103_task-s10;sub-017_ses-203_task-s10;sub-017_ses-303_task-s10	1574	10	140	sub-017	ses-103	task-s10	1;2;3	10;10;10
1465	8037	1465	1466	3	3	trialwise	1675;3406;5148	1675;3406;5148	11;22;33	74;37;11	sub-017_ses-103_task-s11;sub-017_ses-203_task-s11;sub-017_ses-304_task-s11	1675	11	74	sub-017	ses-103	task-s11	1;2;3	11;11;11
1466	8044	1466	1467	3	3	trialwise	1752;3403;5236	1752;3403;5236	11;22;33	151;34;99	sub-017_ses-103_task-s11;sub-017_ses-203_task-s11;sub-017_ses-304_task-s11	1752	11	151	sub-017	ses-103	task-s11	1;2;3	11;11;11
1467	8054	1467	1468	3	3	trialwise	1325;3172;4887	1325;3172;4887	9;20;31	58;137;84	sub-017_ses-103_task-s9;sub-017_ses-204_task-s9;sub-017_ses-303_task-s9	1325	9	58	sub-017	ses-103	task-s9	1;2;3	9;9;9
1468	8095	1468	1469	3	3	trialwise	1434;3145;4852	1434;3145;4852	9;20;31	167;110;49	sub-017_ses-103_task-s9;sub-017_ses-204_task-s9;sub-017_ses-303_task-s9	1434	9	167	sub-017	ses-103	task-s9	1;2;3	9;9;9
1469	8098	1469	1470	3	3	trialwise	1547;3351;5089	1547;3351;5089	10;21;32	113;149;119	sub-017_ses-103_task-s10;sub-017_ses-203_task-s10;sub-017_ses-303_task-s10	1547	10	113	sub-017	ses-103	task-s10	1;2;3	10;10;10
1470	8130	1470	1471	3	3	trialwise	1511;3232;4994	1511;3232;4994	10;21;32	77;30;24	sub-017_ses-103_task-s10;sub-017_ses-203_task-s10;sub-017_ses-303_task-s10	1511	10	77	sub-017	ses-103	task-s10	1;2;3	10;10;10
1471	8152	1471	1472	3	3	trialwise	1691;3437;5259	1691;3437;5259	11;22;33	90;68;122	sub-017_ses-103_task-s11;sub-017_ses-203_task-s11;sub-017_ses-304_task-s11	1691	11	90	sub-017	ses-103	task-s11	1;2;3	11;11;11
1472	8181	1472	1473	3	3	trialwise	1757;3444;5219	1757;3444;5219	11;22;33	156;75;82	sub-017_ses-103_task-s11;sub-017_ses-203_task-s11;sub-017_ses-304_task-s11	1757	11	156	sub-017	ses-103	task-s11	1;2;3	11;11;11
1473	8193	1473	1474	3	3	trialwise	1393;3099;4812	1393;3099;4812	9;20;31	126;64;9	sub-017_ses-103_task-s9;sub-017_ses-204_task-s9;sub-017_ses-303_task-s9	1393	9	126	sub-017	ses-103	task-s9	1;2;3	9;9;9
1474	8214	1474	1475	3	3	trialwise	1592;3339;5013	1592;3339;5013	10;21;32	158;137;43	sub-017_ses-103_task-s10;sub-017_ses-203_task-s10;sub-017_ses-303_task-s10	1592	10	158	sub-017	ses-103	task-s10	1;2;3	10;10;10
1475	8216	1475	1476	3	3	trialwise	1718;3462;5162	1718;3462;5162	11;22;33	117;93;25	sub-017_ses-103_task-s11;sub-017_ses-203_task-s11;sub-017_ses-304_task-s11	1718	11	117	sub-017	ses-103	task-s11	1;2;3	11;11;11
1476	8268	1476	1477	3	3	trialwise	1326;3082;4903	1326;3082;4903	9;20;31	59;47;100	sub-017_ses-103_task-s9;sub-017_ses-204_task-s9;sub-017_ses-303_task-s9	1326	9	59	sub-017	ses-103	task-s9	1;2;3	9;9;9
1477	8277	1477	1478	3	3	trialwise	1609;3508;5230	1609;3508;5230	11;22;33	8;139;93	sub-017_ses-103_task-s11;sub-017_ses-203_task-s11;sub-017_ses-304_task-s11	1609	11	8	sub-017	ses-103	task-s11	1;2;3	11;11;11
1478	8296	1478	1479	3	3	trialwise	1728;3383;5297	1728;3383;5297	11;22;33	127;14;160	sub-017_ses-103_task-s11;sub-017_ses-203_task-s11;sub-017_ses-304_task-s11	1728	11	127	sub-017	ses-103	task-s11	1;2;3	11;11;11
1479	8311	1479	1480	3	3	trialwise	1641;3482;5296	1641;3482;5296	11;22;33	40;113;159	sub-017_ses-103_task-s11;sub-017_ses-203_task-s11;sub-017_ses-304_task-s11	1641	11	40	sub-017	ses-103	task-s11	1;2;3	11;11;11
1480	8347	1480	1481	3	3	trialwise	1619;3404;5293	1619;3404;5293	11;22;33	18;35;156	sub-017_ses-103_task-s11;sub-017_ses-203_task-s11;sub-017_ses-304_task-s11	1619	11	18	sub-017	ses-103	task-s11	1;2;3	11;11;11
1481	8352	1481	1482	3	3	trialwise	1271;3190;4895	1271;3190;4895	9;20;31	4;155;92	sub-017_ses-103_task-s9;sub-017_ses-204_task-s9;sub-017_ses-303_task-s9	1271	9	4	sub-017	ses-103	task-s9	1;2;3	9;9;9
1482	8365	1482	1483	3	3	trialwise	1454;3293;4992	1454;3293;4992	10;21;32	20;91;22	sub-017_ses-103_task-s10;sub-017_ses-203_task-s10;sub-017_ses-303_task-s10	1454	10	20	sub-017	ses-103	task-s10	1;2;3	10;10;10
1483	8366	1483	1484	3	3	trialwise	1749;3455;5202	1749;3455;5202	11;22;33	148;86;65	sub-017_ses-103_task-s11;sub-017_ses-203_task-s11;sub-017_ses-304_task-s11	1749	11	148	sub-017	ses-103	task-s11	1;2;3	11;11;11
1484	8412	1484	1485	3	3	trialwise	1489;3369;5097	1489;3369;5097	10;21;32	55;167;127	sub-017_ses-103_task-s10;sub-017_ses-203_task-s10;sub-017_ses-303_task-s10	1489	10	55	sub-017	ses-103	task-s10	1;2;3	10;10;10
1485	8428	1485	1486	3	3	trialwise	1741;3434;5154	1741;3434;5154	11;22;33	140;65;17	sub-017_ses-103_task-s11;sub-017_ses-203_task-s11;sub-017_ses-304_task-s11	1741	11	140	sub-017	ses-103	task-s11	1;2;3	11;11;11
1486	8451	1486	1487	3	3	trialwise	1312;3148;4874	1312;3148;4874	9;20;31	45;113;71	sub-017_ses-103_task-s9;sub-017_ses-204_task-s9;sub-017_ses-303_task-s9	1312	9	45	sub-017	ses-103	task-s9	1;2;3	9;9;9
1487	8453	1487	1488	3	3	trialwise	1687;3370;5255	1687;3370;5255	11;22;33	86;1;118	sub-017_ses-103_task-s11;sub-017_ses-203_task-s11;sub-017_ses-304_task-s11	1687	11	86	sub-017	ses-103	task-s11	1;2;3	11;11;11
1488	8490	1488	1489	3	3	trialwise	1707;3468;5199	1707;3468;5199	11;22;33	106;99;62	sub-017_ses-103_task-s11;sub-017_ses-203_task-s11;sub-017_ses-304_task-s11	1707	11	106	sub-017	ses-103	task-s11	1;2;3	11;11;11
1489	8491	1489	1490	3	3	trialwise	1662;3469;5143	1662;3469;5143	11;22;33	61;100;6	sub-017_ses-103_task-s11;sub-017_ses-203_task-s11;sub-017_ses-304_task-s11	1662	11	61	sub-017	ses-103	task-s11	1;2;3	11;11;11
1490	8553	1490	1491	3	3	trialwise	1657;3394;5159	1657;3394;5159	11;22;33	56;25;22	sub-017_ses-103_task-s11;sub-017_ses-203_task-s11;sub-017_ses-304_task-s11	1657	11	56	sub-017	ses-103	task-s11	1;2;3	11;11;11
1491	8557	1491	1492	3	3	trialwise	1597;3213;5049	1597;3213;5049	10;21;32	163;11;79	sub-017_ses-103_task-s10;sub-017_ses-203_task-s10;sub-017_ses-303_task-s10	1597	10	163	sub-017	ses-103	task-s10	1;2;3	10;10;10
1492	8570	1492	1493	3	3	trialwise	1383;3170;4848	1383;3170;4848	9;20;31	116;135;45	sub-017_ses-103_task-s9;sub-017_ses-204_task-s9;sub-017_ses-303_task-s9	1383	9	116	sub-017	ses-103	task-s9	1;2;3	9;9;9
1493	8586	1493	1494	3	3	trialwise	1508;3279;5111	1508;3279;5111	10;21;32	74;77;141	sub-017_ses-103_task-s10;sub-017_ses-203_task-s10;sub-017_ses-303_task-s10	1508	10	74	sub-017	ses-103	task-s10	1;2;3	10;10;10
1494	8620	1494	1495	3	3	trialwise	1602;3382;5186	1602;3382;5186	11;22;33	1;13;49	sub-017_ses-103_task-s11;sub-017_ses-203_task-s11;sub-017_ses-304_task-s11	1602	11	1	sub-017	ses-103	task-s11	1;2;3	11;11;11
1495	8639	1495	1496	3	3	trialwise	1723;3498;5180	1723;3498;5180	11;22;33	122;129;43	sub-017_ses-103_task-s11;sub-017_ses-203_task-s11;sub-017_ses-304_task-s11	1723	11	122	sub-017	ses-103	task-s11	1;2;3	11;11;11
1496	8649	1496	1497	3	3	trialwise	1287;3119;4823	1287;3119;4823	9;20;31	20;84;20	sub-017_ses-103_task-s9;sub-017_ses-204_task-s9;sub-017_ses-303_task-s9	1287	9	20	sub-017	ses-103	task-s9	1;2;3	9;9;9
1497	8671	1497	1498	3	3	trialwise	1335;3125;4924	1335;3125;4924	9;20;31	68;90;121	sub-017_ses-103_task-s9;sub-017_ses-204_task-s9;sub-017_ses-303_task-s9	1335	9	68	sub-017	ses-103	task-s9	1;2;3	9;9;9
1498	8688	1498	1499	3	3	trialwise	1364;3186;4925	1364;3186;4925	9;20;31	97;151;122	sub-017_ses-103_task-s9;sub-017_ses-204_task-s9;sub-017_ses-303_task-s9	1364	9	97	sub-017	ses-103	task-s9	1;2;3	9;9;9
1499	8703	1499	1500	3	3	trialwise	1737;3416;5257	1737;3416;5257	11;22;33	136;47;120	sub-017_ses-103_task-s11;sub-017_ses-203_task-s11;sub-017_ses-304_task-s11	1737	11	136	sub-017	ses-103	task-s11	1;2;3	11;11;11
1500	8730	1500	1501	3	3	trialwise	1445;3219;5039	1445;3219;5039	10;21;32	11;17;69	sub-017_ses-103_task-s10;sub-017_ses-203_task-s10;sub-017_ses-303_task-s10	1445	10	11	sub-017	ses-103	task-s10	1;2;3	10;10;10
1501	8740	1501	1502	3	3	trialwise	1273;3201;4928	1273;3201;4928	9;20;31	6;166;125	sub-017_ses-103_task-s9;sub-017_ses-204_task-s9;sub-017_ses-303_task-s9	1273	9	6	sub-017	ses-103	task-s9	1;2;3	9;9;9
1502	8768	1502	1503	3	3	trialwise	1561;3366;5030	1561;3366;5030	10;21;32	127;164;60	sub-017_ses-103_task-s10;sub-017_ses-203_task-s10;sub-017_ses-303_task-s10	1561	10	127	sub-017	ses-103	task-s10	1;2;3	10;10;10
1503	8790	1503	1504	3	3	trialwise	1650;3393;5176	1650;3393;5176	11;22;33	49;24;39	sub-017_ses-103_task-s11;sub-017_ses-203_task-s11;sub-017_ses-304_task-s11	1650	11	49	sub-017	ses-103	task-s11	1;2;3	11;11;11
1504	8806	1504	1505	3	3	trialwise	1524;3203;5110	1524;3203;5110	10;21;32	90;1;140	sub-017_ses-103_task-s10;sub-017_ses-203_task-s10;sub-017_ses-303_task-s10	1524	10	90	sub-017	ses-103	task-s10	1;2;3	10;10;10
1505	8834	1505	1506	3	3	trialwise	1722;3418;5278	1722;3418;5278	11;22;33	121;49;141	sub-017_ses-103_task-s11;sub-017_ses-203_task-s11;sub-017_ses-304_task-s11	1722	11	121	sub-017	ses-103	task-s11	1;2;3	11;11;11
1506	8854	1506	1507	3	3	trialwise	1598;3327;5092	1598;3327;5092	10;21;32	164;125;122	sub-017_ses-103_task-s10;sub-017_ses-203_task-s10;sub-017_ses-303_task-s10	1598	10	164	sub-017	ses-103	task-s10	1;2;3	10;10;10
1507	8877	1507	1508	3	3	trialwise	1375;3107;4885	1375;3107;4885	9;20;31	108;72;82	sub-017_ses-103_task-s9;sub-017_ses-204_task-s9;sub-017_ses-303_task-s9	1375	9	108	sub-017	ses-103	task-s9	1;2;3	9;9;9
1508	8902	1508	1509	3	3	trialwise	1539;3337;4984	1539;3337;4984	10;21;32	105;135;14	sub-017_ses-103_task-s10;sub-017_ses-203_task-s10;sub-017_ses-303_task-s10	1539	10	105	sub-017	ses-103	task-s10	1;2;3	10;10;10
1509	8911	1509	1510	3	3	trialwise	1431;3063;4891	1431;3063;4891	9;20;31	164;28;88	sub-017_ses-103_task-s9;sub-017_ses-204_task-s9;sub-017_ses-303_task-s9	1431	9	164	sub-017	ses-103	task-s9	1;2;3	9;9;9
1510	8939	1510	1511	3	3	trialwise	1407;3060;4849	1407;3060;4849	9;20;31	140;25;46	sub-017_ses-103_task-s9;sub-017_ses-204_task-s9;sub-017_ses-303_task-s9	1407	9	140	sub-017	ses-103	task-s9	1;2;3	9;9;9
1511	8959	1511	1512	3	3	trialwise	1450;3344;5041	1450;3344;5041	10;21;32	16;142;71	sub-017_ses-103_task-s10;sub-017_ses-203_task-s10;sub-017_ses-303_task-s10	1450	10	16	sub-017	ses-103	task-s10	1;2;3	10;10;10
1512	8964	1512	1513	3	3	trialwise	1430;3147;4840	1430;3147;4840	9;20;31	163;112;37	sub-017_ses-103_task-s9;sub-017_ses-204_task-s9;sub-017_ses-303_task-s9	1430	9	163	sub-017	ses-103	task-s9	1;2;3	9;9;9
1513	9000	1513	1514	3	3	trialwise	1498;3215;5001	1498;3215;5001	10;21;32	64;13;31	sub-017_ses-103_task-s10;sub-017_ses-203_task-s10;sub-017_ses-303_task-s10	1498	10	64	sub-017	ses-103	task-s10	1;2;3	10;10;10
1514	9023	1514	1515	3	3	trialwise	1415;3169;4901	1415;3169;4901	9;20;31	148;134;98	sub-017_ses-103_task-s9;sub-017_ses-204_task-s9;sub-017_ses-303_task-s9	1415	9	148	sub-017	ses-103	task-s9	1;2;3	9;9;9
1515	9031	1515	1516	3	3	trialwise	1695;3398;5301	1695;3398;5301	11;22;33	94;29;164	sub-017_ses-103_task-s11;sub-017_ses-203_task-s11;sub-017_ses-304_task-s11	1695	11	94	sub-017	ses-103	task-s11	1;2;3	11;11;11
1516	9065	1516	1517	3	3	trialwise	1354;3079;4926	1354;3079;4926	9;20;31	87;44;123	sub-017_ses-103_task-s9;sub-017_ses-204_task-s9;sub-017_ses-303_task-s9	1354	9	87	sub-017	ses-103	task-s9	1;2;3	9;9;9
1517	9076	1517	1518	3	3	trialwise	1502;3272;5098	1502;3272;5098	10;21;32	68;70;128	sub-017_ses-103_task-s10;sub-017_ses-203_task-s10;sub-017_ses-303_task-s10	1502	10	68	sub-017	ses-103	task-s10	1;2;3	10;10;10
1518	9089	1518	1519	3	3	trialwise	1504;3252;5074	1504;3252;5074	10;21;32	70;50;104	sub-017_ses-103_task-s10;sub-017_ses-203_task-s10;sub-017_ses-303_task-s10	1504	10	70	sub-017	ses-103	task-s10	1;2;3	10;10;10
1519	9116	1519	1520	3	3	trialwise	1305;3090;4836	1305;3090;4836	9;20;31	38;55;33	sub-017_ses-103_task-s9;sub-017_ses-204_task-s9;sub-017_ses-303_task-s9	1305	9	38	sub-017	ses-103	task-s9	1;2;3	9;9;9
1520	9148	1520	1521	3	3	trialwise	1443;3333;5080	1443;3333;5080	10;21;32	9;131;110	sub-017_ses-103_task-s10;sub-017_ses-203_task-s10;sub-017_ses-303_task-s10	1443	10	9	sub-017	ses-103	task-s10	1;2;3	10;10;10
1521	9156	1521	1522	3	3	trialwise	1531;3277;5061	1531;3277;5061	10;21;32	97;75;91	sub-017_ses-103_task-s10;sub-017_ses-203_task-s10;sub-017_ses-303_task-s10	1531	10	97	sub-017	ses-103	task-s10	1;2;3	10;10;10
1522	9163	1522	1523	3	3	trialwise	1580;3350;5010	1580;3350;5010	10;21;32	146;148;40	sub-017_ses-103_task-s10;sub-017_ses-203_task-s10;sub-017_ses-303_task-s10	1580	10	146	sub-017	ses-103	task-s10	1;2;3	10;10;10
1523	9200	1523	1524	3	3	trialwise	1679;3511;5200	1679;3511;5200	11;22;33	78;142;63	sub-017_ses-103_task-s11;sub-017_ses-203_task-s11;sub-017_ses-304_task-s11	1679	11	78	sub-017	ses-103	task-s11	1;2;3	11;11;11
1524	9208	1524	1525	3	3	trialwise	1704;3435;5172	1704;3435;5172	11;22;33	103;66;35	sub-017_ses-103_task-s11;sub-017_ses-203_task-s11;sub-017_ses-304_task-s11	1704	11	103	sub-017	ses-103	task-s11	1;2;3	11;11;11
1525	9231	1525	1526	3	3	trialwise	1550;3238;4999	1550;3238;4999	10;21;32	116;36;29	sub-017_ses-103_task-s10;sub-017_ses-203_task-s10;sub-017_ses-303_task-s10	1550	10	116	sub-017	ses-103	task-s10	1;2;3	10;10;10
1526	9270	1526	1527	3	3	trialwise	1730;3521;5300	1730;3521;5300	11;22;33	129;152;163	sub-017_ses-103_task-s11;sub-017_ses-203_task-s11;sub-017_ses-304_task-s11	1730	11	129	sub-017	ses-103	task-s11	1;2;3	11;11;11
1527	9276	1527	1528	3	3	trialwise	1292;3066;4915	1292;3066;4915	9;20;31	25;31;112	sub-017_ses-103_task-s9;sub-017_ses-204_task-s9;sub-017_ses-303_task-s9	1292	9	25	sub-017	ses-103	task-s9	1;2;3	9;9;9
1528	9293	1528	1529	3	3	trialwise	1284;3156;4873	1284;3156;4873	9;20;31	17;121;70	sub-017_ses-103_task-s9;sub-017_ses-204_task-s9;sub-017_ses-303_task-s9	1284	9	17	sub-017	ses-103	task-s9	1;2;3	9;9;9
1529	9308	1529	1530	3	3	trialwise	1351;3046;4837	1351;3046;4837	9;20;31	84;11;34	sub-017_ses-103_task-s9;sub-017_ses-204_task-s9;sub-017_ses-303_task-s9	1351	9	84	sub-017	ses-103	task-s9	1;2;3	9;9;9
1530	9328	1530	1531	3	3	trialwise	1623;3479;5245	1623;3479;5245	11;22;33	22;110;108	sub-017_ses-103_task-s11;sub-017_ses-203_task-s11;sub-017_ses-304_task-s11	1623	11	22	sub-017	ses-103	task-s11	1;2;3	11;11;11
1531	9343	1531	1532	3	3	trialwise	1577;3254;5068	1577;3254;5068	10;21;32	143;52;98	sub-017_ses-103_task-s10;sub-017_ses-203_task-s10;sub-017_ses-303_task-s10	1577	10	143	sub-017	ses-103	task-s10	1;2;3	10;10;10
1532	9371	1532	1533	3	3	trialwise	1652;3507;5290	1652;3507;5290	11;22;33	51;138;153	sub-017_ses-103_task-s11;sub-017_ses-203_task-s11;sub-017_ses-304_task-s11	1652	11	51	sub-017	ses-103	task-s11	1;2;3	11;11;11
1533	9384	1533	1534	3	3	trialwise	1330;3050;4912	1330;3050;4912	9;20;31	63;15;109	sub-017_ses-103_task-s9;sub-017_ses-204_task-s9;sub-017_ses-303_task-s9	1330	9	63	sub-017	ses-103	task-s9	1;2;3	9;9;9
1534	9408	1534	1535	3	3	trialwise	1379;3139;4949	1379;3139;4949	9;20;31	112;104;146	sub-017_ses-103_task-s9;sub-017_ses-204_task-s9;sub-017_ses-303_task-s9	1379	9	112	sub-017	ses-103	task-s9	1;2;3	9;9;9
1535	9426	1535	1536	3	3	trialwise	1625;3387;5253	1625;3387;5253	11;22;33	24;18;116	sub-017_ses-103_task-s11;sub-017_ses-203_task-s11;sub-017_ses-304_task-s11	1625	11	24	sub-017	ses-103	task-s11	1;2;3	11;11;11
1536	9460	1536	1537	3	3	trialwise	1534;3230;5060	1534;3230;5060	10;21;32	100;28;90	sub-017_ses-103_task-s10;sub-017_ses-203_task-s10;sub-017_ses-303_task-s10	1534	10	100	sub-017	ses-103	task-s10	1;2;3	10;10;10
1537	9471	1537	1538	3	3	trialwise	1453;3226;5084	1453;3226;5084	10;21;32	19;24;114	sub-017_ses-103_task-s10;sub-017_ses-203_task-s10;sub-017_ses-303_task-s10	1453	10	19	sub-017	ses-103	task-s10	1;2;3	10;10;10
1538	9484	1538	1539	3	3	trialwise	1562;3345;5059	1562;3345;5059	10;21;32	128;143;89	sub-017_ses-103_task-s10;sub-017_ses-203_task-s10;sub-017_ses-303_task-s10	1562	10	128	sub-017	ses-103	task-s10	1;2;3	10;10;10
1539	9503	1539	1540	3	3	trialwise	1753;3409;5217	1753;3409;5217	11;22;33	152;40;80	sub-017_ses-103_task-s11;sub-017_ses-203_task-s11;sub-017_ses-304_task-s11	1753	11	152	sub-017	ses-103	task-s11	1;2;3	11;11;11
1540	9541	1540	1541	3	3	trialwise	1456;3300;5134	1456;3300;5134	10;21;32	22;98;164	sub-017_ses-103_task-s10;sub-017_ses-203_task-s10;sub-017_ses-303_task-s10	1456	10	22	sub-017	ses-103	task-s10	1;2;3	10;10;10
1541	9551	1541	1542	3	3	trialwise	1540;3297;5118	1540;3297;5118	10;21;32	106;95;148	sub-017_ses-103_task-s10;sub-017_ses-203_task-s10;sub-017_ses-303_task-s10	1540	10	106	sub-017	ses-103	task-s10	1;2;3	10;10;10
1542	9579	1542	1543	3	3	trialwise	1331;3048;4918	1331;3048;4918	9;20;31	64;13;115	sub-017_ses-103_task-s9;sub-017_ses-204_task-s9;sub-017_ses-303_task-s9	1331	9	64	sub-017	ses-103	task-s9	1;2;3	9;9;9
1543	9596	1543	1544	3	3	trialwise	1400;3124;4824	1400;3124;4824	9;20;31	133;89;21	sub-017_ses-103_task-s9;sub-017_ses-204_task-s9;sub-017_ses-303_task-s9	1400	9	133	sub-017	ses-103	task-s9	1;2;3	9;9;9
1544	9607	1544	1545	3	3	trialwise	1710;3466;5282	1710;3466;5282	11;22;33	109;97;145	sub-017_ses-103_task-s11;sub-017_ses-203_task-s11;sub-017_ses-304_task-s11	1710	11	109	sub-017	ses-103	task-s11	1;2;3	11;11;11
1545	9625	1545	1546	3	3	trialwise	1715;3458;5249	1715;3458;5249	11;22;33	114;89;112	sub-017_ses-103_task-s11;sub-017_ses-203_task-s11;sub-017_ses-304_task-s11	1715	11	114	sub-017	ses-103	task-s11	1;2;3	11;11;11
1546	9642	1546	1547	3	3	trialwise	1452;3229;5023	1452;3229;5023	10;21;32	18;27;53	sub-017_ses-103_task-s10;sub-017_ses-203_task-s10;sub-017_ses-303_task-s10	1452	10	18	sub-017	ses-103	task-s10	1;2;3	10;10;10
1547	9654	1547	1548	3	3	trialwise	1518;3343;5063	1518;3343;5063	10;21;32	84;141;93	sub-017_ses-103_task-s10;sub-017_ses-203_task-s10;sub-017_ses-303_task-s10	1518	10	84	sub-017	ses-103	task-s10	1;2;3	10;10;10
1548	9692	1548	1549	3	3	trialwise	1426;3071;4893	1426;3071;4893	9;20;31	159;36;90	sub-017_ses-103_task-s9;sub-017_ses-204_task-s9;sub-017_ses-303_task-s9	1426	9	159	sub-017	ses-103	task-s9	1;2;3	9;9;9
1549	9718	1549	1550	3	3	trialwise	1282;3152;4919	1282;3152;4919	9;20;31	15;117;116	sub-017_ses-103_task-s9;sub-017_ses-204_task-s9;sub-017_ses-303_task-s9	1282	9	15	sub-017	ses-103	task-s9	1;2;3	9;9;9
1550	9726	1550	1551	3	3	trialwise	1334;3129;4916	1334;3129;4916	9;20;31	67;94;113	sub-017_ses-103_task-s9;sub-017_ses-204_task-s9;sub-017_ses-303_task-s9	1334	9	67	sub-017	ses-103	task-s9	1;2;3	9;9;9
1551	9738	1551	1552	3	3	trialwise	1560;3305;5119	1560;3305;5119	10;21;32	126;103;149	sub-017_ses-103_task-s10;sub-017_ses-203_task-s10;sub-017_ses-303_task-s10	1560	10	126	sub-017	ses-103	task-s10	1;2;3	10;10;10
1552	9765	1552	1553	3	3	trialwise	1541;3265;5055	1541;3265;5055	10;21;32	107;63;85	sub-017_ses-103_task-s10;sub-017_ses-203_task-s10;sub-017_ses-303_task-s10	1541	10	107	sub-017	ses-103	task-s10	1;2;3	10;10;10
1553	9785	1553	1554	3	3	trialwise	1382;3056;4933	1382;3056;4933	9;20;31	115;21;130	sub-017_ses-103_task-s9;sub-017_ses-204_task-s9;sub-017_ses-303_task-s9	1382	9	115	sub-017	ses-103	task-s9	1;2;3	9;9;9
1554	9805	1554	1555	3	3	trialwise	1449;3290;5091	1449;3290;5091	10;21;32	15;88;121	sub-017_ses-103_task-s10;sub-017_ses-203_task-s10;sub-017_ses-303_task-s10	1449	10	15	sub-017	ses-103	task-s10	1;2;3	10;10;10
1555	9816	1555	1556	3	3	trialwise	1421;3160;4922	1421;3160;4922	9;20;31	154;125;119	sub-017_ses-103_task-s9;sub-017_ses-204_task-s9;sub-017_ses-303_task-s9	1421	9	154	sub-017	ses-103	task-s9	1;2;3	9;9;9
1556	9860	1556	1557	3	3	trialwise	1347;3118;4882	1347;3118;4882	9;20;31	80;83;79	sub-017_ses-103_task-s9;sub-017_ses-204_task-s9;sub-017_ses-303_task-s9	1347	9	80	sub-017	ses-103	task-s9	1;2;3	9;9;9
1557	9862	1557	1558	3	3	trialwise	1542;3273;5067	1542;3273;5067	10;21;32	108;71;97	sub-017_ses-103_task-s10;sub-017_ses-203_task-s10;sub-017_ses-303_task-s10	1542	10	108	sub-017	ses-103	task-s10	1;2;3	10;10;10
1558	9889	1558	1559	3	3	trialwise	1466;3212;4989	1466;3212;4989	10;21;32	32;10;19	sub-017_ses-103_task-s10;sub-017_ses-203_task-s10;sub-017_ses-303_task-s10	1466	10	32	sub-017	ses-103	task-s10	1;2;3	10;10;10
1559	9897	1559	1560	3	3	trialwise	1594;3244;5086	1594;3244;5086	10;21;32	160;42;116	sub-017_ses-103_task-s10;sub-017_ses-203_task-s10;sub-017_ses-303_task-s10	1594	10	160	sub-017	ses-103	task-s10	1;2;3	10;10;10
1560	9927	1560	1561	3	3	trialwise	1316;3115;4960	1316;3115;4960	9;20;31	49;80;157	sub-017_ses-103_task-s9;sub-017_ses-204_task-s9;sub-017_ses-303_task-s9	1316	9	49	sub-017	ses-103	task-s9	1;2;3	9;9;9
1561	9960	1561	1562	3	3	trialwise	1302;3045;4968	1302;3045;4968	9;20;31	35;10;165	sub-017_ses-103_task-s9;sub-017_ses-204_task-s9;sub-017_ses-303_task-s9	1302	9	35	sub-017	ses-103	task-s9	1;2;3	9;9;9
1562	9974	1562	1563	3	3	trialwise	1767;3429;5188	1767;3429;5188	11;22;33	166;60;51	sub-017_ses-103_task-s11;sub-017_ses-203_task-s11;sub-017_ses-304_task-s11	1767	11	166	sub-017	ses-103	task-s11	1;2;3	11;11;11
1563	9978	1563	1564	3	3	trialwise	1559;3222;4987	1559;3222;4987	10;21;32	125;20;17	sub-017_ses-103_task-s10;sub-017_ses-203_task-s10;sub-017_ses-303_task-s10	1559	10	125	sub-017	ses-103	task-s10	1;2;3	10;10;10
1564	10031	1564	1565	3	3	trialwise	1346;3181;4962	1346;3181;4962	9;20;31	79;146;159	sub-017_ses-103_task-s9;sub-017_ses-204_task-s9;sub-017_ses-303_task-s9	1346	9	79	sub-017	ses-103	task-s9	1;2;3	9;9;9
1565	10035	1565	1566	3	3	trialwise	1744;3515;5193	1744;3515;5193	11;22;33	143;146;56	sub-017_ses-103_task-s11;sub-017_ses-203_task-s11;sub-017_ses-304_task-s11	1744	11	143	sub-017	ses-103	task-s11	1;2;3	11;11;11
1566	10045	1566	1567	3	3	trialwise	1613;3451;5276	1613;3451;5276	11;22;33	12;82;139	sub-017_ses-103_task-s11;sub-017_ses-203_task-s11;sub-017_ses-304_task-s11	1613	11	12	sub-017	ses-103	task-s11	1;2;3	11;11;11
1567	10052	1567	1568	3	3	trialwise	1523;3239;5108	1523;3239;5108	10;21;32	89;37;138	sub-017_ses-103_task-s10;sub-017_ses-203_task-s10;sub-017_ses-303_task-s10	1523	10	89	sub-017	ses-103	task-s10	1;2;3	10;10;10
1568	10082	1568	1569	3	3	trialwise	1374;3176;4883	1374;3176;4883	9;20;31	107;141;80	sub-017_ses-103_task-s9;sub-017_ses-204_task-s9;sub-017_ses-303_task-s9	1374	9	107	sub-017	ses-103	task-s9	1;2;3	9;9;9
1569	10118	1569	1570	3	3	trialwise	1667;3408;5207	1667;3408;5207	11;22;33	66;39;70	sub-017_ses-103_task-s11;sub-017_ses-203_task-s11;sub-017_ses-304_task-s11	1667	11	66	sub-017	ses-103	task-s11	1;2;3	11;11;11
1570	10121	1570	1571	3	3	trialwise	1546;3245;5012	1546;3245;5012	10;21;32	112;43;42	sub-017_ses-103_task-s10;sub-017_ses-203_task-s10;sub-017_ses-303_task-s10	1546	10	112	sub-017	ses-103	task-s10	1;2;3	10;10;10
1571	10154	1571	1572	3	3	trialwise	1493;3275;5112	1493;3275;5112	10;21;32	59;73;142	sub-017_ses-103_task-s10;sub-017_ses-203_task-s10;sub-017_ses-303_task-s10	1493	10	59	sub-017	ses-103	task-s10	1;2;3	10;10;10
1572	10165	1572	1573	3	3	trialwise	1433;3080;4921	1433;3080;4921	9;20;31	166;45;118	sub-017_ses-103_task-s9;sub-017_ses-204_task-s9;sub-017_ses-303_task-s9	1433	9	166	sub-017	ses-103	task-s9	1;2;3	9;9;9
1573	10169	1573	1574	3	3	trialwise	1402;3076;4872	1402;3076;4872	9;20;31	135;41;69	sub-017_ses-103_task-s9;sub-017_ses-204_task-s9;sub-017_ses-303_task-s9	1402	9	135	sub-017	ses-103	task-s9	1;2;3	9;9;9
1574	10205	1574	1575	3	3	trialwise	1356;3068;4860	1356;3068;4860	9;20;31	89;33;57	sub-017_ses-103_task-s9;sub-017_ses-204_task-s9;sub-017_ses-303_task-s9	1356	9	89	sub-017	ses-103	task-s9	1;2;3	9;9;9
1575	10240	1575	1576	3	3	trialwise	1391;3086;4861	1391;3086;4861	9;20;31	124;51;58	sub-017_ses-103_task-s9;sub-017_ses-204_task-s9;sub-017_ses-303_task-s9	1391	9	124	sub-017	ses-103	task-s9	1;2;3	9;9;9
1576	10242	1576	1577	3	3	trialwise	1732;3391;5190	1732;3391;5190	11;22;33	131;22;53	sub-017_ses-103_task-s11;sub-017_ses-203_task-s11;sub-017_ses-304_task-s11	1732	11	131	sub-017	ses-103	task-s11	1;2;3	11;11;11
1577	10252	1577	1578	3	3	trialwise	1411;3177;4927	1411;3177;4927	9;20;31	144;142;124	sub-017_ses-103_task-s9;sub-017_ses-204_task-s9;sub-017_ses-303_task-s9	1411	9	144	sub-017	ses-103	task-s9	1;2;3	9;9;9
1578	10293	1578	1579	3	3	trialwise	1409;3132;4818	1409;3132;4818	9;20;31	142;97;15	sub-017_ses-103_task-s9;sub-017_ses-204_task-s9;sub-017_ses-303_task-s9	1409	9	142	sub-017	ses-103	task-s9	1;2;3	9;9;9
1579	10305	1579	1580	3	3	trialwise	1457;3209;4974	1457;3209;4974	10;21;32	23;7;4	sub-017_ses-103_task-s10;sub-017_ses-203_task-s10;sub-017_ses-303_task-s10	1457	10	23	sub-017	ses-103	task-s10	1;2;3	10;10;10
1580	10324	1580	1581	3	3	trialwise	1742;3530;5179	1742;3530;5179	11;22;33	141;161;42	sub-017_ses-103_task-s11;sub-017_ses-203_task-s11;sub-017_ses-304_task-s11	1742	11	141	sub-017	ses-103	task-s11	1;2;3	11;11;11
1581	10334	1581	1582	3	3	trialwise	1656;3484;5168	1656;3484;5168	11;22;33	55;115;31	sub-017_ses-103_task-s11;sub-017_ses-203_task-s11;sub-017_ses-304_task-s11	1656	11	55	sub-017	ses-103	task-s11	1;2;3	11;11;11
1582	10369	1582	1583	3	3	trialwise	1348;3163;4856	1348;3163;4856	9;20;31	81;128;53	sub-017_ses-103_task-s9;sub-017_ses-204_task-s9;sub-017_ses-303_task-s9	1348	9	81	sub-017	ses-103	task-s9	1;2;3	9;9;9
1583	10388	1583	1584	3	3	trialwise	1485;3348;5104	1485;3348;5104	10;21;32	51;146;134	sub-017_ses-103_task-s10;sub-017_ses-203_task-s10;sub-017_ses-303_task-s10	1485	10	51	sub-017	ses-103	task-s10	1;2;3	10;10;10
1584	10431	1584	1585	3	3	trialwise	1338;3103;4810	1338;3103;4810	9;20;31	71;68;7	sub-017_ses-103_task-s9;sub-017_ses-204_task-s9;sub-017_ses-303_task-s9	1338	9	71	sub-017	ses-103	task-s9	1;2;3	9;9;9
1585	10439	1585	1586	3	3	trialwise	1610;3504;5167	1610;3504;5167	11;22;33	9;135;30	sub-017_ses-103_task-s11;sub-017_ses-203_task-s11;sub-017_ses-304_task-s11	1610	11	9	sub-017	ses-103	task-s11	1;2;3	11;11;11
1586	10441	1586	1587	3	3	trialwise	1702;3528;5181	1702;3528;5181	11;22;33	101;159;44	sub-017_ses-103_task-s11;sub-017_ses-203_task-s11;sub-017_ses-304_task-s11	1702	11	101	sub-017	ses-103	task-s11	1;2;3	11;11;11
1587	10457	1587	1588	3	3	trialwise	1441;3359;5090	1441;3359;5090	10;21;32	7;157;120	sub-017_ses-103_task-s10;sub-017_ses-203_task-s10;sub-017_ses-303_task-s10	1441	10	7	sub-017	ses-103	task-s10	1;2;3	10;10;10
1588	10486	1588	1589	3	3	trialwise	1763;3467;5147	1763;3467;5147	11;22;33	162;98;10	sub-017_ses-103_task-s11;sub-017_ses-203_task-s11;sub-017_ses-304_task-s11	1763	11	162	sub-017	ses-103	task-s11	1;2;3	11;11;11
1589	10509	1589	1590	3	3	trialwise	1503;3287;5019	1503;3287;5019	10;21;32	69;85;49	sub-017_ses-103_task-s10;sub-017_ses-203_task-s10;sub-017_ses-303_task-s10	1503	10	69	sub-017	ses-103	task-s10	1;2;3	10;10;10
1590	10544	1590	1591	3	3	trialwise	1355;3200;4955	1355;3200;4955	9;20;31	88;165;152	sub-017_ses-103_task-s9;sub-017_ses-204_task-s9;sub-017_ses-303_task-s9	1355	9	88	sub-017	ses-103	task-s9	1;2;3	9;9;9
1591	10551	1591	1592	3	3	trialwise	1309;3101;4951	1309;3101;4951	9;20;31	42;66;148	sub-017_ses-103_task-s9;sub-017_ses-204_task-s9;sub-017_ses-303_task-s9	1309	9	42	sub-017	ses-103	task-s9	1;2;3	9;9;9
1592	10583	1592	1593	3	3	trialwise	1766;3443;5149	1766;3443;5149	11;22;33	165;74;12	sub-017_ses-103_task-s11;sub-017_ses-203_task-s11;sub-017_ses-304_task-s11	1766	11	165	sub-017	ses-103	task-s11	1;2;3	11;11;11
1593	10584	1593	1594	3	3	trialwise	1483;3285;5114	1483;3285;5114	10;21;32	49;83;144	sub-017_ses-103_task-s10;sub-017_ses-203_task-s10;sub-017_ses-303_task-s10	1483	10	49	sub-017	ses-103	task-s10	1;2;3	10;10;10
1594	10626	1594	1595	3	3	trialwise	1390;3084;4897	1390;3084;4897	9;20;31	123;49;94	sub-017_ses-103_task-s9;sub-017_ses-204_task-s9;sub-017_ses-303_task-s9	1390	9	123	sub-017	ses-103	task-s9	1;2;3	9;9;9
1595	10633	1595	1596	3	3	trialwise	1677;3419;5177	1677;3419;5177	11;22;33	76;50;40	sub-017_ses-103_task-s11;sub-017_ses-203_task-s11;sub-017_ses-304_task-s11	1677	11	76	sub-017	ses-103	task-s11	1;2;3	11;11;11
1596	10643	1596	1597	3	3	trialwise	1339;3175;4957	1339;3175;4957	9;20;31	72;140;154	sub-017_ses-103_task-s9;sub-017_ses-204_task-s9;sub-017_ses-303_task-s9	1339	9	72	sub-017	ses-103	task-s9	1;2;3	9;9;9
1597	10674	1597	1598	3	3	trialwise	1651;3380;5158	1651;3380;5158	11;22;33	50;11;21	sub-017_ses-103_task-s11;sub-017_ses-203_task-s11;sub-017_ses-304_task-s11	1651	11	50	sub-017	ses-103	task-s11	1;2;3	11;11;11
1598	10697	1598	1599	3	3	trialwise	1406;3182;4965	1406;3182;4965	9;20;31	139;147;162	sub-017_ses-103_task-s9;sub-017_ses-204_task-s9;sub-017_ses-303_task-s9	1406	9	139	sub-017	ses-103	task-s9	1;2;3	9;9;9
1599	10704	1599	1600	3	3	trialwise	1486;3262;5021	1486;3262;5021	10;21;32	52;60;51	sub-017_ses-103_task-s10;sub-017_ses-203_task-s10;sub-017_ses-303_task-s10	1486	10	52	sub-017	ses-103	task-s10	1;2;3	10;10;10
1600	10731	1600	1601	3	3	trialwise	1605;3534;5208	1605;3534;5208	11;22;33	4;165;71	sub-017_ses-103_task-s11;sub-017_ses-203_task-s11;sub-017_ses-304_task-s11	1605	11	4	sub-017	ses-103	task-s11	1;2;3	11;11;11
1601	10754	1601	1602	3	3	trialwise	1464;3347;5011	1464;3347;5011	10;21;32	30;145;41	sub-017_ses-103_task-s10;sub-017_ses-203_task-s10;sub-017_ses-303_task-s10	1464	10	30	sub-017	ses-103	task-s10	1;2;3	10;10;10
1602	10778	1602	1603	3	3	trialwise	1507;3267;5077	1507;3267;5077	10;21;32	73;65;107	sub-017_ses-103_task-s10;sub-017_ses-203_task-s10;sub-017_ses-303_task-s10	1507	10	73	sub-017	ses-103	task-s10	1;2;3	10;10;10
1603	10779	1603	1604	3	3	trialwise	1277;3187;4862	1277;3187;4862	9;20;31	10;152;59	sub-017_ses-103_task-s9;sub-017_ses-204_task-s9;sub-017_ses-303_task-s9	1277	9	10	sub-017	ses-103	task-s9	1;2;3	9;9;9
1604	10818	1604	1605	3	3	trialwise	1527;3220;5022	1527;3220;5022	10;21;32	93;18;52	sub-017_ses-103_task-s10;sub-017_ses-203_task-s10;sub-017_ses-303_task-s10	1527	10	93	sub-017	ses-103	task-s10	1;2;3	10;10;10
1605	10823	1605	1606	3	3	trialwise	1279;3112;4833	1279;3112;4833	9;20;31	12;77;30	sub-017_ses-103_task-s9;sub-017_ses-204_task-s9;sub-017_ses-303_task-s9	1279	9	12	sub-017	ses-103	task-s9	1;2;3	9;9;9
1606	10869	1606	1607	3	3	trialwise	1607;3442;5209	1607;3442;5209	11;22;33	6;73;72	sub-017_ses-103_task-s11;sub-017_ses-203_task-s11;sub-017_ses-304_task-s11	1607	11	6	sub-017	ses-103	task-s11	1;2;3	11;11;11
1607	10878	1607	1608	3	3	trialwise	1585;3329;5088	1585;3329;5088	10;21;32	151;127;118	sub-017_ses-103_task-s10;sub-017_ses-203_task-s10;sub-017_ses-303_task-s10	1585	10	151	sub-017	ses-103	task-s10	1;2;3	10;10;10
1608	10915	1608	1609	3	3	trialwise	1634;3474;5252	1634;3474;5252	11;22;33	33;105;115	sub-017_ses-103_task-s11;sub-017_ses-203_task-s11;sub-017_ses-304_task-s11	1634	11	33	sub-017	ses-103	task-s11	1;2;3	11;11;11
1609	10916	1609	1610	3	3	trialwise	1437;3270;5070	1437;3270;5070	10;21;32	3;68;100	sub-017_ses-103_task-s10;sub-017_ses-203_task-s10;sub-017_ses-303_task-s10	1437	10	3	sub-017	ses-103	task-s10	1;2;3	10;10;10
1610	10924	1610	1611	3	3	trialwise	1604;3421;5191	1604;3421;5191	11;22;33	3;52;54	sub-017_ses-103_task-s11;sub-017_ses-203_task-s11;sub-017_ses-304_task-s11	1604	11	3	sub-017	ses-103	task-s11	1;2;3	11;11;11
1611	10951	1611	1612	3	3	trialwise	1674;3502;5272	1674;3502;5272	11;22;33	73;133;135	sub-017_ses-103_task-s11;sub-017_ses-203_task-s11;sub-017_ses-304_task-s11	1674	11	73	sub-017	ses-103	task-s11	1;2;3	11;11;11
1612	10979	1612	1613	3	3	trialwise	1462;3246;5075	1462;3246;5075	10;21;32	28;44;105	sub-017_ses-103_task-s10;sub-017_ses-203_task-s10;sub-017_ses-303_task-s10	1462	10	28	sub-017	ses-103	task-s10	1;2;3	10;10;10
1613	10994	1613	1614	3	3	trialwise	1405;3171;4853	1405;3171;4853	9;20;31	138;136;50	sub-017_ses-103_task-s9;sub-017_ses-204_task-s9;sub-017_ses-303_task-s9	1405	9	138	sub-017	ses-103	task-s9	1;2;3	9;9;9
1614	11008	1614	1615	3	3	trialwise	1369;3081;4851	1369;3081;4851	9;20;31	102;46;48	sub-017_ses-103_task-s9;sub-017_ses-204_task-s9;sub-017_ses-303_task-s9	1369	9	102	sub-017	ses-103	task-s9	1;2;3	9;9;9
1615	11034	1615	1616	3	3	trialwise	1448;3274;5027	1448;3274;5027	10;21;32	14;72;57	sub-017_ses-103_task-s10;sub-017_ses-203_task-s10;sub-017_ses-303_task-s10	1448	10	14	sub-017	ses-103	task-s10	1;2;3	10;10;10
1616	11054	1616	1617	3	3	trialwise	1548;3216;4988	1548;3216;4988	10;21;32	114;14;18	sub-017_ses-103_task-s10;sub-017_ses-203_task-s10;sub-017_ses-303_task-s10	1548	10	114	sub-017	ses-103	task-s10	1;2;3	10;10;10
1617	11055	1617	1618	3	3	trialwise	1332;3155;4958	1332;3155;4958	9;20;31	65;120;155	sub-017_ses-103_task-s9;sub-017_ses-204_task-s9;sub-017_ses-303_task-s9	1332	9	65	sub-017	ses-103	task-s9	1;2;3	9;9;9
1618	11108	1618	1619	3	3	trialwise	1500;3225;4973	1500;3225;4973	10;21;32	66;23;3	sub-017_ses-103_task-s10;sub-017_ses-203_task-s10;sub-017_ses-303_task-s10	1500	10	66	sub-017	ses-103	task-s10	1;2;3	10;10;10
1619	11110	1619	1620	3	3	trialwise	1556;3358;5101	1556;3358;5101	10;21;32	122;156;131	sub-017_ses-103_task-s10;sub-017_ses-203_task-s10;sub-017_ses-303_task-s10	1556	10	122	sub-017	ses-103	task-s10	1;2;3	10;10;10
1620	11121	1620	1621	3	3	trialwise	1110;2917;4763	1110;2917;4763	8;19;30	1;40;118	sub-017_ses-103_task-s8;sub-017_ses-202_task-s8;sub-017_ses-303_task-s8	1110	8	1	sub-017	ses-103	task-s8	1;2;3	8;8;8
1621	11122	1621	1622	3	3	trialwise	720;2561;4230	720;2561;4230	5;16;27	85;158;59	sub-017_ses-102_task-s5;sub-017_ses-202_task-s5;sub-017_ses-302_task-s5	720	5	85	sub-017	ses-102	task-s5	1;2;3	5;5;5
1622	11123	1622	1623	3	3	trialwise	279;1974;3733	279;1974;3733	2;13;24	121;48;39	sub-017_ses-101_task-s2;sub-017_ses-201_task-s2;sub-017_ses-305_task-s2	279	2	121	sub-017	ses-101	task-s2	1;2;3	2;2;2
1623	11124	1623	1624	3	3	trialwise	20;1836;3556	20;1836;3556	1;12;23	21;69;21	sub-017_ses-104_task-s1;sub-017_ses-201_task-s1;sub-017_ses-302_task-s1	20	1	21	sub-017	ses-104	task-s1	1;2;3	1;1;1
1624	11125	1624	1625	3	3	trialwise	803;2644;4411	803;2644;4411	6;17;28	10;83;82	sub-017_ses-103_task-s6;sub-017_ses-204_task-s6;sub-017_ses-302_task-s6	803	6	10	sub-017	ses-103	task-s6	1;2;3	6;6;6
1625	11126	1625	1626	3	3	trialwise	1251;2949;4751	1251;2949;4751	8;19;30	142;72;106	sub-017_ses-103_task-s8;sub-017_ses-202_task-s8;sub-017_ses-303_task-s8	1251	8	142	sub-017	ses-103	task-s8	1;2;3	8;8;8
1626	11127	1626	1627	3	3	trialwise	588;2245;4137	588;2245;4137	4;15;26	112;1;125	sub-017_ses-102_task-s4;sub-017_ses-203_task-s4;sub-017_ses-302_task-s4	588	4	112	sub-017	ses-102	task-s4	1;2;3	4;4;4
1627	11128	1627	1628	3	3	trialwise	135;1871;3671	135;1871;3671	1;12;23	136;104;136	sub-017_ses-104_task-s1;sub-017_ses-201_task-s1;sub-017_ses-302_task-s1	135	1	136	sub-017	ses-104	task-s1	1;2;3	1;1;1
1628	11129	1628	1629	3	3	trialwise	832;2629;4405	832;2629;4405	6;17;28	39;68;76	sub-017_ses-103_task-s6;sub-017_ses-204_task-s6;sub-017_ses-302_task-s6	832	6	39	sub-017	ses-103	task-s6	1;2;3	6;6;6
1629	11130	1629	1630	3	3	trialwise	91;1772;3627	91;1772;3627	1;12;23	92;5;92	sub-017_ses-104_task-s1;sub-017_ses-201_task-s1;sub-017_ses-302_task-s1	91	1	92	sub-017	ses-104	task-s1	1;2;3	1;1;1
1630	11131	1630	1631	3	3	trialwise	88;1862;3624	88;1862;3624	1;12;23	89;95;89	sub-017_ses-104_task-s1;sub-017_ses-201_task-s1;sub-017_ses-302_task-s1	88	1	89	sub-017	ses-104	task-s1	1;2;3	1;1;1
1631	11132	1631	1632	3	3	trialwise	811;2692;4402	811;2692;4402	6;17;28	18;131;73	sub-017_ses-103_task-s6;sub-017_ses-204_task-s6;sub-017_ses-302_task-s6	811	6	18	sub-017	ses-103	task-s6	1;2;3	6;6;6
1632	11133	1632	1633	3	3	trialwise	189;2021;3852	189;2021;3852	2;13;24	31;95;158	sub-017_ses-101_task-s2;sub-017_ses-201_task-s2;sub-017_ses-305_task-s2	189	2	31	sub-017	ses-101	task-s2	1;2;3	2;2;2
1633	11134	1633	1634	3	3	trialwise	305;1941;3726	305;1941;3726	2;13;24	147;15;32	sub-017_ses-101_task-s2;sub-017_ses-201_task-s2;sub-017_ses-305_task-s2	305	2	147	sub-017	ses-101	task-s2	1;2;3	2;2;2
1634	11135	1634	1635	3	3	trialwise	827;2639;4473	827;2639;4473	6;17;28	34;78;144	sub-017_ses-103_task-s6;sub-017_ses-204_task-s6;sub-017_ses-302_task-s6	827	6	34	sub-017	ses-103	task-s6	1;2;3	6;6;6
1635	11136	1635	1636	3	3	trialwise	517;2256;4071	517;2256;4071	4;15;26	41;12;59	sub-017_ses-102_task-s4;sub-017_ses-203_task-s4;sub-017_ses-302_task-s4	517	4	41	sub-017	ses-102	task-s4	1;2;3	4;4;4
1636	11137	1636	1637	3	3	trialwise	23;1905;3559	23;1905;3559	1;12;23	24;138;24	sub-017_ses-104_task-s1;sub-017_ses-201_task-s1;sub-017_ses-302_task-s1	23	1	24	sub-017	ses-104	task-s1	1;2;3	1;1;1
1637	11138	1637	1638	3	3	trialwise	392;2151;3924	392;2151;3924	3;14;25	75;66;71	sub-017_ses-101_task-s3;sub-017_ses-201_task-s3;sub-017_ses-301_task-s3	392	3	75	sub-017	ses-101	task-s3	1;2;3	3;3;3
1638	11139	1638	1639	3	3	trialwise	133;1816;3669	133;1816;3669	1;12;23	134;49;134	sub-017_ses-104_task-s1;sub-017_ses-201_task-s1;sub-017_ses-302_task-s1	133	1	134	sub-017	ses-104	task-s1	1;2;3	1;1;1
1639	11140	1639	1640	3	3	trialwise	655;2498;4318	655;2498;4318	5;16;27	20;95;147	sub-017_ses-102_task-s5;sub-017_ses-202_task-s5;sub-017_ses-302_task-s5	655	5	20	sub-017	ses-102	task-s5	1;2;3	5;5;5
1640	11141	1640	1641	3	3	trialwise	201;1987;3819	201;1987;3819	2;13;24	43;61;125	sub-017_ses-101_task-s2;sub-017_ses-201_task-s2;sub-017_ses-305_task-s2	201	2	43	sub-017	ses-101	task-s2	1;2;3	2;2;2
1641	11142	1641	1642	3	3	trialwise	833;2599;4368	833;2599;4368	6;17;28	40;38;39	sub-017_ses-103_task-s6;sub-017_ses-204_task-s6;sub-017_ses-302_task-s6	833	6	40	sub-017	ses-103	task-s6	1;2;3	6;6;6
1642	11143	1642	1643	3	3	trialwise	386;2135;3905	386;2135;3905	3;14;25	69;50;52	sub-017_ses-101_task-s3;sub-017_ses-201_task-s3;sub-017_ses-301_task-s3	386	3	69	sub-017	ses-101	task-s3	1;2;3	3;3;3
1643	11144	1643	1644	3	3	trialwise	698;2530;4258	698;2530;4258	5;16;27	63;127;87	sub-017_ses-102_task-s5;sub-017_ses-202_task-s5;sub-017_ses-302_task-s5	698	5	63	sub-017	ses-102	task-s5	1;2;3	5;5;5
1644	11145	1644	1645	3	3	trialwise	1136;3025;4670	1136;3025;4670	8;19;30	27;148;25	sub-017_ses-103_task-s8;sub-017_ses-202_task-s8;sub-017_ses-303_task-s8	1136	8	27	sub-017	ses-103	task-s8	1;2;3	8;8;8
1645	11146	1645	1646	3	3	trialwise	96;1815;3632	96;1815;3632	1;12;23	97;48;97	sub-017_ses-104_task-s1;sub-017_ses-201_task-s1;sub-017_ses-302_task-s1	96	1	97	sub-017	ses-104	task-s1	1;2;3	1;1;1
1646	11147	1646	1647	3	3	trialwise	364;2227;3882	364;2227;3882	3;14;25	47;142;29	sub-017_ses-101_task-s3;sub-017_ses-201_task-s3;sub-017_ses-301_task-s3	364	3	47	sub-017	ses-101	task-s3	1;2;3	3;3;3
1647	11148	1647	1648	3	3	trialwise	859;2630;4343	859;2630;4343	6;17;28	66;69;14	sub-017_ses-103_task-s6;sub-017_ses-204_task-s6;sub-017_ses-302_task-s6	859	6	66	sub-017	ses-103	task-s6	1;2;3	6;6;6
1648	11149	1648	1649	3	3	trialwise	664;2527;4235	664;2527;4235	5;16;27	29;124;64	sub-017_ses-102_task-s5;sub-017_ses-202_task-s5;sub-017_ses-302_task-s5	664	5	29	sub-017	ses-102	task-s5	1;2;3	5;5;5
1649	11150	1649	1650	3	3	trialwise	58;1786;3594	58;1786;3594	1;12;23	59;19;59	sub-017_ses-104_task-s1;sub-017_ses-201_task-s1;sub-017_ses-302_task-s1	58	1	59	sub-017	ses-104	task-s1	1;2;3	1;1;1
1650	11151	1650	1651	3	3	trialwise	81;1861;3617	81;1861;3617	1;12;23	82;94;82	sub-017_ses-104_task-s1;sub-017_ses-201_task-s1;sub-017_ses-302_task-s1	81	1	82	sub-017	ses-104	task-s1	1;2;3	1;1;1
1651	11152	1651	1652	3	3	trialwise	969;2777;4552	969;2777;4552	7;18;29	18;58;65	sub-017_ses-103_task-s7;sub-017_ses-202_task-s7;sub-017_ses-303_task-s7	969	7	18	sub-017	ses-103	task-s7	1;2;3	7;7;7
1652	11153	1652	1653	3	3	trialwise	643;2505;4206	643;2505;4206	5;16;27	8;102;35	sub-017_ses-102_task-s5;sub-017_ses-202_task-s5;sub-017_ses-302_task-s5	643	5	8	sub-017	ses-102	task-s5	1;2;3	5;5;5
1653	11154	1653	1654	3	3	trialwise	65;1840;3601	65;1840;3601	1;12;23	66;73;66	sub-017_ses-104_task-s1;sub-017_ses-201_task-s1;sub-017_ses-302_task-s1	65	1	66	sub-017	ses-104	task-s1	1;2;3	1;1;1
1654	11155	1654	1655	3	3	trialwise	322;2137;3874	322;2137;3874	3;14;25	5;52;21	sub-017_ses-101_task-s3;sub-017_ses-201_task-s3;sub-017_ses-301_task-s3	322	3	5	sub-017	ses-101	task-s3	1;2;3	3;3;3
1655	11156	1655	1656	3	3	trialwise	693;2460;4219	693;2460;4219	5;16;27	58;57;48	sub-017_ses-102_task-s5;sub-017_ses-202_task-s5;sub-017_ses-302_task-s5	693	5	58	sub-017	ses-102	task-s5	1;2;3	5;5;5
1656	11157	1656	1657	3	3	trialwise	652;2526;4185	652;2526;4185	5;16;27	17;123;14	sub-017_ses-102_task-s5;sub-017_ses-202_task-s5;sub-017_ses-302_task-s5	652	5	17	sub-017	ses-102	task-s5	1;2;3	5;5;5
1657	11158	1657	1658	3	3	trialwise	800;2625;4470	800;2625;4470	6;17;28	7;64;141	sub-017_ses-103_task-s6;sub-017_ses-204_task-s6;sub-017_ses-302_task-s6	800	6	7	sub-017	ses-103	task-s6	1;2;3	6;6;6
1658	11159	1658	1659	3	3	trialwise	562;2338;4031	562;2338;4031	4;15;26	86;94;19	sub-017_ses-102_task-s4;sub-017_ses-203_task-s4;sub-017_ses-302_task-s4	562	4	86	sub-017	ses-102	task-s4	1;2;3	4;4;4
1659	11160	1659	1660	3	3	trialwise	233;2053;3741	233;2053;3741	2;13;24	75;127;47	sub-017_ses-101_task-s2;sub-017_ses-201_task-s2;sub-017_ses-305_task-s2	233	2	75	sub-017	ses-101	task-s2	1;2;3	2;2;2
1660	11161	1660	1661	3	3	trialwise	491;2401;4104	491;2401;4104	4;15;26	15;157;92	sub-017_ses-102_task-s4;sub-017_ses-203_task-s4;sub-017_ses-302_task-s4	491	4	15	sub-017	ses-102	task-s4	1;2;3	4;4;4
1661	11162	1661	1662	3	3	trialwise	275;2080;3848	275;2080;3848	2;13;24	117;154;154	sub-017_ses-101_task-s2;sub-017_ses-201_task-s2;sub-017_ses-305_task-s2	275	2	117	sub-017	ses-101	task-s2	1;2;3	2;2;2
1662	11163	1662	1663	3	3	trialwise	381;2224;3972	381;2224;3972	3;14;25	64;139;119	sub-017_ses-101_task-s3;sub-017_ses-201_task-s3;sub-017_ses-301_task-s3	381	3	64	sub-017	ses-101	task-s3	1;2;3	3;3;3
1663	11164	1663	1664	3	3	trialwise	722;2559;4195	722;2559;4195	5;16;27	87;156;24	sub-017_ses-102_task-s5;sub-017_ses-202_task-s5;sub-017_ses-302_task-s5	722	5	87	sub-017	ses-102	task-s5	1;2;3	5;5;5
1664	11165	1664	1665	3	3	trialwise	377;2217;3877	377;2217;3877	3;14;25	60;132;24	sub-017_ses-101_task-s3;sub-017_ses-201_task-s3;sub-017_ses-301_task-s3	377	3	60	sub-017	ses-101	task-s3	1;2;3	3;3;3
1665	11166	1665	1666	3	3	trialwise	1157;3018;4767	1157;3018;4767	8;19;30	48;141;122	sub-017_ses-103_task-s8;sub-017_ses-202_task-s8;sub-017_ses-303_task-s8	1157	8	48	sub-017	ses-103	task-s8	1;2;3	8;8;8
1666	11167	1666	1667	3	3	trialwise	186;1957;3816	186;1957;3816	2;13;24	28;31;122	sub-017_ses-101_task-s2;sub-017_ses-201_task-s2;sub-017_ses-305_task-s2	186	2	28	sub-017	ses-101	task-s2	1;2;3	2;2;2
1667	11168	1667	1668	3	3	trialwise	359;2093;3871	359;2093;3871	3;14;25	42;8;18	sub-017_ses-101_task-s3;sub-017_ses-201_task-s3;sub-017_ses-301_task-s3	359	3	42	sub-017	ses-101	task-s3	1;2;3	3;3;3
1668	11169	1668	1669	3	3	trialwise	931;2631;4391	931;2631;4391	6;17;28	138;70;62	sub-017_ses-103_task-s6;sub-017_ses-204_task-s6;sub-017_ses-302_task-s6	931	6	138	sub-017	ses-103	task-s6	1;2;3	6;6;6
1669	11170	1669	1670	3	3	trialwise	466;2208;3894	466;2208;3894	3;14;25	149;123;41	sub-017_ses-101_task-s3;sub-017_ses-201_task-s3;sub-017_ses-301_task-s3	466	3	149	sub-017	ses-101	task-s3	1;2;3	3;3;3
1670	11171	1670	1671	3	3	trialwise	494;2355;4121	494;2355;4121	4;15;26	18;111;109	sub-017_ses-102_task-s4;sub-017_ses-203_task-s4;sub-017_ses-302_task-s4	494	4	18	sub-017	ses-102	task-s4	1;2;3	4;4;4
1671	11172	1671	1672	3	3	trialwise	1162;2991;4784	1162;2991;4784	8;19;30	53;114;139	sub-017_ses-103_task-s8;sub-017_ses-202_task-s8;sub-017_ses-303_task-s8	1162	8	53	sub-017	ses-103	task-s8	1;2;3	8;8;8
1672	11173	1672	1673	3	3	trialwise	9;1867;3545	9;1867;3545	1;12;23	10;100;10	sub-017_ses-104_task-s1;sub-017_ses-201_task-s1;sub-017_ses-302_task-s1	9	1	10	sub-017	ses-104	task-s1	1;2;3	1;1;1
1673	11174	1673	1674	3	3	trialwise	956;2778;4497	956;2778;4497	7;18;29	5;59;10	sub-017_ses-103_task-s7;sub-017_ses-202_task-s7;sub-017_ses-303_task-s7	956	7	5	sub-017	ses-103	task-s7	1;2;3	7;7;7
1674	11175	1674	1675	3	3	trialwise	320;2110;3923	320;2110;3923	3;14;25	3;25;70	sub-017_ses-101_task-s3;sub-017_ses-201_task-s3;sub-017_ses-301_task-s3	320	3	3	sub-017	ses-101	task-s3	1;2;3	3;3;3
1675	11176	1675	1676	3	3	trialwise	650;2421;4213	650;2421;4213	5;16;27	15;18;42	sub-017_ses-102_task-s5;sub-017_ses-202_task-s5;sub-017_ses-302_task-s5	650	5	15	sub-017	ses-102	task-s5	1;2;3	5;5;5
1676	11177	1676	1677	3	3	trialwise	350;2229;3914	350;2229;3914	3;14;25	33;144;61	sub-017_ses-101_task-s3;sub-017_ses-201_task-s3;sub-017_ses-301_task-s3	350	3	33	sub-017	ses-101	task-s3	1;2;3	3;3;3
1677	11178	1677	1678	3	3	trialwise	633;2367;4152	633;2367;4152	4;15;26	157;123;140	sub-017_ses-102_task-s4;sub-017_ses-203_task-s4;sub-017_ses-302_task-s4	633	4	157	sub-017	ses-102	task-s4	1;2;3	4;4;4
1678	11179	1678	1679	3	3	trialwise	396;2123;3996	396;2123;3996	3;14;25	79;38;143	sub-017_ses-101_task-s3;sub-017_ses-201_task-s3;sub-017_ses-301_task-s3	396	3	79	sub-017	ses-101	task-s3	1;2;3	3;3;3
1679	11180	1679	1680	3	3	trialwise	1131;2895;4700	1131;2895;4700	8;19;30	22;18;55	sub-017_ses-103_task-s8;sub-017_ses-202_task-s8;sub-017_ses-303_task-s8	1131	8	22	sub-017	ses-103	task-s8	1;2;3	8;8;8
1680	11181	1680	1681	3	3	trialwise	965;2799;4526	965;2799;4526	7;18;29	14;80;39	sub-017_ses-103_task-s7;sub-017_ses-202_task-s7;sub-017_ses-303_task-s7	965	7	14	sub-017	ses-103	task-s7	1;2;3	7;7;7
1681	11182	1681	1682	3	3	trialwise	786;2542;4328	786;2542;4328	5;16;27	151;139;157	sub-017_ses-102_task-s5;sub-017_ses-202_task-s5;sub-017_ses-302_task-s5	786	5	151	sub-017	ses-102	task-s5	1;2;3	5;5;5
1682	11183	1682	1683	3	3	trialwise	38;1837;3574	38;1837;3574	1;12;23	39;70;39	sub-017_ses-104_task-s1;sub-017_ses-201_task-s1;sub-017_ses-302_task-s1	38	1	39	sub-017	ses-104	task-s1	1;2;3	1;1;1
1683	11184	1683	1684	3	3	trialwise	17;1874;3553	17;1874;3553	1;12;23	18;107;18	sub-017_ses-104_task-s1;sub-017_ses-201_task-s1;sub-017_ses-302_task-s1	17	1	18	sub-017	ses-104	task-s1	1;2;3	1;1;1
1684	11185	1684	1685	3	3	trialwise	394;2136;3917	394;2136;3917	3;14;25	77;51;64	sub-017_ses-101_task-s3;sub-017_ses-201_task-s3;sub-017_ses-301_task-s3	394	3	77	sub-017	ses-101	task-s3	1;2;3	3;3;3
1685	11186	1685	1686	3	3	trialwise	783;2428;4175	783;2428;4175	5;16;27	148;25;4	sub-017_ses-102_task-s5;sub-017_ses-202_task-s5;sub-017_ses-302_task-s5	783	5	148	sub-017	ses-102	task-s5	1;2;3	5;5;5
1686	11187	1686	1687	3	3	trialwise	1170;3027;4671	1170;3027;4671	8;19;30	61;150;26	sub-017_ses-103_task-s8;sub-017_ses-202_task-s8;sub-017_ses-303_task-s8	1170	8	61	sub-017	ses-103	task-s8	1;2;3	8;8;8
1687	11188	1687	1688	3	3	trialwise	1059;2860;4505	1059;2860;4505	7;18;29	108;141;18	sub-017_ses-103_task-s7;sub-017_ses-202_task-s7;sub-017_ses-303_task-s7	1059	7	108	sub-017	ses-103	task-s7	1;2;3	7;7;7
1688	11189	1688	1689	3	3	trialwise	754;2523;4227	754;2523;4227	5;16;27	119;120;56	sub-017_ses-102_task-s5;sub-017_ses-202_task-s5;sub-017_ses-302_task-s5	754	5	119	sub-017	ses-102	task-s5	1;2;3	5;5;5
1689	11190	1689	1690	3	3	trialwise	289;2063;3826	289;2063;3826	2;13;24	131;137;132	sub-017_ses-101_task-s2;sub-017_ses-201_task-s2;sub-017_ses-305_task-s2	289	2	131	sub-017	ses-101	task-s2	1;2;3	2;2;2
1690	11191	1690	1691	3	3	trialwise	615;2286;4094	615;2286;4094	4;15;26	139;42;82	sub-017_ses-102_task-s4;sub-017_ses-203_task-s4;sub-017_ses-302_task-s4	615	4	139	sub-017	ses-102	task-s4	1;2;3	4;4;4
1691	11192	1691	1692	3	3	trialwise	33;1806;3569	33;1806;3569	1;12;23	34;39;34	sub-017_ses-104_task-s1;sub-017_ses-201_task-s1;sub-017_ses-302_task-s1	33	1	34	sub-017	ses-104	task-s1	1;2;3	1;1;1
1692	11193	1692	1693	3	3	trialwise	702;2503;4241	702;2503;4241	5;16;27	67;100;70	sub-017_ses-102_task-s5;sub-017_ses-202_task-s5;sub-017_ses-302_task-s5	702	5	67	sub-017	ses-102	task-s5	1;2;3	5;5;5
1693	11194	1693	1694	3	3	trialwise	612;2292;4141	612;2292;4141	4;15;26	136;48;129	sub-017_ses-102_task-s4;sub-017_ses-203_task-s4;sub-017_ses-302_task-s4	612	4	136	sub-017	ses-102	task-s4	1;2;3	4;4;4
1694	11195	1694	1695	3	3	trialwise	293;1944;3722	293;1944;3722	2;13;24	135;18;28	sub-017_ses-101_task-s2;sub-017_ses-201_task-s2;sub-017_ses-305_task-s2	293	2	135	sub-017	ses-101	task-s2	1;2;3	2;2;2
1695	11196	1695	1696	3	3	trialwise	281;1950;3797	281;1950;3797	2;13;24	123;24;103	sub-017_ses-101_task-s2;sub-017_ses-201_task-s2;sub-017_ses-305_task-s2	281	2	123	sub-017	ses-101	task-s2	1;2;3	2;2;2
1696	11197	1696	1697	3	3	trialwise	1003;2820;4521	1003;2820;4521	7;18;29	52;101;34	sub-017_ses-103_task-s7;sub-017_ses-202_task-s7;sub-017_ses-303_task-s7	1003	7	52	sub-017	ses-103	task-s7	1;2;3	7;7;7
1697	11198	1697	1698	3	3	trialwise	977;2805;4527	977;2805;4527	7;18;29	26;86;40	sub-017_ses-103_task-s7;sub-017_ses-202_task-s7;sub-017_ses-303_task-s7	977	7	26	sub-017	ses-103	task-s7	1;2;3	7;7;7
1698	11199	1698	1699	3	3	trialwise	1178;3013;4765	1178;3013;4765	8;19;30	69;136;120	sub-017_ses-103_task-s8;sub-017_ses-202_task-s8;sub-017_ses-303_task-s8	1178	8	69	sub-017	ses-103	task-s8	1;2;3	8;8;8
1699	11200	1699	1700	3	3	trialwise	39;1820;3575	39;1820;3575	1;12;23	40;53;40	sub-017_ses-104_task-s1;sub-017_ses-201_task-s1;sub-017_ses-302_task-s1	39	1	40	sub-017	ses-104	task-s1	1;2;3	1;1;1
1700	11201	1700	1701	3	3	trialwise	1148;2944;4723	1148;2944;4723	8;19;30	39;67;78	sub-017_ses-103_task-s8;sub-017_ses-202_task-s8;sub-017_ses-303_task-s8	1148	8	39	sub-017	ses-103	task-s8	1;2;3	8;8;8
1701	11202	1701	1702	3	3	trialwise	1190;2940;4764	1190;2940;4764	8;19;30	81;63;119	sub-017_ses-103_task-s8;sub-017_ses-202_task-s8;sub-017_ses-303_task-s8	1190	8	81	sub-017	ses-103	task-s8	1;2;3	8;8;8
1702	11203	1702	1703	3	3	trialwise	1239;2925;4717	1239;2925;4717	8;19;30	130;48;72	sub-017_ses-103_task-s8;sub-017_ses-202_task-s8;sub-017_ses-303_task-s8	1239	8	130	sub-017	ses-103	task-s8	1;2;3	8;8;8
1703	11204	1703	1704	3	3	trialwise	480;2303;4068	480;2303;4068	4;15;26	4;59;56	sub-017_ses-102_task-s4;sub-017_ses-203_task-s4;sub-017_ses-302_task-s4	480	4	4	sub-017	ses-102	task-s4	1;2;3	4;4;4
1704	11205	1704	1705	3	3	trialwise	941;2575;4471	941;2575;4471	6;17;28	148;14;142	sub-017_ses-103_task-s6;sub-017_ses-204_task-s6;sub-017_ses-302_task-s6	941	6	148	sub-017	ses-103	task-s6	1;2;3	6;6;6
1705	11206	1705	1706	3	3	trialwise	582;2288;4036	582;2288;4036	4;15;26	106;44;24	sub-017_ses-102_task-s4;sub-017_ses-203_task-s4;sub-017_ses-302_task-s4	582	4	106	sub-017	ses-102	task-s4	1;2;3	4;4;4
1706	11207	1706	1707	3	3	trialwise	204;2006;3766	204;2006;3766	2;13;24	46;80;72	sub-017_ses-101_task-s2;sub-017_ses-201_task-s2;sub-017_ses-305_task-s2	204	2	46	sub-017	ses-101	task-s2	1;2;3	2;2;2
1707	11208	1707	1708	3	3	trialwise	329;2192;3864	329;2192;3864	3;14;25	12;107;11	sub-017_ses-101_task-s3;sub-017_ses-201_task-s3;sub-017_ses-301_task-s3	329	3	12	sub-017	ses-101	task-s3	1;2;3	3;3;3
1708	11209	1708	1709	3	3	trialwise	1228;2989;4759	1228;2989;4759	8;19;30	119;112;114	sub-017_ses-103_task-s8;sub-017_ses-202_task-s8;sub-017_ses-303_task-s8	1228	8	119	sub-017	ses-103	task-s8	1;2;3	8;8;8
1709	11210	1709	1710	3	3	trialwise	235;1977;3788	235;1977;3788	2;13;24	77;51;94	sub-017_ses-101_task-s2;sub-017_ses-201_task-s2;sub-017_ses-305_task-s2	235	2	77	sub-017	ses-101	task-s2	1;2;3	2;2;2
1710	11211	1710	1711	3	3	trialwise	601;2251;4019	601;2251;4019	4;15;26	125;7;7	sub-017_ses-102_task-s4;sub-017_ses-203_task-s4;sub-017_ses-302_task-s4	601	4	125	sub-017	ses-102	task-s4	1;2;3	4;4;4
1711	11212	1711	1712	3	3	trialwise	389;2162;3895	389;2162;3895	3;14;25	72;77;42	sub-017_ses-101_task-s3;sub-017_ses-201_task-s3;sub-017_ses-301_task-s3	389	3	72	sub-017	ses-101	task-s3	1;2;3	3;3;3
1712	11213	1712	1713	3	3	trialwise	678;2488;4276	678;2488;4276	5;16;27	43;85;105	sub-017_ses-102_task-s5;sub-017_ses-202_task-s5;sub-017_ses-302_task-s5	678	5	43	sub-017	ses-102	task-s5	1;2;3	5;5;5
1713	11214	1713	1714	3	3	trialwise	692;2549;4180	692;2549;4180	5;16;27	57;146;9	sub-017_ses-102_task-s5;sub-017_ses-202_task-s5;sub-017_ses-302_task-s5	692	5	57	sub-017	ses-102	task-s5	1;2;3	5;5;5
1714	11215	1714	1715	3	3	trialwise	1153;2914;4781	1153;2914;4781	8;19;30	44;37;136	sub-017_ses-103_task-s8;sub-017_ses-202_task-s8;sub-017_ses-303_task-s8	1153	8	44	sub-017	ses-103	task-s8	1;2;3	8;8;8
1715	11216	1715	1716	3	3	trialwise	1179;2994;4705	1179;2994;4705	8;19;30	70;117;60	sub-017_ses-103_task-s8;sub-017_ses-202_task-s8;sub-017_ses-303_task-s8	1179	8	70	sub-017	ses-103	task-s8	1;2;3	8;8;8
1716	11217	1716	1717	3	3	trialwise	518;2273;4087	518;2273;4087	4;15;26	42;29;75	sub-017_ses-102_task-s4;sub-017_ses-203_task-s4;sub-017_ses-302_task-s4	518	4	42	sub-017	ses-102	task-s4	1;2;3	4;4;4
1717	11218	1717	1718	3	3	trialwise	708;2469;4193	708;2469;4193	5;16;27	73;66;22	sub-017_ses-102_task-s5;sub-017_ses-202_task-s5;sub-017_ses-302_task-s5	708	5	73	sub-017	ses-102	task-s5	1;2;3	5;5;5
1718	11219	1718	1719	3	3	trialwise	66;1807;3602	66;1807;3602	1;12;23	67;40;67	sub-017_ses-104_task-s1;sub-017_ses-201_task-s1;sub-017_ses-302_task-s1	66	1	67	sub-017	ses-104	task-s1	1;2;3	1;1;1
1719	11220	1719	1720	3	3	trialwise	1018;2762;4553	1018;2762;4553	7;18;29	67;43;66	sub-017_ses-103_task-s7;sub-017_ses-202_task-s7;sub-017_ses-303_task-s7	1018	7	67	sub-017	ses-103	task-s7	1;2;3	7;7;7
1720	11221	1720	1721	3	3	trialwise	611;2305;4079	611;2305;4079	4;15;26	135;61;67	sub-017_ses-102_task-s4;sub-017_ses-203_task-s4;sub-017_ses-302_task-s4	611	4	135	sub-017	ses-102	task-s4	1;2;3	4;4;4
1721	11222	1721	1722	3	3	trialwise	472;2222;3859	472;2222;3859	3;14;25	155;137;6	sub-017_ses-101_task-s3;sub-017_ses-201_task-s3;sub-017_ses-301_task-s3	472	3	155	sub-017	ses-101	task-s3	1;2;3	3;3;3
1722	11223	1722	1723	3	3	trialwise	376;2190;4011	376;2190;4011	3;14;25	59;105;158	sub-017_ses-101_task-s3;sub-017_ses-201_task-s3;sub-017_ses-301_task-s3	376	3	59	sub-017	ses-101	task-s3	1;2;3	3;3;3
1723	11224	1723	1724	3	3	trialwise	1006;2775;4494	1006;2775;4494	7;18;29	55;56;7	sub-017_ses-103_task-s7;sub-017_ses-202_task-s7;sub-017_ses-303_task-s7	1006	7	55	sub-017	ses-103	task-s7	1;2;3	7;7;7
1724	11225	1724	1725	3	3	trialwise	871;2581;4486	871;2581;4486	6;17;28	78;20;157	sub-017_ses-103_task-s6;sub-017_ses-204_task-s6;sub-017_ses-302_task-s6	871	6	78	sub-017	ses-103	task-s6	1;2;3	6;6;6
1725	11226	1725	1726	3	3	trialwise	1005;2761;4625	1005;2761;4625	7;18;29	54;42;138	sub-017_ses-103_task-s7;sub-017_ses-202_task-s7;sub-017_ses-303_task-s7	1005	7	54	sub-017	ses-103	task-s7	1;2;3	7;7;7
1726	11227	1726	1727	3	3	trialwise	237;2045;3773	237;2045;3773	2;13;24	79;119;79	sub-017_ses-101_task-s2;sub-017_ses-201_task-s2;sub-017_ses-305_task-s2	237	2	79	sub-017	ses-101	task-s2	1;2;3	2;2;2
1727	11228	1727	1728	3	3	trialwise	6;1848;3542	6;1848;3542	1;12;23	7;81;7	sub-017_ses-104_task-s1;sub-017_ses-201_task-s1;sub-017_ses-302_task-s1	6	1	7	sub-017	ses-104	task-s1	1;2;3	1;1;1
1728	11229	1728	1729	3	3	trialwise	138;1789;3674	138;1789;3674	1;12;23	139;22;139	sub-017_ses-104_task-s1;sub-017_ses-201_task-s1;sub-017_ses-302_task-s1	138	1	139	sub-017	ses-104	task-s1	1;2;3	1;1;1
1729	11230	1729	1730	3	3	trialwise	148;1794;3684	148;1794;3684	1;12;23	149;27;149	sub-017_ses-104_task-s1;sub-017_ses-201_task-s1;sub-017_ses-302_task-s1	148	1	149	sub-017	ses-104	task-s1	1;2;3	1;1;1
1730	11231	1730	1731	3	3	trialwise	257;1959;3738	257;1959;3738	2;13;24	99;33;44	sub-017_ses-101_task-s2;sub-017_ses-201_task-s2;sub-017_ses-305_task-s2	257	2	99	sub-017	ses-101	task-s2	1;2;3	2;2;2
1731	11232	1731	1732	3	3	trialwise	192;2051;3735	192;2051;3735	2;13;24	34;125;41	sub-017_ses-101_task-s2;sub-017_ses-201_task-s2;sub-017_ses-305_task-s2	192	2	34	sub-017	ses-101	task-s2	1;2;3	2;2;2
1732	11233	1732	1733	3	3	trialwise	677;2541;4311	677;2541;4311	5;16;27	42;138;140	sub-017_ses-102_task-s5;sub-017_ses-202_task-s5;sub-017_ses-302_task-s5	677	5	42	sub-017	ses-102	task-s5	1;2;3	5;5;5
1733	11234	1733	1734	3	3	trialwise	410;2167;3897	410;2167;3897	3;14;25	93;82;44	sub-017_ses-101_task-s3;sub-017_ses-201_task-s3;sub-017_ses-301_task-s3	410	3	93	sub-017	ses-101	task-s3	1;2;3	3;3;3
1734	11235	1734	1735	3	3	trialwise	1069;2776;4635	1069;2776;4635	7;18;29	118;57;148	sub-017_ses-103_task-s7;sub-017_ses-202_task-s7;sub-017_ses-303_task-s7	1069	7	118	sub-017	ses-103	task-s7	1;2;3	7;7;7
1735	11236	1735	1736	3	3	trialwise	78;1921;3614	78;1921;3614	1;12;23	79;154;79	sub-017_ses-104_task-s1;sub-017_ses-201_task-s1;sub-017_ses-302_task-s1	78	1	79	sub-017	ses-104	task-s1	1;2;3	1;1;1
1736	11237	1736	1737	3	3	trialwise	627;2376;4111	627;2376;4111	4;15;26	151;132;99	sub-017_ses-102_task-s4;sub-017_ses-203_task-s4;sub-017_ses-302_task-s4	627	4	151	sub-017	ses-102	task-s4	1;2;3	4;4;4
1737	11238	1737	1738	3	3	trialwise	683;2554;4211	683;2554;4211	5;16;27	48;151;40	sub-017_ses-102_task-s5;sub-017_ses-202_task-s5;sub-017_ses-302_task-s5	683	5	48	sub-017	ses-102	task-s5	1;2;3	5;5;5
1738	11239	1738	1739	3	3	trialwise	298;1972;3846	298;1972;3846	2;13;24	140;46;152	sub-017_ses-101_task-s2;sub-017_ses-201_task-s2;sub-017_ses-305_task-s2	298	2	140	sub-017	ses-101	task-s2	1;2;3	2;2;2
1739	11240	1739	1740	3	3	trialwise	1084;2804;4565	1084;2804;4565	7;18;29	133;85;78	sub-017_ses-103_task-s7;sub-017_ses-202_task-s7;sub-017_ses-303_task-s7	1084	7	133	sub-017	ses-103	task-s7	1;2;3	7;7;7
1740	11241	1740	1741	3	3	trialwise	1002;2743;4563	1002;2743;4563	7;18;29	51;24;76	sub-017_ses-103_task-s7;sub-017_ses-202_task-s7;sub-017_ses-303_task-s7	1002	7	51	sub-017	ses-103	task-s7	1;2;3	7;7;7
1741	11242	1741	1742	3	3	trialwise	559;2294;4049	559;2294;4049	4;15;26	83;50;37	sub-017_ses-102_task-s4;sub-017_ses-203_task-s4;sub-017_ses-302_task-s4	559	4	83	sub-017	ses-102	task-s4	1;2;3	4;4;4
1742	11243	1742	1743	3	3	trialwise	76;1899;3612	76;1899;3612	1;12;23	77;132;77	sub-017_ses-104_task-s1;sub-017_ses-201_task-s1;sub-017_ses-302_task-s1	76	1	77	sub-017	ses-104	task-s1	1;2;3	1;1;1
1743	11244	1743	1744	3	3	trialwise	200;1991;3760	200;1991;3760	2;13;24	42;65;66	sub-017_ses-101_task-s2;sub-017_ses-201_task-s2;sub-017_ses-305_task-s2	200	2	42	sub-017	ses-101	task-s2	1;2;3	2;2;2
1744	11245	1744	1745	3	3	trialwise	502;2260;4067	502;2260;4067	4;15;26	26;16;55	sub-017_ses-102_task-s4;sub-017_ses-203_task-s4;sub-017_ses-302_task-s4	502	4	26	sub-017	ses-102	task-s4	1;2;3	4;4;4
1745	11246	1745	1746	3	3	trialwise	1227;2885;4669	1227;2885;4669	8;19;30	118;8;24	sub-017_ses-103_task-s8;sub-017_ses-202_task-s8;sub-017_ses-303_task-s8	1227	8	118	sub-017	ses-103	task-s8	1;2;3	8;8;8
1746	11247	1746	1747	3	3	trialwise	696;2486;4303	696;2486;4303	5;16;27	61;83;132	sub-017_ses-102_task-s5;sub-017_ses-202_task-s5;sub-017_ses-302_task-s5	696	5	61	sub-017	ses-102	task-s5	1;2;3	5;5;5
1747	11248	1747	1748	3	3	trialwise	988;2811;4543	988;2811;4543	7;18;29	37;92;56	sub-017_ses-103_task-s7;sub-017_ses-202_task-s7;sub-017_ses-303_task-s7	988	7	37	sub-017	ses-103	task-s7	1;2;3	7;7;7
1748	11249	1748	1749	3	3	trialwise	181;1953;3736	181;1953;3736	2;13;24	23;27;42	sub-017_ses-101_task-s2;sub-017_ses-201_task-s2;sub-017_ses-305_task-s2	181	2	23	sub-017	ses-101	task-s2	1;2;3	2;2;2
1749	11250	1749	1750	3	3	trialwise	336;2128;3968	336;2128;3968	3;14;25	19;43;115	sub-017_ses-101_task-s3;sub-017_ses-201_task-s3;sub-017_ses-301_task-s3	336	3	19	sub-017	ses-101	task-s3	1;2;3	3;3;3
1750	11251	1750	1751	3	3	trialwise	512;2271;4027	512;2271;4027	4;15;26	36;27;15	sub-017_ses-102_task-s4;sub-017_ses-203_task-s4;sub-017_ses-302_task-s4	512	4	36	sub-017	ses-102	task-s4	1;2;3	4;4;4
1751	11252	1751	1752	3	3	trialwise	869;2616;4385	869;2616;4385	6;17;28	76;55;56	sub-017_ses-103_task-s6;sub-017_ses-204_task-s6;sub-017_ses-302_task-s6	869	6	76	sub-017	ses-103	task-s6	1;2;3	6;6;6
1752	11253	1752	1753	3	3	trialwise	55;1859;3591	55;1859;3591	1;12;23	56;92;56	sub-017_ses-104_task-s1;sub-017_ses-201_task-s1;sub-017_ses-302_task-s1	55	1	56	sub-017	ses-104	task-s1	1;2;3	1;1;1
1753	11254	1753	1754	3	3	trialwise	137;1891;3673	137;1891;3673	1;12;23	138;124;138	sub-017_ses-104_task-s1;sub-017_ses-201_task-s1;sub-017_ses-302_task-s1	137	1	138	sub-017	ses-104	task-s1	1;2;3	1;1;1
1754	11255	1754	1755	3	3	trialwise	849;2716;4431	849;2716;4431	6;17;28	56;155;102	sub-017_ses-103_task-s6;sub-017_ses-204_task-s6;sub-017_ses-302_task-s6	849	6	56	sub-017	ses-103	task-s6	1;2;3	6;6;6
1755	11256	1755	1756	3	3	trialwise	230;1933;3716	230;1933;3716	2;13;24	72;7;22	sub-017_ses-101_task-s2;sub-017_ses-201_task-s2;sub-017_ses-305_task-s2	230	2	72	sub-017	ses-101	task-s2	1;2;3	2;2;2
1756	11257	1756	1757	3	3	trialwise	1108;2866;4624	1108;2866;4624	7;18;29	157;147;137	sub-017_ses-103_task-s7;sub-017_ses-202_task-s7;sub-017_ses-303_task-s7	1108	7	157	sub-017	ses-103	task-s7	1;2;3	7;7;7
1757	11258	1757	1758	3	3	trialwise	60;1781;3596	60;1781;3596	1;12;23	61;14;61	sub-017_ses-104_task-s1;sub-017_ses-201_task-s1;sub-017_ses-302_task-s1	60	1	61	sub-017	ses-104	task-s1	1;2;3	1;1;1
1758	11259	1758	1759	3	3	trialwise	263;1967;3714	263;1967;3714	2;13;24	105;41;20	sub-017_ses-101_task-s2;sub-017_ses-201_task-s2;sub-017_ses-305_task-s2	263	2	105	sub-017	ses-101	task-s2	1;2;3	2;2;2
1759	11260	1759	1760	3	3	trialwise	385;2122;3867	385;2122;3867	3;14;25	68;37;14	sub-017_ses-101_task-s3;sub-017_ses-201_task-s3;sub-017_ses-301_task-s3	385	3	68	sub-017	ses-101	task-s3	1;2;3	3;3;3
1760	11261	1760	1761	3	3	trialwise	172;1935;3777	172;1935;3777	2;13;24	14;9;83	sub-017_ses-101_task-s2;sub-017_ses-201_task-s2;sub-017_ses-305_task-s2	172	2	14	sub-017	ses-101	task-s2	1;2;3	2;2;2
1761	11262	1761	1762	3	3	trialwise	1226;2978;4797	1226;2978;4797	8;19;30	117;101;152	sub-017_ses-103_task-s8;sub-017_ses-202_task-s8;sub-017_ses-303_task-s8	1226	8	117	sub-017	ses-103	task-s8	1;2;3	8;8;8
1762	11263	1762	1763	3	3	trialwise	315;2044;3836	315;2044;3836	2;13;24	157;118;142	sub-017_ses-101_task-s2;sub-017_ses-201_task-s2;sub-017_ses-305_task-s2	315	2	157	sub-017	ses-101	task-s2	1;2;3	2;2;2
1763	11264	1763	1764	3	3	trialwise	564;2316;4147	564;2316;4147	4;15;26	88;72;135	sub-017_ses-102_task-s4;sub-017_ses-203_task-s4;sub-017_ses-302_task-s4	564	4	88	sub-017	ses-102	task-s4	1;2;3	4;4;4
1764	11265	1764	1765	3	3	trialwise	930;2680;4481	930;2680;4481	6;17;28	137;119;152	sub-017_ses-103_task-s6;sub-017_ses-204_task-s6;sub-017_ses-302_task-s6	930	6	137	sub-017	ses-103	task-s6	1;2;3	6;6;6
1765	11266	1765	1766	3	3	trialwise	561;2289;4090	561;2289;4090	4;15;26	85;45;78	sub-017_ses-102_task-s4;sub-017_ses-203_task-s4;sub-017_ses-302_task-s4	561	4	85	sub-017	ses-102	task-s4	1;2;3	4;4;4
1766	11267	1766	1767	3	3	trialwise	439;2236;3966	439;2236;3966	3;14;25	122;151;113	sub-017_ses-101_task-s3;sub-017_ses-201_task-s3;sub-017_ses-301_task-s3	439	3	122	sub-017	ses-101	task-s3	1;2;3	3;3;3
1767	11268	1767	1768	3	3	trialwise	393;2099;3857	393;2099;3857	3;14;25	76;14;4	sub-017_ses-101_task-s3;sub-017_ses-201_task-s3;sub-017_ses-301_task-s3	393	3	76	sub-017	ses-101	task-s3	1;2;3	3;3;3
