scalar_index_0based	condition_id	condition_col_0based	condition_col_1based	n_trials_presented	n_betas_averaged	beta_index_mode	source_beta_rows_0based	trial_indices_0based	run_indices_1based	local_trial_indices	run_stems	first_trial_index_0based	first_run_index_1based	first_local_trial_index	first_sub	first_ses	first_task	repeat_indices	task_indices
0	1	0	1	3	3	trialwise	351;2192;3941	351;2192;3941	3;14;25	34;107;88	sub-008_ses-102_task-s3;sub-008_ses-201_task-s3;sub-008_ses-301_task-s3	351	3	34	sub-008	ses-102	task-s3	1;2;3	3;3;3
1	2	1	2	3	3	trialwise	19;1894;3662	19;1894;3662	1;12;23	20;127;127	sub-008_ses-101_task-s1;sub-008_ses-201_task-s1;sub-008_ses-301_task-s1	19	1	20	sub-008	ses-101	task-s1	1;2;3	1;1;1
2	3	2	3	3	3	trialwise	235;1961;3816	235;1961;3816	2;13;24	77;35;122	sub-008_ses-101_task-s2;sub-008_ses-201_task-s2;sub-008_ses-301_task-s2	235	2	77	sub-008	ses-101	task-s2	1;2;3	2;2;2
3	4	3	4	3	3	trialwise	614;2276;4031	614;2276;4031	4;15;26	138;32;19	sub-008_ses-102_task-s4;sub-008_ses-201_task-s4;sub-008_ses-302_task-s4	614	4	138	sub-008	ses-102	task-s4	1;2;3	4;4;4
4	5	4	5	3	3	trialwise	799;2617;4422	799;2617;4422	6;17;28	6;56;93	sub-008_ses-103_task-s6;sub-008_ses-202_task-s6;sub-008_ses-303_task-s6	799	6	6	sub-008	ses-103	task-s6	1;2;3	6;6;6
5	6	5	6	3	3	trialwise	847;2685;4418	847;2685;4418	6;17;28	54;124;89	sub-008_ses-103_task-s6;sub-008_ses-202_task-s6;sub-008_ses-303_task-s6	847	6	54	sub-008	ses-103	task-s6	1;2;3	6;6;6
6	7	6	7	3	3	trialwise	960;2845;4637	960;2845;4637	7;18;29	9;126;150	sub-008_ses-103_task-s7;sub-008_ses-203_task-s7;sub-008_ses-303_task-s7	960	7	9	sub-008	ses-103	task-s7	1;2;3	7;7;7
7	8	7	8	3	3	trialwise	1122;2906;4676	1122;2906;4676	8;19;30	13;29;31	sub-008_ses-103_task-s8;sub-008_ses-203_task-s8;sub-008_ses-303_task-s8	1122	8	13	sub-008	ses-103	task-s8	1;2;3	8;8;8
8	9	8	9	3	3	trialwise	978;2858;4625	978;2858;4625	7;18;29	27;139;138	sub-008_ses-103_task-s7;sub-008_ses-203_task-s7;sub-008_ses-303_task-s7	978	7	27	sub-008	ses-103	task-s7	1;2;3	7;7;7
9	10	9	10	3	3	trialwise	1032;2738;4501	1032;2738;4501	7;18;29	81;19;14	sub-008_ses-103_task-s7;sub-008_ses-203_task-s7;sub-008_ses-303_task-s7	1032	7	81	sub-008	ses-103	task-s7	1;2;3	7;7;7
10	11	10	11	3	3	trialwise	115;1907;3675	115;1907;3675	1;12;23	116;140;140	sub-008_ses-101_task-s1;sub-008_ses-201_task-s1;sub-008_ses-301_task-s1	115	1	116	sub-008	ses-101	task-s1	1;2;3	1;1;1
11	12	11	12	3	3	trialwise	112;1786;3554	112;1786;3554	1;12;23	113;19;19	sub-008_ses-101_task-s1;sub-008_ses-201_task-s1;sub-008_ses-301_task-s1	112	1	113	sub-008	ses-101	task-s1	1;2;3	1;1;1
12	13	12	13	3	3	trialwise	885;2659;4358	885;2659;4358	6;17;28	92;98;29	sub-008_ses-103_task-s6;sub-008_ses-202_task-s6;sub-008_ses-303_task-s6	885	6	92	sub-008	ses-103	task-s6	1;2;3	6;6;6
13	14	13	14	3	3	trialwise	427;2161;3997	427;2161;3997	3;14;25	110;76;144	sub-008_ses-102_task-s3;sub-008_ses-201_task-s3;sub-008_ses-301_task-s3	427	3	110	sub-008	ses-102	task-s3	1;2;3	3;3;3
14	15	14	15	3	3	trialwise	1229;3023;4779	1229;3023;4779	8;19;30	120;146;134	sub-008_ses-103_task-s8;sub-008_ses-203_task-s8;sub-008_ses-303_task-s8	1229	8	120	sub-008	ses-103	task-s8	1;2;3	8;8;8
15	16	15	16	3	3	trialwise	652;2499;4297	652;2499;4297	5;16;27	17;96;126	sub-008_ses-102_task-s5;sub-008_ses-201_task-s5;sub-008_ses-303_task-s5	652	5	17	sub-008	ses-102	task-s5	1;2;3	5;5;5
16	17	16	17	3	3	trialwise	357;2224;3869	357;2224;3869	3;14;25	40;139;16	sub-008_ses-102_task-s3;sub-008_ses-201_task-s3;sub-008_ses-301_task-s3	357	3	40	sub-008	ses-102	task-s3	1;2;3	3;3;3
17	18	17	18	3	3	trialwise	1223;2955;4730	1223;2955;4730	8;19;30	114;78;85	sub-008_ses-103_task-s8;sub-008_ses-203_task-s8;sub-008_ses-303_task-s8	1223	8	114	sub-008	ses-103	task-s8	1;2;3	8;8;8
18	19	18	19	3	3	trialwise	872;2580;4431	872;2580;4431	6;17;28	79;19;102	sub-008_ses-103_task-s6;sub-008_ses-202_task-s6;sub-008_ses-303_task-s6	872	6	79	sub-008	ses-103	task-s6	1;2;3	6;6;6
19	20	19	20	3	3	trialwise	900;2668;4442	900;2668;4442	6;17;28	107;107;113	sub-008_ses-103_task-s6;sub-008_ses-202_task-s6;sub-008_ses-303_task-s6	900	6	107	sub-008	ses-103	task-s6	1;2;3	6;6;6
20	21	20	21	3	3	trialwise	414;2170;4004	414;2170;4004	3;14;25	97;85;151	sub-008_ses-102_task-s3;sub-008_ses-201_task-s3;sub-008_ses-301_task-s3	414	3	97	sub-008	ses-102	task-s3	1;2;3	3;3;3
21	22	21	22	3	3	trialwise	676;2432;4310	676;2432;4310	5;16;27	41;29;139	sub-008_ses-102_task-s5;sub-008_ses-201_task-s5;sub-008_ses-303_task-s5	676	5	41	sub-008	ses-102	task-s5	1;2;3	5;5;5
22	23	22	23	3	3	trialwise	706;2533;4190	706;2533;4190	5;16;27	71;130;19	sub-008_ses-102_task-s5;sub-008_ses-201_task-s5;sub-008_ses-303_task-s5	706	5	71	sub-008	ses-102	task-s5	1;2;3	5;5;5
23	24	23	24	3	3	trialwise	243;2044;3703	243;2044;3703	2;13;24	85;118;9	sub-008_ses-101_task-s2;sub-008_ses-201_task-s2;sub-008_ses-301_task-s2	243	2	85	sub-008	ses-101	task-s2	1;2;3	2;2;2
24	25	24	25	3	3	trialwise	3;1910;3678	3;1910;3678	1;12;23	4;143;143	sub-008_ses-101_task-s1;sub-008_ses-201_task-s1;sub-008_ses-301_task-s1	3	1	4	sub-008	ses-101	task-s1	1;2;3	1;1;1
25	26	25	26	3	3	trialwise	260;2064;3750	260;2064;3750	2;13;24	102;138;56	sub-008_ses-101_task-s2;sub-008_ses-201_task-s2;sub-008_ses-301_task-s2	260	2	102	sub-008	ses-101	task-s2	1;2;3	2;2;2
26	27	26	27	3	3	trialwise	1105;2861;4634	1105;2861;4634	7;18;29	154;142;147	sub-008_ses-103_task-s7;sub-008_ses-203_task-s7;sub-008_ses-303_task-s7	1105	7	154	sub-008	ses-103	task-s7	1;2;3	7;7;7
27	28	27	28	3	3	trialwise	341;2158;3920	341;2158;3920	3;14;25	24;73;67	sub-008_ses-102_task-s3;sub-008_ses-201_task-s3;sub-008_ses-301_task-s3	341	3	24	sub-008	ses-102	task-s3	1;2;3	3;3;3
28	29	28	29	3	3	trialwise	590;2262;4073	590;2262;4073	4;15;26	114;18;61	sub-008_ses-102_task-s4;sub-008_ses-201_task-s4;sub-008_ses-302_task-s4	590	4	114	sub-008	ses-102	task-s4	1;2;3	4;4;4
29	30	29	30	3	3	trialwise	731;2410;4313	731;2410;4313	5;16;27	96;7;142	sub-008_ses-102_task-s5;sub-008_ses-201_task-s5;sub-008_ses-303_task-s5	731	5	96	sub-008	ses-102	task-s5	1;2;3	5;5;5
30	31	30	31	3	3	trialwise	201;1977;3777	201;1977;3777	2;13;24	43;51;83	sub-008_ses-101_task-s2;sub-008_ses-201_task-s2;sub-008_ses-301_task-s2	201	2	43	sub-008	ses-101	task-s2	1;2;3	2;2;2
31	32	31	32	3	3	trialwise	1108;2816;4521	1108;2816;4521	7;18;29	157;97;34	sub-008_ses-103_task-s7;sub-008_ses-203_task-s7;sub-008_ses-303_task-s7	1108	7	157	sub-008	ses-103	task-s7	1;2;3	7;7;7
32	33	32	33	3	3	trialwise	961;2734;4602	961;2734;4602	7;18;29	10;15;115	sub-008_ses-103_task-s7;sub-008_ses-203_task-s7;sub-008_ses-303_task-s7	961	7	10	sub-008	ses-103	task-s7	1;2;3	7;7;7
33	34	33	34	3	3	trialwise	986;2770;4543	986;2770;4543	7;18;29	35;51;56	sub-008_ses-103_task-s7;sub-008_ses-203_task-s7;sub-008_ses-303_task-s7	986	7	35	sub-008	ses-103	task-s7	1;2;3	7;7;7
34	35	34	35	3	3	trialwise	738;2412;4268	738;2412;4268	5;16;27	103;9;97	sub-008_ses-102_task-s5;sub-008_ses-201_task-s5;sub-008_ses-303_task-s5	738	5	103	sub-008	ses-102	task-s5	1;2;3	5;5;5
35	36	35	36	3	3	trialwise	595;2402;4146	595;2402;4146	4;15;26	119;158;134	sub-008_ses-102_task-s4;sub-008_ses-201_task-s4;sub-008_ses-302_task-s4	595	4	119	sub-008	ses-102	task-s4	1;2;3	4;4;4
36	37	36	37	3	3	trialwise	210;2071;3773	210;2071;3773	2;13;24	52;145;79	sub-008_ses-101_task-s2;sub-008_ses-201_task-s2;sub-008_ses-301_task-s2	210	2	52	sub-008	ses-101	task-s2	1;2;3	2;2;2
37	38	37	38	3	3	trialwise	1170;3017;4649	1170;3017;4649	8;19;30	61;140;4	sub-008_ses-103_task-s8;sub-008_ses-203_task-s8;sub-008_ses-303_task-s8	1170	8	61	sub-008	ses-103	task-s8	1;2;3	8;8;8
38	39	38	39	3	3	trialwise	816;2638;4385	816;2638;4385	6;17;28	23;77;56	sub-008_ses-103_task-s6;sub-008_ses-202_task-s6;sub-008_ses-303_task-s6	816	6	23	sub-008	ses-103	task-s6	1;2;3	6;6;6
39	40	39	40	3	3	trialwise	1144;2896;4740	1144;2896;4740	8;19;30	35;19;95	sub-008_ses-103_task-s8;sub-008_ses-203_task-s8;sub-008_ses-303_task-s8	1144	8	35	sub-008	ses-103	task-s8	1;2;3	8;8;8
40	41	40	41	3	3	trialwise	1131;2972;4770	1131;2972;4770	8;19;30	22;95;125	sub-008_ses-103_task-s8;sub-008_ses-203_task-s8;sub-008_ses-303_task-s8	1131	8	22	sub-008	ses-103	task-s8	1;2;3	8;8;8
41	42	41	42	3	3	trialwise	384;2208;3963	384;2208;3963	3;14;25	67;123;110	sub-008_ses-102_task-s3;sub-008_ses-201_task-s3;sub-008_ses-301_task-s3	384	3	67	sub-008	ses-102	task-s3	1;2;3	3;3;3
42	43	42	43	3	3	trialwise	150;1865;3633	150;1865;3633	1;12;23	151;98;98	sub-008_ses-101_task-s1;sub-008_ses-201_task-s1;sub-008_ses-301_task-s1	150	1	151	sub-008	ses-101	task-s1	1;2;3	1;1;1
43	44	43	44	3	3	trialwise	169;1937;3706	169;1937;3706	2;13;24	11;11;12	sub-008_ses-101_task-s2;sub-008_ses-201_task-s2;sub-008_ses-301_task-s2	169	2	11	sub-008	ses-101	task-s2	1;2;3	2;2;2
44	45	44	45	3	3	trialwise	376;2123;3913	376;2123;3913	3;14;25	59;38;60	sub-008_ses-102_task-s3;sub-008_ses-201_task-s3;sub-008_ses-301_task-s3	376	3	59	sub-008	ses-102	task-s3	1;2;3	3;3;3
45	46	45	46	3	3	trialwise	253;2022;3700	253;2022;3700	2;13;24	95;96;6	sub-008_ses-101_task-s2;sub-008_ses-201_task-s2;sub-008_ses-301_task-s2	253	2	95	sub-008	ses-101	task-s2	1;2;3	2;2;2
46	47	46	47	3	3	trialwise	1244;3005;4798	1244;3005;4798	8;19;30	135;128;153	sub-008_ses-103_task-s8;sub-008_ses-203_task-s8;sub-008_ses-303_task-s8	1244	8	135	sub-008	ses-103	task-s8	1;2;3	8;8;8
47	48	47	48	3	3	trialwise	49;1782;3550	49;1782;3550	1;12;23	50;15;15	sub-008_ses-101_task-s1;sub-008_ses-201_task-s1;sub-008_ses-301_task-s1	49	1	50	sub-008	ses-101	task-s1	1;2;3	1;1;1
48	49	48	49	3	3	trialwise	80;1818;3586	80;1818;3586	1;12;23	81;51;51	sub-008_ses-101_task-s1;sub-008_ses-201_task-s1;sub-008_ses-301_task-s1	80	1	81	sub-008	ses-101	task-s1	1;2;3	1;1;1
49	50	49	50	3	3	trialwise	220;1972;3815	220;1972;3815	2;13;24	62;46;121	sub-008_ses-101_task-s2;sub-008_ses-201_task-s2;sub-008_ses-301_task-s2	220	2	62	sub-008	ses-101	task-s2	1;2;3	2;2;2
50	51	50	51	3	3	trialwise	355;2178;3923	355;2178;3923	3;14;25	38;93;70	sub-008_ses-102_task-s3;sub-008_ses-201_task-s3;sub-008_ses-301_task-s3	355	3	38	sub-008	ses-102	task-s3	1;2;3	3;3;3
51	52	51	52	3	3	trialwise	332;2218;3937	332;2218;3937	3;14;25	15;133;84	sub-008_ses-102_task-s3;sub-008_ses-201_task-s3;sub-008_ses-301_task-s3	332	3	15	sub-008	ses-102	task-s3	1;2;3	3;3;3
52	53	52	53	3	3	trialwise	880;2641;4434	880;2641;4434	6;17;28	87;80;105	sub-008_ses-103_task-s6;sub-008_ses-202_task-s6;sub-008_ses-303_task-s6	880	6	87	sub-008	ses-103	task-s6	1;2;3	6;6;6
53	54	53	54	3	3	trialwise	1162;2996;4653	1162;2996;4653	8;19;30	53;119;8	sub-008_ses-103_task-s8;sub-008_ses-203_task-s8;sub-008_ses-303_task-s8	1162	8	53	sub-008	ses-103	task-s8	1;2;3	8;8;8
54	55	54	55	3	3	trialwise	1054;2804;4599	1054;2804;4599	7;18;29	103;85;112	sub-008_ses-103_task-s7;sub-008_ses-203_task-s7;sub-008_ses-303_task-s7	1054	7	103	sub-008	ses-103	task-s7	1;2;3	7;7;7
55	56	55	56	3	3	trialwise	700;2561;4186	700;2561;4186	5;16;27	65;158;15	sub-008_ses-102_task-s5;sub-008_ses-201_task-s5;sub-008_ses-303_task-s5	700	5	65	sub-008	ses-102	task-s5	1;2;3	5;5;5
56	57	56	57	3	3	trialwise	668;2510;4222	668;2510;4222	5;16;27	33;107;51	sub-008_ses-102_task-s5;sub-008_ses-201_task-s5;sub-008_ses-303_task-s5	668	5	33	sub-008	ses-102	task-s5	1;2;3	5;5;5
57	58	57	58	3	3	trialwise	899;2693;4393	899;2693;4393	6;17;28	106;132;64	sub-008_ses-103_task-s6;sub-008_ses-202_task-s6;sub-008_ses-303_task-s6	899	6	106	sub-008	ses-103	task-s6	1;2;3	6;6;6
58	59	58	59	3	3	trialwise	1016;2870;4580	1016;2870;4580	7;18;29	65;151;93	sub-008_ses-103_task-s7;sub-008_ses-203_task-s7;sub-008_ses-303_task-s7	1016	7	65	sub-008	ses-103	task-s7	1;2;3	7;7;7
59	60	59	60	3	3	trialwise	1070;2875;4548	1070;2875;4548	7;18;29	119;156;61	sub-008_ses-103_task-s7;sub-008_ses-203_task-s7;sub-008_ses-303_task-s7	1070	7	119	sub-008	ses-103	task-s7	1;2;3	7;7;7
60	61	60	61	3	3	trialwise	158;1853;3621	158;1853;3621	1;12;23	159;86;86	sub-008_ses-101_task-s1;sub-008_ses-201_task-s1;sub-008_ses-301_task-s1	158	1	159	sub-008	ses-101	task-s1	1;2;3	1;1;1
61	62	61	62	3	3	trialwise	1068;2747;4597	1068;2747;4597	7;18;29	117;28;110	sub-008_ses-103_task-s7;sub-008_ses-203_task-s7;sub-008_ses-303_task-s7	1068	7	117	sub-008	ses-103	task-s7	1;2;3	7;7;7
62	63	62	63	3	3	trialwise	475;2122;3974	475;2122;3974	3;14;25	158;37;121	sub-008_ses-102_task-s3;sub-008_ses-201_task-s3;sub-008_ses-301_task-s3	475	3	158	sub-008	ses-102	task-s3	1;2;3	3;3;3
63	64	63	64	3	3	trialwise	617;2300;4141	617;2300;4141	4;15;26	141;56;129	sub-008_ses-102_task-s4;sub-008_ses-201_task-s4;sub-008_ses-302_task-s4	617	4	141	sub-008	ses-102	task-s4	1;2;3	4;4;4
64	65	64	65	3	3	trialwise	639;2535;4256	639;2535;4256	5;16;27	4;132;85	sub-008_ses-102_task-s5;sub-008_ses-201_task-s5;sub-008_ses-303_task-s5	639	5	4	sub-008	ses-102	task-s5	1;2;3	5;5;5
65	66	65	66	3	3	trialwise	1120;2993;4759	1120;2993;4759	8;19;30	11;116;114	sub-008_ses-103_task-s8;sub-008_ses-203_task-s8;sub-008_ses-303_task-s8	1120	8	11	sub-008	ses-103	task-s8	1;2;3	8;8;8
66	67	66	67	3	3	trialwise	490;2274;4091	490;2274;4091	4;15;26	14;30;79	sub-008_ses-102_task-s4;sub-008_ses-201_task-s4;sub-008_ses-302_task-s4	490	4	14	sub-008	ses-102	task-s4	1;2;3	4;4;4
67	68	67	68	3	3	trialwise	807;2571;4419	807;2571;4419	6;17;28	14;10;90	sub-008_ses-103_task-s6;sub-008_ses-202_task-s6;sub-008_ses-303_task-s6	807	6	14	sub-008	ses-103	task-s6	1;2;3	6;6;6
68	69	68	69	3	3	trialwise	483;2323;4035	483;2323;4035	4;15;26	7;79;23	sub-008_ses-102_task-s4;sub-008_ses-201_task-s4;sub-008_ses-302_task-s4	483	4	7	sub-008	ses-102	task-s4	1;2;3	4;4;4
69	70	69	70	3	3	trialwise	776;2451;4322	776;2451;4322	5;16;27	141;48;151	sub-008_ses-102_task-s5;sub-008_ses-201_task-s5;sub-008_ses-303_task-s5	776	5	141	sub-008	ses-102	task-s5	1;2;3	5;5;5
70	71	70	71	3	3	trialwise	883;2622;4472	883;2622;4472	6;17;28	90;61;143	sub-008_ses-103_task-s6;sub-008_ses-202_task-s6;sub-008_ses-303_task-s6	883	6	90	sub-008	ses-103	task-s6	1;2;3	6;6;6
71	72	71	72	3	3	trialwise	303;2017;3744	303;2017;3744	2;13;24	145;91;50	sub-008_ses-101_task-s2;sub-008_ses-201_task-s2;sub-008_ses-301_task-s2	303	2	145	sub-008	ses-101	task-s2	1;2;3	2;2;2
72	73	72	73	3	3	trialwise	735;2512;4327	735;2512;4327	5;16;27	100;109;156	sub-008_ses-102_task-s5;sub-008_ses-201_task-s5;sub-008_ses-303_task-s5	735	5	100	sub-008	ses-102	task-s5	1;2;3	5;5;5
73	74	73	74	3	3	trialwise	198;2003;3739	198;2003;3739	2;13;24	40;77;45	sub-008_ses-101_task-s2;sub-008_ses-201_task-s2;sub-008_ses-301_task-s2	198	2	40	sub-008	ses-101	task-s2	1;2;3	2;2;2
74	75	74	75	3	3	trialwise	443;2195;3951	443;2195;3951	3;14;25	126;110;98	sub-008_ses-102_task-s3;sub-008_ses-201_task-s3;sub-008_ses-301_task-s3	443	3	126	sub-008	ses-102	task-s3	1;2;3	3;3;3
75	76	75	76	3	3	trialwise	61;1919;3687	61;1919;3687	1;12;23	62;152;152	sub-008_ses-101_task-s1;sub-008_ses-201_task-s1;sub-008_ses-301_task-s1	61	1	62	sub-008	ses-101	task-s1	1;2;3	1;1;1
76	77	76	77	3	3	trialwise	763;2530;4199	763;2530;4199	5;16;27	128;127;28	sub-008_ses-102_task-s5;sub-008_ses-201_task-s5;sub-008_ses-303_task-s5	763	5	128	sub-008	ses-102	task-s5	1;2;3	5;5;5
77	78	77	78	3	3	trialwise	362;2142;3908	362;2142;3908	3;14;25	45;57;55	sub-008_ses-102_task-s3;sub-008_ses-201_task-s3;sub-008_ses-301_task-s3	362	3	45	sub-008	ses-102	task-s3	1;2;3	3;3;3
78	79	78	79	3	3	trialwise	52;1924;3692	52;1924;3692	1;12;23	53;157;157	sub-008_ses-101_task-s1;sub-008_ses-201_task-s1;sub-008_ses-301_task-s1	52	1	53	sub-008	ses-101	task-s1	1;2;3	1;1;1
79	80	79	80	3	3	trialwise	187;1994;3696	187;1994;3696	2;13;24	29;68;2	sub-008_ses-101_task-s2;sub-008_ses-201_task-s2;sub-008_ses-301_task-s2	187	2	29	sub-008	ses-101	task-s2	1;2;3	2;2;2
80	81	80	81	3	3	trialwise	1189;2952;4693	1189;2952;4693	8;19;30	80;75;48	sub-008_ses-103_task-s8;sub-008_ses-203_task-s8;sub-008_ses-303_task-s8	1189	8	80	sub-008	ses-103	task-s8	1;2;3	8;8;8
81	82	81	82	3	3	trialwise	669;2431;4328	669;2431;4328	5;16;27	34;28;157	sub-008_ses-102_task-s5;sub-008_ses-201_task-s5;sub-008_ses-303_task-s5	669	5	34	sub-008	ses-102	task-s5	1;2;3	5;5;5
82	83	82	83	3	3	trialwise	1163;2961;4700	1163;2961;4700	8;19;30	54;84;55	sub-008_ses-103_task-s8;sub-008_ses-203_task-s8;sub-008_ses-303_task-s8	1163	8	54	sub-008	ses-103	task-s8	1;2;3	8;8;8
83	84	83	84	3	3	trialwise	968;2876;4623	968;2876;4623	7;18;29	17;157;136	sub-008_ses-103_task-s7;sub-008_ses-203_task-s7;sub-008_ses-303_task-s7	968	7	17	sub-008	ses-103	task-s7	1;2;3	7;7;7
84	85	84	85	3	3	trialwise	438;2209;3888	438;2209;3888	3;14;25	121;124;35	sub-008_ses-102_task-s3;sub-008_ses-201_task-s3;sub-008_ses-301_task-s3	438	3	121	sub-008	ses-102	task-s3	1;2;3	3;3;3
85	86	85	86	3	3	trialwise	12;1795;3563	12;1795;3563	1;12;23	13;28;28	sub-008_ses-101_task-s1;sub-008_ses-201_task-s1;sub-008_ses-301_task-s1	12	1	13	sub-008	ses-101	task-s1	1;2;3	1;1;1
86	87	86	87	3	3	trialwise	811;2669;4376	811;2669;4376	6;17;28	18;108;47	sub-008_ses-103_task-s6;sub-008_ses-202_task-s6;sub-008_ses-303_task-s6	811	6	18	sub-008	ses-103	task-s6	1;2;3	6;6;6
87	88	87	88	3	3	trialwise	648;2523;4321	648;2523;4321	5;16;27	13;120;150	sub-008_ses-102_task-s5;sub-008_ses-201_task-s5;sub-008_ses-303_task-s5	648	5	13	sub-008	ses-102	task-s5	1;2;3	5;5;5
88	89	88	89	3	3	trialwise	985;2869;4497	985;2869;4497	7;18;29	34;150;10	sub-008_ses-103_task-s7;sub-008_ses-203_task-s7;sub-008_ses-303_task-s7	985	7	34	sub-008	ses-103	task-s7	1;2;3	7;7;7
89	90	89	90	3	3	trialwise	1141;3013;4699	1141;3013;4699	8;19;30	32;136;54	sub-008_ses-103_task-s8;sub-008_ses-203_task-s8;sub-008_ses-303_task-s8	1141	8	32	sub-008	ses-103	task-s8	1;2;3	8;8;8
90	91	90	91	3	3	trialwise	850;2614;4421	850;2614;4421	6;17;28	57;53;92	sub-008_ses-103_task-s6;sub-008_ses-202_task-s6;sub-008_ses-303_task-s6	850	6	57	sub-008	ses-103	task-s6	1;2;3	6;6;6
91	92	91	92	3	3	trialwise	863;2662;4397	863;2662;4397	6;17;28	70;101;68	sub-008_ses-103_task-s6;sub-008_ses-202_task-s6;sub-008_ses-303_task-s6	863	6	70	sub-008	ses-103	task-s6	1;2;3	6;6;6
92	93	92	93	3	3	trialwise	461;2220;3906	461;2220;3906	3;14;25	144;135;53	sub-008_ses-102_task-s3;sub-008_ses-201_task-s3;sub-008_ses-301_task-s3	461	3	144	sub-008	ses-102	task-s3	1;2;3	3;3;3
93	94	93	94	3	3	trialwise	154;1925;3693	154;1925;3693	1;12;23	155;158;158	sub-008_ses-101_task-s1;sub-008_ses-201_task-s1;sub-008_ses-301_task-s1	154	1	155	sub-008	ses-101	task-s1	1;2;3	1;1;1
94	95	94	95	3	3	trialwise	293;1966;3836	293;1966;3836	2;13;24	135;40;142	sub-008_ses-101_task-s2;sub-008_ses-201_task-s2;sub-008_ses-301_task-s2	293	2	135	sub-008	ses-101	task-s2	1;2;3	2;2;2
95	96	95	96	3	3	trialwise	192;1927;3698	192;1927;3698	2;13;24	34;1;4	sub-008_ses-101_task-s2;sub-008_ses-201_task-s2;sub-008_ses-301_task-s2	192	2	34	sub-008	ses-101	task-s2	1;2;3	2;2;2
96	97	96	97	3	3	trialwise	761;2504;4246	761;2504;4246	5;16;27	126;101;75	sub-008_ses-102_task-s5;sub-008_ses-201_task-s5;sub-008_ses-303_task-s5	761	5	126	sub-008	ses-102	task-s5	1;2;3	5;5;5
97	98	97	98	3	3	trialwise	947;2667;4437	947;2667;4437	6;17;28	154;106;108	sub-008_ses-103_task-s6;sub-008_ses-202_task-s6;sub-008_ses-303_task-s6	947	6	154	sub-008	ses-103	task-s6	1;2;3	6;6;6
98	99	98	99	3	3	trialwise	651;2418;4295	651;2418;4295	5;16;27	16;15;124	sub-008_ses-102_task-s5;sub-008_ses-201_task-s5;sub-008_ses-303_task-s5	651	5	16	sub-008	ses-102	task-s5	1;2;3	5;5;5
99	100	99	100	3	3	trialwise	479;2256;4015	479;2256;4015	4;15;26	3;12;3	sub-008_ses-102_task-s4;sub-008_ses-201_task-s4;sub-008_ses-302_task-s4	479	4	3	sub-008	ses-102	task-s4	1;2;3	4;4;4
100	101	100	101	3	3	trialwise	580;2304;4118	580;2304;4118	4;15;26	104;60;106	sub-008_ses-102_task-s4;sub-008_ses-201_task-s4;sub-008_ses-302_task-s4	580	4	104	sub-008	ses-102	task-s4	1;2;3	4;4;4
101	102	101	102	3	3	trialwise	598;2298;4063	598;2298;4063	4;15;26	122;54;51	sub-008_ses-102_task-s4;sub-008_ses-201_task-s4;sub-008_ses-302_task-s4	598	4	122	sub-008	ses-102	task-s4	1;2;3	4;4;4
102	103	102	103	3	3	trialwise	416;2172;3875	416;2172;3875	3;14;25	99;87;22	sub-008_ses-102_task-s3;sub-008_ses-201_task-s3;sub-008_ses-301_task-s3	416	3	99	sub-008	ses-102	task-s3	1;2;3	3;3;3
103	104	103	104	3	3	trialwise	678;2425;4194	678;2425;4194	5;16;27	43;22;23	sub-008_ses-102_task-s5;sub-008_ses-201_task-s5;sub-008_ses-303_task-s5	678	5	43	sub-008	ses-102	task-s5	1;2;3	5;5;5
104	105	104	105	3	3	trialwise	370;2189;3880	370;2189;3880	3;14;25	53;104;27	sub-008_ses-102_task-s3;sub-008_ses-201_task-s3;sub-008_ses-301_task-s3	370	3	53	sub-008	ses-102	task-s3	1;2;3	3;3;3
105	106	105	106	3	3	trialwise	739;2506;4238	739;2506;4238	5;16;27	104;103;67	sub-008_ses-102_task-s5;sub-008_ses-201_task-s5;sub-008_ses-303_task-s5	739	5	104	sub-008	ses-102	task-s5	1;2;3	5;5;5
106	107	106	107	3	3	trialwise	924;2598;4400	924;2598;4400	6;17;28	131;37;71	sub-008_ses-103_task-s6;sub-008_ses-202_task-s6;sub-008_ses-303_task-s6	924	6	131	sub-008	ses-103	task-s6	1;2;3	6;6;6
107	108	107	108	3	3	trialwise	196;1935;3723	196;1935;3723	2;13;24	38;9;29	sub-008_ses-101_task-s2;sub-008_ses-201_task-s2;sub-008_ses-301_task-s2	196	2	38	sub-008	ses-101	task-s2	1;2;3	2;2;2
108	109	108	109	3	3	trialwise	1100;2794;4621	1100;2794;4621	7;18;29	149;75;134	sub-008_ses-103_task-s7;sub-008_ses-203_task-s7;sub-008_ses-303_task-s7	1100	7	149	sub-008	ses-103	task-s7	1;2;3	7;7;7
109	110	109	110	3	3	trialwise	306;2051;3785	306;2051;3785	2;13;24	148;125;91	sub-008_ses-101_task-s2;sub-008_ses-201_task-s2;sub-008_ses-301_task-s2	306	2	148	sub-008	ses-101	task-s2	1;2;3	2;2;2
110	111	110	111	3	3	trialwise	1062;2843;4636	1062;2843;4636	7;18;29	111;124;149	sub-008_ses-103_task-s7;sub-008_ses-203_task-s7;sub-008_ses-303_task-s7	1062	7	111	sub-008	ses-103	task-s7	1;2;3	7;7;7
111	112	111	112	3	3	trialwise	975;2742;4635	975;2742;4635	7;18;29	24;23;148	sub-008_ses-103_task-s7;sub-008_ses-203_task-s7;sub-008_ses-303_task-s7	975	7	24	sub-008	ses-103	task-s7	1;2;3	7;7;7
112	113	112	113	3	3	trialwise	859;2634;4484	859;2634;4484	6;17;28	66;73;155	sub-008_ses-103_task-s6;sub-008_ses-202_task-s6;sub-008_ses-303_task-s6	859	6	66	sub-008	ses-103	task-s6	1;2;3	6;6;6
113	114	113	114	3	3	trialwise	770;2476;4314	770;2476;4314	5;16;27	135;73;143	sub-008_ses-102_task-s5;sub-008_ses-201_task-s5;sub-008_ses-303_task-s5	770	5	135	sub-008	ses-102	task-s5	1;2;3	5;5;5
114	115	114	115	3	3	trialwise	980;2786;4542	980;2786;4542	7;18;29	29;67;55	sub-008_ses-103_task-s7;sub-008_ses-203_task-s7;sub-008_ses-303_task-s7	980	7	29	sub-008	ses-103	task-s7	1;2;3	7;7;7
115	116	115	116	3	3	trialwise	948;2645;4445	948;2645;4445	6;17;28	155;84;116	sub-008_ses-103_task-s6;sub-008_ses-202_task-s6;sub-008_ses-303_task-s6	948	6	155	sub-008	ses-103	task-s6	1;2;3	6;6;6
116	117	116	117	3	3	trialwise	576;2375;4149	576;2375;4149	4;15;26	100;131;137	sub-008_ses-102_task-s4;sub-008_ses-201_task-s4;sub-008_ses-302_task-s4	576	4	100	sub-008	ses-102	task-s4	1;2;3	4;4;4
117	118	117	118	3	3	trialwise	551;2285;4169	551;2285;4169	4;15;26	75;41;157	sub-008_ses-102_task-s4;sub-008_ses-201_task-s4;sub-008_ses-302_task-s4	551	4	75	sub-008	ses-102	task-s4	1;2;3	4;4;4
118	119	118	119	3	3	trialwise	743;2525;4291	743;2525;4291	5;16;27	108;122;120	sub-008_ses-102_task-s5;sub-008_ses-201_task-s5;sub-008_ses-303_task-s5	743	5	108	sub-008	ses-102	task-s5	1;2;3	5;5;5
119	120	119	120	3	3	trialwise	655;2511;4324	655;2511;4324	5;16;27	20;108;153	sub-008_ses-102_task-s5;sub-008_ses-201_task-s5;sub-008_ses-303_task-s5	655	5	20	sub-008	ses-102	task-s5	1;2;3	5;5;5
120	121	120	121	3	3	trialwise	1121;2910;4785	1121;2910;4785	8;19;30	12;33;140	sub-008_ses-103_task-s8;sub-008_ses-203_task-s8;sub-008_ses-303_task-s8	1121	8	12	sub-008	ses-103	task-s8	1;2;3	8;8;8
121	122	121	122	3	3	trialwise	402;2118;3896	402;2118;3896	3;14;25	85;33;43	sub-008_ses-102_task-s3;sub-008_ses-201_task-s3;sub-008_ses-301_task-s3	402	3	85	sub-008	ses-102	task-s3	1;2;3	3;3;3
122	123	122	123	3	3	trialwise	117;1918;3686	117;1918;3686	1;12;23	118;151;151	sub-008_ses-101_task-s1;sub-008_ses-201_task-s1;sub-008_ses-301_task-s1	117	1	118	sub-008	ses-101	task-s1	1;2;3	1;1;1
123	124	123	124	3	3	trialwise	1066;2862;4509	1066;2862;4509	7;18;29	115;143;22	sub-008_ses-103_task-s7;sub-008_ses-203_task-s7;sub-008_ses-303_task-s7	1066	7	115	sub-008	ses-103	task-s7	1;2;3	7;7;7
124	125	124	125	3	3	trialwise	212;1946;3699	212;1946;3699	2;13;24	54;20;5	sub-008_ses-101_task-s2;sub-008_ses-201_task-s2;sub-008_ses-301_task-s2	212	2	54	sub-008	ses-101	task-s2	1;2;3	2;2;2
125	126	125	126	3	3	trialwise	656;2536;4273	656;2536;4273	5;16;27	21;133;102	sub-008_ses-102_task-s5;sub-008_ses-201_task-s5;sub-008_ses-303_task-s5	656	5	21	sub-008	ses-102	task-s5	1;2;3	5;5;5
126	127	126	127	3	3	trialwise	17;1843;3611	17;1843;3611	1;12;23	18;76;76	sub-008_ses-101_task-s1;sub-008_ses-201_task-s1;sub-008_ses-301_task-s1	17	1	18	sub-008	ses-101	task-s1	1;2;3	1;1;1
127	128	127	128	3	3	trialwise	63;1892;3660	63;1892;3660	1;12;23	64;125;125	sub-008_ses-101_task-s1;sub-008_ses-201_task-s1;sub-008_ses-301_task-s1	63	1	64	sub-008	ses-101	task-s1	1;2;3	1;1;1
128	129	128	129	3	3	trialwise	16;1790;3558	16;1790;3558	1;12;23	17;23;23	sub-008_ses-101_task-s1;sub-008_ses-201_task-s1;sub-008_ses-301_task-s1	16	1	17	sub-008	ses-101	task-s1	1;2;3	1;1;1
129	130	129	130	3	3	trialwise	794;2625;4334	794;2625;4334	6;17;28	1;64;5	sub-008_ses-103_task-s6;sub-008_ses-202_task-s6;sub-008_ses-303_task-s6	794	6	1	sub-008	ses-103	task-s6	1;2;3	6;6;6
130	131	130	131	3	3	trialwise	316;1990;3824	316;1990;3824	2;13;24	158;64;130	sub-008_ses-101_task-s2;sub-008_ses-201_task-s2;sub-008_ses-301_task-s2	316	2	158	sub-008	ses-101	task-s2	1;2;3	2;2;2
131	132	131	132	3	3	trialwise	844;2702;4469	844;2702;4469	6;17;28	51;141;140	sub-008_ses-103_task-s6;sub-008_ses-202_task-s6;sub-008_ses-303_task-s6	844	6	51	sub-008	ses-103	task-s6	1;2;3	6;6;6
132	133	132	133	3	3	trialwise	1125;3035;4757	1125;3035;4757	8;19;30	16;158;112	sub-008_ses-103_task-s8;sub-008_ses-203_task-s8;sub-008_ses-303_task-s8	1125	8	16	sub-008	ses-103	task-s8	1;2;3	8;8;8
133	134	133	134	3	3	trialwise	337;2237;3954	337;2237;3954	3;14;25	20;152;101	sub-008_ses-102_task-s3;sub-008_ses-201_task-s3;sub-008_ses-301_task-s3	337	3	20	sub-008	ses-102	task-s3	1;2;3	3;3;3
134	135	134	135	3	3	trialwise	881;2626;4390	881;2626;4390	6;17;28	88;65;61	sub-008_ses-103_task-s6;sub-008_ses-202_task-s6;sub-008_ses-303_task-s6	881	6	88	sub-008	ses-103	task-s6	1;2;3	6;6;6
135	136	135	136	3	3	trialwise	932;2585;4449	932;2585;4449	6;17;28	139;24;120	sub-008_ses-103_task-s6;sub-008_ses-202_task-s6;sub-008_ses-303_task-s6	932	6	139	sub-008	ses-103	task-s6	1;2;3	6;6;6
136	137	136	137	3	3	trialwise	1237;2916;4690	1237;2916;4690	8;19;30	128;39;45	sub-008_ses-103_task-s8;sub-008_ses-203_task-s8;sub-008_ses-303_task-s8	1237	8	128	sub-008	ses-103	task-s8	1;2;3	8;8;8
137	138	137	138	3	3	trialwise	151;1835;3603	151;1835;3603	1;12;23	152;68;68	sub-008_ses-101_task-s1;sub-008_ses-201_task-s1;sub-008_ses-301_task-s1	151	1	152	sub-008	ses-101	task-s1	1;2;3	1;1;1
138	139	138	139	3	3	trialwise	32;1911;3679	32;1911;3679	1;12;23	33;144;144	sub-008_ses-101_task-s1;sub-008_ses-201_task-s1;sub-008_ses-301_task-s1	32	1	33	sub-008	ses-101	task-s1	1;2;3	1;1;1
139	140	139	140	3	3	trialwise	931;2719;4480	931;2719;4480	6;17;28	138;158;151	sub-008_ses-103_task-s6;sub-008_ses-202_task-s6;sub-008_ses-303_task-s6	931	6	138	sub-008	ses-103	task-s6	1;2;3	6;6;6
140	141	140	141	3	3	trialwise	798;2711;4423	798;2711;4423	6;17;28	5;150;94	sub-008_ses-103_task-s6;sub-008_ses-202_task-s6;sub-008_ses-303_task-s6	798	6	5	sub-008	ses-103	task-s6	1;2;3	6;6;6
141	142	141	142	3	3	trialwise	1197;3020;4673	1197;3020;4673	8;19;30	88;143;28	sub-008_ses-103_task-s8;sub-008_ses-203_task-s8;sub-008_ses-303_task-s8	1197	8	88	sub-008	ses-103	task-s8	1;2;3	8;8;8
142	143	142	143	3	3	trialwise	1050;2839;4507	1050;2839;4507	7;18;29	99;120;20	sub-008_ses-103_task-s7;sub-008_ses-203_task-s7;sub-008_ses-303_task-s7	1050	7	99	sub-008	ses-103	task-s7	1;2;3	7;7;7
143	144	143	144	3	3	trialwise	248;2038;3755	248;2038;3755	2;13;24	90;112;61	sub-008_ses-101_task-s2;sub-008_ses-201_task-s2;sub-008_ses-301_task-s2	248	2	90	sub-008	ses-101	task-s2	1;2;3	2;2;2
144	145	144	145	3	3	trialwise	741;2549;4176	741;2549;4176	5;16;27	106;146;5	sub-008_ses-102_task-s5;sub-008_ses-201_task-s5;sub-008_ses-303_task-s5	741	5	106	sub-008	ses-102	task-s5	1;2;3	5;5;5
145	146	145	146	3	3	trialwise	756;2560;4303	756;2560;4303	5;16;27	121;157;132	sub-008_ses-102_task-s5;sub-008_ses-201_task-s5;sub-008_ses-303_task-s5	756	5	121	sub-008	ses-102	task-s5	1;2;3	5;5;5
146	147	146	147	3	3	trialwise	1231;3003;4792	1231;3003;4792	8;19;30	122;126;147	sub-008_ses-103_task-s8;sub-008_ses-203_task-s8;sub-008_ses-303_task-s8	1231	8	122	sub-008	ses-103	task-s8	1;2;3	8;8;8
147	148	147	148	3	3	trialwise	406;2117;3863	406;2117;3863	3;14;25	89;32;10	sub-008_ses-102_task-s3;sub-008_ses-201_task-s3;sub-008_ses-301_task-s3	406	3	89	sub-008	ses-102	task-s3	1;2;3	3;3;3
148	149	148	149	3	3	trialwise	381;2174;3871	381;2174;3871	3;14;25	64;89;18	sub-008_ses-102_task-s3;sub-008_ses-201_task-s3;sub-008_ses-301_task-s3	381	3	64	sub-008	ses-102	task-s3	1;2;3	3;3;3
149	150	149	150	3	3	trialwise	138;1888;3656	138;1888;3656	1;12;23	139;121;121	sub-008_ses-101_task-s1;sub-008_ses-201_task-s1;sub-008_ses-301_task-s1	138	1	139	sub-008	ses-101	task-s1	1;2;3	1;1;1
150	151	150	151	3	3	trialwise	561;2340;4117	561;2340;4117	4;15;26	85;96;105	sub-008_ses-102_task-s4;sub-008_ses-201_task-s4;sub-008_ses-302_task-s4	561	4	85	sub-008	ses-102	task-s4	1;2;3	4;4;4
151	152	151	152	3	3	trialwise	514;2284;4139	514;2284;4139	4;15;26	38;40;127	sub-008_ses-102_task-s4;sub-008_ses-201_task-s4;sub-008_ses-302_task-s4	514	4	38	sub-008	ses-102	task-s4	1;2;3	4;4;4
152	153	152	153	3	3	trialwise	246;2021;3804	246;2021;3804	2;13;24	88;95;110	sub-008_ses-101_task-s2;sub-008_ses-201_task-s2;sub-008_ses-301_task-s2	246	2	88	sub-008	ses-101	task-s2	1;2;3	2;2;2
153	154	153	154	3	3	trialwise	283;1950;3717	283;1950;3717	2;13;24	125;24;23	sub-008_ses-101_task-s2;sub-008_ses-201_task-s2;sub-008_ses-301_task-s2	283	2	125	sub-008	ses-101	task-s2	1;2;3	2;2;2
154	155	154	155	3	3	trialwise	530;2312;4107	530;2312;4107	4;15;26	54;68;95	sub-008_ses-102_task-s4;sub-008_ses-201_task-s4;sub-008_ses-302_task-s4	530	4	54	sub-008	ses-102	task-s4	1;2;3	4;4;4
155	156	155	156	3	3	trialwise	100;1921;3689	100;1921;3689	1;12;23	101;154;154	sub-008_ses-101_task-s1;sub-008_ses-201_task-s1;sub-008_ses-301_task-s1	100	1	101	sub-008	ses-101	task-s1	1;2;3	1;1;1
156	157	156	157	3	3	trialwise	323;2217;3995	323;2217;3995	3;14;25	6;132;142	sub-008_ses-102_task-s3;sub-008_ses-201_task-s3;sub-008_ses-301_task-s3	323	3	6	sub-008	ses-102	task-s3	1;2;3	3;3;3
157	158	157	158	3	3	trialwise	302;1957;3839	302;1957;3839	2;13;24	144;31;145	sub-008_ses-101_task-s2;sub-008_ses-201_task-s2;sub-008_ses-301_task-s2	302	2	144	sub-008	ses-101	task-s2	1;2;3	2;2;2
158	159	158	159	3	3	trialwise	1133;3029;4692	1133;3029;4692	8;19;30	24;152;47	sub-008_ses-103_task-s8;sub-008_ses-203_task-s8;sub-008_ses-303_task-s8	1133	8	24	sub-008	ses-103	task-s8	1;2;3	8;8;8
159	160	159	160	3	3	trialwise	892;2713;4387	892;2713;4387	6;17;28	99;152;58	sub-008_ses-103_task-s6;sub-008_ses-202_task-s6;sub-008_ses-303_task-s6	892	6	99	sub-008	ses-103	task-s6	1;2;3	6;6;6
160	161	160	161	3	3	trialwise	224;2035;3782	224;2035;3782	2;13;24	66;109;88	sub-008_ses-101_task-s2;sub-008_ses-201_task-s2;sub-008_ses-301_task-s2	224	2	66	sub-008	ses-101	task-s2	1;2;3	2;2;2
161	162	161	162	3	3	trialwise	724;2532;4317	724;2532;4317	5;16;27	89;129;146	sub-008_ses-102_task-s5;sub-008_ses-201_task-s5;sub-008_ses-303_task-s5	724	5	89	sub-008	ses-102	task-s5	1;2;3	5;5;5
162	163	162	163	3	3	trialwise	428;2151;4010	428;2151;4010	3;14;25	111;66;157	sub-008_ses-102_task-s3;sub-008_ses-201_task-s3;sub-008_ses-301_task-s3	428	3	111	sub-008	ses-102	task-s3	1;2;3	3;3;3
163	164	163	164	3	3	trialwise	956;2872;4574	956;2872;4574	7;18;29	5;153;87	sub-008_ses-103_task-s7;sub-008_ses-203_task-s7;sub-008_ses-303_task-s7	956	7	5	sub-008	ses-103	task-s7	1;2;3	7;7;7
164	165	164	165	3	3	trialwise	161;2012;3845	161;2012;3845	2;13;24	3;86;151	sub-008_ses-101_task-s2;sub-008_ses-201_task-s2;sub-008_ses-301_task-s2	161	2	3	sub-008	ses-101	task-s2	1;2;3	2;2;2
165	166	165	166	3	3	trialwise	1049;2821;4554	1049;2821;4554	7;18;29	98;102;67	sub-008_ses-103_task-s7;sub-008_ses-203_task-s7;sub-008_ses-303_task-s7	1049	7	98	sub-008	ses-103	task-s7	1;2;3	7;7;7
166	167	166	167	3	3	trialwise	184;1960;3695	184;1960;3695	2;13;24	26;34;1	sub-008_ses-101_task-s2;sub-008_ses-201_task-s2;sub-008_ses-301_task-s2	184	2	26	sub-008	ses-101	task-s2	1;2;3	2;2;2
167	168	167	168	3	3	trialwise	37;1870;3638	37;1870;3638	1;12;23	38;103;103	sub-008_ses-101_task-s1;sub-008_ses-201_task-s1;sub-008_ses-301_task-s1	37	1	38	sub-008	ses-101	task-s1	1;2;3	1;1;1
168	169	168	169	3	3	trialwise	446;2134;3854	446;2134;3854	3;14;25	129;49;1	sub-008_ses-102_task-s3;sub-008_ses-201_task-s3;sub-008_ses-301_task-s3	446	3	129	sub-008	ses-102	task-s3	1;2;3	3;3;3
169	170	169	170	3	3	trialwise	275;1956;3762	275;1956;3762	2;13;24	117;30;68	sub-008_ses-101_task-s2;sub-008_ses-201_task-s2;sub-008_ses-301_task-s2	275	2	117	sub-008	ses-101	task-s2	1;2;3	2;2;2
170	171	170	171	3	3	trialwise	1029;2724;4596	1029;2724;4596	7;18;29	78;5;109	sub-008_ses-103_task-s7;sub-008_ses-203_task-s7;sub-008_ses-303_task-s7	1029	7	78	sub-008	ses-103	task-s7	1;2;3	7;7;7
171	172	171	172	3	3	trialwise	852;2600;4452	852;2600;4452	6;17;28	59;39;123	sub-008_ses-103_task-s6;sub-008_ses-202_task-s6;sub-008_ses-303_task-s6	852	6	59	sub-008	ses-103	task-s6	1;2;3	6;6;6
172	173	172	173	3	3	trialwise	400;2104;3921	400;2104;3921	3;14;25	83;19;68	sub-008_ses-102_task-s3;sub-008_ses-201_task-s3;sub-008_ses-301_task-s3	400	3	83	sub-008	ses-102	task-s3	1;2;3	3;3;3
173	174	173	174	3	3	trialwise	930;2601;4394	930;2601;4394	6;17;28	137;40;65	sub-008_ses-103_task-s6;sub-008_ses-202_task-s6;sub-008_ses-303_task-s6	930	6	137	sub-008	ses-103	task-s6	1;2;3	6;6;6
174	175	174	175	3	3	trialwise	471;2105;3932	471;2105;3932	3;14;25	154;20;79	sub-008_ses-102_task-s3;sub-008_ses-201_task-s3;sub-008_ses-301_task-s3	471	3	154	sub-008	ses-102	task-s3	1;2;3	3;3;3
175	176	175	176	3	3	trialwise	618;2246;4052	618;2246;4052	4;15;26	142;2;40	sub-008_ses-102_task-s4;sub-008_ses-201_task-s4;sub-008_ses-302_task-s4	618	4	142	sub-008	ses-102	task-s4	1;2;3	4;4;4
176	177	176	177	3	3	trialwise	542;2361;4085	542;2361;4085	4;15;26	66;117;73	sub-008_ses-102_task-s4;sub-008_ses-201_task-s4;sub-008_ses-302_task-s4	542	4	66	sub-008	ses-102	task-s4	1;2;3	4;4;4
177	178	177	178	3	3	trialwise	1039;2851;4534	1039;2851;4534	7;18;29	88;132;47	sub-008_ses-103_task-s7;sub-008_ses-203_task-s7;sub-008_ses-303_task-s7	1039	7	88	sub-008	ses-103	task-s7	1;2;3	7;7;7
178	179	178	179	3	3	trialwise	990;2865;4594	990;2865;4594	7;18;29	39;146;107	sub-008_ses-103_task-s7;sub-008_ses-203_task-s7;sub-008_ses-303_task-s7	990	7	39	sub-008	ses-103	task-s7	1;2;3	7;7;7
179	180	179	180	3	3	trialwise	251;1959;3761	251;1959;3761	2;13;24	93;33;67	sub-008_ses-101_task-s2;sub-008_ses-201_task-s2;sub-008_ses-301_task-s2	251	2	93	sub-008	ses-101	task-s2	1;2;3	2;2;2
180	181	180	181	3	3	trialwise	774;2494;4274	774;2494;4274	5;16;27	139;91;103	sub-008_ses-102_task-s5;sub-008_ses-201_task-s5;sub-008_ses-303_task-s5	774	5	139	sub-008	ses-102	task-s5	1;2;3	5;5;5
181	182	181	182	3	3	trialwise	1194;3032;4789	1194;3032;4789	8;19;30	85;155;144	sub-008_ses-103_task-s8;sub-008_ses-203_task-s8;sub-008_ses-303_task-s8	1194	8	85	sub-008	ses-103	task-s8	1;2;3	8;8;8
182	183	182	183	3	3	trialwise	1025;2822;4510	1025;2822;4510	7;18;29	74;103;23	sub-008_ses-103_task-s7;sub-008_ses-203_task-s7;sub-008_ses-303_task-s7	1025	7	74	sub-008	ses-103	task-s7	1;2;3	7;7;7
183	184	183	184	3	3	trialwise	898;2563;4335	898;2563;4335	6;17;28	105;2;6	sub-008_ses-103_task-s6;sub-008_ses-202_task-s6;sub-008_ses-303_task-s6	898	6	105	sub-008	ses-103	task-s6	1;2;3	6;6;6
184	185	184	185	3	3	trialwise	205;1992;3752	205;1992;3752	2;13;24	47;66;58	sub-008_ses-101_task-s2;sub-008_ses-201_task-s2;sub-008_ses-301_task-s2	205	2	47	sub-008	ses-101	task-s2	1;2;3	2;2;2
185	186	185	186	3	3	trialwise	349;2230;3866	349;2230;3866	3;14;25	32;145;13	sub-008_ses-102_task-s3;sub-008_ses-201_task-s3;sub-008_ses-301_task-s3	349	3	32	sub-008	ses-102	task-s3	1;2;3	3;3;3
186	187	186	187	3	3	trialwise	525;2320;4156	525;2320;4156	4;15;26	49;76;144	sub-008_ses-102_task-s4;sub-008_ses-201_task-s4;sub-008_ses-302_task-s4	525	4	49	sub-008	ses-102	task-s4	1;2;3	4;4;4
187	188	187	188	3	3	trialwise	707;2444;4287	707;2444;4287	5;16;27	72;41;116	sub-008_ses-102_task-s5;sub-008_ses-201_task-s5;sub-008_ses-303_task-s5	707	5	72	sub-008	ses-102	task-s5	1;2;3	5;5;5
188	189	188	189	3	3	trialwise	836;2596;4409	836;2596;4409	6;17;28	43;35;80	sub-008_ses-103_task-s6;sub-008_ses-202_task-s6;sub-008_ses-303_task-s6	836	6	43	sub-008	ses-103	task-s6	1;2;3	6;6;6
189	190	189	190	3	3	trialwise	20;1772;3540	20;1772;3540	1;12;23	21;5;5	sub-008_ses-101_task-s1;sub-008_ses-201_task-s1;sub-008_ses-301_task-s1	20	1	21	sub-008	ses-101	task-s1	1;2;3	1;1;1
190	191	190	191	3	3	trialwise	139;1900;3668	139;1900;3668	1;12;23	140;133;133	sub-008_ses-101_task-s1;sub-008_ses-201_task-s1;sub-008_ses-301_task-s1	139	1	140	sub-008	ses-101	task-s1	1;2;3	1;1;1
191	192	191	192	3	3	trialwise	575;2367;4070	575;2367;4070	4;15;26	99;123;58	sub-008_ses-102_task-s4;sub-008_ses-201_task-s4;sub-008_ses-302_task-s4	575	4	99	sub-008	ses-102	task-s4	1;2;3	4;4;4
192	193	192	193	3	3	trialwise	1056;2835;4495	1056;2835;4495	7;18;29	105;116;8	sub-008_ses-103_task-s7;sub-008_ses-203_task-s7;sub-008_ses-303_task-s7	1056	7	105	sub-008	ses-103	task-s7	1;2;3	7;7;7
193	194	193	194	3	3	trialwise	38;1914;3682	38;1914;3682	1;12;23	39;147;147	sub-008_ses-101_task-s1;sub-008_ses-201_task-s1;sub-008_ses-301_task-s1	38	1	39	sub-008	ses-101	task-s1	1;2;3	1;1;1
194	195	194	195	3	3	trialwise	613;2279;4046	613;2279;4046	4;15;26	137;35;34	sub-008_ses-102_task-s4;sub-008_ses-201_task-s4;sub-008_ses-302_task-s4	613	4	137	sub-008	ses-102	task-s4	1;2;3	4;4;4
195	196	195	196	3	3	trialwise	175;2074;3712	175;2074;3712	2;13;24	17;148;18	sub-008_ses-101_task-s2;sub-008_ses-201_task-s2;sub-008_ses-301_task-s2	175	2	17	sub-008	ses-101	task-s2	1;2;3	2;2;2
196	197	196	197	3	3	trialwise	675;2472;4281	675;2472;4281	5;16;27	40;69;110	sub-008_ses-102_task-s5;sub-008_ses-201_task-s5;sub-008_ses-303_task-s5	675	5	40	sub-008	ses-102	task-s5	1;2;3	5;5;5
197	198	197	198	3	3	trialwise	1260;2948;4761	1260;2948;4761	8;19;30	151;71;116	sub-008_ses-103_task-s8;sub-008_ses-203_task-s8;sub-008_ses-303_task-s8	1260	8	151	sub-008	ses-103	task-s8	1;2;3	8;8;8
198	199	198	199	3	3	trialwise	286;2023;3820	286;2023;3820	2;13;24	128;97;126	sub-008_ses-101_task-s2;sub-008_ses-201_task-s2;sub-008_ses-301_task-s2	286	2	128	sub-008	ses-101	task-s2	1;2;3	2;2;2
199	200	199	200	3	3	trialwise	156;1871;3639	156;1871;3639	1;12;23	157;104;104	sub-008_ses-101_task-s1;sub-008_ses-201_task-s1;sub-008_ses-301_task-s1	156	1	157	sub-008	ses-101	task-s1	1;2;3	1;1;1
200	201	200	201	3	3	trialwise	1205;3011;4801	1205;3011;4801	8;19;30	96;134;156	sub-008_ses-103_task-s8;sub-008_ses-203_task-s8;sub-008_ses-303_task-s8	1205	8	96	sub-008	ses-103	task-s8	1;2;3	8;8;8
201	202	201	202	3	3	trialwise	485;2371;4106	485;2371;4106	4;15;26	9;127;94	sub-008_ses-102_task-s4;sub-008_ses-201_task-s4;sub-008_ses-302_task-s4	485	4	9	sub-008	ses-102	task-s4	1;2;3	4;4;4
202	203	202	203	3	3	trialwise	754;2495;4234	754;2495;4234	5;16;27	119;92;63	sub-008_ses-102_task-s5;sub-008_ses-201_task-s5;sub-008_ses-303_task-s5	754	5	119	sub-008	ses-102	task-s5	1;2;3	5;5;5
203	204	203	204	3	3	trialwise	857;2663;4404	857;2663;4404	6;17;28	64;102;75	sub-008_ses-103_task-s6;sub-008_ses-202_task-s6;sub-008_ses-303_task-s6	857	6	64	sub-008	ses-103	task-s6	1;2;3	6;6;6
204	205	204	205	3	3	trialwise	1081;2829;4523	1081;2829;4523	7;18;29	130;110;36	sub-008_ses-103_task-s7;sub-008_ses-203_task-s7;sub-008_ses-303_task-s7	1081	7	130	sub-008	ses-103	task-s7	1;2;3	7;7;7
205	206	205	206	3	3	trialwise	1185;2882;4758	1185;2882;4758	8;19;30	76;5;113	sub-008_ses-103_task-s8;sub-008_ses-203_task-s8;sub-008_ses-303_task-s8	1185	8	76	sub-008	ses-103	task-s8	1;2;3	8;8;8
206	207	206	207	3	3	trialwise	1057;2782;4490	1057;2782;4490	7;18;29	106;63;3	sub-008_ses-103_task-s7;sub-008_ses-203_task-s7;sub-008_ses-303_task-s7	1057	7	106	sub-008	ses-103	task-s7	1;2;3	7;7;7
207	208	207	208	3	3	trialwise	736;2417;4272	736;2417;4272	5;16;27	101;14;101	sub-008_ses-102_task-s5;sub-008_ses-201_task-s5;sub-008_ses-303_task-s5	736	5	101	sub-008	ses-102	task-s5	1;2;3	5;5;5
208	209	208	209	3	3	trialwise	411;2115;3930	411;2115;3930	3;14;25	94;30;77	sub-008_ses-102_task-s3;sub-008_ses-201_task-s3;sub-008_ses-301_task-s3	411	3	94	sub-008	ses-102	task-s3	1;2;3	3;3;3
209	210	209	210	3	3	trialwise	758;2558;4203	758;2558;4203	5;16;27	123;155;32	sub-008_ses-102_task-s5;sub-008_ses-201_task-s5;sub-008_ses-303_task-s5	758	5	123	sub-008	ses-102	task-s5	1;2;3	5;5;5
210	211	210	211	3	3	trialwise	496;2275;4075	496;2275;4075	4;15;26	20;31;63	sub-008_ses-102_task-s4;sub-008_ses-201_task-s4;sub-008_ses-302_task-s4	496	4	20	sub-008	ses-102	task-s4	1;2;3	4;4;4
211	212	211	212	3	3	trialwise	988;2820;4531	988;2820;4531	7;18;29	37;101;44	sub-008_ses-103_task-s7;sub-008_ses-203_task-s7;sub-008_ses-303_task-s7	988	7	37	sub-008	ses-103	task-s7	1;2;3	7;7;7
212	213	212	213	3	3	trialwise	413;2223;3907	413;2223;3907	3;14;25	96;138;54	sub-008_ses-102_task-s3;sub-008_ses-201_task-s3;sub-008_ses-301_task-s3	413	3	96	sub-008	ses-102	task-s3	1;2;3	3;3;3
213	214	213	214	3	3	trialwise	1055;2751;4617	1055;2751;4617	7;18;29	104;32;130	sub-008_ses-103_task-s7;sub-008_ses-203_task-s7;sub-008_ses-303_task-s7	1055	7	104	sub-008	ses-103	task-s7	1;2;3	7;7;7
214	215	214	215	3	3	trialwise	429;2202;3931	429;2202;3931	3;14;25	112;117;78	sub-008_ses-102_task-s3;sub-008_ses-201_task-s3;sub-008_ses-301_task-s3	429	3	112	sub-008	ses-102	task-s3	1;2;3	3;3;3
215	216	215	216	3	3	trialwise	1225;2989;4747	1225;2989;4747	8;19;30	116;112;102	sub-008_ses-103_task-s8;sub-008_ses-203_task-s8;sub-008_ses-303_task-s8	1225	8	116	sub-008	ses-103	task-s8	1;2;3	8;8;8
216	217	216	217	3	3	trialwise	288;1986;3724	288;1986;3724	2;13;24	130;60;30	sub-008_ses-101_task-s2;sub-008_ses-201_task-s2;sub-008_ses-301_task-s2	288	2	130	sub-008	ses-101	task-s2	1;2;3	2;2;2
217	218	217	218	3	3	trialwise	1259;2968;4767	1259;2968;4767	8;19;30	150;91;122	sub-008_ses-103_task-s8;sub-008_ses-203_task-s8;sub-008_ses-303_task-s8	1259	8	150	sub-008	ses-103	task-s8	1;2;3	8;8;8
218	219	218	219	3	3	trialwise	361;2212;3918	361;2212;3918	3;14;25	44;127;65	sub-008_ses-102_task-s3;sub-008_ses-201_task-s3;sub-008_ses-301_task-s3	361	3	44	sub-008	ses-102	task-s3	1;2;3	3;3;3
219	220	219	220	3	3	trialwise	228;1958;3702	228;1958;3702	2;13;24	70;32;8	sub-008_ses-101_task-s2;sub-008_ses-201_task-s2;sub-008_ses-301_task-s2	228	2	70	sub-008	ses-101	task-s2	1;2;3	2;2;2
220	221	220	221	3	3	trialwise	971;2827;4572	971;2827;4572	7;18;29	20;108;85	sub-008_ses-103_task-s7;sub-008_ses-203_task-s7;sub-008_ses-303_task-s7	971	7	20	sub-008	ses-103	task-s7	1;2;3	7;7;7
221	222	221	222	3	3	trialwise	200;1933;3786	200;1933;3786	2;13;24	42;7;92	sub-008_ses-101_task-s2;sub-008_ses-201_task-s2;sub-008_ses-301_task-s2	200	2	42	sub-008	ses-101	task-s2	1;2;3	2;2;2
222	223	222	223	3	3	trialwise	941;2599;4373	941;2599;4373	6;17;28	148;38;44	sub-008_ses-103_task-s6;sub-008_ses-202_task-s6;sub-008_ses-303_task-s6	941	6	148	sub-008	ses-103	task-s6	1;2;3	6;6;6
223	224	223	224	3	3	trialwise	760;2548;4279	760;2548;4279	5;16;27	125;145;108	sub-008_ses-102_task-s5;sub-008_ses-201_task-s5;sub-008_ses-303_task-s5	760	5	125	sub-008	ses-102	task-s5	1;2;3	5;5;5
224	225	224	225	3	3	trialwise	987;2722;4576	987;2722;4576	7;18;29	36;3;89	sub-008_ses-103_task-s7;sub-008_ses-203_task-s7;sub-008_ses-303_task-s7	987	7	36	sub-008	ses-103	task-s7	1;2;3	7;7;7
225	226	225	226	3	3	trialwise	467;2108;3879	467;2108;3879	3;14;25	150;23;26	sub-008_ses-102_task-s3;sub-008_ses-201_task-s3;sub-008_ses-301_task-s3	467	3	150	sub-008	ses-102	task-s3	1;2;3	3;3;3
226	227	226	227	3	3	trialwise	1043;2769;4591	1043;2769;4591	7;18;29	92;50;104	sub-008_ses-103_task-s7;sub-008_ses-203_task-s7;sub-008_ses-303_task-s7	1043	7	92	sub-008	ses-103	task-s7	1;2;3	7;7;7
227	228	227	228	3	3	trialwise	277;2005;3817	277;2005;3817	2;13;24	119;79;123	sub-008_ses-101_task-s2;sub-008_ses-201_task-s2;sub-008_ses-301_task-s2	277	2	119	sub-008	ses-101	task-s2	1;2;3	2;2;2
228	229	228	229	3	3	trialwise	786;2455;4174	786;2455;4174	5;16;27	151;52;3	sub-008_ses-102_task-s5;sub-008_ses-201_task-s5;sub-008_ses-303_task-s5	786	5	151	sub-008	ses-102	task-s5	1;2;3	5;5;5
229	230	229	230	3	3	trialwise	1254;2976;4672	1254;2976;4672	8;19;30	145;99;27	sub-008_ses-103_task-s8;sub-008_ses-203_task-s8;sub-008_ses-303_task-s8	1254	8	145	sub-008	ses-103	task-s8	1;2;3	8;8;8
230	231	230	231	3	3	trialwise	1080;2725;4540	1080;2725;4540	7;18;29	129;6;53	sub-008_ses-103_task-s7;sub-008_ses-203_task-s7;sub-008_ses-303_task-s7	1080	7	129	sub-008	ses-103	task-s7	1;2;3	7;7;7
231	232	231	232	3	3	trialwise	1005;2733;4535	1005;2733;4535	7;18;29	54;14;48	sub-008_ses-103_task-s7;sub-008_ses-203_task-s7;sub-008_ses-303_task-s7	1005	7	54	sub-008	ses-103	task-s7	1;2;3	7;7;7
232	233	232	233	3	3	trialwise	905;2654;4466	905;2654;4466	6;17;28	112;93;137	sub-008_ses-103_task-s6;sub-008_ses-202_task-s6;sub-008_ses-303_task-s6	905	6	112	sub-008	ses-103	task-s6	1;2;3	6;6;6
233	234	233	234	3	3	trialwise	1098;2847;4601	1098;2847;4601	7;18;29	147;128;114	sub-008_ses-103_task-s7;sub-008_ses-203_task-s7;sub-008_ses-303_task-s7	1098	7	147	sub-008	ses-103	task-s7	1;2;3	7;7;7
234	235	234	235	3	3	trialwise	992;2825;4562	992;2825;4562	7;18;29	41;106;75	sub-008_ses-103_task-s7;sub-008_ses-203_task-s7;sub-008_ses-303_task-s7	992	7	41	sub-008	ses-103	task-s7	1;2;3	7;7;7
235	236	235	236	3	3	trialwise	395;2112;3864	395;2112;3864	3;14;25	78;27;11	sub-008_ses-102_task-s3;sub-008_ses-201_task-s3;sub-008_ses-301_task-s3	395	3	78	sub-008	ses-102	task-s3	1;2;3	3;3;3
236	237	236	237	3	3	trialwise	564;2382;4021	564;2382;4021	4;15;26	88;138;9	sub-008_ses-102_task-s4;sub-008_ses-201_task-s4;sub-008_ses-302_task-s4	564	4	88	sub-008	ses-102	task-s4	1;2;3	4;4;4
237	238	237	238	3	3	trialwise	1130;3022;4646	1130;3022;4646	8;19;30	21;145;1	sub-008_ses-103_task-s8;sub-008_ses-203_task-s8;sub-008_ses-303_task-s8	1130	8	21	sub-008	ses-103	task-s8	1;2;3	8;8;8
238	239	238	239	3	3	trialwise	796;2577;4392	796;2577;4392	6;17;28	3;16;63	sub-008_ses-103_task-s6;sub-008_ses-202_task-s6;sub-008_ses-303_task-s6	796	6	3	sub-008	ses-103	task-s6	1;2;3	6;6;6
239	240	239	240	3	3	trialwise	1114;3027;4762	1114;3027;4762	8;19;30	5;150;117	sub-008_ses-103_task-s8;sub-008_ses-203_task-s8;sub-008_ses-303_task-s8	1114	8	5	sub-008	ses-103	task-s8	1;2;3	8;8;8
240	241	240	241	3	3	trialwise	1127;2985;4662	1127;2985;4662	8;19;30	18;108;17	sub-008_ses-103_task-s8;sub-008_ses-203_task-s8;sub-008_ses-303_task-s8	1127	8	18	sub-008	ses-103	task-s8	1;2;3	8;8;8
241	242	241	242	3	3	trialwise	436;2188;3929	436;2188;3929	3;14;25	119;103;76	sub-008_ses-102_task-s3;sub-008_ses-201_task-s3;sub-008_ses-301_task-s3	436	3	119	sub-008	ses-102	task-s3	1;2;3	3;3;3
242	243	242	243	3	3	trialwise	999;2773;4624	999;2773;4624	7;18;29	48;54;137	sub-008_ses-103_task-s7;sub-008_ses-203_task-s7;sub-008_ses-303_task-s7	999	7	48	sub-008	ses-103	task-s7	1;2;3	7;7;7
243	244	243	244	3	3	trialwise	417;2157;3892	417;2157;3892	3;14;25	100;72;39	sub-008_ses-102_task-s3;sub-008_ses-201_task-s3;sub-008_ses-301_task-s3	417	3	100	sub-008	ses-102	task-s3	1;2;3	3;3;3
244	245	244	245	3	3	trialwise	268;2065;3708	268;2065;3708	2;13;24	110;139;14	sub-008_ses-101_task-s2;sub-008_ses-201_task-s2;sub-008_ses-301_task-s2	268	2	110	sub-008	ses-101	task-s2	1;2;3	2;2;2
245	246	245	246	3	3	trialwise	120;1884;3652	120;1884;3652	1;12;23	121;117;117	sub-008_ses-101_task-s1;sub-008_ses-201_task-s1;sub-008_ses-301_task-s1	120	1	121	sub-008	ses-101	task-s1	1;2;3	1;1;1
246	247	246	247	3	3	trialwise	772;2416;4221	772;2416;4221	5;16;27	137;13;50	sub-008_ses-102_task-s5;sub-008_ses-201_task-s5;sub-008_ses-303_task-s5	772	5	137	sub-008	ses-102	task-s5	1;2;3	5;5;5
247	248	247	248	3	3	trialwise	740;2531;4177	740;2531;4177	5;16;27	105;128;6	sub-008_ses-102_task-s5;sub-008_ses-201_task-s5;sub-008_ses-303_task-s5	740	5	105	sub-008	ses-102	task-s5	1;2;3	5;5;5
248	249	248	249	3	3	trialwise	415;2193;3978	415;2193;3978	3;14;25	98;108;125	sub-008_ses-102_task-s3;sub-008_ses-201_task-s3;sub-008_ses-301_task-s3	415	3	98	sub-008	ses-102	task-s3	1;2;3	3;3;3
249	250	249	250	3	3	trialwise	54;1878;3646	54;1878;3646	1;12;23	55;111;111	sub-008_ses-101_task-s1;sub-008_ses-201_task-s1;sub-008_ses-301_task-s1	54	1	55	sub-008	ses-101	task-s1	1;2;3	1;1;1
250	251	250	251	3	3	trialwise	555;2378;4130	555;2378;4130	4;15;26	79;134;118	sub-008_ses-102_task-s4;sub-008_ses-201_task-s4;sub-008_ses-302_task-s4	555	4	79	sub-008	ses-102	task-s4	1;2;3	4;4;4
251	252	251	252	3	3	trialwise	753;2489;4185	753;2489;4185	5;16;27	118;86;14	sub-008_ses-102_task-s5;sub-008_ses-201_task-s5;sub-008_ses-303_task-s5	753	5	118	sub-008	ses-102	task-s5	1;2;3	5;5;5
252	253	252	253	3	3	trialwise	160;2050;3787	160;2050;3787	2;13;24	2;124;93	sub-008_ses-101_task-s2;sub-008_ses-201_task-s2;sub-008_ses-301_task-s2	160	2	2	sub-008	ses-101	task-s2	1;2;3	2;2;2
253	254	253	254	3	3	trialwise	882;2621;4427	882;2621;4427	6;17;28	89;60;98	sub-008_ses-103_task-s6;sub-008_ses-202_task-s6;sub-008_ses-303_task-s6	882	6	89	sub-008	ses-103	task-s6	1;2;3	6;6;6
254	255	254	255	3	3	trialwise	56;1831;3599	56;1831;3599	1;12;23	57;64;64	sub-008_ses-101_task-s1;sub-008_ses-201_task-s1;sub-008_ses-301_task-s1	56	1	57	sub-008	ses-101	task-s1	1;2;3	1;1;1
255	256	255	256	3	3	trialwise	398;2225;4002	398;2225;4002	3;14;25	81;140;149	sub-008_ses-102_task-s3;sub-008_ses-201_task-s3;sub-008_ses-301_task-s3	398	3	81	sub-008	ses-102	task-s3	1;2;3	3;3;3
256	257	256	257	3	3	trialwise	938;2699;4457	938;2699;4457	6;17;28	145;138;128	sub-008_ses-103_task-s6;sub-008_ses-202_task-s6;sub-008_ses-303_task-s6	938	6	145	sub-008	ses-103	task-s6	1;2;3	6;6;6
257	258	257	258	3	3	trialwise	1208;2940;4695	1208;2940;4695	8;19;30	99;63;50	sub-008_ses-103_task-s8;sub-008_ses-203_task-s8;sub-008_ses-303_task-s8	1208	8	99	sub-008	ses-103	task-s8	1;2;3	8;8;8
258	259	258	259	3	3	trialwise	594;2381;4113	594;2381;4113	4;15;26	118;137;101	sub-008_ses-102_task-s4;sub-008_ses-201_task-s4;sub-008_ses-302_task-s4	594	4	118	sub-008	ses-102	task-s4	1;2;3	4;4;4
259	260	259	260	3	3	trialwise	685;2513;4299	685;2513;4299	5;16;27	50;110;128	sub-008_ses-102_task-s5;sub-008_ses-201_task-s5;sub-008_ses-303_task-s5	685	5	50	sub-008	ses-102	task-s5	1;2;3	5;5;5
260	261	260	261	3	3	trialwise	1036;2868;4627	1036;2868;4627	7;18;29	85;149;140	sub-008_ses-103_task-s7;sub-008_ses-203_task-s7;sub-008_ses-303_task-s7	1036	7	85	sub-008	ses-103	task-s7	1;2;3	7;7;7
261	262	261	262	3	3	trialwise	356;2091;3885	356;2091;3885	3;14;25	39;6;32	sub-008_ses-102_task-s3;sub-008_ses-201_task-s3;sub-008_ses-301_task-s3	356	3	39	sub-008	ses-102	task-s3	1;2;3	3;3;3
262	263	262	263	3	3	trialwise	620;2292;4101	620;2292;4101	4;15;26	144;48;89	sub-008_ses-102_task-s4;sub-008_ses-201_task-s4;sub-008_ses-302_task-s4	620	4	144	sub-008	ses-102	task-s4	1;2;3	4;4;4
263	264	263	264	3	3	trialwise	1240;3008;4697	1240;3008;4697	8;19;30	131;131;52	sub-008_ses-103_task-s8;sub-008_ses-203_task-s8;sub-008_ses-303_task-s8	1240	8	131	sub-008	ses-103	task-s8	1;2;3	8;8;8
264	265	264	265	3	3	trialwise	203;1969;3756	203;1969;3756	2;13;24	45;43;62	sub-008_ses-101_task-s2;sub-008_ses-201_task-s2;sub-008_ses-301_task-s2	203	2	45	sub-008	ses-101	task-s2	1;2;3	2;2;2
265	266	265	266	3	3	trialwise	71;1869;3637	71;1869;3637	1;12;23	72;102;102	sub-008_ses-101_task-s1;sub-008_ses-201_task-s1;sub-008_ses-301_task-s1	71	1	72	sub-008	ses-101	task-s1	1;2;3	1;1;1
266	267	266	267	3	3	trialwise	797;2603;4338	797;2603;4338	6;17;28	4;42;9	sub-008_ses-103_task-s6;sub-008_ses-202_task-s6;sub-008_ses-303_task-s6	797	6	4	sub-008	ses-103	task-s6	1;2;3	6;6;6
267	268	267	268	3	3	trialwise	657;2505;4277	657;2505;4277	5;16;27	22;102;106	sub-008_ses-102_task-s5;sub-008_ses-201_task-s5;sub-008_ses-303_task-s5	657	5	22	sub-008	ses-102	task-s5	1;2;3	5;5;5
268	269	268	269	3	3	trialwise	380;2194;3860	380;2194;3860	3;14;25	63;109;7	sub-008_ses-102_task-s3;sub-008_ses-201_task-s3;sub-008_ses-301_task-s3	380	3	63	sub-008	ses-102	task-s3	1;2;3	3;3;3
269	270	269	270	3	3	trialwise	895;2695;4479	895;2695;4479	6;17;28	102;134;150	sub-008_ses-103_task-s6;sub-008_ses-202_task-s6;sub-008_ses-303_task-s6	895	6	102	sub-008	ses-103	task-s6	1;2;3	6;6;6
270	271	270	271	3	3	trialwise	84;1799;3567	84;1799;3567	1;12;23	85;32;32	sub-008_ses-101_task-s1;sub-008_ses-201_task-s1;sub-008_ses-301_task-s1	84	1	85	sub-008	ses-101	task-s1	1;2;3	1;1;1
271	272	271	272	3	3	trialwise	222;1934;3813	222;1934;3813	2;13;24	64;8;119	sub-008_ses-101_task-s2;sub-008_ses-201_task-s2;sub-008_ses-301_task-s2	222	2	64	sub-008	ses-101	task-s2	1;2;3	2;2;2
272	273	272	273	3	3	trialwise	1253;2894;4681	1253;2894;4681	8;19;30	144;17;36	sub-008_ses-103_task-s8;sub-008_ses-203_task-s8;sub-008_ses-303_task-s8	1253	8	144	sub-008	ses-103	task-s8	1;2;3	8;8;8
273	274	273	274	3	3	trialwise	1019;2723;4544	1019;2723;4544	7;18;29	68;4;57	sub-008_ses-103_task-s7;sub-008_ses-203_task-s7;sub-008_ses-303_task-s7	1019	7	68	sub-008	ses-103	task-s7	1;2;3	7;7;7
274	275	274	275	3	3	trialwise	1207;2920;4675	1207;2920;4675	8;19;30	98;43;30	sub-008_ses-103_task-s8;sub-008_ses-203_task-s8;sub-008_ses-303_task-s8	1207	8	98	sub-008	ses-103	task-s8	1;2;3	8;8;8
275	276	275	276	3	3	trialwise	0;1876;3644	0;1876;3644	1;12;23	1;109;109	sub-008_ses-101_task-s1;sub-008_ses-201_task-s1;sub-008_ses-301_task-s1	0	1	1	sub-008	ses-101	task-s1	1;2;3	1;1;1
276	277	276	277	3	3	trialwise	868;2589;4474	868;2589;4474	6;17;28	75;28;145	sub-008_ses-103_task-s6;sub-008_ses-202_task-s6;sub-008_ses-303_task-s6	868	6	75	sub-008	ses-103	task-s6	1;2;3	6;6;6
277	278	277	278	3	3	trialwise	785;2456;4225	785;2456;4225	5;16;27	150;53;54	sub-008_ses-102_task-s5;sub-008_ses-201_task-s5;sub-008_ses-303_task-s5	785	5	150	sub-008	ses-102	task-s5	1;2;3	5;5;5
278	279	278	279	3	3	trialwise	937;2620;4447	937;2620;4447	6;17;28	144;59;118	sub-008_ses-103_task-s6;sub-008_ses-202_task-s6;sub-008_ses-303_task-s6	937	6	144	sub-008	ses-103	task-s6	1;2;3	6;6;6
279	280	279	280	3	3	trialwise	197;2029;3738	197;2029;3738	2;13;24	39;103;44	sub-008_ses-101_task-s2;sub-008_ses-201_task-s2;sub-008_ses-301_task-s2	197	2	39	sub-008	ses-101	task-s2	1;2;3	2;2;2
280	281	280	281	3	3	trialwise	366;2191;3967	366;2191;3967	3;14;25	49;106;114	sub-008_ses-102_task-s3;sub-008_ses-201_task-s3;sub-008_ses-301_task-s3	366	3	49	sub-008	ses-102	task-s3	1;2;3	3;3;3
281	282	281	282	3	3	trialwise	939;2608;4425	939;2608;4425	6;17;28	146;47;96	sub-008_ses-103_task-s6;sub-008_ses-202_task-s6;sub-008_ses-303_task-s6	939	6	146	sub-008	ses-103	task-s6	1;2;3	6;6;6
282	283	282	283	3	3	trialwise	719;2517;4320	719;2517;4320	5;16;27	84;114;149	sub-008_ses-102_task-s5;sub-008_ses-201_task-s5;sub-008_ses-303_task-s5	719	5	84	sub-008	ses-102	task-s5	1;2;3	5;5;5
283	284	283	284	3	3	trialwise	1175;2884;4674	1175;2884;4674	8;19;30	66;7;29	sub-008_ses-103_task-s8;sub-008_ses-203_task-s8;sub-008_ses-303_task-s8	1175	8	66	sub-008	ses-103	task-s8	1;2;3	8;8;8
284	285	284	285	3	3	trialwise	1266;2886;4748	1266;2886;4748	8;19;30	157;9;103	sub-008_ses-103_task-s8;sub-008_ses-203_task-s8;sub-008_ses-303_task-s8	1266	8	157	sub-008	ses-103	task-s8	1;2;3	8;8;8
285	286	285	286	3	3	trialwise	556;2272;4165	556;2272;4165	4;15;26	80;28;153	sub-008_ses-102_task-s4;sub-008_ses-201_task-s4;sub-008_ses-302_task-s4	556	4	80	sub-008	ses-102	task-s4	1;2;3	4;4;4
286	287	286	287	3	3	trialwise	767;2454;4175	767;2454;4175	5;16;27	132;51;4	sub-008_ses-102_task-s5;sub-008_ses-201_task-s5;sub-008_ses-303_task-s5	767	5	132	sub-008	ses-102	task-s5	1;2;3	5;5;5
287	288	287	288	3	3	trialwise	137;1770;3538	137;1770;3538	1;12;23	138;3;3	sub-008_ses-101_task-s1;sub-008_ses-201_task-s1;sub-008_ses-301_task-s1	137	1	138	sub-008	ses-101	task-s1	1;2;3	1;1;1
288	289	288	289	3	3	trialwise	449;2235;3912	449;2235;3912	3;14;25	132;150;59	sub-008_ses-102_task-s3;sub-008_ses-201_task-s3;sub-008_ses-301_task-s3	449	3	132	sub-008	ses-102	task-s3	1;2;3	3;3;3
289	290	289	290	3	3	trialwise	1065;2788;4570	1065;2788;4570	7;18;29	114;69;83	sub-008_ses-103_task-s7;sub-008_ses-203_task-s7;sub-008_ses-303_task-s7	1065	7	114	sub-008	ses-103	task-s7	1;2;3	7;7;7
290	291	290	291	3	3	trialwise	966;2781;4606	966;2781;4606	7;18;29	15;62;119	sub-008_ses-103_task-s7;sub-008_ses-203_task-s7;sub-008_ses-303_task-s7	966	7	15	sub-008	ses-103	task-s7	1;2;3	7;7;7
291	292	291	292	3	3	trialwise	204;1930;3851	204;1930;3851	2;13;24	46;4;157	sub-008_ses-101_task-s2;sub-008_ses-201_task-s2;sub-008_ses-301_task-s2	204	2	46	sub-008	ses-101	task-s2	1;2;3	2;2;2
292	293	292	293	3	3	trialwise	952;2836;4516	952;2836;4516	7;18;29	1;117;29	sub-008_ses-103_task-s7;sub-008_ses-203_task-s7;sub-008_ses-303_task-s7	952	7	1	sub-008	ses-103	task-s7	1;2;3	7;7;7
293	294	293	294	3	3	trialwise	991;2841;4579	991;2841;4579	7;18;29	40;122;92	sub-008_ses-103_task-s7;sub-008_ses-203_task-s7;sub-008_ses-303_task-s7	991	7	40	sub-008	ses-103	task-s7	1;2;3	7;7;7
294	295	294	295	3	3	trialwise	989;2754;4551	989;2754;4551	7;18;29	38;35;64	sub-008_ses-103_task-s7;sub-008_ses-203_task-s7;sub-008_ses-303_task-s7	989	7	38	sub-008	ses-103	task-s7	1;2;3	7;7;7
295	296	295	296	3	3	trialwise	125;1817;3585	125;1817;3585	1;12;23	126;50;50	sub-008_ses-101_task-s1;sub-008_ses-201_task-s1;sub-008_ses-301_task-s1	125	1	126	sub-008	ses-101	task-s1	1;2;3	1;1;1
296	297	296	297	3	3	trialwise	390;2171;3970	390;2171;3970	3;14;25	73;86;117	sub-008_ses-102_task-s3;sub-008_ses-201_task-s3;sub-008_ses-301_task-s3	390	3	73	sub-008	ses-102	task-s3	1;2;3	3;3;3
297	298	297	298	3	3	trialwise	178;1999;3800	178;1999;3800	2;13;24	20;73;106	sub-008_ses-101_task-s2;sub-008_ses-201_task-s2;sub-008_ses-301_task-s2	178	2	20	sub-008	ses-101	task-s2	1;2;3	2;2;2
298	299	298	299	3	3	trialwise	233;2062;3792	233;2062;3792	2;13;24	75;136;98	sub-008_ses-101_task-s2;sub-008_ses-201_task-s2;sub-008_ses-301_task-s2	233	2	75	sub-008	ses-101	task-s2	1;2;3	2;2;2
299	300	299	300	3	3	trialwise	870;2656;4446	870;2656;4446	6;17;28	77;95;117	sub-008_ses-103_task-s6;sub-008_ses-202_task-s6;sub-008_ses-303_task-s6	870	6	77	sub-008	ses-103	task-s6	1;2;3	6;6;6
300	301	300	301	3	3	trialwise	348;2185;3928	348;2185;3928	3;14;25	31;100;75	sub-008_ses-102_task-s3;sub-008_ses-201_task-s3;sub-008_ses-301_task-s3	348	3	31	sub-008	ses-102	task-s3	1;2;3	3;3;3
301	302	301	302	3	3	trialwise	1124;3026;4738	1124;3026;4738	8;19;30	15;149;93	sub-008_ses-103_task-s8;sub-008_ses-203_task-s8;sub-008_ses-303_task-s8	1124	8	15	sub-008	ses-103	task-s8	1;2;3	8;8;8
302	303	302	303	3	3	trialwise	40;1773;3541	40;1773;3541	1;12;23	41;6;6	sub-008_ses-101_task-s1;sub-008_ses-201_task-s1;sub-008_ses-301_task-s1	40	1	41	sub-008	ses-101	task-s1	1;2;3	1;1;1
303	304	303	304	3	3	trialwise	456;2124;3895	456;2124;3895	3;14;25	139;39;42	sub-008_ses-102_task-s3;sub-008_ses-201_task-s3;sub-008_ses-301_task-s3	456	3	139	sub-008	ses-102	task-s3	1;2;3	3;3;3
304	305	304	305	3	3	trialwise	276;1993;3795	276;1993;3795	2;13;24	118;67;101	sub-008_ses-101_task-s2;sub-008_ses-201_task-s2;sub-008_ses-301_task-s2	276	2	118	sub-008	ses-101	task-s2	1;2;3	2;2;2
305	306	305	306	3	3	trialwise	386;2100;3872	386;2100;3872	3;14;25	69;15;19	sub-008_ses-102_task-s3;sub-008_ses-201_task-s3;sub-008_ses-301_task-s3	386	3	69	sub-008	ses-102	task-s3	1;2;3	3;3;3
306	307	306	307	3	3	trialwise	155;1781;3549	155;1781;3549	1;12;23	156;14;14	sub-008_ses-101_task-s1;sub-008_ses-201_task-s1;sub-008_ses-301_task-s1	155	1	156	sub-008	ses-101	task-s1	1;2;3	1;1;1
307	308	307	308	3	3	trialwise	4;1896;3664	4;1896;3664	1;12;23	5;129;129	sub-008_ses-101_task-s1;sub-008_ses-201_task-s1;sub-008_ses-301_task-s1	4	1	5	sub-008	ses-101	task-s1	1;2;3	1;1;1
308	309	308	309	3	3	trialwise	245;1929;3810	245;1929;3810	2;13;24	87;3;116	sub-008_ses-101_task-s2;sub-008_ses-201_task-s2;sub-008_ses-301_task-s2	245	2	87	sub-008	ses-101	task-s2	1;2;3	2;2;2
309	310	309	310	3	3	trialwise	221;2004;3793	221;2004;3793	2;13;24	63;78;99	sub-008_ses-101_task-s2;sub-008_ses-201_task-s2;sub-008_ses-301_task-s2	221	2	63	sub-008	ses-101	task-s2	1;2;3	2;2;2
310	311	310	311	3	3	trialwise	89;1874;3642	89;1874;3642	1;12;23	90;107;107	sub-008_ses-101_task-s1;sub-008_ses-201_task-s1;sub-008_ses-301_task-s1	89	1	90	sub-008	ses-101	task-s1	1;2;3	1;1;1
311	312	311	312	3	3	trialwise	779;2501;4240	779;2501;4240	5;16;27	144;98;69	sub-008_ses-102_task-s5;sub-008_ses-201_task-s5;sub-008_ses-303_task-s5	779	5	144	sub-008	ses-102	task-s5	1;2;3	5;5;5
312	313	312	313	3	3	trialwise	1045;2796;4555	1045;2796;4555	7;18;29	94;77;68	sub-008_ses-103_task-s7;sub-008_ses-203_task-s7;sub-008_ses-303_task-s7	1045	7	94	sub-008	ses-103	task-s7	1;2;3	7;7;7
313	314	313	314	3	3	trialwise	887;2649;4341	887;2649;4341	6;17;28	94;88;12	sub-008_ses-103_task-s6;sub-008_ses-202_task-s6;sub-008_ses-303_task-s6	887	6	94	sub-008	ses-103	task-s6	1;2;3	6;6;6
314	315	314	315	3	3	trialwise	109;1821;3589	109;1821;3589	1;12;23	110;54;54	sub-008_ses-101_task-s1;sub-008_ses-201_task-s1;sub-008_ses-301_task-s1	109	1	110	sub-008	ses-101	task-s1	1;2;3	1;1;1
315	316	315	316	3	3	trialwise	359;2139;3891	359;2139;3891	3;14;25	42;54;38	sub-008_ses-102_task-s3;sub-008_ses-201_task-s3;sub-008_ses-301_task-s3	359	3	42	sub-008	ses-102	task-s3	1;2;3	3;3;3
316	317	316	317	3	3	trialwise	765;2539;4233	765;2539;4233	5;16;27	130;136;62	sub-008_ses-102_task-s5;sub-008_ses-201_task-s5;sub-008_ses-303_task-s5	765	5	130	sub-008	ses-102	task-s5	1;2;3	5;5;5
317	318	317	318	3	3	trialwise	93;1917;3685	93;1917;3685	1;12;23	94;150;150	sub-008_ses-101_task-s1;sub-008_ses-201_task-s1;sub-008_ses-301_task-s1	93	1	94	sub-008	ses-101	task-s1	1;2;3	1;1;1
318	319	318	319	3	3	trialwise	9;1771;3539	9;1771;3539	1;12;23	10;4;4	sub-008_ses-101_task-s1;sub-008_ses-201_task-s1;sub-008_ses-301_task-s1	9	1	10	sub-008	ses-101	task-s1	1;2;3	1;1;1
319	320	319	320	3	3	trialwise	964;2790;4593	964;2790;4593	7;18;29	13;71;106	sub-008_ses-103_task-s7;sub-008_ses-203_task-s7;sub-008_ses-303_task-s7	964	7	13	sub-008	ses-103	task-s7	1;2;3	7;7;7
320	321	320	321	3	3	trialwise	389;2169;3887	389;2169;3887	3;14;25	72;84;34	sub-008_ses-102_task-s3;sub-008_ses-201_task-s3;sub-008_ses-301_task-s3	389	3	72	sub-008	ses-102	task-s3	1;2;3	3;3;3
321	322	321	322	3	3	trialwise	1241;3030;4731	1241;3030;4731	8;19;30	132;153;86	sub-008_ses-103_task-s8;sub-008_ses-203_task-s8;sub-008_ses-303_task-s8	1241	8	132	sub-008	ses-103	task-s8	1;2;3	8;8;8
322	323	322	323	3	3	trialwise	404;2203;3958	404;2203;3958	3;14;25	87;118;105	sub-008_ses-102_task-s3;sub-008_ses-201_task-s3;sub-008_ses-301_task-s3	404	3	87	sub-008	ses-102	task-s3	1;2;3	3;3;3
323	324	323	324	3	3	trialwise	1261;2899;4663	1261;2899;4663	8;19;30	152;22;18	sub-008_ses-103_task-s8;sub-008_ses-203_task-s8;sub-008_ses-303_task-s8	1261	8	152	sub-008	ses-103	task-s8	1;2;3	8;8;8
324	325	324	325	3	3	trialwise	122;1837;3605	122;1837;3605	1;12;23	123;70;70	sub-008_ses-101_task-s1;sub-008_ses-201_task-s1;sub-008_ses-301_task-s1	122	1	123	sub-008	ses-101	task-s1	1;2;3	1;1;1
325	326	325	326	3	3	trialwise	1246;2973;4795	1246;2973;4795	8;19;30	137;96;150	sub-008_ses-103_task-s8;sub-008_ses-203_task-s8;sub-008_ses-303_task-s8	1246	8	137	sub-008	ses-103	task-s8	1;2;3	8;8;8
326	327	326	327	3	3	trialwise	289;1983;3784	289;1983;3784	2;13;24	131;57;90	sub-008_ses-101_task-s2;sub-008_ses-201_task-s2;sub-008_ses-301_task-s2	289	2	131	sub-008	ses-101	task-s2	1;2;3	2;2;2
327	328	327	328	3	3	trialwise	1218;2928;4728	1218;2928;4728	8;19;30	109;51;83	sub-008_ses-103_task-s8;sub-008_ses-203_task-s8;sub-008_ses-303_task-s8	1218	8	109	sub-008	ses-103	task-s8	1;2;3	8;8;8
328	329	328	329	3	3	trialwise	687;2480;4288	687;2480;4288	5;16;27	52;77;117	sub-008_ses-102_task-s5;sub-008_ses-201_task-s5;sub-008_ses-303_task-s5	687	5	52	sub-008	ses-102	task-s5	1;2;3	5;5;5
329	330	329	330	3	3	trialwise	951;2583;4346	951;2583;4346	6;17;28	158;22;17	sub-008_ses-103_task-s6;sub-008_ses-202_task-s6;sub-008_ses-303_task-s6	951	6	158	sub-008	ses-103	task-s6	1;2;3	6;6;6
330	331	330	331	3	3	trialwise	567;2295;4132	567;2295;4132	4;15;26	91;51;120	sub-008_ses-102_task-s4;sub-008_ses-201_task-s4;sub-008_ses-302_task-s4	567	4	91	sub-008	ses-102	task-s4	1;2;3	4;4;4
331	332	331	332	3	3	trialwise	324;2160;3980	324;2160;3980	3;14;25	7;75;127	sub-008_ses-102_task-s3;sub-008_ses-201_task-s3;sub-008_ses-301_task-s3	324	3	7	sub-008	ses-102	task-s3	1;2;3	3;3;3
332	333	332	333	3	3	trialwise	183;2033;3779	183;2033;3779	2;13;24	25;107;85	sub-008_ses-101_task-s2;sub-008_ses-201_task-s2;sub-008_ses-301_task-s2	183	2	25	sub-008	ses-101	task-s2	1;2;3	2;2;2
333	334	333	334	3	3	trialwise	477;2355;4143	477;2355;4143	4;15;26	1;111;131	sub-008_ses-102_task-s4;sub-008_ses-201_task-s4;sub-008_ses-302_task-s4	477	4	1	sub-008	ses-102	task-s4	1;2;3	4;4;4
334	335	334	335	3	3	trialwise	31;1830;3598	31;1830;3598	1;12;23	32;63;63	sub-008_ses-101_task-s1;sub-008_ses-201_task-s1;sub-008_ses-301_task-s1	31	1	32	sub-008	ses-101	task-s1	1;2;3	1;1;1
335	336	335	336	3	3	trialwise	202;2028;3848	202;2028;3848	2;13;24	44;102;154	sub-008_ses-101_task-s2;sub-008_ses-201_task-s2;sub-008_ses-301_task-s2	202	2	44	sub-008	ses-101	task-s2	1;2;3	2;2;2
336	337	336	337	3	3	trialwise	423;2138;3861	423;2138;3861	3;14;25	106;53;8	sub-008_ses-102_task-s3;sub-008_ses-201_task-s3;sub-008_ses-301_task-s3	423	3	106	sub-008	ses-102	task-s3	1;2;3	3;3;3
337	338	337	338	3	3	trialwise	860;2681;4363	860;2681;4363	6;17;28	67;120;34	sub-008_ses-103_task-s6;sub-008_ses-202_task-s6;sub-008_ses-303_task-s6	860	6	67	sub-008	ses-103	task-s6	1;2;3	6;6;6
338	339	338	339	3	3	trialwise	211;2059;3766	211;2059;3766	2;13;24	53;133;72	sub-008_ses-101_task-s2;sub-008_ses-201_task-s2;sub-008_ses-301_task-s2	211	2	53	sub-008	ses-101	task-s2	1;2;3	2;2;2
339	340	339	340	3	3	trialwise	766;2550;4293	766;2550;4293	5;16;27	131;147;122	sub-008_ses-102_task-s5;sub-008_ses-201_task-s5;sub-008_ses-303_task-s5	766	5	131	sub-008	ses-102	task-s5	1;2;3	5;5;5
340	341	340	341	3	3	trialwise	913;2701;4428	913;2701;4428	6;17;28	120;140;99	sub-008_ses-103_task-s6;sub-008_ses-202_task-s6;sub-008_ses-303_task-s6	913	6	120	sub-008	ses-103	task-s6	1;2;3	6;6;6
341	342	341	342	3	3	trialwise	267;2042;3823	267;2042;3823	2;13;24	109;116;129	sub-008_ses-101_task-s2;sub-008_ses-201_task-s2;sub-008_ses-301_task-s2	267	2	109	sub-008	ses-101	task-s2	1;2;3	2;2;2
342	343	342	343	3	3	trialwise	777;2423;4206	777;2423;4206	5;16;27	142;20;35	sub-008_ses-102_task-s5;sub-008_ses-201_task-s5;sub-008_ses-303_task-s5	777	5	142	sub-008	ses-102	task-s5	1;2;3	5;5;5
343	344	343	344	3	3	trialwise	982;2817;4567	982;2817;4567	7;18;29	31;98;80	sub-008_ses-103_task-s7;sub-008_ses-203_task-s7;sub-008_ses-303_task-s7	982	7	31	sub-008	ses-103	task-s7	1;2;3	7;7;7
344	345	344	345	3	3	trialwise	422;2146;3972	422;2146;3972	3;14;25	105;61;119	sub-008_ses-102_task-s3;sub-008_ses-201_task-s3;sub-008_ses-301_task-s3	422	3	105	sub-008	ses-102	task-s3	1;2;3	3;3;3
345	346	345	346	3	3	trialwise	533;2351;4039	533;2351;4039	4;15;26	57;107;27	sub-008_ses-102_task-s4;sub-008_ses-201_task-s4;sub-008_ses-302_task-s4	533	4	57	sub-008	ses-102	task-s4	1;2;3	4;4;4
346	347	346	347	3	3	trialwise	958;2828;4619	958;2828;4619	7;18;29	7;109;132	sub-008_ses-103_task-s7;sub-008_ses-203_task-s7;sub-008_ses-303_task-s7	958	7	7	sub-008	ses-103	task-s7	1;2;3	7;7;7
347	348	347	348	3	3	trialwise	123;1885;3653	123;1885;3653	1;12;23	124;118;118	sub-008_ses-101_task-s1;sub-008_ses-201_task-s1;sub-008_ses-301_task-s1	123	1	124	sub-008	ses-101	task-s1	1;2;3	1;1;1
348	349	348	349	3	3	trialwise	460;2165;3960	460;2165;3960	3;14;25	143;80;107	sub-008_ses-102_task-s3;sub-008_ses-201_task-s3;sub-008_ses-301_task-s3	460	3	143	sub-008	ses-102	task-s3	1;2;3	3;3;3
349	350	349	350	3	3	trialwise	101;1890;3658	101;1890;3658	1;12;23	102;123;123	sub-008_ses-101_task-s1;sub-008_ses-201_task-s1;sub-008_ses-301_task-s1	101	1	102	sub-008	ses-101	task-s1	1;2;3	1;1;1
350	351	350	351	3	3	trialwise	315;1942;3753	315;1942;3753	2;13;24	157;16;59	sub-008_ses-101_task-s2;sub-008_ses-201_task-s2;sub-008_ses-301_task-s2	315	2	157	sub-008	ses-101	task-s2	1;2;3	2;2;2
351	352	351	352	3	3	trialwise	435;2152;3900	435;2152;3900	3;14;25	118;67;47	sub-008_ses-102_task-s3;sub-008_ses-201_task-s3;sub-008_ses-301_task-s3	435	3	118	sub-008	ses-102	task-s3	1;2;3	3;3;3
352	353	352	353	3	3	trialwise	586;2379;4043	586;2379;4043	4;15;26	110;135;31	sub-008_ses-102_task-s4;sub-008_ses-201_task-s4;sub-008_ses-302_task-s4	586	4	110	sub-008	ses-102	task-s4	1;2;3	4;4;4
353	354	353	354	3	3	trialwise	751;2466;4248	751;2466;4248	5;16;27	116;63;77	sub-008_ses-102_task-s5;sub-008_ses-201_task-s5;sub-008_ses-303_task-s5	751	5	116	sub-008	ses-102	task-s5	1;2;3	5;5;5
354	355	354	355	3	3	trialwise	782;2441;4242	782;2441;4242	5;16;27	147;38;71	sub-008_ses-102_task-s5;sub-008_ses-201_task-s5;sub-008_ses-303_task-s5	782	5	147	sub-008	ses-102	task-s5	1;2;3	5;5;5
355	356	355	356	3	3	trialwise	730;2500;4269	730;2500;4269	5;16;27	95;97;98	sub-008_ses-102_task-s5;sub-008_ses-201_task-s5;sub-008_ses-303_task-s5	730	5	95	sub-008	ses-102	task-s5	1;2;3	5;5;5
356	357	356	357	3	3	trialwise	908;2606;4401	908;2606;4401	6;17;28	115;45;72	sub-008_ses-103_task-s6;sub-008_ses-202_task-s6;sub-008_ses-303_task-s6	908	6	115	sub-008	ses-103	task-s6	1;2;3	6;6;6
357	358	357	358	3	3	trialwise	583;2364;4147	583;2364;4147	4;15;26	107;120;135	sub-008_ses-102_task-s4;sub-008_ses-201_task-s4;sub-008_ses-302_task-s4	583	4	107	sub-008	ses-102	task-s4	1;2;3	4;4;4
358	359	358	359	3	3	trialwise	334;2221;3940	334;2221;3940	3;14;25	17;136;87	sub-008_ses-102_task-s3;sub-008_ses-201_task-s3;sub-008_ses-301_task-s3	334	3	17	sub-008	ses-102	task-s3	1;2;3	3;3;3
359	360	359	360	3	3	trialwise	888;2653;4330	888;2653;4330	6;17;28	95;92;1	sub-008_ses-103_task-s6;sub-008_ses-202_task-s6;sub-008_ses-303_task-s6	888	6	95	sub-008	ses-103	task-s6	1;2;3	6;6;6
360	361	360	361	3	3	trialwise	10;1802;3570	10;1802;3570	1;12;23	11;35;35	sub-008_ses-101_task-s1;sub-008_ses-201_task-s1;sub-008_ses-301_task-s1	10	1	11	sub-008	ses-101	task-s1	1;2;3	1;1;1
361	362	361	362	3	3	trialwise	410;2086;3902	410;2086;3902	3;14;25	93;1;49	sub-008_ses-102_task-s3;sub-008_ses-201_task-s3;sub-008_ses-301_task-s3	410	3	93	sub-008	ses-102	task-s3	1;2;3	3;3;3
362	363	362	363	3	3	trialwise	1174;2879;4787	1174;2879;4787	8;19;30	65;2;142	sub-008_ses-103_task-s8;sub-008_ses-203_task-s8;sub-008_ses-303_task-s8	1174	8	65	sub-008	ses-103	task-s8	1;2;3	8;8;8
363	364	363	364	3	3	trialwise	667;2471;4280	667;2471;4280	5;16;27	32;68;109	sub-008_ses-102_task-s5;sub-008_ses-201_task-s5;sub-008_ses-303_task-s5	667	5	32	sub-008	ses-102	task-s5	1;2;3	5;5;5
364	365	364	365	3	3	trialwise	45;1845;3613	45;1845;3613	1;12;23	46;78;78	sub-008_ses-101_task-s1;sub-008_ses-201_task-s1;sub-008_ses-301_task-s1	45	1	46	sub-008	ses-101	task-s1	1;2;3	1;1;1
365	366	365	366	3	3	trialwise	826;2648;4333	826;2648;4333	6;17;28	33;87;4	sub-008_ses-103_task-s6;sub-008_ses-202_task-s6;sub-008_ses-303_task-s6	826	6	33	sub-008	ses-103	task-s6	1;2;3	6;6;6
366	367	366	367	3	3	trialwise	99;1839;3607	99;1839;3607	1;12;23	100;72;72	sub-008_ses-101_task-s1;sub-008_ses-201_task-s1;sub-008_ses-301_task-s1	99	1	100	sub-008	ses-101	task-s1	1;2;3	1;1;1
367	368	367	368	3	3	trialwise	1238;2941;4657	1238;2941;4657	8;19;30	129;64;12	sub-008_ses-103_task-s8;sub-008_ses-203_task-s8;sub-008_ses-303_task-s8	1238	8	129	sub-008	ses-103	task-s8	1;2;3	8;8;8
368	369	368	369	3	3	trialwise	773;2469;4285	773;2469;4285	5;16;27	138;66;114	sub-008_ses-102_task-s5;sub-008_ses-201_task-s5;sub-008_ses-303_task-s5	773	5	138	sub-008	ses-102	task-s5	1;2;3	5;5;5
369	370	369	370	3	3	trialwise	249;1943;3853	249;1943;3853	2;13;24	91;17;159	sub-008_ses-101_task-s2;sub-008_ses-201_task-s2;sub-008_ses-301_task-s2	249	2	91	sub-008	ses-101	task-s2	1;2;3	2;2;2
370	371	370	371	3	3	trialwise	752;2518;4220	752;2518;4220	5;16;27	117;115;49	sub-008_ses-102_task-s5;sub-008_ses-201_task-s5;sub-008_ses-303_task-s5	752	5	117	sub-008	ses-102	task-s5	1;2;3	5;5;5
371	372	371	372	3	3	trialwise	545;2330;4060	545;2330;4060	4;15;26	69;86;48	sub-008_ses-102_task-s4;sub-008_ses-201_task-s4;sub-008_ses-302_task-s4	545	4	69	sub-008	ses-102	task-s4	1;2;3	4;4;4
372	373	372	373	3	3	trialwise	1072;2833;4600	1072;2833;4600	7;18;29	121;114;113	sub-008_ses-103_task-s7;sub-008_ses-203_task-s7;sub-008_ses-303_task-s7	1072	7	121	sub-008	ses-103	task-s7	1;2;3	7;7;7
373	374	373	374	3	3	trialwise	1089;2768;4488	1089;2768;4488	7;18;29	138;49;1	sub-008_ses-103_task-s7;sub-008_ses-203_task-s7;sub-008_ses-303_task-s7	1089	7	138	sub-008	ses-103	task-s7	1;2;3	7;7;7
374	375	374	375	3	3	trialwise	312;2026;3721	312;2026;3721	2;13;24	154;100;27	sub-008_ses-101_task-s2;sub-008_ses-201_task-s2;sub-008_ses-301_task-s2	312	2	154	sub-008	ses-101	task-s2	1;2;3	2;2;2
375	376	375	376	3	3	trialwise	528;2253;4088	528;2253;4088	4;15;26	52;9;76	sub-008_ses-102_task-s4;sub-008_ses-201_task-s4;sub-008_ses-302_task-s4	528	4	52	sub-008	ses-102	task-s4	1;2;3	4;4;4
376	377	376	377	3	3	trialwise	22;1866;3634	22;1866;3634	1;12;23	23;99;99	sub-008_ses-101_task-s1;sub-008_ses-201_task-s1;sub-008_ses-301_task-s1	22	1	23	sub-008	ses-101	task-s1	1;2;3	1;1;1
377	378	377	378	3	3	trialwise	1033;2823;4514	1033;2823;4514	7;18;29	82;104;27	sub-008_ses-103_task-s7;sub-008_ses-203_task-s7;sub-008_ses-303_task-s7	1033	7	82	sub-008	ses-103	task-s7	1;2;3	7;7;7
378	379	378	379	3	3	trialwise	232;2013;3711	232;2013;3711	2;13;24	74;87;17	sub-008_ses-101_task-s2;sub-008_ses-201_task-s2;sub-008_ses-301_task-s2	232	2	74	sub-008	ses-101	task-s2	1;2;3	2;2;2
379	380	379	380	3	3	trialwise	153;1877;3645	153;1877;3645	1;12;23	154;110;110	sub-008_ses-101_task-s1;sub-008_ses-201_task-s1;sub-008_ses-301_task-s1	153	1	154	sub-008	ses-101	task-s1	1;2;3	1;1;1
380	381	380	381	3	3	trialwise	709;2459;4275	709;2459;4275	5;16;27	74;56;104	sub-008_ses-102_task-s5;sub-008_ses-201_task-s5;sub-008_ses-303_task-s5	709	5	74	sub-008	ses-102	task-s5	1;2;3	5;5;5
381	382	381	382	3	3	trialwise	696;2475;4271	696;2475;4271	5;16;27	61;72;100	sub-008_ses-102_task-s5;sub-008_ses-201_task-s5;sub-008_ses-303_task-s5	696	5	61	sub-008	ses-102	task-s5	1;2;3	5;5;5
382	383	382	383	3	3	trialwise	340;2101;3983	340;2101;3983	3;14;25	23;16;130	sub-008_ses-102_task-s3;sub-008_ses-201_task-s3;sub-008_ses-301_task-s3	340	3	23	sub-008	ses-102	task-s3	1;2;3	3;3;3
383	384	383	384	3	3	trialwise	1139;2931;4661	1139;2931;4661	8;19;30	30;54;16	sub-008_ses-103_task-s8;sub-008_ses-203_task-s8;sub-008_ses-303_task-s8	1139	8	30	sub-008	ses-103	task-s8	1;2;3	8;8;8
384	385	384	385	3	3	trialwise	177;1945;3774	177;1945;3774	2;13;24	19;19;80	sub-008_ses-101_task-s2;sub-008_ses-201_task-s2;sub-008_ses-301_task-s2	177	2	19	sub-008	ses-101	task-s2	1;2;3	2;2;2
385	386	385	386	3	3	trialwise	979;2819;4559	979;2819;4559	7;18;29	28;100;72	sub-008_ses-103_task-s7;sub-008_ses-203_task-s7;sub-008_ses-303_task-s7	979	7	28	sub-008	ses-103	task-s7	1;2;3	7;7;7
386	387	386	387	3	3	trialwise	673;2461;4201	673;2461;4201	5;16;27	38;58;30	sub-008_ses-102_task-s5;sub-008_ses-201_task-s5;sub-008_ses-303_task-s5	673	5	38	sub-008	ses-102	task-s5	1;2;3	5;5;5
387	388	387	388	3	3	trialwise	1040;2749;4605	1040;2749;4605	7;18;29	89;30;118	sub-008_ses-103_task-s7;sub-008_ses-203_task-s7;sub-008_ses-303_task-s7	1040	7	89	sub-008	ses-103	task-s7	1;2;3	7;7;7
388	389	388	389	3	3	trialwise	591;2333;4067	591;2333;4067	4;15;26	115;89;55	sub-008_ses-102_task-s4;sub-008_ses-201_task-s4;sub-008_ses-302_task-s4	591	4	115	sub-008	ses-102	task-s4	1;2;3	4;4;4
389	390	389	390	3	3	trialwise	433;2210;3938	433;2210;3938	3;14;25	116;125;85	sub-008_ses-102_task-s3;sub-008_ses-201_task-s3;sub-008_ses-301_task-s3	433	3	116	sub-008	ses-102	task-s3	1;2;3	3;3;3
390	391	390	391	3	3	trialwise	13;1882;3650	13;1882;3650	1;12;23	14;115;115	sub-008_ses-101_task-s1;sub-008_ses-201_task-s1;sub-008_ses-301_task-s1	13	1	14	sub-008	ses-101	task-s1	1;2;3	1;1;1
391	392	391	392	3	3	trialwise	574;2338;4134	574;2338;4134	4;15;26	98;94;122	sub-008_ses-102_task-s4;sub-008_ses-201_task-s4;sub-008_ses-302_task-s4	574	4	98	sub-008	ses-102	task-s4	1;2;3	4;4;4
392	393	392	393	3	3	trialwise	320;2088;3919	320;2088;3919	3;14;25	3;3;66	sub-008_ses-102_task-s3;sub-008_ses-201_task-s3;sub-008_ses-301_task-s3	320	3	3	sub-008	ses-102	task-s3	1;2;3	3;3;3
393	394	393	394	3	3	trialwise	558;2403;4065	558;2403;4065	4;15;26	82;159;53	sub-008_ses-102_task-s4;sub-008_ses-201_task-s4;sub-008_ses-302_task-s4	558	4	82	sub-008	ses-102	task-s4	1;2;3	4;4;4
394	395	394	395	3	3	trialwise	470;2159;3855	470;2159;3855	3;14;25	153;74;2	sub-008_ses-102_task-s3;sub-008_ses-201_task-s3;sub-008_ses-301_task-s3	470	3	153	sub-008	ses-102	task-s3	1;2;3	3;3;3
395	396	395	396	3	3	trialwise	1150;2992;4724	1150;2992;4724	8;19;30	41;115;79	sub-008_ses-103_task-s8;sub-008_ses-203_task-s8;sub-008_ses-303_task-s8	1150	8	41	sub-008	ses-103	task-s8	1;2;3	8;8;8
396	397	396	397	3	3	trialwise	1038;2736;4569	1038;2736;4569	7;18;29	87;17;82	sub-008_ses-103_task-s7;sub-008_ses-203_task-s7;sub-008_ses-303_task-s7	1038	7	87	sub-008	ses-103	task-s7	1;2;3	7;7;7
397	398	397	398	3	3	trialwise	638;2464;4188	638;2464;4188	5;16;27	3;61;17	sub-008_ses-102_task-s5;sub-008_ses-201_task-s5;sub-008_ses-303_task-s5	638	5	3	sub-008	ses-102	task-s5	1;2;3	5;5;5
398	399	398	399	3	3	trialwise	1028;2798;4525	1028;2798;4525	7;18;29	77;79;38	sub-008_ses-103_task-s7;sub-008_ses-203_task-s7;sub-008_ses-303_task-s7	1028	7	77	sub-008	ses-103	task-s7	1;2;3	7;7;7
399	400	399	400	3	3	trialwise	1083;2873;4513	1083;2873;4513	7;18;29	132;154;26	sub-008_ses-103_task-s7;sub-008_ses-203_task-s7;sub-008_ses-303_task-s7	1083	7	132	sub-008	ses-103	task-s7	1;2;3	7;7;7
400	401	400	401	3	3	trialwise	1236;2924;4687	1236;2924;4687	8;19;30	127;47;42	sub-008_ses-103_task-s8;sub-008_ses-203_task-s8;sub-008_ses-303_task-s8	1236	8	127	sub-008	ses-103	task-s8	1;2;3	8;8;8
401	402	401	402	3	3	trialwise	577;2321;4125	577;2321;4125	4;15;26	101;77;113	sub-008_ses-102_task-s4;sub-008_ses-201_task-s4;sub-008_ses-302_task-s4	577	4	101	sub-008	ses-102	task-s4	1;2;3	4;4;4
402	403	402	403	3	3	trialwise	893;2615;4344	893;2615;4344	6;17;28	100;54;15	sub-008_ses-103_task-s6;sub-008_ses-202_task-s6;sub-008_ses-303_task-s6	893	6	100	sub-008	ses-103	task-s6	1;2;3	6;6;6
403	404	403	404	3	3	trialwise	993;2776;4615	993;2776;4615	7;18;29	42;57;128	sub-008_ses-103_task-s7;sub-008_ses-203_task-s7;sub-008_ses-303_task-s7	993	7	42	sub-008	ses-103	task-s7	1;2;3	7;7;7
404	405	404	405	3	3	trialwise	1008;2812;4608	1008;2812;4608	7;18;29	57;93;121	sub-008_ses-103_task-s7;sub-008_ses-203_task-s7;sub-008_ses-303_task-s7	1008	7	57	sub-008	ses-103	task-s7	1;2;3	7;7;7
405	406	405	406	3	3	trialwise	729;2409;4250	729;2409;4250	5;16;27	94;6;79	sub-008_ses-102_task-s5;sub-008_ses-201_task-s5;sub-008_ses-303_task-s5	729	5	94	sub-008	ses-102	task-s5	1;2;3	5;5;5
406	407	406	407	3	3	trialwise	637;2492;4325	637;2492;4325	5;16;27	2;89;154	sub-008_ses-102_task-s5;sub-008_ses-201_task-s5;sub-008_ses-303_task-s5	637	5	2	sub-008	ses-102	task-s5	1;2;3	5;5;5
407	408	407	408	3	3	trialwise	127;1816;3584	127;1816;3584	1;12;23	128;49;49	sub-008_ses-101_task-s1;sub-008_ses-201_task-s1;sub-008_ses-301_task-s1	127	1	128	sub-008	ses-101	task-s1	1;2;3	1;1;1
408	409	408	409	3	3	trialwise	44;1872;3640	44;1872;3640	1;12;23	45;105;105	sub-008_ses-101_task-s1;sub-008_ses-201_task-s1;sub-008_ses-301_task-s1	44	1	45	sub-008	ses-101	task-s1	1;2;3	1;1;1
409	410	409	410	3	3	trialwise	1179;3034;4773	1179;3034;4773	8;19;30	70;157;128	sub-008_ses-103_task-s8;sub-008_ses-203_task-s8;sub-008_ses-303_task-s8	1179	8	70	sub-008	ses-103	task-s8	1;2;3	8;8;8
410	411	410	411	3	3	trialwise	69;1868;3636	69;1868;3636	1;12;23	70;101;101	sub-008_ses-101_task-s1;sub-008_ses-201_task-s1;sub-008_ses-301_task-s1	69	1	70	sub-008	ses-101	task-s1	1;2;3	1;1;1
411	412	411	412	3	3	trialwise	509;2399;4162	509;2399;4162	4;15;26	33;155;150	sub-008_ses-102_task-s4;sub-008_ses-201_task-s4;sub-008_ses-302_task-s4	509	4	33	sub-008	ses-102	task-s4	1;2;3	4;4;4
412	413	412	413	3	3	trialwise	412;2167;3914	412;2167;3914	3;14;25	95;82;61	sub-008_ses-102_task-s3;sub-008_ses-201_task-s3;sub-008_ses-301_task-s3	412	3	95	sub-008	ses-102	task-s3	1;2;3	3;3;3
413	414	413	414	3	3	trialwise	1118;2953;4768	1118;2953;4768	8;19;30	9;76;123	sub-008_ses-103_task-s8;sub-008_ses-203_task-s8;sub-008_ses-303_task-s8	1118	8	9	sub-008	ses-103	task-s8	1;2;3	8;8;8
414	415	414	415	3	3	trialwise	505;2325;4023	505;2325;4023	4;15;26	29;81;11	sub-008_ses-102_task-s4;sub-008_ses-201_task-s4;sub-008_ses-302_task-s4	505	4	29	sub-008	ses-102	task-s4	1;2;3	4;4;4
415	416	415	416	3	3	trialwise	1262;2917;4775	1262;2917;4775	8;19;30	153;40;130	sub-008_ses-103_task-s8;sub-008_ses-203_task-s8;sub-008_ses-303_task-s8	1262	8	153	sub-008	ses-103	task-s8	1;2;3	8;8;8
416	417	416	417	3	3	trialwise	677;2553;4228	677;2553;4228	5;16;27	42;150;57	sub-008_ses-102_task-s5;sub-008_ses-201_task-s5;sub-008_ses-303_task-s5	677	5	42	sub-008	ses-102	task-s5	1;2;3	5;5;5
417	418	417	418	3	3	trialwise	698;2487;4264	698;2487;4264	5;16;27	63;84;93	sub-008_ses-102_task-s5;sub-008_ses-201_task-s5;sub-008_ses-303_task-s5	698	5	63	sub-008	ses-102	task-s5	1;2;3	5;5;5
418	419	418	419	3	3	trialwise	87;1797;3565	87;1797;3565	1;12;23	88;30;30	sub-008_ses-101_task-s1;sub-008_ses-201_task-s1;sub-008_ses-301_task-s1	87	1	88	sub-008	ses-101	task-s1	1;2;3	1;1;1
419	420	419	420	3	3	trialwise	1147;2944;4786	1147;2944;4786	8;19;30	38;67;141	sub-008_ses-103_task-s8;sub-008_ses-203_task-s8;sub-008_ses-303_task-s8	1147	8	38	sub-008	ses-103	task-s8	1;2;3	8;8;8
420	421	420	421	3	3	trialwise	432;2110;3933	432;2110;3933	3;14;25	115;25;80	sub-008_ses-102_task-s3;sub-008_ses-201_task-s3;sub-008_ses-301_task-s3	432	3	115	sub-008	ses-102	task-s3	1;2;3	3;3;3
421	422	421	422	3	3	trialwise	640;2406;4208	640;2406;4208	5;16;27	5;3;37	sub-008_ses-102_task-s5;sub-008_ses-201_task-s5;sub-008_ses-303_task-s5	640	5	5	sub-008	ses-102	task-s5	1;2;3	5;5;5
422	423	422	423	3	3	trialwise	909;2618;4440	909;2618;4440	6;17;28	116;57;111	sub-008_ses-103_task-s6;sub-008_ses-202_task-s6;sub-008_ses-303_task-s6	909	6	116	sub-008	ses-103	task-s6	1;2;3	6;6;6
423	424	423	424	3	3	trialwise	1024;2756;4610	1024;2756;4610	7;18;29	73;37;123	sub-008_ses-103_task-s7;sub-008_ses-203_task-s7;sub-008_ses-303_task-s7	1024	7	73	sub-008	ses-103	task-s7	1;2;3	7;7;7
424	425	424	425	3	3	trialwise	392;2234;3881	392;2234;3881	3;14;25	75;149;28	sub-008_ses-102_task-s3;sub-008_ses-201_task-s3;sub-008_ses-301_task-s3	392	3	75	sub-008	ses-102	task-s3	1;2;3	3;3;3
425	426	425	426	3	3	trialwise	789;2463;4283	789;2463;4283	5;16;27	154;60;112	sub-008_ses-102_task-s5;sub-008_ses-201_task-s5;sub-008_ses-303_task-s5	789	5	154	sub-008	ses-102	task-s5	1;2;3	5;5;5
426	427	426	427	3	3	trialwise	34;1784;3552	34;1784;3552	1;12;23	35;17;17	sub-008_ses-101_task-s1;sub-008_ses-201_task-s1;sub-008_ses-301_task-s1	34	1	35	sub-008	ses-101	task-s1	1;2;3	1;1;1
427	428	427	428	3	3	trialwise	1007;2831;4518	1007;2831;4518	7;18;29	56;112;31	sub-008_ses-103_task-s7;sub-008_ses-203_task-s7;sub-008_ses-303_task-s7	1007	7	56	sub-008	ses-103	task-s7	1;2;3	7;7;7
428	429	428	429	3	3	trialwise	723;2470;4215	723;2470;4215	5;16;27	88;67;44	sub-008_ses-102_task-s5;sub-008_ses-201_task-s5;sub-008_ses-303_task-s5	723	5	88	sub-008	ses-102	task-s5	1;2;3	5;5;5
429	430	429	430	3	3	trialwise	1227;3012;4772	1227;3012;4772	8;19;30	118;135;127	sub-008_ses-103_task-s8;sub-008_ses-203_task-s8;sub-008_ses-303_task-s8	1227	8	118	sub-008	ses-103	task-s8	1;2;3	8;8;8
430	431	430	431	3	3	trialwise	409;2106;3884	409;2106;3884	3;14;25	92;21;31	sub-008_ses-102_task-s3;sub-008_ses-201_task-s3;sub-008_ses-301_task-s3	409	3	92	sub-008	ses-102	task-s3	1;2;3	3;3;3
431	432	431	432	3	3	trialwise	1148;2887;4751	1148;2887;4751	8;19;30	39;10;106	sub-008_ses-103_task-s8;sub-008_ses-203_task-s8;sub-008_ses-303_task-s8	1148	8	39	sub-008	ses-103	task-s8	1;2;3	8;8;8
432	433	432	433	3	3	trialwise	1002;2763;4538	1002;2763;4538	7;18;29	51;44;51	sub-008_ses-103_task-s7;sub-008_ses-203_task-s7;sub-008_ses-303_task-s7	1002	7	51	sub-008	ses-103	task-s7	1;2;3	7;7;7
433	434	433	434	3	3	trialwise	630;2390;4044	630;2390;4044	4;15;26	154;146;32	sub-008_ses-102_task-s4;sub-008_ses-201_task-s4;sub-008_ses-302_task-s4	630	4	154	sub-008	ses-102	task-s4	1;2;3	4;4;4
434	435	434	435	3	3	trialwise	369;2175;3989	369;2175;3989	3;14;25	52;90;136	sub-008_ses-102_task-s3;sub-008_ses-201_task-s3;sub-008_ses-301_task-s3	369	3	52	sub-008	ses-102	task-s3	1;2;3	3;3;3
435	436	435	436	3	3	trialwise	1106;2799;4515	1106;2799;4515	7;18;29	155;80;28	sub-008_ses-103_task-s7;sub-008_ses-203_task-s7;sub-008_ses-303_task-s7	1106	7	155	sub-008	ses-103	task-s7	1;2;3	7;7;7
436	437	436	437	3	3	trialwise	644;2467;4251	644;2467;4251	5;16;27	9;64;80	sub-008_ses-102_task-s5;sub-008_ses-201_task-s5;sub-008_ses-303_task-s5	644	5	9	sub-008	ses-102	task-s5	1;2;3	5;5;5
437	438	437	438	3	3	trialwise	405;2166;3971	405;2166;3971	3;14;25	88;81;118	sub-008_ses-102_task-s3;sub-008_ses-201_task-s3;sub-008_ses-301_task-s3	405	3	88	sub-008	ses-102	task-s3	1;2;3	3;3;3
438	439	438	439	3	3	trialwise	516;2356;4013	516;2356;4013	4;15;26	40;112;1	sub-008_ses-102_task-s4;sub-008_ses-201_task-s4;sub-008_ses-302_task-s4	516	4	40	sub-008	ses-102	task-s4	1;2;3	4;4;4
439	440	439	440	3	3	trialwise	855;2680;4383	855;2680;4383	6;17;28	62;119;54	sub-008_ses-103_task-s6;sub-008_ses-202_task-s6;sub-008_ses-303_task-s6	855	6	62	sub-008	ses-103	task-s6	1;2;3	6;6;6
440	441	440	441	3	3	trialwise	66;1847;3615	66;1847;3615	1;12;23	67;80;80	sub-008_ses-101_task-s1;sub-008_ses-201_task-s1;sub-008_ses-301_task-s1	66	1	67	sub-008	ses-101	task-s1	1;2;3	1;1;1
441	442	441	442	3	3	trialwise	462;2179;3955	462;2179;3955	3;14;25	145;94;102	sub-008_ses-102_task-s3;sub-008_ses-201_task-s3;sub-008_ses-301_task-s3	462	3	145	sub-008	ses-102	task-s3	1;2;3	3;3;3
442	443	442	443	3	3	trialwise	658;2496;4278	658;2496;4278	5;16;27	23;93;107	sub-008_ses-102_task-s5;sub-008_ses-201_task-s5;sub-008_ses-303_task-s5	658	5	23	sub-008	ses-102	task-s5	1;2;3	5;5;5
443	444	443	444	3	3	trialwise	929;2689;4464	929;2689;4464	6;17;28	136;128;135	sub-008_ses-103_task-s6;sub-008_ses-202_task-s6;sub-008_ses-303_task-s6	929	6	136	sub-008	ses-103	task-s6	1;2;3	6;6;6
444	445	444	445	3	3	trialwise	135;1922;3690	135;1922;3690	1;12;23	136;155;155	sub-008_ses-101_task-s1;sub-008_ses-201_task-s1;sub-008_ses-301_task-s1	135	1	136	sub-008	ses-101	task-s1	1;2;3	1;1;1
445	446	445	446	3	3	trialwise	510;2377;4090	510;2377;4090	4;15;26	34;133;78	sub-008_ses-102_task-s4;sub-008_ses-201_task-s4;sub-008_ses-302_task-s4	510	4	34	sub-008	ses-102	task-s4	1;2;3	4;4;4
446	447	446	447	3	3	trialwise	834;2587;4458	834;2587;4458	6;17;28	41;26;129	sub-008_ses-103_task-s6;sub-008_ses-202_task-s6;sub-008_ses-303_task-s6	834	6	41	sub-008	ses-103	task-s6	1;2;3	6;6;6
447	448	447	448	3	3	trialwise	463;2148;3901	463;2148;3901	3;14;25	146;63;48	sub-008_ses-102_task-s3;sub-008_ses-201_task-s3;sub-008_ses-301_task-s3	463	3	146	sub-008	ses-102	task-s3	1;2;3	3;3;3
448	449	448	449	3	3	trialwise	42;1824;3592	42;1824;3592	1;12;23	43;57;57	sub-008_ses-101_task-s1;sub-008_ses-201_task-s1;sub-008_ses-301_task-s1	42	1	43	sub-008	ses-101	task-s1	1;2;3	1;1;1
449	450	449	450	3	3	trialwise	407;2216;3893	407;2216;3893	3;14;25	90;131;40	sub-008_ses-102_task-s3;sub-008_ses-201_task-s3;sub-008_ses-301_task-s3	407	3	90	sub-008	ses-102	task-s3	1;2;3	3;3;3
450	451	450	451	3	3	trialwise	790;2457;4307	790;2457;4307	5;16;27	155;54;136	sub-008_ses-102_task-s5;sub-008_ses-201_task-s5;sub-008_ses-303_task-s5	790	5	155	sub-008	ses-102	task-s5	1;2;3	5;5;5
451	452	451	452	3	3	trialwise	612;2251;4058	612;2251;4058	4;15;26	136;7;46	sub-008_ses-102_task-s4;sub-008_ses-201_task-s4;sub-008_ses-302_task-s4	612	4	136	sub-008	ses-102	task-s4	1;2;3	4;4;4
452	453	452	453	3	3	trialwise	256;2045;3789	256;2045;3789	2;13;24	98;119;95	sub-008_ses-101_task-s2;sub-008_ses-201_task-s2;sub-008_ses-301_task-s2	256	2	98	sub-008	ses-101	task-s2	1;2;3	2;2;2
453	454	453	454	3	3	trialwise	1213;3009;4715	1213;3009;4715	8;19;30	104;132;70	sub-008_ses-103_task-s8;sub-008_ses-203_task-s8;sub-008_ses-303_task-s8	1213	8	104	sub-008	ses-103	task-s8	1;2;3	8;8;8
454	455	454	455	3	3	trialwise	365;2150;3966	365;2150;3966	3;14;25	48;65;113	sub-008_ses-102_task-s3;sub-008_ses-201_task-s3;sub-008_ses-301_task-s3	365	3	48	sub-008	ses-102	task-s3	1;2;3	3;3;3
455	456	455	456	3	3	trialwise	176;2048;3770	176;2048;3770	2;13;24	18;122;76	sub-008_ses-101_task-s2;sub-008_ses-201_task-s2;sub-008_ses-301_task-s2	176	2	18	sub-008	ses-101	task-s2	1;2;3	2;2;2
456	457	456	457	3	3	trialwise	8;1861;3629	8;1861;3629	1;12;23	9;94;94	sub-008_ses-101_task-s1;sub-008_ses-201_task-s1;sub-008_ses-301_task-s1	8	1	9	sub-008	ses-101	task-s1	1;2;3	1;1;1
457	458	457	458	3	3	trialwise	535;2357;4079	535;2357;4079	4;15;26	59;113;67	sub-008_ses-102_task-s4;sub-008_ses-201_task-s4;sub-008_ses-302_task-s4	535	4	59	sub-008	ses-102	task-s4	1;2;3	4;4;4
458	459	458	459	3	3	trialwise	896;2633;4441	896;2633;4441	6;17;28	103;72;112	sub-008_ses-103_task-s6;sub-008_ses-202_task-s6;sub-008_ses-303_task-s6	896	6	103	sub-008	ses-103	task-s6	1;2;3	6;6;6
459	460	459	460	3	3	trialwise	572;2339;4036	572;2339;4036	4;15;26	96;95;24	sub-008_ses-102_task-s4;sub-008_ses-201_task-s4;sub-008_ses-302_task-s4	572	4	96	sub-008	ses-102	task-s4	1;2;3	4;4;4
460	461	460	461	3	3	trialwise	1198;2950;4678	1198;2950;4678	8;19;30	89;73;33	sub-008_ses-103_task-s8;sub-008_ses-203_task-s8;sub-008_ses-303_task-s8	1198	8	89	sub-008	ses-103	task-s8	1;2;3	8;8;8
461	462	461	462	3	3	trialwise	1215;2949;4680	1215;2949;4680	8;19;30	106;72;35	sub-008_ses-103_task-s8;sub-008_ses-203_task-s8;sub-008_ses-303_task-s8	1215	8	106	sub-008	ses-103	task-s8	1;2;3	8;8;8
462	463	462	463	3	3	trialwise	867;2716;4478	867;2716;4478	6;17;28	74;155;149	sub-008_ses-103_task-s6;sub-008_ses-202_task-s6;sub-008_ses-303_task-s6	867	6	74	sub-008	ses-103	task-s6	1;2;3	6;6;6
463	464	463	464	3	3	trialwise	1084;2826;4613	1084;2826;4613	7;18;29	133;107;126	sub-008_ses-103_task-s7;sub-008_ses-203_task-s7;sub-008_ses-303_task-s7	1084	7	133	sub-008	ses-103	task-s7	1;2;3	7;7;7
464	465	464	465	3	3	trialwise	508;2270;4082	508;2270;4082	4;15;26	32;26;70	sub-008_ses-102_task-s4;sub-008_ses-201_task-s4;sub-008_ses-302_task-s4	508	4	32	sub-008	ses-102	task-s4	1;2;3	4;4;4
465	466	465	466	3	3	trialwise	1182;2994;4743	1182;2994;4743	8;19;30	73;117;98	sub-008_ses-103_task-s8;sub-008_ses-203_task-s8;sub-008_ses-303_task-s8	1182	8	73	sub-008	ses-103	task-s8	1;2;3	8;8;8
466	467	466	467	3	3	trialwise	307;1964;3709	307;1964;3709	2;13;24	149;38;15	sub-008_ses-101_task-s2;sub-008_ses-201_task-s2;sub-008_ses-301_task-s2	307	2	149	sub-008	ses-101	task-s2	1;2;3	2;2;2
467	468	467	468	3	3	trialwise	73;1804;3572	73;1804;3572	1;12;23	74;37;37	sub-008_ses-101_task-s1;sub-008_ses-201_task-s1;sub-008_ses-301_task-s1	73	1	74	sub-008	ses-101	task-s1	1;2;3	1;1;1
468	469	468	469	3	3	trialwise	447;2186;3984	447;2186;3984	3;14;25	130;101;131	sub-008_ses-102_task-s3;sub-008_ses-201_task-s3;sub-008_ses-301_task-s3	447	3	130	sub-008	ses-102	task-s3	1;2;3	3;3;3
469	470	469	470	3	3	trialwise	906;2629;4462	906;2629;4462	6;17;28	113;68;133	sub-008_ses-103_task-s6;sub-008_ses-202_task-s6;sub-008_ses-303_task-s6	906	6	113	sub-008	ses-103	task-s6	1;2;3	6;6;6
470	471	470	471	3	3	trialwise	180;1974;3726	180;1974;3726	2;13;24	22;48;32	sub-008_ses-101_task-s2;sub-008_ses-201_task-s2;sub-008_ses-301_task-s2	180	2	22	sub-008	ses-101	task-s2	1;2;3	2;2;2
471	472	471	472	3	3	trialwise	305;2024;3765	305;2024;3765	2;13;24	147;98;71	sub-008_ses-101_task-s2;sub-008_ses-201_task-s2;sub-008_ses-301_task-s2	305	2	147	sub-008	ses-101	task-s2	1;2;3	2;2;2
472	473	472	473	3	3	trialwise	1135;2971;4783	1135;2971;4783	8;19;30	26;94;138	sub-008_ses-103_task-s8;sub-008_ses-203_task-s8;sub-008_ses-303_task-s8	1135	8	26	sub-008	ses-103	task-s8	1;2;3	8;8;8
473	474	473	474	3	3	trialwise	548;2260;4161	548;2260;4161	4;15;26	72;16;149	sub-008_ses-102_task-s4;sub-008_ses-201_task-s4;sub-008_ses-302_task-s4	548	4	72	sub-008	ses-102	task-s4	1;2;3	4;4;4
474	475	474	475	3	3	trialwise	399;2141;3996	399;2141;3996	3;14;25	82;56;143	sub-008_ses-102_task-s3;sub-008_ses-201_task-s3;sub-008_ses-301_task-s3	399	3	82	sub-008	ses-102	task-s3	1;2;3	3;3;3
475	476	475	476	3	3	trialwise	1228;2938;4736	1228;2938;4736	8;19;30	119;61;91	sub-008_ses-103_task-s8;sub-008_ses-203_task-s8;sub-008_ses-303_task-s8	1228	8	119	sub-008	ses-103	task-s8	1;2;3	8;8;8
476	477	476	477	3	3	trialwise	769;2477;4323	769;2477;4323	5;16;27	134;74;152	sub-008_ses-102_task-s5;sub-008_ses-201_task-s5;sub-008_ses-303_task-s5	769	5	134	sub-008	ses-102	task-s5	1;2;3	5;5;5
477	478	477	478	3	3	trialwise	1082;2855;4563	1082;2855;4563	7;18;29	131;136;76	sub-008_ses-103_task-s7;sub-008_ses-203_task-s7;sub-008_ses-303_task-s7	1082	7	131	sub-008	ses-103	task-s7	1;2;3	7;7;7
478	479	478	479	3	3	trialwise	911;2651;4467	911;2651;4467	6;17;28	118;90;138	sub-008_ses-103_task-s6;sub-008_ses-202_task-s6;sub-008_ses-303_task-s6	911	6	118	sub-008	ses-103	task-s6	1;2;3	6;6;6
479	480	479	480	3	3	trialwise	780;2507;4257	780;2507;4257	5;16;27	145;104;86	sub-008_ses-102_task-s5;sub-008_ses-201_task-s5;sub-008_ses-303_task-s5	780	5	145	sub-008	ses-102	task-s5	1;2;3	5;5;5
480	481	480	481	3	3	trialwise	270;1987;3809	270;1987;3809	2;13;24	112;61;115	sub-008_ses-101_task-s2;sub-008_ses-201_task-s2;sub-008_ses-301_task-s2	270	2	112	sub-008	ses-101	task-s2	1;2;3	2;2;2
481	482	481	482	3	3	trialwise	504;2322;4115	504;2322;4115	4;15;26	28;78;103	sub-008_ses-102_task-s4;sub-008_ses-201_task-s4;sub-008_ses-302_task-s4	504	4	28	sub-008	ses-102	task-s4	1;2;3	4;4;4
482	483	482	483	3	3	trialwise	1000;2871;4519	1000;2871;4519	7;18;29	49;152;32	sub-008_ses-103_task-s7;sub-008_ses-203_task-s7;sub-008_ses-303_task-s7	1000	7	49	sub-008	ses-103	task-s7	1;2;3	7;7;7
483	484	483	484	3	3	trialwise	808;2674;4430	808;2674;4430	6;17;28	15;113;101	sub-008_ses-103_task-s6;sub-008_ses-202_task-s6;sub-008_ses-303_task-s6	808	6	15	sub-008	ses-103	task-s6	1;2;3	6;6;6
484	485	484	485	3	3	trialwise	326;2232;3905	326;2232;3905	3;14;25	9;147;52	sub-008_ses-102_task-s3;sub-008_ses-201_task-s3;sub-008_ses-301_task-s3	326	3	9	sub-008	ses-102	task-s3	1;2;3	3;3;3
485	486	485	486	3	3	trialwise	1252;2964;4742	1252;2964;4742	8;19;30	143;87;97	sub-008_ses-103_task-s8;sub-008_ses-203_task-s8;sub-008_ses-303_task-s8	1252	8	143	sub-008	ses-103	task-s8	1;2;3	8;8;8
486	487	486	487	3	3	trialwise	231;2016;3772	231;2016;3772	2;13;24	73;90;78	sub-008_ses-101_task-s2;sub-008_ses-201_task-s2;sub-008_ses-301_task-s2	231	2	73	sub-008	ses-101	task-s2	1;2;3	2;2;2
487	488	487	488	3	3	trialwise	354;2129;3988	354;2129;3988	3;14;25	37;44;135	sub-008_ses-102_task-s3;sub-008_ses-201_task-s3;sub-008_ses-301_task-s3	354	3	37	sub-008	ses-102	task-s3	1;2;3	3;3;3
488	489	488	489	3	3	trialwise	237;1976;3780	237;1976;3780	2;13;24	79;50;86	sub-008_ses-101_task-s2;sub-008_ses-201_task-s2;sub-008_ses-301_task-s2	237	2	79	sub-008	ses-101	task-s2	1;2;3	2;2;2
489	490	489	490	3	3	trialwise	1230;2897;4710	1230;2897;4710	8;19;30	121;20;65	sub-008_ses-103_task-s8;sub-008_ses-203_task-s8;sub-008_ses-303_task-s8	1230	8	121	sub-008	ses-103	task-s8	1;2;3	8;8;8
490	491	490	491	3	3	trialwise	325;2190;3935	325;2190;3935	3;14;25	8;105;82	sub-008_ses-102_task-s3;sub-008_ses-201_task-s3;sub-008_ses-301_task-s3	325	3	8	sub-008	ses-102	task-s3	1;2;3	3;3;3
491	492	491	492	3	3	trialwise	1248;2881;4744	1248;2881;4744	8;19;30	139;4;99	sub-008_ses-103_task-s8;sub-008_ses-203_task-s8;sub-008_ses-303_task-s8	1248	8	139	sub-008	ses-103	task-s8	1;2;3	8;8;8
492	493	492	493	3	3	trialwise	732;2413;4193	732;2413;4193	5;16;27	97;10;22	sub-008_ses-102_task-s5;sub-008_ses-201_task-s5;sub-008_ses-303_task-s5	732	5	97	sub-008	ses-102	task-s5	1;2;3	5;5;5
493	494	493	494	3	3	trialwise	1123;2951;4650	1123;2951;4650	8;19;30	14;74;5	sub-008_ses-103_task-s8;sub-008_ses-203_task-s8;sub-008_ses-303_task-s8	1123	8	14	sub-008	ses-103	task-s8	1;2;3	8;8;8
494	495	494	495	3	3	trialwise	928;2665;4331	928;2665;4331	6;17;28	135;104;2	sub-008_ses-103_task-s6;sub-008_ses-202_task-s6;sub-008_ses-303_task-s6	928	6	135	sub-008	ses-103	task-s6	1;2;3	6;6;6
495	496	495	496	3	3	trialwise	1012;2805;4492	1012;2805;4492	7;18;29	61;86;5	sub-008_ses-103_task-s7;sub-008_ses-203_task-s7;sub-008_ses-303_task-s7	1012	7	61	sub-008	ses-103	task-s7	1;2;3	7;7;7
496	497	496	497	3	3	trialwise	148;1880;3648	148;1880;3648	1;12;23	149;113;113	sub-008_ses-101_task-s1;sub-008_ses-201_task-s1;sub-008_ses-301_task-s1	148	1	149	sub-008	ses-101	task-s1	1;2;3	1;1;1
497	498	497	498	3	3	trialwise	499;2291;4119	499;2291;4119	4;15;26	23;47;107	sub-008_ses-102_task-s4;sub-008_ses-201_task-s4;sub-008_ses-302_task-s4	499	4	23	sub-008	ses-102	task-s4	1;2;3	4;4;4
498	499	498	499	3	3	trialwise	1079;2741;4550	1079;2741;4550	7;18;29	128;22;63	sub-008_ses-103_task-s7;sub-008_ses-203_task-s7;sub-008_ses-303_task-s7	1079	7	128	sub-008	ses-103	task-s7	1;2;3	7;7;7
499	500	499	500	3	3	trialwise	464;2143;3882	464;2143;3882	3;14;25	147;58;29	sub-008_ses-102_task-s3;sub-008_ses-201_task-s3;sub-008_ses-301_task-s3	464	3	147	sub-008	ses-102	task-s3	1;2;3	3;3;3
500	501	500	501	3	3	trialwise	434;2113;3943	434;2113;3943	3;14;25	117;28;90	sub-008_ses-102_task-s3;sub-008_ses-201_task-s3;sub-008_ses-301_task-s3	434	3	117	sub-008	ses-102	task-s3	1;2;3	3;3;3
501	502	501	502	3	3	trialwise	190;2006;3710	190;2006;3710	2;13;24	32;80;16	sub-008_ses-101_task-s2;sub-008_ses-201_task-s2;sub-008_ses-301_task-s2	190	2	32	sub-008	ses-101	task-s2	1;2;3	2;2;2
502	503	502	503	3	3	trialwise	271;2063;3840	271;2063;3840	2;13;24	113;137;146	sub-008_ses-101_task-s2;sub-008_ses-201_task-s2;sub-008_ses-301_task-s2	271	2	113	sub-008	ses-101	task-s2	1;2;3	2;2;2
503	504	503	504	3	3	trialwise	778;2424;4197	778;2424;4197	5;16;27	143;21;26	sub-008_ses-102_task-s5;sub-008_ses-201_task-s5;sub-008_ses-303_task-s5	778	5	143	sub-008	ses-102	task-s5	1;2;3	5;5;5
504	505	504	505	3	3	trialwise	864;2706;4463	864;2706;4463	6;17;28	71;145;134	sub-008_ses-103_task-s6;sub-008_ses-202_task-s6;sub-008_ses-303_task-s6	864	6	71	sub-008	ses-103	task-s6	1;2;3	6;6;6
505	506	505	506	3	3	trialwise	88;1811;3579	88;1811;3579	1;12;23	89;44;44	sub-008_ses-101_task-s1;sub-008_ses-201_task-s1;sub-008_ses-301_task-s1	88	1	89	sub-008	ses-101	task-s1	1;2;3	1;1;1
506	507	506	507	3	3	trialwise	242;1939;3767	242;1939;3767	2;13;24	84;13;73	sub-008_ses-101_task-s2;sub-008_ses-201_task-s2;sub-008_ses-301_task-s2	242	2	84	sub-008	ses-101	task-s2	1;2;3	2;2;2
507	508	507	508	3	3	trialwise	783;2508;4216	783;2508;4216	5;16;27	148;105;45	sub-008_ses-102_task-s5;sub-008_ses-201_task-s5;sub-008_ses-303_task-s5	783	5	148	sub-008	ses-102	task-s5	1;2;3	5;5;5
508	509	508	509	3	3	trialwise	1020;2745;4498	1020;2745;4498	7;18;29	69;26;11	sub-008_ses-103_task-s7;sub-008_ses-203_task-s7;sub-008_ses-303_task-s7	1020	7	69	sub-008	ses-103	task-s7	1;2;3	7;7;7
509	510	509	510	3	3	trialwise	173;1947;3846	173;1947;3846	2;13;24	15;21;152	sub-008_ses-101_task-s2;sub-008_ses-201_task-s2;sub-008_ses-301_task-s2	173	2	15	sub-008	ses-101	task-s2	1;2;3	2;2;2
510	511	510	511	3	3	trialwise	607;2389;4068	607;2389;4068	4;15;26	131;145;56	sub-008_ses-102_task-s4;sub-008_ses-201_task-s4;sub-008_ses-302_task-s4	607	4	131	sub-008	ses-102	task-s4	1;2;3	4;4;4
511	512	511	512	3	3	trialwise	244;1991;3797	244;1991;3797	2;13;24	86;65;103	sub-008_ses-101_task-s2;sub-008_ses-201_task-s2;sub-008_ses-301_task-s2	244	2	86	sub-008	ses-101	task-s2	1;2;3	2;2;2
512	513	512	513	3	3	trialwise	734;2420;4302	734;2420;4302	5;16;27	99;17;131	sub-008_ses-102_task-s5;sub-008_ses-201_task-s5;sub-008_ses-303_task-s5	734	5	99	sub-008	ses-102	task-s5	1;2;3	5;5;5
513	514	513	514	3	3	trialwise	539;2307;4025	539;2307;4025	4;15;26	63;63;13	sub-008_ses-102_task-s4;sub-008_ses-201_task-s4;sub-008_ses-302_task-s4	539	4	63	sub-008	ses-102	task-s4	1;2;3	4;4;4
514	515	514	515	3	3	trialwise	500;2277;4051	500;2277;4051	4;15;26	24;33;39	sub-008_ses-102_task-s4;sub-008_ses-201_task-s4;sub-008_ses-302_task-s4	500	4	24	sub-008	ses-102	task-s4	1;2;3	4;4;4
515	516	515	516	3	3	trialwise	1190;2907;4741	1190;2907;4741	8;19;30	81;30;96	sub-008_ses-103_task-s8;sub-008_ses-203_task-s8;sub-008_ses-303_task-s8	1190	8	81	sub-008	ses-103	task-s8	1;2;3	8;8;8
516	517	516	517	3	3	trialwise	1249;2967;4667	1249;2967;4667	8;19;30	140;90;22	sub-008_ses-103_task-s8;sub-008_ses-203_task-s8;sub-008_ses-303_task-s8	1249	8	140	sub-008	ses-103	task-s8	1;2;3	8;8;8
517	518	517	518	3	3	trialwise	1112;3007;4684	1112;3007;4684	8;19;30	3;130;39	sub-008_ses-103_task-s8;sub-008_ses-203_task-s8;sub-008_ses-303_task-s8	1112	8	3	sub-008	ses-103	task-s8	1;2;3	8;8;8
518	519	518	519	3	3	trialwise	43;1848;3616	43;1848;3616	1;12;23	44;81;81	sub-008_ses-101_task-s1;sub-008_ses-201_task-s1;sub-008_ses-301_task-s1	43	1	44	sub-008	ses-101	task-s1	1;2;3	1;1;1
519	520	519	520	3	3	trialwise	621;2299;4158	621;2299;4158	4;15;26	145;55;146	sub-008_ses-102_task-s4;sub-008_ses-201_task-s4;sub-008_ses-302_task-s4	621	4	145	sub-008	ses-102	task-s4	1;2;3	4;4;4
520	521	520	521	3	3	trialwise	695;2414;4214	695;2414;4214	5;16;27	60;11;43	sub-008_ses-102_task-s5;sub-008_ses-201_task-s5;sub-008_ses-303_task-s5	695	5	60	sub-008	ses-102	task-s5	1;2;3	5;5;5
521	522	521	522	3	3	trialwise	940;2686;4371	940;2686;4371	6;17;28	147;125;42	sub-008_ses-103_task-s6;sub-008_ses-202_task-s6;sub-008_ses-303_task-s6	940	6	147	sub-008	ses-103	task-s6	1;2;3	6;6;6
522	523	522	523	3	3	trialwise	1026;2764;4620	1026;2764;4620	7;18;29	75;45;133	sub-008_ses-103_task-s7;sub-008_ses-203_task-s7;sub-008_ses-303_task-s7	1026	7	75	sub-008	ses-103	task-s7	1;2;3	7;7;7
523	524	523	524	3	3	trialwise	824;2670;4402	824;2670;4402	6;17;28	31;109;73	sub-008_ses-103_task-s6;sub-008_ses-202_task-s6;sub-008_ses-303_task-s6	824	6	31	sub-008	ses-103	task-s6	1;2;3	6;6;6
524	525	524	525	3	3	trialwise	815;2678;4337	815;2678;4337	6;17;28	22;117;8	sub-008_ses-103_task-s6;sub-008_ses-202_task-s6;sub-008_ses-303_task-s6	815	6	22	sub-008	ses-103	task-s6	1;2;3	6;6;6
525	526	525	526	3	3	trialwise	965;2850;4588	965;2850;4588	7;18;29	14;131;101	sub-008_ses-103_task-s7;sub-008_ses-203_task-s7;sub-008_ses-303_task-s7	965	7	14	sub-008	ses-103	task-s7	1;2;3	7;7;7
526	527	526	527	3	3	trialwise	391;2205;3903	391;2205;3903	3;14;25	74;120;50	sub-008_ses-102_task-s3;sub-008_ses-201_task-s3;sub-008_ses-301_task-s3	391	3	74	sub-008	ses-102	task-s3	1;2;3	3;3;3
527	528	527	528	3	3	trialwise	214;1982;3829	214;1982;3829	2;13;24	56;56;135	sub-008_ses-101_task-s2;sub-008_ses-201_task-s2;sub-008_ses-301_task-s2	214	2	56	sub-008	ses-101	task-s2	1;2;3	2;2;2
528	529	528	529	3	3	trialwise	23;1875;3643	23;1875;3643	1;12;23	24;108;108	sub-008_ses-101_task-s1;sub-008_ses-201_task-s1;sub-008_ses-301_task-s1	23	1	24	sub-008	ses-101	task-s1	1;2;3	1;1;1
529	530	529	530	3	3	trialwise	1164;2954;4726	1164;2954;4726	8;19;30	55;77;81	sub-008_ses-103_task-s8;sub-008_ses-203_task-s8;sub-008_ses-303_task-s8	1164	8	55	sub-008	ses-103	task-s8	1;2;3	8;8;8
530	531	530	531	3	3	trialwise	521;2310;4121	521;2310;4121	4;15;26	45;66;109	sub-008_ses-102_task-s4;sub-008_ses-201_task-s4;sub-008_ses-302_task-s4	521	4	45	sub-008	ses-102	task-s4	1;2;3	4;4;4
531	532	531	532	3	3	trialwise	1255;3016;4683	1255;3016;4683	8;19;30	146;139;38	sub-008_ses-103_task-s8;sub-008_ses-203_task-s8;sub-008_ses-303_task-s8	1255	8	146	sub-008	ses-103	task-s8	1;2;3	8;8;8
532	533	532	533	3	3	trialwise	1220;2982;4691	1220;2982;4691	8;19;30	111;105;46	sub-008_ses-103_task-s8;sub-008_ses-203_task-s8;sub-008_ses-303_task-s8	1220	8	111	sub-008	ses-103	task-s8	1;2;3	8;8;8
533	534	533	534	3	3	trialwise	972;2762;4493	972;2762;4493	7;18;29	21;43;6	sub-008_ses-103_task-s7;sub-008_ses-203_task-s7;sub-008_ses-303_task-s7	972	7	21	sub-008	ses-103	task-s7	1;2;3	7;7;7
534	535	534	535	3	3	trialwise	976;2844;4611	976;2844;4611	7;18;29	25;125;124	sub-008_ses-103_task-s7;sub-008_ses-203_task-s7;sub-008_ses-303_task-s7	976	7	25	sub-008	ses-103	task-s7	1;2;3	7;7;7
535	536	535	536	3	3	trialwise	833;2717;4384	833;2717;4384	6;17;28	40;156;55	sub-008_ses-103_task-s6;sub-008_ses-202_task-s6;sub-008_ses-303_task-s6	833	6	40	sub-008	ses-103	task-s6	1;2;3	6;6;6
536	537	536	537	3	3	trialwise	646;2453;4296	646;2453;4296	5;16;27	11;50;125	sub-008_ses-102_task-s5;sub-008_ses-201_task-s5;sub-008_ses-303_task-s5	646	5	11	sub-008	ses-102	task-s5	1;2;3	5;5;5
537	538	537	538	3	3	trialwise	602;2391;4127	602;2391;4127	4;15;26	126;147;115	sub-008_ses-102_task-s4;sub-008_ses-201_task-s4;sub-008_ses-302_task-s4	602	4	126	sub-008	ses-102	task-s4	1;2;3	4;4;4
538	539	538	539	3	3	trialwise	168;2076;3831	168;2076;3831	2;13;24	10;150;137	sub-008_ses-101_task-s2;sub-008_ses-201_task-s2;sub-008_ses-301_task-s2	168	2	10	sub-008	ses-101	task-s2	1;2;3	2;2;2
539	540	539	540	3	3	trialwise	241;2046;3796	241;2046;3796	2;13;24	83;120;102	sub-008_ses-101_task-s2;sub-008_ses-201_task-s2;sub-008_ses-301_task-s2	241	2	83	sub-008	ses-101	task-s2	1;2;3	2;2;2
540	541	540	541	3	3	trialwise	541;2314;4045	541;2314;4045	4;15;26	65;70;33	sub-008_ses-102_task-s4;sub-008_ses-201_task-s4;sub-008_ses-302_task-s4	541	4	65	sub-008	ses-102	task-s4	1;2;3	4;4;4
541	542	541	542	3	3	trialwise	1126;2957;4665	1126;2957;4665	8;19;30	17;80;20	sub-008_ses-103_task-s8;sub-008_ses-203_task-s8;sub-008_ses-303_task-s8	1126	8	17	sub-008	ses-103	task-s8	1;2;3	8;8;8
542	543	542	543	3	3	trialwise	60;1904;3672	60;1904;3672	1;12;23	61;137;137	sub-008_ses-101_task-s1;sub-008_ses-201_task-s1;sub-008_ses-301_task-s1	60	1	61	sub-008	ses-101	task-s1	1;2;3	1;1;1
543	544	543	544	3	3	trialwise	328;2096;3890	328;2096;3890	3;14;25	11;11;37	sub-008_ses-102_task-s3;sub-008_ses-201_task-s3;sub-008_ses-301_task-s3	328	3	11	sub-008	ses-102	task-s3	1;2;3	3;3;3
544	545	544	545	3	3	trialwise	970;2760;4508	970;2760;4508	7;18;29	19;41;21	sub-008_ses-103_task-s7;sub-008_ses-203_task-s7;sub-008_ses-303_task-s7	970	7	19	sub-008	ses-103	task-s7	1;2;3	7;7;7
545	546	545	546	3	3	trialwise	287;1940;3830	287;1940;3830	2;13;24	129;14;136	sub-008_ses-101_task-s2;sub-008_ses-201_task-s2;sub-008_ses-301_task-s2	287	2	129	sub-008	ses-101	task-s2	1;2;3	2;2;2
546	547	546	547	3	3	trialwise	1022;2864;4595	1022;2864;4595	7;18;29	71;145;108	sub-008_ses-103_task-s7;sub-008_ses-203_task-s7;sub-008_ses-303_task-s7	1022	7	71	sub-008	ses-103	task-s7	1;2;3	7;7;7
547	548	547	548	3	3	trialwise	522;2309;4026	522;2309;4026	4;15;26	46;65;14	sub-008_ses-102_task-s4;sub-008_ses-201_task-s4;sub-008_ses-302_task-s4	522	4	46	sub-008	ses-102	task-s4	1;2;3	4;4;4
548	549	548	549	3	3	trialwise	727;2449;4212	727;2449;4212	5;16;27	92;46;41	sub-008_ses-102_task-s5;sub-008_ses-201_task-s5;sub-008_ses-303_task-s5	727	5	92	sub-008	ses-102	task-s5	1;2;3	5;5;5
549	550	549	550	3	3	trialwise	179;2072;3746	179;2072;3746	2;13;24	21;146;52	sub-008_ses-101_task-s2;sub-008_ses-201_task-s2;sub-008_ses-301_task-s2	179	2	21	sub-008	ses-101	task-s2	1;2;3	2;2;2
550	551	550	551	3	3	trialwise	30;1920;3688	30;1920;3688	1;12;23	31;153;153	sub-008_ses-101_task-s1;sub-008_ses-201_task-s1;sub-008_ses-301_task-s1	30	1	31	sub-008	ses-101	task-s1	1;2;3	1;1;1
551	552	551	552	3	3	trialwise	501;2319;4163	501;2319;4163	4;15;26	25;75;151	sub-008_ses-102_task-s4;sub-008_ses-201_task-s4;sub-008_ses-302_task-s4	501	4	25	sub-008	ses-102	task-s4	1;2;3	4;4;4
552	553	552	553	3	3	trialwise	383;2125;4000	383;2125;4000	3;14;25	66;40;147	sub-008_ses-102_task-s3;sub-008_ses-201_task-s3;sub-008_ses-301_task-s3	383	3	66	sub-008	ses-102	task-s3	1;2;3	3;3;3
553	554	553	554	3	3	trialwise	803;2591;4403	803;2591;4403	6;17;28	10;30;74	sub-008_ses-103_task-s6;sub-008_ses-202_task-s6;sub-008_ses-303_task-s6	803	6	10	sub-008	ses-103	task-s6	1;2;3	6;6;6
554	555	554	555	3	3	trialwise	536;2329;4109	536;2329;4109	4;15;26	60;85;97	sub-008_ses-102_task-s4;sub-008_ses-201_task-s4;sub-008_ses-302_task-s4	536	4	60	sub-008	ses-102	task-s4	1;2;3	4;4;4
555	556	555	556	3	3	trialwise	1058;2777;4491	1058;2777;4491	7;18;29	107;58;4	sub-008_ses-103_task-s7;sub-008_ses-203_task-s7;sub-008_ses-303_task-s7	1058	7	107	sub-008	ses-103	task-s7	1;2;3	7;7;7
556	557	556	557	3	3	trialwise	15;1854;3622	15;1854;3622	1;12;23	16;87;87	sub-008_ses-101_task-s1;sub-008_ses-201_task-s1;sub-008_ses-301_task-s1	15	1	16	sub-008	ses-101	task-s1	1;2;3	1;1;1
557	558	557	558	3	3	trialwise	974;2755;4568	974;2755;4568	7;18;29	23;36;81	sub-008_ses-103_task-s7;sub-008_ses-203_task-s7;sub-008_ses-303_task-s7	974	7	23	sub-008	ses-103	task-s7	1;2;3	7;7;7
558	559	558	559	3	3	trialwise	299;2085;3828	299;2085;3828	2;13;24	141;159;134	sub-008_ses-101_task-s2;sub-008_ses-201_task-s2;sub-008_ses-301_task-s2	299	2	141	sub-008	ses-101	task-s2	1;2;3	2;2;2
559	560	559	560	3	3	trialwise	592;2349;4104	592;2349;4104	4;15;26	116;105;92	sub-008_ses-102_task-s4;sub-008_ses-201_task-s4;sub-008_ses-302_task-s4	592	4	116	sub-008	ses-102	task-s4	1;2;3	4;4;4
560	561	560	561	3	3	trialwise	396;2163;3998	396;2163;3998	3;14;25	79;78;145	sub-008_ses-102_task-s3;sub-008_ses-201_task-s3;sub-008_ses-301_task-s3	396	3	79	sub-008	ses-102	task-s3	1;2;3	3;3;3
561	562	561	562	3	3	trialwise	1226;2904;4737	1226;2904;4737	8;19;30	117;27;92	sub-008_ses-103_task-s8;sub-008_ses-203_task-s8;sub-008_ses-303_task-s8	1226	8	117	sub-008	ses-103	task-s8	1;2;3	8;8;8
562	563	562	563	3	3	trialwise	649;2486;4316	649;2486;4316	5;16;27	14;83;145	sub-008_ses-102_task-s5;sub-008_ses-201_task-s5;sub-008_ses-303_task-s5	649	5	14	sub-008	ses-102	task-s5	1;2;3	5;5;5
563	564	563	564	3	3	trialwise	1031;2761;4530	1031;2761;4530	7;18;29	80;42;43	sub-008_ses-103_task-s7;sub-008_ses-203_task-s7;sub-008_ses-303_task-s7	1031	7	80	sub-008	ses-103	task-s7	1;2;3	7;7;7
564	565	564	565	3	3	trialwise	804;2595;4340	804;2595;4340	6;17;28	11;34;11	sub-008_ses-103_task-s6;sub-008_ses-202_task-s6;sub-008_ses-303_task-s6	804	6	11	sub-008	ses-103	task-s6	1;2;3	6;6;6
565	566	565	566	3	3	trialwise	1177;2935;4658	1177;2935;4658	8;19;30	68;58;13	sub-008_ses-103_task-s8;sub-008_ses-203_task-s8;sub-008_ses-303_task-s8	1177	8	68	sub-008	ses-103	task-s8	1;2;3	8;8;8
566	567	566	567	3	3	trialwise	466;2131;3987	466;2131;3987	3;14;25	149;46;134	sub-008_ses-102_task-s3;sub-008_ses-201_task-s3;sub-008_ses-301_task-s3	466	3	149	sub-008	ses-102	task-s3	1;2;3	3;3;3
567	568	567	568	3	3	trialwise	47;1789;3557	47;1789;3557	1;12;23	48;22;22	sub-008_ses-101_task-s1;sub-008_ses-201_task-s1;sub-008_ses-301_task-s1	47	1	48	sub-008	ses-101	task-s1	1;2;3	1;1;1
568	569	568	569	3	3	trialwise	70;1793;3561	70;1793;3561	1;12;23	71;26;26	sub-008_ses-101_task-s1;sub-008_ses-201_task-s1;sub-008_ses-301_task-s1	70	1	71	sub-008	ses-101	task-s1	1;2;3	1;1;1
569	570	569	570	3	3	trialwise	597;2366;4153	597;2366;4153	4;15;26	121;122;141	sub-008_ses-102_task-s4;sub-008_ses-201_task-s4;sub-008_ses-302_task-s4	597	4	121	sub-008	ses-102	task-s4	1;2;3	4;4;4
570	571	570	571	3	3	trialwise	1099;2814;4503	1099;2814;4503	7;18;29	148;95;16	sub-008_ses-103_task-s7;sub-008_ses-203_task-s7;sub-008_ses-303_task-s7	1099	7	148	sub-008	ses-103	task-s7	1;2;3	7;7;7
571	572	571	572	3	3	trialwise	450;2094;3992	450;2094;3992	3;14;25	133;9;139	sub-008_ses-102_task-s3;sub-008_ses-201_task-s3;sub-008_ses-301_task-s3	450	3	133	sub-008	ses-102	task-s3	1;2;3	3;3;3
572	573	572	573	3	3	trialwise	950;2671;4356	950;2671;4356	6;17;28	157;110;27	sub-008_ses-103_task-s6;sub-008_ses-202_task-s6;sub-008_ses-303_task-s6	950	6	157	sub-008	ses-103	task-s6	1;2;3	6;6;6
573	574	573	574	3	3	trialwise	1142;2921;4800	1142;2921;4800	8;19;30	33;44;155	sub-008_ses-103_task-s8;sub-008_ses-203_task-s8;sub-008_ses-303_task-s8	1142	8	33	sub-008	ses-103	task-s8	1;2;3	8;8;8
574	575	574	575	3	3	trialwise	1257;2911;4709	1257;2911;4709	8;19;30	148;34;64	sub-008_ses-103_task-s8;sub-008_ses-203_task-s8;sub-008_ses-303_task-s8	1257	8	148	sub-008	ses-103	task-s8	1;2;3	8;8;8
575	576	575	576	3	3	trialwise	1234;2987;4668	1234;2987;4668	8;19;30	125;110;23	sub-008_ses-103_task-s8;sub-008_ses-203_task-s8;sub-008_ses-303_task-s8	1234	8	125	sub-008	ses-103	task-s8	1;2;3	8;8;8
576	577	576	577	3	3	trialwise	1104;2793;4631	1104;2793;4631	7;18;29	153;74;144	sub-008_ses-103_task-s7;sub-008_ses-203_task-s7;sub-008_ses-303_task-s7	1104	7	153	sub-008	ses-103	task-s7	1;2;3	7;7;7
577	578	577	578	3	3	trialwise	1087;2779;4632	1087;2779;4632	7;18;29	136;60;145	sub-008_ses-103_task-s7;sub-008_ses-203_task-s7;sub-008_ses-303_task-s7	1087	7	136	sub-008	ses-103	task-s7	1;2;3	7;7;7
578	579	578	579	3	3	trialwise	104;1812;3580	104;1812;3580	1;12;23	105;45;45	sub-008_ses-101_task-s1;sub-008_ses-201_task-s1;sub-008_ses-301_task-s1	104	1	105	sub-008	ses-101	task-s1	1;2;3	1;1;1
579	580	579	580	3	3	trialwise	291;1928;3697	291;1928;3697	2;13;24	133;2;3	sub-008_ses-101_task-s2;sub-008_ses-201_task-s2;sub-008_ses-301_task-s2	291	2	133	sub-008	ses-101	task-s2	1;2;3	2;2;2
580	581	580	581	3	3	trialwise	977;2849;4626	977;2849;4626	7;18;29	26;130;139	sub-008_ses-103_task-s7;sub-008_ses-203_task-s7;sub-008_ses-303_task-s7	977	7	26	sub-008	ses-103	task-s7	1;2;3	7;7;7
581	582	581	582	3	3	trialwise	1044;2811;4609	1044;2811;4609	7;18;29	93;92;122	sub-008_ses-103_task-s7;sub-008_ses-203_task-s7;sub-008_ses-303_task-s7	1044	7	93	sub-008	ses-103	task-s7	1;2;3	7;7;7
582	583	582	583	3	3	trialwise	140;1899;3667	140;1899;3667	1;12;23	141;132;132	sub-008_ses-101_task-s1;sub-008_ses-201_task-s1;sub-008_ses-301_task-s1	140	1	141	sub-008	ses-101	task-s1	1;2;3	1;1;1
583	584	583	584	3	3	trialwise	92;1810;3578	92;1810;3578	1;12;23	93;43;43	sub-008_ses-101_task-s1;sub-008_ses-201_task-s1;sub-008_ses-301_task-s1	92	1	93	sub-008	ses-101	task-s1	1;2;3	1;1;1
584	585	584	585	3	3	trialwise	703;2538;4229	703;2538;4229	5;16;27	68;135;58	sub-008_ses-102_task-s5;sub-008_ses-201_task-s5;sub-008_ses-303_task-s5	703	5	68	sub-008	ses-102	task-s5	1;2;3	5;5;5
585	586	585	586	3	3	trialwise	1211;2893;4735	1211;2893;4735	8;19;30	102;16;90	sub-008_ses-103_task-s8;sub-008_ses-203_task-s8;sub-008_ses-303_task-s8	1211	8	102	sub-008	ses-103	task-s8	1;2;3	8;8;8
586	587	586	587	3	3	trialwise	468;2215;4003	468;2215;4003	3;14;25	151;130;150	sub-008_ses-102_task-s3;sub-008_ses-201_task-s3;sub-008_ses-301_task-s3	468	3	151	sub-008	ses-102	task-s3	1;2;3	3;3;3
587	588	587	588	3	3	trialwise	1076;2806;4643	1076;2806;4643	7;18;29	125;87;156	sub-008_ses-103_task-s7;sub-008_ses-203_task-s7;sub-008_ses-303_task-s7	1076	7	125	sub-008	ses-103	task-s7	1;2;3	7;7;7
588	589	588	589	3	3	trialwise	285;2014;3747	285;2014;3747	2;13;24	127;88;53	sub-008_ses-101_task-s2;sub-008_ses-201_task-s2;sub-008_ses-301_task-s2	285	2	127	sub-008	ses-101	task-s2	1;2;3	2;2;2
589	590	589	590	3	3	trialwise	693;2546;4207	693;2546;4207	5;16;27	58;143;36	sub-008_ses-102_task-s5;sub-008_ses-201_task-s5;sub-008_ses-303_task-s5	693	5	58	sub-008	ses-102	task-s5	1;2;3	5;5;5
590	591	590	591	3	3	trialwise	923;2640;4473	923;2640;4473	6;17;28	130;79;144	sub-008_ses-103_task-s6;sub-008_ses-202_task-s6;sub-008_ses-303_task-s6	923	6	130	sub-008	ses-103	task-s6	1;2;3	6;6;6
591	592	591	592	3	3	trialwise	1051;2863;4587	1051;2863;4587	7;18;29	100;144;100	sub-008_ses-103_task-s7;sub-008_ses-203_task-s7;sub-008_ses-303_task-s7	1051	7	100	sub-008	ses-103	task-s7	1;2;3	7;7;7
592	593	592	593	3	3	trialwise	252;1985;3704	252;1985;3704	2;13;24	94;59;10	sub-008_ses-101_task-s2;sub-008_ses-201_task-s2;sub-008_ses-301_task-s2	252	2	94	sub-008	ses-101	task-s2	1;2;3	2;2;2
593	594	593	594	3	3	trialwise	1027;2771;4584	1027;2771;4584	7;18;29	76;52;97	sub-008_ses-103_task-s7;sub-008_ses-203_task-s7;sub-008_ses-303_task-s7	1027	7	76	sub-008	ses-103	task-s7	1;2;3	7;7;7
594	595	594	595	3	3	trialwise	795;2718;4354	795;2718;4354	6;17;28	2;157;25	sub-008_ses-103_task-s6;sub-008_ses-202_task-s6;sub-008_ses-303_task-s6	795	6	2	sub-008	ses-103	task-s6	1;2;3	6;6;6
595	596	595	596	3	3	trialwise	805;2673;4364	805;2673;4364	6;17;28	12;112;35	sub-008_ses-103_task-s6;sub-008_ses-202_task-s6;sub-008_ses-303_task-s6	805	6	12	sub-008	ses-103	task-s6	1;2;3	6;6;6
596	597	596	597	3	3	trialwise	1059;2834;4556	1059;2834;4556	7;18;29	108;115;69	sub-008_ses-103_task-s7;sub-008_ses-203_task-s7;sub-008_ses-303_task-s7	1059	7	108	sub-008	ses-103	task-s7	1;2;3	7;7;7
597	598	597	598	3	3	trialwise	650;2542;4213	650;2542;4213	5;16;27	15;139;42	sub-008_ses-102_task-s5;sub-008_ses-201_task-s5;sub-008_ses-303_task-s5	650	5	15	sub-008	ses-102	task-s5	1;2;3	5;5;5
598	599	598	599	3	3	trialwise	1161;3033;4778	1161;3033;4778	8;19;30	52;156;133	sub-008_ses-103_task-s8;sub-008_ses-203_task-s8;sub-008_ses-303_task-s8	1161	8	52	sub-008	ses-103	task-s8	1;2;3	8;8;8
599	600	599	600	3	3	trialwise	866;2646;4432	866;2646;4432	6;17;28	73;85;103	sub-008_ses-103_task-s6;sub-008_ses-202_task-s6;sub-008_ses-303_task-s6	866	6	73	sub-008	ses-103	task-s6	1;2;3	6;6;6
600	601	600	601	3	3	trialwise	394;2238;3959	394;2238;3959	3;14;25	77;153;106	sub-008_ses-102_task-s3;sub-008_ses-201_task-s3;sub-008_ses-301_task-s3	394	3	77	sub-008	ses-102	task-s3	1;2;3	3;3;3
601	602	601	602	3	3	trialwise	534;2336;4094	534;2336;4094	4;15;26	58;92;82	sub-008_ses-102_task-s4;sub-008_ses-201_task-s4;sub-008_ses-302_task-s4	534	4	58	sub-008	ses-102	task-s4	1;2;3	4;4;4
602	603	602	603	3	3	trialwise	1245;3031;4739	1245;3031;4739	8;19;30	136;154;94	sub-008_ses-103_task-s8;sub-008_ses-203_task-s8;sub-008_ses-303_task-s8	1245	8	136	sub-008	ses-103	task-s8	1;2;3	8;8;8
603	604	603	604	3	3	trialwise	488;2362;4103	488;2362;4103	4;15;26	12;118;91	sub-008_ses-102_task-s4;sub-008_ses-201_task-s4;sub-008_ses-302_task-s4	488	4	12	sub-008	ses-102	task-s4	1;2;3	4;4;4
604	605	604	605	3	3	trialwise	321;2184;3964	321;2184;3964	3;14;25	4;99;111	sub-008_ses-102_task-s3;sub-008_ses-201_task-s3;sub-008_ses-301_task-s3	321	3	4	sub-008	ses-102	task-s3	1;2;3	3;3;3
605	606	605	606	3	3	trialwise	1138;2978;4664	1138;2978;4664	8;19;30	29;101;19	sub-008_ses-103_task-s8;sub-008_ses-203_task-s8;sub-008_ses-303_task-s8	1138	8	29	sub-008	ses-103	task-s8	1;2;3	8;8;8
606	607	606	607	3	3	trialwise	917;2676;4470	917;2676;4470	6;17;28	124;115;141	sub-008_ses-103_task-s6;sub-008_ses-202_task-s6;sub-008_ses-303_task-s6	917	6	124	sub-008	ses-103	task-s6	1;2;3	6;6;6
607	608	607	608	3	3	trialwise	353;2244;3961	353;2244;3961	3;14;25	36;159;108	sub-008_ses-102_task-s3;sub-008_ses-201_task-s3;sub-008_ses-301_task-s3	353	3	36	sub-008	ses-102	task-s3	1;2;3	3;3;3
608	609	608	609	3	3	trialwise	759;2440;4266	759;2440;4266	5;16;27	124;37;95	sub-008_ses-102_task-s5;sub-008_ses-201_task-s5;sub-008_ses-303_task-s5	759	5	124	sub-008	ses-102	task-s5	1;2;3	5;5;5
609	610	609	610	3	3	trialwise	1165;2979;4702	1165;2979;4702	8;19;30	56;102;57	sub-008_ses-103_task-s8;sub-008_ses-203_task-s8;sub-008_ses-303_task-s8	1165	8	56	sub-008	ses-103	task-s8	1;2;3	8;8;8
610	611	610	611	3	3	trialwise	672;2436;4245	672;2436;4245	5;16;27	37;33;74	sub-008_ses-102_task-s5;sub-008_ses-201_task-s5;sub-008_ses-303_task-s5	672	5	37	sub-008	ses-102	task-s5	1;2;3	5;5;5
611	612	611	612	3	3	trialwise	503;2255;4022	503;2255;4022	4;15;26	27;11;10	sub-008_ses-102_task-s4;sub-008_ses-201_task-s4;sub-008_ses-302_task-s4	503	4	27	sub-008	ses-102	task-s4	1;2;3	4;4;4
612	613	612	613	3	3	trialwise	725;2434;4231	725;2434;4231	5;16;27	90;31;60	sub-008_ses-102_task-s5;sub-008_ses-201_task-s5;sub-008_ses-303_task-s5	725	5	90	sub-008	ses-102	task-s5	1;2;3	5;5;5
613	614	613	614	3	3	trialwise	218;2052;3841	218;2052;3841	2;13;24	60;126;147	sub-008_ses-101_task-s2;sub-008_ses-201_task-s2;sub-008_ses-301_task-s2	218	2	60	sub-008	ses-101	task-s2	1;2;3	2;2;2
614	615	614	615	3	3	trialwise	628;2350;4171	628;2350;4171	4;15;26	152;106;159	sub-008_ses-102_task-s4;sub-008_ses-201_task-s4;sub-008_ses-302_task-s4	628	4	152	sub-008	ses-102	task-s4	1;2;3	4;4;4
615	616	615	616	3	3	trialwise	1011;2832;4545	1011;2832;4545	7;18;29	60;113;58	sub-008_ses-103_task-s7;sub-008_ses-203_task-s7;sub-008_ses-303_task-s7	1011	7	60	sub-008	ses-103	task-s7	1;2;3	7;7;7
616	617	616	617	3	3	trialwise	862;2644;4345	862;2644;4345	6;17;28	69;83;16	sub-008_ses-103_task-s6;sub-008_ses-202_task-s6;sub-008_ses-303_task-s6	862	6	69	sub-008	ses-103	task-s6	1;2;3	6;6;6
617	618	617	618	3	3	trialwise	557;2306;4057	557;2306;4057	4;15;26	81;62;45	sub-008_ses-102_task-s4;sub-008_ses-201_task-s4;sub-008_ses-302_task-s4	557	4	81	sub-008	ses-102	task-s4	1;2;3	4;4;4
618	619	618	619	3	3	trialwise	749;2557;4301	749;2557;4301	5;16;27	114;154;130	sub-008_ses-102_task-s5;sub-008_ses-201_task-s5;sub-008_ses-303_task-s5	749	5	114	sub-008	ses-102	task-s5	1;2;3	5;5;5
619	620	619	620	3	3	trialwise	519;2344;4097	519;2344;4097	4;15;26	43;100;85	sub-008_ses-102_task-s4;sub-008_ses-201_task-s4;sub-008_ses-302_task-s4	519	4	43	sub-008	ses-102	task-s4	1;2;3	4;4;4
620	621	620	621	3	3	trialwise	916;2712;4378	916;2712;4378	6;17;28	123;151;49	sub-008_ses-103_task-s6;sub-008_ses-202_task-s6;sub-008_ses-303_task-s6	916	6	123	sub-008	ses-103	task-s6	1;2;3	6;6;6
621	622	621	622	3	3	trialwise	1015;2780;4512	1015;2780;4512	7;18;29	64;61;25	sub-008_ses-103_task-s7;sub-008_ses-203_task-s7;sub-008_ses-303_task-s7	1015	7	64	sub-008	ses-103	task-s7	1;2;3	7;7;7
622	623	622	623	3	3	trialwise	690;2435;4263	690;2435;4263	5;16;27	55;32;92	sub-008_ses-102_task-s5;sub-008_ses-201_task-s5;sub-008_ses-303_task-s5	690	5	55	sub-008	ses-102	task-s5	1;2;3	5;5;5
623	624	623	624	3	3	trialwise	853;2566;4349	853;2566;4349	6;17;28	60;5;20	sub-008_ses-103_task-s6;sub-008_ses-202_task-s6;sub-008_ses-303_task-s6	853	6	60	sub-008	ses-103	task-s6	1;2;3	6;6;6
624	625	624	625	3	3	trialwise	1073;2808;4642	1073;2808;4642	7;18;29	122;89;155	sub-008_ses-103_task-s7;sub-008_ses-203_task-s7;sub-008_ses-303_task-s7	1073	7	122	sub-008	ses-103	task-s7	1;2;3	7;7;7
625	626	625	626	3	3	trialwise	831;2682;4429	831;2682;4429	6;17;28	38;121;100	sub-008_ses-103_task-s6;sub-008_ses-202_task-s6;sub-008_ses-303_task-s6	831	6	38	sub-008	ses-103	task-s6	1;2;3	6;6;6
626	627	626	627	3	3	trialwise	116;1893;3661	116;1893;3661	1;12;23	117;126;126	sub-008_ses-101_task-s1;sub-008_ses-201_task-s1;sub-008_ses-301_task-s1	116	1	117	sub-008	ses-101	task-s1	1;2;3	1;1;1
627	628	627	628	3	3	trialwise	722;2503;4258	722;2503;4258	5;16;27	87;100;87	sub-008_ses-102_task-s5;sub-008_ses-201_task-s5;sub-008_ses-303_task-s5	722	5	87	sub-008	ses-102	task-s5	1;2;3	5;5;5
628	629	628	629	3	3	trialwise	67;1808;3576	67;1808;3576	1;12;23	68;41;41	sub-008_ses-101_task-s1;sub-008_ses-201_task-s1;sub-008_ses-301_task-s1	67	1	68	sub-008	ses-101	task-s1	1;2;3	1;1;1
629	630	629	630	3	3	trialwise	946;2613;4436	946;2613;4436	6;17;28	153;52;107	sub-008_ses-103_task-s6;sub-008_ses-202_task-s6;sub-008_ses-303_task-s6	946	6	153	sub-008	ses-103	task-s6	1;2;3	6;6;6
630	631	630	631	3	3	trialwise	126;1913;3681	126;1913;3681	1;12;23	127;146;146	sub-008_ses-101_task-s1;sub-008_ses-201_task-s1;sub-008_ses-301_task-s1	126	1	127	sub-008	ses-101	task-s1	1;2;3	1;1;1
631	632	631	632	3	3	trialwise	68;1825;3593	68;1825;3593	1;12;23	69;58;58	sub-008_ses-101_task-s1;sub-008_ses-201_task-s1;sub-008_ses-301_task-s1	68	1	69	sub-008	ses-101	task-s1	1;2;3	1;1;1
632	633	632	633	3	3	trialwise	806;2576;4407	806;2576;4407	6;17;28	13;15;78	sub-008_ses-103_task-s6;sub-008_ses-202_task-s6;sub-008_ses-303_task-s6	806	6	13	sub-008	ses-103	task-s6	1;2;3	6;6;6
633	634	633	634	3	3	trialwise	457;2111;3926	457;2111;3926	3;14;25	140;26;73	sub-008_ses-102_task-s3;sub-008_ses-201_task-s3;sub-008_ses-301_task-s3	457	3	140	sub-008	ses-102	task-s3	1;2;3	3;3;3
634	635	634	635	3	3	trialwise	801;2697;4412	801;2697;4412	6;17;28	8;136;83	sub-008_ses-103_task-s6;sub-008_ses-202_task-s6;sub-008_ses-303_task-s6	801	6	8	sub-008	ses-103	task-s6	1;2;3	6;6;6
635	636	635	636	3	3	trialwise	385;2204;3990	385;2204;3990	3;14;25	68;119;137	sub-008_ses-102_task-s3;sub-008_ses-201_task-s3;sub-008_ses-301_task-s3	385	3	68	sub-008	ses-102	task-s3	1;2;3	3;3;3
636	637	636	637	3	3	trialwise	1251;2913;4788	1251;2913;4788	8;19;30	142;36;143	sub-008_ses-103_task-s8;sub-008_ses-203_task-s8;sub-008_ses-303_task-s8	1251	8	142	sub-008	ses-103	task-s8	1;2;3	8;8;8
637	638	637	638	3	3	trialwise	333;2197;3889	333;2197;3889	3;14;25	16;112;36	sub-008_ses-102_task-s3;sub-008_ses-201_task-s3;sub-008_ses-301_task-s3	333	3	16	sub-008	ses-102	task-s3	1;2;3	3;3;3
638	639	638	639	3	3	trialwise	837;2578;4353	837;2578;4353	6;17;28	44;17;24	sub-008_ses-103_task-s6;sub-008_ses-202_task-s6;sub-008_ses-303_task-s6	837	6	44	sub-008	ses-103	task-s6	1;2;3	6;6;6
639	640	639	640	3	3	trialwise	1063;2728;4573	1063;2728;4573	7;18;29	112;9;86	sub-008_ses-103_task-s7;sub-008_ses-203_task-s7;sub-008_ses-303_task-s7	1063	7	112	sub-008	ses-103	task-s7	1;2;3	7;7;7
640	641	640	641	3	3	trialwise	679;2526;4315	679;2526;4315	5;16;27	44;123;144	sub-008_ses-102_task-s5;sub-008_ses-201_task-s5;sub-008_ses-303_task-s5	679	5	44	sub-008	ses-102	task-s5	1;2;3	5;5;5
641	642	641	642	3	3	trialwise	569;2265;4040	569;2265;4040	4;15;26	93;21;28	sub-008_ses-102_task-s4;sub-008_ses-201_task-s4;sub-008_ses-302_task-s4	569	4	93	sub-008	ses-102	task-s4	1;2;3	4;4;4
642	643	642	643	3	3	trialwise	24;1803;3571	24;1803;3571	1;12;23	25;36;36	sub-008_ses-101_task-s1;sub-008_ses-201_task-s1;sub-008_ses-301_task-s1	24	1	25	sub-008	ses-101	task-s1	1;2;3	1;1;1
643	644	643	644	3	3	trialwise	1101;2727;4557	1101;2727;4557	7;18;29	150;8;70	sub-008_ses-103_task-s7;sub-008_ses-203_task-s7;sub-008_ses-303_task-s7	1101	7	150	sub-008	ses-103	task-s7	1;2;3	7;7;7
644	645	644	645	3	3	trialwise	418;2198;3911	418;2198;3911	3;14;25	101;113;58	sub-008_ses-102_task-s3;sub-008_ses-201_task-s3;sub-008_ses-301_task-s3	418	3	101	sub-008	ses-102	task-s3	1;2;3	3;3;3
645	646	645	646	3	3	trialwise	36;1809;3577	36;1809;3577	1;12;23	37;42;42	sub-008_ses-101_task-s1;sub-008_ses-201_task-s1;sub-008_ses-301_task-s1	36	1	37	sub-008	ses-101	task-s1	1;2;3	1;1;1
646	647	646	647	3	3	trialwise	1110;2975;4705	1110;2975;4705	8;19;30	1;98;60	sub-008_ses-103_task-s8;sub-008_ses-203_task-s8;sub-008_ses-303_task-s8	1110	8	1	sub-008	ses-103	task-s8	1;2;3	8;8;8
647	648	647	648	3	3	trialwise	338;2187;3883	338;2187;3883	3;14;25	21;102;30	sub-008_ses-102_task-s3;sub-008_ses-201_task-s3;sub-008_ses-301_task-s3	338	3	21	sub-008	ses-102	task-s3	1;2;3	3;3;3
648	649	648	649	3	3	trialwise	997;2802;4505	997;2802;4505	7;18;29	46;83;18	sub-008_ses-103_task-s7;sub-008_ses-203_task-s7;sub-008_ses-303_task-s7	997	7	46	sub-008	ses-103	task-s7	1;2;3	7;7;7
649	650	649	650	3	3	trialwise	877;2627;4417	877;2627;4417	6;17;28	84;66;88	sub-008_ses-103_task-s6;sub-008_ses-202_task-s6;sub-008_ses-303_task-s6	877	6	84	sub-008	ses-103	task-s6	1;2;3	6;6;6
650	651	650	651	3	3	trialwise	329;2133;3910	329;2133;3910	3;14;25	12;48;57	sub-008_ses-102_task-s3;sub-008_ses-201_task-s3;sub-008_ses-301_task-s3	329	3	12	sub-008	ses-102	task-s3	1;2;3	3;3;3
651	652	651	652	3	3	trialwise	845;2672;4413	845;2672;4413	6;17;28	52;111;84	sub-008_ses-103_task-s6;sub-008_ses-202_task-s6;sub-008_ses-303_task-s6	845	6	52	sub-008	ses-103	task-s6	1;2;3	6;6;6
652	653	652	653	3	3	trialwise	1149;2919;4656	1149;2919;4656	8;19;30	40;42;11	sub-008_ses-103_task-s8;sub-008_ses-203_task-s8;sub-008_ses-303_task-s8	1149	8	40	sub-008	ses-103	task-s8	1;2;3	8;8;8
653	654	653	654	3	3	trialwise	344;2206;3917	344;2206;3917	3;14;25	27;121;64	sub-008_ses-102_task-s3;sub-008_ses-201_task-s3;sub-008_ses-301_task-s3	344	3	27	sub-008	ses-102	task-s3	1;2;3	3;3;3
654	655	654	655	3	3	trialwise	1129;2943;4694	1129;2943;4694	8;19;30	20;66;49	sub-008_ses-103_task-s8;sub-008_ses-203_task-s8;sub-008_ses-303_task-s8	1129	8	20	sub-008	ses-103	task-s8	1;2;3	8;8;8
655	656	655	656	3	3	trialwise	182;1962;3713	182;1962;3713	2;13;24	24;36;19	sub-008_ses-101_task-s2;sub-008_ses-201_task-s2;sub-008_ses-301_task-s2	182	2	24	sub-008	ses-101	task-s2	1;2;3	2;2;2
656	657	656	657	3	3	trialwise	1094;2838;4585	1094;2838;4585	7;18;29	143;119;98	sub-008_ses-103_task-s7;sub-008_ses-203_task-s7;sub-008_ses-303_task-s7	1094	7	143	sub-008	ses-103	task-s7	1;2;3	7;7;7
657	658	657	658	3	3	trialwise	973;2866;4496	973;2866;4496	7;18;29	22;147;9	sub-008_ses-103_task-s7;sub-008_ses-203_task-s7;sub-008_ses-303_task-s7	973	7	22	sub-008	ses-103	task-s7	1;2;3	7;7;7
658	659	658	659	3	3	trialwise	431;2243;3981	431;2243;3981	3;14;25	114;158;128	sub-008_ses-102_task-s3;sub-008_ses-201_task-s3;sub-008_ses-301_task-s3	431	3	114	sub-008	ses-102	task-s3	1;2;3	3;3;3
659	660	659	660	3	3	trialwise	784;2438;4223	784;2438;4223	5;16;27	149;35;52	sub-008_ses-102_task-s5;sub-008_ses-201_task-s5;sub-008_ses-303_task-s5	784	5	149	sub-008	ses-102	task-s5	1;2;3	5;5;5
660	661	660	661	3	3	trialwise	280;2040;3705	280;2040;3705	2;13;24	122;114;11	sub-008_ses-101_task-s2;sub-008_ses-201_task-s2;sub-008_ses-301_task-s2	280	2	122	sub-008	ses-101	task-s2	1;2;3	2;2;2
661	662	661	662	3	3	trialwise	890;2562;4482	890;2562;4482	6;17;28	97;1;153	sub-008_ses-103_task-s6;sub-008_ses-202_task-s6;sub-008_ses-303_task-s6	890	6	97	sub-008	ses-103	task-s6	1;2;3	6;6;6
662	663	662	663	3	3	trialwise	147;1863;3631	147;1863;3631	1;12;23	148;96;96	sub-008_ses-101_task-s1;sub-008_ses-201_task-s1;sub-008_ses-301_task-s1	147	1	148	sub-008	ses-101	task-s1	1;2;3	1;1;1
663	664	663	664	3	3	trialwise	704;2428;4286	704;2428;4286	5;16;27	69;25;115	sub-008_ses-102_task-s5;sub-008_ses-201_task-s5;sub-008_ses-303_task-s5	704	5	69	sub-008	ses-102	task-s5	1;2;3	5;5;5
664	665	664	665	3	3	trialwise	871;2568;4481	871;2568;4481	6;17;28	78;7;152	sub-008_ses-103_task-s6;sub-008_ses-202_task-s6;sub-008_ses-303_task-s6	871	6	78	sub-008	ses-103	task-s6	1;2;3	6;6;6
665	666	665	666	3	3	trialwise	600;2394;4038	600;2394;4038	4;15;26	124;150;26	sub-008_ses-102_task-s4;sub-008_ses-201_task-s4;sub-008_ses-302_task-s4	600	4	124	sub-008	ses-102	task-s4	1;2;3	4;4;4
666	667	666	667	3	3	trialwise	683;2429;4284	683;2429;4284	5;16;27	48;26;113	sub-008_ses-102_task-s5;sub-008_ses-201_task-s5;sub-008_ses-303_task-s5	683	5	48	sub-008	ses-102	task-s5	1;2;3	5;5;5
667	668	667	668	3	3	trialwise	623;2302;4111	623;2302;4111	4;15;26	147;58;99	sub-008_ses-102_task-s4;sub-008_ses-201_task-s4;sub-008_ses-302_task-s4	623	4	147	sub-008	ses-102	task-s4	1;2;3	4;4;4
668	669	668	669	3	3	trialwise	310;2053;3833	310;2053;3833	2;13;24	152;127;139	sub-008_ses-101_task-s2;sub-008_ses-201_task-s2;sub-008_ses-301_task-s2	310	2	152	sub-008	ses-101	task-s2	1;2;3	2;2;2
669	670	669	670	3	3	trialwise	1009;2739;4640	1009;2739;4640	7;18;29	58;20;153	sub-008_ses-103_task-s7;sub-008_ses-203_task-s7;sub-008_ses-303_task-s7	1009	7	58	sub-008	ses-103	task-s7	1;2;3	7;7;7
670	671	670	671	3	3	trialwise	632;2388;4027	632;2388;4027	4;15;26	156;144;15	sub-008_ses-102_task-s4;sub-008_ses-201_task-s4;sub-008_ses-302_task-s4	632	4	156	sub-008	ses-102	task-s4	1;2;3	4;4;4
671	672	671	672	3	3	trialwise	818;2709;4369	818;2709;4369	6;17;28	25;148;40	sub-008_ses-103_task-s6;sub-008_ses-202_task-s6;sub-008_ses-303_task-s6	818	6	25	sub-008	ses-103	task-s6	1;2;3	6;6;6
672	673	672	673	3	3	trialwise	1061;2809;4639	1061;2809;4639	7;18;29	110;90;152	sub-008_ses-103_task-s7;sub-008_ses-203_task-s7;sub-008_ses-303_task-s7	1061	7	110	sub-008	ses-103	task-s7	1;2;3	7;7;7
673	674	673	674	3	3	trialwise	39;1842;3610	39;1842;3610	1;12;23	40;75;75	sub-008_ses-101_task-s1;sub-008_ses-201_task-s1;sub-008_ses-301_task-s1	39	1	40	sub-008	ses-101	task-s1	1;2;3	1;1;1
674	675	674	675	3	3	trialwise	1107;2792;4589	1107;2792;4589	7;18;29	156;73;102	sub-008_ses-103_task-s7;sub-008_ses-203_task-s7;sub-008_ses-303_task-s7	1107	7	156	sub-008	ses-103	task-s7	1;2;3	7;7;7
675	676	675	676	3	3	trialwise	75;1827;3595	75;1827;3595	1;12;23	76;60;60	sub-008_ses-101_task-s1;sub-008_ses-201_task-s1;sub-008_ses-301_task-s1	75	1	76	sub-008	ses-101	task-s1	1;2;3	1;1;1
676	677	676	677	3	3	trialwise	106;1898;3666	106;1898;3666	1;12;23	107;131;131	sub-008_ses-101_task-s1;sub-008_ses-201_task-s1;sub-008_ses-301_task-s1	106	1	107	sub-008	ses-101	task-s1	1;2;3	1;1;1
677	678	677	678	3	3	trialwise	1169;2883;4648	1169;2883;4648	8;19;30	60;6;3	sub-008_ses-103_task-s8;sub-008_ses-203_task-s8;sub-008_ses-303_task-s8	1169	8	60	sub-008	ses-103	task-s8	1;2;3	8;8;8
678	679	678	679	3	3	trialwise	494;2303;4017	494;2303;4017	4;15;26	18;59;5	sub-008_ses-102_task-s4;sub-008_ses-201_task-s4;sub-008_ses-302_task-s4	494	4	18	sub-008	ses-102	task-s4	1;2;3	4;4;4
679	680	679	680	3	3	trialwise	162;2084;3834	162;2084;3834	2;13;24	4;158;140	sub-008_ses-101_task-s2;sub-008_ses-201_task-s2;sub-008_ses-301_task-s2	162	2	4	sub-008	ses-101	task-s2	1;2;3	2;2;2
680	681	680	681	3	3	trialwise	894;2579;4439	894;2579;4439	6;17;28	101;18;110	sub-008_ses-103_task-s6;sub-008_ses-202_task-s6;sub-008_ses-303_task-s6	894	6	101	sub-008	ses-103	task-s6	1;2;3	6;6;6
681	682	681	682	3	3	trialwise	35;1860;3628	35;1860;3628	1;12;23	36;93;93	sub-008_ses-101_task-s1;sub-008_ses-201_task-s1;sub-008_ses-301_task-s1	35	1	36	sub-008	ses-101	task-s1	1;2;3	1;1;1
682	683	682	683	3	3	trialwise	375;2173;3948	375;2173;3948	3;14;25	58;88;95	sub-008_ses-102_task-s3;sub-008_ses-201_task-s3;sub-008_ses-301_task-s3	375	3	58	sub-008	ses-102	task-s3	1;2;3	3;3;3
683	684	683	684	3	3	trialwise	762;2554;4232	762;2554;4232	5;16;27	127;151;61	sub-008_ses-102_task-s5;sub-008_ses-201_task-s5;sub-008_ses-303_task-s5	762	5	127	sub-008	ses-102	task-s5	1;2;3	5;5;5
684	685	684	685	3	3	trialwise	839;2590;4332	839;2590;4332	6;17;28	46;29;3	sub-008_ses-103_task-s6;sub-008_ses-202_task-s6;sub-008_ses-303_task-s6	839	6	46	sub-008	ses-103	task-s6	1;2;3	6;6;6
685	686	685	686	3	3	trialwise	616;2392;4050	616;2392;4050	4;15;26	140;148;38	sub-008_ses-102_task-s4;sub-008_ses-201_task-s4;sub-008_ses-302_task-s4	616	4	140	sub-008	ses-102	task-s4	1;2;3	4;4;4
686	687	686	687	3	3	trialwise	981;2721;4529	981;2721;4529	7;18;29	30;2;42	sub-008_ses-103_task-s7;sub-008_ses-203_task-s7;sub-008_ses-303_task-s7	981	7	30	sub-008	ses-103	task-s7	1;2;3	7;7;7
687	688	687	688	3	3	trialwise	610;2385;4029	610;2385;4029	4;15;26	134;141;17	sub-008_ses-102_task-s4;sub-008_ses-201_task-s4;sub-008_ses-302_task-s4	610	4	134	sub-008	ses-102	task-s4	1;2;3	4;4;4
688	689	688	689	3	3	trialwise	319;2093;3867	319;2093;3867	3;14;25	2;8;14	sub-008_ses-102_task-s3;sub-008_ses-201_task-s3;sub-008_ses-301_task-s3	319	3	2	sub-008	ses-102	task-s3	1;2;3	3;3;3
689	690	689	690	3	3	trialwise	1265;2947;4704	1265;2947;4704	8;19;30	156;70;59	sub-008_ses-103_task-s8;sub-008_ses-203_task-s8;sub-008_ses-303_task-s8	1265	8	156	sub-008	ses-103	task-s8	1;2;3	8;8;8
690	691	690	691	3	3	trialwise	713;2559;4260	713;2559;4260	5;16;27	78;156;89	sub-008_ses-102_task-s5;sub-008_ses-201_task-s5;sub-008_ses-303_task-s5	713	5	78	sub-008	ses-102	task-s5	1;2;3	5;5;5
691	692	691	692	3	3	trialwise	692;2415;4180	692;2415;4180	5;16;27	57;12;9	sub-008_ses-102_task-s5;sub-008_ses-201_task-s5;sub-008_ses-303_task-s5	692	5	57	sub-008	ses-102	task-s5	1;2;3	5;5;5
692	693	692	693	3	3	trialwise	91;1855;3623	91;1855;3623	1;12;23	92;88;88	sub-008_ses-101_task-s1;sub-008_ses-201_task-s1;sub-008_ses-301_task-s1	91	1	92	sub-008	ses-101	task-s1	1;2;3	1;1;1
693	694	693	694	3	3	trialwise	281;2036;3719	281;2036;3719	2;13;24	123;110;25	sub-008_ses-101_task-s2;sub-008_ses-201_task-s2;sub-008_ses-301_task-s2	281	2	123	sub-008	ses-101	task-s2	1;2;3	2;2;2
694	695	694	695	3	3	trialwise	701;2407;4179	701;2407;4179	5;16;27	66;4;8	sub-008_ses-102_task-s5;sub-008_ses-201_task-s5;sub-008_ses-303_task-s5	701	5	66	sub-008	ses-102	task-s5	1;2;3	5;5;5
695	696	695	696	3	3	trialwise	1034;2774;4541	1034;2774;4541	7;18;29	83;55;54	sub-008_ses-103_task-s7;sub-008_ses-203_task-s7;sub-008_ses-303_task-s7	1034	7	83	sub-008	ses-103	task-s7	1;2;3	7;7;7
696	697	696	697	3	3	trialwise	219;1949;3707	219;1949;3707	2;13;24	61;23;13	sub-008_ses-101_task-s2;sub-008_ses-201_task-s2;sub-008_ses-301_task-s2	219	2	61	sub-008	ses-101	task-s2	1;2;3	2;2;2
697	698	697	698	3	3	trialwise	814;2593;4438	814;2593;4438	6;17;28	21;32;109	sub-008_ses-103_task-s6;sub-008_ses-202_task-s6;sub-008_ses-303_task-s6	814	6	21	sub-008	ses-103	task-s6	1;2;3	6;6;6
698	699	698	699	3	3	trialwise	925;2660;4342	925;2660;4342	6;17;28	132;99;13	sub-008_ses-103_task-s6;sub-008_ses-202_task-s6;sub-008_ses-303_task-s6	925	6	132	sub-008	ses-103	task-s6	1;2;3	6;6;6
699	700	699	700	3	3	trialwise	1096;2748;4511	1096;2748;4511	7;18;29	145;29;24	sub-008_ses-103_task-s7;sub-008_ses-203_task-s7;sub-008_ses-303_task-s7	1096	7	145	sub-008	ses-103	task-s7	1;2;3	7;7;7
700	701	700	701	3	3	trialwise	634;2334;4062	634;2334;4062	4;15;26	158;90;50	sub-008_ses-102_task-s4;sub-008_ses-201_task-s4;sub-008_ses-302_task-s4	634	4	158	sub-008	ses-102	task-s4	1;2;3	4;4;4
701	702	701	702	3	3	trialwise	1052;2840;4502	1052;2840;4502	7;18;29	101;121;15	sub-008_ses-103_task-s7;sub-008_ses-203_task-s7;sub-008_ses-303_task-s7	1052	7	101	sub-008	ses-103	task-s7	1;2;3	7;7;7
702	703	702	703	3	3	trialwise	1183;3002;4722	1183;3002;4722	8;19;30	74;125;77	sub-008_ses-103_task-s8;sub-008_ses-203_task-s8;sub-008_ses-303_task-s8	1183	8	74	sub-008	ses-103	task-s8	1;2;3	8;8;8
703	704	703	704	3	3	trialwise	1102;2772;4533	1102;2772;4533	7;18;29	151;53;46	sub-008_ses-103_task-s7;sub-008_ses-203_task-s7;sub-008_ses-303_task-s7	1102	7	151	sub-008	ses-103	task-s7	1;2;3	7;7;7
704	705	704	705	3	3	trialwise	53;1912;3680	53;1912;3680	1;12;23	54;145;145	sub-008_ses-101_task-s1;sub-008_ses-201_task-s1;sub-008_ses-301_task-s1	53	1	54	sub-008	ses-101	task-s1	1;2;3	1;1;1
705	706	705	706	3	3	trialwise	949;2605;4411	949;2605;4411	6;17;28	156;44;82	sub-008_ses-103_task-s6;sub-008_ses-202_task-s6;sub-008_ses-303_task-s6	949	6	156	sub-008	ses-103	task-s6	1;2;3	6;6;6
706	707	706	707	3	3	trialwise	568;2398;4076	568;2398;4076	4;15;26	92;154;64	sub-008_ses-102_task-s4;sub-008_ses-201_task-s4;sub-008_ses-302_task-s4	568	4	92	sub-008	ses-102	task-s4	1;2;3	4;4;4
707	708	707	708	3	3	trialwise	274;1941;3819	274;1941;3819	2;13;24	116;15;125	sub-008_ses-101_task-s2;sub-008_ses-201_task-s2;sub-008_ses-301_task-s2	274	2	116	sub-008	ses-101	task-s2	1;2;3	2;2;2
708	709	708	709	3	3	trialwise	820;2700;4448	820;2700;4448	6;17;28	27;139;119	sub-008_ses-103_task-s6;sub-008_ses-202_task-s6;sub-008_ses-303_task-s6	820	6	27	sub-008	ses-103	task-s6	1;2;3	6;6;6
709	710	709	710	3	3	trialwise	715;2483;4254	715;2483;4254	5;16;27	80;80;83	sub-008_ses-102_task-s5;sub-008_ses-201_task-s5;sub-008_ses-303_task-s5	715	5	80	sub-008	ses-102	task-s5	1;2;3	5;5;5
710	711	710	711	3	3	trialwise	358;2207;4005	358;2207;4005	3;14;25	41;122;152	sub-008_ses-102_task-s3;sub-008_ses-201_task-s3;sub-008_ses-301_task-s3	358	3	41	sub-008	ses-102	task-s3	1;2;3	3;3;3
711	712	711	712	3	3	trialwise	1017;2801;4604	1017;2801;4604	7;18;29	66;82;117	sub-008_ses-103_task-s7;sub-008_ses-203_task-s7;sub-008_ses-303_task-s7	1017	7	66	sub-008	ses-103	task-s7	1;2;3	7;7;7
712	713	712	713	3	3	trialwise	1154;3000;4776	1154;3000;4776	8;19;30	45;123;131	sub-008_ses-103_task-s8;sub-008_ses-203_task-s8;sub-008_ses-303_task-s8	1154	8	45	sub-008	ses-103	task-s8	1;2;3	8;8;8
713	714	713	714	3	3	trialwise	578;2328;4145	578;2328;4145	4;15;26	102;84;133	sub-008_ses-102_task-s4;sub-008_ses-201_task-s4;sub-008_ses-302_task-s4	578	4	102	sub-008	ses-102	task-s4	1;2;3	4;4;4
714	715	714	715	3	3	trialwise	128;1819;3587	128;1819;3587	1;12;23	129;52;52	sub-008_ses-101_task-s1;sub-008_ses-201_task-s1;sub-008_ses-301_task-s1	128	1	129	sub-008	ses-101	task-s1	1;2;3	1;1;1
715	716	715	716	3	3	trialwise	345;2149;3957	345;2149;3957	3;14;25	28;64;104	sub-008_ses-102_task-s3;sub-008_ses-201_task-s3;sub-008_ses-301_task-s3	345	3	28	sub-008	ses-102	task-s3	1;2;3	3;3;3
716	717	716	717	3	3	trialwise	622;2247;4155	622;2247;4155	4;15;26	146;3;143	sub-008_ses-102_task-s4;sub-008_ses-201_task-s4;sub-008_ses-302_task-s4	622	4	146	sub-008	ses-102	task-s4	1;2;3	4;4;4
717	718	717	718	3	3	trialwise	861;2650;4370	861;2650;4370	6;17;28	68;89;41	sub-008_ses-103_task-s6;sub-008_ses-202_task-s6;sub-008_ses-303_task-s6	861	6	68	sub-008	ses-103	task-s6	1;2;3	6;6;6
718	719	718	719	3	3	trialwise	166;1965;3727	166;1965;3727	2;13;24	8;39;33	sub-008_ses-101_task-s2;sub-008_ses-201_task-s2;sub-008_ses-301_task-s2	166	2	8	sub-008	ses-101	task-s2	1;2;3	2;2;2
719	720	719	720	3	3	trialwise	1184;3004;4713	1184;3004;4713	8;19;30	75;127;68	sub-008_ses-103_task-s8;sub-008_ses-203_task-s8;sub-008_ses-303_task-s8	1184	8	75	sub-008	ses-103	task-s8	1;2;3	8;8;8
720	721	720	721	3	3	trialwise	603;2258;4061	603;2258;4061	4;15;26	127;14;49	sub-008_ses-102_task-s4;sub-008_ses-201_task-s4;sub-008_ses-302_task-s4	603	4	127	sub-008	ses-102	task-s4	1;2;3	4;4;4
721	722	721	722	3	3	trialwise	132;1883;3651	132;1883;3651	1;12;23	133;116;116	sub-008_ses-101_task-s1;sub-008_ses-201_task-s1;sub-008_ses-301_task-s1	132	1	133	sub-008	ses-101	task-s1	1;2;3	1;1;1
722	723	722	723	3	3	trialwise	919;2619;4372	919;2619;4372	6;17;28	126;58;43	sub-008_ses-103_task-s6;sub-008_ses-202_task-s6;sub-008_ses-303_task-s6	919	6	126	sub-008	ses-103	task-s6	1;2;3	6;6;6
723	724	723	724	3	3	trialwise	1023;2750;4565	1023;2750;4565	7;18;29	72;31;78	sub-008_ses-103_task-s7;sub-008_ses-203_task-s7;sub-008_ses-303_task-s7	1023	7	72	sub-008	ses-103	task-s7	1;2;3	7;7;7
724	725	724	725	3	3	trialwise	565;2273;4072	565;2273;4072	4;15;26	89;29;60	sub-008_ses-102_task-s4;sub-008_ses-201_task-s4;sub-008_ses-302_task-s4	565	4	89	sub-008	ses-102	task-s4	1;2;3	4;4;4
725	726	725	726	3	3	trialwise	851;2690;4339	851;2690;4339	6;17;28	58;129;10	sub-008_ses-103_task-s6;sub-008_ses-202_task-s6;sub-008_ses-303_task-s6	851	6	58	sub-008	ses-103	task-s6	1;2;3	6;6;6
726	727	726	727	3	3	trialwise	728;2446;4290	728;2446;4290	5;16;27	93;43;119	sub-008_ses-102_task-s5;sub-008_ses-201_task-s5;sub-008_ses-303_task-s5	728	5	93	sub-008	ses-102	task-s5	1;2;3	5;5;5
727	728	727	728	3	3	trialwise	1095;2813;4575	1095;2813;4575	7;18;29	144;94;88	sub-008_ses-103_task-s7;sub-008_ses-203_task-s7;sub-008_ses-303_task-s7	1095	7	144	sub-008	ses-103	task-s7	1;2;3	7;7;7
728	729	728	729	3	3	trialwise	1210;2900;4669	1210;2900;4669	8;19;30	101;23;24	sub-008_ses-103_task-s8;sub-008_ses-203_task-s8;sub-008_ses-303_task-s8	1210	8	101	sub-008	ses-103	task-s8	1;2;3	8;8;8
729	730	729	730	3	3	trialwise	144;1881;3649	144;1881;3649	1;12;23	145;114;114	sub-008_ses-101_task-s1;sub-008_ses-201_task-s1;sub-008_ses-301_task-s1	144	1	145	sub-008	ses-101	task-s1	1;2;3	1;1;1
730	731	730	731	3	3	trialwise	967;2766;4628	967;2766;4628	7;18;29	16;47;141	sub-008_ses-103_task-s7;sub-008_ses-203_task-s7;sub-008_ses-303_task-s7	967	7	16	sub-008	ses-103	task-s7	1;2;3	7;7;7
731	732	731	732	3	3	trialwise	506;2353;4140	506;2353;4140	4;15;26	30;109;128	sub-008_ses-102_task-s4;sub-008_ses-201_task-s4;sub-008_ses-302_task-s4	506	4	30	sub-008	ses-102	task-s4	1;2;3	4;4;4
732	733	732	733	3	3	trialwise	532;2294;4138	532;2294;4138	4;15;26	56;50;126	sub-008_ses-102_task-s4;sub-008_ses-201_task-s4;sub-008_ses-302_task-s4	532	4	56	sub-008	ses-102	task-s4	1;2;3	4;4;4
733	734	733	734	3	3	trialwise	339;2136;3945	339;2136;3945	3;14;25	22;51;92	sub-008_ses-102_task-s3;sub-008_ses-201_task-s3;sub-008_ses-301_task-s3	339	3	22	sub-008	ses-102	task-s3	1;2;3	3;3;3
734	735	734	735	3	3	trialwise	661;2541;4318	661;2541;4318	5;16;27	26;138;147	sub-008_ses-102_task-s5;sub-008_ses-201_task-s5;sub-008_ses-303_task-s5	661	5	26	sub-008	ses-102	task-s5	1;2;3	5;5;5
735	736	735	736	3	3	trialwise	1219;2880;4771	1219;2880;4771	8;19;30	110;3;126	sub-008_ses-103_task-s8;sub-008_ses-203_task-s8;sub-008_ses-303_task-s8	1219	8	110	sub-008	ses-103	task-s8	1;2;3	8;8;8
736	737	736	737	3	3	trialwise	269;2080;3776	269;2080;3776	2;13;24	111;154;82	sub-008_ses-101_task-s2;sub-008_ses-201_task-s2;sub-008_ses-301_task-s2	269	2	111	sub-008	ses-101	task-s2	1;2;3	2;2;2
737	738	737	738	3	3	trialwise	822;2597;4382	822;2597;4382	6;17;28	29;36;53	sub-008_ses-103_task-s6;sub-008_ses-202_task-s6;sub-008_ses-303_task-s6	822	6	29	sub-008	ses-103	task-s6	1;2;3	6;6;6
738	739	738	739	3	3	trialwise	382;2177;3994	382;2177;3994	3;14;25	65;92;141	sub-008_ses-102_task-s3;sub-008_ses-201_task-s3;sub-008_ses-301_task-s3	382	3	65	sub-008	ses-102	task-s3	1;2;3	3;3;3
739	740	739	740	3	3	trialwise	1239;2927;4755	1239;2927;4755	8;19;30	130;50;110	sub-008_ses-103_task-s8;sub-008_ses-203_task-s8;sub-008_ses-303_task-s8	1239	8	130	sub-008	ses-103	task-s8	1;2;3	8;8;8
740	741	740	741	3	3	trialwise	142;1829;3597	142;1829;3597	1;12;23	143;62;62	sub-008_ses-101_task-s1;sub-008_ses-201_task-s1;sub-008_ses-301_task-s1	142	1	143	sub-008	ses-101	task-s1	1;2;3	1;1;1
741	742	741	742	3	3	trialwise	64;1857;3625	64;1857;3625	1;12;23	65;90;90	sub-008_ses-101_task-s1;sub-008_ses-201_task-s1;sub-008_ses-301_task-s1	64	1	65	sub-008	ses-101	task-s1	1;2;3	1;1;1
742	743	742	743	3	3	trialwise	830;2687;4455	830;2687;4455	6;17;28	37;126;126	sub-008_ses-103_task-s6;sub-008_ses-202_task-s6;sub-008_ses-303_task-s6	830	6	37	sub-008	ses-103	task-s6	1;2;3	6;6;6
743	744	743	744	3	3	trialwise	588;2324;4151	588;2324;4151	4;15;26	112;80;139	sub-008_ses-102_task-s4;sub-008_ses-201_task-s4;sub-008_ses-302_task-s4	588	4	112	sub-008	ses-102	task-s4	1;2;3	4;4;4
744	745	744	745	3	3	trialwise	1145;2901;4689	1145;2901;4689	8;19;30	36;24;44	sub-008_ses-103_task-s8;sub-008_ses-203_task-s8;sub-008_ses-303_task-s8	1145	8	36	sub-008	ses-103	task-s8	1;2;3	8;8;8
745	746	745	746	3	3	trialwise	238;2027;3745	238;2027;3745	2;13;24	80;101;51	sub-008_ses-101_task-s2;sub-008_ses-201_task-s2;sub-008_ses-301_task-s2	238	2	80	sub-008	ses-101	task-s2	1;2;3	2;2;2
746	747	746	747	3	3	trialwise	643;2430;4191	643;2430;4191	5;16;27	8;27;20	sub-008_ses-102_task-s5;sub-008_ses-201_task-s5;sub-008_ses-303_task-s5	643	5	8	sub-008	ses-102	task-s5	1;2;3	5;5;5
747	748	747	748	3	3	trialwise	95;1776;3544	95;1776;3544	1;12;23	96;9;9	sub-008_ses-101_task-s1;sub-008_ses-201_task-s1;sub-008_ses-301_task-s1	95	1	96	sub-008	ses-101	task-s1	1;2;3	1;1;1
748	749	748	749	3	3	trialwise	48;1775;3543	48;1775;3543	1;12;23	49;8;8	sub-008_ses-101_task-s1;sub-008_ses-201_task-s1;sub-008_ses-301_task-s1	48	1	49	sub-008	ses-101	task-s1	1;2;3	1;1;1
749	750	749	750	3	3	trialwise	363;2214;3899	363;2214;3899	3;14;25	46;129;46	sub-008_ses-102_task-s3;sub-008_ses-201_task-s3;sub-008_ses-301_task-s3	363	3	46	sub-008	ses-102	task-s3	1;2;3	3;3;3
750	751	750	751	3	3	trialwise	846;2703;4386	846;2703;4386	6;17;28	53;142;57	sub-008_ses-103_task-s6;sub-008_ses-202_task-s6;sub-008_ses-303_task-s6	846	6	53	sub-008	ses-103	task-s6	1;2;3	6;6;6
751	752	751	752	3	3	trialwise	59;1851;3619	59;1851;3619	1;12;23	60;84;84	sub-008_ses-101_task-s1;sub-008_ses-201_task-s1;sub-008_ses-301_task-s1	59	1	60	sub-008	ses-101	task-s1	1;2;3	1;1;1
752	753	752	753	3	3	trialwise	1091;2818;4607	1091;2818;4607	7;18;29	140;99;120	sub-008_ses-103_task-s7;sub-008_ses-203_task-s7;sub-008_ses-303_task-s7	1091	7	140	sub-008	ses-103	task-s7	1;2;3	7;7;7
753	754	753	754	3	3	trialwise	263;2031;3764	263;2031;3764	2;13;24	105;105;70	sub-008_ses-101_task-s2;sub-008_ses-201_task-s2;sub-008_ses-301_task-s2	263	2	105	sub-008	ses-101	task-s2	1;2;3	2;2;2
754	755	754	755	3	3	trialwise	403;2132;3909	403;2132;3909	3;14;25	86;47;56	sub-008_ses-102_task-s3;sub-008_ses-201_task-s3;sub-008_ses-301_task-s3	403	3	86	sub-008	ses-102	task-s3	1;2;3	3;3;3
755	756	755	756	3	3	trialwise	265;2019;3769	265;2019;3769	2;13;24	107;93;75	sub-008_ses-101_task-s2;sub-008_ses-201_task-s2;sub-008_ses-301_task-s2	265	2	107	sub-008	ses-101	task-s2	1;2;3	2;2;2
756	757	756	757	3	3	trialwise	802;2602;4391	802;2602;4391	6;17;28	9;41;62	sub-008_ses-103_task-s6;sub-008_ses-202_task-s6;sub-008_ses-303_task-s6	802	6	9	sub-008	ses-103	task-s6	1;2;3	6;6;6
757	758	757	758	3	3	trialwise	737;2493;4261	737;2493;4261	5;16;27	102;90;90	sub-008_ses-102_task-s5;sub-008_ses-201_task-s5;sub-008_ses-303_task-s5	737	5	102	sub-008	ses-102	task-s5	1;2;3	5;5;5
758	759	758	759	3	3	trialwise	879;2581;4456	879;2581;4456	6;17;28	86;20;127	sub-008_ses-103_task-s6;sub-008_ses-202_task-s6;sub-008_ses-303_task-s6	879	6	86	sub-008	ses-103	task-s6	1;2;3	6;6;6
759	760	759	760	3	3	trialwise	374;2114;3904	374;2114;3904	3;14;25	57;29;51	sub-008_ses-102_task-s3;sub-008_ses-201_task-s3;sub-008_ses-301_task-s3	374	3	57	sub-008	ses-102	task-s3	1;2;3	3;3;3
760	761	760	761	3	3	trialwise	518;2281;4150	518;2281;4150	4;15;26	42;37;138	sub-008_ses-102_task-s4;sub-008_ses-201_task-s4;sub-008_ses-302_task-s4	518	4	42	sub-008	ses-102	task-s4	1;2;3	4;4;4
761	762	761	762	3	3	trialwise	823;2655;4396	823;2655;4396	6;17;28	30;94;67	sub-008_ses-103_task-s6;sub-008_ses-202_task-s6;sub-008_ses-303_task-s6	823	6	30	sub-008	ses-103	task-s6	1;2;3	6;6;6
762	763	762	763	3	3	trialwise	768;2433;4244	768;2433;4244	5;16;27	133;30;73	sub-008_ses-102_task-s5;sub-008_ses-201_task-s5;sub-008_ses-303_task-s5	768	5	133	sub-008	ses-102	task-s5	1;2;3	5;5;5
763	764	763	764	3	3	trialwise	1159;2878;4718	1159;2878;4718	8;19;30	50;1;73	sub-008_ses-103_task-s8;sub-008_ses-203_task-s8;sub-008_ses-303_task-s8	1159	8	50	sub-008	ses-103	task-s8	1;2;3	8;8;8
764	765	764	765	3	3	trialwise	994;2824;4537	994;2824;4537	7;18;29	43;105;50	sub-008_ses-103_task-s7;sub-008_ses-203_task-s7;sub-008_ses-303_task-s7	994	7	43	sub-008	ses-103	task-s7	1;2;3	7;7;7
765	766	765	766	3	3	trialwise	1093;2830;4549	1093;2830;4549	7;18;29	142;111;62	sub-008_ses-103_task-s7;sub-008_ses-203_task-s7;sub-008_ses-303_task-s7	1093	7	142	sub-008	ses-103	task-s7	1;2;3	7;7;7
766	767	766	767	3	3	trialwise	1053;2791;4499	1053;2791;4499	7;18;29	102;72;12	sub-008_ses-103_task-s7;sub-008_ses-203_task-s7;sub-008_ses-303_task-s7	1053	7	102	sub-008	ses-103	task-s7	1;2;3	7;7;7
767	768	767	768	3	3	trialwise	368;2156;3968	368;2156;3968	3;14;25	51;71;115	sub-008_ses-102_task-s3;sub-008_ses-201_task-s3;sub-008_ses-301_task-s3	368	3	51	sub-008	ses-102	task-s3	1;2;3	3;3;3
768	769	768	769	3	3	trialwise	455;2231;3939	455;2231;3939	3;14;25	138;146;86	sub-008_ses-102_task-s3;sub-008_ses-201_task-s3;sub-008_ses-301_task-s3	455	3	138	sub-008	ses-102	task-s3	1;2;3	3;3;3
769	770	769	770	3	3	trialwise	584;2317;4166	584;2317;4166	4;15;26	108;73;154	sub-008_ses-102_task-s4;sub-008_ses-201_task-s4;sub-008_ses-302_task-s4	584	4	108	sub-008	ses-102	task-s4	1;2;3	4;4;4
770	771	770	771	3	3	trialwise	996;2731;4536	996;2731;4536	7;18;29	45;12;49	sub-008_ses-103_task-s7;sub-008_ses-203_task-s7;sub-008_ses-303_task-s7	996	7	45	sub-008	ses-103	task-s7	1;2;3	7;7;7
771	772	771	772	3	3	trialwise	848;2647;4414	848;2647;4414	6;17;28	55;86;85	sub-008_ses-103_task-s6;sub-008_ses-202_task-s6;sub-008_ses-303_task-s6	848	6	55	sub-008	ses-103	task-s6	1;2;3	6;6;6
772	773	772	773	3	3	trialwise	1168;2939;4712	1168;2939;4712	8;19;30	59;62;67	sub-008_ses-103_task-s8;sub-008_ses-203_task-s8;sub-008_ses-303_task-s8	1168	8	59	sub-008	ses-103	task-s8	1;2;3	8;8;8
773	774	773	774	3	3	trialwise	430;2097;3953	430;2097;3953	3;14;25	113;12;100	sub-008_ses-102_task-s3;sub-008_ses-201_task-s3;sub-008_ses-301_task-s3	430	3	113	sub-008	ses-102	task-s3	1;2;3	3;3;3
774	775	774	775	3	3	trialwise	300;1989;3733	300;1989;3733	2;13;24	142;63;39	sub-008_ses-101_task-s2;sub-008_ses-201_task-s2;sub-008_ses-301_task-s2	300	2	142	sub-008	ses-101	task-s2	1;2;3	2;2;2
775	776	775	776	3	3	trialwise	502;2337;4098	502;2337;4098	4;15;26	26;93;86	sub-008_ses-102_task-s4;sub-008_ses-201_task-s4;sub-008_ses-302_task-s4	502	4	26	sub-008	ses-102	task-s4	1;2;3	4;4;4
776	777	776	777	3	3	trialwise	921;2567;4381	921;2567;4381	6;17;28	128;6;52	sub-008_ses-103_task-s6;sub-008_ses-202_task-s6;sub-008_ses-303_task-s6	921	6	128	sub-008	ses-103	task-s6	1;2;3	6;6;6
777	778	777	778	3	3	trialwise	1010;2757;4598	1010;2757;4598	7;18;29	59;38;111	sub-008_ses-103_task-s7;sub-008_ses-203_task-s7;sub-008_ses-303_task-s7	1010	7	59	sub-008	ses-103	task-s7	1;2;3	7;7;7
778	779	778	779	3	3	trialwise	825;2630;4426	825;2630;4426	6;17;28	32;69;97	sub-008_ses-103_task-s6;sub-008_ses-202_task-s6;sub-008_ses-303_task-s6	825	6	32	sub-008	ses-103	task-s6	1;2;3	6;6;6
779	780	779	780	3	3	trialwise	1202;2956;4781	1202;2956;4781	8;19;30	93;79;136	sub-008_ses-103_task-s8;sub-008_ses-203_task-s8;sub-008_ses-303_task-s8	1202	8	93	sub-008	ses-103	task-s8	1;2;3	8;8;8
780	781	780	781	3	3	trialwise	800;2704;4355	800;2704;4355	6;17;28	7;143;26	sub-008_ses-103_task-s6;sub-008_ses-202_task-s6;sub-008_ses-303_task-s6	800	6	7	sub-008	ses-103	task-s6	1;2;3	6;6;6
781	782	781	782	3	3	trialwise	1103;2860;4622	1103;2860;4622	7;18;29	152;141;135	sub-008_ses-103_task-s7;sub-008_ses-203_task-s7;sub-008_ses-303_task-s7	1103	7	152	sub-008	ses-103	task-s7	1;2;3	7;7;7
782	783	782	783	3	3	trialwise	82;1887;3655	82;1887;3655	1;12;23	83;120;120	sub-008_ses-101_task-s1;sub-008_ses-201_task-s1;sub-008_ses-301_task-s1	82	1	83	sub-008	ses-101	task-s1	1;2;3	1;1;1
783	784	783	784	3	3	trialwise	55;1915;3683	55;1915;3683	1;12;23	56;148;148	sub-008_ses-101_task-s1;sub-008_ses-201_task-s1;sub-008_ses-301_task-s1	55	1	56	sub-008	ses-101	task-s1	1;2;3	1;1;1
784	785	784	785	3	3	trialwise	835;2635;4405	835;2635;4405	6;17;28	42;74;76	sub-008_ses-103_task-s6;sub-008_ses-202_task-s6;sub-008_ses-303_task-s6	835	6	42	sub-008	ses-103	task-s6	1;2;3	6;6;6
785	786	785	786	3	3	trialwise	290;2061;3781	290;2061;3781	2;13;24	132;135;87	sub-008_ses-101_task-s2;sub-008_ses-201_task-s2;sub-008_ses-301_task-s2	290	2	132	sub-008	ses-101	task-s2	1;2;3	2;2;2
786	787	786	787	3	3	trialwise	959;2746;4614	959;2746;4614	7;18;29	8;27;127	sub-008_ses-103_task-s7;sub-008_ses-203_task-s7;sub-008_ses-303_task-s7	959	7	8	sub-008	ses-103	task-s7	1;2;3	7;7;7
787	788	787	788	3	3	trialwise	314;2034;3790	314;2034;3790	2;13;24	156;108;96	sub-008_ses-101_task-s2;sub-008_ses-201_task-s2;sub-008_ses-301_task-s2	314	2	156	sub-008	ses-101	task-s2	1;2;3	2;2;2
788	789	788	789	3	3	trialwise	537;2348;4020	537;2348;4020	4;15;26	61;104;8	sub-008_ses-102_task-s4;sub-008_ses-201_task-s4;sub-008_ses-302_task-s4	537	4	61	sub-008	ses-102	task-s4	1;2;3	4;4;4
789	790	789	790	3	3	trialwise	441;2135;3947	441;2135;3947	3;14;25	124;50;94	sub-008_ses-102_task-s3;sub-008_ses-201_task-s3;sub-008_ses-301_task-s3	441	3	124	sub-008	ses-102	task-s3	1;2;3	3;3;3
790	791	790	791	3	3	trialwise	367;2144;3877	367;2144;3877	3;14;25	50;59;24	sub-008_ses-102_task-s3;sub-008_ses-201_task-s3;sub-008_ses-301_task-s3	367	3	50	sub-008	ses-102	task-s3	1;2;3	3;3;3
791	792	791	792	3	3	trialwise	520;2250;4123	520;2250;4123	4;15;26	44;6;111	sub-008_ses-102_task-s4;sub-008_ses-201_task-s4;sub-008_ses-302_task-s4	520	4	44	sub-008	ses-102	task-s4	1;2;3	4;4;4
792	793	792	793	3	3	trialwise	1173;2902;4659	1173;2902;4659	8;19;30	64;25;14	sub-008_ses-103_task-s8;sub-008_ses-203_task-s8;sub-008_ses-303_task-s8	1173	8	64	sub-008	ses-103	task-s8	1;2;3	8;8;8
793	794	793	794	3	3	trialwise	239;2008;3844	239;2008;3844	2;13;24	81;82;150	sub-008_ses-101_task-s2;sub-008_ses-201_task-s2;sub-008_ses-301_task-s2	239	2	81	sub-008	ses-101	task-s2	1;2;3	2;2;2
794	795	794	795	3	3	trialwise	273;1984;3734	273;1984;3734	2;13;24	115;58;40	sub-008_ses-101_task-s2;sub-008_ses-201_task-s2;sub-008_ses-301_task-s2	273	2	115	sub-008	ses-101	task-s2	1;2;3	2;2;2
795	796	795	796	3	3	trialwise	562;2346;4142	562;2346;4142	4;15;26	86;102;130	sub-008_ses-102_task-s4;sub-008_ses-201_task-s4;sub-008_ses-302_task-s4	562	4	86	sub-008	ses-102	task-s4	1;2;3	4;4;4
796	797	796	797	3	3	trialwise	633;2254;4080	633;2254;4080	4;15;26	157;10;68	sub-008_ses-102_task-s4;sub-008_ses-201_task-s4;sub-008_ses-302_task-s4	633	4	157	sub-008	ses-102	task-s4	1;2;3	4;4;4
797	798	797	798	3	3	trialwise	585;2395;4093	585;2395;4093	4;15;26	109;151;81	sub-008_ses-102_task-s4;sub-008_ses-201_task-s4;sub-008_ses-302_task-s4	585	4	109	sub-008	ses-102	task-s4	1;2;3	4;4;4
798	799	798	799	3	3	trialwise	983;2848;4558	983;2848;4558	7;18;29	32;129;71	sub-008_ses-103_task-s7;sub-008_ses-203_task-s7;sub-008_ses-303_task-s7	983	7	32	sub-008	ses-103	task-s7	1;2;3	7;7;7
799	800	799	800	3	3	trialwise	1097;2803;4489	1097;2803;4489	7;18;29	146;84;2	sub-008_ses-103_task-s7;sub-008_ses-203_task-s7;sub-008_ses-303_task-s7	1097	7	146	sub-008	ses-103	task-s7	1;2;3	7;7;7
800	801	800	801	3	3	trialwise	645;2497;4173	645;2497;4173	5;16;27	10;94;2	sub-008_ses-102_task-s5;sub-008_ses-201_task-s5;sub-008_ses-303_task-s5	645	5	10	sub-008	ses-102	task-s5	1;2;3	5;5;5
801	802	801	802	3	3	trialwise	83;1787;3555	83;1787;3555	1;12;23	84;20;20	sub-008_ses-101_task-s1;sub-008_ses-201_task-s1;sub-008_ses-301_task-s1	83	1	84	sub-008	ses-101	task-s1	1;2;3	1;1;1
802	803	802	803	3	3	trialwise	1195;2892;4711	1195;2892;4711	8;19;30	86;15;66	sub-008_ses-103_task-s8;sub-008_ses-203_task-s8;sub-008_ses-303_task-s8	1195	8	86	sub-008	ses-103	task-s8	1;2;3	8;8;8
803	804	803	804	3	3	trialwise	171;2047;3754	171;2047;3754	2;13;24	13;121;60	sub-008_ses-101_task-s2;sub-008_ses-201_task-s2;sub-008_ses-301_task-s2	171	2	13	sub-008	ses-101	task-s2	1;2;3	2;2;2
804	805	804	805	3	3	trialwise	284;1973;3759	284;1973;3759	2;13;24	126;47;65	sub-008_ses-101_task-s2;sub-008_ses-201_task-s2;sub-008_ses-301_task-s2	284	2	126	sub-008	ses-101	task-s2	1;2;3	2;2;2
805	806	805	806	3	3	trialwise	691;2520;4226	691;2520;4226	5;16;27	56;117;55	sub-008_ses-102_task-s5;sub-008_ses-201_task-s5;sub-008_ses-303_task-s5	691	5	56	sub-008	ses-102	task-s5	1;2;3	5;5;5
806	807	806	807	3	3	trialwise	113;1858;3626	113;1858;3626	1;12;23	114;91;91	sub-008_ses-101_task-s1;sub-008_ses-201_task-s1;sub-008_ses-301_task-s1	113	1	114	sub-008	ses-101	task-s1	1;2;3	1;1;1
807	808	807	808	3	3	trialwise	1196;3006;4745	1196;3006;4745	8;19;30	87;129;100	sub-008_ses-103_task-s8;sub-008_ses-203_task-s8;sub-008_ses-303_task-s8	1196	8	87	sub-008	ses-103	task-s8	1;2;3	8;8;8
808	809	808	809	3	3	trialwise	388;2182;3982	388;2182;3982	3;14;25	71;97;129	sub-008_ses-102_task-s3;sub-008_ses-201_task-s3;sub-008_ses-301_task-s3	388	3	71	sub-008	ses-102	task-s3	1;2;3	3;3;3
809	810	809	810	3	3	trialwise	102;1841;3609	102;1841;3609	1;12;23	103;74;74	sub-008_ses-101_task-s1;sub-008_ses-201_task-s1;sub-008_ses-301_task-s1	102	1	103	sub-008	ses-101	task-s1	1;2;3	1;1;1
810	811	810	811	3	3	trialwise	1030;2877;4553	1030;2877;4553	7;18;29	79;158;66	sub-008_ses-103_task-s7;sub-008_ses-203_task-s7;sub-008_ses-303_task-s7	1030	7	79	sub-008	ses-103	task-s7	1;2;3	7;7;7
811	812	811	812	3	3	trialwise	902;2683;4415	902;2683;4415	6;17;28	109;122;86	sub-008_ses-103_task-s6;sub-008_ses-202_task-s6;sub-008_ses-303_task-s6	902	6	109	sub-008	ses-103	task-s6	1;2;3	6;6;6
812	813	812	813	3	3	trialwise	629;2387;4170	629;2387;4170	4;15;26	153;143;158	sub-008_ses-102_task-s4;sub-008_ses-201_task-s4;sub-008_ses-302_task-s4	629	4	153	sub-008	ses-102	task-s4	1;2;3	4;4;4
813	814	813	814	3	3	trialwise	1152;3010;4670	1152;3010;4670	8;19;30	43;133;25	sub-008_ses-103_task-s8;sub-008_ses-203_task-s8;sub-008_ses-303_task-s8	1152	8	43	sub-008	ses-103	task-s8	1;2;3	8;8;8
814	815	814	815	3	3	trialwise	543;2264;4049	543;2264;4049	4;15;26	67;20;37	sub-008_ses-102_task-s4;sub-008_ses-201_task-s4;sub-008_ses-302_task-s4	543	4	67	sub-008	ses-102	task-s4	1;2;3	4;4;4
815	816	815	816	3	3	trialwise	216;2078;3835	216;2078;3835	2;13;24	58;152;141	sub-008_ses-101_task-s2;sub-008_ses-201_task-s2;sub-008_ses-301_task-s2	216	2	58	sub-008	ses-101	task-s2	1;2;3	2;2;2
816	817	816	817	3	3	trialwise	828;2616;4416	828;2616;4416	6;17;28	35;55;87	sub-008_ses-103_task-s6;sub-008_ses-202_task-s6;sub-008_ses-303_task-s6	828	6	35	sub-008	ses-103	task-s6	1;2;3	6;6;6
817	818	817	818	3	3	trialwise	1171;3015;4727	1171;3015;4727	8;19;30	62;138;82	sub-008_ses-103_task-s8;sub-008_ses-203_task-s8;sub-008_ses-303_task-s8	1171	8	62	sub-008	ses-103	task-s8	1;2;3	8;8;8
818	819	818	819	3	3	trialwise	1113;2998;4760	1113;2998;4760	8;19;30	4;121;115	sub-008_ses-103_task-s8;sub-008_ses-203_task-s8;sub-008_ses-303_task-s8	1113	8	4	sub-008	ses-103	task-s8	1;2;3	8;8;8
819	820	819	820	3	3	trialwise	174;1996;3803	174;1996;3803	2;13;24	16;70;109	sub-008_ses-101_task-s2;sub-008_ses-201_task-s2;sub-008_ses-301_task-s2	174	2	16	sub-008	ses-101	task-s2	1;2;3	2;2;2
820	821	820	821	3	3	trialwise	129;1769;3537	129;1769;3537	1;12;23	130;2;2	sub-008_ses-101_task-s1;sub-008_ses-201_task-s1;sub-008_ses-301_task-s1	129	1	130	sub-008	ses-101	task-s1	1;2;3	1;1;1
821	822	821	822	3	3	trialwise	318;2228;3944	318;2228;3944	3;14;25	1;143;91	sub-008_ses-102_task-s3;sub-008_ses-201_task-s3;sub-008_ses-301_task-s3	318	3	1	sub-008	ses-102	task-s3	1;2;3	3;3;3
822	823	822	823	3	3	trialwise	317;1932;3728	317;1932;3728	2;13;24	159;6;34	sub-008_ses-101_task-s2;sub-008_ses-201_task-s2;sub-008_ses-301_task-s2	317	2	159	sub-008	ses-101	task-s2	1;2;3	2;2;2
823	824	823	824	3	3	trialwise	401;2121;4001	401;2121;4001	3;14;25	84;36;148	sub-008_ses-102_task-s3;sub-008_ses-201_task-s3;sub-008_ses-301_task-s3	401	3	84	sub-008	ses-102	task-s3	1;2;3	3;3;3
824	825	824	825	3	3	trialwise	910;2631;4359	910;2631;4359	6;17;28	117;70;30	sub-008_ses-103_task-s6;sub-008_ses-202_task-s6;sub-008_ses-303_task-s6	910	6	117	sub-008	ses-103	task-s6	1;2;3	6;6;6
825	826	825	826	3	3	trialwise	440;2226;3952	440;2226;3952	3;14;25	123;141;99	sub-008_ses-102_task-s3;sub-008_ses-201_task-s3;sub-008_ses-301_task-s3	440	3	123	sub-008	ses-102	task-s3	1;2;3	3;3;3
826	827	826	827	3	3	trialwise	1167;2888;4763	1167;2888;4763	8;19;30	58;11;118	sub-008_ses-103_task-s8;sub-008_ses-203_task-s8;sub-008_ses-303_task-s8	1167	8	58	sub-008	ses-103	task-s8	1;2;3	8;8;8
827	828	827	828	3	3	trialwise	254;2043;3749	254;2043;3749	2;13;24	96;117;55	sub-008_ses-101_task-s2;sub-008_ses-201_task-s2;sub-008_ses-301_task-s2	254	2	96	sub-008	ses-101	task-s2	1;2;3	2;2;2
828	829	828	829	3	3	trialwise	531;2363;4148	531;2363;4148	4;15;26	55;119;136	sub-008_ses-102_task-s4;sub-008_ses-201_task-s4;sub-008_ses-302_task-s4	531	4	55	sub-008	ses-102	task-s4	1;2;3	4;4;4
829	830	829	830	3	3	trialwise	1222;2903;4802	1222;2903;4802	8;19;30	113;26;157	sub-008_ses-103_task-s8;sub-008_ses-203_task-s8;sub-008_ses-303_task-s8	1222	8	113	sub-008	ses-103	task-s8	1;2;3	8;8;8
830	831	830	831	3	3	trialwise	1069;2730;4629	1069;2730;4629	7;18;29	118;11;142	sub-008_ses-103_task-s7;sub-008_ses-203_task-s7;sub-008_ses-303_task-s7	1069	7	118	sub-008	ses-103	task-s7	1;2;3	7;7;7
831	832	831	832	3	3	trialwise	1116;2889;4750	1116;2889;4750	8;19;30	7;12;105	sub-008_ses-103_task-s8;sub-008_ses-203_task-s8;sub-008_ses-303_task-s8	1116	8	7	sub-008	ses-103	task-s8	1;2;3	8;8;8
832	833	832	833	3	3	trialwise	29;1822;3590	29;1822;3590	1;12;23	30;55;55	sub-008_ses-101_task-s1;sub-008_ses-201_task-s1;sub-008_ses-301_task-s1	29	1	30	sub-008	ses-101	task-s1	1;2;3	1;1;1
833	834	833	834	3	3	trialwise	1001;2789;4633	1001;2789;4633	7;18;29	50;70;146	sub-008_ses-103_task-s7;sub-008_ses-203_task-s7;sub-008_ses-303_task-s7	1001	7	50	sub-008	ses-103	task-s7	1;2;3	7;7;7
834	835	834	835	3	3	trialwise	146;1796;3564	146;1796;3564	1;12;23	147;29;29	sub-008_ses-101_task-s1;sub-008_ses-201_task-s1;sub-008_ses-301_task-s1	146	1	147	sub-008	ses-101	task-s1	1;2;3	1;1;1
835	836	835	836	3	3	trialwise	1216;2995;4780	1216;2995;4780	8;19;30	107;118;135	sub-008_ses-103_task-s8;sub-008_ses-203_task-s8;sub-008_ses-303_task-s8	1216	8	107	sub-008	ses-103	task-s8	1;2;3	8;8;8
836	837	836	837	3	3	trialwise	605;2288;4086	605;2288;4086	4;15;26	129;44;74	sub-008_ses-102_task-s4;sub-008_ses-201_task-s4;sub-008_ses-302_task-s4	605	4	129	sub-008	ses-102	task-s4	1;2;3	4;4;4
837	838	837	838	3	3	trialwise	566;2327;4102	566;2327;4102	4;15;26	90;83;90	sub-008_ses-102_task-s4;sub-008_ses-201_task-s4;sub-008_ses-302_task-s4	566	4	90	sub-008	ses-102	task-s4	1;2;3	4;4;4
838	839	838	839	3	3	trialwise	108;1889;3657	108;1889;3657	1;12;23	109;122;122	sub-008_ses-101_task-s1;sub-008_ses-201_task-s1;sub-008_ses-301_task-s1	108	1	109	sub-008	ses-101	task-s1	1;2;3	1;1;1
839	840	839	840	3	3	trialwise	665;2404;4200	665;2404;4200	5;16;27	30;1;29	sub-008_ses-102_task-s5;sub-008_ses-201_task-s5;sub-008_ses-303_task-s5	665	5	30	sub-008	ses-102	task-s5	1;2;3	5;5;5
840	841	840	841	3	3	trialwise	720;2529;4292	720;2529;4292	5;16;27	85;126;121	sub-008_ses-102_task-s5;sub-008_ses-201_task-s5;sub-008_ses-303_task-s5	720	5	85	sub-008	ses-102	task-s5	1;2;3	5;5;5
841	842	841	842	3	3	trialwise	1157;2923;4703	1157;2923;4703	8;19;30	48;46;58	sub-008_ses-103_task-s8;sub-008_ses-203_task-s8;sub-008_ses-303_task-s8	1157	8	48	sub-008	ses-103	task-s8	1;2;3	8;8;8
842	843	842	843	3	3	trialwise	874;2677;4398	874;2677;4398	6;17;28	81;116;69	sub-008_ses-103_task-s6;sub-008_ses-202_task-s6;sub-008_ses-303_task-s6	874	6	81	sub-008	ses-103	task-s6	1;2;3	6;6;6
843	844	843	844	3	3	trialwise	680;2491;4224	680;2491;4224	5;16;27	45;88;53	sub-008_ses-102_task-s5;sub-008_ses-201_task-s5;sub-008_ses-303_task-s5	680	5	45	sub-008	ses-102	task-s5	1;2;3	5;5;5
844	845	844	845	3	3	trialwise	1064;2735;4578	1064;2735;4578	7;18;29	113;16;91	sub-008_ses-103_task-s7;sub-008_ses-203_task-s7;sub-008_ses-303_task-s7	1064	7	113	sub-008	ses-103	task-s7	1;2;3	7;7;7
845	846	845	846	3	3	trialwise	1247;3014;4677	1247;3014;4677	8;19;30	138;137;32	sub-008_ses-103_task-s8;sub-008_ses-203_task-s8;sub-008_ses-303_task-s8	1247	8	138	sub-008	ses-103	task-s8	1;2;3	8;8;8
846	847	846	847	3	3	trialwise	512;2368;4131	512;2368;4131	4;15;26	36;124;119	sub-008_ses-102_task-s4;sub-008_ses-201_task-s4;sub-008_ses-302_task-s4	512	4	36	sub-008	ses-102	task-s4	1;2;3	4;4;4
847	848	847	848	3	3	trialwise	1;1820;3588	1;1820;3588	1;12;23	2;53;53	sub-008_ses-101_task-s1;sub-008_ses-201_task-s1;sub-008_ses-301_task-s1	1	1	2	sub-008	ses-101	task-s1	1;2;3	1;1;1
848	849	848	849	3	3	trialwise	72;1850;3618	72;1850;3618	1;12;23	73;83;83	sub-008_ses-101_task-s1;sub-008_ses-201_task-s1;sub-008_ses-301_task-s1	72	1	73	sub-008	ses-101	task-s1	1;2;3	1;1;1
849	850	849	850	3	3	trialwise	6;1798;3566	6;1798;3566	1;12;23	7;31;31	sub-008_ses-101_task-s1;sub-008_ses-201_task-s1;sub-008_ses-301_task-s1	6	1	7	sub-008	ses-101	task-s1	1;2;3	1;1;1
850	851	850	851	3	3	trialwise	571;2380;4059	571;2380;4059	4;15;26	95;136;47	sub-008_ses-102_task-s4;sub-008_ses-201_task-s4;sub-008_ses-302_task-s4	571	4	95	sub-008	ses-102	task-s4	1;2;3	4;4;4
851	852	851	852	3	3	trialwise	901;2708;4377	901;2708;4377	6;17;28	108;147;48	sub-008_ses-103_task-s6;sub-008_ses-202_task-s6;sub-008_ses-303_task-s6	901	6	108	sub-008	ses-103	task-s6	1;2;3	6;6;6
852	853	852	853	3	3	trialwise	891;2582;4352	891;2582;4352	6;17;28	98;21;23	sub-008_ses-103_task-s6;sub-008_ses-202_task-s6;sub-008_ses-303_task-s6	891	6	98	sub-008	ses-103	task-s6	1;2;3	6;6;6
853	854	853	854	3	3	trialwise	748;2427;4253	748;2427;4253	5;16;27	113;24;82	sub-008_ses-102_task-s5;sub-008_ses-201_task-s5;sub-008_ses-303_task-s5	748	5	113	sub-008	ses-102	task-s5	1;2;3	5;5;5
854	855	854	855	3	3	trialwise	1155;2997;4701	1155;2997;4701	8;19;30	46;120;56	sub-008_ses-103_task-s8;sub-008_ses-203_task-s8;sub-008_ses-303_task-s8	1155	8	46	sub-008	ses-103	task-s8	1;2;3	8;8;8
855	856	855	856	3	3	trialwise	1109;2874;4592	1109;2874;4592	7;18;29	158;155;105	sub-008_ses-103_task-s7;sub-008_ses-203_task-s7;sub-008_ses-303_task-s7	1109	7	158	sub-008	ses-103	task-s7	1;2;3	7;7;7
856	857	856	857	3	3	trialwise	513;2286;4074	513;2286;4074	4;15;26	37;42;62	sub-008_ses-102_task-s4;sub-008_ses-201_task-s4;sub-008_ses-302_task-s4	513	4	37	sub-008	ses-102	task-s4	1;2;3	4;4;4
857	858	857	858	3	3	trialwise	984;2720;4645	984;2720;4645	7;18;29	33;1;158	sub-008_ses-103_task-s7;sub-008_ses-203_task-s7;sub-008_ses-303_task-s7	984	7	33	sub-008	ses-103	task-s7	1;2;3	7;7;7
858	859	858	859	3	3	trialwise	247;2068;3775	247;2068;3775	2;13;24	89;142;81	sub-008_ses-101_task-s2;sub-008_ses-201_task-s2;sub-008_ses-301_task-s2	247	2	89	sub-008	ses-101	task-s2	1;2;3	2;2;2
859	860	859	860	3	3	trialwise	523;2370;4084	523;2370;4084	4;15;26	47;126;72	sub-008_ses-102_task-s4;sub-008_ses-201_task-s4;sub-008_ses-302_task-s4	523	4	47	sub-008	ses-102	task-s4	1;2;3	4;4;4
860	861	860	861	3	3	trialwise	636;2509;4202	636;2509;4202	5;16;27	1;106;31	sub-008_ses-102_task-s5;sub-008_ses-201_task-s5;sub-008_ses-303_task-s5	636	5	1	sub-008	ses-102	task-s5	1;2;3	5;5;5
861	862	861	862	3	3	trialwise	827;2594;4453	827;2594;4453	6;17;28	34;33;124	sub-008_ses-103_task-s6;sub-008_ses-202_task-s6;sub-008_ses-303_task-s6	827	6	34	sub-008	ses-103	task-s6	1;2;3	6;6;6
862	863	862	863	3	3	trialwise	1160;2937;4756	1160;2937;4756	8;19;30	51;60;111	sub-008_ses-103_task-s8;sub-008_ses-203_task-s8;sub-008_ses-303_task-s8	1160	8	51	sub-008	ses-103	task-s8	1;2;3	8;8;8
863	864	863	864	3	3	trialwise	1221;2966;4797	1221;2966;4797	8;19;30	112;89;152	sub-008_ses-103_task-s8;sub-008_ses-203_task-s8;sub-008_ses-303_task-s8	1221	8	112	sub-008	ses-103	task-s8	1;2;3	8;8;8
864	865	864	865	3	3	trialwise	465;2147;3969	465;2147;3969	3;14;25	148;62;116	sub-008_ses-102_task-s3;sub-008_ses-201_task-s3;sub-008_ses-301_task-s3	465	3	148	sub-008	ses-102	task-s3	1;2;3	3;3;3
865	866	865	866	3	3	trialwise	553;2248;4110	553;2248;4110	4;15;26	77;4;98	sub-008_ses-102_task-s4;sub-008_ses-201_task-s4;sub-008_ses-302_task-s4	553	4	77	sub-008	ses-102	task-s4	1;2;3	4;4;4
866	867	866	867	3	3	trialwise	225;2030;3801	225;2030;3801	2;13;24	67;104;107	sub-008_ses-101_task-s2;sub-008_ses-201_task-s2;sub-008_ses-301_task-s2	225	2	67	sub-008	ses-101	task-s2	1;2;3	2;2;2
867	868	867	868	3	3	trialwise	489;2313;4028	489;2313;4028	4;15;26	13;69;16	sub-008_ses-102_task-s4;sub-008_ses-201_task-s4;sub-008_ses-302_task-s4	489	4	13	sub-008	ses-102	task-s4	1;2;3	4;4;4
868	869	868	869	3	3	trialwise	995;2837;4581	995;2837;4581	7;18;29	44;118;94	sub-008_ses-103_task-s7;sub-008_ses-203_task-s7;sub-008_ses-303_task-s7	995	7	44	sub-008	ses-103	task-s7	1;2;3	7;7;7
869	870	869	870	3	3	trialwise	298;2039;3743	298;2039;3743	2;13;24	140;113;49	sub-008_ses-101_task-s2;sub-008_ses-201_task-s2;sub-008_ses-301_task-s2	298	2	140	sub-008	ses-101	task-s2	1;2;3	2;2;2
870	871	870	871	3	3	trialwise	360;2095;4006	360;2095;4006	3;14;25	43;10;153	sub-008_ses-102_task-s3;sub-008_ses-201_task-s3;sub-008_ses-301_task-s3	360	3	43	sub-008	ses-102	task-s3	1;2;3	3;3;3
871	872	871	872	3	3	trialwise	593;2305;4041	593;2305;4041	4;15;26	117;61;29	sub-008_ses-102_task-s4;sub-008_ses-201_task-s4;sub-008_ses-302_task-s4	593	4	117	sub-008	ses-102	task-s4	1;2;3	4;4;4
872	873	872	873	3	3	trialwise	1090;2846;4577	1090;2846;4577	7;18;29	139;127;90	sub-008_ses-103_task-s7;sub-008_ses-203_task-s7;sub-008_ses-303_task-s7	1090	7	139	sub-008	ses-103	task-s7	1;2;3	7;7;7
873	874	873	874	3	3	trialwise	710;2502;4265	710;2502;4265	5;16;27	75;99;94	sub-008_ses-102_task-s5;sub-008_ses-201_task-s5;sub-008_ses-303_task-s5	710	5	75	sub-008	ses-102	task-s5	1;2;3	5;5;5
874	875	874	875	3	3	trialwise	448;2181;4007	448;2181;4007	3;14;25	131;96;154	sub-008_ses-102_task-s3;sub-008_ses-201_task-s3;sub-008_ses-301_task-s3	448	3	131	sub-008	ses-102	task-s3	1;2;3	3;3;3
875	876	875	876	3	3	trialwise	143;1862;3630	143;1862;3630	1;12;23	144;95;95	sub-008_ses-101_task-s1;sub-008_ses-201_task-s1;sub-008_ses-301_task-s1	143	1	144	sub-008	ses-101	task-s1	1;2;3	1;1;1
876	877	876	877	3	3	trialwise	955;2853;4524	955;2853;4524	7;18;29	4;134;37	sub-008_ses-103_task-s7;sub-008_ses-203_task-s7;sub-008_ses-303_task-s7	955	7	4	sub-008	ses-103	task-s7	1;2;3	7;7;7
877	878	877	878	3	3	trialwise	94;1814;3582	94;1814;3582	1;12;23	95;47;47	sub-008_ses-101_task-s1;sub-008_ses-201_task-s1;sub-008_ses-301_task-s1	94	1	95	sub-008	ses-101	task-s1	1;2;3	1;1;1
878	879	878	879	3	3	trialwise	311;2073;3850	311;2073;3850	2;13;24	153;147;156	sub-008_ses-101_task-s2;sub-008_ses-201_task-s2;sub-008_ses-301_task-s2	311	2	153	sub-008	ses-101	task-s2	1;2;3	2;2;2
879	880	879	880	3	3	trialwise	234;2056;3837	234;2056;3837	2;13;24	76;130;143	sub-008_ses-101_task-s2;sub-008_ses-201_task-s2;sub-008_ses-301_task-s2	234	2	76	sub-008	ses-101	task-s2	1;2;3	2;2;2
880	881	880	881	3	3	trialwise	664;2458;4218	664;2458;4218	5;16;27	29;55;47	sub-008_ses-102_task-s5;sub-008_ses-201_task-s5;sub-008_ses-303_task-s5	664	5	29	sub-008	ses-102	task-s5	1;2;3	5;5;5
881	882	881	882	3	3	trialwise	379;2107;3922	379;2107;3922	3;14;25	62;22;69	sub-008_ses-102_task-s3;sub-008_ses-201_task-s3;sub-008_ses-301_task-s3	379	3	62	sub-008	ses-102	task-s3	1;2;3	3;3;3
882	883	882	883	3	3	trialwise	511;2287;4159	511;2287;4159	4;15;26	35;43;147	sub-008_ses-102_task-s4;sub-008_ses-201_task-s4;sub-008_ses-302_task-s4	511	4	35	sub-008	ses-102	task-s4	1;2;3	4;4;4
883	884	883	884	3	3	trialwise	792;2490;4270	792;2490;4270	5;16;27	157;87;99	sub-008_ses-102_task-s5;sub-008_ses-201_task-s5;sub-008_ses-303_task-s5	792	5	157	sub-008	ses-102	task-s5	1;2;3	5;5;5
884	885	884	885	3	3	trialwise	236;1975;3842	236;1975;3842	2;13;24	78;49;148	sub-008_ses-101_task-s2;sub-008_ses-201_task-s2;sub-008_ses-301_task-s2	236	2	78	sub-008	ses-101	task-s2	1;2;3	2;2;2
885	886	885	886	3	3	trialwise	107;1867;3635	107;1867;3635	1;12;23	108;100;100	sub-008_ses-101_task-s1;sub-008_ses-201_task-s1;sub-008_ses-301_task-s1	107	1	108	sub-008	ses-101	task-s1	1;2;3	1;1;1
886	887	886	887	3	3	trialwise	524;2263;4135	524;2263;4135	4;15;26	48;19;123	sub-008_ses-102_task-s4;sub-008_ses-201_task-s4;sub-008_ses-302_task-s4	524	4	48	sub-008	ses-102	task-s4	1;2;3	4;4;4
887	888	887	888	3	3	trialwise	694;2556;4276	694;2556;4276	5;16;27	59;153;105	sub-008_ses-102_task-s5;sub-008_ses-201_task-s5;sub-008_ses-303_task-s5	694	5	59	sub-008	ses-102	task-s5	1;2;3	5;5;5
888	889	888	889	3	3	trialwise	550;2318;4154	550;2318;4154	4;15;26	74;74;142	sub-008_ses-102_task-s4;sub-008_ses-201_task-s4;sub-008_ses-302_task-s4	550	4	74	sub-008	ses-102	task-s4	1;2;3	4;4;4
889	890	889	890	3	3	trialwise	105;1873;3641	105;1873;3641	1;12;23	106;106;106	sub-008_ses-101_task-s1;sub-008_ses-201_task-s1;sub-008_ses-301_task-s1	105	1	106	sub-008	ses-101	task-s1	1;2;3	1;1;1
890	891	890	891	3	3	trialwise	858;2610;4365	858;2610;4365	6;17;28	65;49;36	sub-008_ses-103_task-s6;sub-008_ses-202_task-s6;sub-008_ses-303_task-s6	858	6	65	sub-008	ses-103	task-s6	1;2;3	6;6;6
891	892	891	892	3	3	trialwise	152;1879;3647	152;1879;3647	1;12;23	153;112;112	sub-008_ses-101_task-s1;sub-008_ses-201_task-s1;sub-008_ses-301_task-s1	152	1	153	sub-008	ses-101	task-s1	1;2;3	1;1;1
892	893	892	893	3	3	trialwise	442;2127;3927	442;2127;3927	3;14;25	125;42;74	sub-008_ses-102_task-s3;sub-008_ses-201_task-s3;sub-008_ses-301_task-s3	442	3	125	sub-008	ses-102	task-s3	1;2;3	3;3;3
893	894	893	894	3	3	trialwise	1117;2912;4647	1117;2912;4647	8;19;30	8;35;2	sub-008_ses-103_task-s8;sub-008_ses-203_task-s8;sub-008_ses-303_task-s8	1117	8	8	sub-008	ses-103	task-s8	1;2;3	8;8;8
894	895	894	895	3	3	trialwise	838;2707;4406	838;2707;4406	6;17;28	45;146;77	sub-008_ses-103_task-s6;sub-008_ses-202_task-s6;sub-008_ses-303_task-s6	838	6	45	sub-008	ses-103	task-s6	1;2;3	6;6;6
895	896	895	896	3	3	trialwise	103;1840;3608	103;1840;3608	1;12;23	104;73;73	sub-008_ses-101_task-s1;sub-008_ses-201_task-s1;sub-008_ses-301_task-s1	103	1	104	sub-008	ses-101	task-s1	1;2;3	1;1;1
896	897	896	897	3	3	trialwise	1060;2732;4527	1060;2732;4527	7;18;29	109;13;40	sub-008_ses-103_task-s7;sub-008_ses-203_task-s7;sub-008_ses-303_task-s7	1060	7	109	sub-008	ses-103	task-s7	1;2;3	7;7;7
897	898	897	898	3	3	trialwise	451;2092;4012	451;2092;4012	3;14;25	134;7;159	sub-008_ses-102_task-s3;sub-008_ses-201_task-s3;sub-008_ses-301_task-s3	451	3	134	sub-008	ses-102	task-s3	1;2;3	3;3;3
898	899	898	899	3	3	trialwise	1115;2929;4766	1115;2929;4766	8;19;30	6;52;121	sub-008_ses-103_task-s8;sub-008_ses-203_task-s8;sub-008_ses-303_task-s8	1115	8	6	sub-008	ses-103	task-s8	1;2;3	8;8;8
899	900	899	900	3	3	trialwise	903;2652;4471	903;2652;4471	6;17;28	110;91;142	sub-008_ses-103_task-s6;sub-008_ses-202_task-s6;sub-008_ses-303_task-s6	903	6	110	sub-008	ses-103	task-s6	1;2;3	6;6;6
900	901	900	901	3	3	trialwise	865;2642;4410	865;2642;4410	6;17;28	72;81;81	sub-008_ses-103_task-s6;sub-008_ses-202_task-s6;sub-008_ses-303_task-s6	865	6	72	sub-008	ses-103	task-s6	1;2;3	6;6;6
901	902	901	902	3	3	trialwise	2;1779;3547	2;1779;3547	1;12;23	3;12;12	sub-008_ses-101_task-s1;sub-008_ses-201_task-s1;sub-008_ses-301_task-s1	2	1	3	sub-008	ses-101	task-s1	1;2;3	1;1;1
902	903	902	903	3	3	trialwise	653;2443;4282	653;2443;4282	5;16;27	18;40;111	sub-008_ses-102_task-s5;sub-008_ses-201_task-s5;sub-008_ses-303_task-s5	653	5	18	sub-008	ses-102	task-s5	1;2;3	5;5;5
903	904	903	904	3	3	trialwise	1232;2965;4679	1232;2965;4679	8;19;30	123;88;34	sub-008_ses-103_task-s8;sub-008_ses-203_task-s8;sub-008_ses-303_task-s8	1232	8	123	sub-008	ses-103	task-s8	1;2;3	8;8;8
904	905	904	905	3	3	trialwise	659;2514;4243	659;2514;4243	5;16;27	24;111;72	sub-008_ses-102_task-s5;sub-008_ses-201_task-s5;sub-008_ses-303_task-s5	659	5	24	sub-008	ses-102	task-s5	1;2;3	5;5;5
905	906	905	906	3	3	trialwise	660;2408;4183	660;2408;4183	5;16;27	25;5;12	sub-008_ses-102_task-s5;sub-008_ses-201_task-s5;sub-008_ses-303_task-s5	660	5	25	sub-008	ses-102	task-s5	1;2;3	5;5;5
906	907	906	907	3	3	trialwise	819;2643;4461	819;2643;4461	6;17;28	26;82;132	sub-008_ses-103_task-s6;sub-008_ses-202_task-s6;sub-008_ses-303_task-s6	819	6	26	sub-008	ses-103	task-s6	1;2;3	6;6;6
907	908	907	908	3	3	trialwise	570;2372;4114	570;2372;4114	4;15;26	94;128;102	sub-008_ses-102_task-s4;sub-008_ses-201_task-s4;sub-008_ses-302_task-s4	570	4	94	sub-008	ses-102	task-s4	1;2;3	4;4;4
908	909	908	909	3	3	trialwise	1178;3025;4769	1178;3025;4769	8;19;30	69;148;124	sub-008_ses-103_task-s8;sub-008_ses-203_task-s8;sub-008_ses-303_task-s8	1178	8	69	sub-008	ses-103	task-s8	1;2;3	8;8;8
909	910	909	910	3	3	trialwise	1199;2963;4754	1199;2963;4754	8;19;30	90;86;109	sub-008_ses-103_task-s8;sub-008_ses-203_task-s8;sub-008_ses-303_task-s8	1199	8	90	sub-008	ses-103	task-s8	1;2;3	8;8;8
910	911	910	911	3	3	trialwise	188;2058;3849	188;2058;3849	2;13;24	30;132;155	sub-008_ses-101_task-s2;sub-008_ses-201_task-s2;sub-008_ses-301_task-s2	188	2	30	sub-008	ses-101	task-s2	1;2;3	2;2;2
911	912	911	912	3	3	trialwise	439;2153;3898	439;2153;3898	3;14;25	122;68;45	sub-008_ses-102_task-s3;sub-008_ses-201_task-s3;sub-008_ses-301_task-s3	439	3	122	sub-008	ses-102	task-s3	1;2;3	3;3;3
912	913	912	913	3	3	trialwise	1214;2970;4764	1214;2970;4764	8;19;30	105;93;119	sub-008_ses-103_task-s8;sub-008_ses-203_task-s8;sub-008_ses-303_task-s8	1214	8	105	sub-008	ses-103	task-s8	1;2;3	8;8;8
913	914	913	914	3	3	trialwise	1187;2908;4671	1187;2908;4671	8;19;30	78;31;26	sub-008_ses-103_task-s8;sub-008_ses-203_task-s8;sub-008_ses-303_task-s8	1187	8	78	sub-008	ses-103	task-s8	1;2;3	8;8;8
914	915	914	915	3	3	trialwise	261;1944;3732	261;1944;3732	2;13;24	103;18;38	sub-008_ses-101_task-s2;sub-008_ses-201_task-s2;sub-008_ses-301_task-s2	261	2	103	sub-008	ses-101	task-s2	1;2;3	2;2;2
915	916	915	916	3	3	trialwise	1263;2983;4660	1263;2983;4660	8;19;30	154;106;15	sub-008_ses-103_task-s8;sub-008_ses-203_task-s8;sub-008_ses-303_task-s8	1263	8	154	sub-008	ses-103	task-s8	1;2;3	8;8;8
916	917	916	917	3	3	trialwise	1204;2974;4651	1204;2974;4651	8;19;30	95;97;6	sub-008_ses-103_task-s8;sub-008_ses-203_task-s8;sub-008_ses-303_task-s8	1204	8	95	sub-008	ses-103	task-s8	1;2;3	8;8;8
917	918	917	918	3	3	trialwise	491;2376;4032	491;2376;4032	4;15;26	15;132;20	sub-008_ses-102_task-s4;sub-008_ses-201_task-s4;sub-008_ses-302_task-s4	491	4	15	sub-008	ses-102	task-s4	1;2;3	4;4;4
918	919	918	919	3	3	trialwise	608;2308;4136	608;2308;4136	4;15;26	132;64;124	sub-008_ses-102_task-s4;sub-008_ses-201_task-s4;sub-008_ses-302_task-s4	608	4	132	sub-008	ses-102	task-s4	1;2;3	4;4;4
919	920	919	920	3	3	trialwise	26;1805;3573	26;1805;3573	1;12;23	27;38;38	sub-008_ses-101_task-s1;sub-008_ses-201_task-s1;sub-008_ses-301_task-s1	26	1	27	sub-008	ses-101	task-s1	1;2;3	1;1;1
920	921	920	921	3	3	trialwise	1140;3001;4666	1140;3001;4666	8;19;30	31;124;21	sub-008_ses-103_task-s8;sub-008_ses-203_task-s8;sub-008_ses-303_task-s8	1140	8	31	sub-008	ses-103	task-s8	1;2;3	8;8;8
921	922	921	922	3	3	trialwise	933;2637;4351	933;2637;4351	6;17;28	140;76;22	sub-008_ses-103_task-s6;sub-008_ses-202_task-s6;sub-008_ses-303_task-s6	933	6	140	sub-008	ses-103	task-s6	1;2;3	6;6;6
922	923	922	923	3	3	trialwise	1172;2977;4707	1172;2977;4707	8;19;30	63;100;62	sub-008_ses-103_task-s8;sub-008_ses-203_task-s8;sub-008_ses-303_task-s8	1172	8	63	sub-008	ses-103	task-s8	1;2;3	8;8;8
923	924	923	924	3	3	trialwise	472;2183;3916	472;2183;3916	3;14;25	155;98;63	sub-008_ses-102_task-s3;sub-008_ses-201_task-s3;sub-008_ses-301_task-s3	472	3	155	sub-008	ses-102	task-s3	1;2;3	3;3;3
924	925	924	925	3	3	trialwise	131;1909;3677	131;1909;3677	1;12;23	132;142;142	sub-008_ses-101_task-s1;sub-008_ses-201_task-s1;sub-008_ses-301_task-s1	131	1	132	sub-008	ses-101	task-s1	1;2;3	1;1;1
925	926	925	926	3	3	trialwise	377;2090;3862	377;2090;3862	3;14;25	60;5;9	sub-008_ses-102_task-s3;sub-008_ses-201_task-s3;sub-008_ses-301_task-s3	377	3	60	sub-008	ses-102	task-s3	1;2;3	3;3;3
926	927	926	927	3	3	trialwise	840;2705;4362	840;2705;4362	6;17;28	47;144;33	sub-008_ses-103_task-s6;sub-008_ses-202_task-s6;sub-008_ses-303_task-s6	840	6	47	sub-008	ses-103	task-s6	1;2;3	6;6;6
927	928	927	928	3	3	trialwise	408;2219;3874	408;2219;3874	3;14;25	91;134;21	sub-008_ses-102_task-s3;sub-008_ses-201_task-s3;sub-008_ses-301_task-s3	408	3	91	sub-008	ses-102	task-s3	1;2;3	3;3;3
928	929	928	929	3	3	trialwise	582;2393;4054	582;2393;4054	4;15;26	106;149;42	sub-008_ses-102_task-s4;sub-008_ses-201_task-s4;sub-008_ses-302_task-s4	582	4	106	sub-008	ses-102	task-s4	1;2;3	4;4;4
929	930	929	930	3	3	trialwise	223;2060;3763	223;2060;3763	2;13;24	65;134;69	sub-008_ses-101_task-s2;sub-008_ses-201_task-s2;sub-008_ses-301_task-s2	223	2	65	sub-008	ses-101	task-s2	1;2;3	2;2;2
930	931	930	931	3	3	trialwise	878;2623;4408	878;2623;4408	6;17;28	85;62;79	sub-008_ses-103_task-s6;sub-008_ses-202_task-s6;sub-008_ses-303_task-s6	878	6	85	sub-008	ses-103	task-s6	1;2;3	6;6;6
931	932	931	932	3	3	trialwise	682;2421;4209	682;2421;4209	5;16;27	47;18;38	sub-008_ses-102_task-s5;sub-008_ses-201_task-s5;sub-008_ses-303_task-s5	682	5	47	sub-008	ses-102	task-s5	1;2;3	5;5;5
932	933	932	933	3	3	trialwise	718;2527;4312	718;2527;4312	5;16;27	83;124;141	sub-008_ses-102_task-s5;sub-008_ses-201_task-s5;sub-008_ses-303_task-s5	718	5	83	sub-008	ses-102	task-s5	1;2;3	5;5;5
933	934	933	934	3	3	trialwise	631;2400;4116	631;2400;4116	4;15;26	155;156;104	sub-008_ses-102_task-s4;sub-008_ses-201_task-s4;sub-008_ses-302_task-s4	631	4	155	sub-008	ses-102	task-s4	1;2;3	4;4;4
934	935	934	935	3	3	trialwise	313;2002;3701	313;2002;3701	2;13;24	155;76;7	sub-008_ses-101_task-s2;sub-008_ses-201_task-s2;sub-008_ses-301_task-s2	313	2	155	sub-008	ses-101	task-s2	1;2;3	2;2;2
935	936	935	936	3	3	trialwise	186;1970;3799	186;1970;3799	2;13;24	28;44;105	sub-008_ses-101_task-s2;sub-008_ses-201_task-s2;sub-008_ses-301_task-s2	186	2	28	sub-008	ses-101	task-s2	1;2;3	2;2;2
936	937	936	937	3	3	trialwise	207;2000;3760	207;2000;3760	2;13;24	49;74;66	sub-008_ses-101_task-s2;sub-008_ses-201_task-s2;sub-008_ses-301_task-s2	207	2	49	sub-008	ses-101	task-s2	1;2;3	2;2;2
937	938	937	938	3	3	trialwise	1006;2783;4586	1006;2783;4586	7;18;29	55;64;99	sub-008_ses-103_task-s7;sub-008_ses-203_task-s7;sub-008_ses-303_task-s7	1006	7	55	sub-008	ses-103	task-s7	1;2;3	7;7;7
938	939	938	939	3	3	trialwise	1071;2765;4564	1071;2765;4564	7;18;29	120;46;77	sub-008_ses-103_task-s7;sub-008_ses-203_task-s7;sub-008_ses-303_task-s7	1071	7	120	sub-008	ses-103	task-s7	1;2;3	7;7;7
939	940	939	940	3	3	trialwise	625;2315;4095	625;2315;4095	4;15;26	149;71;83	sub-008_ses-102_task-s4;sub-008_ses-201_task-s4;sub-008_ses-302_task-s4	625	4	149	sub-008	ses-102	task-s4	1;2;3	4;4;4
940	941	940	941	3	3	trialwise	165;1981;3730	165;1981;3730	2;13;24	7;55;36	sub-008_ses-101_task-s2;sub-008_ses-201_task-s2;sub-008_ses-301_task-s2	165	2	7	sub-008	ses-101	task-s2	1;2;3	2;2;2
941	942	941	942	3	3	trialwise	609;2268;4047	609;2268;4047	4;15;26	133;24;35	sub-008_ses-102_task-s4;sub-008_ses-201_task-s4;sub-008_ses-302_task-s4	609	4	133	sub-008	ses-102	task-s4	1;2;3	4;4;4
942	943	942	943	3	3	trialwise	1180;2890;4753	1180;2890;4753	8;19;30	71;13;108	sub-008_ses-103_task-s8;sub-008_ses-203_task-s8;sub-008_ses-303_task-s8	1180	8	71	sub-008	ses-103	task-s8	1;2;3	8;8;8
943	944	943	944	3	3	trialwise	688;2445;4198	688;2445;4198	5;16;27	53;42;27	sub-008_ses-102_task-s5;sub-008_ses-201_task-s5;sub-008_ses-303_task-s5	688	5	53	sub-008	ses-102	task-s5	1;2;3	5;5;5
944	945	944	945	3	3	trialwise	579;2249;4064	579;2249;4064	4;15;26	103;5;52	sub-008_ses-102_task-s4;sub-008_ses-201_task-s4;sub-008_ses-302_task-s4	579	4	103	sub-008	ses-102	task-s4	1;2;3	4;4;4
945	946	945	946	3	3	trialwise	907;2575;4420	907;2575;4420	6;17;28	114;14;91	sub-008_ses-103_task-s6;sub-008_ses-202_task-s6;sub-008_ses-303_task-s6	907	6	114	sub-008	ses-103	task-s6	1;2;3	6;6;6
946	947	946	947	3	3	trialwise	213;1936;3751	213;1936;3751	2;13;24	55;10;57	sub-008_ses-101_task-s2;sub-008_ses-201_task-s2;sub-008_ses-301_task-s2	213	2	55	sub-008	ses-101	task-s2	1;2;3	2;2;2
947	948	947	948	3	3	trialwise	1086;2842;4571	1086;2842;4571	7;18;29	135;123;84	sub-008_ses-103_task-s7;sub-008_ses-203_task-s7;sub-008_ses-303_task-s7	1086	7	135	sub-008	ses-103	task-s7	1;2;3	7;7;7
948	949	948	949	3	3	trialwise	560;2283;4112	560;2283;4112	4;15;26	84;39;100	sub-008_ses-102_task-s4;sub-008_ses-201_task-s4;sub-008_ses-302_task-s4	560	4	84	sub-008	ses-102	task-s4	1;2;3	4;4;4
949	950	949	950	3	3	trialwise	322;2128;3924	322;2128;3924	3;14;25	5;43;71	sub-008_ses-102_task-s3;sub-008_ses-201_task-s3;sub-008_ses-301_task-s3	322	3	5	sub-008	ses-102	task-s3	1;2;3	3;3;3
950	951	950	951	3	3	trialwise	716;2479;4300	716;2479;4300	5;16;27	81;76;129	sub-008_ses-102_task-s5;sub-008_ses-201_task-s5;sub-008_ses-303_task-s5	716	5	81	sub-008	ses-102	task-s5	1;2;3	5;5;5
951	952	951	952	3	3	trialwise	549;2245;4100	549;2245;4100	4;15;26	73;1;88	sub-008_ses-102_task-s4;sub-008_ses-201_task-s4;sub-008_ses-302_task-s4	549	4	73	sub-008	ses-102	task-s4	1;2;3	4;4;4
952	953	952	953	3	3	trialwise	747;2439;4255	747;2439;4255	5;16;27	112;36;84	sub-008_ses-102_task-s5;sub-008_ses-201_task-s5;sub-008_ses-303_task-s5	747	5	112	sub-008	ses-102	task-s5	1;2;3	5;5;5
953	954	953	954	3	3	trialwise	164;2015;3716	164;2015;3716	2;13;24	6;89;22	sub-008_ses-101_task-s2;sub-008_ses-201_task-s2;sub-008_ses-301_task-s2	164	2	6	sub-008	ses-101	task-s2	1;2;3	2;2;2
954	955	954	955	3	3	trialwise	1235;2905;4717	1235;2905;4717	8;19;30	126;28;72	sub-008_ses-103_task-s8;sub-008_ses-203_task-s8;sub-008_ses-303_task-s8	1235	8	126	sub-008	ses-103	task-s8	1;2;3	8;8;8
955	956	955	956	3	3	trialwise	1166;2990;4654	1166;2990;4654	8;19;30	57;113;9	sub-008_ses-103_task-s8;sub-008_ses-203_task-s8;sub-008_ses-303_task-s8	1166	8	57	sub-008	ses-103	task-s8	1;2;3	8;8;8
956	957	956	957	3	3	trialwise	781;2552;4329	781;2552;4329	5;16;27	146;149;158	sub-008_ses-102_task-s5;sub-008_ses-201_task-s5;sub-008_ses-303_task-s5	781	5	146	sub-008	ses-102	task-s5	1;2;3	5;5;5
957	958	957	958	3	3	trialwise	74;1794;3562	74;1794;3562	1;12;23	75;27;27	sub-008_ses-101_task-s1;sub-008_ses-201_task-s1;sub-008_ses-301_task-s1	74	1	75	sub-008	ses-101	task-s1	1;2;3	1;1;1
958	959	958	959	3	3	trialwise	191;2041;3736	191;2041;3736	2;13;24	33;115;42	sub-008_ses-101_task-s2;sub-008_ses-201_task-s2;sub-008_ses-301_task-s2	191	2	33	sub-008	ses-101	task-s2	1;2;3	2;2;2
959	960	959	960	3	3	trialwise	1224;2999;4765	1224;2999;4765	8;19;30	115;122;120	sub-008_ses-103_task-s8;sub-008_ses-203_task-s8;sub-008_ses-303_task-s8	1224	8	115	sub-008	ses-103	task-s8	1;2;3	8;8;8
960	961	960	961	3	3	trialwise	480;2331;4078	480;2331;4078	4;15;26	4;87;66	sub-008_ses-102_task-s4;sub-008_ses-201_task-s4;sub-008_ses-302_task-s4	480	4	4	sub-008	ses-102	task-s4	1;2;3	4;4;4
961	962	961	962	3	3	trialwise	279;2075;3722	279;2075;3722	2;13;24	121;149;28	sub-008_ses-101_task-s2;sub-008_ses-201_task-s2;sub-008_ses-301_task-s2	279	2	121	sub-008	ses-101	task-s2	1;2;3	2;2;2
962	963	962	963	3	3	trialwise	788;2426;4182	788;2426;4182	5;16;27	153;23;11	sub-008_ses-102_task-s5;sub-008_ses-201_task-s5;sub-008_ses-303_task-s5	788	5	153	sub-008	ses-102	task-s5	1;2;3	5;5;5
963	964	963	964	3	3	trialwise	841;2574;4374	841;2574;4374	6;17;28	48;13;45	sub-008_ses-103_task-s6;sub-008_ses-202_task-s6;sub-008_ses-303_task-s6	841	6	48	sub-008	ses-103	task-s6	1;2;3	6;6;6
964	965	964	965	3	3	trialwise	421;2109;3934	421;2109;3934	3;14;25	104;24;81	sub-008_ses-102_task-s3;sub-008_ses-201_task-s3;sub-008_ses-301_task-s3	421	3	104	sub-008	ses-102	task-s3	1;2;3	3;3;3
965	966	965	966	3	3	trialwise	297;2001;3725	297;2001;3725	2;13;24	139;75;31	sub-008_ses-101_task-s2;sub-008_ses-201_task-s2;sub-008_ses-301_task-s2	297	2	139	sub-008	ses-101	task-s2	1;2;3	2;2;2
966	967	966	967	3	3	trialwise	744;2534;4241	744;2534;4241	5;16;27	109;131;70	sub-008_ses-102_task-s5;sub-008_ses-201_task-s5;sub-008_ses-303_task-s5	744	5	109	sub-008	ses-102	task-s5	1;2;3	5;5;5
967	968	967	968	3	3	trialwise	515;2359;4053	515;2359;4053	4;15;26	39;115;41	sub-008_ses-102_task-s4;sub-008_ses-201_task-s4;sub-008_ses-302_task-s4	515	4	39	sub-008	ses-102	task-s4	1;2;3	4;4;4
968	969	968	969	3	3	trialwise	547;2397;4030	547;2397;4030	4;15;26	71;153;18	sub-008_ses-102_task-s4;sub-008_ses-201_task-s4;sub-008_ses-302_task-s4	547	4	71	sub-008	ses-102	task-s4	1;2;3	4;4;4
969	970	969	970	3	3	trialwise	957;2787;4644	957;2787;4644	7;18;29	6;68;157	sub-008_ses-103_task-s7;sub-008_ses-203_task-s7;sub-008_ses-303_task-s7	957	7	6	sub-008	ses-103	task-s7	1;2;3	7;7;7
970	971	970	971	3	3	trialwise	484;2296;4077	484;2296;4077	4;15;26	8;52;65	sub-008_ses-102_task-s4;sub-008_ses-201_task-s4;sub-008_ses-302_task-s4	484	4	8	sub-008	ses-102	task-s4	1;2;3	4;4;4
971	972	971	972	3	3	trialwise	920;2714;4375	920;2714;4375	6;17;28	127;153;46	sub-008_ses-103_task-s6;sub-008_ses-202_task-s6;sub-008_ses-303_task-s6	920	6	127	sub-008	ses-103	task-s6	1;2;3	6;6;6
972	973	972	973	3	3	trialwise	654;2545;4187	654;2545;4187	5;16;27	19;142;16	sub-008_ses-102_task-s5;sub-008_ses-201_task-s5;sub-008_ses-303_task-s5	654	5	19	sub-008	ses-102	task-s5	1;2;3	5;5;5
973	974	973	974	3	3	trialwise	387;2120;3856	387;2120;3856	3;14;25	70;35;3	sub-008_ses-102_task-s3;sub-008_ses-201_task-s3;sub-008_ses-301_task-s3	387	3	70	sub-008	ses-102	task-s3	1;2;3	3;3;3
974	975	974	975	3	3	trialwise	18;1897;3665	18;1897;3665	1;12;23	19;130;130	sub-008_ses-101_task-s1;sub-008_ses-201_task-s1;sub-008_ses-301_task-s1	18	1	19	sub-008	ses-101	task-s1	1;2;3	1;1;1
975	976	975	976	3	3	trialwise	619;2365;4024	619;2365;4024	4;15;26	143;121;12	sub-008_ses-102_task-s4;sub-008_ses-201_task-s4;sub-008_ses-302_task-s4	619	4	143	sub-008	ses-102	task-s4	1;2;3	4;4;4
976	977	976	977	3	3	trialwise	573;2326;4018	573;2326;4018	4;15;26	97;82;6	sub-008_ses-102_task-s4;sub-008_ses-201_task-s4;sub-008_ses-302_task-s4	573	4	97	sub-008	ses-102	task-s4	1;2;3	4;4;4
977	978	977	978	3	3	trialwise	46;1852;3620	46;1852;3620	1;12;23	47;85;85	sub-008_ses-101_task-s1;sub-008_ses-201_task-s1;sub-008_ses-301_task-s1	46	1	47	sub-008	ses-101	task-s1	1;2;3	1;1;1
978	979	978	979	3	3	trialwise	1158;2960;4732	1158;2960;4732	8;19;30	49;83;87	sub-008_ses-103_task-s8;sub-008_ses-203_task-s8;sub-008_ses-303_task-s8	1158	8	49	sub-008	ses-103	task-s8	1;2;3	8;8;8
979	980	979	980	3	3	trialwise	110;1926;3694	110;1926;3694	1;12;23	111;159;159	sub-008_ses-101_task-s1;sub-008_ses-201_task-s1;sub-008_ses-301_task-s1	110	1	111	sub-008	ses-101	task-s1	1;2;3	1;1;1
980	981	980	981	3	3	trialwise	65;1778;3546	65;1778;3546	1;12;23	66;11;11	sub-008_ses-101_task-s1;sub-008_ses-201_task-s1;sub-008_ses-301_task-s1	65	1	66	sub-008	ses-101	task-s1	1;2;3	1;1;1
981	982	981	982	3	3	trialwise	7;1838;3606	7;1838;3606	1;12;23	8;71;71	sub-008_ses-101_task-s1;sub-008_ses-201_task-s1;sub-008_ses-301_task-s1	7	1	8	sub-008	ses-101	task-s1	1;2;3	1;1;1
982	983	982	983	3	3	trialwise	699;2540;4326	699;2540;4326	5;16;27	64;137;155	sub-008_ses-102_task-s5;sub-008_ses-201_task-s5;sub-008_ses-303_task-s5	699	5	64	sub-008	ses-102	task-s5	1;2;3	5;5;5
983	984	983	984	3	3	trialwise	915;2588;4380	915;2588;4380	6;17;28	122;27;51	sub-008_ses-103_task-s6;sub-008_ses-202_task-s6;sub-008_ses-303_task-s6	915	6	122	sub-008	ses-103	task-s6	1;2;3	6;6;6
984	985	984	985	3	3	trialwise	420;2168;3868	420;2168;3868	3;14;25	103;83;15	sub-008_ses-102_task-s3;sub-008_ses-201_task-s3;sub-008_ses-301_task-s3	420	3	103	sub-008	ses-102	task-s3	1;2;3	3;3;3
985	986	985	986	3	3	trialwise	745;2465;4172	745;2465;4172	5;16;27	110;62;1	sub-008_ses-102_task-s5;sub-008_ses-201_task-s5;sub-008_ses-303_task-s5	745	5	110	sub-008	ses-102	task-s5	1;2;3	5;5;5
986	987	986	987	3	3	trialwise	559;2290;4160	559;2290;4160	4;15;26	83;46;148	sub-008_ses-102_task-s4;sub-008_ses-201_task-s4;sub-008_ses-302_task-s4	559	4	83	sub-008	ses-102	task-s4	1;2;3	4;4;4
987	988	987	988	3	3	trialwise	346;2145;3985	346;2145;3985	3;14;25	29;60;132	sub-008_ses-102_task-s3;sub-008_ses-201_task-s3;sub-008_ses-301_task-s3	346	3	29	sub-008	ses-102	task-s3	1;2;3	3;3;3
988	989	988	989	3	3	trialwise	904;2572;4424	904;2572;4424	6;17;28	111;11;95	sub-008_ses-103_task-s6;sub-008_ses-202_task-s6;sub-008_ses-303_task-s6	904	6	111	sub-008	ses-103	task-s6	1;2;3	6;6;6
989	990	989	990	3	3	trialwise	998;2859;4560	998;2859;4560	7;18;29	47;140;73	sub-008_ses-103_task-s7;sub-008_ses-203_task-s7;sub-008_ses-303_task-s7	998	7	47	sub-008	ses-103	task-s7	1;2;3	7;7;7
990	991	990	991	3	3	trialwise	1146;2934;4790	1146;2934;4790	8;19;30	37;57;145	sub-008_ses-103_task-s8;sub-008_ses-203_task-s8;sub-008_ses-303_task-s8	1146	8	37	sub-008	ses-103	task-s8	1;2;3	8;8;8
991	992	991	992	3	3	trialwise	1200;2885;4729	1200;2885;4729	8;19;30	91;8;84	sub-008_ses-103_task-s8;sub-008_ses-203_task-s8;sub-008_ses-303_task-s8	1200	8	91	sub-008	ses-103	task-s8	1;2;3	8;8;8
992	993	992	993	3	3	trialwise	689;2516;4289	689;2516;4289	5;16;27	54;113;118	sub-008_ses-102_task-s5;sub-008_ses-201_task-s5;sub-008_ses-303_task-s5	689	5	54	sub-008	ses-102	task-s5	1;2;3	5;5;5
993	994	993	994	3	3	trialwise	884;2684;4366	884;2684;4366	6;17;28	91;123;37	sub-008_ses-103_task-s6;sub-008_ses-202_task-s6;sub-008_ses-303_task-s6	884	6	91	sub-008	ses-103	task-s6	1;2;3	6;6;6
994	995	994	995	3	3	trialwise	954;2752;4561	954;2752;4561	7;18;29	3;33;74	sub-008_ses-103_task-s7;sub-008_ses-203_task-s7;sub-008_ses-303_task-s7	954	7	3	sub-008	ses-103	task-s7	1;2;3	7;7;7
995	996	995	996	3	3	trialwise	791;2543;4298	791;2543;4298	5;16;27	156;140;127	sub-008_ses-102_task-s5;sub-008_ses-201_task-s5;sub-008_ses-303_task-s5	791	5	156	sub-008	ses-102	task-s5	1;2;3	5;5;5
996	997	996	997	3	3	trialwise	1188;2969;4733	1188;2969;4733	8;19;30	79;92;88	sub-008_ses-103_task-s8;sub-008_ses-203_task-s8;sub-008_ses-303_task-s8	1188	8	79	sub-008	ses-103	task-s8	1;2;3	8;8;8
997	998	997	998	3	3	trialwise	336;2089;4008	336;2089;4008	3;14;25	19;4;155	sub-008_ses-102_task-s3;sub-008_ses-201_task-s3;sub-008_ses-301_task-s3	336	3	19	sub-008	ses-102	task-s3	1;2;3	3;3;3
998	999	998	999	3	3	trialwise	507;2369;4089	507;2369;4089	4;15;26	31;125;77	sub-008_ses-102_task-s4;sub-008_ses-201_task-s4;sub-008_ses-302_task-s4	507	4	31	sub-008	ses-102	task-s4	1;2;3	4;4;4
999	1000	999	1000	3	3	trialwise	1014;2767;4582	1014;2767;4582	7;18;29	63;48;95	sub-008_ses-103_task-s7;sub-008_ses-203_task-s7;sub-008_ses-303_task-s7	1014	7	63	sub-008	ses-103	task-s7	1;2;3	7;7;7
1000	1001	1000	1001	3	3	trialwise	596;2345;4126	596;2345;4126	4;15;26	120;101;114	sub-008_ses-102_task-s4;sub-008_ses-201_task-s4;sub-008_ses-302_task-s4	596	4	120	sub-008	ses-102	task-s4	1;2;3	4;4;4
1001	1002	1001	1002	3	3	trialwise	1004;2744;4504	1004;2744;4504	7;18;29	53;25;17	sub-008_ses-103_task-s7;sub-008_ses-203_task-s7;sub-008_ses-303_task-s7	1004	7	53	sub-008	ses-103	task-s7	1;2;3	7;7;7
1002	1003	1002	1003	3	3	trialwise	473;2126;3858	473;2126;3858	3;14;25	156;41;5	sub-008_ses-102_task-s3;sub-008_ses-201_task-s3;sub-008_ses-301_task-s3	473	3	156	sub-008	ses-102	task-s3	1;2;3	3;3;3
1003	1004	1003	1004	3	3	trialwise	546;2360;4069	546;2360;4069	4;15;26	70;116;57	sub-008_ses-102_task-s4;sub-008_ses-201_task-s4;sub-008_ses-302_task-s4	546	4	70	sub-008	ses-102	task-s4	1;2;3	4;4;4
1004	1005	1004	1005	3	3	trialwise	934;2570;4389	934;2570;4389	6;17;28	141;9;60	sub-008_ses-103_task-s6;sub-008_ses-202_task-s6;sub-008_ses-303_task-s6	934	6	141	sub-008	ses-103	task-s6	1;2;3	6;6;6
1005	1006	1005	1006	3	3	trialwise	587;2358;4157	587;2358;4157	4;15;26	111;114;145	sub-008_ses-102_task-s4;sub-008_ses-201_task-s4;sub-008_ses-302_task-s4	587	4	111	sub-008	ses-102	task-s4	1;2;3	4;4;4
1006	1007	1006	1007	3	3	trialwise	641;2481;4305	641;2481;4305	5;16;27	6;78;134	sub-008_ses-102_task-s5;sub-008_ses-201_task-s5;sub-008_ses-303_task-s5	641	5	6	sub-008	ses-102	task-s5	1;2;3	5;5;5
1007	1008	1007	1008	3	3	trialwise	335;2239;3950	335;2239;3950	3;14;25	18;154;97	sub-008_ses-102_task-s3;sub-008_ses-201_task-s3;sub-008_ses-301_task-s3	335	3	18	sub-008	ses-102	task-s3	1;2;3	3;3;3
1008	1009	1008	1009	3	3	trialwise	635;2374;4087	635;2374;4087	4;15;26	159;130;75	sub-008_ses-102_task-s4;sub-008_ses-201_task-s4;sub-008_ses-302_task-s4	635	4	159	sub-008	ses-102	task-s4	1;2;3	4;4;4
1009	1010	1009	1010	3	3	trialwise	27;1783;3551	27;1783;3551	1;12;23	28;16;16	sub-008_ses-101_task-s1;sub-008_ses-201_task-s1;sub-008_ses-301_task-s1	27	1	28	sub-008	ses-101	task-s1	1;2;3	1;1;1
1010	1011	1010	1011	3	3	trialwise	1047;2740;4618	1047;2740;4618	7;18;29	96;21;131	sub-008_ses-103_task-s7;sub-008_ses-203_task-s7;sub-008_ses-303_task-s7	1047	7	96	sub-008	ses-103	task-s7	1;2;3	7;7;7
1011	1012	1011	1012	3	3	trialwise	662;2519;4184	662;2519;4184	5;16;27	27;116;13	sub-008_ses-102_task-s5;sub-008_ses-201_task-s5;sub-008_ses-303_task-s5	662	5	27	sub-008	ses-102	task-s5	1;2;3	5;5;5
1012	1013	1012	1013	3	3	trialwise	1153;2930;4784	1153;2930;4784	8;19;30	44;53;139	sub-008_ses-103_task-s8;sub-008_ses-203_task-s8;sub-008_ses-303_task-s8	1153	8	44	sub-008	ses-103	task-s8	1;2;3	8;8;8
1013	1014	1013	1014	3	3	trialwise	159;2011;3748	159;2011;3748	2;13;24	1;85;54	sub-008_ses-101_task-s2;sub-008_ses-201_task-s2;sub-008_ses-301_task-s2	159	2	1	sub-008	ses-101	task-s2	1;2;3	2;2;2
1014	1015	1014	1015	3	3	trialwise	352;2201;3975	352;2201;3975	3;14;25	35;116;122	sub-008_ses-102_task-s3;sub-008_ses-201_task-s3;sub-008_ses-301_task-s3	352	3	35	sub-008	ses-102	task-s3	1;2;3	3;3;3
1015	1016	1015	1016	3	3	trialwise	671;2485;4235	671;2485;4235	5;16;27	36;82;64	sub-008_ses-102_task-s5;sub-008_ses-201_task-s5;sub-008_ses-303_task-s5	671	5	36	sub-008	ses-102	task-s5	1;2;3	5;5;5
1016	1017	1016	1017	3	3	trialwise	25;1923;3691	25;1923;3691	1;12;23	26;156;156	sub-008_ses-101_task-s1;sub-008_ses-201_task-s1;sub-008_ses-301_task-s1	25	1	26	sub-008	ses-101	task-s1	1;2;3	1;1;1
1017	1018	1017	1018	3	3	trialwise	953;2854;4506	953;2854;4506	7;18;29	2;135;19	sub-008_ses-103_task-s7;sub-008_ses-203_task-s7;sub-008_ses-303_task-s7	953	7	2	sub-008	ses-103	task-s7	1;2;3	7;7;7
1018	1019	1018	1019	3	3	trialwise	601;2311;4108	601;2311;4108	4;15;26	125;67;96	sub-008_ses-102_task-s4;sub-008_ses-201_task-s4;sub-008_ses-302_task-s4	601	4	125	sub-008	ses-102	task-s4	1;2;3	4;4;4
1019	1020	1019	1020	3	3	trialwise	1176;2986;4655	1176;2986;4655	8;19;30	67;109;10	sub-008_ses-103_task-s8;sub-008_ses-203_task-s8;sub-008_ses-303_task-s8	1176	8	67	sub-008	ses-103	task-s8	1;2;3	8;8;8
1020	1021	1020	1021	3	3	trialwise	876;2565;4368	876;2565;4368	6;17;28	83;4;39	sub-008_ses-103_task-s6;sub-008_ses-202_task-s6;sub-008_ses-303_task-s6	876	6	83	sub-008	ses-103	task-s6	1;2;3	6;6;6
1021	1022	1021	1022	3	3	trialwise	927;2679;4435	927;2679;4435	6;17;28	134;118;106	sub-008_ses-103_task-s6;sub-008_ses-202_task-s6;sub-008_ses-303_task-s6	927	6	134	sub-008	ses-103	task-s6	1;2;3	6;6;6
1022	1023	1022	1023	3	3	trialwise	97;1768;3536	97;1768;3536	1;12;23	98;1;1	sub-008_ses-101_task-s1;sub-008_ses-201_task-s1;sub-008_ses-301_task-s1	97	1	98	sub-008	ses-101	task-s1	1;2;3	1;1;1
1023	1024	1023	1024	3	3	trialwise	1137;2914;4793	1137;2914;4793	8;19;30	28;37;148	sub-008_ses-103_task-s8;sub-008_ses-203_task-s8;sub-008_ses-303_task-s8	1137	8	28	sub-008	ses-103	task-s8	1;2;3	8;8;8
1024	1025	1024	1025	3	3	trialwise	304;2070;3847	304;2070;3847	2;13;24	146;144;153	sub-008_ses-101_task-s2;sub-008_ses-201_task-s2;sub-008_ses-301_task-s2	304	2	146	sub-008	ses-101	task-s2	1;2;3	2;2;2
1025	1026	1025	1026	3	3	trialwise	810;2698;4361	810;2698;4361	6;17;28	17;137;32	sub-008_ses-103_task-s6;sub-008_ses-202_task-s6;sub-008_ses-303_task-s6	810	6	17	sub-008	ses-103	task-s6	1;2;3	6;6;6
1026	1027	1026	1027	3	3	trialwise	1046;2810;4520	1046;2810;4520	7;18;29	95;91;33	sub-008_ses-103_task-s7;sub-008_ses-203_task-s7;sub-008_ses-303_task-s7	1046	7	95	sub-008	ses-103	task-s7	1;2;3	7;7;7
1027	1028	1027	1028	3	3	trialwise	495;2301;4042	495;2301;4042	4;15;26	19;57;30	sub-008_ses-102_task-s4;sub-008_ses-201_task-s4;sub-008_ses-302_task-s4	495	4	19	sub-008	ses-102	task-s4	1;2;3	4;4;4
1028	1029	1028	1029	3	3	trialwise	58;1886;3654	58;1886;3654	1;12;23	59;119;119	sub-008_ses-101_task-s1;sub-008_ses-201_task-s1;sub-008_ses-301_task-s1	58	1	59	sub-008	ses-101	task-s1	1;2;3	1;1;1
1029	1030	1029	1030	3	3	trialwise	681;2452;4217	681;2452;4217	5;16;27	46;49;46	sub-008_ses-102_task-s5;sub-008_ses-201_task-s5;sub-008_ses-303_task-s5	681	5	46	sub-008	ses-102	task-s5	1;2;3	5;5;5
1030	1031	1030	1031	3	3	trialwise	476;2155;3873	476;2155;3873	3;14;25	159;70;20	sub-008_ses-102_task-s3;sub-008_ses-201_task-s3;sub-008_ses-301_task-s3	476	3	159	sub-008	ses-102	task-s3	1;2;3	3;3;3
1031	1032	1031	1032	3	3	trialwise	130;1895;3663	130;1895;3663	1;12;23	131;128;128	sub-008_ses-101_task-s1;sub-008_ses-201_task-s1;sub-008_ses-301_task-s1	130	1	131	sub-008	ses-101	task-s1	1;2;3	1;1;1
1032	1033	1032	1033	3	3	trialwise	134;1902;3670	134;1902;3670	1;12;23	135;135;135	sub-008_ses-101_task-s1;sub-008_ses-201_task-s1;sub-008_ses-301_task-s1	134	1	135	sub-008	ses-101	task-s1	1;2;3	1;1;1
1033	1034	1033	1034	3	3	trialwise	711;2551;4294	711;2551;4294	5;16;27	76;148;123	sub-008_ses-102_task-s5;sub-008_ses-201_task-s5;sub-008_ses-303_task-s5	711	5	76	sub-008	ses-102	task-s5	1;2;3	5;5;5
1034	1035	1034	1035	3	3	trialwise	371;2154;4009	371;2154;4009	3;14;25	54;69;156	sub-008_ses-102_task-s3;sub-008_ses-201_task-s3;sub-008_ses-301_task-s3	371	3	54	sub-008	ses-102	task-s3	1;2;3	3;3;3
1035	1036	1035	1036	3	3	trialwise	170;1931;3740	170;1931;3740	2;13;24	12;5;46	sub-008_ses-101_task-s2;sub-008_ses-201_task-s2;sub-008_ses-301_task-s2	170	2	12	sub-008	ses-101	task-s2	1;2;3	2;2;2
1036	1037	1036	1037	3	3	trialwise	1151;2984;4708	1151;2984;4708	8;19;30	42;107;63	sub-008_ses-103_task-s8;sub-008_ses-203_task-s8;sub-008_ses-303_task-s8	1151	8	42	sub-008	ses-103	task-s8	1;2;3	8;8;8
1037	1038	1037	1038	3	3	trialwise	181;2082;3843	181;2082;3843	2;13;24	23;156;149	sub-008_ses-101_task-s2;sub-008_ses-201_task-s2;sub-008_ses-301_task-s2	181	2	23	sub-008	ses-101	task-s2	1;2;3	2;2;2
1038	1039	1038	1039	3	3	trialwise	926;2691;4476	926;2691;4476	6;17;28	133;130;147	sub-008_ses-103_task-s6;sub-008_ses-202_task-s6;sub-008_ses-303_task-s6	926	6	133	sub-008	ses-103	task-s6	1;2;3	6;6;6
1039	1040	1039	1040	3	3	trialwise	856;2694;4468	856;2694;4468	6;17;28	63;133;139	sub-008_ses-103_task-s6;sub-008_ses-202_task-s6;sub-008_ses-303_task-s6	856	6	63	sub-008	ses-103	task-s6	1;2;3	6;6;6
1040	1041	1040	1041	3	3	trialwise	611;2396;4071	611;2396;4071	4;15;26	135;152;59	sub-008_ses-102_task-s4;sub-008_ses-201_task-s4;sub-008_ses-302_task-s4	611	4	135	sub-008	ses-102	task-s4	1;2;3	4;4;4
1041	1042	1041	1042	3	3	trialwise	963;2807;4583	963;2807;4583	7;18;29	12;88;96	sub-008_ses-103_task-s7;sub-008_ses-203_task-s7;sub-008_ses-303_task-s7	963	7	12	sub-008	ses-103	task-s7	1;2;3	7;7;7
1042	1043	1042	1043	3	3	trialwise	1192;2980;4686	1192;2980;4686	8;19;30	83;103;41	sub-008_ses-103_task-s8;sub-008_ses-203_task-s8;sub-008_ses-303_task-s8	1192	8	83	sub-008	ses-103	task-s8	1;2;3	8;8;8
1043	1044	1043	1044	3	3	trialwise	118;1780;3548	118;1780;3548	1;12;23	119;13;13	sub-008_ses-101_task-s1;sub-008_ses-201_task-s1;sub-008_ses-301_task-s1	118	1	119	sub-008	ses-101	task-s1	1;2;3	1;1;1
1044	1045	1044	1045	3	3	trialwise	167;1963;3735	167;1963;3735	2;13;24	9;37;41	sub-008_ses-101_task-s2;sub-008_ses-201_task-s2;sub-008_ses-301_task-s2	167	2	9	sub-008	ses-101	task-s2	1;2;3	2;2;2
1045	1046	1045	1046	3	3	trialwise	498;2289;4133	498;2289;4133	4;15;26	22;45;121	sub-008_ses-102_task-s4;sub-008_ses-201_task-s4;sub-008_ses-302_task-s4	498	4	22	sub-008	ses-102	task-s4	1;2;3	4;4;4
1046	1047	1046	1047	3	3	trialwise	342;2087;3986	342;2087;3986	3;14;25	25;2;133	sub-008_ses-102_task-s3;sub-008_ses-201_task-s3;sub-008_ses-301_task-s3	342	3	25	sub-008	ses-102	task-s3	1;2;3	3;3;3
1047	1048	1047	1048	3	3	trialwise	538;2282;4124	538;2282;4124	4;15;26	62;38;112	sub-008_ses-102_task-s4;sub-008_ses-201_task-s4;sub-008_ses-302_task-s4	538	4	62	sub-008	ses-102	task-s4	1;2;3	4;4;4
1048	1049	1048	1049	3	3	trialwise	474;2137;3962	474;2137;3962	3;14;25	157;52;109	sub-008_ses-102_task-s3;sub-008_ses-201_task-s3;sub-008_ses-301_task-s3	474	3	157	sub-008	ses-102	task-s3	1;2;3	3;3;3
1049	1050	1049	1050	3	3	trialwise	647;2521;4239	647;2521;4239	5;16;27	12;118;68	sub-008_ses-102_task-s5;sub-008_ses-201_task-s5;sub-008_ses-303_task-s5	647	5	12	sub-008	ses-102	task-s5	1;2;3	5;5;5
1050	1051	1050	1051	3	3	trialwise	21;1832;3600	21;1832;3600	1;12;23	22;65;65	sub-008_ses-101_task-s1;sub-008_ses-201_task-s1;sub-008_ses-301_task-s1	21	1	22	sub-008	ses-101	task-s1	1;2;3	1;1;1
1051	1052	1051	1052	3	3	trialwise	944;2628;4451	944;2628;4451	6;17;28	151;67;122	sub-008_ses-103_task-s6;sub-008_ses-202_task-s6;sub-008_ses-303_task-s6	944	6	151	sub-008	ses-103	task-s6	1;2;3	6;6;6
1052	1053	1052	1053	3	3	trialwise	272;2055;3806	272;2055;3806	2;13;24	114;129;112	sub-008_ses-101_task-s2;sub-008_ses-201_task-s2;sub-008_ses-301_task-s2	272	2	114	sub-008	ses-101	task-s2	1;2;3	2;2;2
1053	1054	1053	1054	3	3	trialwise	250;1995;3715	250;1995;3715	2;13;24	92;69;21	sub-008_ses-101_task-s2;sub-008_ses-201_task-s2;sub-008_ses-301_task-s2	250	2	92	sub-008	ses-101	task-s2	1;2;3	2;2;2
1054	1055	1054	1055	3	3	trialwise	809;2611;4347	809;2611;4347	6;17;28	16;50;18	sub-008_ses-103_task-s6;sub-008_ses-202_task-s6;sub-008_ses-303_task-s6	809	6	16	sub-008	ses-103	task-s6	1;2;3	6;6;6
1055	1056	1055	1056	3	3	trialwise	873;2692;4367	873;2692;4367	6;17;28	80;131;38	sub-008_ses-103_task-s6;sub-008_ses-202_task-s6;sub-008_ses-303_task-s6	873	6	80	sub-008	ses-103	task-s6	1;2;3	6;6;6
1056	1057	1056	1057	3	3	trialwise	301;2083;3729	301;2083;3729	2;13;24	143;157;35	sub-008_ses-101_task-s2;sub-008_ses-201_task-s2;sub-008_ses-301_task-s2	301	2	143	sub-008	ses-101	task-s2	1;2;3	2;2;2
1057	1058	1057	1058	3	3	trialwise	1233;2946;4725	1233;2946;4725	8;19;30	124;69;80	sub-008_ses-103_task-s8;sub-008_ses-203_task-s8;sub-008_ses-303_task-s8	1233	8	124	sub-008	ses-103	task-s8	1;2;3	8;8;8
1058	1059	1058	1059	3	3	trialwise	347;2222;3946	347;2222;3946	3;14;25	30;137;93	sub-008_ses-102_task-s3;sub-008_ses-201_task-s3;sub-008_ses-301_task-s3	347	3	30	sub-008	ses-102	task-s3	1;2;3	3;3;3
1059	1060	1059	1060	3	3	trialwise	969;2743;4500	969;2743;4500	7;18;29	18;24;13	sub-008_ses-103_task-s7;sub-008_ses-203_task-s7;sub-008_ses-303_task-s7	969	7	18	sub-008	ses-103	task-s7	1;2;3	7;7;7
1060	1061	1060	1061	3	3	trialwise	257;2020;3757	257;2020;3757	2;13;24	99;94;63	sub-008_ses-101_task-s2;sub-008_ses-201_task-s2;sub-008_ses-301_task-s2	257	2	99	sub-008	ses-101	task-s2	1;2;3	2;2;2
1061	1062	1061	1062	3	3	trialwise	775;2411;4311	775;2411;4311	5;16;27	140;8;140	sub-008_ses-102_task-s5;sub-008_ses-201_task-s5;sub-008_ses-303_task-s5	775	5	140	sub-008	ses-102	task-s5	1;2;3	5;5;5
1062	1063	1062	1063	3	3	trialwise	76;1813;3581	76;1813;3581	1;12;23	77;46;46	sub-008_ses-101_task-s1;sub-008_ses-201_task-s1;sub-008_ses-301_task-s1	76	1	77	sub-008	ses-101	task-s1	1;2;3	1;1;1
1063	1064	1063	1064	3	3	trialwise	1264;2942;4719	1264;2942;4719	8;19;30	155;65;74	sub-008_ses-103_task-s8;sub-008_ses-203_task-s8;sub-008_ses-303_task-s8	1264	8	155	sub-008	ses-103	task-s8	1;2;3	8;8;8
1064	1065	1064	1065	3	3	trialwise	294;1968;3758	294;1968;3758	2;13;24	136;42;64	sub-008_ses-101_task-s2;sub-008_ses-201_task-s2;sub-008_ses-301_task-s2	294	2	136	sub-008	ses-101	task-s2	1;2;3	2;2;2
1065	1066	1065	1066	3	3	trialwise	1267;2945;4749	1267;2945;4749	8;19;30	158;68;104	sub-008_ses-103_task-s8;sub-008_ses-203_task-s8;sub-008_ses-303_task-s8	1267	8	158	sub-008	ses-103	task-s8	1;2;3	8;8;8
1066	1067	1066	1067	3	3	trialwise	886;2688;4343	886;2688;4343	6;17;28	93;127;14	sub-008_ses-103_task-s6;sub-008_ses-202_task-s6;sub-008_ses-303_task-s6	886	6	93	sub-008	ses-103	task-s6	1;2;3	6;6;6
1067	1068	1067	1068	3	3	trialwise	599;2266;4055	599;2266;4055	4;15;26	123;22;43	sub-008_ses-102_task-s4;sub-008_ses-201_task-s4;sub-008_ses-302_task-s4	599	4	123	sub-008	ses-102	task-s4	1;2;3	4;4;4
1068	1069	1068	1069	3	3	trialwise	62;1891;3659	62;1891;3659	1;12;23	63;124;124	sub-008_ses-101_task-s1;sub-008_ses-201_task-s1;sub-008_ses-301_task-s1	62	1	63	sub-008	ses-101	task-s1	1;2;3	1;1;1
1069	1070	1069	1070	3	3	trialwise	372;2200;3915	372;2200;3915	3;14;25	55;115;62	sub-008_ses-102_task-s3;sub-008_ses-201_task-s3;sub-008_ses-301_task-s3	372	3	55	sub-008	ses-102	task-s3	1;2;3	3;3;3
1070	1071	1070	1071	3	3	trialwise	942;2586;4450	942;2586;4450	6;17;28	149;25;121	sub-008_ses-103_task-s6;sub-008_ses-202_task-s6;sub-008_ses-303_task-s6	942	6	149	sub-008	ses-103	task-s6	1;2;3	6;6;6
1071	1072	1071	1072	3	3	trialwise	262;2032;3818	262;2032;3818	2;13;24	104;106;124	sub-008_ses-101_task-s2;sub-008_ses-201_task-s2;sub-008_ses-301_task-s2	262	2	104	sub-008	ses-101	task-s2	1;2;3	2;2;2
1072	1073	1072	1073	3	3	trialwise	843;2636;4443	843;2636;4443	6;17;28	50;75;114	sub-008_ses-103_task-s6;sub-008_ses-202_task-s6;sub-008_ses-303_task-s6	843	6	50	sub-008	ses-103	task-s6	1;2;3	6;6;6
1073	1074	1073	1074	3	3	trialwise	829;2657;4336	829;2657;4336	6;17;28	36;96;7	sub-008_ses-103_task-s6;sub-008_ses-202_task-s6;sub-008_ses-303_task-s6	829	6	36	sub-008	ses-103	task-s6	1;2;3	6;6;6
1074	1075	1074	1075	3	3	trialwise	755;2442;4204	755;2442;4204	5;16;27	120;39;33	sub-008_ses-102_task-s5;sub-008_ses-201_task-s5;sub-008_ses-303_task-s5	755	5	120	sub-008	ses-102	task-s5	1;2;3	5;5;5
1075	1076	1075	1076	3	3	trialwise	1186;2918;4696	1186;2918;4696	8;19;30	77;41;51	sub-008_ses-103_task-s8;sub-008_ses-203_task-s8;sub-008_ses-303_task-s8	1186	8	77	sub-008	ses-103	task-s8	1;2;3	8;8;8
1076	1077	1076	1077	3	3	trialwise	1191;2895;4714	1191;2895;4714	8;19;30	82;18;69	sub-008_ses-103_task-s8;sub-008_ses-203_task-s8;sub-008_ses-303_task-s8	1191	8	82	sub-008	ses-103	task-s8	1;2;3	8;8;8
1077	1078	1077	1078	3	3	trialwise	914;2715;4454	914;2715;4454	6;17;28	121;154;125	sub-008_ses-103_task-s6;sub-008_ses-202_task-s6;sub-008_ses-303_task-s6	914	6	121	sub-008	ses-103	task-s6	1;2;3	6;6;6
1078	1079	1078	1079	3	3	trialwise	540;2269;4168	540;2269;4168	4;15;26	64;25;156	sub-008_ses-102_task-s4;sub-008_ses-201_task-s4;sub-008_ses-302_task-s4	540	4	64	sub-008	ses-102	task-s4	1;2;3	4;4;4
1079	1080	1079	1080	3	3	trialwise	1085;2852;4630	1085;2852;4630	7;18;29	134;133;143	sub-008_ses-103_task-s7;sub-008_ses-203_task-s7;sub-008_ses-303_task-s7	1085	7	134	sub-008	ses-103	task-s7	1;2;3	7;7;7
1080	1081	1080	1081	3	3	trialwise	1201;2915;4752	1201;2915;4752	8;19;30	92;38;107	sub-008_ses-103_task-s8;sub-008_ses-203_task-s8;sub-008_ses-303_task-s8	1201	8	92	sub-008	ses-103	task-s8	1;2;3	8;8;8
1081	1082	1081	1082	3	3	trialwise	663;2419;4219	663;2419;4219	5;16;27	28;16;48	sub-008_ses-102_task-s5;sub-008_ses-201_task-s5;sub-008_ses-303_task-s5	663	5	28	sub-008	ses-102	task-s5	1;2;3	5;5;5
1082	1083	1082	1083	3	3	trialwise	935;2604;4348	935;2604;4348	6;17;28	142;43;19	sub-008_ses-103_task-s6;sub-008_ses-202_task-s6;sub-008_ses-303_task-s6	935	6	142	sub-008	ses-103	task-s6	1;2;3	6;6;6
1083	1084	1083	1084	3	3	trialwise	193;1948;3798	193;1948;3798	2;13;24	35;22;104	sub-008_ses-101_task-s2;sub-008_ses-201_task-s2;sub-008_ses-301_task-s2	193	2	35	sub-008	ses-101	task-s2	1;2;3	2;2;2
1084	1085	1084	1085	3	3	trialwise	1018;2815;4616	1018;2815;4616	7;18;29	67;96;129	sub-008_ses-103_task-s7;sub-008_ses-203_task-s7;sub-008_ses-303_task-s7	1018	7	67	sub-008	ses-103	task-s7	1;2;3	7;7;7
1085	1086	1085	1086	3	3	trialwise	717;2437;4196	717;2437;4196	5;16;27	82;34;25	sub-008_ses-102_task-s5;sub-008_ses-201_task-s5;sub-008_ses-303_task-s5	717	5	82	sub-008	ses-102	task-s5	1;2;3	5;5;5
1086	1087	1086	1087	3	3	trialwise	163;1978;3720	163;1978;3720	2;13;24	5;52;26	sub-008_ses-101_task-s2;sub-008_ses-201_task-s2;sub-008_ses-301_task-s2	163	2	5	sub-008	ses-101	task-s2	1;2;3	2;2;2
1087	1088	1087	1088	3	3	trialwise	295;2007;3741	295;2007;3741	2;13;24	137;81;47	sub-008_ses-101_task-s2;sub-008_ses-201_task-s2;sub-008_ses-301_task-s2	295	2	137	sub-008	ses-101	task-s2	1;2;3	2;2;2
1088	1089	1088	1089	3	3	trialwise	264;1938;3805	264;1938;3805	2;13;24	106;12;111	sub-008_ses-101_task-s2;sub-008_ses-201_task-s2;sub-008_ses-301_task-s2	264	2	106	sub-008	ses-101	task-s2	1;2;3	2;2;2
1089	1090	1089	1090	3	3	trialwise	229;2081;3788	229;2081;3788	2;13;24	71;155;94	sub-008_ses-101_task-s2;sub-008_ses-201_task-s2;sub-008_ses-301_task-s2	229	2	71	sub-008	ses-101	task-s2	1;2;3	2;2;2
1090	1091	1090	1091	3	3	trialwise	1111;2922;4794	1111;2922;4794	8;19;30	2;45;149	sub-008_ses-103_task-s8;sub-008_ses-203_task-s8;sub-008_ses-303_task-s8	1111	8	2	sub-008	ses-103	task-s8	1;2;3	8;8;8
1091	1092	1091	1092	3	3	trialwise	33;1836;3604	33;1836;3604	1;12;23	34;69;69	sub-008_ses-101_task-s1;sub-008_ses-201_task-s1;sub-008_ses-301_task-s1	33	1	34	sub-008	ses-101	task-s1	1;2;3	1;1;1
1092	1093	1092	1093	3	3	trialwise	136;1908;3676	136;1908;3676	1;12;23	137;141;141	sub-008_ses-101_task-s1;sub-008_ses-201_task-s1;sub-008_ses-301_task-s1	136	1	137	sub-008	ses-101	task-s1	1;2;3	1;1;1
1093	1094	1093	1094	3	3	trialwise	1128;2981;4774	1128;2981;4774	8;19;30	19;104;129	sub-008_ses-103_task-s8;sub-008_ses-203_task-s8;sub-008_ses-303_task-s8	1128	8	19	sub-008	ses-103	task-s8	1;2;3	8;8;8
1094	1095	1094	1095	3	3	trialwise	813;2584;4483	813;2584;4483	6;17;28	20;23;154	sub-008_ses-103_task-s6;sub-008_ses-202_task-s6;sub-008_ses-303_task-s6	813	6	20	sub-008	ses-103	task-s6	1;2;3	6;6;6
1095	1096	1095	1096	3	3	trialwise	817;2569;4379	817;2569;4379	6;17;28	24;8;50	sub-008_ses-103_task-s6;sub-008_ses-202_task-s6;sub-008_ses-303_task-s6	817	6	24	sub-008	ses-103	task-s6	1;2;3	6;6;6
1096	1097	1096	1097	3	3	trialwise	145;1800;3568	145;1800;3568	1;12;23	146;33;33	sub-008_ses-101_task-s1;sub-008_ses-201_task-s1;sub-008_ses-301_task-s1	145	1	146	sub-008	ses-101	task-s1	1;2;3	1;1;1
1097	1098	1097	1098	3	3	trialwise	821;2564;4433	821;2564;4433	6;17;28	28;3;104	sub-008_ses-103_task-s6;sub-008_ses-202_task-s6;sub-008_ses-303_task-s6	821	6	28	sub-008	ses-103	task-s6	1;2;3	6;6;6
1098	1099	1098	1099	3	3	trialwise	51;1815;3583	51;1815;3583	1;12;23	52;48;48	sub-008_ses-101_task-s1;sub-008_ses-201_task-s1;sub-008_ses-301_task-s1	51	1	52	sub-008	ses-101	task-s1	1;2;3	1;1;1
1099	1100	1099	1100	3	3	trialwise	481;2342;4167	481;2342;4167	4;15;26	5;98;155	sub-008_ses-102_task-s4;sub-008_ses-201_task-s4;sub-008_ses-302_task-s4	481	4	5	sub-008	ses-102	task-s4	1;2;3	4;4;4
1100	1101	1100	1101	3	3	trialwise	764;2488;4192	764;2488;4192	5;16;27	129;85;21	sub-008_ses-102_task-s5;sub-008_ses-201_task-s5;sub-008_ses-303_task-s5	764	5	129	sub-008	ses-102	task-s5	1;2;3	5;5;5
1101	1102	1101	1102	3	3	trialwise	1203;2933;4746	1203;2933;4746	8;19;30	94;56;101	sub-008_ses-103_task-s8;sub-008_ses-203_task-s8;sub-008_ses-303_task-s8	1203	8	94	sub-008	ses-103	task-s8	1;2;3	8;8;8
1102	1103	1102	1103	3	3	trialwise	849;2661;4485	849;2661;4485	6;17;28	56;100;156	sub-008_ses-103_task-s6;sub-008_ses-202_task-s6;sub-008_ses-303_task-s6	849	6	56	sub-008	ses-103	task-s6	1;2;3	6;6;6
1103	1104	1103	1104	3	3	trialwise	452;2176;3979	452;2176;3979	3;14;25	135;91;126	sub-008_ses-102_task-s3;sub-008_ses-201_task-s3;sub-008_ses-301_task-s3	452	3	135	sub-008	ses-102	task-s3	1;2;3	3;3;3
1104	1105	1104	1105	3	3	trialwise	217;1951;3783	217;1951;3783	2;13;24	59;25;89	sub-008_ses-101_task-s2;sub-008_ses-201_task-s2;sub-008_ses-301_task-s2	217	2	59	sub-008	ses-101	task-s2	1;2;3	2;2;2
1105	1106	1105	1106	3	3	trialwise	708;2450;4306	708;2450;4306	5;16;27	73;47;135	sub-008_ses-102_task-s5;sub-008_ses-201_task-s5;sub-008_ses-303_task-s5	708	5	73	sub-008	ses-102	task-s5	1;2;3	5;5;5
1106	1107	1106	1107	3	3	trialwise	1193;2925;4706	1193;2925;4706	8;19;30	84;48;61	sub-008_ses-103_task-s8;sub-008_ses-203_task-s8;sub-008_ses-303_task-s8	1193	8	84	sub-008	ses-103	task-s8	1;2;3	8;8;8
1107	1108	1107	1108	3	3	trialwise	1003;2778;4528	1003;2778;4528	7;18;29	52;59;41	sub-008_ses-103_task-s7;sub-008_ses-203_task-s7;sub-008_ses-303_task-s7	1003	7	52	sub-008	ses-103	task-s7	1;2;3	7;7;7
1108	1109	1108	1109	3	3	trialwise	266;1967;3808	266;1967;3808	2;13;24	108;41;114	sub-008_ses-101_task-s2;sub-008_ses-201_task-s2;sub-008_ses-301_task-s2	266	2	108	sub-008	ses-101	task-s2	1;2;3	2;2;2
1109	1110	1109	1110	3	3	trialwise	78;1792;3560	78;1792;3560	1;12;23	79;25;25	sub-008_ses-101_task-s1;sub-008_ses-201_task-s1;sub-008_ses-301_task-s1	78	1	79	sub-008	ses-101	task-s1	1;2;3	1;1;1
1110	1111	1110	1111	3	3	trialwise	526;2278;4099	526;2278;4099	4;15;26	50;34;87	sub-008_ses-102_task-s4;sub-008_ses-201_task-s4;sub-008_ses-302_task-s4	526	4	50	sub-008	ses-102	task-s4	1;2;3	4;4;4
1111	1112	1111	1112	3	3	trialwise	936;2592;4459	936;2592;4459	6;17;28	143;31;130	sub-008_ses-103_task-s6;sub-008_ses-202_task-s6;sub-008_ses-303_task-s6	936	6	143	sub-008	ses-103	task-s6	1;2;3	6;6;6
1112	1113	1112	1113	3	3	trialwise	378;2229;3878	378;2229;3878	3;14;25	61;144;25	sub-008_ses-102_task-s3;sub-008_ses-201_task-s3;sub-008_ses-301_task-s3	378	3	61	sub-008	ses-102	task-s3	1;2;3	3;3;3
1113	1114	1113	1114	3	3	trialwise	482;2271;4081	482;2271;4081	4;15;26	6;27;69	sub-008_ses-102_task-s4;sub-008_ses-201_task-s4;sub-008_ses-302_task-s4	482	4	6	sub-008	ses-102	task-s4	1;2;3	4;4;4
1114	1115	1114	1115	3	3	trialwise	492;2297;4083	492;2297;4083	4;15;26	16;53;71	sub-008_ses-102_task-s4;sub-008_ses-201_task-s4;sub-008_ses-302_task-s4	492	4	16	sub-008	ses-102	task-s4	1;2;3	4;4;4
1115	1116	1115	1116	3	3	trialwise	208;2079;3821	208;2079;3821	2;13;24	50;153;127	sub-008_ses-101_task-s2;sub-008_ses-201_task-s2;sub-008_ses-301_task-s2	208	2	50	sub-008	ses-101	task-s2	1;2;3	2;2;2
1116	1117	1116	1117	3	3	trialwise	757;2515;4262	757;2515;4262	5;16;27	122;112;91	sub-008_ses-102_task-s5;sub-008_ses-201_task-s5;sub-008_ses-303_task-s5	757	5	122	sub-008	ses-102	task-s5	1;2;3	5;5;5
1117	1118	1117	1118	3	3	trialwise	666;2498;4259	666;2498;4259	5;16;27	31;95;88	sub-008_ses-102_task-s5;sub-008_ses-201_task-s5;sub-008_ses-303_task-s5	666	5	31	sub-008	ses-102	task-s5	1;2;3	5;5;5
1118	1119	1118	1119	3	3	trialwise	527;2383;4128	527;2383;4128	4;15;26	51;139;116	sub-008_ses-102_task-s4;sub-008_ses-201_task-s4;sub-008_ses-302_task-s4	527	4	51	sub-008	ses-102	task-s4	1;2;3	4;4;4
1119	1120	1119	1120	3	3	trialwise	1074;2800;4539	1074;2800;4539	7;18;29	123;81;52	sub-008_ses-103_task-s7;sub-008_ses-203_task-s7;sub-008_ses-303_task-s7	1074	7	123	sub-008	ses-103	task-s7	1;2;3	7;7;7
1120	1137	1120	1121	3	3	trialwise	1658;3503;5170	1658;3503;5170	11;22;33	57;134;33	sub-008_ses-104_task-s11;sub-008_ses-203_task-s11;sub-008_ses-305_task-s11	1658	11	57	sub-008	ses-104	task-s11	1;2;3	11;11;11
1121	1160	1121	1122	3	3	trialwise	1639;3454;5259	1639;3454;5259	11;22;33	38;85;122	sub-008_ses-104_task-s11;sub-008_ses-203_task-s11;sub-008_ses-305_task-s11	1639	11	38	sub-008	ses-104	task-s11	1;2;3	11;11;11
1122	1180	1122	1123	3	3	trialwise	1411;3168;4968	1411;3168;4968	9;20;31	144;133;165	sub-008_ses-104_task-s9;sub-008_ses-203_task-s9;sub-008_ses-304_task-s9	1411	9	144	sub-008	ses-104	task-s9	1;2;3	9;9;9
1123	1185	1123	1124	3	3	trialwise	1694;3529;5187	1694;3529;5187	11;22;33	93;160;50	sub-008_ses-104_task-s11;sub-008_ses-203_task-s11;sub-008_ses-305_task-s11	1694	11	93	sub-008	ses-104	task-s11	1;2;3	11;11;11
1124	1224	1124	1125	3	3	trialwise	1371;3182;4943	1371;3182;4943	9;20;31	104;147;140	sub-008_ses-104_task-s9;sub-008_ses-203_task-s9;sub-008_ses-304_task-s9	1371	9	104	sub-008	ses-104	task-s9	1;2;3	9;9;9
1125	1230	1125	1126	3	3	trialwise	1268;3126;4840	1268;3126;4840	9;20;31	1;91;37	sub-008_ses-104_task-s9;sub-008_ses-203_task-s9;sub-008_ses-304_task-s9	1268	9	1	sub-008	ses-104	task-s9	1;2;3	9;9;9
1126	1243	1126	1127	4	4	trialwise	1494;3359;4996;5031	1494;3359;4996;5031	10;21;32;32	60;157;26;61	sub-008_ses-104_task-s10;sub-008_ses-203_task-s10;sub-008_ses-306_task-s10;sub-008_ses-306_task-s10	1494	10	60	sub-008	ses-104	task-s10	1;2;3;3	10;10;10;10
1127	1290	1127	1128	3	3	trialwise	1405;3054;4902	1405;3054;4902	9;20;31	138;19;99	sub-008_ses-104_task-s9;sub-008_ses-203_task-s9;sub-008_ses-304_task-s9	1405	9	138	sub-008	ses-104	task-s9	1;2;3	9;9;9
1128	1302	1128	1129	3	3	trialwise	1623;3436;5226	1623;3436;5226	11;22;33	22;67;89	sub-008_ses-104_task-s11;sub-008_ses-203_task-s11;sub-008_ses-305_task-s11	1623	11	22	sub-008	ses-104	task-s11	1;2;3	11;11;11
1129	1312	1129	1130	3	3	trialwise	1311;3202;4817	1311;3202;4817	9;20;31	44;167;14	sub-008_ses-104_task-s9;sub-008_ses-203_task-s9;sub-008_ses-304_task-s9	1311	9	44	sub-008	ses-104	task-s9	1;2;3	9;9;9
1130	1329	1130	1131	3	3	trialwise	1566;3232;5021	1566;3232;5021	10;21;32	132;30;51	sub-008_ses-104_task-s10;sub-008_ses-203_task-s10;sub-008_ses-306_task-s10	1566	10	132	sub-008	ses-104	task-s10	1;2;3	10;10;10
1131	1346	1131	1132	4	4	trialwise	1510;3220;4973;5119	1510;3220;4973;5119	10;21;32;32	76;18;3;149	sub-008_ses-104_task-s10;sub-008_ses-203_task-s10;sub-008_ses-306_task-s10;sub-008_ses-306_task-s10	1510	10	76	sub-008	ses-104	task-s10	1;2;3;3	10;10;10;10
1132	1367	1132	1133	3	3	trialwise	1636;3443;5203	1636;3443;5203	11;22;33	35;74;66	sub-008_ses-104_task-s11;sub-008_ses-203_task-s11;sub-008_ses-305_task-s11	1636	11	35	sub-008	ses-104	task-s11	1;2;3	11;11;11
1133	1386	1133	1134	3	3	trialwise	1304;3118;4839	1304;3118;4839	9;20;31	37;83;36	sub-008_ses-104_task-s9;sub-008_ses-203_task-s9;sub-008_ses-304_task-s9	1304	9	37	sub-008	ses-104	task-s9	1;2;3	9;9;9
1134	1418	1134	1135	3	3	trialwise	1418;3156;4931	1418;3156;4931	9;20;31	151;121;128	sub-008_ses-104_task-s9;sub-008_ses-203_task-s9;sub-008_ses-304_task-s9	1418	9	151	sub-008	ses-104	task-s9	1;2;3	9;9;9
1135	1426	1135	1136	2	2	trialwise	1531;3297	1531;3297	10;21	97;95	sub-008_ses-104_task-s10;sub-008_ses-203_task-s10	1531	10	97	sub-008	ses-104	task-s10	1;2	10;10
1136	1453	1136	1137	3	3	trialwise	1337;3194;4909	1337;3194;4909	9;20;31	70;159;106	sub-008_ses-104_task-s9;sub-008_ses-203_task-s9;sub-008_ses-304_task-s9	1337	9	70	sub-008	ses-104	task-s9	1;2;3	9;9;9
1137	1474	1137	1138	3	3	trialwise	1581;3204;5070	1581;3204;5070	10;21;32	147;2;100	sub-008_ses-104_task-s10;sub-008_ses-203_task-s10;sub-008_ses-306_task-s10	1581	10	147	sub-008	ses-104	task-s10	1;2;3	10;10;10
1138	1481	1138	1139	3	3	trialwise	1702;3469;5276	1702;3469;5276	11;22;33	101;100;139	sub-008_ses-104_task-s11;sub-008_ses-203_task-s11;sub-008_ses-305_task-s11	1702	11	101	sub-008	ses-104	task-s11	1;2;3	11;11;11
1139	1515	1139	1140	3	3	trialwise	1294;3141;4907	1294;3141;4907	9;20;31	27;106;104	sub-008_ses-104_task-s9;sub-008_ses-203_task-s9;sub-008_ses-304_task-s9	1294	9	27	sub-008	ses-104	task-s9	1;2;3	9;9;9
1140	1528	1140	1141	3	3	trialwise	1372;3074;4963	1372;3074;4963	9;20;31	105;39;160	sub-008_ses-104_task-s9;sub-008_ses-203_task-s9;sub-008_ses-304_task-s9	1372	9	105	sub-008	ses-104	task-s9	1;2;3	9;9;9
1141	1553	1141	1142	3	3	trialwise	1729;3442;5285	1729;3442;5285	11;22;33	128;73;148	sub-008_ses-104_task-s11;sub-008_ses-203_task-s11;sub-008_ses-305_task-s11	1729	11	128	sub-008	ses-104	task-s11	1;2;3	11;11;11
1142	1592	1142	1143	3	3	trialwise	1429;3142;4835	1429;3142;4835	9;20;31	162;107;32	sub-008_ses-104_task-s9;sub-008_ses-203_task-s9;sub-008_ses-304_task-s9	1429	9	162	sub-008	ses-104	task-s9	1;2;3	9;9;9
1143	1596	1143	1144	3	3	trialwise	1286;3087;4930	1286;3087;4930	9;20;31	19;52;127	sub-008_ses-104_task-s9;sub-008_ses-203_task-s9;sub-008_ses-304_task-s9	1286	9	19	sub-008	ses-104	task-s9	1;2;3	9;9;9
1144	1626	1144	1145	3	3	trialwise	1315;3162;4936	1315;3162;4936	9;20;31	48;127;133	sub-008_ses-104_task-s9;sub-008_ses-203_task-s9;sub-008_ses-304_task-s9	1315	9	48	sub-008	ses-104	task-s9	1;2;3	9;9;9
1145	1630	1145	1146	3	3	trialwise	1359;3115;4948	1359;3115;4948	9;20;31	92;80;145	sub-008_ses-104_task-s9;sub-008_ses-203_task-s9;sub-008_ses-304_task-s9	1359	9	92	sub-008	ses-104	task-s9	1;2;3	9;9;9
1146	1661	1146	1147	3	3	trialwise	1733;3445;5140	1733;3445;5140	11;22;33	132;76;3	sub-008_ses-104_task-s11;sub-008_ses-203_task-s11;sub-008_ses-305_task-s11	1733	11	132	sub-008	ses-104	task-s11	1;2;3	11;11;11
1147	1663	1147	1148	4	4	trialwise	1440;3368;4984;5009	1440;3368;4984;5009	10;21;32;32	6;166;14;39	sub-008_ses-104_task-s10;sub-008_ses-203_task-s10;sub-008_ses-306_task-s10;sub-008_ses-306_task-s10	1440	10	6	sub-008	ses-104	task-s10	1;2;3;3	10;10;10;10
1148	1689	1148	1149	3	3	trialwise	1437;3328;5010	1437;3328;5010	10;21;32	3;126;40	sub-008_ses-104_task-s10;sub-008_ses-203_task-s10;sub-008_ses-306_task-s10	1437	10	3	sub-008	ses-104	task-s10	1;2;3	10;10;10
1149	1714	1149	1150	3	3	trialwise	1452;3285;5088	1452;3285;5088	10;21;32	18;83;118	sub-008_ses-104_task-s10;sub-008_ses-203_task-s10;sub-008_ses-306_task-s10	1452	10	18	sub-008	ses-104	task-s10	1;2;3	10;10;10
1150	1721	1150	1151	3	3	trialwise	1766;3493;5149	1766;3493;5149	11;22;33	165;124;12	sub-008_ses-104_task-s11;sub-008_ses-203_task-s11;sub-008_ses-305_task-s11	1766	11	165	sub-008	ses-104	task-s11	1;2;3	11;11;11
1151	1724	1151	1152	3	3	trialwise	1417;3086;4928	1417;3086;4928	9;20;31	150;51;125	sub-008_ses-104_task-s9;sub-008_ses-203_task-s9;sub-008_ses-304_task-s9	1417	9	150	sub-008	ses-104	task-s9	1;2;3	9;9;9
1152	1785	1152	1153	3	3	trialwise	1373;3075;4953	1373;3075;4953	9;20;31	106;40;150	sub-008_ses-104_task-s9;sub-008_ses-203_task-s9;sub-008_ses-304_task-s9	1373	9	106	sub-008	ses-104	task-s9	1;2;3	9;9;9
1153	1798	1153	1154	3	3	trialwise	1559;3253;5125	1559;3253;5125	10;21;32	125;51;155	sub-008_ses-104_task-s10;sub-008_ses-203_task-s10;sub-008_ses-306_task-s10	1559	10	125	sub-008	ses-104	task-s10	1;2;3	10;10;10
1154	1815	1154	1155	3	3	trialwise	1620;3407;5237	1620;3407;5237	11;22;33	19;38;100	sub-008_ses-104_task-s11;sub-008_ses-203_task-s11;sub-008_ses-305_task-s11	1620	11	19	sub-008	ses-104	task-s11	1;2;3	11;11;11
1155	1817	1155	1156	3	3	trialwise	1734;3464;5253	1734;3464;5253	11;22;33	133;95;116	sub-008_ses-104_task-s11;sub-008_ses-203_task-s11;sub-008_ses-305_task-s11	1734	11	133	sub-008	ses-104	task-s11	1;2;3	11;11;11
1156	1845	1156	1157	3	3	trialwise	1277;3084;4836	1277;3084;4836	9;20;31	10;49;33	sub-008_ses-104_task-s9;sub-008_ses-203_task-s9;sub-008_ses-304_task-s9	1277	9	10	sub-008	ses-104	task-s9	1;2;3	9;9;9
1157	1850	1157	1158	3	3	trialwise	1584;3271;5087	1584;3271;5087	10;21;32	150;69;117	sub-008_ses-104_task-s10;sub-008_ses-203_task-s10;sub-008_ses-306_task-s10	1584	10	150	sub-008	ses-104	task-s10	1;2;3	10;10;10
1158	1889	1158	1159	3	3	trialwise	1723;3371;5300	1723;3371;5300	11;22;33	122;2;163	sub-008_ses-104_task-s11;sub-008_ses-203_task-s11;sub-008_ses-305_task-s11	1723	11	122	sub-008	ses-104	task-s11	1;2;3	11;11;11
1159	1895	1159	1160	3	3	trialwise	1751;3466;5151	1751;3466;5151	11;22;33	150;97;14	sub-008_ses-104_task-s11;sub-008_ses-203_task-s11;sub-008_ses-305_task-s11	1751	11	150	sub-008	ses-104	task-s11	1;2;3	11;11;11
1160	1927	1160	1161	3	3	trialwise	1377;3196;4818	1377;3196;4818	9;20;31	110;161;15	sub-008_ses-104_task-s9;sub-008_ses-203_task-s9;sub-008_ses-304_task-s9	1377	9	110	sub-008	ses-104	task-s9	1;2;3	9;9;9
1161	1943	1161	1162	3	3	trialwise	1473;3357;5011	1473;3357;5011	10;21;32	39;155;41	sub-008_ses-104_task-s10;sub-008_ses-203_task-s10;sub-008_ses-306_task-s10	1473	10	39	sub-008	ses-104	task-s10	1;2;3	10;10;10
1162	1968	1162	1163	3	3	trialwise	1379;3139;4911	1379;3139;4911	9;20;31	112;104;108	sub-008_ses-104_task-s9;sub-008_ses-203_task-s9;sub-008_ses-304_task-s9	1379	9	112	sub-008	ses-104	task-s9	1;2;3	9;9;9
1163	1999	1163	1164	3	3	trialwise	1368;3091;4853	1368;3091;4853	9;20;31	101;56;50	sub-008_ses-104_task-s9;sub-008_ses-203_task-s9;sub-008_ses-304_task-s9	1368	9	101	sub-008	ses-104	task-s9	1;2;3	9;9;9
1164	2025	1164	1165	3	3	trialwise	1335;3180;4872	1335;3180;4872	9;20;31	68;145;69	sub-008_ses-104_task-s9;sub-008_ses-203_task-s9;sub-008_ses-304_task-s9	1335	9	68	sub-008	ses-104	task-s9	1;2;3	9;9;9
1165	2032	1165	1166	3	3	trialwise	1696;3482;5251	1696;3482;5251	11;22;33	95;113;114	sub-008_ses-104_task-s11;sub-008_ses-203_task-s11;sub-008_ses-305_task-s11	1696	11	95	sub-008	ses-104	task-s11	1;2;3	11;11;11
1166	2049	1166	1167	3	3	trialwise	1528;3356;4983	1528;3356;4983	10;21;32	94;154;13	sub-008_ses-104_task-s10;sub-008_ses-203_task-s10;sub-008_ses-306_task-s10	1528	10	94	sub-008	ses-104	task-s10	1;2;3	10;10;10
1167	2080	1167	1168	3	3	trialwise	1573;3363;5079	1573;3363;5079	10;21;32	139;161;109	sub-008_ses-104_task-s10;sub-008_ses-203_task-s10;sub-008_ses-306_task-s10	1573	10	139	sub-008	ses-104	task-s10	1;2;3	10;10;10
1168	2097	1168	1169	2	2	trialwise	1557;3209	1557;3209	10;21	123;7	sub-008_ses-104_task-s10;sub-008_ses-203_task-s10	1557	10	123	sub-008	ses-104	task-s10	1;2	10;10
1169	2105	1169	1170	3	3	trialwise	1453;3314;5054	1453;3314;5054	10;21;32	19;112;84	sub-008_ses-104_task-s10;sub-008_ses-203_task-s10;sub-008_ses-306_task-s10	1453	10	19	sub-008	ses-104	task-s10	1;2;3	10;10;10
1170	2125	1170	1171	3	3	trialwise	1322;3137;4854	1322;3137;4854	9;20;31	55;102;51	sub-008_ses-104_task-s9;sub-008_ses-203_task-s9;sub-008_ses-304_task-s9	1322	9	55	sub-008	ses-104	task-s9	1;2;3	9;9;9
1171	2150	1171	1172	3	3	trialwise	1599;3313;5030	1599;3313;5030	10;21;32	165;111;60	sub-008_ses-104_task-s10;sub-008_ses-203_task-s10;sub-008_ses-306_task-s10	1599	10	165	sub-008	ses-104	task-s10	1;2;3	10;10;10
1172	2168	1172	1173	3	3	trialwise	1278;3044;4847	1278;3044;4847	9;20;31	11;9;44	sub-008_ses-104_task-s9;sub-008_ses-203_task-s9;sub-008_ses-304_task-s9	1278	9	11	sub-008	ses-104	task-s9	1;2;3	9;9;9
1173	2178	1173	1174	3	3	trialwise	1281;3133;4891	1281;3133;4891	9;20;31	14;98;88	sub-008_ses-104_task-s9;sub-008_ses-203_task-s9;sub-008_ses-304_task-s9	1281	9	14	sub-008	ses-104	task-s9	1;2;3	9;9;9
1174	2212	1174	1175	4	4	trialwise	1517;3320;4980;5124	1517;3320;4980;5124	10;21;32;32	83;118;10;154	sub-008_ses-104_task-s10;sub-008_ses-203_task-s10;sub-008_ses-306_task-s10;sub-008_ses-306_task-s10	1517	10	83	sub-008	ses-104	task-s10	1;2;3;3	10;10;10;10
1175	2236	1175	1176	3	3	trialwise	1492;3345;5053	1492;3345;5053	10;21;32	58;143;83	sub-008_ses-104_task-s10;sub-008_ses-203_task-s10;sub-008_ses-306_task-s10	1492	10	58	sub-008	ses-104	task-s10	1;2;3	10;10;10
1176	2251	1176	1177	3	3	trialwise	1324;3090;4919	1324;3090;4919	9;20;31	57;55;116	sub-008_ses-104_task-s9;sub-008_ses-203_task-s9;sub-008_ses-304_task-s9	1324	9	57	sub-008	ses-104	task-s9	1;2;3	9;9;9
1177	2279	1177	1178	3	3	trialwise	1682;3396;5158	1682;3396;5158	11;22;33	81;27;21	sub-008_ses-104_task-s11;sub-008_ses-203_task-s11;sub-008_ses-305_task-s11	1682	11	81	sub-008	ses-104	task-s11	1;2;3	11;11;11
1178	2295	1178	1179	3	3	trialwise	1398;3125;4955	1398;3125;4955	9;20;31	131;90;152	sub-008_ses-104_task-s9;sub-008_ses-203_task-s9;sub-008_ses-304_task-s9	1398	9	131	sub-008	ses-104	task-s9	1;2;3	9;9;9
1179	2298	1179	1180	3	3	trialwise	1655;3417;5221	1655;3417;5221	11;22;33	54;48;84	sub-008_ses-104_task-s11;sub-008_ses-203_task-s11;sub-008_ses-305_task-s11	1655	11	54	sub-008	ses-104	task-s11	1;2;3	11;11;11
1180	2343	1180	1181	3	3	trialwise	1283;3189;4969	1283;3189;4969	9;20;31	16;154;166	sub-008_ses-104_task-s9;sub-008_ses-203_task-s9;sub-008_ses-304_task-s9	1283	9	16	sub-008	ses-104	task-s9	1;2;3	9;9;9
1181	2354	1181	1182	3	3	trialwise	1648;3499;5264	1648;3499;5264	11;22;33	47;130;127	sub-008_ses-104_task-s11;sub-008_ses-203_task-s11;sub-008_ses-305_task-s11	1648	11	47	sub-008	ses-104	task-s11	1;2;3	11;11;11
1182	2368	1182	1183	3	3	trialwise	1479;3284;5130	1479;3284;5130	10;21;32	45;82;160	sub-008_ses-104_task-s10;sub-008_ses-203_task-s10;sub-008_ses-306_task-s10	1479	10	45	sub-008	ses-104	task-s10	1;2;3	10;10;10
1183	2390	1183	1184	3	3	trialwise	1732;3433;5287	1732;3433;5287	11;22;33	131;64;150	sub-008_ses-104_task-s11;sub-008_ses-203_task-s11;sub-008_ses-305_task-s11	1732	11	131	sub-008	ses-104	task-s11	1;2;3	11;11;11
1184	2405	1184	1185	3	3	trialwise	1420;3116;4843	1420;3116;4843	9;20;31	153;81;40	sub-008_ses-104_task-s9;sub-008_ses-203_task-s9;sub-008_ses-304_task-s9	1420	9	153	sub-008	ses-104	task-s9	1;2;3	9;9;9
1185	2410	1185	1186	3	3	trialwise	1715;3461;5217	1715;3461;5217	11;22;33	114;92;80	sub-008_ses-104_task-s11;sub-008_ses-203_task-s11;sub-008_ses-305_task-s11	1715	11	114	sub-008	ses-104	task-s11	1;2;3	11;11;11
1186	2464	1186	1187	3	3	trialwise	1587;3210;5107	1587;3210;5107	10;21;32	153;8;137	sub-008_ses-104_task-s10;sub-008_ses-203_task-s10;sub-008_ses-306_task-s10	1587	10	153	sub-008	ses-104	task-s10	1;2;3	10;10;10
1187	2470	1187	1188	3	3	trialwise	1663;3403;5214	1663;3403;5214	11;22;33	62;34;77	sub-008_ses-104_task-s11;sub-008_ses-203_task-s11;sub-008_ses-305_task-s11	1663	11	62	sub-008	ses-104	task-s11	1;2;3	11;11;11
1188	2502	1188	1189	3	3	trialwise	1692;3508;5172	1692;3508;5172	11;22;33	91;139;35	sub-008_ses-104_task-s11;sub-008_ses-203_task-s11;sub-008_ses-305_task-s11	1692	11	91	sub-008	ses-104	task-s11	1;2;3	11;11;11
1189	2507	1189	1190	3	3	trialwise	1402;3081;4864	1402;3081;4864	9;20;31	135;46;61	sub-008_ses-104_task-s9;sub-008_ses-203_task-s9;sub-008_ses-304_task-s9	1402	9	135	sub-008	ses-104	task-s9	1;2;3	9;9;9
1190	2534	1190	1191	3	3	trialwise	1498;3347;5086	1498;3347;5086	10;21;32	64;145;116	sub-008_ses-104_task-s10;sub-008_ses-203_task-s10;sub-008_ses-306_task-s10	1498	10	64	sub-008	ses-104	task-s10	1;2;3	10;10;10
1191	2538	1191	1192	3	3	trialwise	1307;3127;4921	1307;3127;4921	9;20;31	40;92;118	sub-008_ses-104_task-s9;sub-008_ses-203_task-s9;sub-008_ses-304_task-s9	1307	9	40	sub-008	ses-104	task-s9	1;2;3	9;9;9
1192	2576	1192	1193	3	3	trialwise	1343;3132;4912	1343;3132;4912	9;20;31	76;97;109	sub-008_ses-104_task-s9;sub-008_ses-203_task-s9;sub-008_ses-304_task-s9	1343	9	76	sub-008	ses-104	task-s9	1;2;3	9;9;9
1193	2592	1193	1194	3	3	trialwise	1279;3178;4821	1279;3178;4821	9;20;31	12;143;18	sub-008_ses-104_task-s9;sub-008_ses-203_task-s9;sub-008_ses-304_task-s9	1279	9	12	sub-008	ses-104	task-s9	1;2;3	9;9;9
1194	2614	1194	1195	3	3	trialwise	1690;3405;5147	1690;3405;5147	11;22;33	89;36;10	sub-008_ses-104_task-s11;sub-008_ses-203_task-s11;sub-008_ses-305_task-s11	1690	11	89	sub-008	ses-104	task-s11	1;2;3	11;11;11
1195	2628	1195	1196	3	3	trialwise	1603;3437;5180	1603;3437;5180	11;22;33	2;68;43	sub-008_ses-104_task-s11;sub-008_ses-203_task-s11;sub-008_ses-305_task-s11	1603	11	2	sub-008	ses-104	task-s11	1;2;3	11;11;11
1196	2652	1196	1197	3	3	trialwise	1475;3321;5114	1475;3321;5114	10;21;32	41;119;144	sub-008_ses-104_task-s10;sub-008_ses-203_task-s10;sub-008_ses-306_task-s10	1475	10	41	sub-008	ses-104	task-s10	1;2;3	10;10;10
1197	2670	1197	1198	3	3	trialwise	1317;3179;4849	1317;3179;4849	9;20;31	50;144;46	sub-008_ses-104_task-s9;sub-008_ses-203_task-s9;sub-008_ses-304_task-s9	1317	9	50	sub-008	ses-104	task-s9	1;2;3	9;9;9
1198	2709	1198	1199	3	3	trialwise	1613;3515;5222	1613;3515;5222	11;22;33	12;146;85	sub-008_ses-104_task-s11;sub-008_ses-203_task-s11;sub-008_ses-305_task-s11	1613	11	12	sub-008	ses-104	task-s11	1;2;3	11;11;11
1199	2717	1199	1200	3	3	trialwise	1600;3333;5052	1600;3333;5052	10;21;32	166;131;82	sub-008_ses-104_task-s10;sub-008_ses-203_task-s10;sub-008_ses-306_task-s10	1600	10	166	sub-008	ses-104	task-s10	1;2;3	10;10;10
1200	2735	1200	1201	3	3	trialwise	1586;3211;5065	1586;3211;5065	10;21;32	152;9;95	sub-008_ses-104_task-s10;sub-008_ses-203_task-s10;sub-008_ses-306_task-s10	1586	10	152	sub-008	ses-104	task-s10	1;2;3	10;10;10
1201	2755	1201	1202	3	3	trialwise	1610;3399;5209	1610;3399;5209	11;22;33	9;30;72	sub-008_ses-104_task-s11;sub-008_ses-203_task-s11;sub-008_ses-305_task-s11	1610	11	9	sub-008	ses-104	task-s11	1;2;3	11;11;11
1202	2777	1202	1203	3	3	trialwise	1387;3063;4879	1387;3063;4879	9;20;31	120;28;76	sub-008_ses-104_task-s9;sub-008_ses-203_task-s9;sub-008_ses-304_task-s9	1387	9	120	sub-008	ses-104	task-s9	1;2;3	9;9;9
1203	2799	1203	1204	3	3	trialwise	1522;3256;5093	1522;3256;5093	10;21;32	88;54;123	sub-008_ses-104_task-s10;sub-008_ses-203_task-s10;sub-008_ses-306_task-s10	1522	10	88	sub-008	ses-104	task-s10	1;2;3	10;10;10
1204	2804	1204	1205	3	3	trialwise	1455;3224;5102	1455;3224;5102	10;21;32	21;22;132	sub-008_ses-104_task-s10;sub-008_ses-203_task-s10;sub-008_ses-306_task-s10	1455	10	21	sub-008	ses-104	task-s10	1;2;3	10;10;10
1205	2810	1205	1206	3	3	trialwise	1431;3124;4904	1431;3124;4904	9;20;31	164;89;101	sub-008_ses-104_task-s9;sub-008_ses-203_task-s9;sub-008_ses-304_task-s9	1431	9	164	sub-008	ses-104	task-s9	1;2;3	9;9;9
1206	2849	1206	1207	3	3	trialwise	1709;3484;5191	1709;3484;5191	11;22;33	108;115;54	sub-008_ses-104_task-s11;sub-008_ses-203_task-s11;sub-008_ses-305_task-s11	1709	11	108	sub-008	ses-104	task-s11	1;2;3	11;11;11
1207	2859	1207	1208	3	3	trialwise	1526;3364;5066	1526;3364;5066	10;21;32	92;162;96	sub-008_ses-104_task-s10;sub-008_ses-203_task-s10;sub-008_ses-306_task-s10	1526	10	92	sub-008	ses-104	task-s10	1;2;3	10;10;10
1208	2887	1208	1209	3	3	trialwise	1525;3223;5037	1525;3223;5037	10;21;32	91;21;67	sub-008_ses-104_task-s10;sub-008_ses-203_task-s10;sub-008_ses-306_task-s10	1525	10	91	sub-008	ses-104	task-s10	1;2;3	10;10;10
1209	2906	1209	1210	3	3	trialwise	1560;3304;5045	1560;3304;5045	10;21;32	126;102;75	sub-008_ses-104_task-s10;sub-008_ses-203_task-s10;sub-008_ses-306_task-s10	1560	10	126	sub-008	ses-104	task-s10	1;2;3	10;10;10
1210	2945	1210	1211	3	3	trialwise	1555;3366;5134	1555;3366;5134	10;21;32	121;164;164	sub-008_ses-104_task-s10;sub-008_ses-203_task-s10;sub-008_ses-306_task-s10	1555	10	121	sub-008	ses-104	task-s10	1;2;3	10;10;10
1211	2959	1211	1212	3	3	trialwise	1564;3263;5122	1564;3263;5122	10;21;32	130;61;152	sub-008_ses-104_task-s10;sub-008_ses-203_task-s10;sub-008_ses-306_task-s10	1564	10	130	sub-008	ses-104	task-s10	1;2;3	10;10;10
1212	2961	1212	1213	3	3	trialwise	1699;3457;5267	1699;3457;5267	11;22;33	98;88;130	sub-008_ses-104_task-s11;sub-008_ses-203_task-s11;sub-008_ses-305_task-s11	1699	11	98	sub-008	ses-104	task-s11	1;2;3	11;11;11
1213	2964	1213	1214	3	3	trialwise	1474;3259;5014	1474;3259;5014	10;21;32	40;57;44	sub-008_ses-104_task-s10;sub-008_ses-203_task-s10;sub-008_ses-306_task-s10	1474	10	40	sub-008	ses-104	task-s10	1;2;3	10;10;10
1214	3001	1214	1215	4	4	trialwise	1548;3348;4978;5074	1548;3348;4978;5074	10;21;32;32	114;146;8;104	sub-008_ses-104_task-s10;sub-008_ses-203_task-s10;sub-008_ses-306_task-s10;sub-008_ses-306_task-s10	1548	10	114	sub-008	ses-104	task-s10	1;2;3;3	10;10;10;10
1215	3019	1215	1216	4	4	trialwise	1538;3262;4979;5136	1538;3262;4979;5136	10;21;32;32	104;60;9;166	sub-008_ses-104_task-s10;sub-008_ses-203_task-s10;sub-008_ses-306_task-s10;sub-008_ses-306_task-s10	1538	10	104	sub-008	ses-104	task-s10	1;2;3;3	10;10;10;10
1216	3058	1216	1217	3	3	trialwise	1707;3526;5205	1707;3526;5205	11;22;33	106;157;68	sub-008_ses-104_task-s11;sub-008_ses-203_task-s11;sub-008_ses-305_task-s11	1707	11	106	sub-008	ses-104	task-s11	1;2;3	11;11;11
1217	3069	1217	1218	3	3	trialwise	1547;3296;4971	1547;3296;4971	10;21;32	113;94;1	sub-008_ses-104_task-s10;sub-008_ses-203_task-s10;sub-008_ses-306_task-s10	1547	10	113	sub-008	ses-104	task-s10	1;2;3	10;10;10
1218	3086	1218	1219	3	3	trialwise	1457;3255;5112	1457;3255;5112	10;21;32	23;53;142	sub-008_ses-104_task-s10;sub-008_ses-203_task-s10;sub-008_ses-306_task-s10	1457	10	23	sub-008	ses-104	task-s10	1;2;3	10;10;10
1219	3103	1219	1220	3	3	trialwise	1365;3143;4855	1365;3143;4855	9;20;31	98;108;52	sub-008_ses-104_task-s9;sub-008_ses-203_task-s9;sub-008_ses-304_task-s9	1365	9	98	sub-008	ses-104	task-s9	1;2;3	9;9;9
1220	3147	1220	1221	3	3	trialwise	1765;3505;5279	1765;3505;5279	11;22;33	164;136;142	sub-008_ses-104_task-s11;sub-008_ses-203_task-s11;sub-008_ses-305_task-s11	1765	11	164	sub-008	ses-104	task-s11	1;2;3	11;11;11
1221	3160	1221	1222	3	3	trialwise	1755;3383;5269	1755;3383;5269	11;22;33	154;14;132	sub-008_ses-104_task-s11;sub-008_ses-203_task-s11;sub-008_ses-305_task-s11	1755	11	154	sub-008	ses-104	task-s11	1;2;3	11;11;11
1222	3172	1222	1223	3	3	trialwise	1544;3349;5050	1544;3349;5050	10;21;32	110;147;80	sub-008_ses-104_task-s10;sub-008_ses-203_task-s10;sub-008_ses-306_task-s10	1544	10	110	sub-008	ses-104	task-s10	1;2;3	10;10;10
1223	3195	1223	1224	2	2	trialwise	1585;3238	1585;3238	10;21	151;36	sub-008_ses-104_task-s10;sub-008_ses-203_task-s10	1585	10	151	sub-008	ses-104	task-s10	1;2	10;10
1224	3216	1224	1225	3	3	trialwise	1303;3167;4808	1303;3167;4808	9;20;31	36;132;5	sub-008_ses-104_task-s9;sub-008_ses-203_task-s9;sub-008_ses-304_task-s9	1303	9	36	sub-008	ses-104	task-s9	1;2;3	9;9;9
1225	3232	1225	1226	3	3	trialwise	1698;3495;5289	1698;3495;5289	11;22;33	97;126;152	sub-008_ses-104_task-s11;sub-008_ses-203_task-s11;sub-008_ses-305_task-s11	1698	11	97	sub-008	ses-104	task-s11	1;2;3	11;11;11
1226	3242	1226	1227	3	3	trialwise	1293;3183;4858	1293;3183;4858	9;20;31	26;148;55	sub-008_ses-104_task-s9;sub-008_ses-203_task-s9;sub-008_ses-304_task-s9	1293	9	26	sub-008	ses-104	task-s9	1;2;3	9;9;9
1227	3253	1227	1228	3	3	trialwise	1362;3073;4819	1362;3073;4819	9;20;31	95;38;16	sub-008_ses-104_task-s9;sub-008_ses-203_task-s9;sub-008_ses-304_task-s9	1362	9	95	sub-008	ses-104	task-s9	1;2;3	9;9;9
1228	3289	1228	1229	3	3	trialwise	1448;3260;5109	1448;3260;5109	10;21;32	14;58;139	sub-008_ses-104_task-s10;sub-008_ses-203_task-s10;sub-008_ses-306_task-s10	1448	10	14	sub-008	ses-104	task-s10	1;2;3	10;10;10
1229	3292	1229	1230	3	3	trialwise	1759;3429;5298	1759;3429;5298	11;22;33	158;60;161	sub-008_ses-104_task-s11;sub-008_ses-203_task-s11;sub-008_ses-305_task-s11	1759	11	158	sub-008	ses-104	task-s11	1;2;3	11;11;11
1230	3340	1230	1231	3	3	trialwise	1739;3381;5268	1739;3381;5268	11;22;33	138;12;131	sub-008_ses-104_task-s11;sub-008_ses-203_task-s11;sub-008_ses-305_task-s11	1739	11	138	sub-008	ses-104	task-s11	1;2;3	11;11;11
1231	3342	1231	1232	3	3	trialwise	1683;3527;5220	1683;3527;5220	11;22;33	82;158;83	sub-008_ses-104_task-s11;sub-008_ses-203_task-s11;sub-008_ses-305_task-s11	1683	11	82	sub-008	ses-104	task-s11	1;2;3	11;11;11
1232	3380	1232	1233	3	3	trialwise	1416;3053;4926	1416;3053;4926	9;20;31	149;18;123	sub-008_ses-104_task-s9;sub-008_ses-203_task-s9;sub-008_ses-304_task-s9	1416	9	149	sub-008	ses-104	task-s9	1;2;3	9;9;9
1233	3395	1233	1234	3	3	trialwise	1504;3246;5118	1504;3246;5118	10;21;32	70;44;148	sub-008_ses-104_task-s10;sub-008_ses-203_task-s10;sub-008_ses-306_task-s10	1504	10	70	sub-008	ses-104	task-s10	1;2;3	10;10;10
1234	3428	1234	1235	3	3	trialwise	1305;3157;4833	1305;3157;4833	9;20;31	38;122;30	sub-008_ses-104_task-s9;sub-008_ses-203_task-s9;sub-008_ses-304_task-s9	1305	9	38	sub-008	ses-104	task-s9	1;2;3	9;9;9
1235	3435	1235	1236	3	3	trialwise	1316;3036;4898	1316;3036;4898	9;20;31	49;1;95	sub-008_ses-104_task-s9;sub-008_ses-203_task-s9;sub-008_ses-304_task-s9	1316	9	49	sub-008	ses-104	task-s9	1;2;3	9;9;9
1236	3455	1236	1237	3	3	trialwise	1444;3344;5028	1444;3344;5028	10;21;32	10;142;58	sub-008_ses-104_task-s10;sub-008_ses-203_task-s10;sub-008_ses-306_task-s10	1444	10	10	sub-008	ses-104	task-s10	1;2;3	10;10;10
1237	3465	1237	1238	3	3	trialwise	1638;3500;5145	1638;3500;5145	11;22;33	37;131;8	sub-008_ses-104_task-s11;sub-008_ses-203_task-s11;sub-008_ses-305_task-s11	1638	11	37	sub-008	ses-104	task-s11	1;2;3	11;11;11
1238	3489	1238	1239	3	3	trialwise	1661;3453;5299	1661;3453;5299	11;22;33	60;84;162	sub-008_ses-104_task-s11;sub-008_ses-203_task-s11;sub-008_ses-305_task-s11	1661	11	60	sub-008	ses-104	task-s11	1;2;3	11;11;11
1239	3520	1239	1240	3	3	trialwise	1285;3184;4951	1285;3184;4951	9;20;31	18;149;148	sub-008_ses-104_task-s9;sub-008_ses-203_task-s9;sub-008_ses-304_task-s9	1285	9	18	sub-008	ses-104	task-s9	1;2;3	9;9;9
1240	3523	1240	1241	3	3	trialwise	1318;3061;4859	1318;3061;4859	9;20;31	51;26;56	sub-008_ses-104_task-s9;sub-008_ses-203_task-s9;sub-008_ses-304_task-s9	1318	9	51	sub-008	ses-104	task-s9	1;2;3	9;9;9
1241	3525	1241	1242	3	3	trialwise	1367;3098;4889	1367;3098;4889	9;20;31	100;63;86	sub-008_ses-104_task-s9;sub-008_ses-203_task-s9;sub-008_ses-304_task-s9	1367	9	100	sub-008	ses-104	task-s9	1;2;3	9;9;9
1242	3534	1242	1243	3	3	trialwise	1381;3102;4874	1381;3102;4874	9;20;31	114;67;71	sub-008_ses-104_task-s9;sub-008_ses-203_task-s9;sub-008_ses-304_task-s9	1381	9	114	sub-008	ses-104	task-s9	1;2;3	9;9;9
1243	3581	1243	1244	3	3	trialwise	1314;3039;4831	1314;3039;4831	9;20;31	47;4;28	sub-008_ses-104_task-s9;sub-008_ses-203_task-s9;sub-008_ses-304_task-s9	1314	9	47	sub-008	ses-104	task-s9	1;2;3	9;9;9
1244	3631	1244	1245	3	3	trialwise	1618;3533;5206	1618;3533;5206	11;22;33	17;164;69	sub-008_ses-104_task-s11;sub-008_ses-203_task-s11;sub-008_ses-305_task-s11	1618	11	17	sub-008	ses-104	task-s11	1;2;3	11;11;11
1245	3634	1245	1246	3	3	trialwise	1384;3128;4806	1384;3128;4806	9;20;31	117;93;3	sub-008_ses-104_task-s9;sub-008_ses-203_task-s9;sub-008_ses-304_task-s9	1384	9	117	sub-008	ses-104	task-s9	1;2;3	9;9;9
1246	3646	1246	1247	3	3	trialwise	1601;3292;5135	1601;3292;5135	10;21;32	167;90;165	sub-008_ses-104_task-s10;sub-008_ses-203_task-s10;sub-008_ses-306_task-s10	1601	10	167	sub-008	ses-104	task-s10	1;2;3	10;10;10
1247	3655	1247	1248	3	3	trialwise	1344;3108;4944	1344;3108;4944	9;20;31	77;73;141	sub-008_ses-104_task-s9;sub-008_ses-203_task-s9;sub-008_ses-304_task-s9	1344	9	77	sub-008	ses-104	task-s9	1;2;3	9;9;9
1248	3692	1248	1249	3	3	trialwise	1351;3107;4938	1351;3107;4938	9;20;31	84;72;135	sub-008_ses-104_task-s9;sub-008_ses-203_task-s9;sub-008_ses-304_task-s9	1351	9	84	sub-008	ses-104	task-s9	1;2;3	9;9;9
1249	3699	1249	1250	3	3	trialwise	1647;3444;5260	1647;3444;5260	11;22;33	46;75;123	sub-008_ses-104_task-s11;sub-008_ses-203_task-s11;sub-008_ses-305_task-s11	1647	11	46	sub-008	ses-104	task-s11	1;2;3	11;11;11
1250	3737	1250	1251	2	2	trialwise	1483;3317	1483;3317	10;21	49;115	sub-008_ses-104_task-s10;sub-008_ses-203_task-s10	1483	10	49	sub-008	ses-104	task-s10	1;2	10;10
1251	3745	1251	1252	3	3	trialwise	1432;3191;4870	1432;3191;4870	9;20;31	165;156;67	sub-008_ses-104_task-s9;sub-008_ses-203_task-s9;sub-008_ses-304_task-s9	1432	9	165	sub-008	ses-104	task-s9	1;2;3	9;9;9
1252	3774	1252	1253	3	3	trialwise	1563;3239;5051	1563;3239;5051	10;21;32	129;37;81	sub-008_ses-104_task-s10;sub-008_ses-203_task-s10;sub-008_ses-306_task-s10	1563	10	129	sub-008	ses-104	task-s10	1;2;3	10;10;10
1253	3793	1253	1254	3	3	trialwise	1410;3185;4890	1410;3185;4890	9;20;31	143;150;87	sub-008_ses-104_task-s9;sub-008_ses-203_task-s9;sub-008_ses-304_task-s9	1410	9	143	sub-008	ses-104	task-s9	1;2;3	9;9;9
1254	3804	1254	1255	3	3	trialwise	1383;3166;4959	1383;3166;4959	9;20;31	116;131;156	sub-008_ses-104_task-s9;sub-008_ses-203_task-s9;sub-008_ses-304_task-s9	1383	9	116	sub-008	ses-104	task-s9	1;2;3	9;9;9
1255	3826	1255	1256	4	4	trialwise	1506;3278;4985;5077	1506;3278;4985;5077	10;21;32;32	72;76;15;107	sub-008_ses-104_task-s10;sub-008_ses-203_task-s10;sub-008_ses-306_task-s10;sub-008_ses-306_task-s10	1506	10	72	sub-008	ses-104	task-s10	1;2;3;3	10;10;10;10
1256	3860	1256	1257	3	3	trialwise	1508;3319;5055	1508;3319;5055	10;21;32	74;117;85	sub-008_ses-104_task-s10;sub-008_ses-203_task-s10;sub-008_ses-306_task-s10	1508	10	74	sub-008	ses-104	task-s10	1;2;3	10;10;10
1257	3872	1257	1258	3	3	trialwise	1481;3273;5001	1481;3273;5001	10;21;32	47;71;31	sub-008_ses-104_task-s10;sub-008_ses-203_task-s10;sub-008_ses-306_task-s10	1481	10	47	sub-008	ses-104	task-s10	1;2;3	10;10;10
1258	3904	1258	1259	3	3	trialwise	1269;3099;4939	1269;3099;4939	9;20;31	2;64;136	sub-008_ses-104_task-s9;sub-008_ses-203_task-s9;sub-008_ses-304_task-s9	1269	9	2	sub-008	ses-104	task-s9	1;2;3	9;9;9
1259	3910	1259	1260	3	3	trialwise	1392;3071;4873	1392;3071;4873	9;20;31	125;36;70	sub-008_ses-104_task-s9;sub-008_ses-203_task-s9;sub-008_ses-304_task-s9	1392	9	125	sub-008	ses-104	task-s9	1;2;3	9;9;9
1260	3931	1260	1261	3	3	trialwise	1619;3521;5193	1619;3521;5193	11;22;33	18;152;56	sub-008_ses-104_task-s11;sub-008_ses-203_task-s11;sub-008_ses-305_task-s11	1619	11	18	sub-008	ses-104	task-s11	1;2;3	11;11;11
1261	3951	1261	1262	3	3	trialwise	1332;3106;4910	1332;3106;4910	9;20;31	65;71;107	sub-008_ses-104_task-s9;sub-008_ses-203_task-s9;sub-008_ses-304_task-s9	1332	9	65	sub-008	ses-104	task-s9	1;2;3	9;9;9
1262	3980	1262	1263	3	3	trialwise	1556;3230;5029	1556;3230;5029	10;21;32	122;28;59	sub-008_ses-104_task-s10;sub-008_ses-203_task-s10;sub-008_ses-306_task-s10	1556	10	122	sub-008	ses-104	task-s10	1;2;3	10;10;10
1263	3988	1263	1264	3	3	trialwise	1666;3471;5210	1666;3471;5210	11;22;33	65;102;73	sub-008_ses-104_task-s11;sub-008_ses-203_task-s11;sub-008_ses-305_task-s11	1666	11	65	sub-008	ses-104	task-s11	1;2;3	11;11;11
1264	4008	1264	1265	3	3	trialwise	1507;3279;5018	1507;3279;5018	10;21;32	73;77;48	sub-008_ses-104_task-s10;sub-008_ses-203_task-s10;sub-008_ses-306_task-s10	1507	10	73	sub-008	ses-104	task-s10	1;2;3	10;10;10
1265	4034	1265	1266	3	3	trialwise	1646;3528;5291	1646;3528;5291	11;22;33	45;159;154	sub-008_ses-104_task-s11;sub-008_ses-203_task-s11;sub-008_ses-305_task-s11	1646	11	45	sub-008	ses-104	task-s11	1;2;3	11;11;11
1266	4047	1266	1267	3	3	trialwise	1602;3534;5284	1602;3534;5284	11;22;33	1;165;147	sub-008_ses-104_task-s11;sub-008_ses-203_task-s11;sub-008_ses-305_task-s11	1602	11	1	sub-008	ses-104	task-s11	1;2;3	11;11;11
1267	4061	1267	1268	3	3	trialwise	1292;3199;4856	1292;3199;4856	9;20;31	25;164;53	sub-008_ses-104_task-s9;sub-008_ses-203_task-s9;sub-008_ses-304_task-s9	1292	9	25	sub-008	ses-104	task-s9	1;2;3	9;9;9
1268	4102	1268	1269	3	3	trialwise	1295;3065;4876	1295;3065;4876	9;20;31	28;30;73	sub-008_ses-104_task-s9;sub-008_ses-203_task-s9;sub-008_ses-304_task-s9	1295	9	28	sub-008	ses-104	task-s9	1;2;3	9;9;9
1269	4107	1269	1270	3	3	trialwise	1364;3037;4877	1364;3037;4877	9;20;31	97;2;74	sub-008_ses-104_task-s9;sub-008_ses-203_task-s9;sub-008_ses-304_task-s9	1364	9	97	sub-008	ses-104	task-s9	1;2;3	9;9;9
1270	4122	1270	1271	3	3	trialwise	1320;3163;4838	1320;3163;4838	9;20;31	53;128;35	sub-008_ses-104_task-s9;sub-008_ses-203_task-s9;sub-008_ses-304_task-s9	1320	9	53	sub-008	ses-104	task-s9	1;2;3	9;9;9
1271	4130	1271	1272	3	3	trialwise	1653;3415;5282	1653;3415;5282	11;22;33	52;46;145	sub-008_ses-104_task-s11;sub-008_ses-203_task-s11;sub-008_ses-305_task-s11	1653	11	52	sub-008	ses-104	task-s11	1;2;3	11;11;11
1272	4180	1272	1273	3	3	trialwise	1312;3129;4967	1312;3129;4967	9;20;31	45;94;164	sub-008_ses-104_task-s9;sub-008_ses-203_task-s9;sub-008_ses-304_task-s9	1312	9	45	sub-008	ses-104	task-s9	1;2;3	9;9;9
1273	4186	1273	1274	3	3	trialwise	1275;3175;4868	1275;3175;4868	9;20;31	8;140;65	sub-008_ses-104_task-s9;sub-008_ses-203_task-s9;sub-008_ses-304_task-s9	1275	9	8	sub-008	ses-104	task-s9	1;2;3	9;9;9
1274	4209	1274	1275	3	3	trialwise	1676;3410;5159	1676;3410;5159	11;22;33	75;41;22	sub-008_ses-104_task-s11;sub-008_ses-203_task-s11;sub-008_ses-305_task-s11	1676	11	75	sub-008	ses-104	task-s11	1;2;3	11;11;11
1275	4227	1275	1276	3	3	trialwise	1612;3375;5275	1612;3375;5275	11;22;33	11;6;138	sub-008_ses-104_task-s11;sub-008_ses-203_task-s11;sub-008_ses-305_task-s11	1612	11	11	sub-008	ses-104	task-s11	1;2;3	11;11;11
1276	4252	1276	1277	3	3	trialwise	1721;3498;5232	1721;3498;5232	11;22;33	120;129;95	sub-008_ses-104_task-s11;sub-008_ses-203_task-s11;sub-008_ses-305_task-s11	1721	11	120	sub-008	ses-104	task-s11	1;2;3	11;11;11
1277	4275	1277	1278	3	3	trialwise	1716;3446;5248	1716;3446;5248	11;22;33	115;77;111	sub-008_ses-104_task-s11;sub-008_ses-203_task-s11;sub-008_ses-305_task-s11	1716	11	115	sub-008	ses-104	task-s11	1;2;3	11;11;11
1278	4294	1278	1279	3	3	trialwise	1427;3104;4958	1427;3104;4958	9;20;31	160;69;155	sub-008_ses-104_task-s9;sub-008_ses-203_task-s9;sub-008_ses-304_task-s9	1427	9	160	sub-008	ses-104	task-s9	1;2;3	9;9;9
1279	4296	1279	1280	3	3	trialwise	1478;3322;5057	1478;3322;5057	10;21;32	44;120;87	sub-008_ses-104_task-s10;sub-008_ses-203_task-s10;sub-008_ses-306_task-s10	1478	10	44	sub-008	ses-104	task-s10	1;2;3	10;10;10
1280	4330	1280	1281	3	3	trialwise	1421;3171;4903	1421;3171;4903	9;20;31	154;136;100	sub-008_ses-104_task-s9;sub-008_ses-203_task-s9;sub-008_ses-304_task-s9	1421	9	154	sub-008	ses-104	task-s9	1;2;3	9;9;9
1281	4355	1281	1282	3	3	trialwise	1637;3478;5216	1637;3478;5216	11;22;33	36;109;79	sub-008_ses-104_task-s11;sub-008_ses-203_task-s11;sub-008_ses-305_task-s11	1637	11	36	sub-008	ses-104	task-s11	1;2;3	11;11;11
1282	4390	1282	1283	2	2	trialwise	1470;3241	1470;3241	10;21	36;39	sub-008_ses-104_task-s10;sub-008_ses-203_task-s10	1470	10	36	sub-008	ses-104	task-s10	1;2	10;10
1283	4393	1283	1284	3	3	trialwise	1329;3145;4845	1329;3145;4845	9;20;31	62;110;42	sub-008_ses-104_task-s9;sub-008_ses-203_task-s9;sub-008_ses-304_task-s9	1329	9	62	sub-008	ses-104	task-s9	1;2;3	9;9;9
1284	4405	1284	1285	3	3	trialwise	1625;3385;5186	1625;3385;5186	11;22;33	24;16;49	sub-008_ses-104_task-s11;sub-008_ses-203_task-s11;sub-008_ses-305_task-s11	1625	11	24	sub-008	ses-104	task-s11	1;2;3	11;11;11
1285	4433	1285	1286	3	3	trialwise	1380;3192;4841	1380;3192;4841	9;20;31	113;157;38	sub-008_ses-104_task-s9;sub-008_ses-203_task-s9;sub-008_ses-304_task-s9	1380	9	113	sub-008	ses-104	task-s9	1;2;3	9;9;9
1286	4459	1286	1287	3	3	trialwise	1441;3329;5081	1441;3329;5081	10;21;32	7;127;111	sub-008_ses-104_task-s10;sub-008_ses-203_task-s10;sub-008_ses-306_task-s10	1441	10	7	sub-008	ses-104	task-s10	1;2;3	10;10;10
1287	4464	1287	1288	3	3	trialwise	1594;3254;5015	1594;3254;5015	10;21;32	160;52;45	sub-008_ses-104_task-s10;sub-008_ses-203_task-s10;sub-008_ses-306_task-s10	1594	10	160	sub-008	ses-104	task-s10	1;2;3	10;10;10
1288	4481	1288	1289	3	3	trialwise	1558;3367;5105	1558;3367;5105	10;21;32	124;165;135	sub-008_ses-104_task-s10;sub-008_ses-203_task-s10;sub-008_ses-306_task-s10	1558	10	124	sub-008	ses-104	task-s10	1;2;3	10;10;10
1289	4486	1289	1290	3	3	trialwise	1339;3109;4918	1339;3109;4918	9;20;31	72;74;115	sub-008_ses-104_task-s9;sub-008_ses-203_task-s9;sub-008_ses-304_task-s9	1339	9	72	sub-008	ses-104	task-s9	1;2;3	9;9;9
1290	4529	1290	1291	2	2	trialwise	1500;3226	1500;3226	10;21	66;24	sub-008_ses-104_task-s10;sub-008_ses-203_task-s10	1500	10	66	sub-008	ses-104	task-s10	1;2	10;10
1291	4546	1291	1292	3	3	trialwise	1495;3217;4998	1495;3217;4998	10;21;32	61;15;28	sub-008_ses-104_task-s10;sub-008_ses-203_task-s10;sub-008_ses-306_task-s10	1495	10	61	sub-008	ses-104	task-s10	1;2;3	10;10;10
1292	4570	1292	1293	3	3	trialwise	1627;3411;5139	1627;3411;5139	11;22;33	26;42;2	sub-008_ses-104_task-s11;sub-008_ses-203_task-s11;sub-008_ses-305_task-s11	1627	11	26	sub-008	ses-104	task-s11	1;2;3	11;11;11
1293	4573	1293	1294	3	3	trialwise	1400;3085;4867	1400;3085;4867	9;20;31	133;50;64	sub-008_ses-104_task-s9;sub-008_ses-203_task-s9;sub-008_ses-304_task-s9	1400	9	133	sub-008	ses-104	task-s9	1;2;3	9;9;9
1294	4623	1294	1295	3	3	trialwise	1752;3470;5288	1752;3470;5288	11;22;33	151;101;151	sub-008_ses-104_task-s11;sub-008_ses-203_task-s11;sub-008_ses-305_task-s11	1752	11	151	sub-008	ses-104	task-s11	1;2;3	11;11;11
1295	4635	1295	1296	3	3	trialwise	1434;3117;4812	1434;3117;4812	9;20;31	167;82;9	sub-008_ses-104_task-s9;sub-008_ses-203_task-s9;sub-008_ses-304_task-s9	1434	9	167	sub-008	ses-104	task-s9	1;2;3	9;9;9
1296	4653	1296	1297	3	3	trialwise	1652;3485;5194	1652;3485;5194	11;22;33	51;116;57	sub-008_ses-104_task-s11;sub-008_ses-203_task-s11;sub-008_ses-305_task-s11	1652	11	51	sub-008	ses-104	task-s11	1;2;3	11;11;11
1297	4675	1297	1298	3	3	trialwise	1296;3148;4923	1296;3148;4923	9;20;31	29;113;120	sub-008_ses-104_task-s9;sub-008_ses-203_task-s9;sub-008_ses-304_task-s9	1296	9	29	sub-008	ses-104	task-s9	1;2;3	9;9;9
1298	4683	1298	1299	3	3	trialwise	1592;3252;5101	1592;3252;5101	10;21;32	158;50;131	sub-008_ses-104_task-s10;sub-008_ses-203_task-s10;sub-008_ses-306_task-s10	1592	10	158	sub-008	ses-104	task-s10	1;2;3	10;10;10
1299	4715	1299	1300	3	3	trialwise	1738;3492;5263	1738;3492;5263	11;22;33	137;123;126	sub-008_ses-104_task-s11;sub-008_ses-203_task-s11;sub-008_ses-305_task-s11	1738	11	137	sub-008	ses-104	task-s11	1;2;3	11;11;11
1300	4735	1300	1301	3	3	trialwise	1361;3155;4945	1361;3155;4945	9;20;31	94;120;142	sub-008_ses-104_task-s9;sub-008_ses-203_task-s9;sub-008_ses-304_task-s9	1361	9	94	sub-008	ses-104	task-s9	1;2;3	9;9;9
1301	4755	1301	1302	3	3	trialwise	1589;3208;5075	1589;3208;5075	10;21;32	155;6;105	sub-008_ses-104_task-s10;sub-008_ses-203_task-s10;sub-008_ses-306_task-s10	1589	10	155	sub-008	ses-104	task-s10	1;2;3	10;10;10
1302	4761	1302	1303	3	3	trialwise	1668;3392;5219	1668;3392;5219	11;22;33	67;23;82	sub-008_ses-104_task-s11;sub-008_ses-203_task-s11;sub-008_ses-305_task-s11	1668	11	67	sub-008	ses-104	task-s11	1;2;3	11;11;11
1303	4769	1303	1304	3	3	trialwise	1273;3064;4950	1273;3064;4950	9;20;31	6;29;147	sub-008_ses-104_task-s9;sub-008_ses-203_task-s9;sub-008_ses-304_task-s9	1273	9	6	sub-008	ses-104	task-s9	1;2;3	9;9;9
1304	4823	1304	1305	4	4	trialwise	1514;3231;4989;5064	1514;3231;4989;5064	10;21;32;32	80;29;19;94	sub-008_ses-104_task-s10;sub-008_ses-203_task-s10;sub-008_ses-306_task-s10;sub-008_ses-306_task-s10	1514	10	80	sub-008	ses-104	task-s10	1;2;3;3	10;10;10;10
1305	4828	1305	1306	3	3	trialwise	1659;3377;5247	1659;3377;5247	11;22;33	58;8;110	sub-008_ses-104_task-s11;sub-008_ses-203_task-s11;sub-008_ses-305_task-s11	1659	11	58	sub-008	ses-104	task-s11	1;2;3	11;11;11
1306	4874	1306	1307	3	3	trialwise	1745;3427;5225	1745;3427;5225	11;22;33	144;58;88	sub-008_ses-104_task-s11;sub-008_ses-203_task-s11;sub-008_ses-305_task-s11	1745	11	144	sub-008	ses-104	task-s11	1;2;3	11;11;11
1307	4880	1307	1308	3	3	trialwise	1543;3309;5137	1543;3309;5137	10;21;32	109;107;167	sub-008_ses-104_task-s10;sub-008_ses-203_task-s10;sub-008_ses-306_task-s10	1543	10	109	sub-008	ses-104	task-s10	1;2;3	10;10;10
1308	4889	1308	1309	3	3	trialwise	1628;3462;5142	1628;3462;5142	11;22;33	27;93;5	sub-008_ses-104_task-s11;sub-008_ses-203_task-s11;sub-008_ses-305_task-s11	1628	11	27	sub-008	ses-104	task-s11	1;2;3	11;11;11
1309	4903	1309	1310	3	3	trialwise	1353;3154;4844	1353;3154;4844	9;20;31	86;119;41	sub-008_ses-104_task-s9;sub-008_ses-203_task-s9;sub-008_ses-304_task-s9	1353	9	86	sub-008	ses-104	task-s9	1;2;3	9;9;9
1310	4926	1310	1311	3	3	trialwise	1697;3530;5239	1697;3530;5239	11;22;33	96;161;102	sub-008_ses-104_task-s11;sub-008_ses-203_task-s11;sub-008_ses-305_task-s11	1697	11	96	sub-008	ses-104	task-s11	1;2;3	11;11;11
1311	4935	1311	1312	3	3	trialwise	1763;3459;5166	1763;3459;5166	11;22;33	162;90;29	sub-008_ses-104_task-s11;sub-008_ses-203_task-s11;sub-008_ses-305_task-s11	1763	11	162	sub-008	ses-104	task-s11	1;2;3	11;11;11
1312	4994	1312	1313	3	3	trialwise	1376;3048;4908	1376;3048;4908	9;20;31	109;13;105	sub-008_ses-104_task-s9;sub-008_ses-203_task-s9;sub-008_ses-304_task-s9	1376	9	109	sub-008	ses-104	task-s9	1;2;3	9;9;9
1313	4999	1313	1314	3	3	trialwise	1291;3174;4851	1291;3174;4851	9;20;31	24;139;48	sub-008_ses-104_task-s9;sub-008_ses-203_task-s9;sub-008_ses-304_task-s9	1291	9	24	sub-008	ses-104	task-s9	1;2;3	9;9;9
1314	5003	1314	1315	3	3	trialwise	1487;3318;5084	1487;3318;5084	10;21;32	53;116;114	sub-008_ses-104_task-s10;sub-008_ses-203_task-s10;sub-008_ses-306_task-s10	1487	10	53	sub-008	ses-104	task-s10	1;2;3	10;10;10
1315	5011	1315	1316	3	3	trialwise	1472;3337;5047	1472;3337;5047	10;21;32	38;135;77	sub-008_ses-104_task-s10;sub-008_ses-203_task-s10;sub-008_ses-306_task-s10	1472	10	38	sub-008	ses-104	task-s10	1;2;3	10;10;10
1316	5054	1316	1317	3	3	trialwise	1326;3146;4929	1326;3146;4929	9;20;31	59;111;126	sub-008_ses-104_task-s9;sub-008_ses-203_task-s9;sub-008_ses-304_task-s9	1326	9	59	sub-008	ses-104	task-s9	1;2;3	9;9;9
1317	5074	1317	1318	3	3	trialwise	1764;3479;5152	1764;3479;5152	11;22;33	163;110;15	sub-008_ses-104_task-s11;sub-008_ses-203_task-s11;sub-008_ses-305_task-s11	1764	11	163	sub-008	ses-104	task-s11	1;2;3	11;11;11
1318	5087	1318	1319	3	3	trialwise	1297;3120;4949	1297;3120;4949	9;20;31	30;85;146	sub-008_ses-104_task-s9;sub-008_ses-203_task-s9;sub-008_ses-304_task-s9	1297	9	30	sub-008	ses-104	task-s9	1;2;3	9;9;9
1319	5100	1319	1320	2	2	trialwise	1469;3351	1469;3351	10;21	35;149	sub-008_ses-104_task-s10;sub-008_ses-203_task-s10	1469	10	35	sub-008	ses-104	task-s10	1;2	10;10
1320	5124	1320	1321	3	3	trialwise	1674;3451;5197	1674;3451;5197	11;22;33	73;82;60	sub-008_ses-104_task-s11;sub-008_ses-203_task-s11;sub-008_ses-305_task-s11	1674	11	73	sub-008	ses-104	task-s11	1;2;3	11;11;11
1321	5155	1321	1322	3	3	trialwise	1396;3042;4925	1396;3042;4925	9;20;31	129;7;122	sub-008_ses-104_task-s9;sub-008_ses-203_task-s9;sub-008_ses-304_task-s9	1396	9	129	sub-008	ses-104	task-s9	1;2;3	9;9;9
1322	5185	1322	1323	3	3	trialwise	1523;3237;5007	1523;3237;5007	10;21;32	89;35;37	sub-008_ses-104_task-s10;sub-008_ses-203_task-s10;sub-008_ses-306_task-s10	1523	10	89	sub-008	ses-104	task-s10	1;2;3	10;10;10
1323	5200	1323	1324	3	3	trialwise	1606;3412;5261	1606;3412;5261	11;22;33	5;43;124	sub-008_ses-104_task-s11;sub-008_ses-203_task-s11;sub-008_ses-305_task-s11	1606	11	5	sub-008	ses-104	task-s11	1;2;3	11;11;11
1324	5228	1324	1325	3	3	trialwise	1363;3103;4815	1363;3103;4815	9;20;31	96;68;12	sub-008_ses-104_task-s9;sub-008_ses-203_task-s9;sub-008_ses-304_task-s9	1363	9	96	sub-008	ses-104	task-s9	1;2;3	9;9;9
1325	5230	1325	1326	3	3	trialwise	1749;3507;5174	1749;3507;5174	11;22;33	148;138;37	sub-008_ses-104_task-s11;sub-008_ses-203_task-s11;sub-008_ses-305_task-s11	1749	11	148	sub-008	ses-104	task-s11	1;2;3	11;11;11
1326	5248	1326	1327	3	3	trialwise	1505;3228;5044	1505;3228;5044	10;21;32	71;26;74	sub-008_ses-104_task-s10;sub-008_ses-203_task-s10;sub-008_ses-306_task-s10	1505	10	71	sub-008	ses-104	task-s10	1;2;3	10;10;10
1327	5275	1327	1328	3	3	trialwise	1409;3160;4813	1409;3160;4813	9;20;31	142;125;10	sub-008_ses-104_task-s9;sub-008_ses-203_task-s9;sub-008_ses-304_task-s9	1409	9	142	sub-008	ses-104	task-s9	1;2;3	9;9;9
1328	5290	1328	1329	3	3	trialwise	1624;3531;5245	1624;3531;5245	11;22;33	23;162;108	sub-008_ses-104_task-s11;sub-008_ses-203_task-s11;sub-008_ses-305_task-s11	1624	11	23	sub-008	ses-104	task-s11	1;2;3	11;11;11
1329	5299	1329	1330	3	3	trialwise	1462;3245;5110	1462;3245;5110	10;21;32	28;43;140	sub-008_ses-104_task-s10;sub-008_ses-203_task-s10;sub-008_ses-306_task-s10	1462	10	28	sub-008	ses-104	task-s10	1;2;3	10;10;10
1330	5335	1330	1331	2	2	trialwise	1454;3301	1454;3301	10;21	20;99	sub-008_ses-104_task-s10;sub-008_ses-203_task-s10	1454	10	20	sub-008	ses-104	task-s10	1;2	10;10
1331	5339	1331	1332	3	3	trialwise	1664;3472;5176	1664;3472;5176	11;22;33	63;103;39	sub-008_ses-104_task-s11;sub-008_ses-203_task-s11;sub-008_ses-305_task-s11	1664	11	63	sub-008	ses-104	task-s11	1;2;3	11;11;11
1332	5366	1332	1333	3	3	trialwise	1767;3406;5141	1767;3406;5141	11;22;33	166;37;4	sub-008_ses-104_task-s11;sub-008_ses-203_task-s11;sub-008_ses-305_task-s11	1767	11	166	sub-008	ses-104	task-s11	1;2;3	11;11;11
1333	5394	1333	1334	3	3	trialwise	1375;3158;4850	1375;3158;4850	9;20;31	108;123;47	sub-008_ses-104_task-s9;sub-008_ses-203_task-s9;sub-008_ses-304_task-s9	1375	9	108	sub-008	ses-104	task-s9	1;2;3	9;9;9
1334	5417	1334	1335	3	3	trialwise	1551;3283;5085	1551;3283;5085	10;21;32	117;81;115	sub-008_ses-104_task-s10;sub-008_ses-203_task-s10;sub-008_ses-306_task-s10	1551	10	117	sub-008	ses-104	task-s10	1;2;3	10;10;10
1335	5435	1335	1336	4	4	trialwise	1456;3235;5003;5076	1456;3235;5003;5076	10;21;32;32	22;33;33;106	sub-008_ses-104_task-s10;sub-008_ses-203_task-s10;sub-008_ses-306_task-s10;sub-008_ses-306_task-s10	1456	10	22	sub-008	ses-104	task-s10	1;2;3;3	10;10;10;10
1336	5459	1336	1337	2	2	trialwise	1595;3243	1595;3243	10;21	161;41	sub-008_ses-104_task-s10;sub-008_ses-203_task-s10	1595	10	161	sub-008	ses-104	task-s10	1;2	10;10
1337	5474	1337	1338	3	3	trialwise	1686;3486;5271	1686;3486;5271	11;22;33	85;117;134	sub-008_ses-104_task-s11;sub-008_ses-203_task-s11;sub-008_ses-305_task-s11	1686	11	85	sub-008	ses-104	task-s11	1;2;3	11;11;11
1338	5502	1338	1339	3	3	trialwise	1632;3525;5218	1632;3525;5218	11;22;33	31;156;81	sub-008_ses-104_task-s11;sub-008_ses-203_task-s11;sub-008_ses-305_task-s11	1632	11	31	sub-008	ses-104	task-s11	1;2;3	11;11;11
1339	5517	1339	1340	3	3	trialwise	1640;3447;5257	1640;3447;5257	11;22;33	39;78;120	sub-008_ses-104_task-s11;sub-008_ses-203_task-s11;sub-008_ses-305_task-s11	1640	11	39	sub-008	ses-104	task-s11	1;2;3	11;11;11
1340	5548	1340	1341	3	3	trialwise	1574;3323;5104	1574;3323;5104	10;21;32	140;121;134	sub-008_ses-104_task-s10;sub-008_ses-203_task-s10;sub-008_ses-306_task-s10	1574	10	140	sub-008	ses-104	task-s10	1;2;3	10;10;10
1341	5558	1341	1342	4	4	trialwise	1502;3242;4999;5095	1502;3242;4999;5095	10;21;32;32	68;40;29;125	sub-008_ses-104_task-s10;sub-008_ses-203_task-s10;sub-008_ses-306_task-s10;sub-008_ses-306_task-s10	1502	10	68	sub-008	ses-104	task-s10	1;2;3;3	10;10;10;10
1342	5572	1342	1343	3	3	trialwise	1382;3193;4901	1382;3193;4901	9;20;31	115;158;98	sub-008_ses-104_task-s9;sub-008_ses-203_task-s9;sub-008_ses-304_task-s9	1382	9	115	sub-008	ses-104	task-s9	1;2;3	9;9;9
1343	5584	1343	1344	3	3	trialwise	1477;3294;5005	1477;3294;5005	10;21;32	43;92;35	sub-008_ses-104_task-s10;sub-008_ses-203_task-s10;sub-008_ses-306_task-s10	1477	10	43	sub-008	ses-104	task-s10	1;2;3	10;10;10
1344	5624	1344	1345	3	3	trialwise	1571;3341;5133	1571;3341;5133	10;21;32	137;139;163	sub-008_ses-104_task-s10;sub-008_ses-203_task-s10;sub-008_ses-306_task-s10	1571	10	137	sub-008	ses-104	task-s10	1;2;3	10;10;10
1345	5640	1345	1346	3	3	trialwise	1604;3481;5196	1604;3481;5196	11;22;33	3;112;59	sub-008_ses-104_task-s11;sub-008_ses-203_task-s11;sub-008_ses-305_task-s11	1604	11	3	sub-008	ses-104	task-s11	1;2;3	11;11;11
1346	5649	1346	1347	3	3	trialwise	1737;3418;5277	1737;3418;5277	11;22;33	136;49;140	sub-008_ses-104_task-s11;sub-008_ses-203_task-s11;sub-008_ses-305_task-s11	1737	11	136	sub-008	ses-104	task-s11	1;2;3	11;11;11
1347	5674	1347	1348	3	3	trialwise	1691;3419;5154	1691;3419;5154	11;22;33	90;50;17	sub-008_ses-104_task-s11;sub-008_ses-203_task-s11;sub-008_ses-305_task-s11	1691	11	90	sub-008	ses-104	task-s11	1;2;3	11;11;11
1348	5697	1348	1349	3	3	trialwise	1415;3153;4832	1415;3153;4832	9;20;31	148;118;29	sub-008_ses-104_task-s9;sub-008_ses-203_task-s9;sub-008_ses-304_task-s9	1415	9	148	sub-008	ses-104	task-s9	1;2;3	9;9;9
1349	5715	1349	1350	3	3	trialwise	1681;3455;5175	1681;3455;5175	11;22;33	80;86;38	sub-008_ses-104_task-s11;sub-008_ses-203_task-s11;sub-008_ses-305_task-s11	1681	11	80	sub-008	ses-104	task-s11	1;2;3	11;11;11
1350	5731	1350	1351	3	3	trialwise	1731;3458;5173	1731;3458;5173	11;22;33	130;89;36	sub-008_ses-104_task-s11;sub-008_ses-203_task-s11;sub-008_ses-305_task-s11	1731	11	130	sub-008	ses-104	task-s11	1;2;3	11;11;11
1351	5750	1351	1352	3	3	trialwise	1461;3248;5071	1461;3248;5071	10;21;32	27;46;101	sub-008_ses-104_task-s10;sub-008_ses-203_task-s10;sub-008_ses-306_task-s10	1461	10	27	sub-008	ses-104	task-s10	1;2;3	10;10;10
1352	5785	1352	1353	3	3	trialwise	1442;3290;4997	1442;3290;4997	10;21;32	8;88;27	sub-008_ses-104_task-s10;sub-008_ses-203_task-s10;sub-008_ses-306_task-s10	1442	10	8	sub-008	ses-104	task-s10	1;2;3	10;10;10
1353	5788	1353	1354	4	4	trialwise	1524;3355;4995;5099	1524;3355;4995;5099	10;21;32;32	90;153;25;129	sub-008_ses-104_task-s10;sub-008_ses-203_task-s10;sub-008_ses-306_task-s10;sub-008_ses-306_task-s10	1524	10	90	sub-008	ses-104	task-s10	1;2;3;3	10;10;10;10
1354	5823	1354	1355	3	3	trialwise	1665;3387;5228	1665;3387;5228	11;22;33	64;18;91	sub-008_ses-104_task-s11;sub-008_ses-203_task-s11;sub-008_ses-305_task-s11	1665	11	64	sub-008	ses-104	task-s11	1;2;3	11;11;11
1355	5824	1355	1356	4	4	trialwise	1465;3272;4994;5063	1465;3272;4994;5063	10;21;32;32	31;70;24;93	sub-008_ses-104_task-s10;sub-008_ses-203_task-s10;sub-008_ses-306_task-s10;sub-008_ses-306_task-s10	1465	10	31	sub-008	ses-104	task-s10	1;2;3;3	10;10;10;10
1356	5848	1356	1357	2	2	trialwise	1575;3300	1575;3300	10;21	141;98	sub-008_ses-104_task-s10;sub-008_ses-203_task-s10	1575	10	141	sub-008	ses-104	task-s10	1;2	10;10
1357	5874	1357	1358	3	3	trialwise	1741;3456;5162	1741;3456;5162	11;22;33	140;87;25	sub-008_ses-104_task-s11;sub-008_ses-203_task-s11;sub-008_ses-305_task-s11	1741	11	140	sub-008	ses-104	task-s11	1;2;3	11;11;11
1358	5884	1358	1359	3	3	trialwise	1399;3135;4837	1399;3135;4837	9;20;31	132;100;34	sub-008_ses-104_task-s9;sub-008_ses-203_task-s9;sub-008_ses-304_task-s9	1399	9	132	sub-008	ses-104	task-s9	1;2;3	9;9;9
1359	5901	1359	1360	3	3	trialwise	1404;3050;4896	1404;3050;4896	9;20;31	137;15;93	sub-008_ses-104_task-s9;sub-008_ses-203_task-s9;sub-008_ses-304_task-s9	1404	9	137	sub-008	ses-104	task-s9	1;2;3	9;9;9
1360	5947	1360	1361	3	3	trialwise	1423;3176;4805	1423;3176;4805	9;20;31	156;141;2	sub-008_ses-104_task-s9;sub-008_ses-203_task-s9;sub-008_ses-304_task-s9	1423	9	156	sub-008	ses-104	task-s9	1;2;3	9;9;9
1361	5952	1361	1362	3	3	trialwise	1428;3152;4875	1428;3152;4875	9;20;31	161;117;72	sub-008_ses-104_task-s9;sub-008_ses-203_task-s9;sub-008_ses-304_task-s9	1428	9	161	sub-008	ses-104	task-s9	1;2;3	9;9;9
1362	5967	1362	1363	3	3	trialwise	1302;3121;4916	1302;3121;4916	9;20;31	35;86;113	sub-008_ses-104_task-s9;sub-008_ses-203_task-s9;sub-008_ses-304_task-s9	1302	9	35	sub-008	ses-104	task-s9	1;2;3	9;9;9
1363	5990	1363	1364	3	3	trialwise	1675;3489;5161	1675;3489;5161	11;22;33	74;120;24	sub-008_ses-104_task-s11;sub-008_ses-203_task-s11;sub-008_ses-305_task-s11	1675	11	74	sub-008	ses-104	task-s11	1;2;3	11;11;11
1364	6035	1364	1365	3	3	trialwise	1685;3409;5296	1685;3409;5296	11;22;33	84;40;159	sub-008_ses-104_task-s11;sub-008_ses-203_task-s11;sub-008_ses-305_task-s11	1685	11	84	sub-008	ses-104	task-s11	1;2;3	11;11;11
1365	6039	1365	1366	3	3	trialwise	1390;3198;4932	1390;3198;4932	9;20;31	123;163;129	sub-008_ses-104_task-s9;sub-008_ses-203_task-s9;sub-008_ses-304_task-s9	1390	9	123	sub-008	ses-104	task-s9	1;2;3	9;9;9
1366	6065	1366	1367	3	3	trialwise	1306;3186;4937	1306;3186;4937	9;20;31	39;151;134	sub-008_ses-104_task-s9;sub-008_ses-203_task-s9;sub-008_ses-304_task-s9	1306	9	39	sub-008	ses-104	task-s9	1;2;3	9;9;9
1367	6066	1367	1368	3	3	trialwise	1617;3483;5207	1617;3483;5207	11;22;33	16;114;70	sub-008_ses-104_task-s11;sub-008_ses-203_task-s11;sub-008_ses-305_task-s11	1617	11	16	sub-008	ses-104	task-s11	1;2;3	11;11;11
1368	6114	1368	1369	2	2	trialwise	1460;3330	1460;3330	10;21	26;128	sub-008_ses-104_task-s10;sub-008_ses-203_task-s10	1460	10	26	sub-008	ses-104	task-s10	1;2	10;10
1369	6118	1369	1370	3	3	trialwise	1693;3397;5184	1693;3397;5184	11;22;33	92;28;47	sub-008_ses-104_task-s11;sub-008_ses-203_task-s11;sub-008_ses-305_task-s11	1693	11	92	sub-008	ses-104	task-s11	1;2;3	11;11;11
1370	6141	1370	1371	3	3	trialwise	1565;3206;5083	1565;3206;5083	10;21;32	131;4;113	sub-008_ses-104_task-s10;sub-008_ses-203_task-s10;sub-008_ses-306_task-s10	1565	10	131	sub-008	ses-104	task-s10	1;2;3	10;10;10
1371	6154	1371	1372	3	3	trialwise	1609;3439;5244	1609;3439;5244	11;22;33	8;70;107	sub-008_ses-104_task-s11;sub-008_ses-203_task-s11;sub-008_ses-305_task-s11	1609	11	8	sub-008	ses-104	task-s11	1;2;3	11;11;11
1372	6189	1372	1373	3	3	trialwise	1414;3049;4906	1414;3049;4906	9;20;31	147;14;103	sub-008_ses-104_task-s9;sub-008_ses-203_task-s9;sub-008_ses-304_task-s9	1414	9	147	sub-008	ses-104	task-s9	1;2;3	9;9;9
1373	6197	1373	1374	3	3	trialwise	1614;3501;5274	1614;3501;5274	11;22;33	13;132;137	sub-008_ses-104_task-s11;sub-008_ses-203_task-s11;sub-008_ses-305_task-s11	1614	11	13	sub-008	ses-104	task-s11	1;2;3	11;11;11
1374	6212	1374	1375	3	3	trialwise	1299;3093;4941	1299;3093;4941	9;20;31	32;58;138	sub-008_ses-104_task-s9;sub-008_ses-203_task-s9;sub-008_ses-304_task-s9	1299	9	32	sub-008	ses-104	task-s9	1;2;3	9;9;9
1375	6213	1375	1376	3	3	trialwise	1687;3494;5192	1687;3494;5192	11;22;33	86;125;55	sub-008_ses-104_task-s11;sub-008_ses-203_task-s11;sub-008_ses-305_task-s11	1687	11	86	sub-008	ses-104	task-s11	1;2;3	11;11;11
1376	6267	1376	1377	3	3	trialwise	1758;3497;5188	1758;3497;5188	11;22;33	157;128;51	sub-008_ses-104_task-s11;sub-008_ses-203_task-s11;sub-008_ses-305_task-s11	1758	11	157	sub-008	ses-104	task-s11	1;2;3	11;11;11
1377	6278	1377	1378	3	3	trialwise	1270;3150;4822	1270;3150;4822	9;20;31	3;115;19	sub-008_ses-104_task-s9;sub-008_ses-203_task-s9;sub-008_ses-304_task-s9	1270	9	3	sub-008	ses-104	task-s9	1;2;3	9;9;9
1378	6294	1378	1379	3	3	trialwise	1660;3516;5177	1660;3516;5177	11;22;33	59;147;40	sub-008_ses-104_task-s11;sub-008_ses-203_task-s11;sub-008_ses-305_task-s11	1660	11	59	sub-008	ses-104	task-s11	1;2;3	11;11;11
1379	6313	1379	1380	3	3	trialwise	1722;3408;5242	1722;3408;5242	11;22;33	121;39;105	sub-008_ses-104_task-s11;sub-008_ses-203_task-s11;sub-008_ses-305_task-s11	1722	11	121	sub-008	ses-104	task-s11	1;2;3	11;11;11
1380	6325	1380	1381	3	3	trialwise	1552;3216;5061	1552;3216;5061	10;21;32	118;14;91	sub-008_ses-104_task-s10;sub-008_ses-203_task-s10;sub-008_ses-306_task-s10	1552	10	118	sub-008	ses-104	task-s10	1;2;3	10;10;10
1381	6342	1381	1382	3	3	trialwise	1336;3122;4952	1336;3122;4952	9;20;31	69;87;149	sub-008_ses-104_task-s9;sub-008_ses-203_task-s9;sub-008_ses-304_task-s9	1336	9	69	sub-008	ses-104	task-s9	1;2;3	9;9;9
1382	6369	1382	1383	4	4	trialwise	1532;3264;4993;5121	1532;3264;4993;5121	10;21;32;32	98;62;23;151	sub-008_ses-104_task-s10;sub-008_ses-203_task-s10;sub-008_ses-306_task-s10;sub-008_ses-306_task-s10	1532	10	98	sub-008	ses-104	task-s10	1;2;3;3	10;10;10;10
1383	6396	1383	1384	3	3	trialwise	1333;3069;4915	1333;3069;4915	9;20;31	66;34;112	sub-008_ses-104_task-s9;sub-008_ses-203_task-s9;sub-008_ses-304_task-s9	1333	9	66	sub-008	ses-104	task-s9	1;2;3	9;9;9
1384	6411	1384	1385	3	3	trialwise	1424;3057;4954	1424;3057;4954	9;20;31	157;22;151	sub-008_ses-104_task-s9;sub-008_ses-203_task-s9;sub-008_ses-304_task-s9	1424	9	157	sub-008	ses-104	task-s9	1;2;3	9;9;9
1385	6424	1385	1386	3	3	trialwise	1598;3261;5127	1598;3261;5127	10;21;32	164;59;157	sub-008_ses-104_task-s10;sub-008_ses-203_task-s10;sub-008_ses-306_task-s10	1598	10	164	sub-008	ses-104	task-s10	1;2;3	10;10;10
1386	6453	1386	1387	3	3	trialwise	1385;3173;4899	1385;3173;4899	9;20;31	118;138;96	sub-008_ses-104_task-s9;sub-008_ses-203_task-s9;sub-008_ses-304_task-s9	1385	9	118	sub-008	ses-104	task-s9	1;2;3	9;9;9
1387	6463	1387	1388	3	3	trialwise	1725;3438;5293	1725;3438;5293	11;22;33	124;69;156	sub-008_ses-104_task-s11;sub-008_ses-203_task-s11;sub-008_ses-305_task-s11	1725	11	124	sub-008	ses-104	task-s11	1;2;3	11;11;11
1388	6487	1388	1389	3	3	trialwise	1701;3523;5165	1701;3523;5165	11;22;33	100;154;28	sub-008_ses-104_task-s11;sub-008_ses-203_task-s11;sub-008_ses-305_task-s11	1701	11	100	sub-008	ses-104	task-s11	1;2;3	11;11;11
1389	6520	1389	1390	4	4	trialwise	1503;3303;4991;5039	1503;3303;4991;5039	10;21;32;32	69;101;21;69	sub-008_ses-104_task-s10;sub-008_ses-203_task-s10;sub-008_ses-306_task-s10;sub-008_ses-306_task-s10	1503	10	69	sub-008	ses-104	task-s10	1;2;3;3	10;10;10;10
1390	6525	1390	1391	3	3	trialwise	1539;3229;5103	1539;3229;5103	10;21;32	105;27;133	sub-008_ses-104_task-s10;sub-008_ses-203_task-s10;sub-008_ses-306_task-s10	1539	10	105	sub-008	ses-104	task-s10	1;2;3	10;10;10
1391	6526	1391	1392	2	2	trialwise	1572;3324	1572;3324	10;21	138;122	sub-008_ses-104_task-s10;sub-008_ses-203_task-s10	1572	10	138	sub-008	ses-104	task-s10	1;2	10;10
1392	6574	1392	1393	3	3	trialwise	1439;3342;5000	1439;3342;5000	10;21;32	5;140;30	sub-008_ses-104_task-s10;sub-008_ses-203_task-s10;sub-008_ses-306_task-s10	1439	10	5	sub-008	ses-104	task-s10	1;2;3	10;10;10
1393	6590	1393	1394	3	3	trialwise	1714;3421;5243	1714;3421;5243	11;22;33	113;52;106	sub-008_ses-104_task-s11;sub-008_ses-203_task-s11;sub-008_ses-305_task-s11	1714	11	113	sub-008	ses-104	task-s11	1;2;3	11;11;11
1394	6613	1394	1395	2	2	trialwise	1513;3311	1513;3311	10;21	79;109	sub-008_ses-104_task-s10;sub-008_ses-203_task-s10	1513	10	79	sub-008	ses-104	task-s10	1;2	10;10
1395	6622	1395	1396	3	3	trialwise	1679;3423;5183	1679;3423;5183	11;22;33	78;54;46	sub-008_ses-104_task-s11;sub-008_ses-203_task-s11;sub-008_ses-305_task-s11	1679	11	78	sub-008	ses-104	task-s11	1;2;3	11;11;11
1396	6651	1396	1397	3	3	trialwise	1537;3298;5108	1537;3298;5108	10;21;32	103;96;138	sub-008_ses-104_task-s10;sub-008_ses-203_task-s10;sub-008_ses-306_task-s10	1537	10	103	sub-008	ses-104	task-s10	1;2;3	10;10;10
1397	6652	1397	1398	3	3	trialwise	1530;3360;5038	1530;3360;5038	10;21;32	96;158;68	sub-008_ses-104_task-s10;sub-008_ses-203_task-s10;sub-008_ses-306_task-s10	1530	10	96	sub-008	ses-104	task-s10	1;2;3	10;10;10
1398	6686	1398	1399	3	3	trialwise	1744;3384;5163	1744;3384;5163	11;22;33	143;15;26	sub-008_ses-104_task-s11;sub-008_ses-203_task-s11;sub-008_ses-305_task-s11	1744	11	143	sub-008	ses-104	task-s11	1;2;3	11;11;11
1399	6711	1399	1400	3	3	trialwise	1341;3190;4825	1341;3190;4825	9;20;31	74;155;22	sub-008_ses-104_task-s9;sub-008_ses-203_task-s9;sub-008_ses-304_task-s9	1341	9	74	sub-008	ses-104	task-s9	1;2;3	9;9;9
1400	6751	1400	1401	3	3	trialwise	1348;3151;4804	1348;3151;4804	9;20;31	81;116;1	sub-008_ses-104_task-s9;sub-008_ses-203_task-s9;sub-008_ses-304_task-s9	1348	9	81	sub-008	ses-104	task-s9	1;2;3	9;9;9
1401	6754	1401	1402	3	3	trialwise	1695;3509;5211	1695;3509;5211	11;22;33	94;140;74	sub-008_ses-104_task-s11;sub-008_ses-203_task-s11;sub-008_ses-305_task-s11	1695	11	94	sub-008	ses-104	task-s11	1;2;3	11;11;11
1402	6763	1402	1403	3	3	trialwise	1567;3299;5113	1567;3299;5113	10;21;32	133;97;143	sub-008_ses-104_task-s10;sub-008_ses-203_task-s10;sub-008_ses-306_task-s10	1567	10	133	sub-008	ses-104	task-s10	1;2;3	10;10;10
1403	6778	1403	1404	3	3	trialwise	1542;3244;5073	1542;3244;5073	10;21;32	108;42;103	sub-008_ses-104_task-s10;sub-008_ses-203_task-s10;sub-008_ses-306_task-s10	1542	10	108	sub-008	ses-104	task-s10	1;2;3	10;10;10
1404	6799	1404	1405	3	3	trialwise	1540;3339;5078	1540;3339;5078	10;21;32	106;137;108	sub-008_ses-104_task-s10;sub-008_ses-203_task-s10;sub-008_ses-306_task-s10	1540	10	106	sub-008	ses-104	task-s10	1;2;3	10;10;10
1405	6803	1405	1406	3	3	trialwise	1576;3312;5089	1576;3312;5089	10;21;32	142;110;119	sub-008_ses-104_task-s10;sub-008_ses-203_task-s10;sub-008_ses-306_task-s10	1576	10	142	sub-008	ses-104	task-s10	1;2;3	10;10;10
1406	6852	1406	1407	3	3	trialwise	1761;3422;5294	1761;3422;5294	11;22;33	160;53;157	sub-008_ses-104_task-s11;sub-008_ses-203_task-s11;sub-008_ses-305_task-s11	1761	11	160	sub-008	ses-104	task-s11	1;2;3	11;11;11
1407	6873	1407	1408	3	3	trialwise	1330;3100;4917	1330;3100;4917	9;20;31	63;65;114	sub-008_ses-104_task-s9;sub-008_ses-203_task-s9;sub-008_ses-304_task-s9	1330	9	63	sub-008	ses-104	task-s9	1;2;3	9;9;9
1408	6892	1408	1409	3	3	trialwise	1748;3425;5278	1748;3425;5278	11;22;33	147;56;141	sub-008_ses-104_task-s11;sub-008_ses-203_task-s11;sub-008_ses-305_task-s11	1748	11	147	sub-008	ses-104	task-s11	1;2;3	11;11;11
1409	6906	1409	1410	3	3	trialwise	1288;3119;4887	1288;3119;4887	9;20;31	21;84;84	sub-008_ses-104_task-s9;sub-008_ses-203_task-s9;sub-008_ses-304_task-s9	1288	9	21	sub-008	ses-104	task-s9	1;2;3	9;9;9
1410	6955	1410	1411	3	3	trialwise	1406;3045;4947	1406;3045;4947	9;20;31	139;10;144	sub-008_ses-104_task-s9;sub-008_ses-203_task-s9;sub-008_ses-304_task-s9	1406	9	139	sub-008	ses-104	task-s9	1;2;3	9;9;9
1411	6957	1411	1412	3	3	trialwise	1391;3110;4834	1391;3110;4834	9;20;31	124;75;31	sub-008_ses-104_task-s9;sub-008_ses-203_task-s9;sub-008_ses-304_task-s9	1391	9	124	sub-008	ses-104	task-s9	1;2;3	9;9;9
1412	6978	1412	1413	3	3	trialwise	1630;3404;5179	1630;3404;5179	11;22;33	29;35;42	sub-008_ses-104_task-s11;sub-008_ses-203_task-s11;sub-008_ses-305_task-s11	1630	11	29	sub-008	ses-104	task-s11	1;2;3	11;11;11
1413	6996	1413	1414	3	3	trialwise	1388;3082;4842	1388;3082;4842	9;20;31	121;47;39	sub-008_ses-104_task-s9;sub-008_ses-203_task-s9;sub-008_ses-304_task-s9	1388	9	121	sub-008	ses-104	task-s9	1;2;3	9;9;9
1414	7022	1414	1415	3	3	trialwise	1756;3450;5164	1756;3450;5164	11;22;33	155;81;27	sub-008_ses-104_task-s11;sub-008_ses-203_task-s11;sub-008_ses-305_task-s11	1756	11	155	sub-008	ses-104	task-s11	1;2;3	11;11;11
1415	7036	1415	1416	3	3	trialwise	1643;3512;5190	1643;3512;5190	11;22;33	42;143;53	sub-008_ses-104_task-s11;sub-008_ses-203_task-s11;sub-008_ses-305_task-s11	1643	11	42	sub-008	ses-104	task-s11	1;2;3	11;11;11
1416	7064	1416	1417	3	3	trialwise	1633;3496;5195	1633;3496;5195	11;22;33	32;127;58	sub-008_ses-104_task-s11;sub-008_ses-203_task-s11;sub-008_ses-305_task-s11	1633	11	32	sub-008	ses-104	task-s11	1;2;3	11;11;11
1417	7069	1417	1418	3	3	trialwise	1352;3080;4828	1352;3080;4828	9;20;31	85;45;25	sub-008_ses-104_task-s9;sub-008_ses-203_task-s9;sub-008_ses-304_task-s9	1352	9	85	sub-008	ses-104	task-s9	1;2;3	9;9;9
1418	7114	1418	1419	3	3	trialwise	1466;3305;5106	1466;3305;5106	10;21;32	32;103;136	sub-008_ses-104_task-s10;sub-008_ses-203_task-s10;sub-008_ses-306_task-s10	1466	10	32	sub-008	ses-104	task-s10	1;2;3	10;10;10
1419	7115	1419	1420	3	3	trialwise	1621;3430;5265	1621;3430;5265	11;22;33	20;61;128	sub-008_ses-104_task-s11;sub-008_ses-203_task-s11;sub-008_ses-305_task-s11	1621	11	20	sub-008	ses-104	task-s11	1;2;3	11;11;11
1420	7149	1420	1421	3	3	trialwise	1287;3112;4866	1287;3112;4866	9;20;31	20;77;63	sub-008_ses-104_task-s9;sub-008_ses-203_task-s9;sub-008_ses-304_task-s9	1287	9	20	sub-008	ses-104	task-s9	1;2;3	9;9;9
1421	7155	1421	1422	3	3	trialwise	1340;3040;4956	1340;3040;4956	9;20;31	73;5;153	sub-008_ses-104_task-s9;sub-008_ses-203_task-s9;sub-008_ses-304_task-s9	1340	9	73	sub-008	ses-104	task-s9	1;2;3	9;9;9
1422	7169	1422	1423	3	3	trialwise	1728;3376;5223	1728;3376;5223	11;22;33	127;7;86	sub-008_ses-104_task-s11;sub-008_ses-203_task-s11;sub-008_ses-305_task-s11	1728	11	127	sub-008	ses-104	task-s11	1;2;3	11;11;11
1423	7195	1423	1424	2	2	trialwise	1491;3352	1491;3352	10;21	57;150	sub-008_ses-104_task-s10;sub-008_ses-203_task-s10	1491	10	57	sub-008	ses-104	task-s10	1;2	10;10
1424	7217	1424	1425	2	2	trialwise	1583;3267	1583;3267	10;21	149;65	sub-008_ses-104_task-s10;sub-008_ses-203_task-s10	1583	10	149	sub-008	ses-104	task-s10	1;2	10;10
1425	7224	1425	1426	3	3	trialwise	1644;3502;5229	1644;3502;5229	11;22;33	43;133;92	sub-008_ses-104_task-s11;sub-008_ses-203_task-s11;sub-008_ses-305_task-s11	1644	11	43	sub-008	ses-104	task-s11	1;2;3	11;11;11
1426	7241	1426	1427	3	3	trialwise	1518;3218;5026	1518;3218;5026	10;21;32	84;16;56	sub-008_ses-104_task-s10;sub-008_ses-203_task-s10;sub-008_ses-306_task-s10	1518	10	84	sub-008	ses-104	task-s10	1;2;3	10;10;10
1427	7280	1427	1428	3	3	trialwise	1529;3286;5008	1529;3286;5008	10;21;32	95;84;38	sub-008_ses-104_task-s10;sub-008_ses-203_task-s10;sub-008_ses-306_task-s10	1529	10	95	sub-008	ses-104	task-s10	1;2;3	10;10;10
1428	7305	1428	1429	3	3	trialwise	1325;3134;4861	1325;3134;4861	9;20;31	58;99;58	sub-008_ses-104_task-s9;sub-008_ses-203_task-s9;sub-008_ses-304_task-s9	1325	9	58	sub-008	ses-104	task-s9	1;2;3	9;9;9
1429	7320	1429	1430	3	3	trialwise	1635;3378;5143	1635;3378;5143	11;22;33	34;9;6	sub-008_ses-104_task-s11;sub-008_ses-203_task-s11;sub-008_ses-305_task-s11	1635	11	34	sub-008	ses-104	task-s11	1;2;3	11;11;11
1430	7340	1430	1431	3	3	trialwise	1590;3307;5046	1590;3307;5046	10;21;32	156;105;76	sub-008_ses-104_task-s10;sub-008_ses-203_task-s10;sub-008_ses-306_task-s10	1590	10	156	sub-008	ses-104	task-s10	1;2;3	10;10;10
1431	7360	1431	1432	3	3	trialwise	1459;3233;5017	1459;3233;5017	10;21;32	25;31;47	sub-008_ses-104_task-s10;sub-008_ses-203_task-s10;sub-008_ses-306_task-s10	1459	10	25	sub-008	ses-104	task-s10	1;2;3	10;10;10
1432	7380	1432	1433	3	3	trialwise	1520;3270;5004	1520;3270;5004	10;21;32	86;68;34	sub-008_ses-104_task-s10;sub-008_ses-203_task-s10;sub-008_ses-306_task-s10	1520	10	86	sub-008	ses-104	task-s10	1;2;3	10;10;10
1433	7389	1433	1434	3	3	trialwise	1476;3212;5024	1476;3212;5024	10;21;32	42;10;54	sub-008_ses-104_task-s10;sub-008_ses-203_task-s10;sub-008_ses-306_task-s10	1476	10	42	sub-008	ses-104	task-s10	1;2;3	10;10;10
1434	7403	1434	1435	3	3	trialwise	1719;3424;5157	1719;3424;5157	11;22;33	118;55;20	sub-008_ses-104_task-s11;sub-008_ses-203_task-s11;sub-008_ses-305_task-s11	1719	11	118	sub-008	ses-104	task-s11	1;2;3	11;11;11
1435	7461	1435	1436	3	3	trialwise	1354;3096;4933	1354;3096;4933	9;20;31	87;61;130	sub-008_ses-104_task-s9;sub-008_ses-203_task-s9;sub-008_ses-304_task-s9	1354	9	87	sub-008	ses-104	task-s9	1;2;3	9;9;9
1436	7472	1436	1437	3	3	trialwise	1588;3227;5090	1588;3227;5090	10;21;32	154;25;120	sub-008_ses-104_task-s10;sub-008_ses-203_task-s10;sub-008_ses-306_task-s10	1588	10	154	sub-008	ses-104	task-s10	1;2;3	10;10;10
1437	7474	1437	1438	3	3	trialwise	1357;3062;4920	1357;3062;4920	9;20;31	90;27;117	sub-008_ses-104_task-s9;sub-008_ses-203_task-s9;sub-008_ses-304_task-s9	1357	9	90	sub-008	ses-104	task-s9	1;2;3	9;9;9
1438	7490	1438	1439	3	3	trialwise	1579;3346;5123	1579;3346;5123	10;21;32	145;144;153	sub-008_ses-104_task-s10;sub-008_ses-203_task-s10;sub-008_ses-306_task-s10	1579	10	145	sub-008	ses-104	task-s10	1;2;3	10;10;10
1439	7509	1439	1440	3	3	trialwise	1512;3234;5096	1512;3234;5096	10;21;32	78;32;126	sub-008_ses-104_task-s10;sub-008_ses-203_task-s10;sub-008_ses-306_task-s10	1512	10	78	sub-008	ses-104	task-s10	1;2;3	10;10;10
1440	7536	1440	1441	3	3	trialwise	1408;3066;4888	1408;3066;4888	9;20;31	141;31;85	sub-008_ses-104_task-s9;sub-008_ses-203_task-s9;sub-008_ses-304_task-s9	1408	9	141	sub-008	ses-104	task-s9	1;2;3	9;9;9
1441	7549	1441	1442	3	3	trialwise	1597;3343;5059	1597;3343;5059	10;21;32	163;141;89	sub-008_ses-104_task-s10;sub-008_ses-203_task-s10;sub-008_ses-306_task-s10	1597	10	163	sub-008	ses-104	task-s10	1;2;3	10;10;10
1442	7568	1442	1443	3	3	trialwise	1350;3051;4964	1350;3051;4964	9;20;31	83;16;161	sub-008_ses-104_task-s9;sub-008_ses-203_task-s9;sub-008_ses-304_task-s9	1350	9	83	sub-008	ses-104	task-s9	1;2;3	9;9;9
1443	7590	1443	1444	3	3	trialwise	1545;3295;5117	1545;3295;5117	10;21;32	111;93;147	sub-008_ses-104_task-s10;sub-008_ses-203_task-s10;sub-008_ses-306_task-s10	1545	10	111	sub-008	ses-104	task-s10	1;2;3	10;10;10
1444	7628	1444	1445	3	3	trialwise	1313;3165;4905	1313;3165;4905	9;20;31	46;130;102	sub-008_ses-104_task-s9;sub-008_ses-203_task-s9;sub-008_ses-304_task-s9	1313	9	46	sub-008	ses-104	task-s9	1;2;3	9;9;9
1445	7640	1445	1446	3	3	trialwise	1591;3365;5072	1591;3365;5072	10;21;32	157;163;102	sub-008_ses-104_task-s10;sub-008_ses-203_task-s10;sub-008_ses-306_task-s10	1591	10	157	sub-008	ses-104	task-s10	1;2;3	10;10;10
1446	7663	1446	1447	3	3	trialwise	1605;3476;5238	1605;3476;5238	11;22;33	4;107;101	sub-008_ses-104_task-s11;sub-008_ses-203_task-s11;sub-008_ses-305_task-s11	1605	11	4	sub-008	ses-104	task-s11	1;2;3	11;11;11
1447	7673	1447	1448	3	3	trialwise	1649;3380;5280	1649;3380;5280	11;22;33	48;11;143	sub-008_ses-104_task-s11;sub-008_ses-203_task-s11;sub-008_ses-305_task-s11	1649	11	48	sub-008	ses-104	task-s11	1;2;3	11;11;11
1448	7706	1448	1449	3	3	trialwise	1413;3177;4970	1413;3177;4970	9;20;31	146;142;167	sub-008_ses-104_task-s9;sub-008_ses-203_task-s9;sub-008_ses-304_task-s9	1413	9	146	sub-008	ses-104	task-s9	1;2;3	9;9;9
1449	7711	1449	1450	3	3	trialwise	1673;3467;5262	1673;3467;5262	11;22;33	72;98;125	sub-008_ses-104_task-s11;sub-008_ses-203_task-s11;sub-008_ses-305_task-s11	1673	11	72	sub-008	ses-104	task-s11	1;2;3	11;11;11
1450	7741	1450	1451	3	3	trialwise	1750;3402;5160	1750;3402;5160	11;22;33	149;33;23	sub-008_ses-104_task-s11;sub-008_ses-203_task-s11;sub-008_ses-305_task-s11	1750	11	149	sub-008	ses-104	task-s11	1;2;3	11;11;11
1451	7745	1451	1452	3	3	trialwise	1501;3268;5132	1501;3268;5132	10;21;32	67;66;162	sub-008_ses-104_task-s10;sub-008_ses-203_task-s10;sub-008_ses-306_task-s10	1501	10	67	sub-008	ses-104	task-s10	1;2;3	10;10;10
1452	7795	1452	1453	3	3	trialwise	1272;3056;4830	1272;3056;4830	9;20;31	5;21;27	sub-008_ses-104_task-s9;sub-008_ses-203_task-s9;sub-008_ses-304_task-s9	1272	9	5	sub-008	ses-104	task-s9	1;2;3	9;9;9
1453	7797	1453	1454	4	4	trialwise	1449;3282;4986;5023	1449;3282;4986;5023	10;21;32;32	15;80;16;53	sub-008_ses-104_task-s10;sub-008_ses-203_task-s10;sub-008_ses-306_task-s10;sub-008_ses-306_task-s10	1449	10	15	sub-008	ses-104	task-s10	1;2;3;3	10;10;10;10
1454	7810	1454	1455	2	2	trialwise	1511;3257	1511;3257	10;21	77;55	sub-008_ses-104_task-s10;sub-008_ses-203_task-s10	1511	10	77	sub-008	ses-104	task-s10	1;2	10;10
1455	7837	1455	1456	3	3	trialwise	1468;3335;5020	1468;3335;5020	10;21;32	34;133;50	sub-008_ses-104_task-s10;sub-008_ses-203_task-s10;sub-008_ses-306_task-s10	1468	10	34	sub-008	ses-104	task-s10	1;2;3	10;10;10
1456	7854	1456	1457	3	3	trialwise	1464;3354;5016	1464;3354;5016	10;21;32	30;152;46	sub-008_ses-104_task-s10;sub-008_ses-203_task-s10;sub-008_ses-306_task-s10	1464	10	30	sub-008	ses-104	task-s10	1;2;3	10;10;10
1457	7876	1457	1458	3	3	trialwise	1309;3161;4914	1309;3161;4914	9;20;31	42;126;111	sub-008_ses-104_task-s9;sub-008_ses-203_task-s9;sub-008_ses-304_task-s9	1309	9	42	sub-008	ses-104	task-s9	1;2;3	9;9;9
1458	7885	1458	1459	3	3	trialwise	1717;3473;5256	1717;3473;5256	11;22;33	116;104;119	sub-008_ses-104_task-s11;sub-008_ses-203_task-s11;sub-008_ses-305_task-s11	1717	11	116	sub-008	ses-104	task-s11	1;2;3	11;11;11
1459	7900	1459	1460	3	3	trialwise	1626;3504;5230	1626;3504;5230	11;22;33	25;135;93	sub-008_ses-104_task-s11;sub-008_ses-203_task-s11;sub-008_ses-305_task-s11	1626	11	25	sub-008	ses-104	task-s11	1;2;3	11;11;11
1460	7938	1460	1461	3	3	trialwise	1727;3374;5204	1727;3374;5204	11;22;33	126;5;67	sub-008_ses-104_task-s11;sub-008_ses-203_task-s11;sub-008_ses-305_task-s11	1727	11	126	sub-008	ses-104	task-s11	1;2;3	11;11;11
1461	7953	1461	1462	3	3	trialwise	1712;3491;5302	1712;3491;5302	11;22;33	111;122;165	sub-008_ses-104_task-s11;sub-008_ses-203_task-s11;sub-008_ses-305_task-s11	1712	11	111	sub-008	ses-104	task-s11	1;2;3	11;11;11
1462	7964	1462	1463	3	3	trialwise	1577;3353;5115	1577;3353;5115	10;21;32	143;151;145	sub-008_ses-104_task-s10;sub-008_ses-203_task-s10;sub-008_ses-306_task-s10	1577	10	143	sub-008	ses-104	task-s10	1;2;3	10;10;10
1463	7998	1463	1464	3	3	trialwise	1713;3386;5231	1713;3386;5231	11;22;33	112;17;94	sub-008_ses-104_task-s11;sub-008_ses-203_task-s11;sub-008_ses-305_task-s11	1713	11	112	sub-008	ses-104	task-s11	1;2;3	11;11;11
1464	8025	1464	1465	3	3	trialwise	1395;3113;4829	1395;3113;4829	9;20;31	128;78;26	sub-008_ses-104_task-s9;sub-008_ses-203_task-s9;sub-008_ses-304_task-s9	1395	9	128	sub-008	ses-104	task-s9	1;2;3	9;9;9
1465	8039	1465	1466	3	3	trialwise	1671;3474;5286	1671;3474;5286	11;22;33	70;105;149	sub-008_ses-104_task-s11;sub-008_ses-203_task-s11;sub-008_ses-305_task-s11	1671	11	70	sub-008	ses-104	task-s11	1;2;3	11;11;11
1466	8041	1466	1467	2	2	trialwise	1489;3269	1489;3269	10;21	55;67	sub-008_ses-104_task-s10;sub-008_ses-203_task-s10	1489	10	55	sub-008	ses-104	task-s10	1;2	10;10
1467	8045	1467	1468	3	3	trialwise	1593;3265;5060	1593;3265;5060	10;21;32	159;63;90	sub-008_ses-104_task-s10;sub-008_ses-203_task-s10;sub-008_ses-306_task-s10	1593	10	159	sub-008	ses-104	task-s10	1;2;3	10;10;10
1468	8088	1468	1469	3	3	trialwise	1645;3416;5301	1645;3416;5301	11;22;33	44;47;164	sub-008_ses-104_task-s11;sub-008_ses-203_task-s11;sub-008_ses-305_task-s11	1645	11	44	sub-008	ses-104	task-s11	1;2;3	11;11;11
1469	8099	1469	1470	3	3	trialwise	1631;3428;5290	1631;3428;5290	11;22;33	30;59;153	sub-008_ses-104_task-s11;sub-008_ses-203_task-s11;sub-008_ses-305_task-s11	1631	11	30	sub-008	ses-104	task-s11	1;2;3	11;11;11
1470	8149	1470	1471	3	3	trialwise	1634;3511;5292	1634;3511;5292	11;22;33	33;142;155	sub-008_ses-104_task-s11;sub-008_ses-203_task-s11;sub-008_ses-305_task-s11	1634	11	33	sub-008	ses-104	task-s11	1;2;3	11;11;11
1471	8154	1471	1472	3	3	trialwise	1553;3338;5128	1553;3338;5128	10;21;32	119;136;158	sub-008_ses-104_task-s10;sub-008_ses-203_task-s10;sub-008_ses-306_task-s10	1553	10	119	sub-008	ses-104	task-s10	1;2;3	10;10;10
1472	8166	1472	1473	3	3	trialwise	1578;3240;5094	1578;3240;5094	10;21;32	144;38;124	sub-008_ses-104_task-s10;sub-008_ses-203_task-s10;sub-008_ses-306_task-s10	1578	10	144	sub-008	ses-104	task-s10	1;2;3	10;10;10
1473	8179	1473	1474	3	3	trialwise	1282;3187;4900	1282;3187;4900	9;20;31	15;152;97	sub-008_ses-104_task-s9;sub-008_ses-203_task-s9;sub-008_ses-304_task-s9	1282	9	15	sub-008	ses-104	task-s9	1;2;3	9;9;9
1474	8210	1474	1475	3	3	trialwise	1667;3373;5153	1667;3373;5153	11;22;33	66;4;16	sub-008_ses-104_task-s11;sub-008_ses-203_task-s11;sub-008_ses-305_task-s11	1667	11	66	sub-008	ses-104	task-s11	1;2;3	11;11;11
1475	8213	1475	1476	3	3	trialwise	1443;3369;5025	1443;3369;5025	10;21;32	9;167;55	sub-008_ses-104_task-s10;sub-008_ses-203_task-s10;sub-008_ses-306_task-s10	1443	10	9	sub-008	ses-104	task-s10	1;2;3	10;10;10
1476	8249	1476	1477	3	3	trialwise	1458;3310;5058	1458;3310;5058	10;21;32	24;108;88	sub-008_ses-104_task-s10;sub-008_ses-203_task-s10;sub-008_ses-306_task-s10	1458	10	24	sub-008	ses-104	task-s10	1;2;3	10;10;10
1477	8275	1477	1478	3	3	trialwise	1753;3441;5156	1753;3441;5156	11;22;33	152;72;19	sub-008_ses-104_task-s11;sub-008_ses-203_task-s11;sub-008_ses-305_task-s11	1753	11	152	sub-008	ses-104	task-s11	1;2;3	11;11;11
1478	8310	1478	1479	3	3	trialwise	1700;3390;5295	1700;3390;5295	11;22;33	99;21;158	sub-008_ses-104_task-s11;sub-008_ses-203_task-s11;sub-008_ses-305_task-s11	1700	11	99	sub-008	ses-104	task-s11	1;2;3	11;11;11
1479	8313	1479	1480	3	3	trialwise	1724;3524;5185	1724;3524;5185	11;22;33	123;155;48	sub-008_ses-104_task-s11;sub-008_ses-203_task-s11;sub-008_ses-305_task-s11	1724	11	123	sub-008	ses-104	task-s11	1;2;3	11;11;11
1480	8353	1480	1481	3	3	trialwise	1718;3532;5249	1718;3532;5249	11;22;33	117;163;112	sub-008_ses-104_task-s11;sub-008_ses-203_task-s11;sub-008_ses-305_task-s11	1718	11	117	sub-008	ses-104	task-s11	1;2;3	11;11;11
1481	8357	1481	1482	3	3	trialwise	1497;3221;5080	1497;3221;5080	10;21;32	63;19;110	sub-008_ses-104_task-s10;sub-008_ses-203_task-s10;sub-008_ses-306_task-s10	1497	10	63	sub-008	ses-104	task-s10	1;2;3	10;10;10
1482	8390	1482	1483	3	3	trialwise	1740;3431;5272	1740;3431;5272	11;22;33	139;62;135	sub-008_ses-104_task-s11;sub-008_ses-203_task-s11;sub-008_ses-305_task-s11	1740	11	139	sub-008	ses-104	task-s11	1;2;3	11;11;11
1483	8398	1483	1484	2	2	trialwise	1533;3236	1533;3236	10;21	99;34	sub-008_ses-104_task-s10;sub-008_ses-203_task-s10	1533	10	99	sub-008	ses-104	task-s10	1;2	10;10
1484	8419	1484	1485	3	3	trialwise	1746;3480;5227	1746;3480;5227	11;22;33	145;111;90	sub-008_ses-104_task-s11;sub-008_ses-203_task-s11;sub-008_ses-305_task-s11	1746	11	145	sub-008	ses-104	task-s11	1;2;3	11;11;11
1485	8434	1485	1486	3	3	trialwise	1570;3247;5033	1570;3247;5033	10;21;32	136;45;63	sub-008_ses-104_task-s10;sub-008_ses-203_task-s10;sub-008_ses-306_task-s10	1570	10	136	sub-008	ses-104	task-s10	1;2;3	10;10;10
1486	8452	1486	1487	3	3	trialwise	1345;3147;4966	1345;3147;4966	9;20;31	78;112;163	sub-008_ses-104_task-s9;sub-008_ses-203_task-s9;sub-008_ses-304_task-s9	1345	9	78	sub-008	ses-104	task-s9	1;2;3	9;9;9
1487	8464	1487	1488	3	3	trialwise	1284;3097;4863	1284;3097;4863	9;20;31	17;62;60	sub-008_ses-104_task-s9;sub-008_ses-203_task-s9;sub-008_ses-304_task-s9	1284	9	17	sub-008	ses-104	task-s9	1;2;3	9;9;9
1488	8487	1488	1489	3	3	trialwise	1615;3393;5235	1615;3393;5235	11;22;33	14;24;98	sub-008_ses-104_task-s11;sub-008_ses-203_task-s11;sub-008_ses-305_task-s11	1615	11	14	sub-008	ses-104	task-s11	1;2;3	11;11;11
1489	8494	1489	1490	3	3	trialwise	1327;3131;4924	1327;3131;4924	9;20;31	60;96;121	sub-008_ses-104_task-s9;sub-008_ses-203_task-s9;sub-008_ses-304_task-s9	1327	9	60	sub-008	ses-104	task-s9	1;2;3	9;9;9
1490	8555	1490	1491	3	3	trialwise	1342;3095;4940	1342;3095;4940	9;20;31	75;60;137	sub-008_ses-104_task-s9;sub-008_ses-203_task-s9;sub-008_ses-304_task-s9	1342	9	75	sub-008	ses-104	task-s9	1;2;3	9;9;9
1491	8556	1491	1492	3	3	trialwise	1386;3041;4824	1386;3041;4824	9;20;31	119;6;21	sub-008_ses-104_task-s9;sub-008_ses-203_task-s9;sub-008_ses-304_task-s9	1386	9	119	sub-008	ses-104	task-s9	1;2;3	9;9;9
1492	8569	1492	1493	4	4	trialwise	1519;3205;4990;5126	1519;3205;4990;5126	10;21;32;32	85;3;20;156	sub-008_ses-104_task-s10;sub-008_ses-203_task-s10;sub-008_ses-306_task-s10;sub-008_ses-306_task-s10	1519	10	85	sub-008	ses-104	task-s10	1;2;3;3	10;10;10;10
1493	8593	1493	1494	4	4	trialwise	1450;3334;4976;5041	1450;3334;4976;5041	10;21;32;32	16;132;6;71	sub-008_ses-104_task-s10;sub-008_ses-203_task-s10;sub-008_ses-306_task-s10;sub-008_ses-306_task-s10	1450	10	16	sub-008	ses-104	task-s10	1;2;3;3	10;10;10;10
1494	8632	1494	1495	3	3	trialwise	1484;3287;5019	1484;3287;5019	10;21;32	50;85;49	sub-008_ses-104_task-s10;sub-008_ses-203_task-s10;sub-008_ses-306_task-s10	1484	10	50	sub-008	ses-104	task-s10	1;2;3	10;10;10
1495	8638	1495	1496	4	4	trialwise	1482;3207;4972;5091	1482;3207;4972;5091	10;21;32;32	48;5;2;121	sub-008_ses-104_task-s10;sub-008_ses-203_task-s10;sub-008_ses-306_task-s10;sub-008_ses-306_task-s10	1482	10	48	sub-008	ses-104	task-s10	1;2;3;3	10;10;10;10
1496	8652	1496	1497	3	3	trialwise	1425;3123;4934	1425;3123;4934	9;20;31	158;88;131	sub-008_ses-104_task-s9;sub-008_ses-203_task-s9;sub-008_ses-304_task-s9	1425	9	158	sub-008	ses-104	task-s9	1;2;3	9;9;9
1497	8659	1497	1498	3	3	trialwise	1430;3149;4897	1430;3149;4897	9;20;31	163;114;94	sub-008_ses-104_task-s9;sub-008_ses-203_task-s9;sub-008_ses-304_task-s9	1430	9	163	sub-008	ses-104	task-s9	1;2;3	9;9;9
1498	8704	1498	1499	2	2	trialwise	1534;3289	1534;3289	10;21	100;87	sub-008_ses-104_task-s10;sub-008_ses-203_task-s10	1534	10	100	sub-008	ses-104	task-s10	1;2	10;10
1499	8718	1499	1500	3	3	trialwise	1271;3195;4961	1271;3195;4961	9;20;31	4;160;158	sub-008_ses-104_task-s9;sub-008_ses-203_task-s9;sub-008_ses-304_task-s9	1271	9	4	sub-008	ses-104	task-s9	1;2;3	9;9;9
1500	8735	1500	1501	3	3	trialwise	1358;3068;4869	1358;3068;4869	9;20;31	91;33;66	sub-008_ses-104_task-s9;sub-008_ses-203_task-s9;sub-008_ses-304_task-s9	1358	9	91	sub-008	ses-104	task-s9	1;2;3	9;9;9
1501	8754	1501	1502	3	3	trialwise	1310;3058;4942	1310;3058;4942	9;20;31	43;23;139	sub-008_ses-104_task-s9;sub-008_ses-203_task-s9;sub-008_ses-304_task-s9	1310	9	43	sub-008	ses-104	task-s9	1;2;3	9;9;9
1502	8777	1502	1503	3	3	trialwise	1642;3522;5155	1642;3522;5155	11;22;33	41;153;18	sub-008_ses-104_task-s11;sub-008_ses-203_task-s11;sub-008_ses-305_task-s11	1642	11	41	sub-008	ses-104	task-s11	1;2;3	11;11;11
1503	8782	1503	1504	2	2	trialwise	1561;3332	1561;3332	10;21	127;130	sub-008_ses-104_task-s10;sub-008_ses-203_task-s10	1561	10	127	sub-008	ses-104	task-s10	1;2	10;10
1504	8816	1504	1505	3	3	trialwise	1743;3535;5181	1743;3535;5181	11;22;33	142;166;44	sub-008_ses-104_task-s11;sub-008_ses-203_task-s11;sub-008_ses-305_task-s11	1743	11	142	sub-008	ses-104	task-s11	1;2;3	11;11;11
1505	8824	1505	1506	3	3	trialwise	1419;3052;4881	1419;3052;4881	9;20;31	152;17;78	sub-008_ses-104_task-s9;sub-008_ses-203_task-s9;sub-008_ses-304_task-s9	1419	9	152	sub-008	ses-104	task-s9	1;2;3	9;9;9
1506	8863	1506	1507	4	4	trialwise	1562;3340;4974;5116	1562;3340;4974;5116	10;21;32;32	128;138;4;146	sub-008_ses-104_task-s10;sub-008_ses-203_task-s10;sub-008_ses-306_task-s10;sub-008_ses-306_task-s10	1562	10	128	sub-008	ses-104	task-s10	1;2;3;3	10;10;10;10
1507	8878	1507	1508	3	3	trialwise	1654;3382;5273	1654;3382;5273	11;22;33	53;13;136	sub-008_ses-104_task-s11;sub-008_ses-203_task-s11;sub-008_ses-305_task-s11	1654	11	53	sub-008	ses-104	task-s11	1;2;3	11;11;11
1508	8891	1508	1509	3	3	trialwise	1703;3414;5199	1703;3414;5199	11;22;33	102;45;62	sub-008_ses-104_task-s11;sub-008_ses-203_task-s11;sub-008_ses-305_task-s11	1703	11	102	sub-008	ses-104	task-s11	1;2;3	11;11;11
1509	8897	1509	1510	3	3	trialwise	1711;3452;5250	1711;3452;5250	11;22;33	110;83;113	sub-008_ses-104_task-s11;sub-008_ses-203_task-s11;sub-008_ses-305_task-s11	1711	11	110	sub-008	ses-104	task-s11	1;2;3	11;11;11
1510	8921	1510	1511	3	3	trialwise	1549;3266;5048	1549;3266;5048	10;21;32	115;64;78	sub-008_ses-104_task-s10;sub-008_ses-203_task-s10;sub-008_ses-306_task-s10	1549	10	115	sub-008	ses-104	task-s10	1;2;3	10;10;10
1511	8923	1511	1512	2	2	trialwise	1509;3274	1509;3274	10;21	75;72	sub-008_ses-104_task-s10;sub-008_ses-203_task-s10	1509	10	75	sub-008	ses-104	task-s10	1;2	10;10
1512	8985	1512	1513	3	3	trialwise	1467;3203;5092	1467;3203;5092	10;21;32	33;1;122	sub-008_ses-104_task-s10;sub-008_ses-203_task-s10;sub-008_ses-306_task-s10	1467	10	33	sub-008	ses-104	task-s10	1;2;3	10;10;10
1513	8999	1513	1514	3	3	trialwise	1754;3398;5212	1754;3398;5212	11;22;33	153;29;75	sub-008_ses-104_task-s11;sub-008_ses-203_task-s11;sub-008_ses-305_task-s11	1754	11	153	sub-008	ses-104	task-s11	1;2;3	11;11;11
1514	9001	1514	1515	3	3	trialwise	1516;3362;5097	1516;3362;5097	10;21;32	82;160;127	sub-008_ses-104_task-s10;sub-008_ses-203_task-s10;sub-008_ses-306_task-s10	1516	10	82	sub-008	ses-104	task-s10	1;2;3	10;10;10
1515	9003	1515	1516	3	3	trialwise	1650;3488;5215	1650;3488;5215	11;22;33	49;119;78	sub-008_ses-104_task-s11;sub-008_ses-203_task-s11;sub-008_ses-305_task-s11	1650	11	49	sub-008	ses-104	task-s11	1;2;3	11;11;11
1516	9050	1516	1517	3	3	trialwise	1412;3188;4880	1412;3188;4880	9;20;31	145;153;77	sub-008_ses-104_task-s9;sub-008_ses-203_task-s9;sub-008_ses-304_task-s9	1412	9	145	sub-008	ses-104	task-s9	1;2;3	9;9;9
1517	9054	1517	1518	2	2	trialwise	1580;3308	1580;3308	10;21	146;106	sub-008_ses-104_task-s10;sub-008_ses-203_task-s10	1580	10	146	sub-008	ses-104	task-s10	1;2	10;10
1518	9096	1518	1519	3	3	trialwise	1319;3059;4862	1319;3059;4862	9;20;31	52;24;59	sub-008_ses-104_task-s9;sub-008_ses-203_task-s9;sub-008_ses-304_task-s9	1319	9	52	sub-008	ses-104	task-s9	1;2;3	9;9;9
1519	9120	1519	1520	3	3	trialwise	1735;3379;5208	1735;3379;5208	11;22;33	134;10;71	sub-008_ses-104_task-s11;sub-008_ses-203_task-s11;sub-008_ses-305_task-s11	1735	11	134	sub-008	ses-104	task-s11	1;2;3	11;11;11
1520	9137	1520	1521	4	4	trialwise	1546;3215;4975;5111	1546;3215;4975;5111	10;21;32;32	112;13;5;141	sub-008_ses-104_task-s10;sub-008_ses-203_task-s10;sub-008_ses-306_task-s10;sub-008_ses-306_task-s10	1546	10	112	sub-008	ses-104	task-s10	1;2;3;3	10;10;10;10
1521	9142	1521	1522	3	3	trialwise	1662;3518;5169	1662;3518;5169	11;22;33	61;149;32	sub-008_ses-104_task-s11;sub-008_ses-203_task-s11;sub-008_ses-305_task-s11	1662	11	61	sub-008	ses-104	task-s11	1;2;3	11;11;11
1522	9164	1522	1523	3	3	trialwise	1762;3400;5246	1762;3400;5246	11;22;33	161;31;109	sub-008_ses-104_task-s11;sub-008_ses-203_task-s11;sub-008_ses-305_task-s11	1762	11	161	sub-008	ses-104	task-s11	1;2;3	11;11;11
1523	9193	1523	1524	3	3	trialwise	1499;3281;5012	1499;3281;5012	10;21;32	65;79;42	sub-008_ses-104_task-s10;sub-008_ses-203_task-s10;sub-008_ses-306_task-s10	1499	10	65	sub-008	ses-104	task-s10	1;2;3	10;10;10
1524	9211	1524	1525	3	3	trialwise	1641;3426;5202	1641;3426;5202	11;22;33	40;57;65	sub-008_ses-104_task-s11;sub-008_ses-203_task-s11;sub-008_ses-305_task-s11	1641	11	40	sub-008	ses-104	task-s11	1;2;3	11;11;11
1525	9217	1525	1526	3	3	trialwise	1360;3076;4827	1360;3076;4827	9;20;31	93;41;24	sub-008_ses-104_task-s9;sub-008_ses-203_task-s9;sub-008_ses-304_task-s9	1360	9	93	sub-008	ses-104	task-s9	1;2;3	9;9;9
1526	9242	1526	1527	3	3	trialwise	1338;3138;4814	1338;3138;4814	9;20;31	71;103;11	sub-008_ses-104_task-s9;sub-008_ses-203_task-s9;sub-008_ses-304_task-s9	1338	9	71	sub-008	ses-104	task-s9	1;2;3	9;9;9
1527	9265	1527	1528	3	3	trialwise	1290;3144;4807	1290;3144;4807	9;20;31	23;109;4	sub-008_ses-104_task-s9;sub-008_ses-203_task-s9;sub-008_ses-304_task-s9	1290	9	23	sub-008	ses-104	task-s9	1;2;3	9;9;9
1528	9310	1528	1529	3	3	trialwise	1370;3088;4878	1370;3088;4878	9;20;31	103;53;75	sub-008_ses-104_task-s9;sub-008_ses-203_task-s9;sub-008_ses-304_task-s9	1370	9	103	sub-008	ses-104	task-s9	1;2;3	9;9;9
1529	9316	1529	1530	3	3	trialwise	1757;3394;5258	1757;3394;5258	11;22;33	156;25;121	sub-008_ses-104_task-s11;sub-008_ses-203_task-s11;sub-008_ses-305_task-s11	1757	11	156	sub-008	ses-104	task-s11	1;2;3	11;11;11
1530	9338	1530	1531	3	3	trialwise	1550;3325;5034	1550;3325;5034	10;21;32	116;123;64	sub-008_ses-104_task-s10;sub-008_ses-203_task-s10;sub-008_ses-306_task-s10	1550	10	116	sub-008	ses-104	task-s10	1;2;3	10;10;10
1531	9340	1531	1532	3	3	trialwise	1582;3225;5120	1582;3225;5120	10;21;32	148;23;150	sub-008_ses-104_task-s10;sub-008_ses-203_task-s10;sub-008_ses-306_task-s10	1582	10	148	sub-008	ses-104	task-s10	1;2;3	10;10;10
1532	9363	1532	1533	3	3	trialwise	1328;3159;4922	1328;3159;4922	9;20;31	61;124;119	sub-008_ses-104_task-s9;sub-008_ses-203_task-s9;sub-008_ses-304_task-s9	1328	9	61	sub-008	ses-104	task-s9	1;2;3	9;9;9
1533	9396	1533	1534	3	3	trialwise	1321;3197;4816	1321;3197;4816	9;20;31	54;162;13	sub-008_ses-104_task-s9;sub-008_ses-203_task-s9;sub-008_ses-304_task-s9	1321	9	54	sub-008	ses-104	task-s9	1;2;3	9;9;9
1534	9414	1534	1535	3	3	trialwise	1704;3434;5148	1704;3434;5148	11;22;33	103;65;11	sub-008_ses-104_task-s11;sub-008_ses-203_task-s11;sub-008_ses-305_task-s11	1704	11	103	sub-008	ses-104	task-s11	1;2;3	11;11;11
1535	9424	1535	1536	3	3	trialwise	1289;3105;4857	1289;3105;4857	9;20;31	22;70;54	sub-008_ses-104_task-s9;sub-008_ses-203_task-s9;sub-008_ses-304_task-s9	1289	9	22	sub-008	ses-104	task-s9	1;2;3	9;9;9
1536	9449	1536	1537	3	3	trialwise	1568;3276;5068	1568;3276;5068	10;21;32	134;74;98	sub-008_ses-104_task-s10;sub-008_ses-203_task-s10;sub-008_ses-306_task-s10	1568	10	134	sub-008	ses-104	task-s10	1;2;3	10;10;10
1537	9472	1537	1538	3	3	trialwise	1433;3046;4860	1433;3046;4860	9;20;31	166;11;57	sub-008_ses-104_task-s9;sub-008_ses-203_task-s9;sub-008_ses-304_task-s9	1433	9	166	sub-008	ses-104	task-s9	1;2;3	9;9;9
1538	9492	1538	1539	3	3	trialwise	1280;3072;4935	1280;3072;4935	9;20;31	13;37;132	sub-008_ses-104_task-s9;sub-008_ses-203_task-s9;sub-008_ses-304_task-s9	1280	9	13	sub-008	ses-104	task-s9	1;2;3	9;9;9
1539	9502	1539	1540	3	3	trialwise	1394;3077;4886	1394;3077;4886	9;20;31	127;42;83	sub-008_ses-104_task-s9;sub-008_ses-203_task-s9;sub-008_ses-304_task-s9	1394	9	127	sub-008	ses-104	task-s9	1;2;3	9;9;9
1540	9530	1540	1541	3	3	trialwise	1651;3435;5146	1651;3435;5146	11;22;33	50;66;9	sub-008_ses-104_task-s11;sub-008_ses-203_task-s11;sub-008_ses-305_task-s11	1651	11	50	sub-008	ses-104	task-s11	1;2;3	11;11;11
1541	9539	1541	1542	3	3	trialwise	1366;3140;4965	1366;3140;4965	9;20;31	99;105;162	sub-008_ses-104_task-s9;sub-008_ses-203_task-s9;sub-008_ses-304_task-s9	1366	9	99	sub-008	ses-104	task-s9	1;2;3	9;9;9
1542	9584	1542	1543	3	3	trialwise	1393;3130;4811	1393;3130;4811	9;20;31	126;95;8	sub-008_ses-104_task-s9;sub-008_ses-203_task-s9;sub-008_ses-304_task-s9	1393	9	126	sub-008	ses-104	task-s9	1;2;3	9;9;9
1543	9592	1543	1544	3	3	trialwise	1426;3181;4852	1426;3181;4852	9;20;31	159;146;49	sub-008_ses-104_task-s9;sub-008_ses-203_task-s9;sub-008_ses-304_task-s9	1426	9	159	sub-008	ses-104	task-s9	1;2;3	9;9;9
1544	9601	1544	1545	4	4	trialwise	1554;3251;4992;5082	1554;3251;4992;5082	10;21;32;32	120;49;22;112	sub-008_ses-104_task-s10;sub-008_ses-203_task-s10;sub-008_ses-306_task-s10;sub-008_ses-306_task-s10	1554	10	120	sub-008	ses-104	task-s10	1;2;3;3	10;10;10;10
1545	9620	1545	1546	3	3	trialwise	1301;3079;4865	1301;3079;4865	9;20;31	34;44;62	sub-008_ses-104_task-s9;sub-008_ses-203_task-s9;sub-008_ses-304_task-s9	1301	9	34	sub-008	ses-104	task-s9	1;2;3	9;9;9
1546	9641	1546	1547	3	3	trialwise	1308;3043;4871	1308;3043;4871	9;20;31	41;8;68	sub-008_ses-104_task-s9;sub-008_ses-203_task-s9;sub-008_ses-304_task-s9	1308	9	41	sub-008	ses-104	task-s9	1;2;3	9;9;9
1547	9667	1547	1548	3	3	trialwise	1607;3372;5303	1607;3372;5303	11;22;33	6;3;166	sub-008_ses-104_task-s11;sub-008_ses-203_task-s11;sub-008_ses-305_task-s11	1607	11	6	sub-008	ses-104	task-s11	1;2;3	11;11;11
1548	9688	1548	1549	3	3	trialwise	1629;3468;5171	1629;3468;5171	11;22;33	28;99;34	sub-008_ses-104_task-s11;sub-008_ses-203_task-s11;sub-008_ses-305_task-s11	1629	11	28	sub-008	ses-104	task-s11	1;2;3	11;11;11
1549	9700	1549	1550	3	3	trialwise	1688;3514;5252	1688;3514;5252	11;22;33	87;145;115	sub-008_ses-104_task-s11;sub-008_ses-203_task-s11;sub-008_ses-305_task-s11	1688	11	87	sub-008	ses-104	task-s11	1;2;3	11;11;11
1550	9751	1550	1551	3	3	trialwise	1334;3172;4846	1334;3172;4846	9;20;31	67;137;43	sub-008_ses-104_task-s9;sub-008_ses-203_task-s9;sub-008_ses-304_task-s9	1334	9	67	sub-008	ses-104	task-s9	1;2;3	9;9;9
1551	9753	1551	1552	3	3	trialwise	1298;3083;4962	1298;3083;4962	9;20;31	31;48;159	sub-008_ses-104_task-s9;sub-008_ses-203_task-s9;sub-008_ses-304_task-s9	1298	9	31	sub-008	ses-104	task-s9	1;2;3	9;9;9
1552	9767	1552	1553	3	3	trialwise	1331;3067;4946	1331;3067;4946	9;20;31	64;32;143	sub-008_ses-104_task-s9;sub-008_ses-203_task-s9;sub-008_ses-304_task-s9	1331	9	64	sub-008	ses-104	task-s9	1;2;3	9;9;9
1553	9768	1553	1554	3	3	trialwise	1356;3078;4895	1356;3078;4895	9;20;31	89;43;92	sub-008_ses-104_task-s9;sub-008_ses-203_task-s9;sub-008_ses-304_task-s9	1356	9	89	sub-008	ses-104	task-s9	1;2;3	9;9;9
1554	9825	1554	1555	2	2	trialwise	1436;3302	1436;3302	10;21	2;100	sub-008_ses-104_task-s10;sub-008_ses-203_task-s10	1436	10	2	sub-008	ses-104	task-s10	1;2	10;10
1555	9832	1555	1556	3	3	trialwise	1689;3432;5167	1689;3432;5167	11;22;33	88;63;30	sub-008_ses-104_task-s11;sub-008_ses-203_task-s11;sub-008_ses-305_task-s11	1689	11	88	sub-008	ses-104	task-s11	1;2;3	11;11;11
1556	9856	1556	1557	3	3	trialwise	1493;3358;5042	1493;3358;5042	10;21;32	59;156;72	sub-008_ses-104_task-s10;sub-008_ses-203_task-s10;sub-008_ses-306_task-s10	1493	10	59	sub-008	ses-104	task-s10	1;2;3	10;10;10
1557	9867	1557	1558	3	3	trialwise	1730;3448;5224	1730;3448;5224	11;22;33	129;79;87	sub-008_ses-104_task-s11;sub-008_ses-203_task-s11;sub-008_ses-305_task-s11	1730	11	129	sub-008	ses-104	task-s11	1;2;3	11;11;11
1558	9886	1558	1559	3	3	trialwise	1680;3510;5254	1680;3510;5254	11;22;33	79;141;117	sub-008_ses-104_task-s11;sub-008_ses-203_task-s11;sub-008_ses-305_task-s11	1680	11	79	sub-008	ses-104	task-s11	1;2;3	11;11;11
1559	9901	1559	1560	3	3	trialwise	1706;3388;5189	1706;3388;5189	11;22;33	105;19;52	sub-008_ses-104_task-s11;sub-008_ses-203_task-s11;sub-008_ses-305_task-s11	1706	11	105	sub-008	ses-104	task-s11	1;2;3	11;11;11
1560	9938	1560	1561	3	3	trialwise	1471;3280;5131	1471;3280;5131	10;21;32	37;78;161	sub-008_ses-104_task-s10;sub-008_ses-203_task-s10;sub-008_ses-306_task-s10	1471	10	37	sub-008	ses-104	task-s10	1;2;3	10;10;10
1561	9940	1561	1562	3	3	trialwise	1401;3089;4927	1401;3089;4927	9;20;31	134;54;124	sub-008_ses-104_task-s9;sub-008_ses-203_task-s9;sub-008_ses-304_task-s9	1401	9	134	sub-008	ses-104	task-s9	1;2;3	9;9;9
1562	9977	1562	1563	3	3	trialwise	1736;3413;5201	1736;3413;5201	11;22;33	135;44;64	sub-008_ses-104_task-s11;sub-008_ses-203_task-s11;sub-008_ses-305_task-s11	1736	11	135	sub-008	ses-104	task-s11	1;2;3	11;11;11
1563	9992	1563	1564	3	3	trialwise	1374;3136;4957	1374;3136;4957	9;20;31	107;101;154	sub-008_ses-104_task-s9;sub-008_ses-203_task-s9;sub-008_ses-304_task-s9	1374	9	107	sub-008	ses-104	task-s9	1;2;3	9;9;9
1564	10014	1564	1565	3	3	trialwise	1463;3222;5006	1463;3222;5006	10;21;32	29;20;36	sub-008_ses-104_task-s10;sub-008_ses-203_task-s10;sub-008_ses-306_task-s10	1463	10	29	sub-008	ses-104	task-s10	1;2;3	10;10;10
1565	10023	1565	1566	3	3	trialwise	1760;3487;5213	1760;3487;5213	11;22;33	159;118;76	sub-008_ses-104_task-s11;sub-008_ses-203_task-s11;sub-008_ses-305_task-s11	1760	11	159	sub-008	ses-104	task-s11	1;2;3	11;11;11
1566	10042	1566	1567	3	3	trialwise	1397;3169;4810	1397;3169;4810	9;20;31	130;134;7	sub-008_ses-104_task-s9;sub-008_ses-203_task-s9;sub-008_ses-304_task-s9	1397	9	130	sub-008	ses-104	task-s9	1;2;3	9;9;9
1567	10063	1567	1568	3	3	trialwise	1657;3475;5178	1657;3475;5178	11;22;33	56;106;41	sub-008_ses-104_task-s11;sub-008_ses-203_task-s11;sub-008_ses-305_task-s11	1657	11	56	sub-008	ses-104	task-s11	1;2;3	11;11;11
1568	10088	1568	1569	3	3	trialwise	1677;3449;5200	1677;3449;5200	11;22;33	76;80;63	sub-008_ses-104_task-s11;sub-008_ses-203_task-s11;sub-008_ses-305_task-s11	1677	11	76	sub-008	ses-104	task-s11	1;2;3	11;11;11
1569	10105	1569	1570	3	3	trialwise	1515;3250;5056	1515;3250;5056	10;21;32	81;48;86	sub-008_ses-104_task-s10;sub-008_ses-203_task-s10;sub-008_ses-306_task-s10	1515	10	81	sub-008	ses-104	task-s10	1;2;3	10;10;10
1570	10142	1570	1571	3	3	trialwise	1378;3060;4883	1378;3060;4883	9;20;31	111;25;80	sub-008_ses-104_task-s9;sub-008_ses-203_task-s9;sub-008_ses-304_task-s9	1378	9	111	sub-008	ses-104	task-s9	1;2;3	9;9;9
1571	10149	1571	1572	3	3	trialwise	1747;3513;5144	1747;3513;5144	11;22;33	146;144;7	sub-008_ses-104_task-s11;sub-008_ses-203_task-s11;sub-008_ses-305_task-s11	1747	11	146	sub-008	ses-104	task-s11	1;2;3	11;11;11
1572	10167	1572	1573	3	3	trialwise	1485;3327;5013	1485;3327;5013	10;21;32	51;125;43	sub-008_ses-104_task-s10;sub-008_ses-203_task-s10;sub-008_ses-306_task-s10	1485	10	51	sub-008	ses-104	task-s10	1;2;3	10;10;10
1573	10186	1573	1574	3	3	trialwise	1569;3361;5040	1569;3361;5040	10;21;32	135;159;70	sub-008_ses-104_task-s10;sub-008_ses-203_task-s10;sub-008_ses-306_task-s10	1569	10	135	sub-008	ses-104	task-s10	1;2;3	10;10;10
1574	10206	1574	1575	3	3	trialwise	1435;3214;5032	1435;3214;5032	10;21;32	1;12;62	sub-008_ses-104_task-s10;sub-008_ses-203_task-s10;sub-008_ses-306_task-s10	1435	10	1	sub-008	ses-104	task-s10	1;2;3	10;10;10
1575	10223	1575	1576	3	3	trialwise	1389;3047;4823	1389;3047;4823	9;20;31	122;12;20	sub-008_ses-104_task-s9;sub-008_ses-203_task-s9;sub-008_ses-304_task-s9	1389	9	122	sub-008	ses-104	task-s9	1;2;3	9;9;9
1576	10258	1576	1577	3	3	trialwise	1656;3440;5255	1656;3440;5255	11;22;33	55;71;118	sub-008_ses-104_task-s11;sub-008_ses-203_task-s11;sub-008_ses-305_task-s11	1656	11	55	sub-008	ses-104	task-s11	1;2;3	11;11;11
1577	10271	1577	1578	3	3	trialwise	1742;3370;5236	1742;3370;5236	11;22;33	141;1;99	sub-008_ses-104_task-s11;sub-008_ses-203_task-s11;sub-008_ses-305_task-s11	1742	11	141	sub-008	ses-104	task-s11	1;2;3	11;11;11
1578	10300	1578	1579	3	3	trialwise	1451;3331;4988	1451;3331;4988	10;21;32	17;129;18	sub-008_ses-104_task-s10;sub-008_ses-203_task-s10;sub-008_ses-306_task-s10	1451	10	17	sub-008	ses-104	task-s10	1;2;3	10;10;10
1579	10320	1579	1580	3	3	trialwise	1536;3288;5027	1536;3288;5027	10;21;32	102;86;57	sub-008_ses-104_task-s10;sub-008_ses-203_task-s10;sub-008_ses-306_task-s10	1536	10	102	sub-008	ses-104	task-s10	1;2;3	10;10;10
1580	10346	1580	1581	3	3	trialwise	1355;3101;4884	1355;3101;4884	9;20;31	88;66;81	sub-008_ses-104_task-s9;sub-008_ses-203_task-s9;sub-008_ses-304_task-s9	1355	9	88	sub-008	ses-104	task-s9	1;2;3	9;9;9
1581	10357	1581	1582	3	3	trialwise	1407;3092;4913	1407;3092;4913	9;20;31	140;57;110	sub-008_ses-104_task-s9;sub-008_ses-203_task-s9;sub-008_ses-304_task-s9	1407	9	140	sub-008	ses-104	task-s9	1;2;3	9;9;9
1582	10371	1582	1583	3	3	trialwise	1276;3094;4809	1276;3094;4809	9;20;31	9;59;6	sub-008_ses-104_task-s9;sub-008_ses-203_task-s9;sub-008_ses-304_task-s9	1276	9	9	sub-008	ses-104	task-s9	1;2;3	9;9;9
1583	10378	1583	1584	3	3	trialwise	1403;3070;4826	1403;3070;4826	9;20;31	136;35;23	sub-008_ses-104_task-s9;sub-008_ses-203_task-s9;sub-008_ses-304_task-s9	1403	9	136	sub-008	ses-104	task-s9	1;2;3	9;9;9
1584	10418	1584	1585	3	3	trialwise	1710;3490;5234	1710;3490;5234	11;22;33	109;121;97	sub-008_ses-104_task-s11;sub-008_ses-203_task-s11;sub-008_ses-305_task-s11	1710	11	109	sub-008	ses-104	task-s11	1;2;3	11;11;11
1585	10419	1585	1586	3	3	trialwise	1678;3463;5138	1678;3463;5138	11;22;33	77;94;1	sub-008_ses-104_task-s11;sub-008_ses-203_task-s11;sub-008_ses-305_task-s11	1678	11	77	sub-008	ses-104	task-s11	1;2;3	11;11;11
1586	10453	1586	1587	3	3	trialwise	1670;3401;5281	1670;3401;5281	11;22;33	69;32;144	sub-008_ses-104_task-s11;sub-008_ses-203_task-s11;sub-008_ses-305_task-s11	1670	11	69	sub-008	ses-104	task-s11	1;2;3	11;11;11
1587	10467	1587	1588	3	3	trialwise	1347;3164;4848	1347;3164;4848	9;20;31	80;129;45	sub-008_ses-104_task-s9;sub-008_ses-203_task-s9;sub-008_ses-304_task-s9	1347	9	80	sub-008	ses-104	task-s9	1;2;3	9;9;9
1588	10498	1588	1589	3	3	trialwise	1527;3275;5098	1527;3275;5098	10;21;32	93;73;128	sub-008_ses-104_task-s10;sub-008_ses-203_task-s10;sub-008_ses-306_task-s10	1527	10	93	sub-008	ses-104	task-s10	1;2;3	10;10;10
1589	10520	1589	1590	3	3	trialwise	1349;3200;4893	1349;3200;4893	9;20;31	82;165;90	sub-008_ses-104_task-s9;sub-008_ses-203_task-s9;sub-008_ses-304_task-s9	1349	9	82	sub-008	ses-104	task-s9	1;2;3	9;9;9
1590	10526	1590	1591	3	3	trialwise	1447;3306;5062	1447;3306;5062	10;21;32	13;104;92	sub-008_ses-104_task-s10;sub-008_ses-203_task-s10;sub-008_ses-306_task-s10	1447	10	13	sub-008	ses-104	task-s10	1;2;3	10;10;10
1591	10542	1591	1592	3	3	trialwise	1726;3391;5297	1726;3391;5297	11;22;33	125;22;160	sub-008_ses-104_task-s11;sub-008_ses-203_task-s11;sub-008_ses-305_task-s11	1726	11	125	sub-008	ses-104	task-s11	1;2;3	11;11;11
1592	10562	1592	1593	3	3	trialwise	1684;3389;5168	1684;3389;5168	11;22;33	83;20;31	sub-008_ses-104_task-s11;sub-008_ses-203_task-s11;sub-008_ses-305_task-s11	1684	11	83	sub-008	ses-104	task-s11	1;2;3	11;11;11
1593	10579	1593	1594	3	3	trialwise	1486;3249;5043	1486;3249;5043	10;21;32	52;47;73	sub-008_ses-104_task-s10;sub-008_ses-203_task-s10;sub-008_ses-306_task-s10	1486	10	52	sub-008	ses-104	task-s10	1;2;3	10;10;10
1594	10609	1594	1595	3	3	trialwise	1346;3201;4892	1346;3201;4892	9;20;31	79;166;89	sub-008_ses-104_task-s9;sub-008_ses-203_task-s9;sub-008_ses-304_task-s9	1346	9	79	sub-008	ses-104	task-s9	1;2;3	9;9;9
1595	10623	1595	1596	3	3	trialwise	1445;3316;5100	1445;3316;5100	10;21;32	11;114;130	sub-008_ses-104_task-s10;sub-008_ses-203_task-s10;sub-008_ses-306_task-s10	1445	10	11	sub-008	ses-104	task-s10	1;2;3	10;10;10
1596	10663	1596	1597	3	3	trialwise	1708;3460;5241	1708;3460;5241	11;22;33	107;91;104	sub-008_ses-104_task-s11;sub-008_ses-203_task-s11;sub-008_ses-305_task-s11	1708	11	107	sub-008	ses-104	task-s11	1;2;3	11;11;11
1597	10677	1597	1598	3	3	trialwise	1596;3219;4982	1596;3219;4982	10;21;32	162;17;12	sub-008_ses-104_task-s10;sub-008_ses-203_task-s10;sub-008_ses-306_task-s10	1596	10	162	sub-008	ses-104	task-s10	1;2;3	10;10;10
1598	10708	1598	1599	2	2	trialwise	1488;3291	1488;3291	10;21	54;89	sub-008_ses-104_task-s10;sub-008_ses-203_task-s10	1488	10	54	sub-008	ses-104	task-s10	1;2	10;10
1599	10710	1599	1600	3	3	trialwise	1300;3055;4894	1300;3055;4894	9;20;31	33;20;91	sub-008_ses-104_task-s9;sub-008_ses-203_task-s9;sub-008_ses-304_task-s9	1300	9	33	sub-008	ses-104	task-s9	1;2;3	9;9;9
1600	10722	1600	1601	3	3	trialwise	1323;3111;4885	1323;3111;4885	9;20;31	56;76;82	sub-008_ses-104_task-s9;sub-008_ses-203_task-s9;sub-008_ses-304_task-s9	1323	9	56	sub-008	ses-104	task-s9	1;2;3	9;9;9
1601	10726	1601	1602	4	4	trialwise	1496;3326;4987;5129	1496;3326;4987;5129	10;21;32;32	62;124;17;159	sub-008_ses-104_task-s10;sub-008_ses-203_task-s10;sub-008_ses-306_task-s10;sub-008_ses-306_task-s10	1496	10	62	sub-008	ses-104	task-s10	1;2;3;3	10;10;10;10
1602	10765	1602	1603	3	3	trialwise	1521;3277;5049	1521;3277;5049	10;21;32	87;75;79	sub-008_ses-104_task-s10;sub-008_ses-203_task-s10;sub-008_ses-306_task-s10	1521	10	87	sub-008	ses-104	task-s10	1;2;3	10;10;10
1603	10789	1603	1604	3	3	trialwise	1541;3315;5036	1541;3315;5036	10;21;32	107;113;66	sub-008_ses-104_task-s10;sub-008_ses-203_task-s10;sub-008_ses-306_task-s10	1541	10	107	sub-008	ses-104	task-s10	1;2;3	10;10;10
1604	10821	1604	1605	3	3	trialwise	1669;3520;5182	1669;3520;5182	11;22;33	68;151;45	sub-008_ses-104_task-s11;sub-008_ses-203_task-s11;sub-008_ses-305_task-s11	1669	11	68	sub-008	ses-104	task-s11	1;2;3	11;11;11
1605	10829	1605	1606	4	4	trialwise	1535;3293;5002;5022	1535;3293;5002;5022	10;21;32;32	101;91;32;52	sub-008_ses-104_task-s10;sub-008_ses-203_task-s10;sub-008_ses-306_task-s10;sub-008_ses-306_task-s10	1535	10	101	sub-008	ses-104	task-s10	1;2;3;3	10;10;10;10
1606	10866	1606	1607	4	4	trialwise	1438;3213;4977;5035	1438;3213;4977;5035	10;21;32;32	4;11;7;65	sub-008_ses-104_task-s10;sub-008_ses-203_task-s10;sub-008_ses-306_task-s10;sub-008_ses-306_task-s10	1438	10	4	sub-008	ses-104	task-s10	1;2;3;3	10;10;10;10
1607	10880	1607	1608	3	3	trialwise	1611;3519;5233	1611;3519;5233	11;22;33	10;150;96	sub-008_ses-104_task-s11;sub-008_ses-203_task-s11;sub-008_ses-305_task-s11	1611	11	10	sub-008	ses-104	task-s11	1;2;3	11;11;11
1608	10901	1608	1609	3	3	trialwise	1480;3336;4981	1480;3336;4981	10;21;32	46;134;11	sub-008_ses-104_task-s10;sub-008_ses-203_task-s10;sub-008_ses-306_task-s10	1480	10	46	sub-008	ses-104	task-s10	1;2;3	10;10;10
1609	10908	1609	1610	3	3	trialwise	1672;3477;5270	1672;3477;5270	11;22;33	71;108;133	sub-008_ses-104_task-s11;sub-008_ses-203_task-s11;sub-008_ses-305_task-s11	1672	11	71	sub-008	ses-104	task-s11	1;2;3	11;11;11
1610	10942	1610	1611	3	3	trialwise	1622;3395;5283	1622;3395;5283	11;22;33	21;26;146	sub-008_ses-104_task-s11;sub-008_ses-203_task-s11;sub-008_ses-305_task-s11	1622	11	21	sub-008	ses-104	task-s11	1;2;3	11;11;11
1611	10947	1611	1612	3	3	trialwise	1369;3170;4960	1369;3170;4960	9;20;31	102;135;157	sub-008_ses-104_task-s9;sub-008_ses-203_task-s9;sub-008_ses-304_task-s9	1369	9	102	sub-008	ses-104	task-s9	1;2;3	9;9;9
1612	10965	1612	1613	3	3	trialwise	1705;3465;5198	1705;3465;5198	11;22;33	104;96;61	sub-008_ses-104_task-s11;sub-008_ses-203_task-s11;sub-008_ses-305_task-s11	1705	11	104	sub-008	ses-104	task-s11	1;2;3	11;11;11
1613	10966	1613	1614	3	3	trialwise	1274;3114;4882	1274;3114;4882	9;20;31	7;79;79	sub-008_ses-104_task-s9;sub-008_ses-203_task-s9;sub-008_ses-304_task-s9	1274	9	7	sub-008	ses-104	task-s9	1;2;3	9;9;9
1614	11010	1614	1615	3	3	trialwise	1490;3258;5069	1490;3258;5069	10;21;32	56;56;99	sub-008_ses-104_task-s10;sub-008_ses-203_task-s10;sub-008_ses-306_task-s10	1490	10	56	sub-008	ses-104	task-s10	1;2;3	10;10;10
1615	11029	1615	1616	3	3	trialwise	1446;3350;5067	1446;3350;5067	10;21;32	12;148;97	sub-008_ses-104_task-s10;sub-008_ses-203_task-s10;sub-008_ses-306_task-s10	1446	10	12	sub-008	ses-104	task-s10	1;2;3	10;10;10
1616	11047	1616	1617	3	3	trialwise	1422;3038;4820	1422;3038;4820	9;20;31	155;3;17	sub-008_ses-104_task-s9;sub-008_ses-203_task-s9;sub-008_ses-304_task-s9	1422	9	155	sub-008	ses-104	task-s9	1;2;3	9;9;9
1617	11074	1617	1618	3	3	trialwise	1608;3517;5150	1608;3517;5150	11;22;33	7;148;13	sub-008_ses-104_task-s11;sub-008_ses-203_task-s11;sub-008_ses-305_task-s11	1608	11	7	sub-008	ses-104	task-s11	1;2;3	11;11;11
1618	11094	1618	1619	3	3	trialwise	1616;3506;5240	1616;3506;5240	11;22;33	15;137;103	sub-008_ses-104_task-s11;sub-008_ses-203_task-s11;sub-008_ses-305_task-s11	1616	11	15	sub-008	ses-104	task-s11	1;2;3	11;11;11
1619	11112	1619	1620	3	3	trialwise	1720;3420;5266	1720;3420;5266	11;22;33	119;51;129	sub-008_ses-104_task-s11;sub-008_ses-203_task-s11;sub-008_ses-305_task-s11	1720	11	119	sub-008	ses-104	task-s11	1;2;3	11;11;11
1620	11121	1620	1621	3	3	trialwise	1250;2891;4782	1250;2891;4782	8;19;30	141;14;137	sub-008_ses-103_task-s8;sub-008_ses-203_task-s8;sub-008_ses-303_task-s8	1250	8	141	sub-008	ses-103	task-s8	1;2;3	8;8;8
1621	11122	1621	1622	3	3	trialwise	686;2460;4195	686;2460;4195	5;16;27	51;57;24	sub-008_ses-102_task-s5;sub-008_ses-201_task-s5;sub-008_ses-303_task-s5	686	5	51	sub-008	ses-102	task-s5	1;2;3	5;5;5
1622	11123	1622	1623	3	3	trialwise	209;1954;3852	209;1954;3852	2;13;24	51;28;158	sub-008_ses-101_task-s2;sub-008_ses-201_task-s2;sub-008_ses-301_task-s2	209	2	51	sub-008	ses-101	task-s2	1;2;3	2;2;2
1623	11124	1623	1624	3	3	trialwise	96;1788;3556	96;1788;3556	1;12;23	97;21;21	sub-008_ses-101_task-s1;sub-008_ses-201_task-s1;sub-008_ses-301_task-s1	96	1	97	sub-008	ses-101	task-s1	1;2;3	1;1;1
1624	11125	1624	1625	3	3	trialwise	897;2664;4395	897;2664;4395	6;17;28	104;103;66	sub-008_ses-103_task-s6;sub-008_ses-202_task-s6;sub-008_ses-303_task-s6	897	6	104	sub-008	ses-103	task-s6	1;2;3	6;6;6
1625	11126	1625	1626	3	3	trialwise	1132;3024;4723	1132;3024;4723	8;19;30	23;147;78	sub-008_ses-103_task-s8;sub-008_ses-203_task-s8;sub-008_ses-303_task-s8	1132	8	23	sub-008	ses-103	task-s8	1;2;3	8;8;8
1626	11127	1626	1627	3	3	trialwise	626;2373;4037	626;2373;4037	4;15;26	150;129;25	sub-008_ses-102_task-s4;sub-008_ses-201_task-s4;sub-008_ses-302_task-s4	626	4	150	sub-008	ses-102	task-s4	1;2;3	4;4;4
1627	11128	1627	1628	3	3	trialwise	77;1903;3671	77;1903;3671	1;12;23	78;136;136	sub-008_ses-101_task-s1;sub-008_ses-201_task-s1;sub-008_ses-301_task-s1	77	1	78	sub-008	ses-101	task-s1	1;2;3	1;1;1
1628	11129	1628	1629	3	3	trialwise	922;2624;4399	922;2624;4399	6;17;28	129;63;70	sub-008_ses-103_task-s6;sub-008_ses-202_task-s6;sub-008_ses-303_task-s6	922	6	129	sub-008	ses-103	task-s6	1;2;3	6;6;6
1629	11130	1629	1630	3	3	trialwise	121;1859;3627	121;1859;3627	1;12;23	122;92;92	sub-008_ses-101_task-s1;sub-008_ses-201_task-s1;sub-008_ses-301_task-s1	121	1	122	sub-008	ses-101	task-s1	1;2;3	1;1;1
1630	11131	1630	1631	3	3	trialwise	157;1856;3624	157;1856;3624	1;12;23	158;89;89	sub-008_ses-101_task-s1;sub-008_ses-201_task-s1;sub-008_ses-301_task-s1	157	1	158	sub-008	ses-101	task-s1	1;2;3	1;1;1
1631	11132	1631	1632	3	3	trialwise	869;2573;4388	869;2573;4388	6;17;28	76;12;59	sub-008_ses-103_task-s6;sub-008_ses-202_task-s6;sub-008_ses-303_task-s6	869	6	76	sub-008	ses-103	task-s6	1;2;3	6;6;6
1632	11133	1632	1633	3	3	trialwise	278;2025;3737	278;2025;3737	2;13;24	120;99;43	sub-008_ses-101_task-s2;sub-008_ses-201_task-s2;sub-008_ses-301_task-s2	278	2	120	sub-008	ses-101	task-s2	1;2;3	2;2;2
1633	11134	1633	1634	3	3	trialwise	227;1980;3714	227;1980;3714	2;13;24	69;54;20	sub-008_ses-101_task-s2;sub-008_ses-201_task-s2;sub-008_ses-301_task-s2	227	2	69	sub-008	ses-101	task-s2	1;2;3	2;2;2
1634	11135	1634	1635	3	3	trialwise	842;2609;4360	842;2609;4360	6;17;28	49;48;31	sub-008_ses-103_task-s6;sub-008_ses-202_task-s6;sub-008_ses-303_task-s6	842	6	49	sub-008	ses-103	task-s6	1;2;3	6;6;6
1635	11136	1635	1636	3	3	trialwise	624;2257;4066	624;2257;4066	4;15;26	148;13;54	sub-008_ses-102_task-s4;sub-008_ses-201_task-s4;sub-008_ses-302_task-s4	624	4	148	sub-008	ses-102	task-s4	1;2;3	4;4;4
1636	11137	1636	1637	3	3	trialwise	5;1791;3559	5;1791;3559	1;12;23	6;24;24	sub-008_ses-101_task-s1;sub-008_ses-201_task-s1;sub-008_ses-301_task-s1	5	1	6	sub-008	ses-101	task-s1	1;2;3	1;1;1
1637	11138	1637	1638	3	3	trialwise	453;2102;3876	453;2102;3876	3;14;25	136;17;23	sub-008_ses-102_task-s3;sub-008_ses-201_task-s3;sub-008_ses-301_task-s3	453	3	136	sub-008	ses-102	task-s3	1;2;3	3;3;3
1638	11139	1638	1639	3	3	trialwise	50;1901;3669	50;1901;3669	1;12;23	51;134;134	sub-008_ses-101_task-s1;sub-008_ses-201_task-s1;sub-008_ses-301_task-s1	50	1	51	sub-008	ses-101	task-s1	1;2;3	1;1;1
1639	11140	1639	1640	3	3	trialwise	705;2547;4304	705;2547;4304	5;16;27	70;144;133	sub-008_ses-102_task-s5;sub-008_ses-201_task-s5;sub-008_ses-303_task-s5	705	5	70	sub-008	ses-102	task-s5	1;2;3	5;5;5
1640	11141	1640	1641	3	3	trialwise	240;2049;3812	240;2049;3812	2;13;24	82;123;118	sub-008_ses-101_task-s2;sub-008_ses-201_task-s2;sub-008_ses-301_task-s2	240	2	82	sub-008	ses-101	task-s2	1;2;3	2;2;2
1641	11142	1641	1642	3	3	trialwise	889;2632;4357	889;2632;4357	6;17;28	96;71;28	sub-008_ses-103_task-s6;sub-008_ses-202_task-s6;sub-008_ses-303_task-s6	889	6	96	sub-008	ses-103	task-s6	1;2;3	6;6;6
1642	11143	1642	1643	3	3	trialwise	373;2116;3965	373;2116;3965	3;14;25	56;31;112	sub-008_ses-102_task-s3;sub-008_ses-201_task-s3;sub-008_ses-301_task-s3	373	3	56	sub-008	ses-102	task-s3	1;2;3	3;3;3
1643	11144	1643	1644	3	3	trialwise	697;2448;4267	697;2448;4267	5;16;27	62;45;96	sub-008_ses-102_task-s5;sub-008_ses-201_task-s5;sub-008_ses-303_task-s5	697	5	62	sub-008	ses-102	task-s5	1;2;3	5;5;5
1644	11145	1644	1645	3	3	trialwise	1258;2909;4716	1258;2909;4716	8;19;30	149;32;71	sub-008_ses-103_task-s8;sub-008_ses-203_task-s8;sub-008_ses-303_task-s8	1258	8	149	sub-008	ses-103	task-s8	1;2;3	8;8;8
1645	11146	1645	1646	3	3	trialwise	114;1864;3632	114;1864;3632	1;12;23	115;97;97	sub-008_ses-101_task-s1;sub-008_ses-201_task-s1;sub-008_ses-301_task-s1	114	1	115	sub-008	ses-101	task-s1	1;2;3	1;1;1
1646	11147	1646	1647	3	3	trialwise	426;2199;3894	426;2199;3894	3;14;25	109;114;41	sub-008_ses-102_task-s3;sub-008_ses-201_task-s3;sub-008_ses-301_task-s3	426	3	109	sub-008	ses-102	task-s3	1;2;3	3;3;3
1647	11148	1647	1648	3	3	trialwise	912;2658;4487	912;2658;4487	6;17;28	119;97;158	sub-008_ses-103_task-s6;sub-008_ses-202_task-s6;sub-008_ses-303_task-s6	912	6	119	sub-008	ses-103	task-s6	1;2;3	6;6;6
1648	11149	1648	1649	3	3	trialwise	712;2522;4230	712;2522;4230	5;16;27	77;119;59	sub-008_ses-102_task-s5;sub-008_ses-201_task-s5;sub-008_ses-303_task-s5	712	5	77	sub-008	ses-102	task-s5	1;2;3	5;5;5
1649	11150	1649	1650	3	3	trialwise	81;1826;3594	81;1826;3594	1;12;23	82;59;59	sub-008_ses-101_task-s1;sub-008_ses-201_task-s1;sub-008_ses-301_task-s1	81	1	82	sub-008	ses-101	task-s1	1;2;3	1;1;1
1650	11151	1650	1651	3	3	trialwise	85;1849;3617	85;1849;3617	1;12;23	86;82;82	sub-008_ses-101_task-s1;sub-008_ses-201_task-s1;sub-008_ses-301_task-s1	85	1	86	sub-008	ses-101	task-s1	1;2;3	1;1;1
1651	11152	1651	1652	3	3	trialwise	1021;2784;4546	1021;2784;4546	7;18;29	70;65;59	sub-008_ses-103_task-s7;sub-008_ses-203_task-s7;sub-008_ses-303_task-s7	1021	7	70	sub-008	ses-103	task-s7	1;2;3	7;7;7
1652	11153	1652	1653	3	3	trialwise	642;2484;4252	642;2484;4252	5;16;27	7;81;81	sub-008_ses-102_task-s5;sub-008_ses-201_task-s5;sub-008_ses-303_task-s5	642	5	7	sub-008	ses-102	task-s5	1;2;3	5;5;5
1653	11154	1653	1654	3	3	trialwise	98;1833;3601	98;1833;3601	1;12;23	99;66;66	sub-008_ses-101_task-s1;sub-008_ses-201_task-s1;sub-008_ses-301_task-s1	98	1	99	sub-008	ses-101	task-s1	1;2;3	1;1;1
1654	11155	1654	1655	3	3	trialwise	458;2227;3973	458;2227;3973	3;14;25	141;142;120	sub-008_ses-102_task-s3;sub-008_ses-201_task-s3;sub-008_ses-301_task-s3	458	3	141	sub-008	ses-102	task-s3	1;2;3	3;3;3
1655	11156	1655	1656	3	3	trialwise	721;2474;4236	721;2474;4236	5;16;27	86;71;65	sub-008_ses-102_task-s5;sub-008_ses-201_task-s5;sub-008_ses-303_task-s5	721	5	86	sub-008	ses-102	task-s5	1;2;3	5;5;5
1656	11157	1656	1657	3	3	trialwise	746;2473;4181	746;2473;4181	5;16;27	111;70;10	sub-008_ses-102_task-s5;sub-008_ses-201_task-s5;sub-008_ses-303_task-s5	746	5	111	sub-008	ses-102	task-s5	1;2;3	5;5;5
1657	11158	1657	1658	3	3	trialwise	854;2696;4477	854;2696;4477	6;17;28	61;135;148	sub-008_ses-103_task-s6;sub-008_ses-202_task-s6;sub-008_ses-303_task-s6	854	6	61	sub-008	ses-103	task-s6	1;2;3	6;6;6
1658	11159	1658	1659	3	3	trialwise	478;2259;4016	478;2259;4016	4;15;26	2;15;4	sub-008_ses-102_task-s4;sub-008_ses-201_task-s4;sub-008_ses-302_task-s4	478	4	2	sub-008	ses-102	task-s4	1;2;3	4;4;4
1659	11160	1659	1660	3	3	trialwise	195;1979;3768	195;1979;3768	2;13;24	37;53;74	sub-008_ses-101_task-s2;sub-008_ses-201_task-s2;sub-008_ses-301_task-s2	195	2	37	sub-008	ses-101	task-s2	1;2;3	2;2;2
1660	11161	1660	1661	3	3	trialwise	493;2352;4164	493;2352;4164	4;15;26	17;108;152	sub-008_ses-102_task-s4;sub-008_ses-201_task-s4;sub-008_ses-302_task-s4	493	4	17	sub-008	ses-102	task-s4	1;2;3	4;4;4
1661	11162	1661	1662	3	3	trialwise	309;2057;3826	309;2057;3826	2;13;24	151;131;132	sub-008_ses-101_task-s2;sub-008_ses-201_task-s2;sub-008_ses-301_task-s2	309	2	151	sub-008	ses-101	task-s2	1;2;3	2;2;2
1662	11163	1662	1663	3	3	trialwise	469;2180;3991	469;2180;3991	3;14;25	152;95;138	sub-008_ses-102_task-s3;sub-008_ses-201_task-s3;sub-008_ses-301_task-s3	469	3	152	sub-008	ses-102	task-s3	1;2;3	3;3;3
1663	11164	1663	1664	3	3	trialwise	702;2555;4210	702;2555;4210	5;16;27	67;152;39	sub-008_ses-102_task-s5;sub-008_ses-201_task-s5;sub-008_ses-303_task-s5	702	5	67	sub-008	ses-102	task-s5	1;2;3	5;5;5
1664	11165	1664	1665	3	3	trialwise	424;2213;3993	424;2213;3993	3;14;25	107;128;140	sub-008_ses-102_task-s3;sub-008_ses-201_task-s3;sub-008_ses-301_task-s3	424	3	107	sub-008	ses-102	task-s3	1;2;3	3;3;3
1665	11166	1665	1666	3	3	trialwise	1134;2959;4682	1134;2959;4682	8;19;30	25;82;37	sub-008_ses-103_task-s8;sub-008_ses-203_task-s8;sub-008_ses-303_task-s8	1134	8	25	sub-008	ses-103	task-s8	1;2;3	8;8;8
1666	11167	1666	1667	3	3	trialwise	185;2018;3827	185;2018;3827	2;13;24	27;92;133	sub-008_ses-101_task-s2;sub-008_ses-201_task-s2;sub-008_ses-301_task-s2	185	2	27	sub-008	ses-101	task-s2	1;2;3	2;2;2
1667	11168	1667	1668	3	3	trialwise	425;2164;4011	425;2164;4011	3;14;25	108;79;158	sub-008_ses-102_task-s3;sub-008_ses-201_task-s3;sub-008_ses-301_task-s3	425	3	108	sub-008	ses-102	task-s3	1;2;3	3;3;3
1668	11169	1668	1669	3	3	trialwise	875;2607;4465	875;2607;4465	6;17;28	82;46;136	sub-008_ses-103_task-s6;sub-008_ses-202_task-s6;sub-008_ses-303_task-s6	875	6	82	sub-008	ses-103	task-s6	1;2;3	6;6;6
1669	11170	1669	1670	3	3	trialwise	444;2196;3942	444;2196;3942	3;14;25	127;111;89	sub-008_ses-102_task-s3;sub-008_ses-201_task-s3;sub-008_ses-301_task-s3	444	3	127	sub-008	ses-102	task-s3	1;2;3	3;3;3
1670	11171	1670	1671	3	3	trialwise	544;2267;4034	544;2267;4034	4;15;26	68;23;22	sub-008_ses-102_task-s4;sub-008_ses-201_task-s4;sub-008_ses-302_task-s4	544	4	68	sub-008	ses-102	task-s4	1;2;3	4;4;4
1671	11172	1671	1672	3	3	trialwise	1143;3021;4698	1143;3021;4698	8;19;30	34;144;53	sub-008_ses-103_task-s8;sub-008_ses-203_task-s8;sub-008_ses-303_task-s8	1143	8	34	sub-008	ses-103	task-s8	1;2;3	8;8;8
1672	11173	1672	1673	3	3	trialwise	41;1777;3545	41;1777;3545	1;12;23	42;10;10	sub-008_ses-101_task-s1;sub-008_ses-201_task-s1;sub-008_ses-301_task-s1	41	1	42	sub-008	ses-101	task-s1	1;2;3	1;1;1
1673	11174	1673	1674	3	3	trialwise	1035;2729;4552	1035;2729;4552	7;18;29	84;10;65	sub-008_ses-103_task-s7;sub-008_ses-203_task-s7;sub-008_ses-303_task-s7	1035	7	84	sub-008	ses-103	task-s7	1;2;3	7;7;7
1674	11175	1674	1675	3	3	trialwise	459;2119;3936	459;2119;3936	3;14;25	142;34;83	sub-008_ses-102_task-s3;sub-008_ses-201_task-s3;sub-008_ses-301_task-s3	459	3	142	sub-008	ses-102	task-s3	1;2;3	3;3;3
1675	11176	1675	1676	3	3	trialwise	750;2478;4189	750;2478;4189	5;16;27	115;75;18	sub-008_ses-102_task-s5;sub-008_ses-201_task-s5;sub-008_ses-303_task-s5	750	5	115	sub-008	ses-102	task-s5	1;2;3	5;5;5
1676	11177	1676	1677	3	3	trialwise	364;2162;3999	364;2162;3999	3;14;25	47;77;146	sub-008_ses-102_task-s3;sub-008_ses-201_task-s3;sub-008_ses-301_task-s3	364	3	47	sub-008	ses-102	task-s3	1;2;3	3;3;3
1677	11178	1677	1678	3	3	trialwise	627;2343;4122	627;2343;4122	4;15;26	151;99;110	sub-008_ses-102_task-s4;sub-008_ses-201_task-s4;sub-008_ses-302_task-s4	627	4	151	sub-008	ses-102	task-s4	1;2;3	4;4;4
1678	11179	1678	1679	3	3	trialwise	350;2130;3956	350;2130;3956	3;14;25	33;45;103	sub-008_ses-102_task-s3;sub-008_ses-201_task-s3;sub-008_ses-301_task-s3	350	3	33	sub-008	ses-102	task-s3	1;2;3	3;3;3
1679	11180	1679	1680	3	3	trialwise	1242;2936;4685	1242;2936;4685	8;19;30	133;59;40	sub-008_ses-103_task-s8;sub-008_ses-203_task-s8;sub-008_ses-303_task-s8	1242	8	133	sub-008	ses-103	task-s8	1;2;3	8;8;8
1680	11181	1680	1681	3	3	trialwise	1092;2758;4526	1092;2758;4526	7;18;29	141;39;39	sub-008_ses-103_task-s7;sub-008_ses-203_task-s7;sub-008_ses-303_task-s7	1092	7	141	sub-008	ses-103	task-s7	1;2;3	7;7;7
1681	11182	1681	1682	3	3	trialwise	674;2537;4205	674;2537;4205	5;16;27	39;134;34	sub-008_ses-102_task-s5;sub-008_ses-201_task-s5;sub-008_ses-303_task-s5	674	5	39	sub-008	ses-102	task-s5	1;2;3	5;5;5
1682	11183	1682	1683	3	3	trialwise	111;1806;3574	111;1806;3574	1;12;23	112;39;39	sub-008_ses-101_task-s1;sub-008_ses-201_task-s1;sub-008_ses-301_task-s1	111	1	112	sub-008	ses-101	task-s1	1;2;3	1;1;1
1683	11184	1683	1684	3	3	trialwise	11;1785;3553	11;1785;3553	1;12;23	12;18;18	sub-008_ses-101_task-s1;sub-008_ses-201_task-s1;sub-008_ses-301_task-s1	11	1	12	sub-008	ses-101	task-s1	1;2;3	1;1;1
1684	11185	1684	1685	3	3	trialwise	445;2233;3865	445;2233;3865	3;14;25	128;148;12	sub-008_ses-102_task-s3;sub-008_ses-201_task-s3;sub-008_ses-301_task-s3	445	3	128	sub-008	ses-102	task-s3	1;2;3	3;3;3
1685	11186	1685	1686	3	3	trialwise	733;2447;4211	733;2447;4211	5;16;27	98;44;40	sub-008_ses-102_task-s5;sub-008_ses-201_task-s5;sub-008_ses-303_task-s5	733	5	98	sub-008	ses-102	task-s5	1;2;3	5;5;5
1686	11187	1686	1687	3	3	trialwise	1243;3019;4688	1243;3019;4688	8;19;30	134;142;43	sub-008_ses-103_task-s8;sub-008_ses-203_task-s8;sub-008_ses-303_task-s8	1243	8	134	sub-008	ses-103	task-s8	1;2;3	8;8;8
1687	11188	1687	1688	3	3	trialwise	1077;2737;4641	1077;2737;4641	7;18;29	126;18;154	sub-008_ses-103_task-s7;sub-008_ses-203_task-s7;sub-008_ses-303_task-s7	1077	7	126	sub-008	ses-103	task-s7	1;2;3	7;7;7
1688	11189	1688	1689	3	3	trialwise	684;2422;4237	684;2422;4237	5;16;27	49;19;66	sub-008_ses-102_task-s5;sub-008_ses-201_task-s5;sub-008_ses-303_task-s5	684	5	49	sub-008	ses-102	task-s5	1;2;3	5;5;5
1689	11190	1689	1690	3	3	trialwise	282;1988;3742	282;1988;3742	2;13;24	124;62;48	sub-008_ses-101_task-s2;sub-008_ses-201_task-s2;sub-008_ses-301_task-s2	282	2	124	sub-008	ses-101	task-s2	1;2;3	2;2;2
1690	11191	1690	1691	3	3	trialwise	487;2252;4129	487;2252;4129	4;15;26	11;8;117	sub-008_ses-102_task-s4;sub-008_ses-201_task-s4;sub-008_ses-302_task-s4	487	4	11	sub-008	ses-102	task-s4	1;2;3	4;4;4
1691	11192	1691	1692	3	3	trialwise	124;1801;3569	124;1801;3569	1;12;23	125;34;34	sub-008_ses-101_task-s1;sub-008_ses-201_task-s1;sub-008_ses-301_task-s1	124	1	125	sub-008	ses-101	task-s1	1;2;3	1;1;1
1692	11193	1692	1693	3	3	trialwise	793;2462;4178	793;2462;4178	5;16;27	158;59;7	sub-008_ses-102_task-s5;sub-008_ses-201_task-s5;sub-008_ses-303_task-s5	793	5	158	sub-008	ses-102	task-s5	1;2;3	5;5;5
1693	11194	1693	1694	3	3	trialwise	589;2354;4105	589;2354;4105	4;15;26	113;110;93	sub-008_ses-102_task-s4;sub-008_ses-201_task-s4;sub-008_ses-302_task-s4	589	4	113	sub-008	ses-102	task-s4	1;2;3	4;4;4
1694	11195	1694	1695	3	3	trialwise	258;2067;3814	258;2067;3814	2;13;24	100;141;120	sub-008_ses-101_task-s2;sub-008_ses-201_task-s2;sub-008_ses-301_task-s2	258	2	100	sub-008	ses-101	task-s2	1;2;3	2;2;2
1695	11196	1695	1696	3	3	trialwise	259;2037;3832	259;2037;3832	2;13;24	101;111;138	sub-008_ses-101_task-s2;sub-008_ses-201_task-s2;sub-008_ses-301_task-s2	259	2	101	sub-008	ses-101	task-s2	1;2;3	2;2;2
1696	11197	1696	1697	3	3	trialwise	1067;2753;4517	1067;2753;4517	7;18;29	116;34;30	sub-008_ses-103_task-s7;sub-008_ses-203_task-s7;sub-008_ses-303_task-s7	1067	7	116	sub-008	ses-103	task-s7	1;2;3	7;7;7
1697	11198	1697	1698	3	3	trialwise	1037;2759;4547	1037;2759;4547	7;18;29	86;40;60	sub-008_ses-103_task-s7;sub-008_ses-203_task-s7;sub-008_ses-303_task-s7	1037	7	86	sub-008	ses-103	task-s7	1;2;3	7;7;7
1698	11199	1698	1699	3	3	trialwise	1256;3028;4721	1256;3028;4721	8;19;30	147;151;76	sub-008_ses-103_task-s8;sub-008_ses-203_task-s8;sub-008_ses-303_task-s8	1256	8	147	sub-008	ses-103	task-s8	1;2;3	8;8;8
1699	11200	1699	1700	3	3	trialwise	14;1807;3575	14;1807;3575	1;12;23	15;40;40	sub-008_ses-101_task-s1;sub-008_ses-201_task-s1;sub-008_ses-301_task-s1	14	1	15	sub-008	ses-101	task-s1	1;2;3	1;1;1
1700	11201	1700	1701	3	3	trialwise	1156;2991;4799	1156;2991;4799	8;19;30	47;114;154	sub-008_ses-103_task-s8;sub-008_ses-203_task-s8;sub-008_ses-303_task-s8	1156	8	47	sub-008	ses-103	task-s8	1;2;3	8;8;8
1701	11202	1701	1702	3	3	trialwise	1209;2898;4720	1209;2898;4720	8;19;30	100;21;75	sub-008_ses-103_task-s8;sub-008_ses-203_task-s8;sub-008_ses-303_task-s8	1209	8	100	sub-008	ses-103	task-s8	1;2;3	8;8;8
1702	11203	1702	1703	3	3	trialwise	1217;3018;4803	1217;3018;4803	8;19;30	108;141;158	sub-008_ses-103_task-s8;sub-008_ses-203_task-s8;sub-008_ses-303_task-s8	1217	8	108	sub-008	ses-103	task-s8	1;2;3	8;8;8
1703	11204	1703	1704	3	3	trialwise	604;2293;4152	604;2293;4152	4;15;26	128;49;140	sub-008_ses-102_task-s4;sub-008_ses-201_task-s4;sub-008_ses-302_task-s4	604	4	128	sub-008	ses-102	task-s4	1;2;3	4;4;4
1704	11205	1704	1705	3	3	trialwise	918;2710;4444	918;2710;4444	6;17;28	125;149;115	sub-008_ses-103_task-s6;sub-008_ses-202_task-s6;sub-008_ses-303_task-s6	918	6	125	sub-008	ses-103	task-s6	1;2;3	6;6;6
1705	11206	1705	1706	3	3	trialwise	606;2261;4056	606;2261;4056	4;15;26	130;17;44	sub-008_ses-102_task-s4;sub-008_ses-201_task-s4;sub-008_ses-302_task-s4	606	4	130	sub-008	ses-102	task-s4	1;2;3	4;4;4
1706	11207	1706	1707	3	3	trialwise	194;2066;3771	194;2066;3771	2;13;24	36;140;77	sub-008_ses-101_task-s2;sub-008_ses-201_task-s2;sub-008_ses-301_task-s2	194	2	36	sub-008	ses-101	task-s2	1;2;3	2;2;2
1707	11208	1707	1708	3	3	trialwise	343;2099;3870	343;2099;3870	3;14;25	26;14;17	sub-008_ses-102_task-s3;sub-008_ses-201_task-s3;sub-008_ses-301_task-s3	343	3	26	sub-008	ses-102	task-s3	1;2;3	3;3;3
1708	11209	1708	1709	3	3	trialwise	1212;2932;4777	1212;2932;4777	8;19;30	103;55;132	sub-008_ses-103_task-s8;sub-008_ses-203_task-s8;sub-008_ses-303_task-s8	1212	8	103	sub-008	ses-103	task-s8	1;2;3	8;8;8
1709	11210	1709	1710	3	3	trialwise	215;2010;3718	215;2010;3718	2;13;24	57;84;24	sub-008_ses-101_task-s2;sub-008_ses-201_task-s2;sub-008_ses-301_task-s2	215	2	57	sub-008	ses-101	task-s2	1;2;3	2;2;2
1710	11211	1710	1711	3	3	trialwise	497;2347;4014	497;2347;4014	4;15;26	21;103;2	sub-008_ses-102_task-s4;sub-008_ses-201_task-s4;sub-008_ses-302_task-s4	497	4	21	sub-008	ses-102	task-s4	1;2;3	4;4;4
1711	11212	1711	1712	3	3	trialwise	437;2242;3977	437;2242;3977	3;14;25	120;157;124	sub-008_ses-102_task-s3;sub-008_ses-201_task-s3;sub-008_ses-301_task-s3	437	3	120	sub-008	ses-102	task-s3	1;2;3	3;3;3
1712	11213	1712	1713	3	3	trialwise	787;2528;4309	787;2528;4309	5;16;27	152;125;138	sub-008_ses-102_task-s5;sub-008_ses-201_task-s5;sub-008_ses-303_task-s5	787	5	152	sub-008	ses-102	task-s5	1;2;3	5;5;5
1713	11214	1713	1714	3	3	trialwise	771;2524;4319	771;2524;4319	5;16;27	136;121;148	sub-008_ses-102_task-s5;sub-008_ses-201_task-s5;sub-008_ses-303_task-s5	771	5	136	sub-008	ses-102	task-s5	1;2;3	5;5;5
1714	11215	1714	1715	3	3	trialwise	1206;2962;4791	1206;2962;4791	8;19;30	97;85;146	sub-008_ses-103_task-s8;sub-008_ses-203_task-s8;sub-008_ses-303_task-s8	1206	8	97	sub-008	ses-103	task-s8	1;2;3	8;8;8
1715	11216	1715	1716	3	3	trialwise	1119;2988;4734	1119;2988;4734	8;19;30	10;111;89	sub-008_ses-103_task-s8;sub-008_ses-203_task-s8;sub-008_ses-303_task-s8	1119	8	10	sub-008	ses-103	task-s8	1;2;3	8;8;8
1716	11217	1716	1717	3	3	trialwise	552;2316;4120	552;2316;4120	4;15;26	76;72;108	sub-008_ses-102_task-s4;sub-008_ses-201_task-s4;sub-008_ses-302_task-s4	552	4	76	sub-008	ses-102	task-s4	1;2;3	4;4;4
1717	11218	1717	1718	3	3	trialwise	714;2544;4249	714;2544;4249	5;16;27	79;141;78	sub-008_ses-102_task-s5;sub-008_ses-201_task-s5;sub-008_ses-303_task-s5	714	5	79	sub-008	ses-102	task-s5	1;2;3	5;5;5
1718	11219	1718	1719	3	3	trialwise	90;1834;3602	90;1834;3602	1;12;23	91;67;67	sub-008_ses-101_task-s1;sub-008_ses-201_task-s1;sub-008_ses-301_task-s1	90	1	91	sub-008	ses-101	task-s1	1;2;3	1;1;1
1719	11220	1719	1720	3	3	trialwise	1041;2785;4612	1041;2785;4612	7;18;29	90;66;125	sub-008_ses-103_task-s7;sub-008_ses-203_task-s7;sub-008_ses-303_task-s7	1041	7	90	sub-008	ses-103	task-s7	1;2;3	7;7;7
1720	11221	1720	1721	3	3	trialwise	486;2280;4019	486;2280;4019	4;15;26	10;36;7	sub-008_ses-102_task-s4;sub-008_ses-201_task-s4;sub-008_ses-302_task-s4	486	4	10	sub-008	ses-102	task-s4	1;2;3	4;4;4
1721	11222	1721	1722	3	3	trialwise	397;2240;3897	397;2240;3897	3;14;25	80;155;44	sub-008_ses-102_task-s3;sub-008_ses-201_task-s3;sub-008_ses-301_task-s3	397	3	80	sub-008	ses-102	task-s3	1;2;3	3;3;3
1722	11223	1722	1723	3	3	trialwise	330;2236;3886	330;2236;3886	3;14;25	13;151;33	sub-008_ses-102_task-s3;sub-008_ses-201_task-s3;sub-008_ses-301_task-s3	330	3	13	sub-008	ses-102	task-s3	1;2;3	3;3;3
1723	11224	1723	1724	3	3	trialwise	1048;2726;4532	1048;2726;4532	7;18;29	97;7;45	sub-008_ses-103_task-s7;sub-008_ses-203_task-s7;sub-008_ses-303_task-s7	1048	7	97	sub-008	ses-103	task-s7	1;2;3	7;7;7
1724	11225	1724	1725	3	3	trialwise	945;2612;4486	945;2612;4486	6;17;28	152;51;157	sub-008_ses-103_task-s6;sub-008_ses-202_task-s6;sub-008_ses-303_task-s6	945	6	152	sub-008	ses-103	task-s6	1;2;3	6;6;6
1725	11226	1725	1726	3	3	trialwise	1088;2857;4522	1088;2857;4522	7;18;29	137;138;35	sub-008_ses-103_task-s7;sub-008_ses-203_task-s7;sub-008_ses-303_task-s7	1088	7	137	sub-008	ses-103	task-s7	1;2;3	7;7;7
1726	11227	1726	1727	3	3	trialwise	230;1998;3825	230;1998;3825	2;13;24	72;72;131	sub-008_ses-101_task-s2;sub-008_ses-201_task-s2;sub-008_ses-301_task-s2	230	2	72	sub-008	ses-101	task-s2	1;2;3	2;2;2
1727	11228	1727	1728	3	3	trialwise	57;1774;3542	57;1774;3542	1;12;23	58;7;7	sub-008_ses-101_task-s1;sub-008_ses-201_task-s1;sub-008_ses-301_task-s1	57	1	58	sub-008	ses-101	task-s1	1;2;3	1;1;1
1728	11229	1728	1729	3	3	trialwise	119;1906;3674	119;1906;3674	1;12;23	120;139;139	sub-008_ses-101_task-s1;sub-008_ses-201_task-s1;sub-008_ses-301_task-s1	119	1	120	sub-008	ses-101	task-s1	1;2;3	1;1;1
1729	11230	1729	1730	3	3	trialwise	149;1916;3684	149;1916;3684	1;12;23	150;149;149	sub-008_ses-101_task-s1;sub-008_ses-201_task-s1;sub-008_ses-301_task-s1	149	1	150	sub-008	ses-101	task-s1	1;2;3	1;1;1
1730	11231	1730	1731	3	3	trialwise	172;1997;3807	172;1997;3807	2;13;24	14;71;113	sub-008_ses-101_task-s2;sub-008_ses-201_task-s2;sub-008_ses-301_task-s2	172	2	14	sub-008	ses-101	task-s2	1;2;3	2;2;2
1731	11232	1731	1732	3	3	trialwise	255;2054;3794	255;2054;3794	2;13;24	97;128;100	sub-008_ses-101_task-s2;sub-008_ses-201_task-s2;sub-008_ses-301_task-s2	255	2	97	sub-008	ses-101	task-s2	1;2;3	2;2;2
1732	11233	1732	1733	3	3	trialwise	726;2405;4247	726;2405;4247	5;16;27	91;2;76	sub-008_ses-102_task-s5;sub-008_ses-201_task-s5;sub-008_ses-303_task-s5	726	5	91	sub-008	ses-102	task-s5	1;2;3	5;5;5
1733	11234	1733	1734	3	3	trialwise	327;2103;3857	327;2103;3857	3;14;25	10;18;4	sub-008_ses-102_task-s3;sub-008_ses-201_task-s3;sub-008_ses-301_task-s3	327	3	10	sub-008	ses-102	task-s3	1;2;3	3;3;3
1734	11235	1734	1735	3	3	trialwise	1075;2867;4566	1075;2867;4566	7;18;29	124;148;79	sub-008_ses-103_task-s7;sub-008_ses-203_task-s7;sub-008_ses-303_task-s7	1075	7	124	sub-008	ses-103	task-s7	1;2;3	7;7;7
1735	11236	1735	1736	3	3	trialwise	28;1846;3614	28;1846;3614	1;12;23	29;79;79	sub-008_ses-101_task-s1;sub-008_ses-201_task-s1;sub-008_ses-301_task-s1	28	1	29	sub-008	ses-101	task-s1	1;2;3	1;1;1
1736	11237	1736	1737	3	3	trialwise	517;2401;4033	517;2401;4033	4;15;26	41;157;21	sub-008_ses-102_task-s4;sub-008_ses-201_task-s4;sub-008_ses-302_task-s4	517	4	41	sub-008	ses-102	task-s4	1;2;3	4;4;4
1737	11238	1737	1738	3	3	trialwise	670;2468;4227	670;2468;4227	5;16;27	35;65;56	sub-008_ses-102_task-s5;sub-008_ses-201_task-s5;sub-008_ses-303_task-s5	670	5	35	sub-008	ses-102	task-s5	1;2;3	5;5;5
1738	11239	1738	1739	3	3	trialwise	199;2077;3731	199;2077;3731	2;13;24	41;151;37	sub-008_ses-101_task-s2;sub-008_ses-201_task-s2;sub-008_ses-301_task-s2	199	2	41	sub-008	ses-101	task-s2	1;2;3	2;2;2
1739	11240	1739	1740	3	3	trialwise	1078;2797;4590	1078;2797;4590	7;18;29	127;78;103	sub-008_ses-103_task-s7;sub-008_ses-203_task-s7;sub-008_ses-303_task-s7	1078	7	127	sub-008	ses-103	task-s7	1;2;3	7;7;7
1740	11241	1740	1741	3	3	trialwise	1013;2795;4494	1013;2795;4494	7;18;29	62;76;7	sub-008_ses-103_task-s7;sub-008_ses-203_task-s7;sub-008_ses-303_task-s7	1013	7	62	sub-008	ses-103	task-s7	1;2;3	7;7;7
1741	11242	1741	1742	3	3	trialwise	615;2386;4144	615;2386;4144	4;15;26	139;142;132	sub-008_ses-102_task-s4;sub-008_ses-201_task-s4;sub-008_ses-302_task-s4	615	4	139	sub-008	ses-102	task-s4	1;2;3	4;4;4
1742	11243	1742	1743	3	3	trialwise	141;1844;3612	141;1844;3612	1;12;23	142;77;77	sub-008_ses-101_task-s1;sub-008_ses-201_task-s1;sub-008_ses-301_task-s1	141	1	142	sub-008	ses-101	task-s1	1;2;3	1;1;1
1743	11244	1743	1744	3	3	trialwise	308;1971;3822	308;1971;3822	2;13;24	150;45;128	sub-008_ses-101_task-s2;sub-008_ses-201_task-s2;sub-008_ses-301_task-s2	308	2	150	sub-008	ses-101	task-s2	1;2;3	2;2;2
1744	11245	1744	1745	3	3	trialwise	529;2341;4092	529;2341;4092	4;15;26	53;97;80	sub-008_ses-102_task-s4;sub-008_ses-201_task-s4;sub-008_ses-302_task-s4	529	4	53	sub-008	ses-102	task-s4	1;2;3	4;4;4
1745	11246	1745	1746	3	3	trialwise	1181;2926;4652	1181;2926;4652	8;19;30	72;49;7	sub-008_ses-103_task-s8;sub-008_ses-203_task-s8;sub-008_ses-303_task-s8	1181	8	72	sub-008	ses-103	task-s8	1;2;3	8;8;8
1746	11247	1746	1747	3	3	trialwise	742;2482;4308	742;2482;4308	5;16;27	107;79;137	sub-008_ses-102_task-s5;sub-008_ses-201_task-s5;sub-008_ses-303_task-s5	742	5	107	sub-008	ses-102	task-s5	1;2;3	5;5;5
1747	11248	1747	1748	3	3	trialwise	962;2775;4638	962;2775;4638	7;18;29	11;56;151	sub-008_ses-103_task-s7;sub-008_ses-203_task-s7;sub-008_ses-303_task-s7	962	7	11	sub-008	ses-103	task-s7	1;2;3	7;7;7
1748	11249	1748	1749	3	3	trialwise	206;2009;3802	206;2009;3802	2;13;24	48;83;108	sub-008_ses-101_task-s2;sub-008_ses-201_task-s2;sub-008_ses-301_task-s2	206	2	48	sub-008	ses-101	task-s2	1;2;3	2;2;2
1749	11250	1749	1750	3	3	trialwise	419;2098;3925	419;2098;3925	3;14;25	102;13;72	sub-008_ses-102_task-s3;sub-008_ses-201_task-s3;sub-008_ses-301_task-s3	419	3	102	sub-008	ses-102	task-s3	1;2;3	3;3;3
1750	11251	1750	1751	3	3	trialwise	554;2384;4137	554;2384;4137	4;15;26	78;140;125	sub-008_ses-102_task-s4;sub-008_ses-201_task-s4;sub-008_ses-302_task-s4	554	4	78	sub-008	ses-102	task-s4	1;2;3	4;4;4
1751	11252	1751	1752	3	3	trialwise	812;2639;4460	812;2639;4460	6;17;28	19;78;131	sub-008_ses-103_task-s6;sub-008_ses-202_task-s6;sub-008_ses-303_task-s6	812	6	19	sub-008	ses-103	task-s6	1;2;3	6;6;6
1752	11253	1752	1753	3	3	trialwise	79;1823;3591	79;1823;3591	1;12;23	80;56;56	sub-008_ses-101_task-s1;sub-008_ses-201_task-s1;sub-008_ses-301_task-s1	79	1	80	sub-008	ses-101	task-s1	1;2;3	1;1;1
1753	11254	1753	1754	3	3	trialwise	133;1905;3673	133;1905;3673	1;12;23	134;138;138	sub-008_ses-101_task-s1;sub-008_ses-201_task-s1;sub-008_ses-301_task-s1	133	1	134	sub-008	ses-101	task-s1	1;2;3	1;1;1
1754	11255	1754	1755	3	3	trialwise	832;2675;4350	832;2675;4350	6;17;28	39;114;21	sub-008_ses-103_task-s6;sub-008_ses-202_task-s6;sub-008_ses-303_task-s6	832	6	39	sub-008	ses-103	task-s6	1;2;3	6;6;6
1755	11256	1755	1756	3	3	trialwise	226;1952;3811	226;1952;3811	2;13;24	68;26;117	sub-008_ses-101_task-s2;sub-008_ses-201_task-s2;sub-008_ses-301_task-s2	226	2	68	sub-008	ses-101	task-s2	1;2;3	2;2;2
1756	11257	1756	1757	3	3	trialwise	1042;2856;4603	1042;2856;4603	7;18;29	91;137;116	sub-008_ses-103_task-s7;sub-008_ses-203_task-s7;sub-008_ses-303_task-s7	1042	7	91	sub-008	ses-103	task-s7	1;2;3	7;7;7
1757	11258	1757	1758	3	3	trialwise	86;1828;3596	86;1828;3596	1;12;23	87;61;61	sub-008_ses-101_task-s1;sub-008_ses-201_task-s1;sub-008_ses-301_task-s1	86	1	87	sub-008	ses-101	task-s1	1;2;3	1;1;1
1758	11259	1758	1759	3	3	trialwise	296;1953;3838	296;1953;3838	2;13;24	138;27;144	sub-008_ses-101_task-s2;sub-008_ses-201_task-s2;sub-008_ses-301_task-s2	296	2	138	sub-008	ses-101	task-s2	1;2;3	2;2;2
1759	11260	1759	1760	3	3	trialwise	393;2140;3976	393;2140;3976	3;14;25	76;55;123	sub-008_ses-102_task-s3;sub-008_ses-201_task-s3;sub-008_ses-301_task-s3	393	3	76	sub-008	ses-102	task-s3	1;2;3	3;3;3
1760	11261	1760	1761	3	3	trialwise	292;1955;3791	292;1955;3791	2;13;24	134;29;97	sub-008_ses-101_task-s2;sub-008_ses-201_task-s2;sub-008_ses-301_task-s2	292	2	134	sub-008	ses-101	task-s2	1;2;3	2;2;2
1761	11262	1761	1762	3	3	trialwise	1136;2958;4796	1136;2958;4796	8;19;30	27;81;151	sub-008_ses-103_task-s8;sub-008_ses-203_task-s8;sub-008_ses-303_task-s8	1136	8	27	sub-008	ses-103	task-s8	1;2;3	8;8;8
1762	11263	1762	1763	3	3	trialwise	189;2069;3778	189;2069;3778	2;13;24	31;143;84	sub-008_ses-101_task-s2;sub-008_ses-201_task-s2;sub-008_ses-301_task-s2	189	2	31	sub-008	ses-101	task-s2	1;2;3	2;2;2
1763	11264	1763	1764	3	3	trialwise	563;2332;4096	563;2332;4096	4;15;26	87;88;84	sub-008_ses-102_task-s4;sub-008_ses-201_task-s4;sub-008_ses-302_task-s4	563	4	87	sub-008	ses-102	task-s4	1;2;3	4;4;4
1764	11265	1764	1765	3	3	trialwise	943;2666;4475	943;2666;4475	6;17;28	150;105;146	sub-008_ses-103_task-s6;sub-008_ses-202_task-s6;sub-008_ses-303_task-s6	943	6	150	sub-008	ses-103	task-s6	1;2;3	6;6;6
1765	11266	1765	1766	3	3	trialwise	581;2335;4048	581;2335;4048	4;15;26	105;91;36	sub-008_ses-102_task-s4;sub-008_ses-201_task-s4;sub-008_ses-302_task-s4	581	4	105	sub-008	ses-102	task-s4	1;2;3	4;4;4
1766	11267	1766	1767	3	3	trialwise	454;2241;3949	454;2241;3949	3;14;25	137;156;96	sub-008_ses-102_task-s3;sub-008_ses-201_task-s3;sub-008_ses-301_task-s3	454	3	137	sub-008	ses-102	task-s3	1;2;3	3;3;3
1767	11268	1767	1768	3	3	trialwise	331;2211;3859	331;2211;3859	3;14;25	14;126;6	sub-008_ses-102_task-s3;sub-008_ses-201_task-s3;sub-008_ses-301_task-s3	331	3	14	sub-008	ses-102	task-s3	1;2;3	3;3;3
