scalar_index_0based	condition_id	condition_col_0based	condition_col_1based	n_trials_presented	n_betas_averaged	beta_index_mode	source_beta_rows_0based	trial_indices_0based	run_indices_1based	local_trial_indices	run_stems	first_trial_index_0based	first_run_index_1based	first_local_trial_index	first_sub	first_ses	first_task	repeat_indices	task_indices
0	1	0	1	3	3	trialwise	429;2163;3893	429;2163;3893	3;14;25	112;78;40	sub-022_ses-102_task-s3;sub-022_ses-201_task-s3;sub-022_ses-301_task-s3	429	3	112	sub-022	ses-102	task-s3	1;2;3	3;3;3
1	2	1	2	3	3	trialwise	83;1892;3637	83;1892;3637	1;12;23	84;125;102	sub-022_ses-101_task-s1;sub-022_ses-201_task-s1;sub-022_ses-301_task-s1	83	1	84	sub-022	ses-101	task-s1	1;2;3	1;1;1
2	3	2	3	3	3	trialwise	268;2034;3796	268;2034;3796	2;13;24	110;108;102	sub-022_ses-102_task-s2;sub-022_ses-201_task-s2;sub-022_ses-301_task-s2	268	2	110	sub-022	ses-102	task-s2	1;2;3	2;2;2
3	4	3	4	3	3	trialwise	635;2371;4139	635;2371;4139	4;15;26	159;127;127	sub-022_ses-102_task-s4;sub-022_ses-202_task-s4;sub-022_ses-302_task-s4	635	4	159	sub-022	ses-102	task-s4	1;2;3	4;4;4
4	5	4	5	3	3	trialwise	844;2582;4464	844;2582;4464	6;17;28	51;21;135	sub-022_ses-103_task-s6;sub-022_ses-202_task-s6;sub-022_ses-303_task-s6	844	6	51	sub-022	ses-103	task-s6	1;2;3	6;6;6
5	6	5	6	3	3	trialwise	941;2602;4476	941;2602;4476	6;17;28	148;41;147	sub-022_ses-103_task-s6;sub-022_ses-202_task-s6;sub-022_ses-303_task-s6	941	6	148	sub-022	ses-103	task-s6	1;2;3	6;6;6
6	7	6	7	3	3	trialwise	1054;2814;4623	1054;2814;4623	7;18;29	103;95;136	sub-022_ses-104_task-s7;sub-022_ses-202_task-s7;sub-022_ses-303_task-s7	1054	7	103	sub-022	ses-104	task-s7	1;2;3	7;7;7
7	8	7	8	3	3	trialwise	1164;2882;4803	1164;2882;4803	8;19;30	55;5;158	sub-022_ses-104_task-s8;sub-022_ses-203_task-s8;sub-022_ses-305_task-s8	1164	8	55	sub-022	ses-104	task-s8	1;2;3	8;8;8
8	9	8	9	3	3	trialwise	1036;2736;4565	1036;2736;4565	7;18;29	85;17;78	sub-022_ses-104_task-s7;sub-022_ses-202_task-s7;sub-022_ses-303_task-s7	1036	7	85	sub-022	ses-104	task-s7	1;2;3	7;7;7
9	10	9	10	3	3	trialwise	1089;2821;4526	1089;2821;4526	7;18;29	138;102;39	sub-022_ses-104_task-s7;sub-022_ses-202_task-s7;sub-022_ses-303_task-s7	1089	7	138	sub-022	ses-104	task-s7	1;2;3	7;7;7
10	11	10	11	3	3	trialwise	14;1817;3670	14;1817;3670	1;12;23	15;50;135	sub-022_ses-101_task-s1;sub-022_ses-201_task-s1;sub-022_ses-301_task-s1	14	1	15	sub-022	ses-101	task-s1	1;2;3	1;1;1
11	12	11	12	3	3	trialwise	26;1768;3554	26;1768;3554	1;12;23	27;1;19	sub-022_ses-101_task-s1;sub-022_ses-201_task-s1;sub-022_ses-301_task-s1	26	1	27	sub-022	ses-101	task-s1	1;2;3	1;1;1
12	13	12	13	3	3	trialwise	940;2684;4429	940;2684;4429	6;17;28	147;123;100	sub-022_ses-103_task-s6;sub-022_ses-202_task-s6;sub-022_ses-303_task-s6	940	6	147	sub-022	ses-103	task-s6	1;2;3	6;6;6
13	14	13	14	3	3	trialwise	417;2200;3885	417;2200;3885	3;14;25	100;115;32	sub-022_ses-102_task-s3;sub-022_ses-201_task-s3;sub-022_ses-301_task-s3	417	3	100	sub-022	ses-102	task-s3	1;2;3	3;3;3
14	15	14	15	3	3	trialwise	1234;2995;4748	1234;2995;4748	8;19;30	125;118;103	sub-022_ses-104_task-s8;sub-022_ses-203_task-s8;sub-022_ses-305_task-s8	1234	8	125	sub-022	ses-104	task-s8	1;2;3	8;8;8
15	16	15	16	3	3	trialwise	701;2529;4188	701;2529;4188	5;16;27	66;126;17	sub-022_ses-103_task-s5;sub-022_ses-203_task-s5;sub-022_ses-302_task-s5	701	5	66	sub-022	ses-103	task-s5	1;2;3	5;5;5
16	17	16	17	3	3	trialwise	458;2169;3959	458;2169;3959	3;14;25	141;84;106	sub-022_ses-102_task-s3;sub-022_ses-201_task-s3;sub-022_ses-301_task-s3	458	3	141	sub-022	ses-102	task-s3	1;2;3	3;3;3
17	18	17	18	3	3	trialwise	1266;2948;4762	1266;2948;4762	8;19;30	157;71;117	sub-022_ses-104_task-s8;sub-022_ses-203_task-s8;sub-022_ses-305_task-s8	1266	8	157	sub-022	ses-104	task-s8	1;2;3	8;8;8
18	19	18	19	3	3	trialwise	916;2645;4357	916;2645;4357	6;17;28	123;84;28	sub-022_ses-103_task-s6;sub-022_ses-202_task-s6;sub-022_ses-303_task-s6	916	6	123	sub-022	ses-103	task-s6	1;2;3	6;6;6
19	20	19	20	3	3	trialwise	845;2624;4445	845;2624;4445	6;17;28	52;63;116	sub-022_ses-103_task-s6;sub-022_ses-202_task-s6;sub-022_ses-303_task-s6	845	6	52	sub-022	ses-103	task-s6	1;2;3	6;6;6
20	21	20	21	3	3	trialwise	432;2195;4006	432;2195;4006	3;14;25	115;110;153	sub-022_ses-102_task-s3;sub-022_ses-201_task-s3;sub-022_ses-301_task-s3	432	3	115	sub-022	ses-102	task-s3	1;2;3	3;3;3
21	22	21	22	3	3	trialwise	661;2542;4201	661;2542;4201	5;16;27	26;139;30	sub-022_ses-103_task-s5;sub-022_ses-203_task-s5;sub-022_ses-302_task-s5	661	5	26	sub-022	ses-103	task-s5	1;2;3	5;5;5
22	23	22	23	3	3	trialwise	703;2422;4230	703;2422;4230	5;16;27	68;19;59	sub-022_ses-103_task-s5;sub-022_ses-203_task-s5;sub-022_ses-302_task-s5	703	5	68	sub-022	ses-103	task-s5	1;2;3	5;5;5
23	24	23	24	3	3	trialwise	230;1996;3755	230;1996;3755	2;13;24	72;70;61	sub-022_ses-102_task-s2;sub-022_ses-201_task-s2;sub-022_ses-301_task-s2	230	2	72	sub-022	ses-102	task-s2	1;2;3	2;2;2
24	25	24	25	3	3	trialwise	141;1886;3681	141;1886;3681	1;12;23	142;119;146	sub-022_ses-101_task-s1;sub-022_ses-201_task-s1;sub-022_ses-301_task-s1	141	1	142	sub-022	ses-101	task-s1	1;2;3	1;1;1
25	26	25	26	3	3	trialwise	266;1962;3852	266;1962;3852	2;13;24	108;36;158	sub-022_ses-102_task-s2;sub-022_ses-201_task-s2;sub-022_ses-301_task-s2	266	2	108	sub-022	ses-102	task-s2	1;2;3	2;2;2
26	27	26	27	3	3	trialwise	1060;2845;4581	1060;2845;4581	7;18;29	109;126;94	sub-022_ses-104_task-s7;sub-022_ses-202_task-s7;sub-022_ses-303_task-s7	1060	7	109	sub-022	ses-104	task-s7	1;2;3	7;7;7
27	28	27	28	3	3	trialwise	426;2106;3933	426;2106;3933	3;14;25	109;21;80	sub-022_ses-102_task-s3;sub-022_ses-201_task-s3;sub-022_ses-301_task-s3	426	3	109	sub-022	ses-102	task-s3	1;2;3	3;3;3
28	29	28	29	3	3	trialwise	611;2384;4152	611;2384;4152	4;15;26	135;140;140	sub-022_ses-102_task-s4;sub-022_ses-202_task-s4;sub-022_ses-302_task-s4	611	4	135	sub-022	ses-102	task-s4	1;2;3	4;4;4
29	30	29	30	3	3	trialwise	723;2545;4177	723;2545;4177	5;16;27	88;142;6	sub-022_ses-103_task-s5;sub-022_ses-203_task-s5;sub-022_ses-302_task-s5	723	5	88	sub-022	ses-103	task-s5	1;2;3	5;5;5
30	31	30	31	3	3	trialwise	257;1968;3829	257;1968;3829	2;13;24	99;42;135	sub-022_ses-102_task-s2;sub-022_ses-201_task-s2;sub-022_ses-301_task-s2	257	2	99	sub-022	ses-102	task-s2	1;2;3	2;2;2
31	32	31	32	3	3	trialwise	1075;2872;4627	1075;2872;4627	7;18;29	124;153;140	sub-022_ses-104_task-s7;sub-022_ses-202_task-s7;sub-022_ses-303_task-s7	1075	7	124	sub-022	ses-104	task-s7	1;2;3	7;7;7
32	33	32	33	3	3	trialwise	1014;2742;4573	1014;2742;4573	7;18;29	63;23;86	sub-022_ses-104_task-s7;sub-022_ses-202_task-s7;sub-022_ses-303_task-s7	1014	7	63	sub-022	ses-104	task-s7	1;2;3	7;7;7
33	34	33	34	3	3	trialwise	961;2761;4493	961;2761;4493	7;18;29	10;42;6	sub-022_ses-104_task-s7;sub-022_ses-202_task-s7;sub-022_ses-303_task-s7	961	7	10	sub-022	ses-104	task-s7	1;2;3	7;7;7
34	35	34	35	3	3	trialwise	765;2500;4306	765;2500;4306	5;16;27	130;97;135	sub-022_ses-103_task-s5;sub-022_ses-203_task-s5;sub-022_ses-302_task-s5	765	5	130	sub-022	ses-103	task-s5	1;2;3	5;5;5
35	36	35	36	3	3	trialwise	556;2263;4031	556;2263;4031	4;15;26	80;19;19	sub-022_ses-102_task-s4;sub-022_ses-202_task-s4;sub-022_ses-302_task-s4	556	4	80	sub-022	ses-102	task-s4	1;2;3	4;4;4
36	37	36	37	3	3	trialwise	300;2027;3728	300;2027;3728	2;13;24	142;101;34	sub-022_ses-102_task-s2;sub-022_ses-201_task-s2;sub-022_ses-301_task-s2	300	2	142	sub-022	ses-102	task-s2	1;2;3	2;2;2
37	38	37	38	3	3	trialwise	1238;2890;4687	1238;2890;4687	8;19;30	129;13;42	sub-022_ses-104_task-s8;sub-022_ses-203_task-s8;sub-022_ses-305_task-s8	1238	8	129	sub-022	ses-104	task-s8	1;2;3	8;8;8
38	39	38	39	3	3	trialwise	851;2658;4398	851;2658;4398	6;17;28	58;97;69	sub-022_ses-103_task-s6;sub-022_ses-202_task-s6;sub-022_ses-303_task-s6	851	6	58	sub-022	ses-103	task-s6	1;2;3	6;6;6
39	40	39	40	3	3	trialwise	1184;3003;4723	1184;3003;4723	8;19;30	75;126;78	sub-022_ses-104_task-s8;sub-022_ses-203_task-s8;sub-022_ses-305_task-s8	1184	8	75	sub-022	ses-104	task-s8	1;2;3	8;8;8
40	41	40	41	3	3	trialwise	1157;2997;4749	1157;2997;4749	8;19;30	48;120;104	sub-022_ses-104_task-s8;sub-022_ses-203_task-s8;sub-022_ses-305_task-s8	1157	8	48	sub-022	ses-104	task-s8	1;2;3	8;8;8
41	42	41	42	3	3	trialwise	363;2138;3911	363;2138;3911	3;14;25	46;53;58	sub-022_ses-102_task-s3;sub-022_ses-201_task-s3;sub-022_ses-301_task-s3	363	3	46	sub-022	ses-102	task-s3	1;2;3	3;3;3
42	43	42	43	3	3	trialwise	74;1922;3640	74;1922;3640	1;12;23	75;155;105	sub-022_ses-101_task-s1;sub-022_ses-201_task-s1;sub-022_ses-301_task-s1	74	1	75	sub-022	ses-101	task-s1	1;2;3	1;1;1
43	44	43	44	3	3	trialwise	309;2070;3746	309;2070;3746	2;13;24	151;144;52	sub-022_ses-102_task-s2;sub-022_ses-201_task-s2;sub-022_ses-301_task-s2	309	2	151	sub-022	ses-102	task-s2	1;2;3	2;2;2
44	45	44	45	3	3	trialwise	442;2111;3975	442;2111;3975	3;14;25	125;26;122	sub-022_ses-102_task-s3;sub-022_ses-201_task-s3;sub-022_ses-301_task-s3	442	3	125	sub-022	ses-102	task-s3	1;2;3	3;3;3
45	46	45	46	3	3	trialwise	169;2009;3850	169;2009;3850	2;13;24	11;83;156	sub-022_ses-102_task-s2;sub-022_ses-201_task-s2;sub-022_ses-301_task-s2	169	2	11	sub-022	ses-102	task-s2	1;2;3	2;2;2
46	47	46	47	3	3	trialwise	1237;2965;4799	1237;2965;4799	8;19;30	128;88;154	sub-022_ses-104_task-s8;sub-022_ses-203_task-s8;sub-022_ses-305_task-s8	1237	8	128	sub-022	ses-104	task-s8	1;2;3	8;8;8
47	48	47	48	3	3	trialwise	156;1779;3594	156;1779;3594	1;12;23	157;12;59	sub-022_ses-101_task-s1;sub-022_ses-201_task-s1;sub-022_ses-301_task-s1	156	1	157	sub-022	ses-101	task-s1	1;2;3	1;1;1
48	49	48	49	3	3	trialwise	92;1878;3575	92;1878;3575	1;12;23	93;111;40	sub-022_ses-101_task-s1;sub-022_ses-201_task-s1;sub-022_ses-301_task-s1	92	1	93	sub-022	ses-101	task-s1	1;2;3	1;1;1
49	50	49	50	3	3	trialwise	221;1972;3707	221;1972;3707	2;13;24	63;46;13	sub-022_ses-102_task-s2;sub-022_ses-201_task-s2;sub-022_ses-301_task-s2	221	2	63	sub-022	ses-102	task-s2	1;2;3	2;2;2
50	51	50	51	3	3	trialwise	357;2194;3864	357;2194;3864	3;14;25	40;109;11	sub-022_ses-102_task-s3;sub-022_ses-201_task-s3;sub-022_ses-301_task-s3	357	3	40	sub-022	ses-102	task-s3	1;2;3	3;3;3
51	52	51	52	3	3	trialwise	362;2221;3994	362;2221;3994	3;14;25	45;136;141	sub-022_ses-102_task-s3;sub-022_ses-201_task-s3;sub-022_ses-301_task-s3	362	3	45	sub-022	ses-102	task-s3	1;2;3	3;3;3
52	53	52	53	3	3	trialwise	868;2594;4356	868;2594;4356	6;17;28	75;33;27	sub-022_ses-103_task-s6;sub-022_ses-202_task-s6;sub-022_ses-303_task-s6	868	6	75	sub-022	ses-103	task-s6	1;2;3	6;6;6
53	54	53	54	3	3	trialwise	1152;2960;4664	1152;2960;4664	8;19;30	43;83;19	sub-022_ses-104_task-s8;sub-022_ses-203_task-s8;sub-022_ses-305_task-s8	1152	8	43	sub-022	ses-104	task-s8	1;2;3	8;8;8
54	55	54	55	3	3	trialwise	1104;2750;4549	1104;2750;4549	7;18;29	153;31;62	sub-022_ses-104_task-s7;sub-022_ses-202_task-s7;sub-022_ses-303_task-s7	1104	7	153	sub-022	ses-104	task-s7	1;2;3	7;7;7
55	56	55	56	3	3	trialwise	746;2418;4178	746;2418;4178	5;16;27	111;15;7	sub-022_ses-103_task-s5;sub-022_ses-203_task-s5;sub-022_ses-302_task-s5	746	5	111	sub-022	ses-103	task-s5	1;2;3	5;5;5
56	57	56	57	3	3	trialwise	741;2454;4251	741;2454;4251	5;16;27	106;51;80	sub-022_ses-103_task-s5;sub-022_ses-203_task-s5;sub-022_ses-302_task-s5	741	5	106	sub-022	ses-103	task-s5	1;2;3	5;5;5
57	58	57	58	3	3	trialwise	931;2586;4465	931;2586;4465	6;17;28	138;25;136	sub-022_ses-103_task-s6;sub-022_ses-202_task-s6;sub-022_ses-303_task-s6	931	6	138	sub-022	ses-103	task-s6	1;2;3	6;6;6
58	59	58	59	3	3	trialwise	1109;2744;4490	1109;2744;4490	7;18;29	158;25;3	sub-022_ses-104_task-s7;sub-022_ses-202_task-s7;sub-022_ses-303_task-s7	1109	7	158	sub-022	ses-104	task-s7	1;2;3	7;7;7
59	60	59	60	3	3	trialwise	1072;2752;4635	1072;2752;4635	7;18;29	121;33;148	sub-022_ses-104_task-s7;sub-022_ses-202_task-s7;sub-022_ses-303_task-s7	1072	7	121	sub-022	ses-104	task-s7	1;2;3	7;7;7
60	61	60	61	3	3	trialwise	148;1780;3664	148;1780;3664	1;12;23	149;13;129	sub-022_ses-101_task-s1;sub-022_ses-201_task-s1;sub-022_ses-301_task-s1	148	1	149	sub-022	ses-101	task-s1	1;2;3	1;1;1
61	62	61	62	3	3	trialwise	981;2842;4595	981;2842;4595	7;18;29	30;123;108	sub-022_ses-104_task-s7;sub-022_ses-202_task-s7;sub-022_ses-303_task-s7	981	7	30	sub-022	ses-104	task-s7	1;2;3	7;7;7
62	63	62	63	3	3	trialwise	337;2092;3881	337;2092;3881	3;14;25	20;7;28	sub-022_ses-102_task-s3;sub-022_ses-201_task-s3;sub-022_ses-301_task-s3	337	3	20	sub-022	ses-102	task-s3	1;2;3	3;3;3
63	64	63	64	3	3	trialwise	525;2387;4155	525;2387;4155	4;15;26	49;143;143	sub-022_ses-102_task-s4;sub-022_ses-202_task-s4;sub-022_ses-302_task-s4	525	4	49	sub-022	ses-102	task-s4	1;2;3	4;4;4
64	65	64	65	3	3	trialwise	771;2488;4243	771;2488;4243	5;16;27	136;85;72	sub-022_ses-103_task-s5;sub-022_ses-203_task-s5;sub-022_ses-302_task-s5	771	5	136	sub-022	ses-103	task-s5	1;2;3	5;5;5
65	66	65	66	3	3	trialwise	1170;2931;4778	1170;2931;4778	8;19;30	61;54;133	sub-022_ses-104_task-s8;sub-022_ses-203_task-s8;sub-022_ses-305_task-s8	1170	8	61	sub-022	ses-104	task-s8	1;2;3	8;8;8
66	67	66	67	3	3	trialwise	606;2342;4110	606;2342;4110	4;15;26	130;98;98	sub-022_ses-102_task-s4;sub-022_ses-202_task-s4;sub-022_ses-302_task-s4	606	4	130	sub-022	ses-102	task-s4	1;2;3	4;4;4
67	68	67	68	3	3	trialwise	818;2584;4470	818;2584;4470	6;17;28	25;23;141	sub-022_ses-103_task-s6;sub-022_ses-202_task-s6;sub-022_ses-303_task-s6	818	6	25	sub-022	ses-103	task-s6	1;2;3	6;6;6
68	69	68	69	3	3	trialwise	608;2259;4027	608;2259;4027	4;15;26	132;15;15	sub-022_ses-102_task-s4;sub-022_ses-202_task-s4;sub-022_ses-302_task-s4	608	4	132	sub-022	ses-102	task-s4	1;2;3	4;4;4
69	70	69	70	3	3	trialwise	783;2554;4260	783;2554;4260	5;16;27	148;151;89	sub-022_ses-103_task-s5;sub-022_ses-203_task-s5;sub-022_ses-302_task-s5	783	5	148	sub-022	ses-103	task-s5	1;2;3	5;5;5
70	71	70	71	3	3	trialwise	813;2626;4373	813;2626;4373	6;17;28	20;65;44	sub-022_ses-103_task-s6;sub-022_ses-202_task-s6;sub-022_ses-303_task-s6	813	6	20	sub-022	ses-103	task-s6	1;2;3	6;6;6
71	72	71	72	3	3	trialwise	167;1974;3739	167;1974;3739	2;13;24	9;48;45	sub-022_ses-102_task-s2;sub-022_ses-201_task-s2;sub-022_ses-301_task-s2	167	2	9	sub-022	ses-102	task-s2	1;2;3	2;2;2
72	73	72	73	3	3	trialwise	679;2559;4292	679;2559;4292	5;16;27	44;156;121	sub-022_ses-103_task-s5;sub-022_ses-203_task-s5;sub-022_ses-302_task-s5	679	5	44	sub-022	ses-103	task-s5	1;2;3	5;5;5
73	74	73	74	3	3	trialwise	287;2076;3773	287;2076;3773	2;13;24	129;150;79	sub-022_ses-102_task-s2;sub-022_ses-201_task-s2;sub-022_ses-301_task-s2	287	2	129	sub-022	ses-102	task-s2	1;2;3	2;2;2
74	75	74	75	3	3	trialwise	383;2160;3993	383;2160;3993	3;14;25	66;75;140	sub-022_ses-102_task-s3;sub-022_ses-201_task-s3;sub-022_ses-301_task-s3	383	3	66	sub-022	ses-102	task-s3	1;2;3	3;3;3
75	76	75	76	3	3	trialwise	106;1836;3642	106;1836;3642	1;12;23	107;69;107	sub-022_ses-101_task-s1;sub-022_ses-201_task-s1;sub-022_ses-301_task-s1	106	1	107	sub-022	ses-101	task-s1	1;2;3	1;1;1
76	77	76	77	3	3	trialwise	697;2431;4287	697;2431;4287	5;16;27	62;28;116	sub-022_ses-103_task-s5;sub-022_ses-203_task-s5;sub-022_ses-302_task-s5	697	5	62	sub-022	ses-103	task-s5	1;2;3	5;5;5
77	78	77	78	3	3	trialwise	336;2229;3871	336;2229;3871	3;14;25	19;144;18	sub-022_ses-102_task-s3;sub-022_ses-201_task-s3;sub-022_ses-301_task-s3	336	3	19	sub-022	ses-102	task-s3	1;2;3	3;3;3
78	79	78	79	3	3	trialwise	147;1852;3616	147;1852;3616	1;12;23	148;85;81	sub-022_ses-101_task-s1;sub-022_ses-201_task-s1;sub-022_ses-301_task-s1	147	1	148	sub-022	ses-101	task-s1	1;2;3	1;1;1
79	80	79	80	3	3	trialwise	183;1949;3816	183;1949;3816	2;13;24	25;23;122	sub-022_ses-102_task-s2;sub-022_ses-201_task-s2;sub-022_ses-301_task-s2	183	2	25	sub-022	ses-102	task-s2	1;2;3	2;2;2
80	81	80	81	3	3	trialwise	1158;2964;4679	1158;2964;4679	8;19;30	49;87;34	sub-022_ses-104_task-s8;sub-022_ses-203_task-s8;sub-022_ses-305_task-s8	1158	8	49	sub-022	ses-104	task-s8	1;2;3	8;8;8
81	82	81	82	3	3	trialwise	692;2560;4229	692;2560;4229	5;16;27	57;157;58	sub-022_ses-103_task-s5;sub-022_ses-203_task-s5;sub-022_ses-302_task-s5	692	5	57	sub-022	ses-103	task-s5	1;2;3	5;5;5
82	83	82	83	3	3	trialwise	1155;3013;4700	1155;3013;4700	8;19;30	46;136;55	sub-022_ses-104_task-s8;sub-022_ses-203_task-s8;sub-022_ses-305_task-s8	1155	8	46	sub-022	ses-104	task-s8	1;2;3	8;8;8
83	84	83	84	3	3	trialwise	988;2839;4535	988;2839;4535	7;18;29	37;120;48	sub-022_ses-104_task-s7;sub-022_ses-202_task-s7;sub-022_ses-303_task-s7	988	7	37	sub-022	ses-104	task-s7	1;2;3	7;7;7
84	85	84	85	3	3	trialwise	350;2131;3903	350;2131;3903	3;14;25	33;46;50	sub-022_ses-102_task-s3;sub-022_ses-201_task-s3;sub-022_ses-301_task-s3	350	3	33	sub-022	ses-102	task-s3	1;2;3	3;3;3
85	86	85	86	3	3	trialwise	108;1791;3560	108;1791;3560	1;12;23	109;24;25	sub-022_ses-101_task-s1;sub-022_ses-201_task-s1;sub-022_ses-301_task-s1	108	1	109	sub-022	ses-101	task-s1	1;2;3	1;1;1
86	87	86	87	3	3	trialwise	920;2657;4446	920;2657;4446	6;17;28	127;96;117	sub-022_ses-103_task-s6;sub-022_ses-202_task-s6;sub-022_ses-303_task-s6	920	6	127	sub-022	ses-103	task-s6	1;2;3	6;6;6
87	88	87	88	3	3	trialwise	780;2553;4284	780;2553;4284	5;16;27	145;150;113	sub-022_ses-103_task-s5;sub-022_ses-203_task-s5;sub-022_ses-302_task-s5	780	5	145	sub-022	ses-103	task-s5	1;2;3	5;5;5
88	89	88	89	3	3	trialwise	978;2756;4491	978;2756;4491	7;18;29	27;37;4	sub-022_ses-104_task-s7;sub-022_ses-202_task-s7;sub-022_ses-303_task-s7	978	7	27	sub-022	ses-104	task-s7	1;2;3	7;7;7
89	90	89	90	3	3	trialwise	1133;3005;4648	1133;3005;4648	8;19;30	24;128;3	sub-022_ses-104_task-s8;sub-022_ses-203_task-s8;sub-022_ses-305_task-s8	1133	8	24	sub-022	ses-104	task-s8	1;2;3	8;8;8
90	91	90	91	3	3	trialwise	853;2563;4407	853;2563;4407	6;17;28	60;2;78	sub-022_ses-103_task-s6;sub-022_ses-202_task-s6;sub-022_ses-303_task-s6	853	6	60	sub-022	ses-103	task-s6	1;2;3	6;6;6
91	92	91	92	3	3	trialwise	876;2659;4460	876;2659;4460	6;17;28	83;98;131	sub-022_ses-103_task-s6;sub-022_ses-202_task-s6;sub-022_ses-303_task-s6	876	6	83	sub-022	ses-103	task-s6	1;2;3	6;6;6
92	93	92	93	3	3	trialwise	344;2184;3865	344;2184;3865	3;14;25	27;99;12	sub-022_ses-102_task-s3;sub-022_ses-201_task-s3;sub-022_ses-301_task-s3	344	3	27	sub-022	ses-102	task-s3	1;2;3	3;3;3
93	94	93	94	3	3	trialwise	41;1911;3652	41;1911;3652	1;12;23	42;144;117	sub-022_ses-101_task-s1;sub-022_ses-201_task-s1;sub-022_ses-301_task-s1	41	1	42	sub-022	ses-101	task-s1	1;2;3	1;1;1
94	95	94	95	3	3	trialwise	263;2056;3812	263;2056;3812	2;13;24	105;130;118	sub-022_ses-102_task-s2;sub-022_ses-201_task-s2;sub-022_ses-301_task-s2	263	2	105	sub-022	ses-102	task-s2	1;2;3	2;2;2
95	96	95	96	3	3	trialwise	242;2014;3801	242;2014;3801	2;13;24	84;88;107	sub-022_ses-102_task-s2;sub-022_ses-201_task-s2;sub-022_ses-301_task-s2	242	2	84	sub-022	ses-102	task-s2	1;2;3	2;2;2
96	97	96	97	3	3	trialwise	637;2478;4191	637;2478;4191	5;16;27	2;75;20	sub-022_ses-103_task-s5;sub-022_ses-203_task-s5;sub-022_ses-302_task-s5	637	5	2	sub-022	ses-103	task-s5	1;2;3	5;5;5
97	98	97	98	3	3	trialwise	921;2576;4403	921;2576;4403	6;17;28	128;15;74	sub-022_ses-103_task-s6;sub-022_ses-202_task-s6;sub-022_ses-303_task-s6	921	6	128	sub-022	ses-103	task-s6	1;2;3	6;6;6
98	99	98	99	3	3	trialwise	740;2527;4176	740;2527;4176	5;16;27	105;124;5	sub-022_ses-103_task-s5;sub-022_ses-203_task-s5;sub-022_ses-302_task-s5	740	5	105	sub-022	ses-103	task-s5	1;2;3	5;5;5
99	100	99	100	3	3	trialwise	523;2295;4063	523;2295;4063	4;15;26	47;51;51	sub-022_ses-102_task-s4;sub-022_ses-202_task-s4;sub-022_ses-302_task-s4	523	4	47	sub-022	ses-102	task-s4	1;2;3	4;4;4
100	101	100	101	3	3	trialwise	597;2330;4098	597;2330;4098	4;15;26	121;86;86	sub-022_ses-102_task-s4;sub-022_ses-202_task-s4;sub-022_ses-302_task-s4	597	4	121	sub-022	ses-102	task-s4	1;2;3	4;4;4
101	102	101	102	3	3	trialwise	623;2396;4164	623;2396;4164	4;15;26	147;152;152	sub-022_ses-102_task-s4;sub-022_ses-202_task-s4;sub-022_ses-302_task-s4	623	4	147	sub-022	ses-102	task-s4	1;2;3	4;4;4
102	103	102	103	3	3	trialwise	472;2125;3904	472;2125;3904	3;14;25	155;40;51	sub-022_ses-102_task-s3;sub-022_ses-201_task-s3;sub-022_ses-301_task-s3	472	3	155	sub-022	ses-102	task-s3	1;2;3	3;3;3
103	104	103	104	3	3	trialwise	683;2426;4270	683;2426;4270	5;16;27	48;23;99	sub-022_ses-103_task-s5;sub-022_ses-203_task-s5;sub-022_ses-302_task-s5	683	5	48	sub-022	ses-103	task-s5	1;2;3	5;5;5
104	105	104	105	3	3	trialwise	395;2176;3978	395;2176;3978	3;14;25	78;91;125	sub-022_ses-102_task-s3;sub-022_ses-201_task-s3;sub-022_ses-301_task-s3	395	3	78	sub-022	ses-102	task-s3	1;2;3	3;3;3
105	106	105	106	3	3	trialwise	651;2470;4255	651;2470;4255	5;16;27	16;67;84	sub-022_ses-103_task-s5;sub-022_ses-203_task-s5;sub-022_ses-302_task-s5	651	5	16	sub-022	ses-103	task-s5	1;2;3	5;5;5
106	107	106	107	3	3	trialwise	886;2630;4462	886;2630;4462	6;17;28	93;69;133	sub-022_ses-103_task-s6;sub-022_ses-202_task-s6;sub-022_ses-303_task-s6	886	6	93	sub-022	ses-103	task-s6	1;2;3	6;6;6
107	108	107	108	3	3	trialwise	176;2028;3699	176;2028;3699	2;13;24	18;102;5	sub-022_ses-102_task-s2;sub-022_ses-201_task-s2;sub-022_ses-301_task-s2	176	2	18	sub-022	ses-102	task-s2	1;2;3	2;2;2
108	109	108	109	3	3	trialwise	1101;2873;4548	1101;2873;4548	7;18;29	150;154;61	sub-022_ses-104_task-s7;sub-022_ses-202_task-s7;sub-022_ses-303_task-s7	1101	7	150	sub-022	ses-104	task-s7	1;2;3	7;7;7
109	110	109	110	3	3	trialwise	270;2002;3767	270;2002;3767	2;13;24	112;76;73	sub-022_ses-102_task-s2;sub-022_ses-201_task-s2;sub-022_ses-301_task-s2	270	2	112	sub-022	ses-102	task-s2	1;2;3	2;2;2
110	111	110	111	3	3	trialwise	960;2841;4536	960;2841;4536	7;18;29	9;122;49	sub-022_ses-104_task-s7;sub-022_ses-202_task-s7;sub-022_ses-303_task-s7	960	7	9	sub-022	ses-104	task-s7	1;2;3	7;7;7
111	112	111	112	3	3	trialwise	987;2771;4563	987;2771;4563	7;18;29	36;52;76	sub-022_ses-104_task-s7;sub-022_ses-202_task-s7;sub-022_ses-303_task-s7	987	7	36	sub-022	ses-104	task-s7	1;2;3	7;7;7
112	113	112	113	3	3	trialwise	796;2612;4408	796;2612;4408	6;17;28	3;51;79	sub-022_ses-103_task-s6;sub-022_ses-202_task-s6;sub-022_ses-303_task-s6	796	6	3	sub-022	ses-103	task-s6	1;2;3	6;6;6
113	114	113	114	3	3	trialwise	656;2546;4296	656;2546;4296	5;16;27	21;143;125	sub-022_ses-103_task-s5;sub-022_ses-203_task-s5;sub-022_ses-302_task-s5	656	5	21	sub-022	ses-103	task-s5	1;2;3	5;5;5
114	115	114	115	3	3	trialwise	1028;2740;4557	1028;2740;4557	7;18;29	77;21;70	sub-022_ses-104_task-s7;sub-022_ses-202_task-s7;sub-022_ses-303_task-s7	1028	7	77	sub-022	ses-104	task-s7	1;2;3	7;7;7
115	116	115	116	3	3	trialwise	847;2583;4455	847;2583;4455	6;17;28	54;22;126	sub-022_ses-103_task-s6;sub-022_ses-202_task-s6;sub-022_ses-303_task-s6	847	6	54	sub-022	ses-103	task-s6	1;2;3	6;6;6
116	117	116	117	3	3	trialwise	553;2401;4169	553;2401;4169	4;15;26	77;157;157	sub-022_ses-102_task-s4;sub-022_ses-202_task-s4;sub-022_ses-302_task-s4	553	4	77	sub-022	ses-102	task-s4	1;2;3	4;4;4
117	118	117	118	3	3	trialwise	618;2272;4040	618;2272;4040	4;15;26	142;28;28	sub-022_ses-102_task-s4;sub-022_ses-202_task-s4;sub-022_ses-302_task-s4	618	4	142	sub-022	ses-102	task-s4	1;2;3	4;4;4
118	119	118	119	3	3	trialwise	680;2523;4278	680;2523;4278	5;16;27	45;120;107	sub-022_ses-103_task-s5;sub-022_ses-203_task-s5;sub-022_ses-302_task-s5	680	5	45	sub-022	ses-103	task-s5	1;2;3	5;5;5
119	120	119	120	3	3	trialwise	745;2556;4223	745;2556;4223	5;16;27	110;153;52	sub-022_ses-103_task-s5;sub-022_ses-203_task-s5;sub-022_ses-302_task-s5	745	5	110	sub-022	ses-103	task-s5	1;2;3	5;5;5
120	121	120	121	3	3	trialwise	1186;3021;4747	1186;3021;4747	8;19;30	77;144;102	sub-022_ses-104_task-s8;sub-022_ses-203_task-s8;sub-022_ses-305_task-s8	1186	8	77	sub-022	ses-104	task-s8	1;2;3	8;8;8
121	122	121	122	3	3	trialwise	342;2140;3917	342;2140;3917	3;14;25	25;55;64	sub-022_ses-102_task-s3;sub-022_ses-201_task-s3;sub-022_ses-301_task-s3	342	3	25	sub-022	ses-102	task-s3	1;2;3	3;3;3
122	123	122	123	3	3	trialwise	85;1876;3677	85;1876;3677	1;12;23	86;109;142	sub-022_ses-101_task-s1;sub-022_ses-201_task-s1;sub-022_ses-301_task-s1	85	1	86	sub-022	ses-101	task-s1	1;2;3	1;1;1
123	124	123	124	3	3	trialwise	1037;2860;4567	1037;2860;4567	7;18;29	86;141;80	sub-022_ses-104_task-s7;sub-022_ses-202_task-s7;sub-022_ses-303_task-s7	1037	7	86	sub-022	ses-104	task-s7	1;2;3	7;7;7
124	125	124	125	3	3	trialwise	315;1954;3734	315;1954;3734	2;13;24	157;28;40	sub-022_ses-102_task-s2;sub-022_ses-201_task-s2;sub-022_ses-301_task-s2	315	2	157	sub-022	ses-102	task-s2	1;2;3	2;2;2
125	126	125	126	3	3	trialwise	641;2505;4216	641;2505;4216	5;16;27	6;102;45	sub-022_ses-103_task-s5;sub-022_ses-203_task-s5;sub-022_ses-302_task-s5	641	5	6	sub-022	ses-103	task-s5	1;2;3	5;5;5
126	127	126	127	3	3	trialwise	66;1857;3583	66;1857;3583	1;12;23	67;90;48	sub-022_ses-101_task-s1;sub-022_ses-201_task-s1;sub-022_ses-301_task-s1	66	1	67	sub-022	ses-101	task-s1	1;2;3	1;1;1
127	128	127	128	3	3	trialwise	37;1834;3622	37;1834;3622	1;12;23	38;67;87	sub-022_ses-101_task-s1;sub-022_ses-201_task-s1;sub-022_ses-301_task-s1	37	1	38	sub-022	ses-101	task-s1	1;2;3	1;1;1
128	129	128	129	3	3	trialwise	49;1801;3601	49;1801;3601	1;12;23	50;34;66	sub-022_ses-101_task-s1;sub-022_ses-201_task-s1;sub-022_ses-301_task-s1	49	1	50	sub-022	ses-101	task-s1	1;2;3	1;1;1
129	130	129	130	3	3	trialwise	833;2632;4383	833;2632;4383	6;17;28	40;71;54	sub-022_ses-103_task-s6;sub-022_ses-202_task-s6;sub-022_ses-303_task-s6	833	6	40	sub-022	ses-103	task-s6	1;2;3	6;6;6
130	131	130	131	3	3	trialwise	193;2036;3770	193;2036;3770	2;13;24	35;110;76	sub-022_ses-102_task-s2;sub-022_ses-201_task-s2;sub-022_ses-301_task-s2	193	2	35	sub-022	ses-102	task-s2	1;2;3	2;2;2
131	132	131	132	3	3	trialwise	894;2704;4453	894;2704;4453	6;17;28	101;143;124	sub-022_ses-103_task-s6;sub-022_ses-202_task-s6;sub-022_ses-303_task-s6	894	6	101	sub-022	ses-103	task-s6	1;2;3	6;6;6
132	133	132	133	3	3	trialwise	1171;3027;4705	1171;3027;4705	8;19;30	62;150;60	sub-022_ses-104_task-s8;sub-022_ses-203_task-s8;sub-022_ses-305_task-s8	1171	8	62	sub-022	ses-104	task-s8	1;2;3	8;8;8
133	134	133	134	3	3	trialwise	386;2117;3922	386;2117;3922	3;14;25	69;32;69	sub-022_ses-102_task-s3;sub-022_ses-201_task-s3;sub-022_ses-301_task-s3	386	3	69	sub-022	ses-102	task-s3	1;2;3	3;3;3
134	135	134	135	3	3	trialwise	879;2691;4449	879;2691;4449	6;17;28	86;130;120	sub-022_ses-103_task-s6;sub-022_ses-202_task-s6;sub-022_ses-303_task-s6	879	6	86	sub-022	ses-103	task-s6	1;2;3	6;6;6
135	136	135	136	3	3	trialwise	901;2652;4372	901;2652;4372	6;17;28	108;91;43	sub-022_ses-103_task-s6;sub-022_ses-202_task-s6;sub-022_ses-303_task-s6	901	6	108	sub-022	ses-103	task-s6	1;2;3	6;6;6
136	137	136	137	3	3	trialwise	1178;2923;4800	1178;2923;4800	8;19;30	69;46;155	sub-022_ses-104_task-s8;sub-022_ses-203_task-s8;sub-022_ses-305_task-s8	1178	8	69	sub-022	ses-104	task-s8	1;2;3	8;8;8
137	138	137	138	3	3	trialwise	143;1786;3660	143;1786;3660	1;12;23	144;19;125	sub-022_ses-101_task-s1;sub-022_ses-201_task-s1;sub-022_ses-301_task-s1	143	1	144	sub-022	ses-101	task-s1	1;2;3	1;1;1
138	139	138	139	3	3	trialwise	67;1895;3538	67;1895;3538	1;12;23	68;128;3	sub-022_ses-101_task-s1;sub-022_ses-201_task-s1;sub-022_ses-301_task-s1	67	1	68	sub-022	ses-101	task-s1	1;2;3	1;1;1
139	140	139	140	3	3	trialwise	825;2593;4400	825;2593;4400	6;17;28	32;32;71	sub-022_ses-103_task-s6;sub-022_ses-202_task-s6;sub-022_ses-303_task-s6	825	6	32	sub-022	ses-103	task-s6	1;2;3	6;6;6
140	141	140	141	3	3	trialwise	935;2603;4418	935;2603;4418	6;17;28	142;42;89	sub-022_ses-103_task-s6;sub-022_ses-202_task-s6;sub-022_ses-303_task-s6	935	6	142	sub-022	ses-103	task-s6	1;2;3	6;6;6
141	142	141	142	3	3	trialwise	1156;2883;4677	1156;2883;4677	8;19;30	47;6;32	sub-022_ses-104_task-s8;sub-022_ses-203_task-s8;sub-022_ses-305_task-s8	1156	8	47	sub-022	ses-104	task-s8	1;2;3	8;8;8
142	143	142	143	3	3	trialwise	1007;2877;4638	1007;2877;4638	7;18;29	56;158;151	sub-022_ses-104_task-s7;sub-022_ses-202_task-s7;sub-022_ses-303_task-s7	1007	7	56	sub-022	ses-104	task-s7	1;2;3	7;7;7
143	144	143	144	3	3	trialwise	165;1980;3807	165;1980;3807	2;13;24	7;54;113	sub-022_ses-102_task-s2;sub-022_ses-201_task-s2;sub-022_ses-301_task-s2	165	2	7	sub-022	ses-102	task-s2	1;2;3	2;2;2
144	145	144	145	3	3	trialwise	643;2408;4173	643;2408;4173	5;16;27	8;5;2	sub-022_ses-103_task-s5;sub-022_ses-203_task-s5;sub-022_ses-302_task-s5	643	5	8	sub-022	ses-103	task-s5	1;2;3	5;5;5
145	146	145	146	3	3	trialwise	686;2535;4281	686;2535;4281	5;16;27	51;132;110	sub-022_ses-103_task-s5;sub-022_ses-203_task-s5;sub-022_ses-302_task-s5	686	5	51	sub-022	ses-103	task-s5	1;2;3	5;5;5
146	147	146	147	3	3	trialwise	1265;2906;4667	1265;2906;4667	8;19;30	156;29;22	sub-022_ses-104_task-s8;sub-022_ses-203_task-s8;sub-022_ses-305_task-s8	1265	8	156	sub-022	ses-104	task-s8	1;2;3	8;8;8
147	148	147	148	3	3	trialwise	334;2240;3909	334;2240;3909	3;14;25	17;155;56	sub-022_ses-102_task-s3;sub-022_ses-201_task-s3;sub-022_ses-301_task-s3	334	3	17	sub-022	ses-102	task-s3	1;2;3	3;3;3
148	149	148	149	3	3	trialwise	462;2181;3854	462;2181;3854	3;14;25	145;96;1	sub-022_ses-102_task-s3;sub-022_ses-201_task-s3;sub-022_ses-301_task-s3	462	3	145	sub-022	ses-102	task-s3	1;2;3	3;3;3
149	150	149	150	3	3	trialwise	104;1917;3564	104;1917;3564	1;12;23	105;150;29	sub-022_ses-101_task-s1;sub-022_ses-201_task-s1;sub-022_ses-301_task-s1	104	1	105	sub-022	ses-101	task-s1	1;2;3	1;1;1
150	151	150	151	3	3	trialwise	600;2402;4170	600;2402;4170	4;15;26	124;158;158	sub-022_ses-102_task-s4;sub-022_ses-202_task-s4;sub-022_ses-302_task-s4	600	4	124	sub-022	ses-102	task-s4	1;2;3	4;4;4
151	152	151	152	3	3	trialwise	583;2395;4163	583;2395;4163	4;15;26	107;151;151	sub-022_ses-102_task-s4;sub-022_ses-202_task-s4;sub-022_ses-302_task-s4	583	4	107	sub-022	ses-102	task-s4	1;2;3	4;4;4
152	153	152	153	3	3	trialwise	295;2000;3826	295;2000;3826	2;13;24	137;74;132	sub-022_ses-102_task-s2;sub-022_ses-201_task-s2;sub-022_ses-301_task-s2	295	2	137	sub-022	ses-102	task-s2	1;2;3	2;2;2
153	154	153	154	3	3	trialwise	172;2041;3741	172;2041;3741	2;13;24	14;115;47	sub-022_ses-102_task-s2;sub-022_ses-201_task-s2;sub-022_ses-301_task-s2	172	2	14	sub-022	ses-102	task-s2	1;2;3	2;2;2
154	155	154	155	3	3	trialwise	532;2320;4088	532;2320;4088	4;15;26	56;76;76	sub-022_ses-102_task-s4;sub-022_ses-202_task-s4;sub-022_ses-302_task-s4	532	4	56	sub-022	ses-102	task-s4	1;2;3	4;4;4
155	156	155	156	3	3	trialwise	27;1882;3549	27;1882;3549	1;12;23	28;115;14	sub-022_ses-101_task-s1;sub-022_ses-201_task-s1;sub-022_ses-301_task-s1	27	1	28	sub-022	ses-101	task-s1	1;2;3	1;1;1
156	157	156	157	3	3	trialwise	338;2231;3868	338;2231;3868	3;14;25	21;146;15	sub-022_ses-102_task-s3;sub-022_ses-201_task-s3;sub-022_ses-301_task-s3	338	3	21	sub-022	ses-102	task-s3	1;2;3	3;3;3
157	158	157	158	3	3	trialwise	179;2082;3788	179;2082;3788	2;13;24	21;156;94	sub-022_ses-102_task-s2;sub-022_ses-201_task-s2;sub-022_ses-301_task-s2	179	2	21	sub-022	ses-102	task-s2	1;2;3	2;2;2
158	159	158	159	3	3	trialwise	1198;2892;4726	1198;2892;4726	8;19;30	89;15;81	sub-022_ses-104_task-s8;sub-022_ses-203_task-s8;sub-022_ses-305_task-s8	1198	8	89	sub-022	ses-104	task-s8	1;2;3	8;8;8
159	160	159	160	3	3	trialwise	867;2654;4454	867;2654;4454	6;17;28	74;93;125	sub-022_ses-103_task-s6;sub-022_ses-202_task-s6;sub-022_ses-303_task-s6	867	6	74	sub-022	ses-103	task-s6	1;2;3	6;6;6
160	161	160	161	3	3	trialwise	312;1947;3804	312;1947;3804	2;13;24	154;21;110	sub-022_ses-102_task-s2;sub-022_ses-201_task-s2;sub-022_ses-301_task-s2	312	2	154	sub-022	ses-102	task-s2	1;2;3	2;2;2
161	162	161	162	3	3	trialwise	773;2549;4271	773;2549;4271	5;16;27	138;146;100	sub-022_ses-103_task-s5;sub-022_ses-203_task-s5;sub-022_ses-302_task-s5	773	5	138	sub-022	ses-103	task-s5	1;2;3	5;5;5
162	163	162	163	3	3	trialwise	382;2207;3942	382;2207;3942	3;14;25	65;122;89	sub-022_ses-102_task-s3;sub-022_ses-201_task-s3;sub-022_ses-301_task-s3	382	3	65	sub-022	ses-102	task-s3	1;2;3	3;3;3
163	164	163	164	3	3	trialwise	1106;2762;4596	1106;2762;4596	7;18;29	155;43;109	sub-022_ses-104_task-s7;sub-022_ses-202_task-s7;sub-022_ses-303_task-s7	1106	7	155	sub-022	ses-104	task-s7	1;2;3	7;7;7
164	165	164	165	3	3	trialwise	231;1935;3769	231;1935;3769	2;13;24	73;9;75	sub-022_ses-102_task-s2;sub-022_ses-201_task-s2;sub-022_ses-301_task-s2	231	2	73	sub-022	ses-102	task-s2	1;2;3	2;2;2
165	166	165	166	3	3	trialwise	1102;2791;4607	1102;2791;4607	7;18;29	151;72;120	sub-022_ses-104_task-s7;sub-022_ses-202_task-s7;sub-022_ses-303_task-s7	1102	7	151	sub-022	ses-104	task-s7	1;2;3	7;7;7
166	167	166	167	3	3	trialwise	211;1948;3718	211;1948;3718	2;13;24	53;22;24	sub-022_ses-102_task-s2;sub-022_ses-201_task-s2;sub-022_ses-301_task-s2	211	2	53	sub-022	ses-102	task-s2	1;2;3	2;2;2
167	168	167	168	3	3	trialwise	35;1918;3656	35;1918;3656	1;12;23	36;151;121	sub-022_ses-101_task-s1;sub-022_ses-201_task-s1;sub-022_ses-301_task-s1	35	1	36	sub-022	ses-101	task-s1	1;2;3	1;1;1
168	169	168	169	3	3	trialwise	447;2147;3912	447;2147;3912	3;14;25	130;62;59	sub-022_ses-102_task-s3;sub-022_ses-201_task-s3;sub-022_ses-301_task-s3	447	3	130	sub-022	ses-102	task-s3	1;2;3	3;3;3
169	170	169	170	3	3	trialwise	250;2080;3791	250;2080;3791	2;13;24	92;154;97	sub-022_ses-102_task-s2;sub-022_ses-201_task-s2;sub-022_ses-301_task-s2	250	2	92	sub-022	ses-102	task-s2	1;2;3	2;2;2
170	171	170	171	3	3	trialwise	1009;2831;4507	1009;2831;4507	7;18;29	58;112;20	sub-022_ses-104_task-s7;sub-022_ses-202_task-s7;sub-022_ses-303_task-s7	1009	7	58	sub-022	ses-104	task-s7	1;2;3	7;7;7
171	172	171	172	3	3	trialwise	852;2577;4366	852;2577;4366	6;17;28	59;16;37	sub-022_ses-103_task-s6;sub-022_ses-202_task-s6;sub-022_ses-303_task-s6	852	6	59	sub-022	ses-103	task-s6	1;2;3	6;6;6
172	173	172	173	3	3	trialwise	451;2130;3906	451;2130;3906	3;14;25	134;45;53	sub-022_ses-102_task-s3;sub-022_ses-201_task-s3;sub-022_ses-301_task-s3	451	3	134	sub-022	ses-102	task-s3	1;2;3	3;3;3
173	174	173	174	3	3	trialwise	816;2647;4376	816;2647;4376	6;17;28	23;86;47	sub-022_ses-103_task-s6;sub-022_ses-202_task-s6;sub-022_ses-303_task-s6	816	6	23	sub-022	ses-103	task-s6	1;2;3	6;6;6
174	175	174	175	3	3	trialwise	475;2216;3971	475;2216;3971	3;14;25	158;131;118	sub-022_ses-102_task-s3;sub-022_ses-201_task-s3;sub-022_ses-301_task-s3	475	3	158	sub-022	ses-102	task-s3	1;2;3	3;3;3
175	176	175	176	3	3	trialwise	551;2369;4137	551;2369;4137	4;15;26	75;125;125	sub-022_ses-102_task-s4;sub-022_ses-202_task-s4;sub-022_ses-302_task-s4	551	4	75	sub-022	ses-102	task-s4	1;2;3	4;4;4
176	177	176	177	3	3	trialwise	541;2267;4035	541;2267;4035	4;15;26	65;23;23	sub-022_ses-102_task-s4;sub-022_ses-202_task-s4;sub-022_ses-302_task-s4	541	4	65	sub-022	ses-102	task-s4	1;2;3	4;4;4
177	178	177	178	3	3	trialwise	998;2792;4553	998;2792;4553	7;18;29	47;73;66	sub-022_ses-104_task-s7;sub-022_ses-202_task-s7;sub-022_ses-303_task-s7	998	7	47	sub-022	ses-104	task-s7	1;2;3	7;7;7
178	179	178	179	3	3	trialwise	1077;2784;4504	1077;2784;4504	7;18;29	126;65;17	sub-022_ses-104_task-s7;sub-022_ses-202_task-s7;sub-022_ses-303_task-s7	1077	7	126	sub-022	ses-104	task-s7	1;2;3	7;7;7
179	180	179	180	3	3	trialwise	159;2044;3738	159;2044;3738	2;13;24	1;118;44	sub-022_ses-102_task-s2;sub-022_ses-201_task-s2;sub-022_ses-301_task-s2	159	2	1	sub-022	ses-102	task-s2	1;2;3	2;2;2
180	181	180	181	3	3	trialwise	756;2506;4233	756;2506;4233	5;16;27	121;103;62	sub-022_ses-103_task-s5;sub-022_ses-203_task-s5;sub-022_ses-302_task-s5	756	5	121	sub-022	ses-103	task-s5	1;2;3	5;5;5
181	182	181	182	3	3	trialwise	1222;2921;4650	1222;2921;4650	8;19;30	113;44;5	sub-022_ses-104_task-s8;sub-022_ses-203_task-s8;sub-022_ses-305_task-s8	1222	8	113	sub-022	ses-104	task-s8	1;2;3	8;8;8
182	183	182	183	3	3	trialwise	972;2852;4570	972;2852;4570	7;18;29	21;133;83	sub-022_ses-104_task-s7;sub-022_ses-202_task-s7;sub-022_ses-303_task-s7	972	7	21	sub-022	ses-104	task-s7	1;2;3	7;7;7
183	184	183	184	3	3	trialwise	824;2648;4390	824;2648;4390	6;17;28	31;87;61	sub-022_ses-103_task-s6;sub-022_ses-202_task-s6;sub-022_ses-303_task-s6	824	6	31	sub-022	ses-103	task-s6	1;2;3	6;6;6
184	185	184	185	3	3	trialwise	299;2033;3696	299;2033;3696	2;13;24	141;107;2	sub-022_ses-102_task-s2;sub-022_ses-201_task-s2;sub-022_ses-301_task-s2	299	2	141	sub-022	ses-102	task-s2	1;2;3	2;2;2
185	186	185	186	3	3	trialwise	433;2135;3863	433;2135;3863	3;14;25	116;50;10	sub-022_ses-102_task-s3;sub-022_ses-201_task-s3;sub-022_ses-301_task-s3	433	3	116	sub-022	ses-102	task-s3	1;2;3	3;3;3
186	187	186	187	3	3	trialwise	524;2312;4080	524;2312;4080	4;15;26	48;68;68	sub-022_ses-102_task-s4;sub-022_ses-202_task-s4;sub-022_ses-302_task-s4	524	4	48	sub-022	ses-102	task-s4	1;2;3	4;4;4
187	188	187	188	3	3	trialwise	778;2519;4309	778;2519;4309	5;16;27	143;116;138	sub-022_ses-103_task-s5;sub-022_ses-203_task-s5;sub-022_ses-302_task-s5	778	5	143	sub-022	ses-103	task-s5	1;2;3	5;5;5
188	189	188	189	3	3	trialwise	910;2573;4447	910;2573;4447	6;17;28	117;12;118	sub-022_ses-103_task-s6;sub-022_ses-202_task-s6;sub-022_ses-303_task-s6	910	6	117	sub-022	ses-103	task-s6	1;2;3	6;6;6
189	190	189	190	3	3	trialwise	126;1862;3590	126;1862;3590	1;12;23	127;95;55	sub-022_ses-101_task-s1;sub-022_ses-201_task-s1;sub-022_ses-301_task-s1	126	1	127	sub-022	ses-101	task-s1	1;2;3	1;1;1
190	191	190	191	3	3	trialwise	154;1908;3627	154;1908;3627	1;12;23	155;141;92	sub-022_ses-101_task-s1;sub-022_ses-201_task-s1;sub-022_ses-301_task-s1	154	1	155	sub-022	ses-101	task-s1	1;2;3	1;1;1
191	192	191	192	3	3	trialwise	506;2388;4156	506;2388;4156	4;15;26	30;144;144	sub-022_ses-102_task-s4;sub-022_ses-202_task-s4;sub-022_ses-302_task-s4	506	4	30	sub-022	ses-102	task-s4	1;2;3	4;4;4
192	193	192	193	3	3	trialwise	1065;2819;4580	1065;2819;4580	7;18;29	114;100;93	sub-022_ses-104_task-s7;sub-022_ses-202_task-s7;sub-022_ses-303_task-s7	1065	7	114	sub-022	ses-104	task-s7	1;2;3	7;7;7
193	194	193	194	3	3	trialwise	146;1772;3569	146;1772;3569	1;12;23	147;5;34	sub-022_ses-101_task-s1;sub-022_ses-201_task-s1;sub-022_ses-301_task-s1	146	1	147	sub-022	ses-101	task-s1	1;2;3	1;1;1
194	195	194	195	3	3	trialwise	517;2365;4133	517;2365;4133	4;15;26	41;121;121	sub-022_ses-102_task-s4;sub-022_ses-202_task-s4;sub-022_ses-302_task-s4	517	4	41	sub-022	ses-102	task-s4	1;2;3	4;4;4
195	196	195	196	3	3	trialwise	280;1971;3729	280;1971;3729	2;13;24	122;45;35	sub-022_ses-102_task-s2;sub-022_ses-201_task-s2;sub-022_ses-301_task-s2	280	2	122	sub-022	ses-102	task-s2	1;2;3	2;2;2
196	197	196	197	3	3	trialwise	638;2513;4183	638;2513;4183	5;16;27	3;110;12	sub-022_ses-103_task-s5;sub-022_ses-203_task-s5;sub-022_ses-302_task-s5	638	5	3	sub-022	ses-103	task-s5	1;2;3	5;5;5
197	198	197	198	3	3	trialwise	1233;2895;4716	1233;2895;4716	8;19;30	124;18;71	sub-022_ses-104_task-s8;sub-022_ses-203_task-s8;sub-022_ses-305_task-s8	1233	8	124	sub-022	ses-104	task-s8	1;2;3	8;8;8
198	199	198	199	3	3	trialwise	246;1977;3775	246;1977;3775	2;13;24	88;51;81	sub-022_ses-102_task-s2;sub-022_ses-201_task-s2;sub-022_ses-301_task-s2	246	2	88	sub-022	ses-102	task-s2	1;2;3	2;2;2
199	200	199	200	3	3	trialwise	56;1775;3645	56;1775;3645	1;12;23	57;8;110	sub-022_ses-101_task-s1;sub-022_ses-201_task-s1;sub-022_ses-301_task-s1	56	1	57	sub-022	ses-101	task-s1	1;2;3	1;1;1
200	201	200	201	3	3	trialwise	1135;2899;4668	1135;2899;4668	8;19;30	26;22;23	sub-022_ses-104_task-s8;sub-022_ses-203_task-s8;sub-022_ses-305_task-s8	1135	8	26	sub-022	ses-104	task-s8	1;2;3	8;8;8
201	202	201	202	3	3	trialwise	495;2398;4166	495;2398;4166	4;15;26	19;154;154	sub-022_ses-102_task-s4;sub-022_ses-202_task-s4;sub-022_ses-302_task-s4	495	4	19	sub-022	ses-102	task-s4	1;2;3	4;4;4
202	203	202	203	3	3	trialwise	658;2466;4190	658;2466;4190	5;16;27	23;63;19	sub-022_ses-103_task-s5;sub-022_ses-203_task-s5;sub-022_ses-302_task-s5	658	5	23	sub-022	ses-103	task-s5	1;2;3	5;5;5
203	204	203	204	3	3	trialwise	934;2644;4392	934;2644;4392	6;17;28	141;83;63	sub-022_ses-103_task-s6;sub-022_ses-202_task-s6;sub-022_ses-303_task-s6	934	6	141	sub-022	ses-103	task-s6	1;2;3	6;6;6
204	205	204	205	3	3	trialwise	955;2840;4558	955;2840;4558	7;18;29	4;121;71	sub-022_ses-104_task-s7;sub-022_ses-202_task-s7;sub-022_ses-303_task-s7	955	7	4	sub-022	ses-104	task-s7	1;2;3	7;7;7
205	206	205	206	3	3	trialwise	1243;2939;4758	1243;2939;4758	8;19;30	134;62;113	sub-022_ses-104_task-s8;sub-022_ses-203_task-s8;sub-022_ses-305_task-s8	1243	8	134	sub-022	ses-104	task-s8	1;2;3	8;8;8
206	207	206	207	3	3	trialwise	1076;2751;4621	1076;2751;4621	7;18;29	125;32;134	sub-022_ses-104_task-s7;sub-022_ses-202_task-s7;sub-022_ses-303_task-s7	1076	7	125	sub-022	ses-104	task-s7	1;2;3	7;7;7
207	208	207	208	3	3	trialwise	640;2504;4308	640;2504;4308	5;16;27	5;101;137	sub-022_ses-103_task-s5;sub-022_ses-203_task-s5;sub-022_ses-302_task-s5	640	5	5	sub-022	ses-103	task-s5	1;2;3	5;5;5
208	209	208	209	3	3	trialwise	320;2153;3945	320;2153;3945	3;14;25	3;68;92	sub-022_ses-102_task-s3;sub-022_ses-201_task-s3;sub-022_ses-301_task-s3	320	3	3	sub-022	ses-102	task-s3	1;2;3	3;3;3
209	210	209	210	3	3	trialwise	762;2435;4221	762;2435;4221	5;16;27	127;32;50	sub-022_ses-103_task-s5;sub-022_ses-203_task-s5;sub-022_ses-302_task-s5	762	5	127	sub-022	ses-103	task-s5	1;2;3	5;5;5
210	211	210	211	3	3	trialwise	634;2347;4115	634;2347;4115	4;15;26	158;103;103	sub-022_ses-102_task-s4;sub-022_ses-202_task-s4;sub-022_ses-302_task-s4	634	4	158	sub-022	ses-102	task-s4	1;2;3	4;4;4
211	212	211	212	3	3	trialwise	1015;2837;4576	1015;2837;4576	7;18;29	64;118;89	sub-022_ses-104_task-s7;sub-022_ses-202_task-s7;sub-022_ses-303_task-s7	1015	7	64	sub-022	ses-104	task-s7	1;2;3	7;7;7
212	213	212	213	3	3	trialwise	327;2192;3857	327;2192;3857	3;14;25	10;107;4	sub-022_ses-102_task-s3;sub-022_ses-201_task-s3;sub-022_ses-301_task-s3	327	3	10	sub-022	ses-102	task-s3	1;2;3	3;3;3
213	214	213	214	3	3	trialwise	980;2763;4529	980;2763;4529	7;18;29	29;44;42	sub-022_ses-104_task-s7;sub-022_ses-202_task-s7;sub-022_ses-303_task-s7	980	7	29	sub-022	ses-104	task-s7	1;2;3	7;7;7
214	215	214	215	3	3	trialwise	371;2105;3915	371;2105;3915	3;14;25	54;20;62	sub-022_ses-102_task-s3;sub-022_ses-201_task-s3;sub-022_ses-301_task-s3	371	3	54	sub-022	ses-102	task-s3	1;2;3	3;3;3
215	216	215	216	3	3	trialwise	1110;2887;4735	1110;2887;4735	8;19;30	1;10;90	sub-022_ses-104_task-s8;sub-022_ses-203_task-s8;sub-022_ses-305_task-s8	1110	8	1	sub-022	ses-104	task-s8	1;2;3	8;8;8
216	217	216	217	3	3	trialwise	209;2061;3726	209;2061;3726	2;13;24	51;135;32	sub-022_ses-102_task-s2;sub-022_ses-201_task-s2;sub-022_ses-301_task-s2	209	2	51	sub-022	ses-102	task-s2	1;2;3	2;2;2
217	218	217	218	3	3	trialwise	1267;2946;4728	1267;2946;4728	8;19;30	158;69;83	sub-022_ses-104_task-s8;sub-022_ses-203_task-s8;sub-022_ses-305_task-s8	1267	8	158	sub-022	ses-104	task-s8	1;2;3	8;8;8
218	219	218	219	3	3	trialwise	319;2239;3889	319;2239;3889	3;14;25	2;154;36	sub-022_ses-102_task-s3;sub-022_ses-201_task-s3;sub-022_ses-301_task-s3	319	3	2	sub-022	ses-102	task-s3	1;2;3	3;3;3
219	220	219	220	3	3	trialwise	286;2001;3765	286;2001;3765	2;13;24	128;75;71	sub-022_ses-102_task-s2;sub-022_ses-201_task-s2;sub-022_ses-301_task-s2	286	2	128	sub-022	ses-102	task-s2	1;2;3	2;2;2
220	221	220	221	3	3	trialwise	970;2805;4606	970;2805;4606	7;18;29	19;86;119	sub-022_ses-104_task-s7;sub-022_ses-202_task-s7;sub-022_ses-303_task-s7	970	7	19	sub-022	ses-104	task-s7	1;2;3	7;7;7
221	222	221	222	3	3	trialwise	277;1999;3715	277;1999;3715	2;13;24	119;73;21	sub-022_ses-102_task-s2;sub-022_ses-201_task-s2;sub-022_ses-301_task-s2	277	2	119	sub-022	ses-102	task-s2	1;2;3	2;2;2
222	223	222	223	3	3	trialwise	927;2708;4434	927;2708;4434	6;17;28	134;147;105	sub-022_ses-103_task-s6;sub-022_ses-202_task-s6;sub-022_ses-303_task-s6	927	6	134	sub-022	ses-103	task-s6	1;2;3	6;6;6
223	224	223	224	3	3	trialwise	647;2511;4286	647;2511;4286	5;16;27	12;108;115	sub-022_ses-103_task-s5;sub-022_ses-203_task-s5;sub-022_ses-302_task-s5	647	5	12	sub-022	ses-103	task-s5	1;2;3	5;5;5
224	225	224	225	3	3	trialwise	995;2758;4520	995;2758;4520	7;18;29	44;39;33	sub-022_ses-104_task-s7;sub-022_ses-202_task-s7;sub-022_ses-303_task-s7	995	7	44	sub-022	ses-104	task-s7	1;2;3	7;7;7
225	226	225	226	3	3	trialwise	345;2204;3987	345;2204;3987	3;14;25	28;119;134	sub-022_ses-102_task-s3;sub-022_ses-201_task-s3;sub-022_ses-301_task-s3	345	3	28	sub-022	ses-102	task-s3	1;2;3	3;3;3
226	227	226	227	3	3	trialwise	1031;2857;4545	1031;2857;4545	7;18;29	80;138;58	sub-022_ses-104_task-s7;sub-022_ses-202_task-s7;sub-022_ses-303_task-s7	1031	7	80	sub-022	ses-104	task-s7	1;2;3	7;7;7
227	228	227	228	3	3	trialwise	303;1944;3790	303;1944;3790	2;13;24	145;18;96	sub-022_ses-102_task-s2;sub-022_ses-201_task-s2;sub-022_ses-301_task-s2	303	2	145	sub-022	ses-102	task-s2	1;2;3	2;2;2
228	229	228	229	3	3	trialwise	644;2406;4196	644;2406;4196	5;16;27	9;3;25	sub-022_ses-103_task-s5;sub-022_ses-203_task-s5;sub-022_ses-302_task-s5	644	5	9	sub-022	ses-103	task-s5	1;2;3	5;5;5
229	230	229	230	3	3	trialwise	1245;2920;4737	1245;2920;4737	8;19;30	136;43;92	sub-022_ses-104_task-s8;sub-022_ses-203_task-s8;sub-022_ses-305_task-s8	1245	8	136	sub-022	ses-104	task-s8	1;2;3	8;8;8
230	231	230	231	3	3	trialwise	1048;2853;4577	1048;2853;4577	7;18;29	97;134;90	sub-022_ses-104_task-s7;sub-022_ses-202_task-s7;sub-022_ses-303_task-s7	1048	7	97	sub-022	ses-104	task-s7	1;2;3	7;7;7
231	232	231	232	3	3	trialwise	1032;2848;4532	1032;2848;4532	7;18;29	81;129;45	sub-022_ses-104_task-s7;sub-022_ses-202_task-s7;sub-022_ses-303_task-s7	1032	7	81	sub-022	ses-104	task-s7	1;2;3	7;7;7
232	233	232	233	3	3	trialwise	913;2651;4437	913;2651;4437	6;17;28	120;90;108	sub-022_ses-103_task-s6;sub-022_ses-202_task-s6;sub-022_ses-303_task-s6	913	6	120	sub-022	ses-103	task-s6	1;2;3	6;6;6
233	234	233	234	3	3	trialwise	977;2790;4587	977;2790;4587	7;18;29	26;71;100	sub-022_ses-104_task-s7;sub-022_ses-202_task-s7;sub-022_ses-303_task-s7	977	7	26	sub-022	ses-104	task-s7	1;2;3	7;7;7
234	235	234	235	3	3	trialwise	1069;2854;4612	1069;2854;4612	7;18;29	118;135;125	sub-022_ses-104_task-s7;sub-022_ses-202_task-s7;sub-022_ses-303_task-s7	1069	7	118	sub-022	ses-104	task-s7	1;2;3	7;7;7
235	236	235	236	3	3	trialwise	340;2142;3867	340;2142;3867	3;14;25	23;57;14	sub-022_ses-102_task-s3;sub-022_ses-201_task-s3;sub-022_ses-301_task-s3	340	3	23	sub-022	ses-102	task-s3	1;2;3	3;3;3
236	237	236	237	3	3	trialwise	594;2249;4017	594;2249;4017	4;15;26	118;5;5	sub-022_ses-102_task-s4;sub-022_ses-202_task-s4;sub-022_ses-302_task-s4	594	4	118	sub-022	ses-102	task-s4	1;2;3	4;4;4
237	238	237	238	3	3	trialwise	1251;2885;4774	1251;2885;4774	8;19;30	142;8;129	sub-022_ses-104_task-s8;sub-022_ses-203_task-s8;sub-022_ses-305_task-s8	1251	8	142	sub-022	ses-104	task-s8	1;2;3	8;8;8
238	239	238	239	3	3	trialwise	843;2619;4386	843;2619;4386	6;17;28	50;58;57	sub-022_ses-103_task-s6;sub-022_ses-202_task-s6;sub-022_ses-303_task-s6	843	6	50	sub-022	ses-103	task-s6	1;2;3	6;6;6
239	240	239	240	3	3	trialwise	1193;2914;4666	1193;2914;4666	8;19;30	84;37;21	sub-022_ses-104_task-s8;sub-022_ses-203_task-s8;sub-022_ses-305_task-s8	1193	8	84	sub-022	ses-104	task-s8	1;2;3	8;8;8
240	241	240	241	3	3	trialwise	1134;2903;4651	1134;2903;4651	8;19;30	25;26;6	sub-022_ses-104_task-s8;sub-022_ses-203_task-s8;sub-022_ses-305_task-s8	1134	8	25	sub-022	ses-104	task-s8	1;2;3	8;8;8
241	242	241	242	3	3	trialwise	414;2224;3880	414;2224;3880	3;14;25	97;139;27	sub-022_ses-102_task-s3;sub-022_ses-201_task-s3;sub-022_ses-301_task-s3	414	3	97	sub-022	ses-102	task-s3	1;2;3	3;3;3
242	243	242	243	3	3	trialwise	975;2795;4510	975;2795;4510	7;18;29	24;76;23	sub-022_ses-104_task-s7;sub-022_ses-202_task-s7;sub-022_ses-303_task-s7	975	7	24	sub-022	ses-104	task-s7	1;2;3	7;7;7
243	244	243	244	3	3	trialwise	381;2113;3958	381;2113;3958	3;14;25	64;28;105	sub-022_ses-102_task-s3;sub-022_ses-201_task-s3;sub-022_ses-301_task-s3	381	3	64	sub-022	ses-102	task-s3	1;2;3	3;3;3
244	245	244	245	3	3	trialwise	296;1941;3727	296;1941;3727	2;13;24	138;15;33	sub-022_ses-102_task-s2;sub-022_ses-201_task-s2;sub-022_ses-301_task-s2	296	2	138	sub-022	ses-102	task-s2	1;2;3	2;2;2
245	246	245	246	3	3	trialwise	50;1861;3683	50;1861;3683	1;12;23	51;94;148	sub-022_ses-101_task-s1;sub-022_ses-201_task-s1;sub-022_ses-301_task-s1	50	1	51	sub-022	ses-101	task-s1	1;2;3	1;1;1
246	247	246	247	3	3	trialwise	649;2453;4274	649;2453;4274	5;16;27	14;50;103	sub-022_ses-103_task-s5;sub-022_ses-203_task-s5;sub-022_ses-302_task-s5	649	5	14	sub-022	ses-103	task-s5	1;2;3	5;5;5
247	248	247	248	3	3	trialwise	678;2409;4302	678;2409;4302	5;16;27	43;6;131	sub-022_ses-103_task-s5;sub-022_ses-203_task-s5;sub-022_ses-302_task-s5	678	5	43	sub-022	ses-103	task-s5	1;2;3	5;5;5
248	249	248	249	3	3	trialwise	425;2150;3985	425;2150;3985	3;14;25	108;65;132	sub-022_ses-102_task-s3;sub-022_ses-201_task-s3;sub-022_ses-301_task-s3	425	3	108	sub-022	ses-102	task-s3	1;2;3	3;3;3
249	250	249	250	3	3	trialwise	44;1796;3676	44;1796;3676	1;12;23	45;29;141	sub-022_ses-101_task-s1;sub-022_ses-201_task-s1;sub-022_ses-301_task-s1	44	1	45	sub-022	ses-101	task-s1	1;2;3	1;1;1
250	251	250	251	3	3	trialwise	557;2377;4145	557;2377;4145	4;15;26	81;133;133	sub-022_ses-102_task-s4;sub-022_ses-202_task-s4;sub-022_ses-302_task-s4	557	4	81	sub-022	ses-102	task-s4	1;2;3	4;4;4
251	252	251	252	3	3	trialwise	763;2417;4285	763;2417;4285	5;16;27	128;14;114	sub-022_ses-103_task-s5;sub-022_ses-203_task-s5;sub-022_ses-302_task-s5	763	5	128	sub-022	ses-103	task-s5	1;2;3	5;5;5
252	253	252	253	3	3	trialwise	247;1930;3815	247;1930;3815	2;13;24	89;4;121	sub-022_ses-102_task-s2;sub-022_ses-201_task-s2;sub-022_ses-301_task-s2	247	2	89	sub-022	ses-102	task-s2	1;2;3	2;2;2
253	254	253	254	3	3	trialwise	893;2683;4451	893;2683;4451	6;17;28	100;122;122	sub-022_ses-103_task-s6;sub-022_ses-202_task-s6;sub-022_ses-303_task-s6	893	6	100	sub-022	ses-103	task-s6	1;2;3	6;6;6
254	255	254	255	3	3	trialwise	158;1926;3691	158;1926;3691	1;12;23	159;159;156	sub-022_ses-101_task-s1;sub-022_ses-201_task-s1;sub-022_ses-301_task-s1	158	1	159	sub-022	ses-101	task-s1	1;2;3	1;1;1
255	256	255	256	3	3	trialwise	361;2099;3899	361;2099;3899	3;14;25	44;14;46	sub-022_ses-102_task-s3;sub-022_ses-201_task-s3;sub-022_ses-301_task-s3	361	3	44	sub-022	ses-102	task-s3	1;2;3	3;3;3
256	257	256	257	3	3	trialwise	898;2693;4406	898;2693;4406	6;17;28	105;132;77	sub-022_ses-103_task-s6;sub-022_ses-202_task-s6;sub-022_ses-303_task-s6	898	6	105	sub-022	ses-103	task-s6	1;2;3	6;6;6
257	258	257	258	3	3	trialwise	1140;2913;4660	1140;2913;4660	8;19;30	31;36;15	sub-022_ses-104_task-s8;sub-022_ses-203_task-s8;sub-022_ses-305_task-s8	1140	8	31	sub-022	ses-104	task-s8	1;2;3	8;8;8
258	259	258	259	3	3	trialwise	503;2391;4159	503;2391;4159	4;15;26	27;147;147	sub-022_ses-102_task-s4;sub-022_ses-202_task-s4;sub-022_ses-302_task-s4	503	4	27	sub-022	ses-102	task-s4	1;2;3	4;4;4
259	260	259	260	3	3	trialwise	648;2531;4298	648;2531;4298	5;16;27	13;128;127	sub-022_ses-103_task-s5;sub-022_ses-203_task-s5;sub-022_ses-302_task-s5	648	5	13	sub-022	ses-103	task-s5	1;2;3	5;5;5
260	261	260	261	3	3	trialwise	1026;2834;4579	1026;2834;4579	7;18;29	75;115;92	sub-022_ses-104_task-s7;sub-022_ses-202_task-s7;sub-022_ses-303_task-s7	1026	7	75	sub-022	ses-104	task-s7	1;2;3	7;7;7
261	262	261	262	3	3	trialwise	467;2227;3973	467;2227;3973	3;14;25	150;142;120	sub-022_ses-102_task-s3;sub-022_ses-201_task-s3;sub-022_ses-301_task-s3	467	3	150	sub-022	ses-102	task-s3	1;2;3	3;3;3
262	263	262	263	3	3	trialwise	528;2348;4116	528;2348;4116	4;15;26	52;104;104	sub-022_ses-102_task-s4;sub-022_ses-202_task-s4;sub-022_ses-302_task-s4	528	4	52	sub-022	ses-102	task-s4	1;2;3	4;4;4
263	264	263	264	3	3	trialwise	1161;2979;4698	1161;2979;4698	8;19;30	52;102;53	sub-022_ses-104_task-s8;sub-022_ses-203_task-s8;sub-022_ses-305_task-s8	1161	8	52	sub-022	ses-104	task-s8	1;2;3	8;8;8
264	265	264	265	3	3	trialwise	274;2010;3851	274;2010;3851	2;13;24	116;84;157	sub-022_ses-102_task-s2;sub-022_ses-201_task-s2;sub-022_ses-301_task-s2	274	2	116	sub-022	ses-102	task-s2	1;2;3	2;2;2
265	266	265	266	3	3	trialwise	20;1797;3688	20;1797;3688	1;12;23	21;30;153	sub-022_ses-101_task-s1;sub-022_ses-201_task-s1;sub-022_ses-301_task-s1	20	1	21	sub-022	ses-101	task-s1	1;2;3	1;1;1
266	267	266	267	3	3	trialwise	850;2663;4422	850;2663;4422	6;17;28	57;102;93	sub-022_ses-103_task-s6;sub-022_ses-202_task-s6;sub-022_ses-303_task-s6	850	6	57	sub-022	ses-103	task-s6	1;2;3	6;6;6
267	268	267	268	3	3	trialwise	725;2509;4268	725;2509;4268	5;16;27	90;106;97	sub-022_ses-103_task-s5;sub-022_ses-203_task-s5;sub-022_ses-302_task-s5	725	5	90	sub-022	ses-103	task-s5	1;2;3	5;5;5
268	269	268	269	3	3	trialwise	439;2088;3862	439;2088;3862	3;14;25	122;3;9	sub-022_ses-102_task-s3;sub-022_ses-201_task-s3;sub-022_ses-301_task-s3	439	3	122	sub-022	ses-102	task-s3	1;2;3	3;3;3
269	270	269	270	3	3	trialwise	821;2690;4471	821;2690;4471	6;17;28	28;129;142	sub-022_ses-103_task-s6;sub-022_ses-202_task-s6;sub-022_ses-303_task-s6	821	6	28	sub-022	ses-103	task-s6	1;2;3	6;6;6
270	271	270	271	3	3	trialwise	48;1873;3611	48;1873;3611	1;12;23	49;106;76	sub-022_ses-101_task-s1;sub-022_ses-201_task-s1;sub-022_ses-301_task-s1	48	1	49	sub-022	ses-101	task-s1	1;2;3	1;1;1
271	272	271	272	3	3	trialwise	249;2077;3758	249;2077;3758	2;13;24	91;151;64	sub-022_ses-102_task-s2;sub-022_ses-201_task-s2;sub-022_ses-301_task-s2	249	2	91	sub-022	ses-102	task-s2	1;2;3	2;2;2
272	273	272	273	3	3	trialwise	1196;2917;4662	1196;2917;4662	8;19;30	87;40;17	sub-022_ses-104_task-s8;sub-022_ses-203_task-s8;sub-022_ses-305_task-s8	1196	8	87	sub-022	ses-104	task-s8	1;2;3	8;8;8
273	274	273	274	3	3	trialwise	1011;2868;4499	1011;2868;4499	7;18;29	60;149;12	sub-022_ses-104_task-s7;sub-022_ses-202_task-s7;sub-022_ses-303_task-s7	1011	7	60	sub-022	ses-104	task-s7	1;2;3	7;7;7
274	275	274	275	3	3	trialwise	1149;2967;4801	1149;2967;4801	8;19;30	40;90;156	sub-022_ses-104_task-s8;sub-022_ses-203_task-s8;sub-022_ses-305_task-s8	1149	8	40	sub-022	ses-104	task-s8	1;2;3	8;8;8
275	276	275	276	3	3	trialwise	65;1840;3567	65;1840;3567	1;12;23	66;73;32	sub-022_ses-101_task-s1;sub-022_ses-201_task-s1;sub-022_ses-301_task-s1	65	1	66	sub-022	ses-101	task-s1	1;2;3	1;1;1
276	277	276	277	3	3	trialwise	808;2673;4389	808;2673;4389	6;17;28	15;112;60	sub-022_ses-103_task-s6;sub-022_ses-202_task-s6;sub-022_ses-303_task-s6	808	6	15	sub-022	ses-103	task-s6	1;2;3	6;6;6
277	278	277	278	3	3	trialwise	684;2457;4219	684;2457;4219	5;16;27	49;54;48	sub-022_ses-103_task-s5;sub-022_ses-203_task-s5;sub-022_ses-302_task-s5	684	5	49	sub-022	ses-103	task-s5	1;2;3	5;5;5
278	279	278	279	3	3	trialwise	928;2635;4409	928;2635;4409	6;17;28	135;74;80	sub-022_ses-103_task-s6;sub-022_ses-202_task-s6;sub-022_ses-303_task-s6	928	6	135	sub-022	ses-103	task-s6	1;2;3	6;6;6
279	280	279	280	3	3	trialwise	272;2047;3813	272;2047;3813	2;13;24	114;121;119	sub-022_ses-102_task-s2;sub-022_ses-201_task-s2;sub-022_ses-301_task-s2	272	2	114	sub-022	ses-102	task-s2	1;2;3	2;2;2
280	281	280	281	3	3	trialwise	374;2168;3875	374;2168;3875	3;14;25	57;83;22	sub-022_ses-102_task-s3;sub-022_ses-201_task-s3;sub-022_ses-301_task-s3	374	3	57	sub-022	ses-102	task-s3	1;2;3	3;3;3
281	282	281	282	3	3	trialwise	830;2680;4469	830;2680;4469	6;17;28	37;119;140	sub-022_ses-103_task-s6;sub-022_ses-202_task-s6;sub-022_ses-303_task-s6	830	6	37	sub-022	ses-103	task-s6	1;2;3	6;6;6
282	283	282	283	3	3	trialwise	736;2552;4311	736;2552;4311	5;16;27	101;149;140	sub-022_ses-103_task-s5;sub-022_ses-203_task-s5;sub-022_ses-302_task-s5	736	5	101	sub-022	ses-103	task-s5	1;2;3	5;5;5
283	284	283	284	3	3	trialwise	1246;2985;4683	1246;2985;4683	8;19;30	137;108;38	sub-022_ses-104_task-s8;sub-022_ses-203_task-s8;sub-022_ses-305_task-s8	1246	8	137	sub-022	ses-104	task-s8	1;2;3	8;8;8
284	285	284	285	3	3	trialwise	1116;3025;4694	1116;3025;4694	8;19;30	7;148;49	sub-022_ses-104_task-s8;sub-022_ses-203_task-s8;sub-022_ses-305_task-s8	1116	8	7	sub-022	ses-104	task-s8	1;2;3	8;8;8
285	286	285	286	3	3	trialwise	596;2361;4129	596;2361;4129	4;15;26	120;117;117	sub-022_ses-102_task-s4;sub-022_ses-202_task-s4;sub-022_ses-302_task-s4	596	4	120	sub-022	ses-102	task-s4	1;2;3	4;4;4
286	287	286	287	3	3	trialwise	652;2407;4313	652;2407;4313	5;16;27	17;4;142	sub-022_ses-103_task-s5;sub-022_ses-203_task-s5;sub-022_ses-302_task-s5	652	5	17	sub-022	ses-103	task-s5	1;2;3	5;5;5
287	288	287	288	3	3	trialwise	30;1872;3680	30;1872;3680	1;12;23	31;105;145	sub-022_ses-101_task-s1;sub-022_ses-201_task-s1;sub-022_ses-301_task-s1	30	1	31	sub-022	ses-101	task-s1	1;2;3	1;1;1
288	289	288	289	3	3	trialwise	445;2110;3874	445;2110;3874	3;14;25	128;25;21	sub-022_ses-102_task-s3;sub-022_ses-201_task-s3;sub-022_ses-301_task-s3	445	3	128	sub-022	ses-102	task-s3	1;2;3	3;3;3
289	290	289	290	3	3	trialwise	1045;2746;4641	1045;2746;4641	7;18;29	94;27;154	sub-022_ses-104_task-s7;sub-022_ses-202_task-s7;sub-022_ses-303_task-s7	1045	7	94	sub-022	ses-104	task-s7	1;2;3	7;7;7
290	291	290	291	3	3	trialwise	1088;2737;4498	1088;2737;4498	7;18;29	137;18;11	sub-022_ses-104_task-s7;sub-022_ses-202_task-s7;sub-022_ses-303_task-s7	1088	7	137	sub-022	ses-104	task-s7	1;2;3	7;7;7
291	292	291	292	3	3	trialwise	164;1970;3711	164;1970;3711	2;13;24	6;44;17	sub-022_ses-102_task-s2;sub-022_ses-201_task-s2;sub-022_ses-301_task-s2	164	2	6	sub-022	ses-102	task-s2	1;2;3	2;2;2
292	293	292	293	3	3	trialwise	1073;2733;4593	1073;2733;4593	7;18;29	122;14;106	sub-022_ses-104_task-s7;sub-022_ses-202_task-s7;sub-022_ses-303_task-s7	1073	7	122	sub-022	ses-104	task-s7	1;2;3	7;7;7
293	294	293	294	3	3	trialwise	1066;2874;4542	1066;2874;4542	7;18;29	115;155;55	sub-022_ses-104_task-s7;sub-022_ses-202_task-s7;sub-022_ses-303_task-s7	1066	7	115	sub-022	ses-104	task-s7	1;2;3	7;7;7
294	295	294	295	3	3	trialwise	1016;2786;4585	1016;2786;4585	7;18;29	65;67;98	sub-022_ses-104_task-s7;sub-022_ses-202_task-s7;sub-022_ses-303_task-s7	1016	7	65	sub-022	ses-104	task-s7	1;2;3	7;7;7
295	296	295	296	3	3	trialwise	125;1790;3612	125;1790;3612	1;12;23	126;23;77	sub-022_ses-101_task-s1;sub-022_ses-201_task-s1;sub-022_ses-301_task-s1	125	1	126	sub-022	ses-101	task-s1	1;2;3	1;1;1
296	297	296	297	3	3	trialwise	330;2174;3892	330;2174;3892	3;14;25	13;89;39	sub-022_ses-102_task-s3;sub-022_ses-201_task-s3;sub-022_ses-301_task-s3	330	3	13	sub-022	ses-102	task-s3	1;2;3	3;3;3
297	298	297	298	3	3	trialwise	284;1956;3843	284;1956;3843	2;13;24	126;30;149	sub-022_ses-102_task-s2;sub-022_ses-201_task-s2;sub-022_ses-301_task-s2	284	2	126	sub-022	ses-102	task-s2	1;2;3	2;2;2
298	299	298	299	3	3	trialwise	226;2079;3839	226;2079;3839	2;13;24	68;153;145	sub-022_ses-102_task-s2;sub-022_ses-201_task-s2;sub-022_ses-301_task-s2	226	2	68	sub-022	ses-102	task-s2	1;2;3	2;2;2
299	300	299	300	3	3	trialwise	858;2671;4456	858;2671;4456	6;17;28	65;110;127	sub-022_ses-103_task-s6;sub-022_ses-202_task-s6;sub-022_ses-303_task-s6	858	6	65	sub-022	ses-103	task-s6	1;2;3	6;6;6
300	301	300	301	3	3	trialwise	456;2198;3935	456;2198;3935	3;14;25	139;113;82	sub-022_ses-102_task-s3;sub-022_ses-201_task-s3;sub-022_ses-301_task-s3	456	3	139	sub-022	ses-102	task-s3	1;2;3	3;3;3
301	302	301	302	3	3	trialwise	1162;2952;4669	1162;2952;4669	8;19;30	53;75;24	sub-022_ses-104_task-s8;sub-022_ses-203_task-s8;sub-022_ses-305_task-s8	1162	8	53	sub-022	ses-104	task-s8	1;2;3	8;8;8
302	303	302	303	3	3	trialwise	52;1848;3620	52;1848;3620	1;12;23	53;81;85	sub-022_ses-101_task-s1;sub-022_ses-201_task-s1;sub-022_ses-301_task-s1	52	1	53	sub-022	ses-101	task-s1	1;2;3	1;1;1
303	304	303	304	3	3	trialwise	418;2118;3914	418;2118;3914	3;14;25	101;33;61	sub-022_ses-102_task-s3;sub-022_ses-201_task-s3;sub-022_ses-301_task-s3	418	3	101	sub-022	ses-102	task-s3	1;2;3	3;3;3
304	305	304	305	3	3	trialwise	192;1990;3797	192;1990;3797	2;13;24	34;64;103	sub-022_ses-102_task-s2;sub-022_ses-201_task-s2;sub-022_ses-301_task-s2	192	2	34	sub-022	ses-102	task-s2	1;2;3	2;2;2
305	306	305	306	3	3	trialwise	346;2100;3974	346;2100;3974	3;14;25	29;15;121	sub-022_ses-102_task-s3;sub-022_ses-201_task-s3;sub-022_ses-301_task-s3	346	3	29	sub-022	ses-102	task-s3	1;2;3	3;3;3
306	307	306	307	3	3	trialwise	24;1883;3537	24;1883;3537	1;12;23	25;116;2	sub-022_ses-101_task-s1;sub-022_ses-201_task-s1;sub-022_ses-301_task-s1	24	1	25	sub-022	ses-101	task-s1	1;2;3	1;1;1
307	308	307	308	3	3	trialwise	94;1773;3562	94;1773;3562	1;12;23	95;6;27	sub-022_ses-101_task-s1;sub-022_ses-201_task-s1;sub-022_ses-301_task-s1	94	1	95	sub-022	ses-101	task-s1	1;2;3	1;1;1
308	309	308	309	3	3	trialwise	269;1966;3748	269;1966;3748	2;13;24	111;40;54	sub-022_ses-102_task-s2;sub-022_ses-201_task-s2;sub-022_ses-301_task-s2	269	2	111	sub-022	ses-102	task-s2	1;2;3	2;2;2
309	310	309	310	3	3	trialwise	313;2050;3784	313;2050;3784	2;13;24	155;124;90	sub-022_ses-102_task-s2;sub-022_ses-201_task-s2;sub-022_ses-301_task-s2	313	2	155	sub-022	ses-102	task-s2	1;2;3	2;2;2
310	311	310	311	3	3	trialwise	132;1835;3542	132;1835;3542	1;12;23	133;68;7	sub-022_ses-101_task-s1;sub-022_ses-201_task-s1;sub-022_ses-301_task-s1	132	1	133	sub-022	ses-101	task-s1	1;2;3	1;1;1
311	312	311	312	3	3	trialwise	742;2472;4235	742;2472;4235	5;16;27	107;69;64	sub-022_ses-103_task-s5;sub-022_ses-203_task-s5;sub-022_ses-302_task-s5	742	5	107	sub-022	ses-103	task-s5	1;2;3	5;5;5
312	313	312	313	3	3	trialwise	1029;2773;4502	1029;2773;4502	7;18;29	78;54;15	sub-022_ses-104_task-s7;sub-022_ses-202_task-s7;sub-022_ses-303_task-s7	1029	7	78	sub-022	ses-104	task-s7	1;2;3	7;7;7
313	314	313	314	3	3	trialwise	880;2608;4359	880;2608;4359	6;17;28	87;47;30	sub-022_ses-103_task-s6;sub-022_ses-202_task-s6;sub-022_ses-303_task-s6	880	6	87	sub-022	ses-103	task-s6	1;2;3	6;6;6
314	315	314	315	3	3	trialwise	122;1880;3669	122;1880;3669	1;12;23	123;113;134	sub-022_ses-101_task-s1;sub-022_ses-201_task-s1;sub-022_ses-301_task-s1	122	1	123	sub-022	ses-101	task-s1	1;2;3	1;1;1
315	316	315	316	3	3	trialwise	419;2119;3967	419;2119;3967	3;14;25	102;34;114	sub-022_ses-102_task-s3;sub-022_ses-201_task-s3;sub-022_ses-301_task-s3	419	3	102	sub-022	ses-102	task-s3	1;2;3	3;3;3
316	317	316	317	3	3	trialwise	715;2465;4325	715;2465;4325	5;16;27	80;62;154	sub-022_ses-103_task-s5;sub-022_ses-203_task-s5;sub-022_ses-302_task-s5	715	5	80	sub-022	ses-103	task-s5	1;2;3	5;5;5
317	318	317	318	3	3	trialwise	155;1921;3543	155;1921;3543	1;12;23	156;154;8	sub-022_ses-101_task-s1;sub-022_ses-201_task-s1;sub-022_ses-301_task-s1	155	1	156	sub-022	ses-101	task-s1	1;2;3	1;1;1
318	319	318	319	3	3	trialwise	157;1901;3668	157;1901;3668	1;12;23	158;134;133	sub-022_ses-101_task-s1;sub-022_ses-201_task-s1;sub-022_ses-301_task-s1	157	1	158	sub-022	ses-101	task-s1	1;2;3	1;1;1
319	320	319	320	3	3	trialwise	956;2836;4600	956;2836;4600	7;18;29	5;117;113	sub-022_ses-104_task-s7;sub-022_ses-202_task-s7;sub-022_ses-303_task-s7	956	7	5	sub-022	ses-104	task-s7	1;2;3	7;7;7
320	321	320	321	3	3	trialwise	461;2222;3943	461;2222;3943	3;14;25	144;137;90	sub-022_ses-102_task-s3;sub-022_ses-201_task-s3;sub-022_ses-301_task-s3	461	3	144	sub-022	ses-102	task-s3	1;2;3	3;3;3
321	322	321	322	3	3	trialwise	1111;2968;4725	1111;2968;4725	8;19;30	2;91;80	sub-022_ses-104_task-s8;sub-022_ses-203_task-s8;sub-022_ses-305_task-s8	1111	8	2	sub-022	ses-104	task-s8	1;2;3	8;8;8
322	323	322	323	3	3	trialwise	332;2094;3949	332;2094;3949	3;14;25	15;9;96	sub-022_ses-102_task-s3;sub-022_ses-201_task-s3;sub-022_ses-301_task-s3	332	3	15	sub-022	ses-102	task-s3	1;2;3	3;3;3
323	324	323	324	3	3	trialwise	1148;2954;4796	1148;2954;4796	8;19;30	39;77;151	sub-022_ses-104_task-s8;sub-022_ses-203_task-s8;sub-022_ses-305_task-s8	1148	8	39	sub-022	ses-104	task-s8	1;2;3	8;8;8
324	325	324	325	3	3	trialwise	4;1868;3618	4;1868;3618	1;12;23	5;101;83	sub-022_ses-101_task-s1;sub-022_ses-201_task-s1;sub-022_ses-301_task-s1	4	1	5	sub-022	ses-101	task-s1	1;2;3	1;1;1
325	326	325	326	3	3	trialwise	1229;2891;4793	1229;2891;4793	8;19;30	120;14;148	sub-022_ses-104_task-s8;sub-022_ses-203_task-s8;sub-022_ses-305_task-s8	1229	8	120	sub-022	ses-104	task-s8	1;2;3	8;8;8
326	327	326	327	3	3	trialwise	292;1989;3772	292;1989;3772	2;13;24	134;63;78	sub-022_ses-102_task-s2;sub-022_ses-201_task-s2;sub-022_ses-301_task-s2	292	2	134	sub-022	ses-102	task-s2	1;2;3	2;2;2
327	328	327	328	3	3	trialwise	1252;2924;4756	1252;2924;4756	8;19;30	143;47;111	sub-022_ses-104_task-s8;sub-022_ses-203_task-s8;sub-022_ses-305_task-s8	1252	8	143	sub-022	ses-104	task-s8	1;2;3	8;8;8
328	329	328	329	3	3	trialwise	698;2520;4279	698;2520;4279	5;16;27	63;117;108	sub-022_ses-103_task-s5;sub-022_ses-203_task-s5;sub-022_ses-302_task-s5	698	5	63	sub-022	ses-103	task-s5	1;2;3	5;5;5
329	330	329	330	3	3	trialwise	817;2609;4363	817;2609;4363	6;17;28	24;48;34	sub-022_ses-103_task-s6;sub-022_ses-202_task-s6;sub-022_ses-303_task-s6	817	6	24	sub-022	ses-103	task-s6	1;2;3	6;6;6
330	331	330	331	3	3	trialwise	481;2355;4123	481;2355;4123	4;15;26	5;111;111	sub-022_ses-102_task-s4;sub-022_ses-202_task-s4;sub-022_ses-302_task-s4	481	4	5	sub-022	ses-102	task-s4	1;2;3	4;4;4
331	332	331	332	3	3	trialwise	394;2188;3902	394;2188;3902	3;14;25	77;103;49	sub-022_ses-102_task-s3;sub-022_ses-201_task-s3;sub-022_ses-301_task-s3	394	3	77	sub-022	ses-102	task-s3	1;2;3	3;3;3
332	333	332	333	3	3	trialwise	177;2075;3708	177;2075;3708	2;13;24	19;149;14	sub-022_ses-102_task-s2;sub-022_ses-201_task-s2;sub-022_ses-301_task-s2	177	2	19	sub-022	ses-102	task-s2	1;2;3	2;2;2
333	334	333	334	3	3	trialwise	561;2308;4076	561;2308;4076	4;15;26	85;64;64	sub-022_ses-102_task-s4;sub-022_ses-202_task-s4;sub-022_ses-302_task-s4	561	4	85	sub-022	ses-102	task-s4	1;2;3	4;4;4
334	335	334	335	3	3	trialwise	123;1851;3614	123;1851;3614	1;12;23	124;84;79	sub-022_ses-101_task-s1;sub-022_ses-201_task-s1;sub-022_ses-301_task-s1	123	1	124	sub-022	ses-101	task-s1	1;2;3	1;1;1
335	336	335	336	3	3	trialwise	259;1928;3731	259;1928;3731	2;13;24	101;2;37	sub-022_ses-102_task-s2;sub-022_ses-201_task-s2;sub-022_ses-301_task-s2	259	2	101	sub-022	ses-102	task-s2	1;2;3	2;2;2
336	337	336	337	3	3	trialwise	366;2134;3873	366;2134;3873	3;14;25	49;49;20	sub-022_ses-102_task-s3;sub-022_ses-201_task-s3;sub-022_ses-301_task-s3	366	3	49	sub-022	ses-102	task-s3	1;2;3	3;3;3
337	338	337	338	3	3	trialwise	905;2616;4416	905;2616;4416	6;17;28	112;55;87	sub-022_ses-103_task-s6;sub-022_ses-202_task-s6;sub-022_ses-303_task-s6	905	6	112	sub-022	ses-103	task-s6	1;2;3	6;6;6
338	339	338	339	3	3	trialwise	262;2085;3840	262;2085;3840	2;13;24	104;159;146	sub-022_ses-102_task-s2;sub-022_ses-201_task-s2;sub-022_ses-301_task-s2	262	2	104	sub-022	ses-102	task-s2	1;2;3	2;2;2
339	340	339	340	3	3	trialwise	761;2525;4217	761;2525;4217	5;16;27	126;122;46	sub-022_ses-103_task-s5;sub-022_ses-203_task-s5;sub-022_ses-302_task-s5	761	5	126	sub-022	ses-103	task-s5	1;2;3	5;5;5
340	341	340	341	3	3	trialwise	918;2666;4360	918;2666;4360	6;17;28	125;105;31	sub-022_ses-103_task-s6;sub-022_ses-202_task-s6;sub-022_ses-303_task-s6	918	6	125	sub-022	ses-103	task-s6	1;2;3	6;6;6
341	342	341	342	3	3	trialwise	304;2015;3759	304;2015;3759	2;13;24	146;89;65	sub-022_ses-102_task-s2;sub-022_ses-201_task-s2;sub-022_ses-301_task-s2	304	2	146	sub-022	ses-102	task-s2	1;2;3	2;2;2
342	343	342	343	3	3	trialwise	722;2438;4225	722;2438;4225	5;16;27	87;35;54	sub-022_ses-103_task-s5;sub-022_ses-203_task-s5;sub-022_ses-302_task-s5	722	5	87	sub-022	ses-103	task-s5	1;2;3	5;5;5
343	344	343	344	3	3	trialwise	1092;2772;4516	1092;2772;4516	7;18;29	141;53;29	sub-022_ses-104_task-s7;sub-022_ses-202_task-s7;sub-022_ses-303_task-s7	1092	7	141	sub-022	ses-104	task-s7	1;2;3	7;7;7
344	345	344	345	3	3	trialwise	343;2139;3989	343;2139;3989	3;14;25	26;54;136	sub-022_ses-102_task-s3;sub-022_ses-201_task-s3;sub-022_ses-301_task-s3	343	3	26	sub-022	ses-102	task-s3	1;2;3	3;3;3
345	346	345	346	3	3	trialwise	570;2346;4114	570;2346;4114	4;15;26	94;102;102	sub-022_ses-102_task-s4;sub-022_ses-202_task-s4;sub-022_ses-302_task-s4	570	4	94	sub-022	ses-102	task-s4	1;2;3	4;4;4
346	347	346	347	3	3	trialwise	974;2802;4517	974;2802;4517	7;18;29	23;83;30	sub-022_ses-104_task-s7;sub-022_ses-202_task-s7;sub-022_ses-303_task-s7	974	7	23	sub-022	ses-104	task-s7	1;2;3	7;7;7
347	348	347	348	3	3	trialwise	19;1916;3582	19;1916;3582	1;12;23	20;149;47	sub-022_ses-101_task-s1;sub-022_ses-201_task-s1;sub-022_ses-301_task-s1	19	1	20	sub-022	ses-101	task-s1	1;2;3	1;1;1
348	349	348	349	3	3	trialwise	412;2233;3951	412;2233;3951	3;14;25	95;148;98	sub-022_ses-102_task-s3;sub-022_ses-201_task-s3;sub-022_ses-301_task-s3	412	3	95	sub-022	ses-102	task-s3	1;2;3	3;3;3
349	350	349	350	3	3	trialwise	47;1785;3649	47;1785;3649	1;12;23	48;18;114	sub-022_ses-101_task-s1;sub-022_ses-201_task-s1;sub-022_ses-301_task-s1	47	1	48	sub-022	ses-101	task-s1	1;2;3	1;1;1
350	351	350	351	3	3	trialwise	305;2039;3745	305;2039;3745	2;13;24	147;113;51	sub-022_ses-102_task-s2;sub-022_ses-201_task-s2;sub-022_ses-301_task-s2	305	2	147	sub-022	ses-102	task-s2	1;2;3	2;2;2
351	352	351	352	3	3	trialwise	335;2146;3882	335;2146;3882	3;14;25	18;61;29	sub-022_ses-102_task-s3;sub-022_ses-201_task-s3;sub-022_ses-301_task-s3	335	3	18	sub-022	ses-102	task-s3	1;2;3	3;3;3
352	353	352	353	3	3	trialwise	554;2276;4044	554;2276;4044	4;15;26	78;32;32	sub-022_ses-102_task-s4;sub-022_ses-202_task-s4;sub-022_ses-302_task-s4	554	4	78	sub-022	ses-102	task-s4	1;2;3	4;4;4
353	354	353	354	3	3	trialwise	660;2480;4199	660;2480;4199	5;16;27	25;77;28	sub-022_ses-103_task-s5;sub-022_ses-203_task-s5;sub-022_ses-302_task-s5	660	5	25	sub-022	ses-103	task-s5	1;2;3	5;5;5
354	355	354	355	3	3	trialwise	693;2474;4246	693;2474;4246	5;16;27	58;71;75	sub-022_ses-103_task-s5;sub-022_ses-203_task-s5;sub-022_ses-302_task-s5	693	5	58	sub-022	ses-103	task-s5	1;2;3	5;5;5
355	356	355	356	3	3	trialwise	751;2501;4184	751;2501;4184	5;16;27	116;98;13	sub-022_ses-103_task-s5;sub-022_ses-203_task-s5;sub-022_ses-302_task-s5	751	5	116	sub-022	ses-103	task-s5	1;2;3	5;5;5
356	357	356	357	3	3	trialwise	911;2618;4352	911;2618;4352	6;17;28	118;57;23	sub-022_ses-103_task-s6;sub-022_ses-202_task-s6;sub-022_ses-303_task-s6	911	6	118	sub-022	ses-103	task-s6	1;2;3	6;6;6
357	358	357	358	3	3	trialwise	582;2353;4121	582;2353;4121	4;15;26	106;109;109	sub-022_ses-102_task-s4;sub-022_ses-202_task-s4;sub-022_ses-302_task-s4	582	4	106	sub-022	ses-102	task-s4	1;2;3	4;4;4
358	359	358	359	3	3	trialwise	358;2123;3998	358;2123;3998	3;14;25	41;38;145	sub-022_ses-102_task-s3;sub-022_ses-201_task-s3;sub-022_ses-301_task-s3	358	3	41	sub-022	ses-102	task-s3	1;2;3	3;3;3
359	360	359	360	3	3	trialwise	854;2689;4443	854;2689;4443	6;17;28	61;128;114	sub-022_ses-103_task-s6;sub-022_ses-202_task-s6;sub-022_ses-303_task-s6	854	6	61	sub-022	ses-103	task-s6	1;2;3	6;6;6
360	361	360	361	3	3	trialwise	13;1827;3570	13;1827;3570	1;12;23	14;60;35	sub-022_ses-101_task-s1;sub-022_ses-201_task-s1;sub-022_ses-301_task-s1	13	1	14	sub-022	ses-101	task-s1	1;2;3	1;1;1
361	362	361	362	3	3	trialwise	349;2159;3876	349;2159;3876	3;14;25	32;74;23	sub-022_ses-102_task-s3;sub-022_ses-201_task-s3;sub-022_ses-301_task-s3	349	3	32	sub-022	ses-102	task-s3	1;2;3	3;3;3
362	363	362	363	3	3	trialwise	1141;2991;4738	1141;2991;4738	8;19;30	32;114;93	sub-022_ses-104_task-s8;sub-022_ses-203_task-s8;sub-022_ses-305_task-s8	1141	8	32	sub-022	ses-104	task-s8	1;2;3	8;8;8
363	364	363	364	3	3	trialwise	767;2512;4275	767;2512;4275	5;16;27	132;109;104	sub-022_ses-103_task-s5;sub-022_ses-203_task-s5;sub-022_ses-302_task-s5	767	5	132	sub-022	ses-103	task-s5	1;2;3	5;5;5
364	365	364	365	3	3	trialwise	31;1863;3547	31;1863;3547	1;12;23	32;96;12	sub-022_ses-101_task-s1;sub-022_ses-201_task-s1;sub-022_ses-301_task-s1	31	1	32	sub-022	ses-101	task-s1	1;2;3	1;1;1
365	366	365	366	3	3	trialwise	904;2649;4411	904;2649;4411	6;17;28	111;88;82	sub-022_ses-103_task-s6;sub-022_ses-202_task-s6;sub-022_ses-303_task-s6	904	6	111	sub-022	ses-103	task-s6	1;2;3	6;6;6
366	367	366	367	3	3	trialwise	16;1774;3613	16;1774;3613	1;12;23	17;7;78	sub-022_ses-101_task-s1;sub-022_ses-201_task-s1;sub-022_ses-301_task-s1	16	1	17	sub-022	ses-101	task-s1	1;2;3	1;1;1
367	368	367	368	3	3	trialwise	1261;3018;4757	1261;3018;4757	8;19;30	152;141;112	sub-022_ses-104_task-s8;sub-022_ses-203_task-s8;sub-022_ses-305_task-s8	1261	8	152	sub-022	ses-104	task-s8	1;2;3	8;8;8
368	369	368	369	3	3	trialwise	721;2517;4248	721;2517;4248	5;16;27	86;114;77	sub-022_ses-103_task-s5;sub-022_ses-203_task-s5;sub-022_ses-302_task-s5	721	5	86	sub-022	ses-103	task-s5	1;2;3	5;5;5
369	370	369	370	3	3	trialwise	189;1995;3828	189;1995;3828	2;13;24	31;69;134	sub-022_ses-102_task-s2;sub-022_ses-201_task-s2;sub-022_ses-301_task-s2	189	2	31	sub-022	ses-102	task-s2	1;2;3	2;2;2
370	371	370	371	3	3	trialwise	770;2452;4319	770;2452;4319	5;16;27	135;49;148	sub-022_ses-103_task-s5;sub-022_ses-203_task-s5;sub-022_ses-302_task-s5	770	5	135	sub-022	ses-103	task-s5	1;2;3	5;5;5
371	372	371	372	3	3	trialwise	485;2247;4015	485;2247;4015	4;15;26	9;3;3	sub-022_ses-102_task-s4;sub-022_ses-202_task-s4;sub-022_ses-302_task-s4	485	4	9	sub-022	ses-102	task-s4	1;2;3	4;4;4
372	373	372	373	3	3	trialwise	958;2869;4633	958;2869;4633	7;18;29	7;150;146	sub-022_ses-104_task-s7;sub-022_ses-202_task-s7;sub-022_ses-303_task-s7	958	7	7	sub-022	ses-104	task-s7	1;2;3	7;7;7
373	374	373	374	3	3	trialwise	997;2731;4509	997;2731;4509	7;18;29	46;12;22	sub-022_ses-104_task-s7;sub-022_ses-202_task-s7;sub-022_ses-303_task-s7	997	7	46	sub-022	ses-104	task-s7	1;2;3	7;7;7
374	375	374	375	3	3	trialwise	160;2013;3849	160;2013;3849	2;13;24	2;87;155	sub-022_ses-102_task-s2;sub-022_ses-201_task-s2;sub-022_ses-301_task-s2	160	2	2	sub-022	ses-102	task-s2	1;2;3	2;2;2
375	376	375	376	3	3	trialwise	559;2294;4062	559;2294;4062	4;15;26	83;50;50	sub-022_ses-102_task-s4;sub-022_ses-202_task-s4;sub-022_ses-302_task-s4	559	4	83	sub-022	ses-102	task-s4	1;2;3	4;4;4
376	377	376	377	3	3	trialwise	59;1812;3536	59;1812;3536	1;12;23	60;45;1	sub-022_ses-101_task-s1;sub-022_ses-201_task-s1;sub-022_ses-301_task-s1	59	1	60	sub-022	ses-101	task-s1	1;2;3	1;1;1
377	378	377	378	3	3	trialwise	1063;2723;4614	1063;2723;4614	7;18;29	112;4;127	sub-022_ses-104_task-s7;sub-022_ses-202_task-s7;sub-022_ses-303_task-s7	1063	7	112	sub-022	ses-104	task-s7	1;2;3	7;7;7
378	379	378	379	3	3	trialwise	200;2007;3780	200;2007;3780	2;13;24	42;81;86	sub-022_ses-102_task-s2;sub-022_ses-201_task-s2;sub-022_ses-301_task-s2	200	2	42	sub-022	ses-102	task-s2	1;2;3	2;2;2
379	380	379	380	3	3	trialwise	8;1799;3593	8;1799;3593	1;12;23	9;32;58	sub-022_ses-101_task-s1;sub-022_ses-201_task-s1;sub-022_ses-301_task-s1	8	1	9	sub-022	ses-101	task-s1	1;2;3	1;1;1
380	381	380	381	3	3	trialwise	749;2507;4207	749;2507;4207	5;16;27	114;104;36	sub-022_ses-103_task-s5;sub-022_ses-203_task-s5;sub-022_ses-302_task-s5	749	5	114	sub-022	ses-103	task-s5	1;2;3	5;5;5
381	382	381	382	3	3	trialwise	707;2503;4305	707;2503;4305	5;16;27	72;100;134	sub-022_ses-103_task-s5;sub-022_ses-203_task-s5;sub-022_ses-302_task-s5	707	5	72	sub-022	ses-103	task-s5	1;2;3	5;5;5
382	383	382	383	3	3	trialwise	469;2214;3910	469;2214;3910	3;14;25	152;129;57	sub-022_ses-102_task-s3;sub-022_ses-201_task-s3;sub-022_ses-301_task-s3	469	3	152	sub-022	ses-102	task-s3	1;2;3	3;3;3
383	384	383	384	3	3	trialwise	1120;2930;4655	1120;2930;4655	8;19;30	11;53;10	sub-022_ses-104_task-s8;sub-022_ses-203_task-s8;sub-022_ses-305_task-s8	1120	8	11	sub-022	ses-104	task-s8	1;2;3	8;8;8
384	385	384	385	3	3	trialwise	297;2073;3795	297;2073;3795	2;13;24	139;147;101	sub-022_ses-102_task-s2;sub-022_ses-201_task-s2;sub-022_ses-301_task-s2	297	2	139	sub-022	ses-102	task-s2	1;2;3	2;2;2
385	386	385	386	3	3	trialwise	1057;2811;4620	1057;2811;4620	7;18;29	106;92;133	sub-022_ses-104_task-s7;sub-022_ses-202_task-s7;sub-022_ses-303_task-s7	1057	7	106	sub-022	ses-104	task-s7	1;2;3	7;7;7
386	387	386	387	3	3	trialwise	768;2433;4228	768;2433;4228	5;16;27	133;30;57	sub-022_ses-103_task-s5;sub-022_ses-203_task-s5;sub-022_ses-302_task-s5	768	5	133	sub-022	ses-103	task-s5	1;2;3	5;5;5
387	388	387	388	3	3	trialwise	1055;2824;4599	1055;2824;4599	7;18;29	104;105;112	sub-022_ses-104_task-s7;sub-022_ses-202_task-s7;sub-022_ses-303_task-s7	1055	7	104	sub-022	ses-104	task-s7	1;2;3	7;7;7
388	389	388	389	3	3	trialwise	560;2250;4018	560;2250;4018	4;15;26	84;6;6	sub-022_ses-102_task-s4;sub-022_ses-202_task-s4;sub-022_ses-302_task-s4	560	4	84	sub-022	ses-102	task-s4	1;2;3	4;4;4
389	390	389	390	3	3	trialwise	393;2164;4005	393;2164;4005	3;14;25	76;79;152	sub-022_ses-102_task-s3;sub-022_ses-201_task-s3;sub-022_ses-301_task-s3	393	3	76	sub-022	ses-102	task-s3	1;2;3	3;3;3
390	391	390	391	3	3	trialwise	100;1925;3624	100;1925;3624	1;12;23	101;158;89	sub-022_ses-101_task-s1;sub-022_ses-201_task-s1;sub-022_ses-301_task-s1	100	1	101	sub-022	ses-101	task-s1	1;2;3	1;1;1
391	392	391	392	3	3	trialwise	544;2258;4026	544;2258;4026	4;15;26	68;14;14	sub-022_ses-102_task-s4;sub-022_ses-202_task-s4;sub-022_ses-302_task-s4	544	4	68	sub-022	ses-102	task-s4	1;2;3	4;4;4
392	393	392	393	3	3	trialwise	408;2242;3982	408;2242;3982	3;14;25	91;157;129	sub-022_ses-102_task-s3;sub-022_ses-201_task-s3;sub-022_ses-301_task-s3	408	3	91	sub-022	ses-102	task-s3	1;2;3	3;3;3
393	394	393	394	3	3	trialwise	616;2373;4141	616;2373;4141	4;15;26	140;129;129	sub-022_ses-102_task-s4;sub-022_ses-202_task-s4;sub-022_ses-302_task-s4	616	4	140	sub-022	ses-102	task-s4	1;2;3	4;4;4
394	395	394	395	3	3	trialwise	384;2087;3900	384;2087;3900	3;14;25	67;2;47	sub-022_ses-102_task-s3;sub-022_ses-201_task-s3;sub-022_ses-301_task-s3	384	3	67	sub-022	ses-102	task-s3	1;2;3	3;3;3
395	396	395	396	3	3	trialwise	1257;2981;4686	1257;2981;4686	8;19;30	148;104;41	sub-022_ses-104_task-s8;sub-022_ses-203_task-s8;sub-022_ses-305_task-s8	1257	8	148	sub-022	ses-104	task-s8	1;2;3	8;8;8
396	397	396	397	3	3	trialwise	962;2778;4609	962;2778;4609	7;18;29	11;59;122	sub-022_ses-104_task-s7;sub-022_ses-202_task-s7;sub-022_ses-303_task-s7	962	7	11	sub-022	ses-104	task-s7	1;2;3	7;7;7
397	398	397	398	3	3	trialwise	716;2420;4200	716;2420;4200	5;16;27	81;17;29	sub-022_ses-103_task-s5;sub-022_ses-203_task-s5;sub-022_ses-302_task-s5	716	5	81	sub-022	ses-103	task-s5	1;2;3	5;5;5
398	399	398	399	3	3	trialwise	1059;2739;4523	1059;2739;4523	7;18;29	108;20;36	sub-022_ses-104_task-s7;sub-022_ses-202_task-s7;sub-022_ses-303_task-s7	1059	7	108	sub-022	ses-104	task-s7	1;2;3	7;7;7
399	400	399	400	3	3	trialwise	953;2760;4524	953;2760;4524	7;18;29	2;41;37	sub-022_ses-104_task-s7;sub-022_ses-202_task-s7;sub-022_ses-303_task-s7	953	7	2	sub-022	ses-104	task-s7	1;2;3	7;7;7
400	401	400	401	3	3	trialwise	1260;3014;4767	1260;3014;4767	8;19;30	151;137;122	sub-022_ses-104_task-s8;sub-022_ses-203_task-s8;sub-022_ses-305_task-s8	1260	8	151	sub-022	ses-104	task-s8	1;2;3	8;8;8
401	402	401	402	3	3	trialwise	489;2351;4119	489;2351;4119	4;15;26	13;107;107	sub-022_ses-102_task-s4;sub-022_ses-202_task-s4;sub-022_ses-302_task-s4	489	4	13	sub-022	ses-102	task-s4	1;2;3	4;4;4
402	403	402	403	3	3	trialwise	895;2633;4355	895;2633;4355	6;17;28	102;72;26	sub-022_ses-103_task-s6;sub-022_ses-202_task-s6;sub-022_ses-303_task-s6	895	6	102	sub-022	ses-103	task-s6	1;2;3	6;6;6
403	404	403	404	3	3	trialwise	1020;2825;4574	1020;2825;4574	7;18;29	69;106;87	sub-022_ses-104_task-s7;sub-022_ses-202_task-s7;sub-022_ses-303_task-s7	1020	7	69	sub-022	ses-104	task-s7	1;2;3	7;7;7
404	405	404	405	3	3	trialwise	1082;2780;4605	1082;2780;4605	7;18;29	131;61;118	sub-022_ses-104_task-s7;sub-022_ses-202_task-s7;sub-022_ses-303_task-s7	1082	7	131	sub-022	ses-104	task-s7	1;2;3	7;7;7
405	406	405	406	3	3	trialwise	785;2482;4220	785;2482;4220	5;16;27	150;79;49	sub-022_ses-103_task-s5;sub-022_ses-203_task-s5;sub-022_ses-302_task-s5	785	5	150	sub-022	ses-103	task-s5	1;2;3	5;5;5
406	407	406	407	3	3	trialwise	691;2557;4265	691;2557;4265	5;16;27	56;154;94	sub-022_ses-103_task-s5;sub-022_ses-203_task-s5;sub-022_ses-302_task-s5	691	5	56	sub-022	ses-103	task-s5	1;2;3	5;5;5
407	408	407	408	3	3	trialwise	124;1897;3605	124;1897;3605	1;12;23	125;130;70	sub-022_ses-101_task-s1;sub-022_ses-201_task-s1;sub-022_ses-301_task-s1	124	1	125	sub-022	ses-101	task-s1	1;2;3	1;1;1
408	409	408	409	3	3	trialwise	98;1830;3684	98;1830;3684	1;12;23	99;63;149	sub-022_ses-101_task-s1;sub-022_ses-201_task-s1;sub-022_ses-301_task-s1	98	1	99	sub-022	ses-101	task-s1	1;2;3	1;1;1
409	410	409	410	3	3	trialwise	1202;3034;4696	1202;3034;4696	8;19;30	93;157;51	sub-022_ses-104_task-s8;sub-022_ses-203_task-s8;sub-022_ses-305_task-s8	1202	8	93	sub-022	ses-104	task-s8	1;2;3	8;8;8
410	411	410	411	3	3	trialwise	133;1818;3694	133;1818;3694	1;12;23	134;51;159	sub-022_ses-101_task-s1;sub-022_ses-201_task-s1;sub-022_ses-301_task-s1	133	1	134	sub-022	ses-101	task-s1	1;2;3	1;1;1
411	412	411	412	3	3	trialwise	508;2298;4066	508;2298;4066	4;15;26	32;54;54	sub-022_ses-102_task-s4;sub-022_ses-202_task-s4;sub-022_ses-302_task-s4	508	4	32	sub-022	ses-102	task-s4	1;2;3	4;4;4
412	413	412	413	3	3	trialwise	406;2115;3937	406;2115;3937	3;14;25	89;30;84	sub-022_ses-102_task-s3;sub-022_ses-201_task-s3;sub-022_ses-301_task-s3	406	3	89	sub-022	ses-102	task-s3	1;2;3	3;3;3
413	414	413	414	3	3	trialwise	1206;3012;4786	1206;3012;4786	8;19;30	97;135;141	sub-022_ses-104_task-s8;sub-022_ses-203_task-s8;sub-022_ses-305_task-s8	1206	8	97	sub-022	ses-104	task-s8	1;2;3	8;8;8
414	415	414	415	3	3	trialwise	592;2394;4162	592;2394;4162	4;15;26	116;150;150	sub-022_ses-102_task-s4;sub-022_ses-202_task-s4;sub-022_ses-302_task-s4	592	4	116	sub-022	ses-102	task-s4	1;2;3	4;4;4
415	416	415	416	3	3	trialwise	1180;2881;4661	1180;2881;4661	8;19;30	71;4;16	sub-022_ses-104_task-s8;sub-022_ses-203_task-s8;sub-022_ses-305_task-s8	1180	8	71	sub-022	ses-104	task-s8	1;2;3	8;8;8
416	417	416	417	3	3	trialwise	704;2460;4202	704;2460;4202	5;16;27	69;57;31	sub-022_ses-103_task-s5;sub-022_ses-203_task-s5;sub-022_ses-302_task-s5	704	5	69	sub-022	ses-103	task-s5	1;2;3	5;5;5
417	418	417	418	3	3	trialwise	695;2496;4244	695;2496;4244	5;16;27	60;93;73	sub-022_ses-103_task-s5;sub-022_ses-203_task-s5;sub-022_ses-302_task-s5	695	5	60	sub-022	ses-103	task-s5	1;2;3	5;5;5
418	419	418	419	3	3	trialwise	25;1829;3573	25;1829;3573	1;12;23	26;62;38	sub-022_ses-101_task-s1;sub-022_ses-201_task-s1;sub-022_ses-301_task-s1	25	1	26	sub-022	ses-101	task-s1	1;2;3	1;1;1
419	420	419	420	3	3	trialwise	1232;3000;4717	1232;3000;4717	8;19;30	123;123;72	sub-022_ses-104_task-s8;sub-022_ses-203_task-s8;sub-022_ses-305_task-s8	1232	8	123	sub-022	ses-104	task-s8	1;2;3	8;8;8
420	421	420	421	3	3	trialwise	446;2202;3954	446;2202;3954	3;14;25	129;117;101	sub-022_ses-102_task-s3;sub-022_ses-201_task-s3;sub-022_ses-301_task-s3	446	3	129	sub-022	ses-102	task-s3	1;2;3	3;3;3
421	422	421	422	3	3	trialwise	654;2440;4209	654;2440;4209	5;16;27	19;37;38	sub-022_ses-103_task-s5;sub-022_ses-203_task-s5;sub-022_ses-302_task-s5	654	5	19	sub-022	ses-103	task-s5	1;2;3	5;5;5
422	423	422	423	3	3	trialwise	797;2587;4353	797;2587;4353	6;17;28	4;26;24	sub-022_ses-103_task-s6;sub-022_ses-202_task-s6;sub-022_ses-303_task-s6	797	6	4	sub-022	ses-103	task-s6	1;2;3	6;6;6
423	424	423	424	3	3	trialwise	964;2769;4632	964;2769;4632	7;18;29	13;50;145	sub-022_ses-104_task-s7;sub-022_ses-202_task-s7;sub-022_ses-303_task-s7	964	7	13	sub-022	ses-104	task-s7	1;2;3	7;7;7
424	425	424	425	3	3	trialwise	452;2121;3920	452;2121;3920	3;14;25	135;36;67	sub-022_ses-102_task-s3;sub-022_ses-201_task-s3;sub-022_ses-301_task-s3	452	3	135	sub-022	ses-102	task-s3	1;2;3	3;3;3
425	426	425	426	3	3	trialwise	665;2515;4180	665;2515;4180	5;16;27	30;112;9	sub-022_ses-103_task-s5;sub-022_ses-203_task-s5;sub-022_ses-302_task-s5	665	5	30	sub-022	ses-103	task-s5	1;2;3	5;5;5
426	427	426	427	3	3	trialwise	57;1783;3673	57;1783;3673	1;12;23	58;16;138	sub-022_ses-101_task-s1;sub-022_ses-201_task-s1;sub-022_ses-301_task-s1	57	1	58	sub-022	ses-101	task-s1	1;2;3	1;1;1
427	428	427	428	3	3	trialwise	1044;2764;4561	1044;2764;4561	7;18;29	93;45;74	sub-022_ses-104_task-s7;sub-022_ses-202_task-s7;sub-022_ses-303_task-s7	1044	7	93	sub-022	ses-104	task-s7	1;2;3	7;7;7
428	429	428	429	3	3	trialwise	728;2447;4214	728;2447;4214	5;16;27	93;44;43	sub-022_ses-103_task-s5;sub-022_ses-203_task-s5;sub-022_ses-302_task-s5	728	5	93	sub-022	ses-103	task-s5	1;2;3	5;5;5
429	430	429	430	3	3	trialwise	1127;2945;4744	1127;2945;4744	8;19;30	18;68;99	sub-022_ses-104_task-s8;sub-022_ses-203_task-s8;sub-022_ses-305_task-s8	1127	8	18	sub-022	ses-104	task-s8	1;2;3	8;8;8
430	431	430	431	3	3	trialwise	360;2152;3962	360;2152;3962	3;14;25	43;67;109	sub-022_ses-102_task-s3;sub-022_ses-201_task-s3;sub-022_ses-301_task-s3	360	3	43	sub-022	ses-102	task-s3	1;2;3	3;3;3
431	432	431	432	3	3	trialwise	1139;2988;4736	1139;2988;4736	8;19;30	30;111;91	sub-022_ses-104_task-s8;sub-022_ses-203_task-s8;sub-022_ses-305_task-s8	1139	8	30	sub-022	ses-104	task-s8	1;2;3	8;8;8
432	433	432	433	3	3	trialwise	976;2838;4540	976;2838;4540	7;18;29	25;119;53	sub-022_ses-104_task-s7;sub-022_ses-202_task-s7;sub-022_ses-303_task-s7	976	7	25	sub-022	ses-104	task-s7	1;2;3	7;7;7
433	434	433	434	3	3	trialwise	502;2248;4016	502;2248;4016	4;15;26	26;4;4	sub-022_ses-102_task-s4;sub-022_ses-202_task-s4;sub-022_ses-302_task-s4	502	4	26	sub-022	ses-102	task-s4	1;2;3	4;4;4
434	435	434	435	3	3	trialwise	454;2244;3877	454;2244;3877	3;14;25	137;159;24	sub-022_ses-102_task-s3;sub-022_ses-201_task-s3;sub-022_ses-301_task-s3	454	3	137	sub-022	ses-102	task-s3	1;2;3	3;3;3
435	436	435	436	3	3	trialwise	1087;2858;4488	1087;2858;4488	7;18;29	136;139;1	sub-022_ses-104_task-s7;sub-022_ses-202_task-s7;sub-022_ses-303_task-s7	1087	7	136	sub-022	ses-104	task-s7	1;2;3	7;7;7
436	437	436	437	3	3	trialwise	730;2483;4288	730;2483;4288	5;16;27	95;80;117	sub-022_ses-103_task-s5;sub-022_ses-203_task-s5;sub-022_ses-302_task-s5	730	5	95	sub-022	ses-103	task-s5	1;2;3	5;5;5
437	438	437	438	3	3	trialwise	400;2104;3952	400;2104;3952	3;14;25	83;19;99	sub-022_ses-102_task-s3;sub-022_ses-201_task-s3;sub-022_ses-301_task-s3	400	3	83	sub-022	ses-102	task-s3	1;2;3	3;3;3
438	439	438	439	3	3	trialwise	613;2314;4082	613;2314;4082	4;15;26	137;70;70	sub-022_ses-102_task-s4;sub-022_ses-202_task-s4;sub-022_ses-302_task-s4	613	4	137	sub-022	ses-102	task-s4	1;2;3	4;4;4
439	440	439	440	3	3	trialwise	831;2642;4405	831;2642;4405	6;17;28	38;81;76	sub-022_ses-103_task-s6;sub-022_ses-202_task-s6;sub-022_ses-303_task-s6	831	6	38	sub-022	ses-103	task-s6	1;2;3	6;6;6
440	441	440	441	3	3	trialwise	137;1816;3600	137;1816;3600	1;12;23	138;49;65	sub-022_ses-101_task-s1;sub-022_ses-201_task-s1;sub-022_ses-301_task-s1	137	1	138	sub-022	ses-101	task-s1	1;2;3	1;1;1
441	442	441	442	3	3	trialwise	404;2213;3969	404;2213;3969	3;14;25	87;128;116	sub-022_ses-102_task-s3;sub-022_ses-201_task-s3;sub-022_ses-301_task-s3	404	3	87	sub-022	ses-102	task-s3	1;2;3	3;3;3
442	443	442	443	3	3	trialwise	668;2510;4289	668;2510;4289	5;16;27	33;107;118	sub-022_ses-103_task-s5;sub-022_ses-203_task-s5;sub-022_ses-302_task-s5	668	5	33	sub-022	ses-103	task-s5	1;2;3	5;5;5
443	444	443	444	3	3	trialwise	870;2580;4457	870;2580;4457	6;17;28	77;19;128	sub-022_ses-103_task-s6;sub-022_ses-202_task-s6;sub-022_ses-303_task-s6	870	6	77	sub-022	ses-103	task-s6	1;2;3	6;6;6
444	445	444	445	3	3	trialwise	131;1870;3540	131;1870;3540	1;12;23	132;103;5	sub-022_ses-101_task-s1;sub-022_ses-201_task-s1;sub-022_ses-301_task-s1	131	1	132	sub-022	ses-101	task-s1	1;2;3	1;1;1
445	446	445	446	3	3	trialwise	537;2307;4075	537;2307;4075	4;15;26	61;63;63	sub-022_ses-102_task-s4;sub-022_ses-202_task-s4;sub-022_ses-302_task-s4	537	4	61	sub-022	ses-102	task-s4	1;2;3	4;4;4
446	447	446	447	3	3	trialwise	915;2639;4349	915;2639;4349	6;17;28	122;78;20	sub-022_ses-103_task-s6;sub-022_ses-202_task-s6;sub-022_ses-303_task-s6	915	6	122	sub-022	ses-103	task-s6	1;2;3	6;6;6
447	448	447	448	3	3	trialwise	457;2197;3925	457;2197;3925	3;14;25	140;112;72	sub-022_ses-102_task-s3;sub-022_ses-201_task-s3;sub-022_ses-301_task-s3	457	3	140	sub-022	ses-102	task-s3	1;2;3	3;3;3
448	449	448	449	3	3	trialwise	112;1879;3679	112;1879;3679	1;12;23	113;112;144	sub-022_ses-101_task-s1;sub-022_ses-201_task-s1;sub-022_ses-301_task-s1	112	1	113	sub-022	ses-101	task-s1	1;2;3	1;1;1
449	450	449	450	3	3	trialwise	324;2182;3948	324;2182;3948	3;14;25	7;97;95	sub-022_ses-102_task-s3;sub-022_ses-201_task-s3;sub-022_ses-301_task-s3	324	3	7	sub-022	ses-102	task-s3	1;2;3	3;3;3
450	451	450	451	3	3	trialwise	782;2539;4301	782;2539;4301	5;16;27	147;136;130	sub-022_ses-103_task-s5;sub-022_ses-203_task-s5;sub-022_ses-302_task-s5	782	5	147	sub-022	ses-103	task-s5	1;2;3	5;5;5
451	452	451	452	3	3	trialwise	612;2362;4130	612;2362;4130	4;15;26	136;118;118	sub-022_ses-102_task-s4;sub-022_ses-202_task-s4;sub-022_ses-302_task-s4	612	4	136	sub-022	ses-102	task-s4	1;2;3	4;4;4
452	453	452	453	3	3	trialwise	265;1952;3768	265;1952;3768	2;13;24	107;26;74	sub-022_ses-102_task-s2;sub-022_ses-201_task-s2;sub-022_ses-301_task-s2	265	2	107	sub-022	ses-102	task-s2	1;2;3	2;2;2
453	454	453	454	3	3	trialwise	1230;2934;4646	1230;2934;4646	8;19;30	121;57;1	sub-022_ses-104_task-s8;sub-022_ses-203_task-s8;sub-022_ses-305_task-s8	1230	8	121	sub-022	ses-104	task-s8	1;2;3	8;8;8
454	455	454	455	3	3	trialwise	391;2129;3995	391;2129;3995	3;14;25	74;44;142	sub-022_ses-102_task-s3;sub-022_ses-201_task-s3;sub-022_ses-301_task-s3	391	3	74	sub-022	ses-102	task-s3	1;2;3	3;3;3
455	456	455	456	3	3	trialwise	173;1950;3701	173;1950;3701	2;13;24	15;24;7	sub-022_ses-102_task-s2;sub-022_ses-201_task-s2;sub-022_ses-301_task-s2	173	2	15	sub-022	ses-102	task-s2	1;2;3	2;2;2
456	457	456	457	3	3	trialwise	29;1810;3598	29;1810;3598	1;12;23	30;43;63	sub-022_ses-101_task-s1;sub-022_ses-201_task-s1;sub-022_ses-301_task-s1	29	1	30	sub-022	ses-101	task-s1	1;2;3	1;1;1
457	458	457	458	3	3	trialwise	585;2367;4135	585;2367;4135	4;15;26	109;123;123	sub-022_ses-102_task-s4;sub-022_ses-202_task-s4;sub-022_ses-302_task-s4	585	4	109	sub-022	ses-102	task-s4	1;2;3	4;4;4
458	459	458	459	3	3	trialwise	899;2592;4417	899;2592;4417	6;17;28	106;31;88	sub-022_ses-103_task-s6;sub-022_ses-202_task-s6;sub-022_ses-303_task-s6	899	6	106	sub-022	ses-103	task-s6	1;2;3	6;6;6
459	460	459	460	3	3	trialwise	531;2279;4047	531;2279;4047	4;15;26	55;35;35	sub-022_ses-102_task-s4;sub-022_ses-202_task-s4;sub-022_ses-302_task-s4	531	4	55	sub-022	ses-102	task-s4	1;2;3	4;4;4
460	461	460	461	3	3	trialwise	1197;2935;4784	1197;2935;4784	8;19;30	88;58;139	sub-022_ses-104_task-s8;sub-022_ses-203_task-s8;sub-022_ses-305_task-s8	1197	8	88	sub-022	ses-104	task-s8	1;2;3	8;8;8
461	462	461	462	3	3	trialwise	1175;2907;4791	1175;2907;4791	8;19;30	66;30;146	sub-022_ses-104_task-s8;sub-022_ses-203_task-s8;sub-022_ses-305_task-s8	1175	8	66	sub-022	ses-104	task-s8	1;2;3	8;8;8
462	463	462	463	3	3	trialwise	834;2679;4347	834;2679;4347	6;17;28	41;118;18	sub-022_ses-103_task-s6;sub-022_ses-202_task-s6;sub-022_ses-303_task-s6	834	6	41	sub-022	ses-103	task-s6	1;2;3	6;6;6
463	464	463	464	3	3	trialwise	969;2785;4552	969;2785;4552	7;18;29	18;66;65	sub-022_ses-104_task-s7;sub-022_ses-202_task-s7;sub-022_ses-303_task-s7	969	7	18	sub-022	ses-104	task-s7	1;2;3	7;7;7
464	465	464	465	3	3	trialwise	494;2322;4090	494;2322;4090	4;15;26	18;78;78	sub-022_ses-102_task-s4;sub-022_ses-202_task-s4;sub-022_ses-302_task-s4	494	4	18	sub-022	ses-102	task-s4	1;2;3	4;4;4
465	466	465	466	3	3	trialwise	1147;2888;4657	1147;2888;4657	8;19;30	38;11;12	sub-022_ses-104_task-s8;sub-022_ses-203_task-s8;sub-022_ses-305_task-s8	1147	8	38	sub-022	ses-104	task-s8	1;2;3	8;8;8
466	467	466	467	3	3	trialwise	232;2049;3698	232;2049;3698	2;13;24	74;123;4	sub-022_ses-102_task-s2;sub-022_ses-201_task-s2;sub-022_ses-301_task-s2	232	2	74	sub-022	ses-102	task-s2	1;2;3	2;2;2
467	468	467	468	3	3	trialwise	138;1795;3630	138;1795;3630	1;12;23	139;28;95	sub-022_ses-101_task-s1;sub-022_ses-201_task-s1;sub-022_ses-301_task-s1	138	1	139	sub-022	ses-101	task-s1	1;2;3	1;1;1
468	469	468	469	3	3	trialwise	353;2098;3919	353;2098;3919	3;14;25	36;13;66	sub-022_ses-102_task-s3;sub-022_ses-201_task-s3;sub-022_ses-301_task-s3	353	3	36	sub-022	ses-102	task-s3	1;2;3	3;3;3
469	470	469	470	3	3	trialwise	897;2607;4473	897;2607;4473	6;17;28	104;46;144	sub-022_ses-103_task-s6;sub-022_ses-202_task-s6;sub-022_ses-303_task-s6	897	6	104	sub-022	ses-103	task-s6	1;2;3	6;6;6
470	471	470	471	3	3	trialwise	174;2053;3847	174;2053;3847	2;13;24	16;127;153	sub-022_ses-102_task-s2;sub-022_ses-201_task-s2;sub-022_ses-301_task-s2	174	2	16	sub-022	ses-102	task-s2	1;2;3	2;2;2
471	472	471	472	3	3	trialwise	162;2008;3774	162;2008;3774	2;13;24	4;82;80	sub-022_ses-102_task-s2;sub-022_ses-201_task-s2;sub-022_ses-301_task-s2	162	2	4	sub-022	ses-102	task-s2	1;2;3	2;2;2
472	473	472	473	3	3	trialwise	1132;2884;4720	1132;2884;4720	8;19;30	23;7;75	sub-022_ses-104_task-s8;sub-022_ses-203_task-s8;sub-022_ses-305_task-s8	1132	8	23	sub-022	ses-104	task-s8	1;2;3	8;8;8
473	474	473	474	3	3	trialwise	575;2316;4084	575;2316;4084	4;15;26	99;72;72	sub-022_ses-102_task-s4;sub-022_ses-202_task-s4;sub-022_ses-302_task-s4	575	4	99	sub-022	ses-102	task-s4	1;2;3	4;4;4
474	475	474	475	3	3	trialwise	373;2243;4008	373;2243;4008	3;14;25	56;158;155	sub-022_ses-102_task-s3;sub-022_ses-201_task-s3;sub-022_ses-301_task-s3	373	3	56	sub-022	ses-102	task-s3	1;2;3	3;3;3
475	476	475	476	3	3	trialwise	1144;2922;4670	1144;2922;4670	8;19;30	35;45;25	sub-022_ses-104_task-s8;sub-022_ses-203_task-s8;sub-022_ses-305_task-s8	1144	8	35	sub-022	ses-104	task-s8	1;2;3	8;8;8
476	477	476	477	3	3	trialwise	705;2555;4276	705;2555;4276	5;16;27	70;152;105	sub-022_ses-103_task-s5;sub-022_ses-203_task-s5;sub-022_ses-302_task-s5	705	5	70	sub-022	ses-103	task-s5	1;2;3	5;5;5
477	478	477	478	3	3	trialwise	1049;2724;4562	1049;2724;4562	7;18;29	98;5;75	sub-022_ses-104_task-s7;sub-022_ses-202_task-s7;sub-022_ses-303_task-s7	1049	7	98	sub-022	ses-104	task-s7	1;2;3	7;7;7
478	479	478	479	3	3	trialwise	801;2667;4452	801;2667;4452	6;17;28	8;106;123	sub-022_ses-103_task-s6;sub-022_ses-202_task-s6;sub-022_ses-303_task-s6	801	6	8	sub-022	ses-103	task-s6	1;2;3	6;6;6
479	480	479	480	3	3	trialwise	781;2489;4240	781;2489;4240	5;16;27	146;86;69	sub-022_ses-103_task-s5;sub-022_ses-203_task-s5;sub-022_ses-302_task-s5	781	5	146	sub-022	ses-103	task-s5	1;2;3	5;5;5
480	481	480	481	3	3	trialwise	252;2012;3825	252;2012;3825	2;13;24	94;86;131	sub-022_ses-102_task-s2;sub-022_ses-201_task-s2;sub-022_ses-301_task-s2	252	2	94	sub-022	ses-102	task-s2	1;2;3	2;2;2
481	482	481	482	3	3	trialwise	602;2343;4111	602;2343;4111	4;15;26	126;99;99	sub-022_ses-102_task-s4;sub-022_ses-202_task-s4;sub-022_ses-302_task-s4	602	4	126	sub-022	ses-102	task-s4	1;2;3	4;4;4
482	483	482	483	3	3	trialwise	954;2856;4489	954;2856;4489	7;18;29	3;137;2	sub-022_ses-104_task-s7;sub-022_ses-202_task-s7;sub-022_ses-303_task-s7	954	7	3	sub-022	ses-104	task-s7	1;2;3	7;7;7
483	484	483	484	3	3	trialwise	924;2665;4382	924;2665;4382	6;17;28	131;104;53	sub-022_ses-103_task-s6;sub-022_ses-202_task-s6;sub-022_ses-303_task-s6	924	6	131	sub-022	ses-103	task-s6	1;2;3	6;6;6
484	485	484	485	3	3	trialwise	364;2189;3972	364;2189;3972	3;14;25	47;104;119	sub-022_ses-102_task-s3;sub-022_ses-201_task-s3;sub-022_ses-301_task-s3	364	3	47	sub-022	ses-102	task-s3	1;2;3	3;3;3
485	486	485	486	3	3	trialwise	1263;2942;4751	1263;2942;4751	8;19;30	154;65;106	sub-022_ses-104_task-s8;sub-022_ses-203_task-s8;sub-022_ses-305_task-s8	1263	8	154	sub-022	ses-104	task-s8	1;2;3	8;8;8
486	487	486	487	3	3	trialwise	216;1994;3793	216;1994;3793	2;13;24	58;68;99	sub-022_ses-102_task-s2;sub-022_ses-201_task-s2;sub-022_ses-301_task-s2	216	2	58	sub-022	ses-102	task-s2	1;2;3	2;2;2
487	488	487	488	3	3	trialwise	372;2112;3936	372;2112;3936	3;14;25	55;27;83	sub-022_ses-102_task-s3;sub-022_ses-201_task-s3;sub-022_ses-301_task-s3	372	3	55	sub-022	ses-102	task-s3	1;2;3	3;3;3
488	489	488	489	3	3	trialwise	233;2072;3733	233;2072;3733	2;13;24	75;146;39	sub-022_ses-102_task-s2;sub-022_ses-201_task-s2;sub-022_ses-301_task-s2	233	2	75	sub-022	ses-102	task-s2	1;2;3	2;2;2
489	490	489	490	3	3	trialwise	1214;2905;4699	1214;2905;4699	8;19;30	105;28;54	sub-022_ses-104_task-s8;sub-022_ses-203_task-s8;sub-022_ses-305_task-s8	1214	8	105	sub-022	ses-104	task-s8	1;2;3	8;8;8
490	491	490	491	3	3	trialwise	449;2203;3956	449;2203;3956	3;14;25	132;118;103	sub-022_ses-102_task-s3;sub-022_ses-201_task-s3;sub-022_ses-301_task-s3	449	3	132	sub-022	ses-102	task-s3	1;2;3	3;3;3
491	492	491	492	3	3	trialwise	1250;2971;4671	1250;2971;4671	8;19;30	141;94;26	sub-022_ses-104_task-s8;sub-022_ses-203_task-s8;sub-022_ses-305_task-s8	1250	8	141	sub-022	ses-104	task-s8	1;2;3	8;8;8
492	493	492	493	3	3	trialwise	712;2425;4318	712;2425;4318	5;16;27	77;22;147	sub-022_ses-103_task-s5;sub-022_ses-203_task-s5;sub-022_ses-302_task-s5	712	5	77	sub-022	ses-103	task-s5	1;2;3	5;5;5
493	494	493	494	3	3	trialwise	1247;2976;4689	1247;2976;4689	8;19;30	138;99;44	sub-022_ses-104_task-s8;sub-022_ses-203_task-s8;sub-022_ses-305_task-s8	1247	8	138	sub-022	ses-104	task-s8	1;2;3	8;8;8
494	495	494	495	3	3	trialwise	881;2595;4486	881;2595;4486	6;17;28	88;34;157	sub-022_ses-103_task-s6;sub-022_ses-202_task-s6;sub-022_ses-303_task-s6	881	6	88	sub-022	ses-103	task-s6	1;2;3	6;6;6
495	496	495	496	3	3	trialwise	1019;2829;4624	1019;2829;4624	7;18;29	68;110;137	sub-022_ses-104_task-s7;sub-022_ses-202_task-s7;sub-022_ses-303_task-s7	1019	7	68	sub-022	ses-104	task-s7	1;2;3	7;7;7
496	497	496	497	3	3	trialwise	32;1893;3674	32;1893;3674	1;12;23	33;126;139	sub-022_ses-101_task-s1;sub-022_ses-201_task-s1;sub-022_ses-301_task-s1	32	1	33	sub-022	ses-101	task-s1	1;2;3	1;1;1
497	498	497	498	3	3	trialwise	569;2354;4122	569;2354;4122	4;15;26	93;110;110	sub-022_ses-102_task-s4;sub-022_ses-202_task-s4;sub-022_ses-302_task-s4	569	4	93	sub-022	ses-102	task-s4	1;2;3	4;4;4
498	499	498	499	3	3	trialwise	973;2734;4525	973;2734;4525	7;18;29	22;15;38	sub-022_ses-104_task-s7;sub-022_ses-202_task-s7;sub-022_ses-303_task-s7	973	7	22	sub-022	ses-104	task-s7	1;2;3	7;7;7
499	500	499	500	3	3	trialwise	413;2210;3997	413;2210;3997	3;14;25	96;125;144	sub-022_ses-102_task-s3;sub-022_ses-201_task-s3;sub-022_ses-301_task-s3	413	3	96	sub-022	ses-102	task-s3	1;2;3	3;3;3
500	501	500	501	3	3	trialwise	318;2165;3887	318;2165;3887	3;14;25	1;80;34	sub-022_ses-102_task-s3;sub-022_ses-201_task-s3;sub-022_ses-301_task-s3	318	3	1	sub-022	ses-102	task-s3	1;2;3	3;3;3
501	502	501	502	3	3	trialwise	205;1946;3836	205;1946;3836	2;13;24	47;20;142	sub-022_ses-102_task-s2;sub-022_ses-201_task-s2;sub-022_ses-301_task-s2	205	2	47	sub-022	ses-102	task-s2	1;2;3	2;2;2
502	503	502	503	3	3	trialwise	285;1981;3792	285;1981;3792	2;13;24	127;55;98	sub-022_ses-102_task-s2;sub-022_ses-201_task-s2;sub-022_ses-301_task-s2	285	2	127	sub-022	ses-102	task-s2	1;2;3	2;2;2
503	504	503	504	3	3	trialwise	788;2429;4208	788;2429;4208	5;16;27	153;26;37	sub-022_ses-103_task-s5;sub-022_ses-203_task-s5;sub-022_ses-302_task-s5	788	5	153	sub-022	ses-103	task-s5	1;2;3	5;5;5
504	505	504	505	3	3	trialwise	944;2705;4468	944;2705;4468	6;17;28	151;144;139	sub-022_ses-103_task-s6;sub-022_ses-202_task-s6;sub-022_ses-303_task-s6	944	6	151	sub-022	ses-103	task-s6	1;2;3	6;6;6
505	506	505	506	3	3	trialwise	87;1769;3686	87;1769;3686	1;12;23	88;2;151	sub-022_ses-101_task-s1;sub-022_ses-201_task-s1;sub-022_ses-301_task-s1	87	1	88	sub-022	ses-101	task-s1	1;2;3	1;1;1
506	507	506	507	3	3	trialwise	225;2042;3811	225;2042;3811	2;13;24	67;116;117	sub-022_ses-102_task-s2;sub-022_ses-201_task-s2;sub-022_ses-301_task-s2	225	2	67	sub-022	ses-102	task-s2	1;2;3	2;2;2
507	508	507	508	3	3	trialwise	674;2448;4314	674;2448;4314	5;16;27	39;45;143	sub-022_ses-103_task-s5;sub-022_ses-203_task-s5;sub-022_ses-302_task-s5	674	5	39	sub-022	ses-103	task-s5	1;2;3	5;5;5
508	509	508	509	3	3	trialwise	986;2810;4511	986;2810;4511	7;18;29	35;91;24	sub-022_ses-104_task-s7;sub-022_ses-202_task-s7;sub-022_ses-303_task-s7	986	7	35	sub-022	ses-104	task-s7	1;2;3	7;7;7
509	510	509	510	3	3	trialwise	306;1958;3744	306;1958;3744	2;13;24	148;32;50	sub-022_ses-102_task-s2;sub-022_ses-201_task-s2;sub-022_ses-301_task-s2	306	2	148	sub-022	ses-102	task-s2	1;2;3	2;2;2
510	511	510	511	3	3	trialwise	558;2359;4127	558;2359;4127	4;15;26	82;115;115	sub-022_ses-102_task-s4;sub-022_ses-202_task-s4;sub-022_ses-302_task-s4	558	4	82	sub-022	ses-102	task-s4	1;2;3	4;4;4
511	512	511	512	3	3	trialwise	199;1965;3783	199;1965;3783	2;13;24	41;39;89	sub-022_ses-102_task-s2;sub-022_ses-201_task-s2;sub-022_ses-301_task-s2	199	2	41	sub-022	ses-102	task-s2	1;2;3	2;2;2
512	513	512	513	3	3	trialwise	694;2534;4283	694;2534;4283	5;16;27	59;131;112	sub-022_ses-103_task-s5;sub-022_ses-203_task-s5;sub-022_ses-302_task-s5	694	5	59	sub-022	ses-103	task-s5	1;2;3	5;5;5
513	514	513	514	3	3	trialwise	630;2293;4061	630;2293;4061	4;15;26	154;49;49	sub-022_ses-102_task-s4;sub-022_ses-202_task-s4;sub-022_ses-302_task-s4	630	4	154	sub-022	ses-102	task-s4	1;2;3	4;4;4
514	515	514	515	3	3	trialwise	499;2349;4117	499;2349;4117	4;15;26	23;105;105	sub-022_ses-102_task-s4;sub-022_ses-202_task-s4;sub-022_ses-302_task-s4	499	4	23	sub-022	ses-102	task-s4	1;2;3	4;4;4
515	516	515	516	3	3	trialwise	1216;2955;4682	1216;2955;4682	8;19;30	107;78;37	sub-022_ses-104_task-s8;sub-022_ses-203_task-s8;sub-022_ses-305_task-s8	1216	8	107	sub-022	ses-104	task-s8	1;2;3	8;8;8
516	517	516	517	3	3	trialwise	1249;2911;4743	1249;2911;4743	8;19;30	140;34;98	sub-022_ses-104_task-s8;sub-022_ses-203_task-s8;sub-022_ses-305_task-s8	1249	8	140	sub-022	ses-104	task-s8	1;2;3	8;8;8
517	518	517	518	3	3	trialwise	1235;2933;4702	1235;2933;4702	8;19;30	126;56;57	sub-022_ses-104_task-s8;sub-022_ses-203_task-s8;sub-022_ses-305_task-s8	1235	8	126	sub-022	ses-104	task-s8	1;2;3	8;8;8
518	519	518	519	3	3	trialwise	129;1906;3588	129;1906;3588	1;12;23	130;139;53	sub-022_ses-101_task-s1;sub-022_ses-201_task-s1;sub-022_ses-301_task-s1	129	1	130	sub-022	ses-101	task-s1	1;2;3	1;1;1
519	520	519	520	3	3	trialwise	510;2345;4113	510;2345;4113	4;15;26	34;101;101	sub-022_ses-102_task-s4;sub-022_ses-202_task-s4;sub-022_ses-302_task-s4	510	4	34	sub-022	ses-102	task-s4	1;2;3	4;4;4
520	521	520	521	3	3	trialwise	737;2446;4263	737;2446;4263	5;16;27	102;43;92	sub-022_ses-103_task-s5;sub-022_ses-203_task-s5;sub-022_ses-302_task-s5	737	5	102	sub-022	ses-103	task-s5	1;2;3	5;5;5
521	522	521	522	3	3	trialwise	889;2677;4431	889;2677;4431	6;17;28	96;116;102	sub-022_ses-103_task-s6;sub-022_ses-202_task-s6;sub-022_ses-303_task-s6	889	6	96	sub-022	ses-103	task-s6	1;2;3	6;6;6
522	523	522	523	3	3	trialwise	1047;2749;4626	1047;2749;4626	7;18;29	96;30;139	sub-022_ses-104_task-s7;sub-022_ses-202_task-s7;sub-022_ses-303_task-s7	1047	7	96	sub-022	ses-104	task-s7	1;2;3	7;7;7
523	524	523	524	3	3	trialwise	883;2643;4344	883;2643;4344	6;17;28	90;82;15	sub-022_ses-103_task-s6;sub-022_ses-202_task-s6;sub-022_ses-303_task-s6	883	6	90	sub-022	ses-103	task-s6	1;2;3	6;6;6
524	525	524	525	3	3	trialwise	804;2625;4438	804;2625;4438	6;17;28	11;64;109	sub-022_ses-103_task-s6;sub-022_ses-202_task-s6;sub-022_ses-303_task-s6	804	6	11	sub-022	ses-103	task-s6	1;2;3	6;6;6
525	526	525	526	3	3	trialwise	1008;2728;4513	1008;2728;4513	7;18;29	57;9;26	sub-022_ses-104_task-s7;sub-022_ses-202_task-s7;sub-022_ses-303_task-s7	1008	7	57	sub-022	ses-104	task-s7	1;2;3	7;7;7
526	527	526	527	3	3	trialwise	390;2223;3896	390;2223;3896	3;14;25	73;138;43	sub-022_ses-102_task-s3;sub-022_ses-201_task-s3;sub-022_ses-301_task-s3	390	3	73	sub-022	ses-102	task-s3	1;2;3	3;3;3
527	528	527	528	3	3	trialwise	182;1939;3720	182;1939;3720	2;13;24	24;13;26	sub-022_ses-102_task-s2;sub-022_ses-201_task-s2;sub-022_ses-301_task-s2	182	2	24	sub-022	ses-102	task-s2	1;2;3	2;2;2
528	529	528	529	3	3	trialwise	64;1910;3667	64;1910;3667	1;12;23	65;143;132	sub-022_ses-101_task-s1;sub-022_ses-201_task-s1;sub-022_ses-301_task-s1	64	1	65	sub-022	ses-101	task-s1	1;2;3	1;1;1
529	530	529	530	3	3	trialwise	1199;2919;4684	1199;2919;4684	8;19;30	90;42;39	sub-022_ses-104_task-s8;sub-022_ses-203_task-s8;sub-022_ses-305_task-s8	1199	8	90	sub-022	ses-104	task-s8	1;2;3	8;8;8
530	531	530	531	3	3	trialwise	539;2274;4042	539;2274;4042	4;15;26	63;30;30	sub-022_ses-102_task-s4;sub-022_ses-202_task-s4;sub-022_ses-302_task-s4	539	4	63	sub-022	ses-102	task-s4	1;2;3	4;4;4
531	532	531	532	3	3	trialwise	1136;2974;4712	1136;2974;4712	8;19;30	27;97;67	sub-022_ses-104_task-s8;sub-022_ses-203_task-s8;sub-022_ses-305_task-s8	1136	8	27	sub-022	ses-104	task-s8	1;2;3	8;8;8
532	533	532	533	3	3	trialwise	1228;2957;4688	1228;2957;4688	8;19;30	119;80;43	sub-022_ses-104_task-s8;sub-022_ses-203_task-s8;sub-022_ses-305_task-s8	1228	8	119	sub-022	ses-104	task-s8	1;2;3	8;8;8
533	534	533	534	3	3	trialwise	1058;2809;4604	1058;2809;4604	7;18;29	107;90;117	sub-022_ses-104_task-s7;sub-022_ses-202_task-s7;sub-022_ses-303_task-s7	1058	7	107	sub-022	ses-104	task-s7	1;2;3	7;7;7
534	535	534	535	3	3	trialwise	982;2783;4527	982;2783;4527	7;18;29	31;64;40	sub-022_ses-104_task-s7;sub-022_ses-202_task-s7;sub-022_ses-303_task-s7	982	7	31	sub-022	ses-104	task-s7	1;2;3	7;7;7
535	536	535	536	3	3	trialwise	877;2585;4428	877;2585;4428	6;17;28	84;24;99	sub-022_ses-103_task-s6;sub-022_ses-202_task-s6;sub-022_ses-303_task-s6	877	6	84	sub-022	ses-103	task-s6	1;2;3	6;6;6
536	537	536	537	3	3	trialwise	709;2528;4212	709;2528;4212	5;16;27	74;125;41	sub-022_ses-103_task-s5;sub-022_ses-203_task-s5;sub-022_ses-302_task-s5	709	5	74	sub-022	ses-103	task-s5	1;2;3	5;5;5
537	538	537	538	3	3	trialwise	520;2261;4029	520;2261;4029	4;15;26	44;17;17	sub-022_ses-102_task-s4;sub-022_ses-202_task-s4;sub-022_ses-302_task-s4	520	4	44	sub-022	ses-102	task-s4	1;2;3	4;4;4
538	539	538	539	3	3	trialwise	175;1978;3706	175;1978;3706	2;13;24	17;52;12	sub-022_ses-102_task-s2;sub-022_ses-201_task-s2;sub-022_ses-301_task-s2	175	2	17	sub-022	ses-102	task-s2	1;2;3	2;2;2
539	540	539	540	3	3	trialwise	206;1932;3822	206;1932;3822	2;13;24	48;6;128	sub-022_ses-102_task-s2;sub-022_ses-201_task-s2;sub-022_ses-301_task-s2	206	2	48	sub-022	ses-102	task-s2	1;2;3	2;2;2
540	541	540	541	3	3	trialwise	487;2324;4092	487;2324;4092	4;15;26	11;80;80	sub-022_ses-102_task-s4;sub-022_ses-202_task-s4;sub-022_ses-302_task-s4	487	4	11	sub-022	ses-102	task-s4	1;2;3	4;4;4
541	542	541	542	3	3	trialwise	1130;2901;4782	1130;2901;4782	8;19;30	21;24;137	sub-022_ses-104_task-s8;sub-022_ses-203_task-s8;sub-022_ses-305_task-s8	1130	8	21	sub-022	ses-104	task-s8	1;2;3	8;8;8
542	543	542	543	3	3	trialwise	96;1782;3550	96;1782;3550	1;12;23	97;15;15	sub-022_ses-101_task-s1;sub-022_ses-201_task-s1;sub-022_ses-301_task-s1	96	1	97	sub-022	ses-101	task-s1	1;2;3	1;1;1
543	544	543	544	3	3	trialwise	438;2148;4011	438;2148;4011	3;14;25	121;63;158	sub-022_ses-102_task-s3;sub-022_ses-201_task-s3;sub-022_ses-301_task-s3	438	3	121	sub-022	ses-102	task-s3	1;2;3	3;3;3
544	545	544	545	3	3	trialwise	984;2859;4589	984;2859;4589	7;18;29	33;140;102	sub-022_ses-104_task-s7;sub-022_ses-202_task-s7;sub-022_ses-303_task-s7	984	7	33	sub-022	ses-104	task-s7	1;2;3	7;7;7
545	546	545	546	3	3	trialwise	187;1998;3837	187;1998;3837	2;13;24	29;72;143	sub-022_ses-102_task-s2;sub-022_ses-201_task-s2;sub-022_ses-301_task-s2	187	2	29	sub-022	ses-102	task-s2	1;2;3	2;2;2
546	547	546	547	3	3	trialwise	1084;2735;4543	1084;2735;4543	7;18;29	133;16;56	sub-022_ses-104_task-s7;sub-022_ses-202_task-s7;sub-022_ses-303_task-s7	1084	7	133	sub-022	ses-104	task-s7	1;2;3	7;7;7
547	548	547	548	3	3	trialwise	526;2399;4167	526;2399;4167	4;15;26	50;155;155	sub-022_ses-102_task-s4;sub-022_ses-202_task-s4;sub-022_ses-302_task-s4	526	4	50	sub-022	ses-102	task-s4	1;2;3	4;4;4
548	549	548	549	3	3	trialwise	777;2444;4206	777;2444;4206	5;16;27	142;41;35	sub-022_ses-103_task-s5;sub-022_ses-203_task-s5;sub-022_ses-302_task-s5	777	5	142	sub-022	ses-103	task-s5	1;2;3	5;5;5
549	550	549	550	3	3	trialwise	241;2019;3786	241;2019;3786	2;13;24	83;93;92	sub-022_ses-102_task-s2;sub-022_ses-201_task-s2;sub-022_ses-301_task-s2	241	2	83	sub-022	ses-102	task-s2	1;2;3	2;2;2
550	551	550	551	3	3	trialwise	115;1770;3587	115;1770;3587	1;12;23	116;3;52	sub-022_ses-101_task-s1;sub-022_ses-201_task-s1;sub-022_ses-301_task-s1	115	1	116	sub-022	ses-101	task-s1	1;2;3	1;1;1
551	552	551	552	3	3	trialwise	505;2301;4069	505;2301;4069	4;15;26	29;57;57	sub-022_ses-102_task-s4;sub-022_ses-202_task-s4;sub-022_ses-302_task-s4	505	4	29	sub-022	ses-102	task-s4	1;2;3	4;4;4
552	553	552	553	3	3	trialwise	325;2235;3981	325;2235;3981	3;14;25	8;150;128	sub-022_ses-102_task-s3;sub-022_ses-201_task-s3;sub-022_ses-301_task-s3	325	3	8	sub-022	ses-102	task-s3	1;2;3	3;3;3
553	554	553	554	3	3	trialwise	919;2566;4346	919;2566;4346	6;17;28	126;5;17	sub-022_ses-103_task-s6;sub-022_ses-202_task-s6;sub-022_ses-303_task-s6	919	6	126	sub-022	ses-103	task-s6	1;2;3	6;6;6
554	555	554	555	3	3	trialwise	625;2338;4106	625;2338;4106	4;15;26	149;94;94	sub-022_ses-102_task-s4;sub-022_ses-202_task-s4;sub-022_ses-302_task-s4	625	4	149	sub-022	ses-102	task-s4	1;2;3	4;4;4
555	556	555	556	3	3	trialwise	1046;2832;4578	1046;2832;4578	7;18;29	95;113;91	sub-022_ses-104_task-s7;sub-022_ses-202_task-s7;sub-022_ses-303_task-s7	1046	7	95	sub-022	ses-104	task-s7	1;2;3	7;7;7
556	557	556	557	3	3	trialwise	15;1914;3602	15;1914;3602	1;12;23	16;147;67	sub-022_ses-101_task-s1;sub-022_ses-201_task-s1;sub-022_ses-301_task-s1	15	1	16	sub-022	ses-101	task-s1	1;2;3	1;1;1
557	558	557	558	3	3	trialwise	1027;2725;4584	1027;2725;4584	7;18;29	76;6;97	sub-022_ses-104_task-s7;sub-022_ses-202_task-s7;sub-022_ses-303_task-s7	1027	7	76	sub-022	ses-104	task-s7	1;2;3	7;7;7
558	559	558	559	3	3	trialwise	245;2037;3743	245;2037;3743	2;13;24	87;111;49	sub-022_ses-102_task-s2;sub-022_ses-201_task-s2;sub-022_ses-301_task-s2	245	2	87	sub-022	ses-102	task-s2	1;2;3	2;2;2
559	560	559	560	3	3	trialwise	571;2281;4049	571;2281;4049	4;15;26	95;37;37	sub-022_ses-102_task-s4;sub-022_ses-202_task-s4;sub-022_ses-302_task-s4	571	4	95	sub-022	ses-102	task-s4	1;2;3	4;4;4
560	561	560	561	3	3	trialwise	368;2109;3932	368;2109;3932	3;14;25	51;24;79	sub-022_ses-102_task-s3;sub-022_ses-201_task-s3;sub-022_ses-301_task-s3	368	3	51	sub-022	ses-102	task-s3	1;2;3	3;3;3
561	562	561	562	3	3	trialwise	1194;2996;4761	1194;2996;4761	8;19;30	85;119;116	sub-022_ses-104_task-s8;sub-022_ses-203_task-s8;sub-022_ses-305_task-s8	1194	8	85	sub-022	ses-104	task-s8	1;2;3	8;8;8
562	563	562	563	3	3	trialwise	657;2548;4175	657;2548;4175	5;16;27	22;145;4	sub-022_ses-103_task-s5;sub-022_ses-203_task-s5;sub-022_ses-302_task-s5	657	5	22	sub-022	ses-103	task-s5	1;2;3	5;5;5
563	564	563	564	3	3	trialwise	1010;2747;4583	1010;2747;4583	7;18;29	59;28;96	sub-022_ses-104_task-s7;sub-022_ses-202_task-s7;sub-022_ses-303_task-s7	1010	7	59	sub-022	ses-104	task-s7	1;2;3	7;7;7
564	565	564	565	3	3	trialwise	929;2564;4330	929;2564;4330	6;17;28	136;3;1	sub-022_ses-103_task-s6;sub-022_ses-202_task-s6;sub-022_ses-303_task-s6	929	6	136	sub-022	ses-103	task-s6	1;2;3	6;6;6
565	566	565	566	3	3	trialwise	1119;2943;4715	1119;2943;4715	8;19;30	10;66;70	sub-022_ses-104_task-s8;sub-022_ses-203_task-s8;sub-022_ses-305_task-s8	1119	8	10	sub-022	ses-104	task-s8	1;2;3	8;8;8
566	567	566	567	3	3	trialwise	465;2096;3897	465;2096;3897	3;14;25	148;11;44	sub-022_ses-102_task-s3;sub-022_ses-201_task-s3;sub-022_ses-301_task-s3	465	3	148	sub-022	ses-102	task-s3	1;2;3	3;3;3
567	568	567	568	3	3	trialwise	80;1821;3634	80;1821;3634	1;12;23	81;54;99	sub-022_ses-101_task-s1;sub-022_ses-201_task-s1;sub-022_ses-301_task-s1	80	1	81	sub-022	ses-101	task-s1	1;2;3	1;1;1
568	569	568	569	3	3	trialwise	34;1884;3579	34;1884;3579	1;12;23	35;117;44	sub-022_ses-101_task-s1;sub-022_ses-201_task-s1;sub-022_ses-301_task-s1	34	1	35	sub-022	ses-101	task-s1	1;2;3	1;1;1
569	570	569	570	3	3	trialwise	595;2357;4125	595;2357;4125	4;15;26	119;113;113	sub-022_ses-102_task-s4;sub-022_ses-202_task-s4;sub-022_ses-302_task-s4	595	4	119	sub-022	ses-102	task-s4	1;2;3	4;4;4
570	571	570	571	3	3	trialwise	1056;2813;4546	1056;2813;4546	7;18;29	105;94;59	sub-022_ses-104_task-s7;sub-022_ses-202_task-s7;sub-022_ses-303_task-s7	1056	7	105	sub-022	ses-104	task-s7	1;2;3	7;7;7
571	572	571	572	3	3	trialwise	359;2090;3980	359;2090;3980	3;14;25	42;5;127	sub-022_ses-102_task-s3;sub-022_ses-201_task-s3;sub-022_ses-301_task-s3	359	3	42	sub-022	ses-102	task-s3	1;2;3	3;3;3
572	573	572	573	3	3	trialwise	829;2711;4427	829;2711;4427	6;17;28	36;150;98	sub-022_ses-103_task-s6;sub-022_ses-202_task-s6;sub-022_ses-303_task-s6	829	6	36	sub-022	ses-103	task-s6	1;2;3	6;6;6
573	574	573	574	3	3	trialwise	1240;2926;4718	1240;2926;4718	8;19;30	131;49;73	sub-022_ses-104_task-s8;sub-022_ses-203_task-s8;sub-022_ses-305_task-s8	1240	8	131	sub-022	ses-104	task-s8	1;2;3	8;8;8
574	575	574	575	3	3	trialwise	1264;2927;4742	1264;2927;4742	8;19;30	155;50;97	sub-022_ses-104_task-s8;sub-022_ses-203_task-s8;sub-022_ses-305_task-s8	1264	8	155	sub-022	ses-104	task-s8	1;2;3	8;8;8
575	576	575	576	3	3	trialwise	1221;3031;4724	1221;3031;4724	8;19;30	112;154;79	sub-022_ses-104_task-s8;sub-022_ses-203_task-s8;sub-022_ses-305_task-s8	1221	8	112	sub-022	ses-104	task-s8	1;2;3	8;8;8
576	577	576	577	3	3	trialwise	992;2793;4555	992;2793;4555	7;18;29	41;74;68	sub-022_ses-104_task-s7;sub-022_ses-202_task-s7;sub-022_ses-303_task-s7	992	7	41	sub-022	ses-104	task-s7	1;2;3	7;7;7
577	578	577	578	3	3	trialwise	1100;2800;4598	1100;2800;4598	7;18;29	149;81;111	sub-022_ses-104_task-s7;sub-022_ses-202_task-s7;sub-022_ses-303_task-s7	1100	7	149	sub-022	ses-104	task-s7	1;2;3	7;7;7
578	579	578	579	3	3	trialwise	111;1843;3571	111;1843;3571	1;12;23	112;76;36	sub-022_ses-101_task-s1;sub-022_ses-201_task-s1;sub-022_ses-301_task-s1	111	1	112	sub-022	ses-101	task-s1	1;2;3	1;1;1
579	580	579	580	3	3	trialwise	180;1934;3841	180;1934;3841	2;13;24	22;8;147	sub-022_ses-102_task-s2;sub-022_ses-201_task-s2;sub-022_ses-301_task-s2	180	2	22	sub-022	ses-102	task-s2	1;2;3	2;2;2
580	581	580	581	3	3	trialwise	1078;2865;4611	1078;2865;4611	7;18;29	127;146;124	sub-022_ses-104_task-s7;sub-022_ses-202_task-s7;sub-022_ses-303_task-s7	1078	7	127	sub-022	ses-104	task-s7	1;2;3	7;7;7
581	582	581	582	3	3	trialwise	1041;2722;4512	1041;2722;4512	7;18;29	90;3;25	sub-022_ses-104_task-s7;sub-022_ses-202_task-s7;sub-022_ses-303_task-s7	1041	7	90	sub-022	ses-104	task-s7	1;2;3	7;7;7
582	583	582	583	3	3	trialwise	1;1856;3671	1;1856;3671	1;12;23	2;89;136	sub-022_ses-101_task-s1;sub-022_ses-201_task-s1;sub-022_ses-301_task-s1	1	1	2	sub-022	ses-101	task-s1	1;2;3	1;1;1
583	584	583	584	3	3	trialwise	140;1824;3621	140;1824;3621	1;12;23	141;57;86	sub-022_ses-101_task-s1;sub-022_ses-201_task-s1;sub-022_ses-301_task-s1	140	1	141	sub-022	ses-101	task-s1	1;2;3	1;1;1
584	585	584	585	3	3	trialwise	727;2461;4259	727;2461;4259	5;16;27	92;58;88	sub-022_ses-103_task-s5;sub-022_ses-203_task-s5;sub-022_ses-302_task-s5	727	5	92	sub-022	ses-103	task-s5	1;2;3	5;5;5
585	586	585	586	3	3	trialwise	1241;2889;4659	1241;2889;4659	8;19;30	132;12;14	sub-022_ses-104_task-s8;sub-022_ses-203_task-s8;sub-022_ses-305_task-s8	1241	8	132	sub-022	ses-104	task-s8	1;2;3	8;8;8
586	587	586	587	3	3	trialwise	463;2116;3855	463;2116;3855	3;14;25	146;31;2	sub-022_ses-102_task-s3;sub-022_ses-201_task-s3;sub-022_ses-301_task-s3	463	3	146	sub-022	ses-102	task-s3	1;2;3	3;3;3
587	588	587	588	3	3	trialwise	1050;2816;4608	1050;2816;4608	7;18;29	99;97;121	sub-022_ses-104_task-s7;sub-022_ses-202_task-s7;sub-022_ses-303_task-s7	1050	7	99	sub-022	ses-104	task-s7	1;2;3	7;7;7
588	589	588	589	3	3	trialwise	204;1938;3742	204;1938;3742	2;13;24	46;12;48	sub-022_ses-102_task-s2;sub-022_ses-201_task-s2;sub-022_ses-301_task-s2	204	2	46	sub-022	ses-102	task-s2	1;2;3	2;2;2
589	590	589	590	3	3	trialwise	750;2439;4187	750;2439;4187	5;16;27	115;36;16	sub-022_ses-103_task-s5;sub-022_ses-203_task-s5;sub-022_ses-302_task-s5	750	5	115	sub-022	ses-103	task-s5	1;2;3	5;5;5
590	591	590	591	3	3	trialwise	826;2694;4399	826;2694;4399	6;17;28	33;133;70	sub-022_ses-103_task-s6;sub-022_ses-202_task-s6;sub-022_ses-303_task-s6	826	6	33	sub-022	ses-103	task-s6	1;2;3	6;6;6
591	592	591	592	3	3	trialwise	965;2765;4625	965;2765;4625	7;18;29	14;46;138	sub-022_ses-104_task-s7;sub-022_ses-202_task-s7;sub-022_ses-303_task-s7	965	7	14	sub-022	ses-104	task-s7	1;2;3	7;7;7
592	593	592	593	3	3	trialwise	282;1937;3800	282;1937;3800	2;13;24	124;11;106	sub-022_ses-102_task-s2;sub-022_ses-201_task-s2;sub-022_ses-301_task-s2	282	2	124	sub-022	ses-102	task-s2	1;2;3	2;2;2
593	594	593	594	3	3	trialwise	996;2776;4496	996;2776;4496	7;18;29	45;57;9	sub-022_ses-104_task-s7;sub-022_ses-202_task-s7;sub-022_ses-303_task-s7	996	7	45	sub-022	ses-104	task-s7	1;2;3	7;7;7
594	595	594	595	3	3	trialwise	846;2615;4481	846;2615;4481	6;17;28	53;54;152	sub-022_ses-103_task-s6;sub-022_ses-202_task-s6;sub-022_ses-303_task-s6	846	6	53	sub-022	ses-103	task-s6	1;2;3	6;6;6
595	596	595	596	3	3	trialwise	838;2613;4414	838;2613;4414	6;17;28	45;52;85	sub-022_ses-103_task-s6;sub-022_ses-202_task-s6;sub-022_ses-303_task-s6	838	6	45	sub-022	ses-103	task-s6	1;2;3	6;6;6
596	597	596	597	3	3	trialwise	989;2818;4559	989;2818;4559	7;18;29	38;99;72	sub-022_ses-104_task-s7;sub-022_ses-202_task-s7;sub-022_ses-303_task-s7	989	7	38	sub-022	ses-104	task-s7	1;2;3	7;7;7
597	598	597	598	3	3	trialwise	748;2445;4266	748;2445;4266	5;16;27	113;42;95	sub-022_ses-103_task-s5;sub-022_ses-203_task-s5;sub-022_ses-302_task-s5	748	5	113	sub-022	ses-103	task-s5	1;2;3	5;5;5
598	599	598	599	3	3	trialwise	1159;2936;4706	1159;2936;4706	8;19;30	50;59;61	sub-022_ses-104_task-s8;sub-022_ses-203_task-s8;sub-022_ses-305_task-s8	1159	8	50	sub-022	ses-104	task-s8	1;2;3	8;8;8
599	600	599	600	3	3	trialwise	807;2655;4370	807;2655;4370	6;17;28	14;94;41	sub-022_ses-103_task-s6;sub-022_ses-202_task-s6;sub-022_ses-303_task-s6	807	6	14	sub-022	ses-103	task-s6	1;2;3	6;6;6
600	601	600	601	3	3	trialwise	339;2208;3939	339;2208;3939	3;14;25	22;123;86	sub-022_ses-102_task-s3;sub-022_ses-201_task-s3;sub-022_ses-301_task-s3	339	3	22	sub-022	ses-102	task-s3	1;2;3	3;3;3
601	602	601	602	3	3	trialwise	518;2288;4056	518;2288;4056	4;15;26	42;44;44	sub-022_ses-102_task-s4;sub-022_ses-202_task-s4;sub-022_ses-302_task-s4	518	4	42	sub-022	ses-102	task-s4	1;2;3	4;4;4
602	603	602	603	3	3	trialwise	1254;2900;4656	1254;2900;4656	8;19;30	145;23;11	sub-022_ses-104_task-s8;sub-022_ses-203_task-s8;sub-022_ses-305_task-s8	1254	8	145	sub-022	ses-104	task-s8	1;2;3	8;8;8
603	604	603	604	3	3	trialwise	603;2325;4093	603;2325;4093	4;15;26	127;81;81	sub-022_ses-102_task-s4;sub-022_ses-202_task-s4;sub-022_ses-302_task-s4	603	4	127	sub-022	ses-102	task-s4	1;2;3	4;4;4
604	605	604	605	3	3	trialwise	421;2217;3947	421;2217;3947	3;14;25	104;132;94	sub-022_ses-102_task-s3;sub-022_ses-201_task-s3;sub-022_ses-301_task-s3	421	3	104	sub-022	ses-102	task-s3	1;2;3	3;3;3
605	606	605	606	3	3	trialwise	1201;3030;4674	1201;3030;4674	8;19;30	92;153;29	sub-022_ses-104_task-s8;sub-022_ses-203_task-s8;sub-022_ses-305_task-s8	1201	8	92	sub-022	ses-104	task-s8	1;2;3	8;8;8
606	607	606	607	3	3	trialwise	802;2664;4374	802;2664;4374	6;17;28	9;103;45	sub-022_ses-103_task-s6;sub-022_ses-202_task-s6;sub-022_ses-303_task-s6	802	6	9	sub-022	ses-103	task-s6	1;2;3	6;6;6
607	608	607	608	3	3	trialwise	411;2211;3870	411;2211;3870	3;14;25	94;126;17	sub-022_ses-102_task-s3;sub-022_ses-201_task-s3;sub-022_ses-301_task-s3	411	3	94	sub-022	ses-102	task-s3	1;2;3	3;3;3
608	609	608	609	3	3	trialwise	659;2498;4299	659;2498;4299	5;16;27	24;95;128	sub-022_ses-103_task-s5;sub-022_ses-203_task-s5;sub-022_ses-302_task-s5	659	5	24	sub-022	ses-103	task-s5	1;2;3	5;5;5
609	610	609	610	3	3	trialwise	1137;3007;4690	1137;3007;4690	8;19;30	28;130;45	sub-022_ses-104_task-s8;sub-022_ses-203_task-s8;sub-022_ses-305_task-s8	1137	8	28	sub-022	ses-104	task-s8	1;2;3	8;8;8
610	611	610	611	3	3	trialwise	650;2477;4282	650;2477;4282	5;16;27	15;74;111	sub-022_ses-103_task-s5;sub-022_ses-203_task-s5;sub-022_ses-302_task-s5	650	5	15	sub-022	ses-103	task-s5	1;2;3	5;5;5
611	612	611	612	3	3	trialwise	584;2352;4120	584;2352;4120	4;15;26	108;108;108	sub-022_ses-102_task-s4;sub-022_ses-202_task-s4;sub-022_ses-302_task-s4	584	4	108	sub-022	ses-102	task-s4	1;2;3	4;4;4
612	613	612	613	3	3	trialwise	646;2463;4267	646;2463;4267	5;16;27	11;60;96	sub-022_ses-103_task-s5;sub-022_ses-203_task-s5;sub-022_ses-302_task-s5	646	5	11	sub-022	ses-103	task-s5	1;2;3	5;5;5
613	614	613	614	3	3	trialwise	220;1959;3835	220;1959;3835	2;13;24	62;33;141	sub-022_ses-102_task-s2;sub-022_ses-201_task-s2;sub-022_ses-301_task-s2	220	2	62	sub-022	ses-102	task-s2	1;2;3	2;2;2
614	615	614	615	3	3	trialwise	579;2381;4149	579;2381;4149	4;15;26	103;137;137	sub-022_ses-102_task-s4;sub-022_ses-202_task-s4;sub-022_ses-302_task-s4	579	4	103	sub-022	ses-102	task-s4	1;2;3	4;4;4
615	616	615	616	3	3	trialwise	1081;2828;4569	1081;2828;4569	7;18;29	130;109;82	sub-022_ses-104_task-s7;sub-022_ses-202_task-s7;sub-022_ses-303_task-s7	1081	7	130	sub-022	ses-104	task-s7	1;2;3	7;7;7
616	617	616	617	3	3	trialwise	837;2716;4384	837;2716;4384	6;17;28	44;155;55	sub-022_ses-103_task-s6;sub-022_ses-202_task-s6;sub-022_ses-303_task-s6	837	6	44	sub-022	ses-103	task-s6	1;2;3	6;6;6
617	618	617	618	3	3	trialwise	496;2397;4165	496;2397;4165	4;15;26	20;153;153	sub-022_ses-102_task-s4;sub-022_ses-202_task-s4;sub-022_ses-302_task-s4	496	4	20	sub-022	ses-102	task-s4	1;2;3	4;4;4
618	619	618	619	3	3	trialwise	758;2533;4242	758;2533;4242	5;16;27	123;130;71	sub-022_ses-103_task-s5;sub-022_ses-203_task-s5;sub-022_ses-302_task-s5	758	5	123	sub-022	ses-103	task-s5	1;2;3	5;5;5
619	620	619	620	3	3	trialwise	534;2331;4099	534;2331;4099	4;15;26	58;87;87	sub-022_ses-102_task-s4;sub-022_ses-202_task-s4;sub-022_ses-302_task-s4	534	4	58	sub-022	ses-102	task-s4	1;2;3	4;4;4
620	621	620	621	3	3	trialwise	869;2686;4339	869;2686;4339	6;17;28	76;125;10	sub-022_ses-103_task-s6;sub-022_ses-202_task-s6;sub-022_ses-303_task-s6	869	6	76	sub-022	ses-103	task-s6	1;2;3	6;6;6
621	622	621	622	3	3	trialwise	1052;2757;4550	1052;2757;4550	7;18;29	101;38;63	sub-022_ses-104_task-s7;sub-022_ses-202_task-s7;sub-022_ses-303_task-s7	1052	7	101	sub-022	ses-104	task-s7	1;2;3	7;7;7
622	623	622	623	3	3	trialwise	719;2495;4249	719;2495;4249	5;16;27	84;92;78	sub-022_ses-103_task-s5;sub-022_ses-203_task-s5;sub-022_ses-302_task-s5	719	5	84	sub-022	ses-103	task-s5	1;2;3	5;5;5
623	624	623	624	3	3	trialwise	828;2621;4401	828;2621;4401	6;17;28	35;60;72	sub-022_ses-103_task-s6;sub-022_ses-202_task-s6;sub-022_ses-303_task-s6	828	6	35	sub-022	ses-103	task-s6	1;2;3	6;6;6
624	625	624	625	3	3	trialwise	985;2850;4544	985;2850;4544	7;18;29	34;131;57	sub-022_ses-104_task-s7;sub-022_ses-202_task-s7;sub-022_ses-303_task-s7	985	7	34	sub-022	ses-104	task-s7	1;2;3	7;7;7
625	626	625	626	3	3	trialwise	943;2714;4432	943;2714;4432	6;17;28	150;153;103	sub-022_ses-103_task-s6;sub-022_ses-202_task-s6;sub-022_ses-303_task-s6	943	6	150	sub-022	ses-103	task-s6	1;2;3	6;6;6
626	627	626	627	3	3	trialwise	71;1860;3690	71;1860;3690	1;12;23	72;93;155	sub-022_ses-101_task-s1;sub-022_ses-201_task-s1;sub-022_ses-301_task-s1	71	1	72	sub-022	ses-101	task-s1	1;2;3	1;1;1
627	628	627	628	3	3	trialwise	710;2490;4203	710;2490;4203	5;16;27	75;87;32	sub-022_ses-103_task-s5;sub-022_ses-203_task-s5;sub-022_ses-302_task-s5	710	5	75	sub-022	ses-103	task-s5	1;2;3	5;5;5
628	629	628	629	3	3	trialwise	95;1844;3551	95;1844;3551	1;12;23	96;77;16	sub-022_ses-101_task-s1;sub-022_ses-201_task-s1;sub-022_ses-301_task-s1	95	1	96	sub-022	ses-101	task-s1	1;2;3	1;1;1
629	630	629	630	3	3	trialwise	932;2682;4426	932;2682;4426	6;17;28	139;121;97	sub-022_ses-103_task-s6;sub-022_ses-202_task-s6;sub-022_ses-303_task-s6	932	6	139	sub-022	ses-103	task-s6	1;2;3	6;6;6
630	631	630	631	3	3	trialwise	89;1839;3541	89;1839;3541	1;12;23	90;72;6	sub-022_ses-101_task-s1;sub-022_ses-201_task-s1;sub-022_ses-301_task-s1	89	1	90	sub-022	ses-101	task-s1	1;2;3	1;1;1
631	632	631	632	3	3	trialwise	90;1898;3626	90;1898;3626	1;12;23	91;131;91	sub-022_ses-101_task-s1;sub-022_ses-201_task-s1;sub-022_ses-301_task-s1	90	1	91	sub-022	ses-101	task-s1	1;2;3	1;1;1
632	633	632	633	3	3	trialwise	862;2606;4440	862;2606;4440	6;17;28	69;45;111	sub-022_ses-103_task-s6;sub-022_ses-202_task-s6;sub-022_ses-303_task-s6	862	6	69	sub-022	ses-103	task-s6	1;2;3	6;6;6
633	634	633	634	3	3	trialwise	410;2234;3979	410;2234;3979	3;14;25	93;149;126	sub-022_ses-102_task-s3;sub-022_ses-201_task-s3;sub-022_ses-301_task-s3	410	3	93	sub-022	ses-102	task-s3	1;2;3	3;3;3
634	635	634	635	3	3	trialwise	900;2610;4404	900;2610;4404	6;17;28	107;49;75	sub-022_ses-103_task-s6;sub-022_ses-202_task-s6;sub-022_ses-303_task-s6	900	6	107	sub-022	ses-103	task-s6	1;2;3	6;6;6
635	636	635	636	3	3	trialwise	392;2226;3861	392;2226;3861	3;14;25	75;141;8	sub-022_ses-102_task-s3;sub-022_ses-201_task-s3;sub-022_ses-301_task-s3	392	3	75	sub-022	ses-102	task-s3	1;2;3	3;3;3
636	637	636	637	3	3	trialwise	1242;2987;4703	1242;2987;4703	8;19;30	133;110;58	sub-022_ses-104_task-s8;sub-022_ses-203_task-s8;sub-022_ses-305_task-s8	1242	8	133	sub-022	ses-104	task-s8	1;2;3	8;8;8
637	638	637	638	3	3	trialwise	367;2158;3888	367;2158;3888	3;14;25	50;73;35	sub-022_ses-102_task-s3;sub-022_ses-201_task-s3;sub-022_ses-301_task-s3	367	3	50	sub-022	ses-102	task-s3	1;2;3	3;3;3
638	639	638	639	3	3	trialwise	907;2678;4395	907;2678;4395	6;17;28	114;117;66	sub-022_ses-103_task-s6;sub-022_ses-202_task-s6;sub-022_ses-303_task-s6	907	6	114	sub-022	ses-103	task-s6	1;2;3	6;6;6
639	640	639	640	3	3	trialwise	966;2759;4500	966;2759;4500	7;18;29	15;40;13	sub-022_ses-104_task-s7;sub-022_ses-202_task-s7;sub-022_ses-303_task-s7	966	7	15	sub-022	ses-104	task-s7	1;2;3	7;7;7
640	641	640	641	3	3	trialwise	744;2547;4241	744;2547;4241	5;16;27	109;144;70	sub-022_ses-103_task-s5;sub-022_ses-203_task-s5;sub-022_ses-302_task-s5	744	5	109	sub-022	ses-103	task-s5	1;2;3	5;5;5
641	642	641	642	3	3	trialwise	513;2266;4034	513;2266;4034	4;15;26	37;22;22	sub-022_ses-102_task-s4;sub-022_ses-202_task-s4;sub-022_ses-302_task-s4	513	4	37	sub-022	ses-102	task-s4	1;2;3	4;4;4
642	643	642	643	3	3	trialwise	142;1890;3565	142;1890;3565	1;12;23	143;123;30	sub-022_ses-101_task-s1;sub-022_ses-201_task-s1;sub-022_ses-301_task-s1	142	1	143	sub-022	ses-101	task-s1	1;2;3	1;1;1
643	644	643	644	3	3	trialwise	1067;2797;4515	1067;2797;4515	7;18;29	116;78;28	sub-022_ses-104_task-s7;sub-022_ses-202_task-s7;sub-022_ses-303_task-s7	1067	7	116	sub-022	ses-104	task-s7	1;2;3	7;7;7
644	645	644	645	3	3	trialwise	422;2219;4000	422;2219;4000	3;14;25	105;134;147	sub-022_ses-102_task-s3;sub-022_ses-201_task-s3;sub-022_ses-301_task-s3	422	3	105	sub-022	ses-102	task-s3	1;2;3	3;3;3
645	646	645	646	3	3	trialwise	9;1867;3599	9;1867;3599	1;12;23	10;100;64	sub-022_ses-101_task-s1;sub-022_ses-201_task-s1;sub-022_ses-301_task-s1	9	1	10	sub-022	ses-101	task-s1	1;2;3	1;1;1
646	647	646	647	3	3	trialwise	1215;2937;4695	1215;2937;4695	8;19;30	106;60;50	sub-022_ses-104_task-s8;sub-022_ses-203_task-s8;sub-022_ses-305_task-s8	1215	8	106	sub-022	ses-104	task-s8	1;2;3	8;8;8
647	648	647	648	3	3	trialwise	351;2178;3891	351;2178;3891	3;14;25	34;93;38	sub-022_ses-102_task-s3;sub-022_ses-201_task-s3;sub-022_ses-301_task-s3	351	3	34	sub-022	ses-102	task-s3	1;2;3	3;3;3
648	649	648	649	3	3	trialwise	1000;2754;4618	1000;2754;4618	7;18;29	49;35;131	sub-022_ses-104_task-s7;sub-022_ses-202_task-s7;sub-022_ses-303_task-s7	1000	7	49	sub-022	ses-104	task-s7	1;2;3	7;7;7
649	650	649	650	3	3	trialwise	842;2604;4379	842;2604;4379	6;17;28	49;43;50	sub-022_ses-103_task-s6;sub-022_ses-202_task-s6;sub-022_ses-303_task-s6	842	6	49	sub-022	ses-103	task-s6	1;2;3	6;6;6
650	651	650	651	3	3	trialwise	430;2127;3964	430;2127;3964	3;14;25	113;42;111	sub-022_ses-102_task-s3;sub-022_ses-201_task-s3;sub-022_ses-301_task-s3	430	3	113	sub-022	ses-102	task-s3	1;2;3	3;3;3
651	652	651	652	3	3	trialwise	951;2636;4343	951;2636;4343	6;17;28	158;75;14	sub-022_ses-103_task-s6;sub-022_ses-202_task-s6;sub-022_ses-303_task-s6	951	6	158	sub-022	ses-103	task-s6	1;2;3	6;6;6
652	653	652	653	3	3	trialwise	1226;2898;4681	1226;2898;4681	8;19;30	117;21;36	sub-022_ses-104_task-s8;sub-022_ses-203_task-s8;sub-022_ses-305_task-s8	1226	8	117	sub-022	ses-104	task-s8	1;2;3	8;8;8
653	654	653	654	3	3	trialwise	348;2114;3931	348;2114;3931	3;14;25	31;29;78	sub-022_ses-102_task-s3;sub-022_ses-201_task-s3;sub-022_ses-301_task-s3	348	3	31	sub-022	ses-102	task-s3	1;2;3	3;3;3
654	655	654	655	3	3	trialwise	1211;3017;4787	1211;3017;4787	8;19;30	102;140;142	sub-022_ses-104_task-s8;sub-022_ses-203_task-s8;sub-022_ses-305_task-s8	1211	8	102	sub-022	ses-104	task-s8	1;2;3	8;8;8
655	656	655	656	3	3	trialwise	228;2074;3845	228;2074;3845	2;13;24	70;148;151	sub-022_ses-102_task-s2;sub-022_ses-201_task-s2;sub-022_ses-301_task-s2	228	2	70	sub-022	ses-102	task-s2	1;2;3	2;2;2
656	657	656	657	3	3	trialwise	994;2827;4564	994;2827;4564	7;18;29	43;108;77	sub-022_ses-104_task-s7;sub-022_ses-202_task-s7;sub-022_ses-303_task-s7	994	7	43	sub-022	ses-104	task-s7	1;2;3	7;7;7
657	658	657	658	3	3	trialwise	957;2861;4514	957;2861;4514	7;18;29	6;142;27	sub-022_ses-104_task-s7;sub-022_ses-202_task-s7;sub-022_ses-303_task-s7	957	7	6	sub-022	ses-104	task-s7	1;2;3	7;7;7
658	659	658	659	3	3	trialwise	441;2089;3996	441;2089;3996	3;14;25	124;4;143	sub-022_ses-102_task-s3;sub-022_ses-201_task-s3;sub-022_ses-301_task-s3	441	3	124	sub-022	ses-102	task-s3	1;2;3	3;3;3
659	660	659	660	3	3	trialwise	789;2455;4329	789;2455;4329	5;16;27	154;52;158	sub-022_ses-103_task-s5;sub-022_ses-203_task-s5;sub-022_ses-302_task-s5	789	5	154	sub-022	ses-103	task-s5	1;2;3	5;5;5
660	661	660	661	3	3	trialwise	236;2054;3702	236;2054;3702	2;13;24	78;128;8	sub-022_ses-102_task-s2;sub-022_ses-201_task-s2;sub-022_ses-301_task-s2	236	2	78	sub-022	ses-102	task-s2	1;2;3	2;2;2
661	662	661	662	3	3	trialwise	823;2578;4335	823;2578;4335	6;17;28	30;17;6	sub-022_ses-103_task-s6;sub-022_ses-202_task-s6;sub-022_ses-303_task-s6	823	6	30	sub-022	ses-103	task-s6	1;2;3	6;6;6
662	663	662	663	3	3	trialwise	144;1887;3635	144;1887;3635	1;12;23	145;120;100	sub-022_ses-101_task-s1;sub-022_ses-201_task-s1;sub-022_ses-301_task-s1	144	1	145	sub-022	ses-101	task-s1	1;2;3	1;1;1
663	664	663	664	3	3	trialwise	726;2518;4194	726;2518;4194	5;16;27	91;115;23	sub-022_ses-103_task-s5;sub-022_ses-203_task-s5;sub-022_ses-302_task-s5	726	5	91	sub-022	ses-103	task-s5	1;2;3	5;5;5
664	665	664	665	3	3	trialwise	939;2668;4478	939;2668;4478	6;17;28	146;107;149	sub-022_ses-103_task-s6;sub-022_ses-202_task-s6;sub-022_ses-303_task-s6	939	6	146	sub-022	ses-103	task-s6	1;2;3	6;6;6
665	666	665	666	3	3	trialwise	633;2270;4038	633;2270;4038	4;15;26	157;26;26	sub-022_ses-102_task-s4;sub-022_ses-202_task-s4;sub-022_ses-302_task-s4	633	4	157	sub-022	ses-102	task-s4	1;2;3	4;4;4
666	667	666	667	3	3	trialwise	790;2516;4310	790;2516;4310	5;16;27	155;113;139	sub-022_ses-103_task-s5;sub-022_ses-203_task-s5;sub-022_ses-302_task-s5	790	5	155	sub-022	ses-103	task-s5	1;2;3	5;5;5
667	668	667	668	3	3	trialwise	530;2289;4057	530;2289;4057	4;15;26	54;45;45	sub-022_ses-102_task-s4;sub-022_ses-202_task-s4;sub-022_ses-302_task-s4	530	4	54	sub-022	ses-102	task-s4	1;2;3	4;4;4
668	669	668	669	3	3	trialwise	253;1988;3823	253;1988;3823	2;13;24	95;62;129	sub-022_ses-102_task-s2;sub-022_ses-201_task-s2;sub-022_ses-301_task-s2	253	2	95	sub-022	ses-102	task-s2	1;2;3	2;2;2
669	670	669	670	3	3	trialwise	1040;2726;4551	1040;2726;4551	7;18;29	89;7;64	sub-022_ses-104_task-s7;sub-022_ses-202_task-s7;sub-022_ses-303_task-s7	1040	7	89	sub-022	ses-104	task-s7	1;2;3	7;7;7
670	671	670	671	3	3	trialwise	568;2376;4144	568;2376;4144	4;15;26	92;132;132	sub-022_ses-102_task-s4;sub-022_ses-202_task-s4;sub-022_ses-302_task-s4	568	4	92	sub-022	ses-102	task-s4	1;2;3	4;4;4
671	672	671	672	3	3	trialwise	906;2672;4480	906;2672;4480	6;17;28	113;111;151	sub-022_ses-103_task-s6;sub-022_ses-202_task-s6;sub-022_ses-303_task-s6	906	6	113	sub-022	ses-103	task-s6	1;2;3	6;6;6
672	673	672	673	3	3	trialwise	1099;2803;4643	1099;2803;4643	7;18;29	148;84;156	sub-022_ses-104_task-s7;sub-022_ses-202_task-s7;sub-022_ses-303_task-s7	1099	7	148	sub-022	ses-104	task-s7	1;2;3	7;7;7
673	674	673	674	3	3	trialwise	135;1778;3548	135;1778;3548	1;12;23	136;11;13	sub-022_ses-101_task-s1;sub-022_ses-201_task-s1;sub-022_ses-301_task-s1	135	1	136	sub-022	ses-101	task-s1	1;2;3	1;1;1
674	675	674	675	3	3	trialwise	952;2849;4503	952;2849;4503	7;18;29	1;130;16	sub-022_ses-104_task-s7;sub-022_ses-202_task-s7;sub-022_ses-303_task-s7	952	7	1	sub-022	ses-104	task-s7	1;2;3	7;7;7
675	676	675	676	3	3	trialwise	23;1859;3584	23;1859;3584	1;12;23	24;92;49	sub-022_ses-101_task-s1;sub-022_ses-201_task-s1;sub-022_ses-301_task-s1	23	1	24	sub-022	ses-101	task-s1	1;2;3	1;1;1
676	677	676	677	3	3	trialwise	45;1923;3578	45;1923;3578	1;12;23	46;156;43	sub-022_ses-101_task-s1;sub-022_ses-201_task-s1;sub-022_ses-301_task-s1	45	1	46	sub-022	ses-101	task-s1	1;2;3	1;1;1
677	678	677	678	3	3	trialwise	1191;2962;4752	1191;2962;4752	8;19;30	82;85;107	sub-022_ses-104_task-s8;sub-022_ses-203_task-s8;sub-022_ses-305_task-s8	1191	8	82	sub-022	ses-104	task-s8	1;2;3	8;8;8
678	679	678	679	3	3	trialwise	567;2287;4055	567;2287;4055	4;15;26	91;43;43	sub-022_ses-102_task-s4;sub-022_ses-202_task-s4;sub-022_ses-302_task-s4	567	4	91	sub-022	ses-102	task-s4	1;2;3	4;4;4
679	680	679	680	3	3	trialwise	214;1975;3810	214;1975;3810	2;13;24	56;49;116	sub-022_ses-102_task-s2;sub-022_ses-201_task-s2;sub-022_ses-301_task-s2	214	2	56	sub-022	ses-102	task-s2	1;2;3	2;2;2
680	681	680	681	3	3	trialwise	917;2599;4354	917;2599;4354	6;17;28	124;38;25	sub-022_ses-103_task-s6;sub-022_ses-202_task-s6;sub-022_ses-303_task-s6	917	6	124	sub-022	ses-103	task-s6	1;2;3	6;6;6
681	682	681	682	3	3	trialwise	88;1776;3585	88;1776;3585	1;12;23	89;9;50	sub-022_ses-101_task-s1;sub-022_ses-201_task-s1;sub-022_ses-301_task-s1	88	1	89	sub-022	ses-101	task-s1	1;2;3	1;1;1
682	683	682	683	3	3	trialwise	397;2236;3941	397;2236;3941	3;14;25	80;151;88	sub-022_ses-102_task-s3;sub-022_ses-201_task-s3;sub-022_ses-301_task-s3	397	3	80	sub-022	ses-102	task-s3	1;2;3	3;3;3
683	684	683	684	3	3	trialwise	776;2464;4195	776;2464;4195	5;16;27	141;61;24	sub-022_ses-103_task-s5;sub-022_ses-203_task-s5;sub-022_ses-302_task-s5	776	5	141	sub-022	ses-103	task-s5	1;2;3	5;5;5
684	685	684	685	3	3	trialwise	832;2706;4341	832;2706;4341	6;17;28	39;145;12	sub-022_ses-103_task-s6;sub-022_ses-202_task-s6;sub-022_ses-303_task-s6	832	6	39	sub-022	ses-103	task-s6	1;2;3	6;6;6
685	686	685	686	3	3	trialwise	581;2370;4138	581;2370;4138	4;15;26	105;126;126	sub-022_ses-102_task-s4;sub-022_ses-202_task-s4;sub-022_ses-302_task-s4	581	4	105	sub-022	ses-102	task-s4	1;2;3	4;4;4
686	687	686	687	3	3	trialwise	1085;2755;4610	1085;2755;4610	7;18;29	134;36;123	sub-022_ses-104_task-s7;sub-022_ses-202_task-s7;sub-022_ses-303_task-s7	1085	7	134	sub-022	ses-104	task-s7	1;2;3	7;7;7
687	688	687	688	3	3	trialwise	536;2285;4053	536;2285;4053	4;15;26	60;41;41	sub-022_ses-102_task-s4;sub-022_ses-202_task-s4;sub-022_ses-302_task-s4	536	4	60	sub-022	ses-102	task-s4	1;2;3	4;4;4
688	689	688	689	3	3	trialwise	387;2162;4007	387;2162;4007	3;14;25	70;77;154	sub-022_ses-102_task-s3;sub-022_ses-201_task-s3;sub-022_ses-301_task-s3	387	3	70	sub-022	ses-102	task-s3	1;2;3	3;3;3
689	690	689	690	3	3	trialwise	1185;2940;4672	1185;2940;4672	8;19;30	76;63;27	sub-022_ses-104_task-s8;sub-022_ses-203_task-s8;sub-022_ses-305_task-s8	1185	8	76	sub-022	ses-104	task-s8	1;2;3	8;8;8
690	691	690	691	3	3	trialwise	755;2492;4181	755;2492;4181	5;16;27	120;89;10	sub-022_ses-103_task-s5;sub-022_ses-203_task-s5;sub-022_ses-302_task-s5	755	5	120	sub-022	ses-103	task-s5	1;2;3	5;5;5
691	692	691	692	3	3	trialwise	792;2412;4247	792;2412;4247	5;16;27	157;9;76	sub-022_ses-103_task-s5;sub-022_ses-203_task-s5;sub-022_ses-302_task-s5	792	5	157	sub-022	ses-103	task-s5	1;2;3	5;5;5
692	693	692	693	3	3	trialwise	54;1793;3628	54;1793;3628	1;12;23	55;26;93	sub-022_ses-101_task-s1;sub-022_ses-201_task-s1;sub-022_ses-301_task-s1	54	1	55	sub-022	ses-101	task-s1	1;2;3	1;1;1
693	694	693	694	3	3	trialwise	258;2045;3785	258;2045;3785	2;13;24	100;119;91	sub-022_ses-102_task-s2;sub-022_ses-201_task-s2;sub-022_ses-301_task-s2	258	2	100	sub-022	ses-102	task-s2	1;2;3	2;2;2
694	695	694	695	3	3	trialwise	708;2411;4252	708;2411;4252	5;16;27	73;8;81	sub-022_ses-103_task-s5;sub-022_ses-203_task-s5;sub-022_ses-302_task-s5	708	5	73	sub-022	ses-103	task-s5	1;2;3	5;5;5
695	696	695	696	3	3	trialwise	1064;2843;4629	1064;2843;4629	7;18;29	113;124;142	sub-022_ses-104_task-s7;sub-022_ses-202_task-s7;sub-022_ses-303_task-s7	1064	7	113	sub-022	ses-104	task-s7	1;2;3	7;7;7
696	697	696	697	3	3	trialwise	210;1960;3725	210;1960;3725	2;13;24	52;34;31	sub-022_ses-102_task-s2;sub-022_ses-201_task-s2;sub-022_ses-301_task-s2	210	2	52	sub-022	ses-102	task-s2	1;2;3	2;2;2
697	698	697	698	3	3	trialwise	874;2650;4371	874;2650;4371	6;17;28	81;89;42	sub-022_ses-103_task-s6;sub-022_ses-202_task-s6;sub-022_ses-303_task-s6	874	6	81	sub-022	ses-103	task-s6	1;2;3	6;6;6
698	699	698	699	3	3	trialwise	814;2656;4340	814;2656;4340	6;17;28	21;95;11	sub-022_ses-103_task-s6;sub-022_ses-202_task-s6;sub-022_ses-303_task-s6	814	6	21	sub-022	ses-103	task-s6	1;2;3	6;6;6
699	700	699	700	3	3	trialwise	1074;2817;4554	1074;2817;4554	7;18;29	123;98;67	sub-022_ses-104_task-s7;sub-022_ses-202_task-s7;sub-022_ses-303_task-s7	1074	7	123	sub-022	ses-104	task-s7	1;2;3	7;7;7
700	701	700	701	3	3	trialwise	511;2390;4158	511;2390;4158	4;15;26	35;146;146	sub-022_ses-102_task-s4;sub-022_ses-202_task-s4;sub-022_ses-302_task-s4	511	4	35	sub-022	ses-102	task-s4	1;2;3	4;4;4
701	702	701	702	3	3	trialwise	1091;2766;4572	1091;2766;4572	7;18;29	140;47;85	sub-022_ses-104_task-s7;sub-022_ses-202_task-s7;sub-022_ses-303_task-s7	1091	7	140	sub-022	ses-104	task-s7	1;2;3	7;7;7
702	703	702	703	3	3	trialwise	1203;2977;4665	1203;2977;4665	8;19;30	94;100;20	sub-022_ses-104_task-s8;sub-022_ses-203_task-s8;sub-022_ses-305_task-s8	1203	8	94	sub-022	ses-104	task-s8	1;2;3	8;8;8
703	704	703	704	3	3	trialwise	1017;2743;4492	1017;2743;4492	7;18;29	66;24;5	sub-022_ses-104_task-s7;sub-022_ses-202_task-s7;sub-022_ses-303_task-s7	1017	7	66	sub-022	ses-104	task-s7	1;2;3	7;7;7
704	705	704	705	3	3	trialwise	22;1788;3608	22;1788;3608	1;12;23	23;21;73	sub-022_ses-101_task-s1;sub-022_ses-201_task-s1;sub-022_ses-301_task-s1	22	1	23	sub-022	ses-101	task-s1	1;2;3	1;1;1
705	706	705	706	3	3	trialwise	863;2597;4402	863;2597;4402	6;17;28	70;36;73	sub-022_ses-103_task-s6;sub-022_ses-202_task-s6;sub-022_ses-303_task-s6	863	6	70	sub-022	ses-103	task-s6	1;2;3	6;6;6
706	707	706	707	3	3	trialwise	493;2302;4070	493;2302;4070	4;15;26	17;58;58	sub-022_ses-102_task-s4;sub-022_ses-202_task-s4;sub-022_ses-302_task-s4	493	4	17	sub-022	ses-102	task-s4	1;2;3	4;4;4
707	708	707	708	3	3	trialwise	264;2005;3760	264;2005;3760	2;13;24	106;79;66	sub-022_ses-102_task-s2;sub-022_ses-201_task-s2;sub-022_ses-301_task-s2	264	2	106	sub-022	ses-102	task-s2	1;2;3	2;2;2
708	709	708	709	3	3	trialwise	908;2591;4334	908;2591;4334	6;17;28	115;30;5	sub-022_ses-103_task-s6;sub-022_ses-202_task-s6;sub-022_ses-303_task-s6	908	6	115	sub-022	ses-103	task-s6	1;2;3	6;6;6
709	710	709	710	3	3	trialwise	769;2486;4324	769;2486;4324	5;16;27	134;83;153	sub-022_ses-103_task-s5;sub-022_ses-203_task-s5;sub-022_ses-302_task-s5	769	5	134	sub-022	ses-103	task-s5	1;2;3	5;5;5
710	711	710	711	3	3	trialwise	385;2172;3913	385;2172;3913	3;14;25	68;87;60	sub-022_ses-102_task-s3;sub-022_ses-201_task-s3;sub-022_ses-301_task-s3	385	3	68	sub-022	ses-102	task-s3	1;2;3	3;3;3
711	712	711	712	3	3	trialwise	993;2875;4586	993;2875;4586	7;18;29	42;156;99	sub-022_ses-104_task-s7;sub-022_ses-202_task-s7;sub-022_ses-303_task-s7	993	7	42	sub-022	ses-104	task-s7	1;2;3	7;7;7
712	713	712	713	3	3	trialwise	1121;3022;4797	1121;3022;4797	8;19;30	12;145;152	sub-022_ses-104_task-s8;sub-022_ses-203_task-s8;sub-022_ses-305_task-s8	1121	8	12	sub-022	ses-104	task-s8	1;2;3	8;8;8
713	714	713	714	3	3	trialwise	545;2280;4048	545;2280;4048	4;15;26	69;36;36	sub-022_ses-102_task-s4;sub-022_ses-202_task-s4;sub-022_ses-302_task-s4	545	4	69	sub-022	ses-102	task-s4	1;2;3	4;4;4
714	715	714	715	3	3	trialwise	128;1805;3675	128;1805;3675	1;12;23	129;38;140	sub-022_ses-101_task-s1;sub-022_ses-201_task-s1;sub-022_ses-301_task-s1	128	1	129	sub-022	ses-101	task-s1	1;2;3	1;1;1
715	716	715	716	3	3	trialwise	389;2126;3953	389;2126;3953	3;14;25	72;41;100	sub-022_ses-102_task-s3;sub-022_ses-201_task-s3;sub-022_ses-301_task-s3	389	3	72	sub-022	ses-102	task-s3	1;2;3	3;3;3
716	717	716	717	3	3	trialwise	617;2286;4054	617;2286;4054	4;15;26	141;42;42	sub-022_ses-102_task-s4;sub-022_ses-202_task-s4;sub-022_ses-302_task-s4	617	4	141	sub-022	ses-102	task-s4	1;2;3	4;4;4
717	718	717	718	3	3	trialwise	933;2601;4368	933;2601;4368	6;17;28	140;40;39	sub-022_ses-103_task-s6;sub-022_ses-202_task-s6;sub-022_ses-303_task-s6	933	6	140	sub-022	ses-103	task-s6	1;2;3	6;6;6
718	719	718	719	3	3	trialwise	240;1976;3735	240;1976;3735	2;13;24	82;50;41	sub-022_ses-102_task-s2;sub-022_ses-201_task-s2;sub-022_ses-301_task-s2	240	2	82	sub-022	ses-102	task-s2	1;2;3	2;2;2
719	720	719	720	3	3	trialwise	1188;2975;4788	1188;2975;4788	8;19;30	79;98;143	sub-022_ses-104_task-s8;sub-022_ses-203_task-s8;sub-022_ses-305_task-s8	1188	8	79	sub-022	ses-104	task-s8	1;2;3	8;8;8
720	721	720	721	3	3	trialwise	604;2340;4108	604;2340;4108	4;15;26	128;96;96	sub-022_ses-102_task-s4;sub-022_ses-202_task-s4;sub-022_ses-302_task-s4	604	4	128	sub-022	ses-102	task-s4	1;2;3	4;4;4
721	722	721	722	3	3	trialwise	11;1846;3609	11;1846;3609	1;12;23	12;79;74	sub-022_ses-101_task-s1;sub-022_ses-201_task-s1;sub-022_ses-301_task-s1	11	1	12	sub-022	ses-101	task-s1	1;2;3	1;1;1
722	723	722	723	3	3	trialwise	902;2713;4336	902;2713;4336	6;17;28	109;152;7	sub-022_ses-103_task-s6;sub-022_ses-202_task-s6;sub-022_ses-303_task-s6	902	6	109	sub-022	ses-103	task-s6	1;2;3	6;6;6
723	724	723	724	3	3	trialwise	1012;2788;4642	1012;2788;4642	7;18;29	61;69;155	sub-022_ses-104_task-s7;sub-022_ses-202_task-s7;sub-022_ses-303_task-s7	1012	7	61	sub-022	ses-104	task-s7	1;2;3	7;7;7
724	725	724	725	3	3	trialwise	533;2319;4087	533;2319;4087	4;15;26	57;75;75	sub-022_ses-102_task-s4;sub-022_ses-202_task-s4;sub-022_ses-302_task-s4	533	4	57	sub-022	ses-102	task-s4	1;2;3	4;4;4
725	726	725	726	3	3	trialwise	887;2596;4483	887;2596;4483	6;17;28	94;35;154	sub-022_ses-103_task-s6;sub-022_ses-202_task-s6;sub-022_ses-303_task-s6	887	6	94	sub-022	ses-103	task-s6	1;2;3	6;6;6
726	727	726	727	3	3	trialwise	764;2522;4172	764;2522;4172	5;16;27	129;119;1	sub-022_ses-103_task-s5;sub-022_ses-203_task-s5;sub-022_ses-302_task-s5	764	5	129	sub-022	ses-103	task-s5	1;2;3	5;5;5
727	728	727	728	3	3	trialwise	1051;2796;4566	1051;2796;4566	7;18;29	100;77;79	sub-022_ses-104_task-s7;sub-022_ses-202_task-s7;sub-022_ses-303_task-s7	1051	7	100	sub-022	ses-104	task-s7	1;2;3	7;7;7
728	729	728	729	3	3	trialwise	1223;3026;4709	1223;3026;4709	8;19;30	114;149;64	sub-022_ses-104_task-s8;sub-022_ses-203_task-s8;sub-022_ses-305_task-s8	1223	8	114	sub-022	ses-104	task-s8	1;2;3	8;8;8
729	730	729	730	3	3	trialwise	93;1866;3607	93;1866;3607	1;12;23	94;99;72	sub-022_ses-101_task-s1;sub-022_ses-201_task-s1;sub-022_ses-301_task-s1	93	1	94	sub-022	ses-101	task-s1	1;2;3	1;1;1
730	731	730	731	3	3	trialwise	979;2779;4601	979;2779;4601	7;18;29	28;60;114	sub-022_ses-104_task-s7;sub-022_ses-202_task-s7;sub-022_ses-303_task-s7	979	7	28	sub-022	ses-104	task-s7	1;2;3	7;7;7
731	732	731	732	3	3	trialwise	484;2304;4072	484;2304;4072	4;15;26	8;60;60	sub-022_ses-102_task-s4;sub-022_ses-202_task-s4;sub-022_ses-302_task-s4	484	4	8	sub-022	ses-102	task-s4	1;2;3	4;4;4
732	733	732	733	3	3	trialwise	629;2375;4143	629;2375;4143	4;15;26	153;131;131	sub-022_ses-102_task-s4;sub-022_ses-202_task-s4;sub-022_ses-302_task-s4	629	4	153	sub-022	ses-102	task-s4	1;2;3	4;4;4
733	734	733	734	3	3	trialwise	466;2143;3986	466;2143;3986	3;14;25	149;58;133	sub-022_ses-102_task-s3;sub-022_ses-201_task-s3;sub-022_ses-301_task-s3	466	3	149	sub-022	ses-102	task-s3	1;2;3	3;3;3
734	735	734	735	3	3	trialwise	739;2550;4222	739;2550;4222	5;16;27	104;147;51	sub-022_ses-103_task-s5;sub-022_ses-203_task-s5;sub-022_ses-302_task-s5	739	5	104	sub-022	ses-103	task-s5	1;2;3	5;5;5
735	736	735	736	3	3	trialwise	1244;2918;4680	1244;2918;4680	8;19;30	135;41;35	sub-022_ses-104_task-s8;sub-022_ses-203_task-s8;sub-022_ses-305_task-s8	1244	8	135	sub-022	ses-104	task-s8	1;2;3	8;8;8
736	737	736	737	3	3	trialwise	181;2071;3782	181;2071;3782	2;13;24	23;145;88	sub-022_ses-102_task-s2;sub-022_ses-201_task-s2;sub-022_ses-301_task-s2	181	2	23	sub-022	ses-102	task-s2	1;2;3	2;2;2
737	738	737	738	3	3	trialwise	798;2572;4442	798;2572;4442	6;17;28	5;11;113	sub-022_ses-103_task-s6;sub-022_ses-202_task-s6;sub-022_ses-303_task-s6	798	6	5	sub-022	ses-103	task-s6	1;2;3	6;6;6
738	739	738	739	3	3	trialwise	321;2108;3938	321;2108;3938	3;14;25	4;23;85	sub-022_ses-102_task-s3;sub-022_ses-201_task-s3;sub-022_ses-301_task-s3	321	3	4	sub-022	ses-102	task-s3	1;2;3	3;3;3
739	740	739	740	3	3	trialwise	1174;2880;4798	1174;2880;4798	8;19;30	65;3;153	sub-022_ses-104_task-s8;sub-022_ses-203_task-s8;sub-022_ses-305_task-s8	1174	8	65	sub-022	ses-104	task-s8	1;2;3	8;8;8
740	741	740	741	3	3	trialwise	68;1855;3606	68;1855;3606	1;12;23	69;88;71	sub-022_ses-101_task-s1;sub-022_ses-201_task-s1;sub-022_ses-301_task-s1	68	1	69	sub-022	ses-101	task-s1	1;2;3	1;1;1
741	742	741	742	3	3	trialwise	46;1804;3693	46;1804;3693	1;12;23	47;37;158	sub-022_ses-101_task-s1;sub-022_ses-201_task-s1;sub-022_ses-301_task-s1	46	1	47	sub-022	ses-101	task-s1	1;2;3	1;1;1
742	743	742	743	3	3	trialwise	822;2685;4369	822;2685;4369	6;17;28	29;124;40	sub-022_ses-103_task-s6;sub-022_ses-202_task-s6;sub-022_ses-303_task-s6	822	6	29	sub-022	ses-103	task-s6	1;2;3	6;6;6
743	744	743	744	3	3	trialwise	605;2337;4105	605;2337;4105	4;15;26	129;93;93	sub-022_ses-102_task-s4;sub-022_ses-202_task-s4;sub-022_ses-302_task-s4	605	4	129	sub-022	ses-102	task-s4	1;2;3	4;4;4
744	745	744	745	3	3	trialwise	1176;2897;4759	1176;2897;4759	8;19;30	67;20;114	sub-022_ses-104_task-s8;sub-022_ses-203_task-s8;sub-022_ses-305_task-s8	1176	8	67	sub-022	ses-104	task-s8	1;2;3	8;8;8
745	746	745	746	3	3	trialwise	301;2046;3762	301;2046;3762	2;13;24	143;120;68	sub-022_ses-102_task-s2;sub-022_ses-201_task-s2;sub-022_ses-301_task-s2	301	2	143	sub-022	ses-102	task-s2	1;2;3	2;2;2
746	747	746	747	3	3	trialwise	732;2423;4224	732;2423;4224	5;16;27	97;20;53	sub-022_ses-103_task-s5;sub-022_ses-203_task-s5;sub-022_ses-302_task-s5	732	5	97	sub-022	ses-103	task-s5	1;2;3	5;5;5
747	748	747	748	3	3	trialwise	55;1819;3553	55;1819;3553	1;12;23	56;52;18	sub-022_ses-101_task-s1;sub-022_ses-201_task-s1;sub-022_ses-301_task-s1	55	1	56	sub-022	ses-101	task-s1	1;2;3	1;1;1
748	749	748	749	3	3	trialwise	101;1771;3672	101;1771;3672	1;12;23	102;4;137	sub-022_ses-101_task-s1;sub-022_ses-201_task-s1;sub-022_ses-301_task-s1	101	1	102	sub-022	ses-101	task-s1	1;2;3	1;1;1
749	750	749	750	3	3	trialwise	474;2186;3944	474;2186;3944	3;14;25	157;101;91	sub-022_ses-102_task-s3;sub-022_ses-201_task-s3;sub-022_ses-301_task-s3	474	3	157	sub-022	ses-102	task-s3	1;2;3	3;3;3
750	751	750	751	3	3	trialwise	839;2699;4424	839;2699;4424	6;17;28	46;138;95	sub-022_ses-103_task-s6;sub-022_ses-202_task-s6;sub-022_ses-303_task-s6	839	6	46	sub-022	ses-103	task-s6	1;2;3	6;6;6
751	752	751	752	3	3	trialwise	76;1854;3558	76;1854;3558	1;12;23	77;87;23	sub-022_ses-101_task-s1;sub-022_ses-201_task-s1;sub-022_ses-301_task-s1	76	1	77	sub-022	ses-101	task-s1	1;2;3	1;1;1
752	753	752	753	3	3	trialwise	1061;2782;4541	1061;2782;4541	7;18;29	110;63;54	sub-022_ses-104_task-s7;sub-022_ses-202_task-s7;sub-022_ses-303_task-s7	1061	7	110	sub-022	ses-104	task-s7	1;2;3	7;7;7
753	754	753	754	3	3	trialwise	201;2060;3756	201;2060;3756	2;13;24	43;134;62	sub-022_ses-102_task-s2;sub-022_ses-201_task-s2;sub-022_ses-301_task-s2	201	2	43	sub-022	ses-102	task-s2	1;2;3	2;2;2
754	755	754	755	3	3	trialwise	329;2232;3894	329;2232;3894	3;14;25	12;147;41	sub-022_ses-102_task-s3;sub-022_ses-201_task-s3;sub-022_ses-301_task-s3	329	3	12	sub-022	ses-102	task-s3	1;2;3	3;3;3
755	756	755	756	3	3	trialwise	171;1933;3740	171;1933;3740	2;13;24	13;7;46	sub-022_ses-102_task-s2;sub-022_ses-201_task-s2;sub-022_ses-301_task-s2	171	2	13	sub-022	ses-102	task-s2	1;2;3	2;2;2
756	757	756	757	3	3	trialwise	922;2670;4472	922;2670;4472	6;17;28	129;109;143	sub-022_ses-103_task-s6;sub-022_ses-202_task-s6;sub-022_ses-303_task-s6	922	6	129	sub-022	ses-103	task-s6	1;2;3	6;6;6
757	758	757	758	3	3	trialwise	681;2493;4253	681;2493;4253	5;16;27	46;90;82	sub-022_ses-103_task-s5;sub-022_ses-203_task-s5;sub-022_ses-302_task-s5	681	5	46	sub-022	ses-103	task-s5	1;2;3	5;5;5
758	759	758	759	3	3	trialwise	805;2575;4331	805;2575;4331	6;17;28	12;14;2	sub-022_ses-103_task-s6;sub-022_ses-202_task-s6;sub-022_ses-303_task-s6	805	6	12	sub-022	ses-103	task-s6	1;2;3	6;6;6
759	760	759	760	3	3	trialwise	396;2206;3984	396;2206;3984	3;14;25	79;121;131	sub-022_ses-102_task-s3;sub-022_ses-201_task-s3;sub-022_ses-301_task-s3	396	3	79	sub-022	ses-102	task-s3	1;2;3	3;3;3
760	761	760	761	3	3	trialwise	632;2332;4100	632;2332;4100	4;15;26	156;88;88	sub-022_ses-102_task-s4;sub-022_ses-202_task-s4;sub-022_ses-302_task-s4	632	4	156	sub-022	ses-102	task-s4	1;2;3	4;4;4
761	762	761	762	3	3	trialwise	864;2590;4430	864;2590;4430	6;17;28	71;29;101	sub-022_ses-103_task-s6;sub-022_ses-202_task-s6;sub-022_ses-303_task-s6	864	6	71	sub-022	ses-103	task-s6	1;2;3	6;6;6
762	763	762	763	3	3	trialwise	733;2476;4256	733;2476;4256	5;16;27	98;73;85	sub-022_ses-103_task-s5;sub-022_ses-203_task-s5;sub-022_ses-302_task-s5	733	5	98	sub-022	ses-103	task-s5	1;2;3	5;5;5
763	764	763	764	3	3	trialwise	1169;2961;4753	1169;2961;4753	8;19;30	60;84;108	sub-022_ses-104_task-s8;sub-022_ses-203_task-s8;sub-022_ses-305_task-s8	1169	8	60	sub-022	ses-104	task-s8	1;2;3	8;8;8
764	765	764	765	3	3	trialwise	1107;2822;4616	1107;2822;4616	7;18;29	156;103;129	sub-022_ses-104_task-s7;sub-022_ses-202_task-s7;sub-022_ses-303_task-s7	1107	7	156	sub-022	ses-104	task-s7	1;2;3	7;7;7
765	766	765	766	3	3	trialwise	1039;2775;4501	1039;2775;4501	7;18;29	88;56;14	sub-022_ses-104_task-s7;sub-022_ses-202_task-s7;sub-022_ses-303_task-s7	1039	7	88	sub-022	ses-104	task-s7	1;2;3	7;7;7
766	767	766	767	3	3	trialwise	1022;2846;4639	1022;2846;4639	7;18;29	71;127;152	sub-022_ses-104_task-s7;sub-022_ses-202_task-s7;sub-022_ses-303_task-s7	1022	7	71	sub-022	ses-104	task-s7	1;2;3	7;7;7
767	768	767	768	3	3	trialwise	378;2091;3940	378;2091;3940	3;14;25	61;6;87	sub-022_ses-102_task-s3;sub-022_ses-201_task-s3;sub-022_ses-301_task-s3	378	3	61	sub-022	ses-102	task-s3	1;2;3	3;3;3
768	769	768	769	3	3	trialwise	468;2241;3858	468;2241;3858	3;14;25	151;156;5	sub-022_ses-102_task-s3;sub-022_ses-201_task-s3;sub-022_ses-301_task-s3	468	3	151	sub-022	ses-102	task-s3	1;2;3	3;3;3
769	770	769	770	3	3	trialwise	548;2389;4157	548;2389;4157	4;15;26	72;145;145	sub-022_ses-102_task-s4;sub-022_ses-202_task-s4;sub-022_ses-302_task-s4	548	4	72	sub-022	ses-102	task-s4	1;2;3	4;4;4
770	771	770	771	3	3	trialwise	983;2806;4628	983;2806;4628	7;18;29	32;87;141	sub-022_ses-104_task-s7;sub-022_ses-202_task-s7;sub-022_ses-303_task-s7	983	7	32	sub-022	ses-104	task-s7	1;2;3	7;7;7
771	772	771	772	3	3	trialwise	948;2623;4419	948;2623;4419	6;17;28	155;62;90	sub-022_ses-103_task-s6;sub-022_ses-202_task-s6;sub-022_ses-303_task-s6	948	6	155	sub-022	ses-103	task-s6	1;2;3	6;6;6
772	773	772	773	3	3	trialwise	1262;3011;4701	1262;3011;4701	8;19;30	153;134;56	sub-022_ses-104_task-s8;sub-022_ses-203_task-s8;sub-022_ses-305_task-s8	1262	8	153	sub-022	ses-104	task-s8	1;2;3	8;8;8
773	774	773	774	3	3	trialwise	370;2145;3955	370;2145;3955	3;14;25	53;60;102	sub-022_ses-102_task-s3;sub-022_ses-201_task-s3;sub-022_ses-301_task-s3	370	3	53	sub-022	ses-102	task-s3	1;2;3	3;3;3
774	775	774	775	3	3	trialwise	243;2006;3749	243;2006;3749	2;13;24	85;80;55	sub-022_ses-102_task-s2;sub-022_ses-201_task-s2;sub-022_ses-301_task-s2	243	2	85	sub-022	ses-102	task-s2	1;2;3	2;2;2
775	776	775	776	3	3	trialwise	512;2296;4064	512;2296;4064	4;15;26	36;52;52	sub-022_ses-102_task-s4;sub-022_ses-202_task-s4;sub-022_ses-302_task-s4	512	4	36	sub-022	ses-102	task-s4	1;2;3	4;4;4
776	777	776	777	3	3	trialwise	885;2688;4484	885;2688;4484	6;17;28	92;127;155	sub-022_ses-103_task-s6;sub-022_ses-202_task-s6;sub-022_ses-303_task-s6	885	6	92	sub-022	ses-103	task-s6	1;2;3	6;6;6
777	778	777	778	3	3	trialwise	1105;2781;4617	1105;2781;4617	7;18;29	154;62;130	sub-022_ses-104_task-s7;sub-022_ses-202_task-s7;sub-022_ses-303_task-s7	1105	7	154	sub-022	ses-104	task-s7	1;2;3	7;7;7
778	779	778	779	3	3	trialwise	856;2565;4338	856;2565;4338	6;17;28	63;4;9	sub-022_ses-103_task-s6;sub-022_ses-202_task-s6;sub-022_ses-303_task-s6	856	6	63	sub-022	ses-103	task-s6	1;2;3	6;6;6
779	780	779	780	3	3	trialwise	1258;2978;4673	1258;2978;4673	8;19;30	149;101;28	sub-022_ses-104_task-s8;sub-022_ses-203_task-s8;sub-022_ses-305_task-s8	1258	8	149	sub-022	ses-104	task-s8	1;2;3	8;8;8
780	781	780	781	3	3	trialwise	890;2712;4367	890;2712;4367	6;17;28	97;151;38	sub-022_ses-103_task-s6;sub-022_ses-202_task-s6;sub-022_ses-303_task-s6	890	6	97	sub-022	ses-103	task-s6	1;2;3	6;6;6
781	782	781	782	3	3	trialwise	1098;2830;4613	1098;2830;4613	7;18;29	147;111;126	sub-022_ses-104_task-s7;sub-022_ses-202_task-s7;sub-022_ses-303_task-s7	1098	7	147	sub-022	ses-104	task-s7	1;2;3	7;7;7
782	783	782	783	3	3	trialwise	127;1845;3623	127;1845;3623	1;12;23	128;78;88	sub-022_ses-101_task-s1;sub-022_ses-201_task-s1;sub-022_ses-301_task-s1	127	1	128	sub-022	ses-101	task-s1	1;2;3	1;1;1
783	784	783	784	3	3	trialwise	7;1814;3597	7;1814;3597	1;12;23	8;47;62	sub-022_ses-101_task-s1;sub-022_ses-201_task-s1;sub-022_ses-301_task-s1	7	1	8	sub-022	ses-101	task-s1	1;2;3	1;1;1
784	785	784	785	3	3	trialwise	888;2661;4393	888;2661;4393	6;17;28	95;100;64	sub-022_ses-103_task-s6;sub-022_ses-202_task-s6;sub-022_ses-303_task-s6	888	6	95	sub-022	ses-103	task-s6	1;2;3	6;6;6
785	786	785	786	3	3	trialwise	161;2026;3817	161;2026;3817	2;13;24	3;100;123	sub-022_ses-102_task-s2;sub-022_ses-201_task-s2;sub-022_ses-301_task-s2	161	2	3	sub-022	ses-102	task-s2	1;2;3	2;2;2
786	787	786	787	3	3	trialwise	1038;2794;4603	1038;2794;4603	7;18;29	87;75;116	sub-022_ses-104_task-s7;sub-022_ses-202_task-s7;sub-022_ses-303_task-s7	1038	7	87	sub-022	ses-104	task-s7	1;2;3	7;7;7
787	788	787	788	3	3	trialwise	235;2065;3764	235;2065;3764	2;13;24	77;139;70	sub-022_ses-102_task-s2;sub-022_ses-201_task-s2;sub-022_ses-301_task-s2	235	2	77	sub-022	ses-102	task-s2	1;2;3	2;2;2
788	789	788	789	3	3	trialwise	565;2360;4128	565;2360;4128	4;15;26	89;116;116	sub-022_ses-102_task-s4;sub-022_ses-202_task-s4;sub-022_ses-302_task-s4	565	4	89	sub-022	ses-102	task-s4	1;2;3	4;4;4
789	790	789	790	3	3	trialwise	420;2157;3901	420;2157;3901	3;14;25	103;72;48	sub-022_ses-102_task-s3;sub-022_ses-201_task-s3;sub-022_ses-301_task-s3	420	3	103	sub-022	ses-102	task-s3	1;2;3	3;3;3
790	791	790	791	3	3	trialwise	470;2193;3924	470;2193;3924	3;14;25	153;108;71	sub-022_ses-102_task-s3;sub-022_ses-201_task-s3;sub-022_ses-301_task-s3	470	3	153	sub-022	ses-102	task-s3	1;2;3	3;3;3
791	792	791	792	3	3	trialwise	580;2358;4126	580;2358;4126	4;15;26	104;114;114	sub-022_ses-102_task-s4;sub-022_ses-202_task-s4;sub-022_ses-302_task-s4	580	4	104	sub-022	ses-102	task-s4	1;2;3	4;4;4
792	793	792	793	3	3	trialwise	1187;2993;4750	1187;2993;4750	8;19;30	78;116;105	sub-022_ses-104_task-s8;sub-022_ses-203_task-s8;sub-022_ses-305_task-s8	1187	8	78	sub-022	ses-104	task-s8	1;2;3	8;8;8
793	794	793	794	3	3	trialwise	224;2025;3763	224;2025;3763	2;13;24	66;99;69	sub-022_ses-102_task-s2;sub-022_ses-201_task-s2;sub-022_ses-301_task-s2	224	2	66	sub-022	ses-102	task-s2	1;2;3	2;2;2
794	795	794	795	3	3	trialwise	229;2057;3799	229;2057;3799	2;13;24	71;131;105	sub-022_ses-102_task-s2;sub-022_ses-201_task-s2;sub-022_ses-301_task-s2	229	2	71	sub-022	ses-102	task-s2	1;2;3	2;2;2
795	796	795	796	3	3	trialwise	622;2306;4074	622;2306;4074	4;15;26	146;62;62	sub-022_ses-102_task-s4;sub-022_ses-202_task-s4;sub-022_ses-302_task-s4	622	4	146	sub-022	ses-102	task-s4	1;2;3	4;4;4
796	797	796	797	3	3	trialwise	573;2334;4102	573;2334;4102	4;15;26	97;90;90	sub-022_ses-102_task-s4;sub-022_ses-202_task-s4;sub-022_ses-302_task-s4	573	4	97	sub-022	ses-102	task-s4	1;2;3	4;4;4
797	798	797	798	3	3	trialwise	498;2253;4021	498;2253;4021	4;15;26	22;9;9	sub-022_ses-102_task-s4;sub-022_ses-202_task-s4;sub-022_ses-302_task-s4	498	4	22	sub-022	ses-102	task-s4	1;2;3	4;4;4
798	799	798	799	3	3	trialwise	1096;2732;4547	1096;2732;4547	7;18;29	145;13;60	sub-022_ses-104_task-s7;sub-022_ses-202_task-s7;sub-022_ses-303_task-s7	1096	7	145	sub-022	ses-104	task-s7	1;2;3	7;7;7
799	800	799	800	3	3	trialwise	1090;2835;4594	1090;2835;4594	7;18;29	139;116;107	sub-022_ses-104_task-s7;sub-022_ses-202_task-s7;sub-022_ses-303_task-s7	1090	7	139	sub-022	ses-104	task-s7	1;2;3	7;7;7
800	801	800	801	3	3	trialwise	677;2405;4269	677;2405;4269	5;16;27	42;2;98	sub-022_ses-103_task-s5;sub-022_ses-203_task-s5;sub-022_ses-302_task-s5	677	5	42	sub-022	ses-103	task-s5	1;2;3	5;5;5
801	802	801	802	3	3	trialwise	151;1853;3557	151;1853;3557	1;12;23	152;86;22	sub-022_ses-101_task-s1;sub-022_ses-201_task-s1;sub-022_ses-301_task-s1	151	1	152	sub-022	ses-101	task-s1	1;2;3	1;1;1
802	803	802	803	3	3	trialwise	1219;2886;4760	1219;2886;4760	8;19;30	110;9;115	sub-022_ses-104_task-s8;sub-022_ses-203_task-s8;sub-022_ses-305_task-s8	1219	8	110	sub-022	ses-104	task-s8	1;2;3	8;8;8
803	804	803	804	3	3	trialwise	261;1984;3846	261;1984;3846	2;13;24	103;58;152	sub-022_ses-102_task-s2;sub-022_ses-201_task-s2;sub-022_ses-301_task-s2	261	2	103	sub-022	ses-102	task-s2	1;2;3	2;2;2
804	805	804	805	3	3	trialwise	251;1963;3710	251;1963;3710	2;13;24	93;37;16	sub-022_ses-102_task-s2;sub-022_ses-201_task-s2;sub-022_ses-301_task-s2	251	2	93	sub-022	ses-102	task-s2	1;2;3	2;2;2
805	806	805	806	3	3	trialwise	735;2458;4179	735;2458;4179	5;16;27	100;55;8	sub-022_ses-103_task-s5;sub-022_ses-203_task-s5;sub-022_ses-302_task-s5	735	5	100	sub-022	ses-103	task-s5	1;2;3	5;5;5
806	807	806	807	3	3	trialwise	58;1798;3586	58;1798;3586	1;12;23	59;31;51	sub-022_ses-101_task-s1;sub-022_ses-201_task-s1;sub-022_ses-301_task-s1	58	1	59	sub-022	ses-101	task-s1	1;2;3	1;1;1
807	808	807	808	3	3	trialwise	1163;2969;4713	1163;2969;4713	8;19;30	54;92;68	sub-022_ses-104_task-s8;sub-022_ses-203_task-s8;sub-022_ses-305_task-s8	1163	8	54	sub-022	ses-104	task-s8	1;2;3	8;8;8
808	809	808	809	3	3	trialwise	379;2133;3999	379;2133;3999	3;14;25	62;48;146	sub-022_ses-102_task-s3;sub-022_ses-201_task-s3;sub-022_ses-301_task-s3	379	3	62	sub-022	ses-102	task-s3	1;2;3	3;3;3
809	810	809	810	3	3	trialwise	134;1900;3615	134;1900;3615	1;12;23	135;133;80	sub-022_ses-101_task-s1;sub-022_ses-201_task-s1;sub-022_ses-301_task-s1	134	1	135	sub-022	ses-101	task-s1	1;2;3	1;1;1
810	811	810	811	3	3	trialwise	1042;2844;4495	1042;2844;4495	7;18;29	91;125;8	sub-022_ses-104_task-s7;sub-022_ses-202_task-s7;sub-022_ses-303_task-s7	1042	7	91	sub-022	ses-104	task-s7	1;2;3	7;7;7
811	812	811	812	3	3	trialwise	859;2718;4345	859;2718;4345	6;17;28	66;157;16	sub-022_ses-103_task-s6;sub-022_ses-202_task-s6;sub-022_ses-303_task-s6	859	6	66	sub-022	ses-103	task-s6	1;2;3	6;6;6
812	813	812	813	3	3	trialwise	627;2252;4020	627;2252;4020	4;15;26	151;8;8	sub-022_ses-102_task-s4;sub-022_ses-202_task-s4;sub-022_ses-302_task-s4	627	4	151	sub-022	ses-102	task-s4	1;2;3	4;4;4
813	814	813	814	3	3	trialwise	1248;3028;4763	1248;3028;4763	8;19;30	139;151;118	sub-022_ses-104_task-s8;sub-022_ses-203_task-s8;sub-022_ses-305_task-s8	1248	8	139	sub-022	ses-104	task-s8	1;2;3	8;8;8
814	815	814	815	3	3	trialwise	552;2328;4096	552;2328;4096	4;15;26	76;84;84	sub-022_ses-102_task-s4;sub-022_ses-202_task-s4;sub-022_ses-302_task-s4	552	4	76	sub-022	ses-102	task-s4	1;2;3	4;4;4
815	816	815	816	3	3	trialwise	293;1942;3831	293;1942;3831	2;13;24	135;16;137	sub-022_ses-102_task-s2;sub-022_ses-201_task-s2;sub-022_ses-301_task-s2	293	2	135	sub-022	ses-102	task-s2	1;2;3	2;2;2
816	817	816	817	3	3	trialwise	848;2579;4423	848;2579;4423	6;17;28	55;18;94	sub-022_ses-103_task-s6;sub-022_ses-202_task-s6;sub-022_ses-303_task-s6	848	6	55	sub-022	ses-103	task-s6	1;2;3	6;6;6
817	818	817	818	3	3	trialwise	1190;3020;4755	1190;3020;4755	8;19;30	81;143;110	sub-022_ses-104_task-s8;sub-022_ses-203_task-s8;sub-022_ses-305_task-s8	1190	8	81	sub-022	ses-104	task-s8	1;2;3	8;8;8
818	819	818	819	3	3	trialwise	1205;3006;4766	1205;3006;4766	8;19;30	96;129;121	sub-022_ses-104_task-s8;sub-022_ses-203_task-s8;sub-022_ses-305_task-s8	1205	8	96	sub-022	ses-104	task-s8	1;2;3	8;8;8
819	820	819	820	3	3	trialwise	310;2024;3705	310;2024;3705	2;13;24	152;98;11	sub-022_ses-102_task-s2;sub-022_ses-201_task-s2;sub-022_ses-301_task-s2	310	2	152	sub-022	ses-102	task-s2	1;2;3	2;2;2
820	821	820	821	3	3	trialwise	153;1822;3639	153;1822;3639	1;12;23	154;55;104	sub-022_ses-101_task-s1;sub-022_ses-201_task-s1;sub-022_ses-301_task-s1	153	1	154	sub-022	ses-101	task-s1	1;2;3	1;1;1
821	822	821	822	3	3	trialwise	448;2151;3990	448;2151;3990	3;14;25	131;66;137	sub-022_ses-102_task-s3;sub-022_ses-201_task-s3;sub-022_ses-301_task-s3	448	3	131	sub-022	ses-102	task-s3	1;2;3	3;3;3
822	823	822	823	3	3	trialwise	291;2052;3777	291;2052;3777	2;13;24	133;126;83	sub-022_ses-102_task-s2;sub-022_ses-201_task-s2;sub-022_ses-301_task-s2	291	2	133	sub-022	ses-102	task-s2	1;2;3	2;2;2
823	824	823	824	3	3	trialwise	409;2218;3926	409;2218;3926	3;14;25	92;133;73	sub-022_ses-102_task-s3;sub-022_ses-201_task-s3;sub-022_ses-301_task-s3	409	3	92	sub-022	ses-102	task-s3	1;2;3	3;3;3
824	825	824	825	3	3	trialwise	938;2646;4350	938;2646;4350	6;17;28	145;85;21	sub-022_ses-103_task-s6;sub-022_ses-202_task-s6;sub-022_ses-303_task-s6	938	6	145	sub-022	ses-103	task-s6	1;2;3	6;6;6
825	826	825	826	3	3	trialwise	450;2180;3898	450;2180;3898	3;14;25	133;95;45	sub-022_ses-102_task-s3;sub-022_ses-201_task-s3;sub-022_ses-301_task-s3	450	3	133	sub-022	ses-102	task-s3	1;2;3	3;3;3
826	827	826	827	3	3	trialwise	1236;2915;4780	1236;2915;4780	8;19;30	127;38;135	sub-022_ses-104_task-s8;sub-022_ses-203_task-s8;sub-022_ses-305_task-s8	1236	8	127	sub-022	ses-104	task-s8	1;2;3	8;8;8
827	828	827	828	3	3	trialwise	290;1943;3838	290;1943;3838	2;13;24	132;17;144	sub-022_ses-102_task-s2;sub-022_ses-201_task-s2;sub-022_ses-301_task-s2	290	2	132	sub-022	ses-102	task-s2	1;2;3	2;2;2
828	829	828	829	3	3	trialwise	624;2364;4132	624;2364;4132	4;15;26	148;120;120	sub-022_ses-102_task-s4;sub-022_ses-202_task-s4;sub-022_ses-302_task-s4	624	4	148	sub-022	ses-102	task-s4	1;2;3	4;4;4
829	830	829	830	3	3	trialwise	1253;2904;4676	1253;2904;4676	8;19;30	144;27;31	sub-022_ses-104_task-s8;sub-022_ses-203_task-s8;sub-022_ses-305_task-s8	1253	8	144	sub-022	ses-104	task-s8	1;2;3	8;8;8
830	831	830	831	3	3	trialwise	1068;2867;4522	1068;2867;4522	7;18;29	117;148;35	sub-022_ses-104_task-s7;sub-022_ses-202_task-s7;sub-022_ses-303_task-s7	1068	7	117	sub-022	ses-104	task-s7	1;2;3	7;7;7
831	832	831	832	3	3	trialwise	1173;2896;4746	1173;2896;4746	8;19;30	64;19;101	sub-022_ses-104_task-s8;sub-022_ses-203_task-s8;sub-022_ses-305_task-s8	1173	8	64	sub-022	ses-104	task-s8	1;2;3	8;8;8
832	833	832	833	3	3	trialwise	79;1904;3632	79;1904;3632	1;12;23	80;137;97	sub-022_ses-101_task-s1;sub-022_ses-201_task-s1;sub-022_ses-301_task-s1	79	1	80	sub-022	ses-101	task-s1	1;2;3	1;1;1
833	834	833	834	3	3	trialwise	1079;2851;4533	1079;2851;4533	7;18;29	128;132;46	sub-022_ses-104_task-s7;sub-022_ses-202_task-s7;sub-022_ses-303_task-s7	1079	7	128	sub-022	ses-104	task-s7	1;2;3	7;7;7
834	835	834	835	3	3	trialwise	5;1912;3581	5;1912;3581	1;12;23	6;145;46	sub-022_ses-101_task-s1;sub-022_ses-201_task-s1;sub-022_ses-301_task-s1	5	1	6	sub-022	ses-101	task-s1	1;2;3	1;1;1
835	836	835	836	3	3	trialwise	1227;2999;4654	1227;2999;4654	8;19;30	118;122;9	sub-022_ses-104_task-s8;sub-022_ses-203_task-s8;sub-022_ses-305_task-s8	1227	8	118	sub-022	ses-104	task-s8	1;2;3	8;8;8
836	837	836	837	3	3	trialwise	547;2392;4160	547;2392;4160	4;15;26	71;148;148	sub-022_ses-102_task-s4;sub-022_ses-202_task-s4;sub-022_ses-302_task-s4	547	4	71	sub-022	ses-102	task-s4	1;2;3	4;4;4
837	838	837	838	3	3	trialwise	586;2264;4032	586;2264;4032	4;15;26	110;20;20	sub-022_ses-102_task-s4;sub-022_ses-202_task-s4;sub-022_ses-302_task-s4	586	4	110	sub-022	ses-102	task-s4	1;2;3	4;4;4
838	839	838	839	3	3	trialwise	3;1833;3692	3;1833;3692	1;12;23	4;66;157	sub-022_ses-101_task-s1;sub-022_ses-201_task-s1;sub-022_ses-301_task-s1	3	1	4	sub-022	ses-101	task-s1	1;2;3	1;1;1
839	840	839	840	3	3	trialwise	685;2432;4303	685;2432;4303	5;16;27	50;29;132	sub-022_ses-103_task-s5;sub-022_ses-203_task-s5;sub-022_ses-302_task-s5	685	5	50	sub-022	ses-103	task-s5	1;2;3	5;5;5
840	841	840	841	3	3	trialwise	690;2524;4277	690;2524;4277	5;16;27	55;121;106	sub-022_ses-103_task-s5;sub-022_ses-203_task-s5;sub-022_ses-302_task-s5	690	5	55	sub-022	ses-103	task-s5	1;2;3	5;5;5
841	842	841	842	3	3	trialwise	1239;2963;4704	1239;2963;4704	8;19;30	130;86;59	sub-022_ses-104_task-s8;sub-022_ses-203_task-s8;sub-022_ses-305_task-s8	1239	8	130	sub-022	ses-104	task-s8	1;2;3	8;8;8
842	843	842	843	3	3	trialwise	861;2715;4474	861;2715;4474	6;17;28	68;154;145	sub-022_ses-103_task-s6;sub-022_ses-202_task-s6;sub-022_ses-303_task-s6	861	6	68	sub-022	ses-103	task-s6	1;2;3	6;6;6
843	844	843	844	3	3	trialwise	753;2456;4198	753;2456;4198	5;16;27	118;53;27	sub-022_ses-103_task-s5;sub-022_ses-203_task-s5;sub-022_ses-302_task-s5	753	5	118	sub-022	ses-103	task-s5	1;2;3	5;5;5
844	845	844	845	3	3	trialwise	1053;2801;4591	1053;2801;4591	7;18;29	102;82;104	sub-022_ses-104_task-s7;sub-022_ses-202_task-s7;sub-022_ses-303_task-s7	1053	7	102	sub-022	ses-104	task-s7	1;2;3	7;7;7
845	846	845	846	3	3	trialwise	1154;3032;4647	1154;3032;4647	8;19;30	45;155;2	sub-022_ses-104_task-s8;sub-022_ses-203_task-s8;sub-022_ses-305_task-s8	1154	8	45	sub-022	ses-104	task-s8	1;2;3	8;8;8
846	847	846	847	3	3	trialwise	590;2335;4103	590;2335;4103	4;15;26	114;91;91	sub-022_ses-102_task-s4;sub-022_ses-202_task-s4;sub-022_ses-302_task-s4	590	4	114	sub-022	ses-102	task-s4	1;2;3	4;4;4
847	848	847	848	3	3	trialwise	38;1809;3648	38;1809;3648	1;12;23	39;42;113	sub-022_ses-101_task-s1;sub-022_ses-201_task-s1;sub-022_ses-301_task-s1	38	1	39	sub-022	ses-101	task-s1	1;2;3	1;1;1
848	849	848	849	3	3	trialwise	53;1869;3666	53;1869;3666	1;12;23	54;102;131	sub-022_ses-101_task-s1;sub-022_ses-201_task-s1;sub-022_ses-301_task-s1	53	1	54	sub-022	ses-101	task-s1	1;2;3	1;1;1
849	850	849	850	3	3	trialwise	17;1807;3663	17;1807;3663	1;12;23	18;40;128	sub-022_ses-101_task-s1;sub-022_ses-201_task-s1;sub-022_ses-301_task-s1	17	1	18	sub-022	ses-101	task-s1	1;2;3	1;1;1
850	851	850	851	3	3	trialwise	576;2318;4086	576;2318;4086	4;15;26	100;74;74	sub-022_ses-102_task-s4;sub-022_ses-202_task-s4;sub-022_ses-302_task-s4	576	4	100	sub-022	ses-102	task-s4	1;2;3	4;4;4
851	852	851	852	3	3	trialwise	865;2598;4351	865;2598;4351	6;17;28	72;37;22	sub-022_ses-103_task-s6;sub-022_ses-202_task-s6;sub-022_ses-303_task-s6	865	6	72	sub-022	ses-103	task-s6	1;2;3	6;6;6
852	853	852	853	3	3	trialwise	872;2600;4448	872;2600;4448	6;17;28	79;39;119	sub-022_ses-103_task-s6;sub-022_ses-202_task-s6;sub-022_ses-303_task-s6	872	6	79	sub-022	ses-103	task-s6	1;2;3	6;6;6
853	854	853	854	3	3	trialwise	752;2485;4226	752;2485;4226	5;16;27	117;82;55	sub-022_ses-103_task-s5;sub-022_ses-203_task-s5;sub-022_ses-302_task-s5	752	5	117	sub-022	ses-103	task-s5	1;2;3	5;5;5
854	855	854	855	3	3	trialwise	1151;2994;4653	1151;2994;4653	8;19;30	42;117;8	sub-022_ses-104_task-s8;sub-022_ses-203_task-s8;sub-022_ses-305_task-s8	1151	8	42	sub-022	ses-104	task-s8	1;2;3	8;8;8
855	856	855	856	3	3	trialwise	1030;2777;4534	1030;2777;4534	7;18;29	79;58;47	sub-022_ses-104_task-s7;sub-022_ses-202_task-s7;sub-022_ses-303_task-s7	1030	7	79	sub-022	ses-104	task-s7	1;2;3	7;7;7
856	857	856	857	3	3	trialwise	500;2246;4014	500;2246;4014	4;15;26	24;2;2	sub-022_ses-102_task-s4;sub-022_ses-202_task-s4;sub-022_ses-302_task-s4	500	4	24	sub-022	ses-102	task-s4	1;2;3	4;4;4
857	858	857	858	3	3	trialwise	1013;2820;4630	1013;2820;4630	7;18;29	62;101;143	sub-022_ses-104_task-s7;sub-022_ses-202_task-s7;sub-022_ses-303_task-s7	1013	7	62	sub-022	ses-104	task-s7	1;2;3	7;7;7
858	859	858	859	3	3	trialwise	191;2017;3818	191;2017;3818	2;13;24	33;91;124	sub-022_ses-102_task-s2;sub-022_ses-201_task-s2;sub-022_ses-301_task-s2	191	2	33	sub-022	ses-102	task-s2	1;2;3	2;2;2
859	860	859	860	3	3	trialwise	631;2299;4067	631;2299;4067	4;15;26	155;55;55	sub-022_ses-102_task-s4;sub-022_ses-202_task-s4;sub-022_ses-302_task-s4	631	4	155	sub-022	ses-102	task-s4	1;2;3	4;4;4
860	861	860	861	3	3	trialwise	671;2434;4213	671;2434;4213	5;16;27	36;31;42	sub-022_ses-103_task-s5;sub-022_ses-203_task-s5;sub-022_ses-302_task-s5	671	5	36	sub-022	ses-103	task-s5	1;2;3	5;5;5
861	862	861	862	3	3	trialwise	841;2710;4342	841;2710;4342	6;17;28	48;149;13	sub-022_ses-103_task-s6;sub-022_ses-202_task-s6;sub-022_ses-303_task-s6	841	6	48	sub-022	ses-103	task-s6	1;2;3	6;6;6
862	863	862	863	3	3	trialwise	1212;2951;4792	1212;2951;4792	8;19;30	103;74;147	sub-022_ses-104_task-s8;sub-022_ses-203_task-s8;sub-022_ses-305_task-s8	1212	8	103	sub-022	ses-104	task-s8	1;2;3	8;8;8
863	864	863	864	3	3	trialwise	1172;2908;4652	1172;2908;4652	8;19;30	63;31;7	sub-022_ses-104_task-s8;sub-022_ses-203_task-s8;sub-022_ses-305_task-s8	1172	8	63	sub-022	ses-104	task-s8	1;2;3	8;8;8
864	865	864	865	3	3	trialwise	399;2173;3890	399;2173;3890	3;14;25	82;88;37	sub-022_ses-102_task-s3;sub-022_ses-201_task-s3;sub-022_ses-301_task-s3	399	3	82	sub-022	ses-102	task-s3	1;2;3	3;3;3
865	866	865	866	3	3	trialwise	572;2273;4041	572;2273;4041	4;15;26	96;29;29	sub-022_ses-102_task-s4;sub-022_ses-202_task-s4;sub-022_ses-302_task-s4	572	4	96	sub-022	ses-102	task-s4	1;2;3	4;4;4
866	867	866	867	3	3	trialwise	276;1961;3820	276;1961;3820	2;13;24	118;35;126	sub-022_ses-102_task-s2;sub-022_ses-201_task-s2;sub-022_ses-301_task-s2	276	2	118	sub-022	ses-102	task-s2	1;2;3	2;2;2
867	868	867	868	3	3	trialwise	529;2366;4134	529;2366;4134	4;15;26	53;122;122	sub-022_ses-102_task-s4;sub-022_ses-202_task-s4;sub-022_ses-302_task-s4	529	4	53	sub-022	ses-102	task-s4	1;2;3	4;4;4
868	869	868	869	3	3	trialwise	990;2871;4622	990;2871;4622	7;18;29	39;152;135	sub-022_ses-104_task-s7;sub-022_ses-202_task-s7;sub-022_ses-303_task-s7	990	7	39	sub-022	ses-104	task-s7	1;2;3	7;7;7
869	870	869	870	3	3	trialwise	223;2004;3753	223;2004;3753	2;13;24	65;78;59	sub-022_ses-102_task-s2;sub-022_ses-201_task-s2;sub-022_ses-301_task-s2	223	2	65	sub-022	ses-102	task-s2	1;2;3	2;2;2
870	871	870	871	3	3	trialwise	331;2238;3966	331;2238;3966	3;14;25	14;153;113	sub-022_ses-102_task-s3;sub-022_ses-201_task-s3;sub-022_ses-301_task-s3	331	3	14	sub-022	ses-102	task-s3	1;2;3	3;3;3
871	872	871	872	3	3	trialwise	550;2297;4065	550;2297;4065	4;15;26	74;53;53	sub-022_ses-102_task-s4;sub-022_ses-202_task-s4;sub-022_ses-302_task-s4	550	4	74	sub-022	ses-102	task-s4	1;2;3	4;4;4
872	873	872	873	3	3	trialwise	1086;2823;4636	1086;2823;4636	7;18;29	135;104;149	sub-022_ses-104_task-s7;sub-022_ses-202_task-s7;sub-022_ses-303_task-s7	1086	7	135	sub-022	ses-104	task-s7	1;2;3	7;7;7
873	874	873	874	3	3	trialwise	653;2497;4327	653;2497;4327	5;16;27	18;94;156	sub-022_ses-103_task-s5;sub-022_ses-203_task-s5;sub-022_ses-302_task-s5	653	5	18	sub-022	ses-103	task-s5	1;2;3	5;5;5
874	875	874	875	3	3	trialwise	407;2095;3988	407;2095;3988	3;14;25	90;10;135	sub-022_ses-102_task-s3;sub-022_ses-201_task-s3;sub-022_ses-301_task-s3	407	3	90	sub-022	ses-102	task-s3	1;2;3	3;3;3
875	876	875	876	3	3	trialwise	121;1784;3689	121;1784;3689	1;12;23	122;17;154	sub-022_ses-101_task-s1;sub-022_ses-201_task-s1;sub-022_ses-301_task-s1	121	1	122	sub-022	ses-101	task-s1	1;2;3	1;1;1
876	877	876	877	3	3	trialwise	1035;2863;4640	1035;2863;4640	7;18;29	84;144;153	sub-022_ses-104_task-s7;sub-022_ses-202_task-s7;sub-022_ses-303_task-s7	1035	7	84	sub-022	ses-104	task-s7	1;2;3	7;7;7
877	878	877	878	3	3	trialwise	63;1889;3682	63;1889;3682	1;12;23	64;122;147	sub-022_ses-101_task-s1;sub-022_ses-201_task-s1;sub-022_ses-301_task-s1	63	1	64	sub-022	ses-101	task-s1	1;2;3	1;1;1
878	879	878	879	3	3	trialwise	219;2038;3824	219;2038;3824	2;13;24	61;112;130	sub-022_ses-102_task-s2;sub-022_ses-201_task-s2;sub-022_ses-301_task-s2	219	2	61	sub-022	ses-102	task-s2	1;2;3	2;2;2
879	880	879	880	3	3	trialwise	311;1993;3833	311;1993;3833	2;13;24	153;67;139	sub-022_ses-102_task-s2;sub-022_ses-201_task-s2;sub-022_ses-301_task-s2	311	2	153	sub-022	ses-102	task-s2	1;2;3	2;2;2
880	881	880	881	3	3	trialwise	786;2450;4295	786;2450;4295	5;16;27	151;47;124	sub-022_ses-103_task-s5;sub-022_ses-203_task-s5;sub-022_ses-302_task-s5	786	5	151	sub-022	ses-103	task-s5	1;2;3	5;5;5
881	882	881	882	3	3	trialwise	401;2179;3960	401;2179;3960	3;14;25	84;94;107	sub-022_ses-102_task-s3;sub-022_ses-201_task-s3;sub-022_ses-301_task-s3	401	3	84	sub-022	ses-102	task-s3	1;2;3	3;3;3
882	883	882	883	3	3	trialwise	620;2327;4095	620;2327;4095	4;15;26	144;83;83	sub-022_ses-102_task-s4;sub-022_ses-202_task-s4;sub-022_ses-302_task-s4	620	4	144	sub-022	ses-102	task-s4	1;2;3	4;4;4
883	884	883	884	3	3	trialwise	743;2502;4290	743;2502;4290	5;16;27	108;99;119	sub-022_ses-103_task-s5;sub-022_ses-203_task-s5;sub-022_ses-302_task-s5	743	5	108	sub-022	ses-103	task-s5	1;2;3	5;5;5
884	885	884	885	3	3	trialwise	218;2068;3761	218;2068;3761	2;13;24	60;142;67	sub-022_ses-102_task-s2;sub-022_ses-201_task-s2;sub-022_ses-301_task-s2	218	2	60	sub-022	ses-102	task-s2	1;2;3	2;2;2
885	886	885	886	3	3	trialwise	102;1802;3651	102;1802;3651	1;12;23	103;35;116	sub-022_ses-101_task-s1;sub-022_ses-201_task-s1;sub-022_ses-301_task-s1	102	1	103	sub-022	ses-101	task-s1	1;2;3	1;1;1
886	887	886	887	3	3	trialwise	486;2275;4043	486;2275;4043	4;15;26	10;31;31	sub-022_ses-102_task-s4;sub-022_ses-202_task-s4;sub-022_ses-302_task-s4	486	4	10	sub-022	ses-102	task-s4	1;2;3	4;4;4
887	888	887	888	3	3	trialwise	713;2508;4205	713;2508;4205	5;16;27	78;105;34	sub-022_ses-103_task-s5;sub-022_ses-203_task-s5;sub-022_ses-302_task-s5	713	5	78	sub-022	ses-103	task-s5	1;2;3	5;5;5
888	889	888	889	3	3	trialwise	563;2339;4107	563;2339;4107	4;15;26	87;95;95	sub-022_ses-102_task-s4;sub-022_ses-202_task-s4;sub-022_ses-302_task-s4	563	4	87	sub-022	ses-102	task-s4	1;2;3	4;4;4
889	890	889	890	3	3	trialwise	61;1808;3636	61;1808;3636	1;12;23	62;41;101	sub-022_ses-101_task-s1;sub-022_ses-201_task-s1;sub-022_ses-301_task-s1	61	1	62	sub-022	ses-101	task-s1	1;2;3	1;1;1
890	891	890	891	3	3	trialwise	884;2676;4441	884;2676;4441	6;17;28	91;115;112	sub-022_ses-103_task-s6;sub-022_ses-202_task-s6;sub-022_ses-303_task-s6	884	6	91	sub-022	ses-103	task-s6	1;2;3	6;6;6
891	892	891	892	3	3	trialwise	105;1875;3552	105;1875;3552	1;12;23	106;108;17	sub-022_ses-101_task-s1;sub-022_ses-201_task-s1;sub-022_ses-301_task-s1	105	1	106	sub-022	ses-101	task-s1	1;2;3	1;1;1
892	893	892	893	3	3	trialwise	431;2122;3970	431;2122;3970	3;14;25	114;37;117	sub-022_ses-102_task-s3;sub-022_ses-201_task-s3;sub-022_ses-301_task-s3	431	3	114	sub-022	ses-102	task-s3	1;2;3	3;3;3
893	894	893	894	3	3	trialwise	1183;3010;4733	1183;3010;4733	8;19;30	74;133;88	sub-022_ses-104_task-s8;sub-022_ses-203_task-s8;sub-022_ses-305_task-s8	1183	8	74	sub-022	ses-104	task-s8	1;2;3	8;8;8
894	895	894	895	3	3	trialwise	810;2637;4487	810;2637;4487	6;17;28	17;76;158	sub-022_ses-103_task-s6;sub-022_ses-202_task-s6;sub-022_ses-303_task-s6	810	6	17	sub-022	ses-103	task-s6	1;2;3	6;6;6
895	896	895	896	3	3	trialwise	40;1858;3555	40;1858;3555	1;12;23	41;91;20	sub-022_ses-101_task-s1;sub-022_ses-201_task-s1;sub-022_ses-301_task-s1	40	1	41	sub-022	ses-101	task-s1	1;2;3	1;1;1
896	897	896	897	3	3	trialwise	1103;2864;4637	1103;2864;4637	7;18;29	152;145;150	sub-022_ses-104_task-s7;sub-022_ses-202_task-s7;sub-022_ses-303_task-s7	1103	7	152	sub-022	ses-104	task-s7	1;2;3	7;7;7
897	898	897	898	3	3	trialwise	473;2101;3930	473;2101;3930	3;14;25	156;16;77	sub-022_ses-102_task-s3;sub-022_ses-201_task-s3;sub-022_ses-301_task-s3	473	3	156	sub-022	ses-102	task-s3	1;2;3	3;3;3
898	899	898	899	3	3	trialwise	1177;2893;4768	1177;2893;4768	8;19;30	68;16;123	sub-022_ses-104_task-s8;sub-022_ses-203_task-s8;sub-022_ses-305_task-s8	1177	8	68	sub-022	ses-104	task-s8	1;2;3	8;8;8
899	900	899	900	3	3	trialwise	794;2611;4364	794;2611;4364	6;17;28	1;50;35	sub-022_ses-103_task-s6;sub-022_ses-202_task-s6;sub-022_ses-303_task-s6	794	6	1	sub-022	ses-103	task-s6	1;2;3	6;6;6
900	901	900	901	3	3	trialwise	875;2698;4337	875;2698;4337	6;17;28	82;137;8	sub-022_ses-103_task-s6;sub-022_ses-202_task-s6;sub-022_ses-303_task-s6	875	6	82	sub-022	ses-103	task-s6	1;2;3	6;6;6
901	902	901	902	3	3	trialwise	130;1826;3643	130;1826;3643	1;12;23	131;59;108	sub-022_ses-101_task-s1;sub-022_ses-201_task-s1;sub-022_ses-301_task-s1	130	1	131	sub-022	ses-101	task-s1	1;2;3	1;1;1
902	903	902	903	3	3	trialwise	664;2514;4320	664;2514;4320	5;16;27	29;111;149	sub-022_ses-103_task-s5;sub-022_ses-203_task-s5;sub-022_ses-302_task-s5	664	5	29	sub-022	ses-103	task-s5	1;2;3	5;5;5
903	904	903	904	3	3	trialwise	1189;2982;4781	1189;2982;4781	8;19;30	80;105;136	sub-022_ses-104_task-s8;sub-022_ses-203_task-s8;sub-022_ses-305_task-s8	1189	8	80	sub-022	ses-104	task-s8	1;2;3	8;8;8
904	905	904	905	3	3	trialwise	747;2475;4264	747;2475;4264	5;16;27	112;72;93	sub-022_ses-103_task-s5;sub-022_ses-203_task-s5;sub-022_ses-302_task-s5	747	5	112	sub-022	ses-103	task-s5	1;2;3	5;5;5
905	906	905	906	3	3	trialwise	675;2415;4322	675;2415;4322	5;16;27	40;12;151	sub-022_ses-103_task-s5;sub-022_ses-203_task-s5;sub-022_ses-302_task-s5	675	5	40	sub-022	ses-103	task-s5	1;2;3	5;5;5
906	907	906	907	3	3	trialwise	947;2660;4362	947;2660;4362	6;17;28	154;99;33	sub-022_ses-103_task-s6;sub-022_ses-202_task-s6;sub-022_ses-303_task-s6	947	6	154	sub-022	ses-103	task-s6	1;2;3	6;6;6
907	908	907	908	3	3	trialwise	479;2291;4059	479;2291;4059	4;15;26	3;47;47	sub-022_ses-102_task-s4;sub-022_ses-202_task-s4;sub-022_ses-302_task-s4	479	4	3	sub-022	ses-102	task-s4	1;2;3	4;4;4
908	909	908	909	3	3	trialwise	1115;2912;4685	1115;2912;4685	8;19;30	6;35;40	sub-022_ses-104_task-s8;sub-022_ses-203_task-s8;sub-022_ses-305_task-s8	1115	8	6	sub-022	ses-104	task-s8	1;2;3	8;8;8
909	910	909	910	3	3	trialwise	1128;2950;4776	1128;2950;4776	8;19;30	19;73;131	sub-022_ses-104_task-s8;sub-022_ses-203_task-s8;sub-022_ses-305_task-s8	1128	8	19	sub-022	ses-104	task-s8	1;2;3	8;8;8
910	911	910	911	3	3	trialwise	234;1957;3709	234;1957;3709	2;13;24	76;31;15	sub-022_ses-102_task-s2;sub-022_ses-201_task-s2;sub-022_ses-301_task-s2	234	2	76	sub-022	ses-102	task-s2	1;2;3	2;2;2
911	912	911	912	3	3	trialwise	375;2128;3927	375;2128;3927	3;14;25	58;43;74	sub-022_ses-102_task-s3;sub-022_ses-201_task-s3;sub-022_ses-301_task-s3	375	3	58	sub-022	ses-102	task-s3	1;2;3	3;3;3
912	913	912	913	3	3	trialwise	1131;3002;4729	1131;3002;4729	8;19;30	22;125;84	sub-022_ses-104_task-s8;sub-022_ses-203_task-s8;sub-022_ses-305_task-s8	1131	8	22	sub-022	ses-104	task-s8	1;2;3	8;8;8
913	914	913	914	3	3	trialwise	1256;2986;4764	1256;2986;4764	8;19;30	147;109;119	sub-022_ses-104_task-s8;sub-022_ses-203_task-s8;sub-022_ses-305_task-s8	1256	8	147	sub-022	ses-104	task-s8	1;2;3	8;8;8
914	915	914	915	3	3	trialwise	207;2031;3713	207;2031;3713	2;13;24	49;105;19	sub-022_ses-102_task-s2;sub-022_ses-201_task-s2;sub-022_ses-301_task-s2	207	2	49	sub-022	ses-102	task-s2	1;2;3	2;2;2
915	916	915	916	3	3	trialwise	1204;3023;4765	1204;3023;4765	8;19;30	95;146;120	sub-022_ses-104_task-s8;sub-022_ses-203_task-s8;sub-022_ses-305_task-s8	1204	8	95	sub-022	ses-104	task-s8	1;2;3	8;8;8
916	917	916	917	3	3	trialwise	1129;2932;4769	1129;2932;4769	8;19;30	20;55;124	sub-022_ses-104_task-s8;sub-022_ses-203_task-s8;sub-022_ses-305_task-s8	1129	8	20	sub-022	ses-104	task-s8	1;2;3	8;8;8
917	918	917	918	3	3	trialwise	543;2344;4112	543;2344;4112	4;15;26	67;100;100	sub-022_ses-102_task-s4;sub-022_ses-202_task-s4;sub-022_ses-302_task-s4	543	4	67	sub-022	ses-102	task-s4	1;2;3	4;4;4
918	919	918	919	3	3	trialwise	492;2350;4118	492;2350;4118	4;15;26	16;106;106	sub-022_ses-102_task-s4;sub-022_ses-202_task-s4;sub-022_ses-302_task-s4	492	4	16	sub-022	ses-102	task-s4	1;2;3	4;4;4
919	920	919	920	3	3	trialwise	119;1828;3659	119;1828;3659	1;12;23	120;61;124	sub-022_ses-101_task-s1;sub-022_ses-201_task-s1;sub-022_ses-301_task-s1	119	1	120	sub-022	ses-101	task-s1	1;2;3	1;1;1
920	921	920	921	3	3	trialwise	1143;2980;4727	1143;2980;4727	8;19;30	34;103;82	sub-022_ses-104_task-s8;sub-022_ses-203_task-s8;sub-022_ses-305_task-s8	1143	8	34	sub-022	ses-104	task-s8	1;2;3	8;8;8
921	922	921	922	3	3	trialwise	926;2675;4375	926;2675;4375	6;17;28	133;114;46	sub-022_ses-103_task-s6;sub-022_ses-202_task-s6;sub-022_ses-303_task-s6	926	6	133	sub-022	ses-103	task-s6	1;2;3	6;6;6
922	923	922	923	3	3	trialwise	1124;2894;4770	1124;2894;4770	8;19;30	15;17;125	sub-022_ses-104_task-s8;sub-022_ses-203_task-s8;sub-022_ses-305_task-s8	1124	8	15	sub-022	ses-104	task-s8	1;2;3	8;8;8
923	924	923	924	3	3	trialwise	323;2107;3928	323;2107;3928	3;14;25	6;22;75	sub-022_ses-102_task-s3;sub-022_ses-201_task-s3;sub-022_ses-301_task-s3	323	3	6	sub-022	ses-102	task-s3	1;2;3	3;3;3
924	925	924	925	3	3	trialwise	86;1885;3633	86;1885;3633	1;12;23	87;118;98	sub-022_ses-101_task-s1;sub-022_ses-201_task-s1;sub-022_ses-301_task-s1	86	1	87	sub-022	ses-101	task-s1	1;2;3	1;1;1
925	926	925	926	3	3	trialwise	440;2161;3907	440;2161;3907	3;14;25	123;76;54	sub-022_ses-102_task-s3;sub-022_ses-201_task-s3;sub-022_ses-301_task-s3	440	3	123	sub-022	ses-102	task-s3	1;2;3	3;3;3
926	927	926	927	3	3	trialwise	942;2589;4361	942;2589;4361	6;17;28	149;28;32	sub-022_ses-103_task-s6;sub-022_ses-202_task-s6;sub-022_ses-303_task-s6	942	6	149	sub-022	ses-103	task-s6	1;2;3	6;6;6
927	928	927	928	3	3	trialwise	453;2136;4002	453;2136;4002	3;14;25	136;51;149	sub-022_ses-102_task-s3;sub-022_ses-201_task-s3;sub-022_ses-301_task-s3	453	3	136	sub-022	ses-102	task-s3	1;2;3	3;3;3
928	929	928	929	3	3	trialwise	501;2356;4124	501;2356;4124	4;15;26	25;112;112	sub-022_ses-102_task-s4;sub-022_ses-202_task-s4;sub-022_ses-302_task-s4	501	4	25	sub-022	ses-102	task-s4	1;2;3	4;4;4
929	930	929	930	3	3	trialwise	215;2040;3712	215;2040;3712	2;13;24	57;114;18	sub-022_ses-102_task-s2;sub-022_ses-201_task-s2;sub-022_ses-301_task-s2	215	2	57	sub-022	ses-102	task-s2	1;2;3	2;2;2
930	931	930	931	3	3	trialwise	925;2696;4397	925;2696;4397	6;17;28	132;135;68	sub-022_ses-103_task-s6;sub-022_ses-202_task-s6;sub-022_ses-303_task-s6	925	6	132	sub-022	ses-103	task-s6	1;2;3	6;6;6
931	932	931	932	3	3	trialwise	734;2441;4317	734;2441;4317	5;16;27	99;38;146	sub-022_ses-103_task-s5;sub-022_ses-203_task-s5;sub-022_ses-302_task-s5	734	5	99	sub-022	ses-103	task-s5	1;2;3	5;5;5
932	933	932	933	3	3	trialwise	696;2544;4280	696;2544;4280	5;16;27	61;141;109	sub-022_ses-103_task-s5;sub-022_ses-203_task-s5;sub-022_ses-302_task-s5	696	5	61	sub-022	ses-103	task-s5	1;2;3	5;5;5
933	934	933	934	3	3	trialwise	578;2317;4085	578;2317;4085	4;15;26	102;73;73	sub-022_ses-102_task-s4;sub-022_ses-202_task-s4;sub-022_ses-302_task-s4	578	4	102	sub-022	ses-102	task-s4	1;2;3	4;4;4
934	935	934	935	3	3	trialwise	248;2058;3736	248;2058;3736	2;13;24	90;132;42	sub-022_ses-102_task-s2;sub-022_ses-201_task-s2;sub-022_ses-301_task-s2	248	2	90	sub-022	ses-102	task-s2	1;2;3	2;2;2
935	936	935	936	3	3	trialwise	308;2020;3732	308;2020;3732	2;13;24	150;94;38	sub-022_ses-102_task-s2;sub-022_ses-201_task-s2;sub-022_ses-301_task-s2	308	2	150	sub-022	ses-102	task-s2	1;2;3	2;2;2
936	937	936	937	3	3	trialwise	298;2066;3830	298;2066;3830	2;13;24	140;140;136	sub-022_ses-102_task-s2;sub-022_ses-201_task-s2;sub-022_ses-301_task-s2	298	2	140	sub-022	ses-102	task-s2	1;2;3	2;2;2
937	938	937	938	3	3	trialwise	1043;2866;4505	1043;2866;4505	7;18;29	92;147;18	sub-022_ses-104_task-s7;sub-022_ses-202_task-s7;sub-022_ses-303_task-s7	1043	7	92	sub-022	ses-104	task-s7	1;2;3	7;7;7
938	939	938	939	3	3	trialwise	1095;2833;4528	1095;2833;4528	7;18;29	144;114;41	sub-022_ses-104_task-s7;sub-022_ses-202_task-s7;sub-022_ses-303_task-s7	1095	7	144	sub-022	ses-104	task-s7	1;2;3	7;7;7
939	940	939	940	3	3	trialwise	593;2256;4024	593;2256;4024	4;15;26	117;12;12	sub-022_ses-102_task-s4;sub-022_ses-202_task-s4;sub-022_ses-302_task-s4	593	4	117	sub-022	ses-102	task-s4	1;2;3	4;4;4
940	941	940	941	3	3	trialwise	203;2064;3808	203;2064;3808	2;13;24	45;138;114	sub-022_ses-102_task-s2;sub-022_ses-201_task-s2;sub-022_ses-301_task-s2	203	2	45	sub-022	ses-102	task-s2	1;2;3	2;2;2
941	942	941	942	3	3	trialwise	614;2282;4050	614;2282;4050	4;15;26	138;38;38	sub-022_ses-102_task-s4;sub-022_ses-202_task-s4;sub-022_ses-302_task-s4	614	4	138	sub-022	ses-102	task-s4	1;2;3	4;4;4
942	943	942	943	3	3	trialwise	1138;2973;4649	1138;2973;4649	8;19;30	29;96;4	sub-022_ses-104_task-s8;sub-022_ses-203_task-s8;sub-022_ses-305_task-s8	1138	8	29	sub-022	ses-104	task-s8	1;2;3	8;8;8
943	944	943	944	3	3	trialwise	636;2430;4185	636;2430;4185	5;16;27	1;27;14	sub-022_ses-103_task-s5;sub-022_ses-203_task-s5;sub-022_ses-302_task-s5	636	5	1	sub-022	ses-103	task-s5	1;2;3	5;5;5
944	945	944	945	3	3	trialwise	628;2386;4154	628;2386;4154	4;15;26	152;142;142	sub-022_ses-102_task-s4;sub-022_ses-202_task-s4;sub-022_ses-302_task-s4	628	4	152	sub-022	ses-102	task-s4	1;2;3	4;4;4
945	946	945	946	3	3	trialwise	840;2709;4333	840;2709;4333	6;17;28	47;148;4	sub-022_ses-103_task-s6;sub-022_ses-202_task-s6;sub-022_ses-303_task-s6	840	6	47	sub-022	ses-103	task-s6	1;2;3	6;6;6
946	947	946	947	3	3	trialwise	186;1973;3805	186;1973;3805	2;13;24	28;47;111	sub-022_ses-102_task-s2;sub-022_ses-201_task-s2;sub-022_ses-301_task-s2	186	2	28	sub-022	ses-102	task-s2	1;2;3	2;2;2
947	948	947	948	3	3	trialwise	1070;2862;4597	1070;2862;4597	7;18;29	119;143;110	sub-022_ses-104_task-s7;sub-022_ses-202_task-s7;sub-022_ses-303_task-s7	1070	7	119	sub-022	ses-104	task-s7	1;2;3	7;7;7
948	949	948	949	3	3	trialwise	619;2271;4039	619;2271;4039	4;15;26	143;27;27	sub-022_ses-102_task-s4;sub-022_ses-202_task-s4;sub-022_ses-302_task-s4	619	4	143	sub-022	ses-102	task-s4	1;2;3	4;4;4
949	950	949	950	3	3	trialwise	326;2170;3895	326;2170;3895	3;14;25	9;85;42	sub-022_ses-102_task-s3;sub-022_ses-201_task-s3;sub-022_ses-301_task-s3	326	3	9	sub-022	ses-102	task-s3	1;2;3	3;3;3
950	951	950	951	3	3	trialwise	706;2532;4316	706;2532;4316	5;16;27	71;129;145	sub-022_ses-103_task-s5;sub-022_ses-203_task-s5;sub-022_ses-302_task-s5	706	5	71	sub-022	ses-103	task-s5	1;2;3	5;5;5
951	952	951	952	3	3	trialwise	504;2374;4142	504;2374;4142	4;15;26	28;130;130	sub-022_ses-102_task-s4;sub-022_ses-202_task-s4;sub-022_ses-302_task-s4	504	4	28	sub-022	ses-102	task-s4	1;2;3	4;4;4
952	953	952	953	3	3	trialwise	759;2487;4232	759;2487;4232	5;16;27	124;84;61	sub-022_ses-103_task-s5;sub-022_ses-203_task-s5;sub-022_ses-302_task-s5	759	5	124	sub-022	ses-103	task-s5	1;2;3	5;5;5
953	954	953	954	3	3	trialwise	271;2069;3714	271;2069;3714	2;13;24	113;143;20	sub-022_ses-102_task-s2;sub-022_ses-201_task-s2;sub-022_ses-301_task-s2	271	2	113	sub-022	ses-102	task-s2	1;2;3	2;2;2
954	955	954	955	3	3	trialwise	1114;2958;4730	1114;2958;4730	8;19;30	5;81;85	sub-022_ses-104_task-s8;sub-022_ses-203_task-s8;sub-022_ses-305_task-s8	1114	8	5	sub-022	ses-104	task-s8	1;2;3	8;8;8
955	956	955	956	3	3	trialwise	1142;2959;4790	1142;2959;4790	8;19;30	33;82;145	sub-022_ses-104_task-s8;sub-022_ses-203_task-s8;sub-022_ses-305_task-s8	1142	8	33	sub-022	ses-104	task-s8	1;2;3	8;8;8
956	957	956	957	3	3	trialwise	731;2561;4273	731;2561;4273	5;16;27	96;158;102	sub-022_ses-103_task-s5;sub-022_ses-203_task-s5;sub-022_ses-302_task-s5	731	5	96	sub-022	ses-103	task-s5	1;2;3	5;5;5
957	958	957	958	3	3	trialwise	136;1823;3665	136;1823;3665	1;12;23	137;56;130	sub-022_ses-101_task-s1;sub-022_ses-201_task-s1;sub-022_ses-301_task-s1	136	1	137	sub-022	ses-101	task-s1	1;2;3	1;1;1
958	959	958	959	3	3	trialwise	260;2062;3747	260;2062;3747	2;13;24	102;136;53	sub-022_ses-102_task-s2;sub-022_ses-201_task-s2;sub-022_ses-301_task-s2	260	2	102	sub-022	ses-102	task-s2	1;2;3	2;2;2
959	960	959	960	3	3	trialwise	1220;2902;4675	1220;2902;4675	8;19;30	111;25;30	sub-022_ses-104_task-s8;sub-022_ses-203_task-s8;sub-022_ses-305_task-s8	1220	8	111	sub-022	ses-104	task-s8	1;2;3	8;8;8
960	961	960	961	3	3	trialwise	589;2329;4097	589;2329;4097	4;15;26	113;85;85	sub-022_ses-102_task-s4;sub-022_ses-202_task-s4;sub-022_ses-302_task-s4	589	4	113	sub-022	ses-102	task-s4	1;2;3	4;4;4
961	962	961	962	3	3	trialwise	208;2022;3781	208;2022;3781	2;13;24	50;96;87	sub-022_ses-102_task-s2;sub-022_ses-201_task-s2;sub-022_ses-301_task-s2	208	2	50	sub-022	ses-102	task-s2	1;2;3	2;2;2
962	963	962	963	3	3	trialwise	774;2414;4315	774;2414;4315	5;16;27	139;11;144	sub-022_ses-103_task-s5;sub-022_ses-203_task-s5;sub-022_ses-302_task-s5	774	5	139	sub-022	ses-103	task-s5	1;2;3	5;5;5
963	964	963	964	3	3	trialwise	891;2640;4394	891;2640;4394	6;17;28	98;79;65	sub-022_ses-103_task-s6;sub-022_ses-202_task-s6;sub-022_ses-303_task-s6	891	6	98	sub-022	ses-103	task-s6	1;2;3	6;6;6
964	965	964	965	3	3	trialwise	405;2230;3957	405;2230;3957	3;14;25	88;145;104	sub-022_ses-102_task-s3;sub-022_ses-201_task-s3;sub-022_ses-301_task-s3	405	3	88	sub-022	ses-102	task-s3	1;2;3	3;3;3
965	966	965	966	3	3	trialwise	222;2003;3842	222;2003;3842	2;13;24	64;77;148	sub-022_ses-102_task-s2;sub-022_ses-201_task-s2;sub-022_ses-301_task-s2	222	2	64	sub-022	ses-102	task-s2	1;2;3	2;2;2
966	967	966	967	3	3	trialwise	717;2473;4239	717;2473;4239	5;16;27	82;70;68	sub-022_ses-103_task-s5;sub-022_ses-203_task-s5;sub-022_ses-302_task-s5	717	5	82	sub-022	ses-103	task-s5	1;2;3	5;5;5
967	968	967	968	3	3	trialwise	521;2403;4171	521;2403;4171	4;15;26	45;159;159	sub-022_ses-102_task-s4;sub-022_ses-202_task-s4;sub-022_ses-302_task-s4	521	4	45	sub-022	ses-102	task-s4	1;2;3	4;4;4
968	969	968	969	3	3	trialwise	566;2255;4023	566;2255;4023	4;15;26	90;11;11	sub-022_ses-102_task-s4;sub-022_ses-202_task-s4;sub-022_ses-302_task-s4	566	4	90	sub-022	ses-102	task-s4	1;2;3	4;4;4
969	970	969	970	3	3	trialwise	1034;2721;4508	1034;2721;4508	7;18;29	83;2;21	sub-022_ses-104_task-s7;sub-022_ses-202_task-s7;sub-022_ses-303_task-s7	1034	7	83	sub-022	ses-104	task-s7	1;2;3	7;7;7
970	971	970	971	3	3	trialwise	535;2315;4083	535;2315;4083	4;15;26	59;71;71	sub-022_ses-102_task-s4;sub-022_ses-202_task-s4;sub-022_ses-302_task-s4	535	4	59	sub-022	ses-102	task-s4	1;2;3	4;4;4
971	972	971	972	3	3	trialwise	892;2674;4425	892;2674;4425	6;17;28	99;113;96	sub-022_ses-103_task-s6;sub-022_ses-202_task-s6;sub-022_ses-303_task-s6	892	6	99	sub-022	ses-103	task-s6	1;2;3	6;6;6
972	973	972	973	3	3	trialwise	645;2419;4204	645;2419;4204	5;16;27	10;16;33	sub-022_ses-103_task-s5;sub-022_ses-203_task-s5;sub-022_ses-302_task-s5	645	5	10	sub-022	ses-103	task-s5	1;2;3	5;5;5
973	974	973	974	3	3	trialwise	427;2196;3929	427;2196;3929	3;14;25	110;111;76	sub-022_ses-102_task-s3;sub-022_ses-201_task-s3;sub-022_ses-301_task-s3	427	3	110	sub-022	ses-102	task-s3	1;2;3	3;3;3
974	975	974	975	3	3	trialwise	18;1913;3561	18;1913;3561	1;12;23	19;146;26	sub-022_ses-101_task-s1;sub-022_ses-201_task-s1;sub-022_ses-301_task-s1	18	1	19	sub-022	ses-101	task-s1	1;2;3	1;1;1
975	976	975	976	3	3	trialwise	562;2260;4028	562;2260;4028	4;15;26	86;16;16	sub-022_ses-102_task-s4;sub-022_ses-202_task-s4;sub-022_ses-302_task-s4	562	4	86	sub-022	ses-102	task-s4	1;2;3	4;4;4
976	977	976	977	3	3	trialwise	514;2400;4168	514;2400;4168	4;15;26	38;156;156	sub-022_ses-102_task-s4;sub-022_ses-202_task-s4;sub-022_ses-302_task-s4	514	4	38	sub-022	ses-102	task-s4	1;2;3	4;4;4
977	978	977	978	3	3	trialwise	91;1919;3591	91;1919;3591	1;12;23	92;152;56	sub-022_ses-101_task-s1;sub-022_ses-201_task-s1;sub-022_ses-301_task-s1	91	1	92	sub-022	ses-101	task-s1	1;2;3	1;1;1
978	979	978	979	3	3	trialwise	1117;2989;4734	1117;2989;4734	8;19;30	8;112;89	sub-022_ses-104_task-s8;sub-022_ses-203_task-s8;sub-022_ses-305_task-s8	1117	8	8	sub-022	ses-104	task-s8	1;2;3	8;8;8
979	980	979	980	3	3	trialwise	0;1832;3631	0;1832;3631	1;12;23	1;65;96	sub-022_ses-101_task-s1;sub-022_ses-201_task-s1;sub-022_ses-301_task-s1	0	1	1	sub-022	ses-101	task-s1	1;2;3	1;1;1
980	981	980	981	3	3	trialwise	43;1865;3650	43;1865;3650	1;12;23	44;98;115	sub-022_ses-101_task-s1;sub-022_ses-201_task-s1;sub-022_ses-301_task-s1	43	1	44	sub-022	ses-101	task-s1	1;2;3	1;1;1
981	982	981	982	3	3	trialwise	110;1787;3596	110;1787;3596	1;12;23	111;20;61	sub-022_ses-101_task-s1;sub-022_ses-201_task-s1;sub-022_ses-301_task-s1	110	1	111	sub-022	ses-101	task-s1	1;2;3	1;1;1
982	983	982	983	3	3	trialwise	729;2558;4262	729;2558;4262	5;16;27	94;155;91	sub-022_ses-103_task-s5;sub-022_ses-203_task-s5;sub-022_ses-302_task-s5	729	5	94	sub-022	ses-103	task-s5	1;2;3	5;5;5
983	984	983	984	3	3	trialwise	949;2629;4433	949;2629;4433	6;17;28	156;68;104	sub-022_ses-103_task-s6;sub-022_ses-202_task-s6;sub-022_ses-303_task-s6	949	6	156	sub-022	ses-103	task-s6	1;2;3	6;6;6
984	985	984	985	3	3	trialwise	388;2137;3977	388;2137;3977	3;14;25	71;52;124	sub-022_ses-102_task-s3;sub-022_ses-201_task-s3;sub-022_ses-301_task-s3	388	3	71	sub-022	ses-102	task-s3	1;2;3	3;3;3
985	986	985	986	3	3	trialwise	687;2404;4215	687;2404;4215	5;16;27	52;1;44	sub-022_ses-103_task-s5;sub-022_ses-203_task-s5;sub-022_ses-302_task-s5	687	5	52	sub-022	ses-103	task-s5	1;2;3	5;5;5
986	987	986	987	3	3	trialwise	516;2245;4013	516;2245;4013	4;15;26	40;1;1	sub-022_ses-102_task-s4;sub-022_ses-202_task-s4;sub-022_ses-302_task-s4	516	4	40	sub-022	ses-102	task-s4	1;2;3	4;4;4
987	988	987	988	3	3	trialwise	424;2155;4010	424;2155;4010	3;14;25	107;70;157	sub-022_ses-102_task-s3;sub-022_ses-201_task-s3;sub-022_ses-301_task-s3	424	3	107	sub-022	ses-102	task-s3	1;2;3	3;3;3
988	989	988	989	3	3	trialwise	909;2653;4463	909;2653;4463	6;17;28	116;92;134	sub-022_ses-103_task-s6;sub-022_ses-202_task-s6;sub-022_ses-303_task-s6	909	6	116	sub-022	ses-103	task-s6	1;2;3	6;6;6
989	990	989	990	3	3	trialwise	1024;2807;4631	1024;2807;4631	7;18;29	73;88;144	sub-022_ses-104_task-s7;sub-022_ses-202_task-s7;sub-022_ses-303_task-s7	1024	7	73	sub-022	ses-104	task-s7	1;2;3	7;7;7
990	991	990	991	3	3	trialwise	1209;3015;4802	1209;3015;4802	8;19;30	100;138;157	sub-022_ses-104_task-s8;sub-022_ses-203_task-s8;sub-022_ses-305_task-s8	1209	8	100	sub-022	ses-104	task-s8	1;2;3	8;8;8
991	992	991	992	3	3	trialwise	1218;3019;4772	1218;3019;4772	8;19;30	109;142;127	sub-022_ses-104_task-s8;sub-022_ses-203_task-s8;sub-022_ses-305_task-s8	1218	8	109	sub-022	ses-104	task-s8	1;2;3	8;8;8
992	993	992	993	3	3	trialwise	757;2521;4326	757;2521;4326	5;16;27	122;118;155	sub-022_ses-103_task-s5;sub-022_ses-203_task-s5;sub-022_ses-302_task-s5	757	5	122	sub-022	ses-103	task-s5	1;2;3	5;5;5
993	994	993	994	3	3	trialwise	866;2569;4391	866;2569;4391	6;17;28	73;8;62	sub-022_ses-103_task-s6;sub-022_ses-202_task-s6;sub-022_ses-303_task-s6	866	6	73	sub-022	ses-103	task-s6	1;2;3	6;6;6
994	995	994	995	3	3	trialwise	1094;2812;4506	1094;2812;4506	7;18;29	143;93;19	sub-022_ses-104_task-s7;sub-022_ses-202_task-s7;sub-022_ses-303_task-s7	1094	7	143	sub-022	ses-104	task-s7	1;2;3	7;7;7
995	996	995	996	3	3	trialwise	711;2530;4254	711;2530;4254	5;16;27	76;127;83	sub-022_ses-103_task-s5;sub-022_ses-203_task-s5;sub-022_ses-302_task-s5	711	5	76	sub-022	ses-103	task-s5	1;2;3	5;5;5
996	997	996	997	3	3	trialwise	1145;2956;4719	1145;2956;4719	8;19;30	36;79;74	sub-022_ses-104_task-s8;sub-022_ses-203_task-s8;sub-022_ses-305_task-s8	1145	8	36	sub-022	ses-104	task-s8	1;2;3	8;8;8
997	998	997	998	3	3	trialwise	443;2205;3983	443;2205;3983	3;14;25	126;120;130	sub-022_ses-102_task-s3;sub-022_ses-201_task-s3;sub-022_ses-301_task-s3	443	3	126	sub-022	ses-102	task-s3	1;2;3	3;3;3
998	999	998	999	3	3	trialwise	574;2363;4131	574;2363;4131	4;15;26	98;119;119	sub-022_ses-102_task-s4;sub-022_ses-202_task-s4;sub-022_ses-302_task-s4	574	4	98	sub-022	ses-102	task-s4	1;2;3	4;4;4
999	1000	999	1000	3	3	trialwise	1093;2727;4539	1093;2727;4539	7;18;29	142;8;52	sub-022_ses-104_task-s7;sub-022_ses-202_task-s7;sub-022_ses-303_task-s7	1093	7	142	sub-022	ses-104	task-s7	1;2;3	7;7;7
1000	1001	1000	1001	3	3	trialwise	538;2372;4140	538;2372;4140	4;15;26	62;128;128	sub-022_ses-102_task-s4;sub-022_ses-202_task-s4;sub-022_ses-302_task-s4	538	4	62	sub-022	ses-102	task-s4	1;2;3	4;4;4
1001	1002	1001	1002	3	3	trialwise	1062;2768;4538	1062;2768;4538	7;18;29	111;49;51	sub-022_ses-104_task-s7;sub-022_ses-202_task-s7;sub-022_ses-303_task-s7	1062	7	111	sub-022	ses-104	task-s7	1;2;3	7;7;7
1002	1003	1002	1003	3	3	trialwise	460;2154;3869	460;2154;3869	3;14;25	143;69;16	sub-022_ses-102_task-s3;sub-022_ses-201_task-s3;sub-022_ses-301_task-s3	460	3	143	sub-022	ses-102	task-s3	1;2;3	3;3;3
1003	1004	1003	1004	3	3	trialwise	588;2379;4147	588;2379;4147	4;15;26	112;135;135	sub-022_ses-102_task-s4;sub-022_ses-202_task-s4;sub-022_ses-302_task-s4	588	4	112	sub-022	ses-102	task-s4	1;2;3	4;4;4
1004	1005	1004	1005	3	3	trialwise	946;2700;4439	946;2700;4439	6;17;28	153;139;110	sub-022_ses-103_task-s6;sub-022_ses-202_task-s6;sub-022_ses-303_task-s6	946	6	153	sub-022	ses-103	task-s6	1;2;3	6;6;6
1005	1006	1005	1006	3	3	trialwise	477;2257;4025	477;2257;4025	4;15;26	1;13;13	sub-022_ses-102_task-s4;sub-022_ses-202_task-s4;sub-022_ses-302_task-s4	477	4	1	sub-022	ses-102	task-s4	1;2;3	4;4;4
1006	1007	1006	1007	3	3	trialwise	672;2537;4304	672;2537;4304	5;16;27	37;134;133	sub-022_ses-103_task-s5;sub-022_ses-203_task-s5;sub-022_ses-302_task-s5	672	5	37	sub-022	ses-103	task-s5	1;2;3	5;5;5
1007	1008	1007	1008	3	3	trialwise	403;2171;3905	403;2171;3905	3;14;25	86;86;52	sub-022_ses-102_task-s3;sub-022_ses-201_task-s3;sub-022_ses-301_task-s3	403	3	86	sub-022	ses-102	task-s3	1;2;3	3;3;3
1008	1009	1008	1009	3	3	trialwise	519;2309;4077	519;2309;4077	4;15;26	43;65;65	sub-022_ses-102_task-s4;sub-022_ses-202_task-s4;sub-022_ses-302_task-s4	519	4	43	sub-022	ses-102	task-s4	1;2;3	4;4;4
1009	1010	1009	1010	3	3	trialwise	113;1815;3595	113;1815;3595	1;12;23	114;48;60	sub-022_ses-101_task-s1;sub-022_ses-201_task-s1;sub-022_ses-301_task-s1	113	1	114	sub-022	ses-101	task-s1	1;2;3	1;1;1
1010	1011	1010	1011	3	3	trialwise	1001;2799;4588	1001;2799;4588	7;18;29	50;80;101	sub-022_ses-104_task-s7;sub-022_ses-202_task-s7;sub-022_ses-303_task-s7	1001	7	50	sub-022	ses-104	task-s7	1;2;3	7;7;7
1011	1012	1011	1012	3	3	trialwise	766;2416;4250	766;2416;4250	5;16;27	131;13;79	sub-022_ses-103_task-s5;sub-022_ses-203_task-s5;sub-022_ses-302_task-s5	766	5	131	sub-022	ses-103	task-s5	1;2;3	5;5;5
1012	1013	1012	1013	3	3	trialwise	1112;2983;4663	1112;2983;4663	8;19;30	3;106;18	sub-022_ses-104_task-s8;sub-022_ses-203_task-s8;sub-022_ses-305_task-s8	1112	8	3	sub-022	ses-104	task-s8	1;2;3	8;8;8
1013	1014	1013	1014	3	3	trialwise	279;1927;3703	279;1927;3703	2;13;24	121;1;9	sub-022_ses-102_task-s2;sub-022_ses-201_task-s2;sub-022_ses-301_task-s2	279	2	121	sub-022	ses-102	task-s2	1;2;3	2;2;2
1014	1015	1014	1015	3	3	trialwise	436;2124;3872	436;2124;3872	3;14;25	119;39;19	sub-022_ses-102_task-s3;sub-022_ses-201_task-s3;sub-022_ses-301_task-s3	436	3	119	sub-022	ses-102	task-s3	1;2;3	3;3;3
1015	1016	1015	1016	3	3	trialwise	793;2467;4321	793;2467;4321	5;16;27	158;64;150	sub-022_ses-103_task-s5;sub-022_ses-203_task-s5;sub-022_ses-302_task-s5	793	5	158	sub-022	ses-103	task-s5	1;2;3	5;5;5
1016	1017	1016	1017	3	3	trialwise	6;1841;3661	6;1841;3661	1;12;23	7;74;126	sub-022_ses-101_task-s1;sub-022_ses-201_task-s1;sub-022_ses-301_task-s1	6	1	7	sub-022	ses-101	task-s1	1;2;3	1;1;1
1017	1018	1017	1018	3	3	trialwise	1025;2789;4556	1025;2789;4556	7;18;29	74;70;69	sub-022_ses-104_task-s7;sub-022_ses-202_task-s7;sub-022_ses-303_task-s7	1025	7	74	sub-022	ses-104	task-s7	1;2;3	7;7;7
1018	1019	1018	1019	3	3	trialwise	564;2290;4058	564;2290;4058	4;15;26	88;46;46	sub-022_ses-102_task-s4;sub-022_ses-202_task-s4;sub-022_ses-302_task-s4	564	4	88	sub-022	ses-102	task-s4	1;2;3	4;4;4
1019	1020	1019	1020	3	3	trialwise	1231;2992;4783	1231;2992;4783	8;19;30	122;115;138	sub-022_ses-104_task-s8;sub-022_ses-203_task-s8;sub-022_ses-305_task-s8	1231	8	122	sub-022	ses-104	task-s8	1;2;3	8;8;8
1020	1021	1020	1021	3	3	trialwise	809;2707;4450	809;2707;4450	6;17;28	16;146;121	sub-022_ses-103_task-s6;sub-022_ses-202_task-s6;sub-022_ses-303_task-s6	809	6	16	sub-022	ses-103	task-s6	1;2;3	6;6;6
1021	1022	1021	1022	3	3	trialwise	827;2628;4396	827;2628;4396	6;17;28	34;67;67	sub-022_ses-103_task-s6;sub-022_ses-202_task-s6;sub-022_ses-303_task-s6	827	6	34	sub-022	ses-103	task-s6	1;2;3	6;6;6
1022	1023	1022	1023	3	3	trialwise	69;1877;3619	69;1877;3619	1;12;23	70;110;84	sub-022_ses-101_task-s1;sub-022_ses-201_task-s1;sub-022_ses-301_task-s1	69	1	70	sub-022	ses-101	task-s1	1;2;3	1;1;1
1023	1024	1023	1024	3	3	trialwise	1210;3035;4658	1210;3035;4658	8;19;30	101;158;13	sub-022_ses-104_task-s8;sub-022_ses-203_task-s8;sub-022_ses-305_task-s8	1210	8	101	sub-022	ses-104	task-s8	1;2;3	8;8;8
1024	1025	1024	1025	3	3	trialwise	237;1983;3806	237;1983;3806	2;13;24	79;57;112	sub-022_ses-102_task-s2;sub-022_ses-201_task-s2;sub-022_ses-301_task-s2	237	2	79	sub-022	ses-102	task-s2	1;2;3	2;2;2
1025	1026	1025	1026	3	3	trialwise	820;2697;4387	820;2697;4387	6;17;28	27;136;58	sub-022_ses-103_task-s6;sub-022_ses-202_task-s6;sub-022_ses-303_task-s6	820	6	27	sub-022	ses-103	task-s6	1;2;3	6;6;6
1026	1027	1026	1027	3	3	trialwise	1071;2774;4537	1071;2774;4537	7;18;29	120;55;50	sub-022_ses-104_task-s7;sub-022_ses-202_task-s7;sub-022_ses-303_task-s7	1071	7	120	sub-022	ses-104	task-s7	1;2;3	7;7;7
1027	1028	1027	1028	3	3	trialwise	549;2368;4136	549;2368;4136	4;15;26	73;124;124	sub-022_ses-102_task-s4;sub-022_ses-202_task-s4;sub-022_ses-302_task-s4	549	4	73	sub-022	ses-102	task-s4	1;2;3	4;4;4
1028	1029	1028	1029	3	3	trialwise	118;1847;3638	118;1847;3638	1;12;23	119;80;103	sub-022_ses-101_task-s1;sub-022_ses-201_task-s1;sub-022_ses-301_task-s1	118	1	119	sub-022	ses-101	task-s1	1;2;3	1;1;1
1029	1030	1029	1030	3	3	trialwise	784;2449;4238	784;2449;4238	5;16;27	149;46;67	sub-022_ses-103_task-s5;sub-022_ses-203_task-s5;sub-022_ses-302_task-s5	784	5	149	sub-022	ses-103	task-s5	1;2;3	5;5;5
1030	1031	1030	1031	3	3	trialwise	341;2156;3950	341;2156;3950	3;14;25	24;71;97	sub-022_ses-102_task-s3;sub-022_ses-201_task-s3;sub-022_ses-301_task-s3	341	3	24	sub-022	ses-102	task-s3	1;2;3	3;3;3
1031	1032	1031	1032	3	3	trialwise	75;1896;3658	75;1896;3658	1;12;23	76;129;123	sub-022_ses-101_task-s1;sub-022_ses-201_task-s1;sub-022_ses-301_task-s1	75	1	76	sub-022	ses-101	task-s1	1;2;3	1;1;1
1032	1033	1032	1033	3	3	trialwise	39;1924;3654	39;1924;3654	1;12;23	40;157;119	sub-022_ses-101_task-s1;sub-022_ses-201_task-s1;sub-022_ses-301_task-s1	39	1	40	sub-022	ses-101	task-s1	1;2;3	1;1;1
1033	1034	1033	1034	3	3	trialwise	720;2526;4297	720;2526;4297	5;16;27	85;123;126	sub-022_ses-103_task-s5;sub-022_ses-203_task-s5;sub-022_ses-302_task-s5	720	5	85	sub-022	ses-103	task-s5	1;2;3	5;5;5
1034	1035	1034	1035	3	3	trialwise	380;2102;3961	380;2102;3961	3;14;25	63;17;108	sub-022_ses-102_task-s3;sub-022_ses-201_task-s3;sub-022_ses-301_task-s3	380	3	63	sub-022	ses-102	task-s3	1;2;3	3;3;3
1035	1036	1035	1036	3	3	trialwise	314;1969;3737	314;1969;3737	2;13;24	156;43;43	sub-022_ses-102_task-s2;sub-022_ses-201_task-s2;sub-022_ses-301_task-s2	314	2	156	sub-022	ses-102	task-s2	1;2;3	2;2;2
1036	1037	1036	1037	3	3	trialwise	1179;3001;4771	1179;3001;4771	8;19;30	70;124;126	sub-022_ses-104_task-s8;sub-022_ses-203_task-s8;sub-022_ses-305_task-s8	1179	8	70	sub-022	ses-104	task-s8	1;2;3	8;8;8
1037	1038	1037	1038	3	3	trialwise	267;1951;3751	267;1951;3751	2;13;24	109;25;57	sub-022_ses-102_task-s2;sub-022_ses-201_task-s2;sub-022_ses-301_task-s2	267	2	109	sub-022	ses-102	task-s2	1;2;3	2;2;2
1038	1039	1038	1039	3	3	trialwise	811;2622;4475	811;2622;4475	6;17;28	18;61;146	sub-022_ses-103_task-s6;sub-022_ses-202_task-s6;sub-022_ses-303_task-s6	811	6	18	sub-022	ses-103	task-s6	1;2;3	6;6;6
1039	1040	1039	1040	3	3	trialwise	799;2627;4412	799;2627;4412	6;17;28	6;66;83	sub-022_ses-103_task-s6;sub-022_ses-202_task-s6;sub-022_ses-303_task-s6	799	6	6	sub-022	ses-103	task-s6	1;2;3	6;6;6
1040	1041	1040	1041	3	3	trialwise	626;2313;4081	626;2313;4081	4;15;26	150;69;69	sub-022_ses-102_task-s4;sub-022_ses-202_task-s4;sub-022_ses-302_task-s4	626	4	150	sub-022	ses-102	task-s4	1;2;3	4;4;4
1041	1042	1041	1042	3	3	trialwise	1023;2855;4530	1023;2855;4530	7;18;29	72;136;43	sub-022_ses-104_task-s7;sub-022_ses-202_task-s7;sub-022_ses-303_task-s7	1023	7	72	sub-022	ses-104	task-s7	1;2;3	7;7;7
1042	1043	1042	1043	3	3	trialwise	1213;2879;4794	1213;2879;4794	8;19;30	104;2;149	sub-022_ses-104_task-s8;sub-022_ses-203_task-s8;sub-022_ses-305_task-s8	1213	8	104	sub-022	ses-104	task-s8	1;2;3	8;8;8
1043	1044	1043	1044	3	3	trialwise	2;1803;3646	2;1803;3646	1;12;23	3;36;111	sub-022_ses-101_task-s1;sub-022_ses-201_task-s1;sub-022_ses-301_task-s1	2	1	3	sub-022	ses-101	task-s1	1;2;3	1;1;1
1044	1045	1044	1045	3	3	trialwise	302;2084;3750	302;2084;3750	2;13;24	144;158;56	sub-022_ses-102_task-s2;sub-022_ses-201_task-s2;sub-022_ses-301_task-s2	302	2	144	sub-022	ses-102	task-s2	1;2;3	2;2;2
1045	1046	1045	1046	3	3	trialwise	577;2385;4153	577;2385;4153	4;15;26	101;141;141	sub-022_ses-102_task-s4;sub-022_ses-202_task-s4;sub-022_ses-302_task-s4	577	4	101	sub-022	ses-102	task-s4	1;2;3	4;4;4
1046	1047	1046	1047	3	3	trialwise	428;2132;3866	428;2132;3866	3;14;25	111;47;13	sub-022_ses-102_task-s3;sub-022_ses-201_task-s3;sub-022_ses-301_task-s3	428	3	111	sub-022	ses-102	task-s3	1;2;3	3;3;3
1047	1048	1047	1048	3	3	trialwise	491;2277;4045	491;2277;4045	4;15;26	15;33;33	sub-022_ses-102_task-s4;sub-022_ses-202_task-s4;sub-022_ses-302_task-s4	491	4	15	sub-022	ses-102	task-s4	1;2;3	4;4;4
1048	1049	1048	1049	3	3	trialwise	347;2190;3859	347;2190;3859	3;14;25	30;105;6	sub-022_ses-102_task-s3;sub-022_ses-201_task-s3;sub-022_ses-301_task-s3	347	3	30	sub-022	ses-102	task-s3	1;2;3	3;3;3
1049	1050	1049	1050	3	3	trialwise	639;2471;4192	639;2471;4192	5;16;27	4;68;21	sub-022_ses-103_task-s5;sub-022_ses-203_task-s5;sub-022_ses-302_task-s5	639	5	4	sub-022	ses-103	task-s5	1;2;3	5;5;5
1050	1051	1050	1051	3	3	trialwise	72;1909;3568	72;1909;3568	1;12;23	73;142;33	sub-022_ses-101_task-s1;sub-022_ses-201_task-s1;sub-022_ses-301_task-s1	72	1	73	sub-022	ses-101	task-s1	1;2;3	1;1;1
1051	1052	1051	1052	3	3	trialwise	882;2634;4420	882;2634;4420	6;17;28	89;73;91	sub-022_ses-103_task-s6;sub-022_ses-202_task-s6;sub-022_ses-303_task-s6	882	6	89	sub-022	ses-103	task-s6	1;2;3	6;6;6
1052	1053	1052	1053	3	3	trialwise	197;1940;3704	197;1940;3704	2;13;24	39;14;10	sub-022_ses-102_task-s2;sub-022_ses-201_task-s2;sub-022_ses-301_task-s2	197	2	39	sub-022	ses-102	task-s2	1;2;3	2;2;2
1053	1054	1053	1054	3	3	trialwise	255;2067;3787	255;2067;3787	2;13;24	97;141;93	sub-022_ses-102_task-s2;sub-022_ses-201_task-s2;sub-022_ses-301_task-s2	255	2	97	sub-022	ses-102	task-s2	1;2;3	2;2;2
1054	1055	1054	1055	3	3	trialwise	815;2562;4459	815;2562;4459	6;17;28	22;1;130	sub-022_ses-103_task-s6;sub-022_ses-202_task-s6;sub-022_ses-303_task-s6	815	6	22	sub-022	ses-103	task-s6	1;2;3	6;6;6
1055	1056	1055	1056	3	3	trialwise	930;2717;4458	930;2717;4458	6;17;28	137;156;129	sub-022_ses-103_task-s6;sub-022_ses-202_task-s6;sub-022_ses-303_task-s6	930	6	137	sub-022	ses-103	task-s6	1;2;3	6;6;6
1056	1057	1056	1057	3	3	trialwise	195;1992;3803	195;1992;3803	2;13;24	37;66;109	sub-022_ses-102_task-s2;sub-022_ses-201_task-s2;sub-022_ses-301_task-s2	195	2	37	sub-022	ses-102	task-s2	1;2;3	2;2;2
1057	1058	1057	1058	3	3	trialwise	1123;2998;4710	1123;2998;4710	8;19;30	14;121;65	sub-022_ses-104_task-s8;sub-022_ses-203_task-s8;sub-022_ses-305_task-s8	1123	8	14	sub-022	ses-104	task-s8	1;2;3	8;8;8
1058	1059	1058	1059	3	3	trialwise	416;2086;4004	416;2086;4004	3;14;25	99;1;151	sub-022_ses-102_task-s3;sub-022_ses-201_task-s3;sub-022_ses-301_task-s3	416	3	99	sub-022	ses-102	task-s3	1;2;3	3;3;3
1059	1060	1059	1060	3	3	trialwise	1021;2720;4590	1021;2720;4590	7;18;29	70;1;103	sub-022_ses-104_task-s7;sub-022_ses-202_task-s7;sub-022_ses-303_task-s7	1021	7	70	sub-022	ses-104	task-s7	1;2;3	7;7;7
1060	1061	1060	1061	3	3	trialwise	254;1986;3776	254;1986;3776	2;13;24	96;60;82	sub-022_ses-102_task-s2;sub-022_ses-201_task-s2;sub-022_ses-301_task-s2	254	2	96	sub-022	ses-102	task-s2	1;2;3	2;2;2
1061	1062	1061	1062	3	3	trialwise	699;2543;4210	699;2543;4210	5;16;27	64;140;39	sub-022_ses-103_task-s5;sub-022_ses-203_task-s5;sub-022_ses-302_task-s5	699	5	64	sub-022	ses-103	task-s5	1;2;3	5;5;5
1062	1063	1062	1063	3	3	trialwise	78;1903;3545	78;1903;3545	1;12;23	79;136;10	sub-022_ses-101_task-s1;sub-022_ses-201_task-s1;sub-022_ses-301_task-s1	78	1	79	sub-022	ses-101	task-s1	1;2;3	1;1;1
1063	1064	1063	1064	3	3	trialwise	1182;2966;4741	1182;2966;4741	8;19;30	73;89;96	sub-022_ses-104_task-s8;sub-022_ses-203_task-s8;sub-022_ses-305_task-s8	1182	8	73	sub-022	ses-104	task-s8	1;2;3	8;8;8
1064	1065	1064	1065	3	3	trialwise	227;2035;3724	227;2035;3724	2;13;24	69;109;30	sub-022_ses-102_task-s2;sub-022_ses-201_task-s2;sub-022_ses-301_task-s2	227	2	69	sub-022	ses-102	task-s2	1;2;3	2;2;2
1065	1066	1065	1066	3	3	trialwise	1150;2947;4754	1150;2947;4754	8;19;30	41;70;109	sub-022_ses-104_task-s8;sub-022_ses-203_task-s8;sub-022_ses-305_task-s8	1150	8	41	sub-022	ses-104	task-s8	1;2;3	8;8;8
1066	1067	1066	1067	3	3	trialwise	806;2719;4466	806;2719;4466	6;17;28	13;158;137	sub-022_ses-103_task-s6;sub-022_ses-202_task-s6;sub-022_ses-303_task-s6	806	6	13	sub-022	ses-103	task-s6	1;2;3	6;6;6
1067	1068	1067	1068	3	3	trialwise	507;2292;4060	507;2292;4060	4;15;26	31;48;48	sub-022_ses-102_task-s4;sub-022_ses-202_task-s4;sub-022_ses-302_task-s4	507	4	31	sub-022	ses-102	task-s4	1;2;3	4;4;4
1068	1069	1068	1069	3	3	trialwise	33;1894;3563	33;1894;3563	1;12;23	34;127;28	sub-022_ses-101_task-s1;sub-022_ses-201_task-s1;sub-022_ses-301_task-s1	33	1	34	sub-022	ses-101	task-s1	1;2;3	1;1;1
1069	1070	1069	1070	3	3	trialwise	328;2220;3963	328;2220;3963	3;14;25	11;135;110	sub-022_ses-102_task-s3;sub-022_ses-201_task-s3;sub-022_ses-301_task-s3	328	3	11	sub-022	ses-102	task-s3	1;2;3	3;3;3
1070	1071	1070	1071	3	3	trialwise	857;2702;4479	857;2702;4479	6;17;28	64;141;150	sub-022_ses-103_task-s6;sub-022_ses-202_task-s6;sub-022_ses-303_task-s6	857	6	64	sub-022	ses-103	task-s6	1;2;3	6;6;6
1071	1072	1071	1072	3	3	trialwise	178;1955;3834	178;1955;3834	2;13;24	20;29;140	sub-022_ses-102_task-s2;sub-022_ses-201_task-s2;sub-022_ses-301_task-s2	178	2	20	sub-022	ses-102	task-s2	1;2;3	2;2;2
1072	1073	1072	1073	3	3	trialwise	800;2567;4358	800;2567;4358	6;17;28	7;6;29	sub-022_ses-103_task-s6;sub-022_ses-202_task-s6;sub-022_ses-303_task-s6	800	6	7	sub-022	ses-103	task-s6	1;2;3	6;6;6
1073	1074	1073	1074	3	3	trialwise	950;2701;4381	950;2701;4381	6;17;28	157;140;52	sub-022_ses-103_task-s6;sub-022_ses-202_task-s6;sub-022_ses-303_task-s6	950	6	157	sub-022	ses-103	task-s6	1;2;3	6;6;6
1074	1075	1074	1075	3	3	trialwise	667;2436;4197	667;2436;4197	5;16;27	32;33;26	sub-022_ses-103_task-s5;sub-022_ses-203_task-s5;sub-022_ses-302_task-s5	667	5	32	sub-022	ses-103	task-s5	1;2;3	5;5;5
1075	1076	1075	1076	3	3	trialwise	1207;2925;4693	1207;2925;4693	8;19;30	98;48;48	sub-022_ses-104_task-s8;sub-022_ses-203_task-s8;sub-022_ses-305_task-s8	1207	8	98	sub-022	ses-104	task-s8	1;2;3	8;8;8
1076	1077	1076	1077	3	3	trialwise	1165;3024;4773	1165;3024;4773	8;19;30	56;147;128	sub-022_ses-104_task-s8;sub-022_ses-203_task-s8;sub-022_ses-305_task-s8	1165	8	56	sub-022	ses-104	task-s8	1;2;3	8;8;8
1077	1078	1077	1078	3	3	trialwise	912;2581;4385	912;2581;4385	6;17;28	119;20;56	sub-022_ses-103_task-s6;sub-022_ses-202_task-s6;sub-022_ses-303_task-s6	912	6	119	sub-022	ses-103	task-s6	1;2;3	6;6;6
1078	1079	1078	1079	3	3	trialwise	482;2269;4037	482;2269;4037	4;15;26	6;25;25	sub-022_ses-102_task-s4;sub-022_ses-202_task-s4;sub-022_ses-302_task-s4	482	4	6	sub-022	ses-102	task-s4	1;2;3	4;4;4
1079	1080	1079	1080	3	3	trialwise	991;2847;4602	991;2847;4602	7;18;29	40;128;115	sub-022_ses-104_task-s7;sub-022_ses-202_task-s7;sub-022_ses-303_task-s7	991	7	40	sub-022	ses-104	task-s7	1;2;3	7;7;7
1080	1081	1080	1081	3	3	trialwise	1208;2916;4739	1208;2916;4739	8;19;30	99;39;94	sub-022_ses-104_task-s8;sub-022_ses-203_task-s8;sub-022_ses-305_task-s8	1208	8	99	sub-022	ses-104	task-s8	1;2;3	8;8;8
1081	1082	1081	1082	3	3	trialwise	688;2451;4189	688;2451;4189	5;16;27	53;48;18	sub-022_ses-103_task-s5;sub-022_ses-203_task-s5;sub-022_ses-302_task-s5	688	5	53	sub-022	ses-103	task-s5	1;2;3	5;5;5
1082	1083	1082	1083	3	3	trialwise	836;2638;4365	836;2638;4365	6;17;28	43;77;36	sub-022_ses-103_task-s6;sub-022_ses-202_task-s6;sub-022_ses-303_task-s6	836	6	43	sub-022	ses-103	task-s6	1;2;3	6;6;6
1083	1084	1083	1084	3	3	trialwise	198;1985;3779	198;1985;3779	2;13;24	40;59;85	sub-022_ses-102_task-s2;sub-022_ses-201_task-s2;sub-022_ses-301_task-s2	198	2	40	sub-022	ses-102	task-s2	1;2;3	2;2;2
1084	1085	1084	1085	3	3	trialwise	1003;2826;4497	1003;2826;4497	7;18;29	52;107;10	sub-022_ses-104_task-s7;sub-022_ses-202_task-s7;sub-022_ses-303_task-s7	1003	7	52	sub-022	ses-104	task-s7	1;2;3	7;7;7
1085	1086	1085	1086	3	3	trialwise	760;2428;4261	760;2428;4261	5;16;27	125;25;90	sub-022_ses-103_task-s5;sub-022_ses-203_task-s5;sub-022_ses-302_task-s5	760	5	125	sub-022	ses-103	task-s5	1;2;3	5;5;5
1086	1087	1086	1087	3	3	trialwise	316;2016;3798	316;2016;3798	2;13;24	158;90;104	sub-022_ses-102_task-s2;sub-022_ses-201_task-s2;sub-022_ses-301_task-s2	316	2	158	sub-022	ses-102	task-s2	1;2;3	2;2;2
1087	1088	1087	1088	3	3	trialwise	185;1953;3844	185;1953;3844	2;13;24	27;27;150	sub-022_ses-102_task-s2;sub-022_ses-201_task-s2;sub-022_ses-301_task-s2	185	2	27	sub-022	ses-102	task-s2	1;2;3	2;2;2
1088	1089	1088	1089	3	3	trialwise	170;2011;3716	170;2011;3716	2;13;24	12;85;22	sub-022_ses-102_task-s2;sub-022_ses-201_task-s2;sub-022_ses-301_task-s2	170	2	12	sub-022	ses-102	task-s2	1;2;3	2;2;2
1089	1090	1089	1090	3	3	trialwise	281;2055;3832	281;2055;3832	2;13;24	123;129;138	sub-022_ses-102_task-s2;sub-022_ses-201_task-s2;sub-022_ses-301_task-s2	281	2	123	sub-022	ses-102	task-s2	1;2;3	2;2;2
1090	1091	1090	1091	3	3	trialwise	1153;2909;4785	1153;2909;4785	8;19;30	44;32;140	sub-022_ses-104_task-s8;sub-022_ses-203_task-s8;sub-022_ses-305_task-s8	1153	8	44	sub-022	ses-104	task-s8	1;2;3	8;8;8
1091	1092	1091	1092	3	3	trialwise	77;1915;3625	77;1915;3625	1;12;23	78;148;90	sub-022_ses-101_task-s1;sub-022_ses-201_task-s1;sub-022_ses-301_task-s1	77	1	78	sub-022	ses-101	task-s1	1;2;3	1;1;1
1092	1093	1092	1093	3	3	trialwise	150;1864;3644	150;1864;3644	1;12;23	151;97;109	sub-022_ses-101_task-s1;sub-022_ses-201_task-s1;sub-022_ses-301_task-s1	150	1	151	sub-022	ses-101	task-s1	1;2;3	1;1;1
1093	1094	1093	1094	3	3	trialwise	1195;2949;4779	1195;2949;4779	8;19;30	86;72;134	sub-022_ses-104_task-s8;sub-022_ses-203_task-s8;sub-022_ses-305_task-s8	1195	8	86	sub-022	ses-104	task-s8	1;2;3	8;8;8
1094	1095	1094	1095	3	3	trialwise	923;2695;4410	923;2695;4410	6;17;28	130;134;81	sub-022_ses-103_task-s6;sub-022_ses-202_task-s6;sub-022_ses-303_task-s6	923	6	130	sub-022	ses-103	task-s6	1;2;3	6;6;6
1095	1096	1095	1096	3	3	trialwise	803;2574;4388	803;2574;4388	6;17;28	10;13;59	sub-022_ses-103_task-s6;sub-022_ses-202_task-s6;sub-022_ses-303_task-s6	803	6	10	sub-022	ses-103	task-s6	1;2;3	6;6;6
1096	1097	1096	1097	3	3	trialwise	97;1825;3629	97;1825;3629	1;12;23	98;58;94	sub-022_ses-101_task-s1;sub-022_ses-201_task-s1;sub-022_ses-301_task-s1	97	1	98	sub-022	ses-101	task-s1	1;2;3	1;1;1
1097	1098	1097	1098	3	3	trialwise	871;2692;4485	871;2692;4485	6;17;28	78;131;156	sub-022_ses-103_task-s6;sub-022_ses-202_task-s6;sub-022_ses-303_task-s6	871	6	78	sub-022	ses-103	task-s6	1;2;3	6;6;6
1098	1099	1098	1099	3	3	trialwise	70;1831;3546	70;1831;3546	1;12;23	71;64;11	sub-022_ses-101_task-s1;sub-022_ses-201_task-s1;sub-022_ses-301_task-s1	70	1	71	sub-022	ses-101	task-s1	1;2;3	1;1;1
1099	1100	1099	1100	3	3	trialwise	515;2265;4033	515;2265;4033	4;15;26	39;21;21	sub-022_ses-102_task-s4;sub-022_ses-202_task-s4;sub-022_ses-302_task-s4	515	4	39	sub-022	ses-102	task-s4	1;2;3	4;4;4
1100	1101	1100	1101	3	3	trialwise	655;2424;4312	655;2424;4312	5;16;27	20;21;141	sub-022_ses-103_task-s5;sub-022_ses-203_task-s5;sub-022_ses-302_task-s5	655	5	20	sub-022	ses-103	task-s5	1;2;3	5;5;5
1101	1102	1101	1102	3	3	trialwise	1146;2953;4678	1146;2953;4678	8;19;30	37;76;33	sub-022_ses-104_task-s8;sub-022_ses-203_task-s8;sub-022_ses-305_task-s8	1146	8	37	sub-022	ses-104	task-s8	1;2;3	8;8;8
1102	1103	1102	1103	3	3	trialwise	795;2631;4380	795;2631;4380	6;17;28	2;70;51	sub-022_ses-103_task-s6;sub-022_ses-202_task-s6;sub-022_ses-303_task-s6	795	6	2	sub-022	ses-103	task-s6	1;2;3	6;6;6
1103	1104	1103	1104	3	3	trialwise	333;2141;3886	333;2141;3886	3;14;25	16;56;33	sub-022_ses-102_task-s3;sub-022_ses-201_task-s3;sub-022_ses-301_task-s3	333	3	16	sub-022	ses-102	task-s3	1;2;3	3;3;3
1104	1105	1104	1105	3	3	trialwise	273;2023;3695	273;2023;3695	2;13;24	115;97;1	sub-022_ses-102_task-s2;sub-022_ses-201_task-s2;sub-022_ses-301_task-s2	273	2	115	sub-022	ses-102	task-s2	1;2;3	2;2;2
1105	1106	1105	1106	3	3	trialwise	669;2538;4182	669;2538;4182	5;16;27	34;135;11	sub-022_ses-103_task-s5;sub-022_ses-203_task-s5;sub-022_ses-302_task-s5	669	5	34	sub-022	ses-103	task-s5	1;2;3	5;5;5
1106	1107	1106	1107	3	3	trialwise	1259;3004;4722	1259;3004;4722	8;19;30	150;127;77	sub-022_ses-104_task-s8;sub-022_ses-203_task-s8;sub-022_ses-305_task-s8	1259	8	150	sub-022	ses-104	task-s8	1;2;3	8;8;8
1107	1108	1107	1108	3	3	trialwise	968;2745;4644	968;2745;4644	7;18;29	17;26;157	sub-022_ses-104_task-s7;sub-022_ses-202_task-s7;sub-022_ses-303_task-s7	968	7	17	sub-022	ses-104	task-s7	1;2;3	7;7;7
1108	1109	1108	1109	3	3	trialwise	275;1931;3821	275;1931;3821	2;13;24	117;5;127	sub-022_ses-102_task-s2;sub-022_ses-201_task-s2;sub-022_ses-301_task-s2	275	2	117	sub-022	ses-102	task-s2	1;2;3	2;2;2
1109	1110	1109	1110	3	3	trialwise	99;1800;3641	99;1800;3641	1;12;23	100;33;106	sub-022_ses-101_task-s1;sub-022_ses-201_task-s1;sub-022_ses-301_task-s1	99	1	100	sub-022	ses-101	task-s1	1;2;3	1;1;1
1110	1111	1110	1111	3	3	trialwise	483;2380;4148	483;2380;4148	4;15;26	7;136;136	sub-022_ses-102_task-s4;sub-022_ses-202_task-s4;sub-022_ses-302_task-s4	483	4	7	sub-022	ses-102	task-s4	1;2;3	4;4;4
1111	1112	1111	1112	3	3	trialwise	937;2620;4421	937;2620;4421	6;17;28	144;59;92	sub-022_ses-103_task-s6;sub-022_ses-202_task-s6;sub-022_ses-303_task-s6	937	6	144	sub-022	ses-103	task-s6	1;2;3	6;6;6
1112	1113	1112	1113	3	3	trialwise	402;2215;3991	402;2215;3991	3;14;25	85;130;138	sub-022_ses-102_task-s3;sub-022_ses-201_task-s3;sub-022_ses-301_task-s3	402	3	85	sub-022	ses-102	task-s3	1;2;3	3;3;3
1113	1114	1113	1114	3	3	trialwise	488;2336;4104	488;2336;4104	4;15;26	12;92;92	sub-022_ses-102_task-s4;sub-022_ses-202_task-s4;sub-022_ses-302_task-s4	488	4	12	sub-022	ses-102	task-s4	1;2;3	4;4;4
1114	1115	1114	1115	3	3	trialwise	509;2333;4101	509;2333;4101	4;15;26	33;89;89	sub-022_ses-102_task-s4;sub-022_ses-202_task-s4;sub-022_ses-302_task-s4	509	4	33	sub-022	ses-102	task-s4	1;2;3	4;4;4
1115	1116	1115	1116	3	3	trialwise	239;2032;3778	239;2032;3778	2;13;24	81;106;84	sub-022_ses-102_task-s2;sub-022_ses-201_task-s2;sub-022_ses-301_task-s2	239	2	81	sub-022	ses-102	task-s2	1;2;3	2;2;2
1116	1117	1116	1117	3	3	trialwise	670;2494;4328	670;2494;4328	5;16;27	35;91;157	sub-022_ses-103_task-s5;sub-022_ses-203_task-s5;sub-022_ses-302_task-s5	670	5	35	sub-022	ses-103	task-s5	1;2;3	5;5;5
1117	1118	1117	1118	3	3	trialwise	663;2491;4323	663;2491;4323	5;16;27	28;88;152	sub-022_ses-103_task-s5;sub-022_ses-203_task-s5;sub-022_ses-302_task-s5	663	5	28	sub-022	ses-103	task-s5	1;2;3	5;5;5
1118	1119	1118	1119	3	3	trialwise	615;2268;4036	615;2268;4036	4;15;26	139;24;24	sub-022_ses-102_task-s4;sub-022_ses-202_task-s4;sub-022_ses-302_task-s4	615	4	139	sub-022	ses-102	task-s4	1;2;3	4;4;4
1119	1120	1119	1120	3	3	trialwise	1033;2767;4531	1033;2767;4531	7;18;29	82;48;44	sub-022_ses-104_task-s7;sub-022_ses-202_task-s7;sub-022_ses-303_task-s7	1033	7	82	sub-022	ses-104	task-s7	1;2;3	7;7;7
1120	1129	1120	1121	3	3	trialwise	1611;3483;5153	1611;3483;5153	11;22;33	10;114;16	sub-022_ses-105_task-s11;sub-022_ses-204_task-s11;sub-022_ses-306_task-s11	1611	11	10	sub-022	ses-105	task-s11	1;2;3	11;11;11
1121	1148	1121	1122	3	3	trialwise	1688;3462;5174	1688;3462;5174	11;22;33	87;93;37	sub-022_ses-105_task-s11;sub-022_ses-204_task-s11;sub-022_ses-306_task-s11	1688	11	87	sub-022	ses-105	task-s11	1;2;3	11;11;11
1122	1177	1122	1123	3	3	trialwise	1309;3191;4818	1309;3191;4818	9;20;31	42;156;15	sub-022_ses-104_task-s9;sub-022_ses-203_task-s9;sub-022_ses-305_task-s9	1309	9	42	sub-022	ses-104	task-s9	1;2;3	9;9;9
1123	1192	1123	1124	3	3	trialwise	1281;3200;4910	1281;3200;4910	9;20;31	14;165;107	sub-022_ses-104_task-s9;sub-022_ses-203_task-s9;sub-022_ses-305_task-s9	1281	9	14	sub-022	ses-104	task-s9	1;2;3	9;9;9
1124	1219	1124	1125	3	3	trialwise	1383;3078;4847	1383;3078;4847	9;20;31	116;43;44	sub-022_ses-104_task-s9;sub-022_ses-203_task-s9;sub-022_ses-305_task-s9	1383	9	116	sub-022	ses-104	task-s9	1;2;3	9;9;9
1125	1226	1125	1126	3	3	trialwise	1463;3212;5053	1463;3212;5053	10;21;32	29;10;83	sub-022_ses-104_task-s10;sub-022_ses-203_task-s10;sub-022_ses-307_task-s10	1463	10	29	sub-022	ses-104	task-s10	1;2;3	10;10;10
1126	1245	1126	1127	3	3	trialwise	1673;3389;5280	1673;3389;5280	11;22;33	72;20;143	sub-022_ses-105_task-s11;sub-022_ses-204_task-s11;sub-022_ses-306_task-s11	1673	11	72	sub-022	ses-105	task-s11	1;2;3	11;11;11
1127	1247	1127	1128	3	3	trialwise	1398;3120;4852	1398;3120;4852	9;20;31	131;85;49	sub-022_ses-104_task-s9;sub-022_ses-203_task-s9;sub-022_ses-305_task-s9	1398	9	131	sub-022	ses-104	task-s9	1;2;3	9;9;9
1128	1276	1128	1129	3	3	trialwise	1480;3324;5107	1480;3324;5107	10;21;32	46;122;137	sub-022_ses-104_task-s10;sub-022_ses-203_task-s10;sub-022_ses-307_task-s10	1480	10	46	sub-022	ses-104	task-s10	1;2;3	10;10;10
1129	1297	1129	1130	3	3	trialwise	1462;3306;5097	1462;3306;5097	10;21;32	28;104;127	sub-022_ses-104_task-s10;sub-022_ses-203_task-s10;sub-022_ses-307_task-s10	1462	10	28	sub-022	ses-104	task-s10	1;2;3	10;10;10
1130	1322	1130	1131	3	3	trialwise	1425;3162;4928	1425;3162;4928	9;20;31	158;127;125	sub-022_ses-104_task-s9;sub-022_ses-203_task-s9;sub-022_ses-305_task-s9	1425	9	158	sub-022	ses-104	task-s9	1;2;3	9;9;9
1131	1324	1131	1132	3	3	trialwise	1552;3265;5032	1552;3265;5032	10;21;32	118;63;62	sub-022_ses-104_task-s10;sub-022_ses-203_task-s10;sub-022_ses-307_task-s10	1552	10	118	sub-022	ses-104	task-s10	1;2;3	10;10;10
1132	1396	1132	1133	3	3	trialwise	1399;3114;4925	1399;3114;4925	9;20;31	132;79;122	sub-022_ses-104_task-s9;sub-022_ses-203_task-s9;sub-022_ses-305_task-s9	1399	9	132	sub-022	ses-104	task-s9	1;2;3	9;9;9
1133	1397	1133	1134	3	3	trialwise	1322;3059;4946	1322;3059;4946	9;20;31	55;24;143	sub-022_ses-104_task-s9;sub-022_ses-203_task-s9;sub-022_ses-305_task-s9	1322	9	55	sub-022	ses-104	task-s9	1;2;3	9;9;9
1134	1408	1134	1135	3	3	trialwise	1705;3465;5169	1705;3465;5169	11;22;33	104;96;32	sub-022_ses-105_task-s11;sub-022_ses-204_task-s11;sub-022_ses-306_task-s11	1705	11	104	sub-022	ses-105	task-s11	1;2;3	11;11;11
1135	1432	1135	1136	3	3	trialwise	1620;3517;5268	1620;3517;5268	11;22;33	19;148;131	sub-022_ses-105_task-s11;sub-022_ses-204_task-s11;sub-022_ses-306_task-s11	1620	11	19	sub-022	ses-105	task-s11	1;2;3	11;11;11
1136	1454	1136	1137	3	3	trialwise	1362;3128;4887	1362;3128;4887	9;20;31	95;93;84	sub-022_ses-104_task-s9;sub-022_ses-203_task-s9;sub-022_ses-305_task-s9	1362	9	95	sub-022	ses-104	task-s9	1;2;3	9;9;9
1137	1479	1137	1138	3	3	trialwise	1520;3278;5045	1520;3278;5045	10;21;32	86;76;75	sub-022_ses-104_task-s10;sub-022_ses-203_task-s10;sub-022_ses-307_task-s10	1520	10	86	sub-022	ses-104	task-s10	1;2;3	10;10;10
1138	1497	1138	1139	3	3	trialwise	1379;3119;4963	1379;3119;4963	9;20;31	112;84;160	sub-022_ses-104_task-s9;sub-022_ses-203_task-s9;sub-022_ses-305_task-s9	1379	9	112	sub-022	ses-104	task-s9	1;2;3	9;9;9
1139	1520	1139	1140	3	3	trialwise	1307;3169;4849	1307;3169;4849	9;20;31	40;134;46	sub-022_ses-104_task-s9;sub-022_ses-203_task-s9;sub-022_ses-305_task-s9	1307	9	40	sub-022	ses-104	task-s9	1;2;3	9;9;9
1140	1550	1140	1141	3	3	trialwise	1757;3388;5155	1757;3388;5155	11;22;33	156;19;18	sub-022_ses-105_task-s11;sub-022_ses-204_task-s11;sub-022_ses-306_task-s11	1757	11	156	sub-022	ses-105	task-s11	1;2;3	11;11;11
1141	1555	1141	1142	3	3	trialwise	1614;3528;5205	1614;3528;5205	11;22;33	13;159;68	sub-022_ses-105_task-s11;sub-022_ses-204_task-s11;sub-022_ses-306_task-s11	1614	11	13	sub-022	ses-105	task-s11	1;2;3	11;11;11
1142	1564	1142	1143	3	3	trialwise	1282;3178;4901	1282;3178;4901	9;20;31	15;143;98	sub-022_ses-104_task-s9;sub-022_ses-203_task-s9;sub-022_ses-305_task-s9	1282	9	15	sub-022	ses-104	task-s9	1;2;3	9;9;9
1143	1591	1143	1144	3	3	trialwise	1720;3384;5172	1720;3384;5172	11;22;33	119;15;35	sub-022_ses-105_task-s11;sub-022_ses-204_task-s11;sub-022_ses-306_task-s11	1720	11	119	sub-022	ses-105	task-s11	1;2;3	11;11;11
1144	1629	1144	1145	3	3	trialwise	1270;3124;4880	1270;3124;4880	9;20;31	3;89;77	sub-022_ses-104_task-s9;sub-022_ses-203_task-s9;sub-022_ses-305_task-s9	1270	9	3	sub-022	ses-104	task-s9	1;2;3	9;9;9
1145	1632	1145	1146	3	3	trialwise	1763;3420;5171	1763;3420;5171	11;22;33	162;51;34	sub-022_ses-105_task-s11;sub-022_ses-204_task-s11;sub-022_ses-306_task-s11	1763	11	162	sub-022	ses-105	task-s11	1;2;3	11;11;11
1146	1657	1146	1147	3	3	trialwise	1313;3048;4824	1313;3048;4824	9;20;31	46;13;21	sub-022_ses-104_task-s9;sub-022_ses-203_task-s9;sub-022_ses-305_task-s9	1313	9	46	sub-022	ses-104	task-s9	1;2;3	9;9;9
1147	1672	1147	1148	3	3	trialwise	1718;3488;5222	1718;3488;5222	11;22;33	117;119;85	sub-022_ses-105_task-s11;sub-022_ses-204_task-s11;sub-022_ses-306_task-s11	1718	11	117	sub-022	ses-105	task-s11	1;2;3	11;11;11
1148	1698	1148	1149	3	3	trialwise	1642;3458;5242	1642;3458;5242	11;22;33	41;89;105	sub-022_ses-105_task-s11;sub-022_ses-204_task-s11;sub-022_ses-306_task-s11	1642	11	41	sub-022	ses-105	task-s11	1;2;3	11;11;11
1149	1713	1149	1150	3	3	trialwise	1468;3246;5012	1468;3246;5012	10;21;32	34;44;42	sub-022_ses-104_task-s10;sub-022_ses-203_task-s10;sub-022_ses-307_task-s10	1468	10	34	sub-022	ses-104	task-s10	1;2;3	10;10;10
1150	1731	1150	1151	3	3	trialwise	1280;3053;4967	1280;3053;4967	9;20;31	13;18;164	sub-022_ses-104_task-s9;sub-022_ses-203_task-s9;sub-022_ses-305_task-s9	1280	9	13	sub-022	ses-104	task-s9	1;2;3	9;9;9
1151	1750	1151	1152	3	3	trialwise	1445;3312;4977	1445;3312;4977	10;21;32	11;110;7	sub-022_ses-104_task-s10;sub-022_ses-203_task-s10;sub-022_ses-307_task-s10	1445	10	11	sub-022	ses-104	task-s10	1;2;3	10;10;10
1152	1773	1152	1153	3	3	trialwise	1679;3510;5225	1679;3510;5225	11;22;33	78;141;88	sub-022_ses-105_task-s11;sub-022_ses-204_task-s11;sub-022_ses-306_task-s11	1679	11	78	sub-022	ses-105	task-s11	1;2;3	11;11;11
1153	1779	1153	1154	3	3	trialwise	1538;3234;5038	1538;3234;5038	10;21;32	104;32;68	sub-022_ses-104_task-s10;sub-022_ses-203_task-s10;sub-022_ses-307_task-s10	1538	10	104	sub-022	ses-104	task-s10	1;2;3	10;10;10
1154	1822	1154	1155	3	3	trialwise	1348;3063;4883	1348;3063;4883	9;20;31	81;28;80	sub-022_ses-104_task-s9;sub-022_ses-203_task-s9;sub-022_ses-305_task-s9	1348	9	81	sub-022	ses-104	task-s9	1;2;3	9;9;9
1155	1837	1155	1156	3	3	trialwise	1492;3320;4988	1492;3320;4988	10;21;32	58;118;18	sub-022_ses-104_task-s10;sub-022_ses-203_task-s10;sub-022_ses-307_task-s10	1492	10	58	sub-022	ses-104	task-s10	1;2;3	10;10;10
1156	1856	1156	1157	3	3	trialwise	1717;3449;5301	1717;3449;5301	11;22;33	116;80;164	sub-022_ses-105_task-s11;sub-022_ses-204_task-s11;sub-022_ses-306_task-s11	1717	11	116	sub-022	ses-105	task-s11	1;2;3	11;11;11
1157	1876	1157	1158	3	3	trialwise	1378;3143;4828	1378;3143;4828	9;20;31	111;108;25	sub-022_ses-104_task-s9;sub-022_ses-203_task-s9;sub-022_ses-305_task-s9	1378	9	111	sub-022	ses-104	task-s9	1;2;3	9;9;9
1158	1896	1158	1159	3	3	trialwise	1351;3046;4825	1351;3046;4825	9;20;31	84;11;22	sub-022_ses-104_task-s9;sub-022_ses-203_task-s9;sub-022_ses-305_task-s9	1351	9	84	sub-022	ses-104	task-s9	1;2;3	9;9;9
1159	1898	1159	1160	3	3	trialwise	1356;3085;4922	1356;3085;4922	9;20;31	89;50;119	sub-022_ses-104_task-s9;sub-022_ses-203_task-s9;sub-022_ses-305_task-s9	1356	9	89	sub-022	ses-104	task-s9	1;2;3	9;9;9
1160	1931	1160	1161	3	3	trialwise	1365;3188;4870	1365;3188;4870	9;20;31	98;153;67	sub-022_ses-104_task-s9;sub-022_ses-203_task-s9;sub-022_ses-305_task-s9	1365	9	98	sub-022	ses-104	task-s9	1;2;3	9;9;9
1161	1960	1161	1162	3	3	trialwise	1751;3525;5164	1751;3525;5164	11;22;33	150;156;27	sub-022_ses-105_task-s11;sub-022_ses-204_task-s11;sub-022_ses-306_task-s11	1751	11	150	sub-022	ses-105	task-s11	1;2;3	11;11;11
1162	1982	1162	1163	3	3	trialwise	1743;3451;5159	1743;3451;5159	11;22;33	142;82;22	sub-022_ses-105_task-s11;sub-022_ses-204_task-s11;sub-022_ses-306_task-s11	1743	11	142	sub-022	ses-105	task-s11	1;2;3	11;11;11
1163	1991	1163	1164	3	3	trialwise	1655;3455;5287	1655;3455;5287	11;22;33	54;86;150	sub-022_ses-105_task-s11;sub-022_ses-204_task-s11;sub-022_ses-306_task-s11	1655	11	54	sub-022	ses-105	task-s11	1;2;3	11;11;11
1164	2026	1164	1165	3	3	trialwise	1529;3271;4976	1529;3271;4976	10;21;32	95;69;6	sub-022_ses-104_task-s10;sub-022_ses-203_task-s10;sub-022_ses-307_task-s10	1529	10	95	sub-022	ses-104	task-s10	1;2;3	10;10;10
1165	2031	1165	1166	3	3	trialwise	1382;3183;4845	1382;3183;4845	9;20;31	115;148;42	sub-022_ses-104_task-s9;sub-022_ses-203_task-s9;sub-022_ses-305_task-s9	1382	9	115	sub-022	ses-104	task-s9	1;2;3	9;9;9
1166	2043	1166	1167	3	3	trialwise	1654;3479;5208	1654;3479;5208	11;22;33	53;110;71	sub-022_ses-105_task-s11;sub-022_ses-204_task-s11;sub-022_ses-306_task-s11	1654	11	53	sub-022	ses-105	task-s11	1;2;3	11;11;11
1167	2055	1167	1168	3	3	trialwise	1403;3151;4951	1403;3151;4951	9;20;31	136;116;148	sub-022_ses-104_task-s9;sub-022_ses-203_task-s9;sub-022_ses-305_task-s9	1403	9	136	sub-022	ses-104	task-s9	1;2;3	9;9;9
1168	2088	1168	1169	3	3	trialwise	1675;3477;5270	1675;3477;5270	11;22;33	74;108;133	sub-022_ses-105_task-s11;sub-022_ses-204_task-s11;sub-022_ses-306_task-s11	1675	11	74	sub-022	ses-105	task-s11	1;2;3	11;11;11
1169	2111	1169	1170	3	3	trialwise	1402;3199;4940	1402;3199;4940	9;20;31	135;164;137	sub-022_ses-104_task-s9;sub-022_ses-203_task-s9;sub-022_ses-305_task-s9	1402	9	135	sub-022	ses-104	task-s9	1;2;3	9;9;9
1170	2123	1170	1171	3	3	trialwise	1612;3478;5178	1612;3478;5178	11;22;33	11;109;41	sub-022_ses-105_task-s11;sub-022_ses-204_task-s11;sub-022_ses-306_task-s11	1612	11	11	sub-022	ses-105	task-s11	1;2;3	11;11;11
1171	2147	1171	1172	3	3	trialwise	1364;3190;4902	1364;3190;4902	9;20;31	97;155;99	sub-022_ses-104_task-s9;sub-022_ses-203_task-s9;sub-022_ses-305_task-s9	1364	9	97	sub-022	ses-104	task-s9	1;2;3	9;9;9
1172	2163	1172	1173	3	3	trialwise	1660;3512;5149	1660;3512;5149	11;22;33	59;143;12	sub-022_ses-105_task-s11;sub-022_ses-204_task-s11;sub-022_ses-306_task-s11	1660	11	59	sub-022	ses-105	task-s11	1;2;3	11;11;11
1173	2187	1173	1174	3	3	trialwise	1331;3187;4876	1331;3187;4876	9;20;31	64;152;73	sub-022_ses-104_task-s9;sub-022_ses-203_task-s9;sub-022_ses-305_task-s9	1331	9	64	sub-022	ses-104	task-s9	1;2;3	9;9;9
1174	2204	1174	1175	3	3	trialwise	1277;3099;4898	1277;3099;4898	9;20;31	10;64;95	sub-022_ses-104_task-s9;sub-022_ses-203_task-s9;sub-022_ses-305_task-s9	1277	9	10	sub-022	ses-104	task-s9	1;2;3	9;9;9
1175	2211	1175	1176	3	3	trialwise	1285;3080;4840	1285;3080;4840	9;20;31	18;45;37	sub-022_ses-104_task-s9;sub-022_ses-203_task-s9;sub-022_ses-305_task-s9	1285	9	18	sub-022	ses-104	task-s9	1;2;3	9;9;9
1176	2244	1176	1177	3	3	trialwise	1431;3108;4915	1431;3108;4915	9;20;31	164;73;112	sub-022_ses-104_task-s9;sub-022_ses-203_task-s9;sub-022_ses-305_task-s9	1431	9	164	sub-022	ses-104	task-s9	1;2;3	9;9;9
1177	2253	1177	1178	3	3	trialwise	1432;3146;4961	1432;3146;4961	9;20;31	165;111;158	sub-022_ses-104_task-s9;sub-022_ses-203_task-s9;sub-022_ses-305_task-s9	1432	9	165	sub-022	ses-104	task-s9	1;2;3	9;9;9
1178	2288	1178	1179	3	3	trialwise	1481;3230;4978	1481;3230;4978	10;21;32	47;28;8	sub-022_ses-104_task-s10;sub-022_ses-203_task-s10;sub-022_ses-307_task-s10	1481	10	47	sub-022	ses-104	task-s10	1;2;3	10;10;10
1179	2310	1179	1180	3	3	trialwise	1454;3218;5111	1454;3218;5111	10;21;32	20;16;141	sub-022_ses-104_task-s10;sub-022_ses-203_task-s10;sub-022_ses-307_task-s10	1454	10	20	sub-022	ses-104	task-s10	1;2;3	10;10;10
1180	2333	1180	1181	3	3	trialwise	1580;3304;5041	1580;3304;5041	10;21;32	146;102;71	sub-022_ses-104_task-s10;sub-022_ses-203_task-s10;sub-022_ses-307_task-s10	1580	10	146	sub-022	ses-104	task-s10	1;2;3	10;10;10
1181	2345	1181	1182	3	3	trialwise	1344;3038;4866	1344;3038;4866	9;20;31	77;3;63	sub-022_ses-104_task-s9;sub-022_ses-203_task-s9;sub-022_ses-305_task-s9	1344	9	77	sub-022	ses-104	task-s9	1;2;3	9;9;9
1182	2376	1182	1183	3	3	trialwise	1510;3244;5080	1510;3244;5080	10;21;32	76;42;110	sub-022_ses-104_task-s10;sub-022_ses-203_task-s10;sub-022_ses-307_task-s10	1510	10	76	sub-022	ses-104	task-s10	1;2;3	10;10;10
1183	2393	1183	1184	3	3	trialwise	1409;3139;4821	1409;3139;4821	9;20;31	142;104;18	sub-022_ses-104_task-s9;sub-022_ses-203_task-s9;sub-022_ses-305_task-s9	1409	9	142	sub-022	ses-104	task-s9	1;2;3	9;9;9
1184	2401	1184	1185	3	3	trialwise	1635;3435;5284	1635;3435;5284	11;22;33	34;66;147	sub-022_ses-105_task-s11;sub-022_ses-204_task-s11;sub-022_ses-306_task-s11	1635	11	34	sub-022	ses-105	task-s11	1;2;3	11;11;11
1185	2417	1185	1186	3	3	trialwise	1516;3328;5039	1516;3328;5039	10;21;32	82;126;69	sub-022_ses-104_task-s10;sub-022_ses-203_task-s10;sub-022_ses-307_task-s10	1516	10	82	sub-022	ses-104	task-s10	1;2;3	10;10;10
1186	2453	1186	1187	3	3	trialwise	1334;3145;4926	1334;3145;4926	9;20;31	67;110;123	sub-022_ses-104_task-s9;sub-022_ses-203_task-s9;sub-022_ses-305_task-s9	1334	9	67	sub-022	ses-104	task-s9	1;2;3	9;9;9
1187	2468	1187	1188	3	3	trialwise	1593;3223;5018	1593;3223;5018	10;21;32	159;21;48	sub-022_ses-104_task-s10;sub-022_ses-203_task-s10;sub-022_ses-307_task-s10	1593	10	159	sub-022	ses-104	task-s10	1;2;3	10;10;10
1188	2486	1188	1189	3	3	trialwise	1734;3376;5293	1734;3376;5293	11;22;33	133;7;156	sub-022_ses-105_task-s11;sub-022_ses-204_task-s11;sub-022_ses-306_task-s11	1734	11	133	sub-022	ses-105	task-s11	1;2;3	11;11;11
1189	2492	1189	1190	3	3	trialwise	1419;3105;4949	1419;3105;4949	9;20;31	152;70;146	sub-022_ses-104_task-s9;sub-022_ses-203_task-s9;sub-022_ses-305_task-s9	1419	9	152	sub-022	ses-104	task-s9	1;2;3	9;9;9
1190	2521	1190	1191	3	3	trialwise	1714;3442;5297	1714;3442;5297	11;22;33	113;73;160	sub-022_ses-105_task-s11;sub-022_ses-204_task-s11;sub-022_ses-306_task-s11	1714	11	113	sub-022	ses-105	task-s11	1;2;3	11;11;11
1191	2545	1191	1192	3	3	trialwise	1653;3499;5175	1653;3499;5175	11;22;33	52;130;38	sub-022_ses-105_task-s11;sub-022_ses-204_task-s11;sub-022_ses-306_task-s11	1653	11	52	sub-022	ses-105	task-s11	1;2;3	11;11;11
1192	2589	1192	1193	3	3	trialwise	1605;3390;5162	1605;3390;5162	11;22;33	4;21;25	sub-022_ses-105_task-s11;sub-022_ses-204_task-s11;sub-022_ses-306_task-s11	1605	11	4	sub-022	ses-105	task-s11	1;2;3	11;11;11
1193	2595	1193	1194	3	3	trialwise	1502;3330;4979	1502;3330;4979	10;21;32	68;128;9	sub-022_ses-104_task-s10;sub-022_ses-203_task-s10;sub-022_ses-307_task-s10	1502	10	68	sub-022	ses-104	task-s10	1;2;3	10;10;10
1194	2610	1194	1195	3	3	trialwise	1497;3217;5057	1497;3217;5057	10;21;32	63;15;87	sub-022_ses-104_task-s10;sub-022_ses-203_task-s10;sub-022_ses-307_task-s10	1497	10	63	sub-022	ses-104	task-s10	1;2;3	10;10;10
1195	2620	1195	1196	3	3	trialwise	1716;3439;5154	1716;3439;5154	11;22;33	115;70;17	sub-022_ses-105_task-s11;sub-022_ses-204_task-s11;sub-022_ses-306_task-s11	1716	11	115	sub-022	ses-105	task-s11	1;2;3	11;11;11
1196	2662	1196	1197	3	3	trialwise	1756;3464;5295	1756;3464;5295	11;22;33	155;95;158	sub-022_ses-105_task-s11;sub-022_ses-204_task-s11;sub-022_ses-306_task-s11	1756	11	155	sub-022	ses-105	task-s11	1;2;3	11;11;11
1197	2680	1197	1198	3	3	trialwise	1616;3501;5237	1616;3501;5237	11;22;33	15;132;100	sub-022_ses-105_task-s11;sub-022_ses-204_task-s11;sub-022_ses-306_task-s11	1616	11	15	sub-022	ses-105	task-s11	1;2;3	11;11;11
1198	2701	1198	1199	3	3	trialwise	1523;3358;5007	1523;3358;5007	10;21;32	89;156;37	sub-022_ses-104_task-s10;sub-022_ses-203_task-s10;sub-022_ses-307_task-s10	1523	10	89	sub-022	ses-104	task-s10	1;2;3	10;10;10
1199	2708	1199	1200	3	3	trialwise	1677;3520;5266	1677;3520;5266	11;22;33	76;151;129	sub-022_ses-105_task-s11;sub-022_ses-204_task-s11;sub-022_ses-306_task-s11	1677	11	76	sub-022	ses-105	task-s11	1;2;3	11;11;11
1200	2725	1200	1201	3	3	trialwise	1321;3195;4869	1321;3195;4869	9;20;31	54;160;66	sub-022_ses-104_task-s9;sub-022_ses-203_task-s9;sub-022_ses-305_task-s9	1321	9	54	sub-022	ses-104	task-s9	1;2;3	9;9;9
1201	2743	1201	1202	3	3	trialwise	1370;3141;4871	1370;3141;4871	9;20;31	103;106;68	sub-022_ses-104_task-s9;sub-022_ses-203_task-s9;sub-022_ses-305_task-s9	1370	9	103	sub-022	ses-104	task-s9	1;2;3	9;9;9
1202	2769	1202	1203	3	3	trialwise	1279;3156;4943	1279;3156;4943	9;20;31	12;121;140	sub-022_ses-104_task-s9;sub-022_ses-203_task-s9;sub-022_ses-305_task-s9	1279	9	12	sub-022	ses-104	task-s9	1;2;3	9;9;9
1203	2784	1203	1204	3	3	trialwise	1534;3208;5095	1534;3208;5095	10;21;32	100;6;125	sub-022_ses-104_task-s10;sub-022_ses-203_task-s10;sub-022_ses-307_task-s10	1534	10	100	sub-022	ses-104	task-s10	1;2;3	10;10;10
1204	2827	1204	1205	3	3	trialwise	1498;3252;5043	1498;3252;5043	10;21;32	64;50;73	sub-022_ses-104_task-s10;sub-022_ses-203_task-s10;sub-022_ses-307_task-s10	1498	10	64	sub-022	ses-104	task-s10	1;2;3	10;10;10
1205	2838	1205	1206	3	3	trialwise	1749;3423;5275	1749;3423;5275	11;22;33	148;54;138	sub-022_ses-105_task-s11;sub-022_ses-204_task-s11;sub-022_ses-306_task-s11	1749	11	148	sub-022	ses-105	task-s11	1;2;3	11;11;11
1206	2841	1206	1207	3	3	trialwise	1640;3402;5254	1640;3402;5254	11;22;33	39;33;117	sub-022_ses-105_task-s11;sub-022_ses-204_task-s11;sub-022_ses-306_task-s11	1640	11	39	sub-022	ses-105	task-s11	1;2;3	11;11;11
1207	2853	1207	1208	3	3	trialwise	1698;3531;5189	1698;3531;5189	11;22;33	97;162;52	sub-022_ses-105_task-s11;sub-022_ses-204_task-s11;sub-022_ses-306_task-s11	1698	11	97	sub-022	ses-105	task-s11	1;2;3	11;11;11
1208	2883	1208	1209	3	3	trialwise	1451;3224;5101	1451;3224;5101	10;21;32	17;22;131	sub-022_ses-104_task-s10;sub-022_ses-203_task-s10;sub-022_ses-307_task-s10	1451	10	17	sub-022	ses-104	task-s10	1;2;3	10;10;10
1209	2886	1209	1210	3	3	trialwise	1652;3494;5143	1652;3494;5143	11;22;33	51;125;6	sub-022_ses-105_task-s11;sub-022_ses-204_task-s11;sub-022_ses-306_task-s11	1652	11	51	sub-022	ses-105	task-s11	1;2;3	11;11;11
1210	2938	1210	1211	3	3	trialwise	1522;3361;5119	1522;3361;5119	10;21;32	88;159;149	sub-022_ses-104_task-s10;sub-022_ses-203_task-s10;sub-022_ses-307_task-s10	1522	10	88	sub-022	ses-104	task-s10	1;2;3	10;10;10
1211	2951	1211	1212	3	3	trialwise	1414;3122;4854	1414;3122;4854	9;20;31	147;87;51	sub-022_ses-104_task-s9;sub-022_ses-203_task-s9;sub-022_ses-305_task-s9	1414	9	147	sub-022	ses-104	task-s9	1;2;3	9;9;9
1212	2973	1212	1213	3	3	trialwise	1407;3075;4837	1407;3075;4837	9;20;31	140;40;34	sub-022_ses-104_task-s9;sub-022_ses-203_task-s9;sub-022_ses-305_task-s9	1407	9	140	sub-022	ses-104	task-s9	1;2;3	9;9;9
1213	2999	1213	1214	3	3	trialwise	1551;3311;5066	1551;3311;5066	10;21;32	117;109;96	sub-022_ses-104_task-s10;sub-022_ses-203_task-s10;sub-022_ses-307_task-s10	1551	10	117	sub-022	ses-104	task-s10	1;2;3	10;10;10
1214	3021	1214	1215	3	3	trialwise	1517;3238;5096	1517;3238;5096	10;21;32	83;36;126	sub-022_ses-104_task-s10;sub-022_ses-203_task-s10;sub-022_ses-307_task-s10	1517	10	83	sub-022	ses-104	task-s10	1;2;3	10;10;10
1215	3039	1215	1216	3	3	trialwise	1728;3511;5193	1728;3511;5193	11;22;33	127;142;56	sub-022_ses-105_task-s11;sub-022_ses-204_task-s11;sub-022_ses-306_task-s11	1728	11	127	sub-022	ses-105	task-s11	1;2;3	11;11;11
1216	3063	1216	1217	3	3	trialwise	1389;3149;4955	1389;3149;4955	9;20;31	122;114;152	sub-022_ses-104_task-s9;sub-022_ses-203_task-s9;sub-022_ses-305_task-s9	1389	9	122	sub-022	ses-104	task-s9	1;2;3	9;9;9
1217	3076	1217	1218	3	3	trialwise	1706;3484;5141	1706;3484;5141	11;22;33	105;115;4	sub-022_ses-105_task-s11;sub-022_ses-204_task-s11;sub-022_ses-306_task-s11	1706	11	105	sub-022	ses-105	task-s11	1;2;3	11;11;11
1218	3098	1218	1219	3	3	trialwise	1599;3317;4982	1599;3317;4982	10;21;32	165;115;12	sub-022_ses-104_task-s10;sub-022_ses-203_task-s10;sub-022_ses-307_task-s10	1599	10	165	sub-022	ses-104	task-s10	1;2;3	10;10;10
1219	3110	1219	1220	3	3	trialwise	1359;3185;4957	1359;3185;4957	9;20;31	92;150;154	sub-022_ses-104_task-s9;sub-022_ses-203_task-s9;sub-022_ses-305_task-s9	1359	9	92	sub-022	ses-104	task-s9	1;2;3	9;9;9
1220	3135	1220	1221	3	3	trialwise	1275;3112;4889	1275;3112;4889	9;20;31	8;77;86	sub-022_ses-104_task-s9;sub-022_ses-203_task-s9;sub-022_ses-305_task-s9	1275	9	8	sub-022	ses-104	task-s9	1;2;3	9;9;9
1221	3151	1221	1222	3	3	trialwise	1644;3485;5187	1644;3485;5187	11;22;33	43;116;50	sub-022_ses-105_task-s11;sub-022_ses-204_task-s11;sub-022_ses-306_task-s11	1644	11	43	sub-022	ses-105	task-s11	1;2;3	11;11;11
1222	3180	1222	1223	3	3	trialwise	1287;3160;4924	1287;3160;4924	9;20;31	20;125;121	sub-022_ses-104_task-s9;sub-022_ses-203_task-s9;sub-022_ses-305_task-s9	1287	9	20	sub-022	ses-104	task-s9	1;2;3	9;9;9
1223	3185	1223	1224	3	3	trialwise	1494;3299;4974	1494;3299;4974	10;21;32	60;97;4	sub-022_ses-104_task-s10;sub-022_ses-203_task-s10;sub-022_ses-307_task-s10	1494	10	60	sub-022	ses-104	task-s10	1;2;3	10;10;10
1224	3218	1224	1225	3	3	trialwise	1678;3415;5256	1678;3415;5256	11;22;33	77;46;119	sub-022_ses-105_task-s11;sub-022_ses-204_task-s11;sub-022_ses-306_task-s11	1678	11	77	sub-022	ses-105	task-s11	1;2;3	11;11;11
1225	3228	1225	1226	3	3	trialwise	1708;3411;5186	1708;3411;5186	11;22;33	107;42;49	sub-022_ses-105_task-s11;sub-022_ses-204_task-s11;sub-022_ses-306_task-s11	1708	11	107	sub-022	ses-105	task-s11	1;2;3	11;11;11
1226	3243	1226	1227	3	3	trialwise	1537;3347;5085	1537;3347;5085	10;21;32	103;145;115	sub-022_ses-104_task-s10;sub-022_ses-203_task-s10;sub-022_ses-307_task-s10	1537	10	103	sub-022	ses-104	task-s10	1;2;3	10;10;10
1227	3262	1227	1228	3	3	trialwise	1680;3470;5248	1680;3470;5248	11;22;33	79;101;111	sub-022_ses-105_task-s11;sub-022_ses-204_task-s11;sub-022_ses-306_task-s11	1680	11	79	sub-022	ses-105	task-s11	1;2;3	11;11;11
1228	3300	1228	1229	3	3	trialwise	1491;3327;5126	1491;3327;5126	10;21;32	57;125;156	sub-022_ses-104_task-s10;sub-022_ses-203_task-s10;sub-022_ses-307_task-s10	1491	10	57	sub-022	ses-104	task-s10	1;2;3	10;10;10
1229	3313	1229	1230	3	3	trialwise	1301;3154;4812	1301;3154;4812	9;20;31	34;119;9	sub-022_ses-104_task-s9;sub-022_ses-203_task-s9;sub-022_ses-305_task-s9	1301	9	34	sub-022	ses-104	task-s9	1;2;3	9;9;9
1230	3329	1230	1231	3	3	trialwise	1339;3072;4948	1339;3072;4948	9;20;31	72;37;145	sub-022_ses-104_task-s9;sub-022_ses-203_task-s9;sub-022_ses-305_task-s9	1339	9	72	sub-022	ses-104	task-s9	1;2;3	9;9;9
1231	3360	1231	1232	3	3	trialwise	1458;3367;5031	1458;3367;5031	10;21;32	24;165;61	sub-022_ses-104_task-s10;sub-022_ses-203_task-s10;sub-022_ses-307_task-s10	1458	10	24	sub-022	ses-104	task-s10	1;2;3	10;10;10
1232	3362	1232	1233	3	3	trialwise	1511;3209;4992	1511;3209;4992	10;21;32	77;7;22	sub-022_ses-104_task-s10;sub-022_ses-203_task-s10;sub-022_ses-307_task-s10	1511	10	77	sub-022	ses-104	task-s10	1;2;3	10;10;10
1233	3383	1233	1234	3	3	trialwise	1478;3266;5034	1478;3266;5034	10;21;32	44;64;64	sub-022_ses-104_task-s10;sub-022_ses-203_task-s10;sub-022_ses-307_task-s10	1478	10	44	sub-022	ses-104	task-s10	1;2;3	10;10;10
1234	3409	1234	1235	3	3	trialwise	1569;3220;4985	1569;3220;4985	10;21;32	135;18;15	sub-022_ses-104_task-s10;sub-022_ses-203_task-s10;sub-022_ses-307_task-s10	1569	10	135	sub-022	ses-104	task-s10	1;2;3	10;10;10
1235	3420	1235	1236	3	3	trialwise	1707;3416;5267	1707;3416;5267	11;22;33	106;47;130	sub-022_ses-105_task-s11;sub-022_ses-204_task-s11;sub-022_ses-306_task-s11	1707	11	106	sub-022	ses-105	task-s11	1;2;3	11;11;11
1236	3470	1236	1237	3	3	trialwise	1446;3338;5088	1446;3338;5088	10;21;32	12;136;118	sub-022_ses-104_task-s10;sub-022_ses-203_task-s10;sub-022_ses-307_task-s10	1446	10	12	sub-022	ses-104	task-s10	1;2;3	10;10;10
1237	3480	1237	1238	3	3	trialwise	1298;3082;4936	1298;3082;4936	9;20;31	31;47;133	sub-022_ses-104_task-s9;sub-022_ses-203_task-s9;sub-022_ses-305_task-s9	1298	9	31	sub-022	ses-104	task-s9	1;2;3	9;9;9
1238	3481	1238	1239	3	3	trialwise	1665;3421;5217	1665;3421;5217	11;22;33	64;52;80	sub-022_ses-105_task-s11;sub-022_ses-204_task-s11;sub-022_ses-306_task-s11	1665	11	64	sub-022	ses-105	task-s11	1;2;3	11;11;11
1239	3516	1239	1240	3	3	trialwise	1525;3228;5108	1525;3228;5108	10;21;32	91;26;138	sub-022_ses-104_task-s10;sub-022_ses-203_task-s10;sub-022_ses-307_task-s10	1525	10	91	sub-022	ses-104	task-s10	1;2;3	10;10;10
1240	3547	1240	1241	3	3	trialwise	1460;3344;5055	1460;3344;5055	10;21;32	26;142;85	sub-022_ses-104_task-s10;sub-022_ses-203_task-s10;sub-022_ses-307_task-s10	1460	10	26	sub-022	ses-104	task-s10	1;2;3	10;10;10
1241	3576	1241	1242	3	3	trialwise	1578;3354;5067	1578;3354;5067	10;21;32	144;152;97	sub-022_ses-104_task-s10;sub-022_ses-203_task-s10;sub-022_ses-307_task-s10	1578	10	144	sub-022	ses-104	task-s10	1;2;3	10;10;10
1242	3580	1242	1243	3	3	trialwise	1727;3425;5252	1727;3425;5252	11;22;33	126;56;115	sub-022_ses-105_task-s11;sub-022_ses-204_task-s11;sub-022_ses-306_task-s11	1727	11	126	sub-022	ses-105	task-s11	1;2;3	11;11;11
1243	3588	1243	1244	3	3	trialwise	1581;3263;4990	1581;3263;4990	10;21;32	147;61;20	sub-022_ses-104_task-s10;sub-022_ses-203_task-s10;sub-022_ses-307_task-s10	1581	10	147	sub-022	ses-104	task-s10	1;2;3	10;10;10
1244	3603	1244	1245	3	3	trialwise	1475;3273;5123	1475;3273;5123	10;21;32	41;71;153	sub-022_ses-104_task-s10;sub-022_ses-203_task-s10;sub-022_ses-307_task-s10	1475	10	41	sub-022	ses-104	task-s10	1;2;3	10;10;10
1245	3610	1245	1246	3	3	trialwise	1396;3125;4927	1396;3125;4927	9;20;31	129;90;124	sub-022_ses-104_task-s9;sub-022_ses-203_task-s9;sub-022_ses-305_task-s9	1396	9	129	sub-022	ses-104	task-s9	1;2;3	9;9;9
1246	3643	1246	1247	3	3	trialwise	1315;3116;4815	1315;3116;4815	9;20;31	48;81;12	sub-022_ses-104_task-s9;sub-022_ses-203_task-s9;sub-022_ses-305_task-s9	1315	9	48	sub-022	ses-104	task-s9	1;2;3	9;9;9
1247	3677	1247	1248	3	3	trialwise	1485;3348;5128	1485;3348;5128	10;21;32	51;146;158	sub-022_ses-104_task-s10;sub-022_ses-203_task-s10;sub-022_ses-307_task-s10	1485	10	51	sub-022	ses-104	task-s10	1;2;3	10;10;10
1248	3682	1248	1249	3	3	trialwise	1562;3332;5129	1562;3332;5129	10;21;32	128;130;159	sub-022_ses-104_task-s10;sub-022_ses-203_task-s10;sub-022_ses-307_task-s10	1562	10	128	sub-022	ses-104	task-s10	1;2;3	10;10;10
1249	3691	1249	1250	3	3	trialwise	1519;3264;4995	1519;3264;4995	10;21;32	85;62;25	sub-022_ses-104_task-s10;sub-022_ses-203_task-s10;sub-022_ses-307_task-s10	1519	10	85	sub-022	ses-104	task-s10	1;2;3	10;10;10
1250	3721	1250	1251	3	3	trialwise	1487;3268;5040	1487;3268;5040	10;21;32	53;66;70	sub-022_ses-104_task-s10;sub-022_ses-203_task-s10;sub-022_ses-307_task-s10	1487	10	53	sub-022	ses-104	task-s10	1;2;3	10;10;10
1251	3750	1251	1252	3	3	trialwise	1482;3359;4972	1482;3359;4972	10;21;32	48;157;2	sub-022_ses-104_task-s10;sub-022_ses-203_task-s10;sub-022_ses-307_task-s10	1482	10	48	sub-022	ses-104	task-s10	1;2;3	10;10;10
1252	3786	1252	1253	3	3	trialwise	1609;3422;5221	1609;3422;5221	11;22;33	8;53;84	sub-022_ses-105_task-s11;sub-022_ses-204_task-s11;sub-022_ses-306_task-s11	1609	11	8	sub-022	ses-105	task-s11	1;2;3	11;11;11
1253	3795	1253	1254	3	3	trialwise	1424;3133;4947	1424;3133;4947	9;20;31	157;98;144	sub-022_ses-104_task-s9;sub-022_ses-203_task-s9;sub-022_ses-305_task-s9	1424	9	157	sub-022	ses-104	task-s9	1;2;3	9;9;9
1254	3805	1254	1255	3	3	trialwise	1286;3062;4921	1286;3062;4921	9;20;31	19;27;118	sub-022_ses-104_task-s9;sub-022_ses-203_task-s9;sub-022_ses-305_task-s9	1286	9	19	sub-022	ses-104	task-s9	1;2;3	9;9;9
1255	3830	1255	1256	3	3	trialwise	1306;3193;4827	1306;3193;4827	9;20;31	39;158;24	sub-022_ses-104_task-s9;sub-022_ses-203_task-s9;sub-022_ses-305_task-s9	1306	9	39	sub-022	ses-104	task-s9	1;2;3	9;9;9
1256	3841	1256	1257	3	3	trialwise	1479;3298;4994	1479;3298;4994	10;21;32	45;96;24	sub-022_ses-104_task-s10;sub-022_ses-203_task-s10;sub-022_ses-307_task-s10	1479	10	45	sub-022	ses-104	task-s10	1;2;3	10;10;10
1257	3853	1257	1258	3	3	trialwise	1518;3334;5000	1518;3334;5000	10;21;32	84;132;30	sub-022_ses-104_task-s10;sub-022_ses-203_task-s10;sub-022_ses-307_task-s10	1518	10	84	sub-022	ses-104	task-s10	1;2;3	10;10;10
1258	3897	1258	1259	3	3	trialwise	1406;3070;4892	1406;3070;4892	9;20;31	139;35;89	sub-022_ses-104_task-s9;sub-022_ses-203_task-s9;sub-022_ses-305_task-s9	1406	9	139	sub-022	ses-104	task-s9	1;2;3	9;9;9
1259	3918	1259	1260	3	3	trialwise	1577;3351;5026	1577;3351;5026	10;21;32	143;149;56	sub-022_ses-104_task-s10;sub-022_ses-203_task-s10;sub-022_ses-307_task-s10	1577	10	143	sub-022	ses-104	task-s10	1;2;3	10;10;10
1260	3947	1260	1261	3	3	trialwise	1452;3349;5082	1452;3349;5082	10;21;32	18;147;112	sub-022_ses-104_task-s10;sub-022_ses-203_task-s10;sub-022_ses-307_task-s10	1452	10	18	sub-022	ses-104	task-s10	1;2;3	10;10;10
1261	3956	1261	1262	3	3	trialwise	1380;3093;4899	1380;3093;4899	9;20;31	113;58;96	sub-022_ses-104_task-s9;sub-022_ses-203_task-s9;sub-022_ses-305_task-s9	1380	9	113	sub-022	ses-104	task-s9	1;2;3	9;9;9
1262	3976	1262	1263	3	3	trialwise	1501;3314;5137	1501;3314;5137	10;21;32	67;112;167	sub-022_ses-104_task-s10;sub-022_ses-203_task-s10;sub-022_ses-307_task-s10	1501	10	67	sub-022	ses-104	task-s10	1;2;3	10;10;10
1263	3984	1263	1264	3	3	trialwise	1515;3272;5016	1515;3272;5016	10;21;32	81;70;46	sub-022_ses-104_task-s10;sub-022_ses-203_task-s10;sub-022_ses-307_task-s10	1515	10	81	sub-022	ses-104	task-s10	1;2;3	10;10;10
1264	4009	1264	1265	3	3	trialwise	1735;3380;5235	1735;3380;5235	11;22;33	134;11;98	sub-022_ses-105_task-s11;sub-022_ses-204_task-s11;sub-022_ses-306_task-s11	1735	11	134	sub-022	ses-105	task-s11	1;2;3	11;11;11
1265	4040	1265	1266	3	3	trialwise	1467;3293;5075	1467;3293;5075	10;21;32	33;91;105	sub-022_ses-104_task-s10;sub-022_ses-203_task-s10;sub-022_ses-307_task-s10	1467	10	33	sub-022	ses-104	task-s10	1;2;3	10;10;10
1266	4056	1266	1267	3	3	trialwise	1748;3522;5197	1748;3522;5197	11;22;33	147;153;60	sub-022_ses-105_task-s11;sub-022_ses-204_task-s11;sub-022_ses-306_task-s11	1748	11	147	sub-022	ses-105	task-s11	1;2;3	11;11;11
1267	4078	1267	1268	3	3	trialwise	1613;3370;5277	1613;3370;5277	11;22;33	12;1;140	sub-022_ses-105_task-s11;sub-022_ses-204_task-s11;sub-022_ses-306_task-s11	1613	11	12	sub-022	ses-105	task-s11	1;2;3	11;11;11
1268	4084	1268	1269	3	3	trialwise	1416;3140;4920	1416;3140;4920	9;20;31	149;105;117	sub-022_ses-104_task-s9;sub-022_ses-203_task-s9;sub-022_ses-305_task-s9	1416	9	149	sub-022	ses-104	task-s9	1;2;3	9;9;9
1269	4100	1269	1270	3	3	trialwise	1723;3535;5258	1723;3535;5258	11;22;33	122;166;121	sub-022_ses-105_task-s11;sub-022_ses-204_task-s11;sub-022_ses-306_task-s11	1723	11	122	sub-022	ses-105	task-s11	1;2;3	11;11;11
1270	4128	1270	1271	3	3	trialwise	1662;3406;5210	1662;3406;5210	11;22;33	61;37;73	sub-022_ses-105_task-s11;sub-022_ses-204_task-s11;sub-022_ses-306_task-s11	1662	11	61	sub-022	ses-105	task-s11	1;2;3	11;11;11
1271	4141	1271	1272	3	3	trialwise	1608;3381;5234	1608;3381;5234	11;22;33	7;12;97	sub-022_ses-105_task-s11;sub-022_ses-204_task-s11;sub-022_ses-306_task-s11	1608	11	7	sub-022	ses-105	task-s11	1;2;3	11;11;11
1272	4173	1272	1273	3	3	trialwise	1646;3412;5145	1646;3412;5145	11;22;33	45;43;8	sub-022_ses-105_task-s11;sub-022_ses-204_task-s11;sub-022_ses-306_task-s11	1646	11	45	sub-022	ses-105	task-s11	1;2;3	11;11;11
1273	4179	1273	1274	3	3	trialwise	1423;3123;4939	1423;3123;4939	9;20;31	156;88;136	sub-022_ses-104_task-s9;sub-022_ses-203_task-s9;sub-022_ses-305_task-s9	1423	9	156	sub-022	ses-104	task-s9	1;2;3	9;9;9
1274	4220	1274	1275	3	3	trialwise	1363;3189;4857	1363;3189;4857	9;20;31	96;154;54	sub-022_ses-104_task-s9;sub-022_ses-203_task-s9;sub-022_ses-305_task-s9	1363	9	96	sub-022	ses-104	task-s9	1;2;3	9;9;9
1275	4238	1275	1276	3	3	trialwise	1513;3353;5077	1513;3353;5077	10;21;32	79;151;107	sub-022_ses-104_task-s10;sub-022_ses-203_task-s10;sub-022_ses-307_task-s10	1513	10	79	sub-022	ses-104	task-s10	1;2;3	10;10;10
1276	4243	1276	1277	3	3	trialwise	1667;3445;5299	1667;3445;5299	11;22;33	66;76;162	sub-022_ses-105_task-s11;sub-022_ses-204_task-s11;sub-022_ses-306_task-s11	1667	11	66	sub-022	ses-105	task-s11	1;2;3	11;11;11
1277	4278	1277	1278	3	3	trialwise	1288;3081;4884	1288;3081;4884	9;20;31	21;46;81	sub-022_ses-104_task-s9;sub-022_ses-203_task-s9;sub-022_ses-305_task-s9	1288	9	21	sub-022	ses-104	task-s9	1;2;3	9;9;9
1278	4285	1278	1279	3	3	trialwise	1375;3181;4905	1375;3181;4905	9;20;31	108;146;102	sub-022_ses-104_task-s9;sub-022_ses-203_task-s9;sub-022_ses-305_task-s9	1375	9	108	sub-022	ses-104	task-s9	1;2;3	9;9;9
1279	4299	1279	1280	3	3	trialwise	1596;3259;5136	1596;3259;5136	10;21;32	162;57;166	sub-022_ses-104_task-s10;sub-022_ses-203_task-s10;sub-022_ses-307_task-s10	1596	10	162	sub-022	ses-104	task-s10	1;2;3	10;10;10
1280	4328	1280	1281	3	3	trialwise	1694;3444;5206	1694;3444;5206	11;22;33	93;75;69	sub-022_ses-105_task-s11;sub-022_ses-204_task-s11;sub-022_ses-306_task-s11	1694	11	93	sub-022	ses-105	task-s11	1;2;3	11;11;11
1281	4349	1281	1282	3	3	trialwise	1604;3430;5240	1604;3430;5240	11;22;33	3;61;103	sub-022_ses-105_task-s11;sub-022_ses-204_task-s11;sub-022_ses-306_task-s11	1604	11	3	sub-022	ses-105	task-s11	1;2;3	11;11;11
1282	4374	1282	1283	3	3	trialwise	1589;3280;5078	1589;3280;5078	10;21;32	155;78;108	sub-022_ses-104_task-s10;sub-022_ses-203_task-s10;sub-022_ses-307_task-s10	1589	10	155	sub-022	ses-104	task-s10	1;2;3	10;10;10
1283	4378	1283	1284	3	3	trialwise	1531;3360;5113	1531;3360;5113	10;21;32	97;158;143	sub-022_ses-104_task-s10;sub-022_ses-203_task-s10;sub-022_ses-307_task-s10	1531	10	97	sub-022	ses-104	task-s10	1;2;3	10;10;10
1284	4408	1284	1285	3	3	trialwise	1341;3087;4952	1341;3087;4952	9;20;31	74;52;149	sub-022_ses-104_task-s9;sub-022_ses-203_task-s9;sub-022_ses-305_task-s9	1341	9	74	sub-022	ses-104	task-s9	1;2;3	9;9;9
1285	4437	1285	1286	3	3	trialwise	1358;3127;4918	1358;3127;4918	9;20;31	91;92;115	sub-022_ses-104_task-s9;sub-022_ses-203_task-s9;sub-022_ses-305_task-s9	1358	9	91	sub-022	ses-104	task-s9	1;2;3	9;9;9
1286	4445	1286	1287	3	3	trialwise	1326;3049;4844	1326;3049;4844	9;20;31	59;14;41	sub-022_ses-104_task-s9;sub-022_ses-203_task-s9;sub-022_ses-305_task-s9	1326	9	59	sub-022	ses-104	task-s9	1;2;3	9;9;9
1287	4476	1287	1288	3	3	trialwise	1649;3438;5177	1649;3438;5177	11;22;33	48;69;40	sub-022_ses-105_task-s11;sub-022_ses-204_task-s11;sub-022_ses-306_task-s11	1649	11	48	sub-022	ses-105	task-s11	1;2;3	11;11;11
1288	4487	1288	1289	3	3	trialwise	1732;3378;5156	1732;3378;5156	11;22;33	131;9;19	sub-022_ses-105_task-s11;sub-022_ses-204_task-s11;sub-022_ses-306_task-s11	1732	11	131	sub-022	ses-105	task-s11	1;2;3	11;11;11
1289	4500	1289	1290	3	3	trialwise	1450;3216;4973	1450;3216;4973	10;21;32	16;14;3	sub-022_ses-104_task-s10;sub-022_ses-203_task-s10;sub-022_ses-307_task-s10	1450	10	16	sub-022	ses-104	task-s10	1;2;3	10;10;10
1290	4539	1290	1291	3	3	trialwise	1327;3111;4908	1327;3111;4908	9;20;31	60;76;105	sub-022_ses-104_task-s9;sub-022_ses-203_task-s9;sub-022_ses-305_task-s9	1327	9	60	sub-022	ses-104	task-s9	1;2;3	9;9;9
1291	4544	1291	1292	3	3	trialwise	1471;3342;5046	1471;3342;5046	10;21;32	37;140;76	sub-022_ses-104_task-s10;sub-022_ses-203_task-s10;sub-022_ses-307_task-s10	1471	10	37	sub-022	ses-104	task-s10	1;2;3	10;10;10
1292	4578	1292	1293	3	3	trialwise	1574;3295;5127	1574;3295;5127	10;21;32	140;93;157	sub-022_ses-104_task-s10;sub-022_ses-203_task-s10;sub-022_ses-307_task-s10	1574	10	140	sub-022	ses-104	task-s10	1;2;3	10;10;10
1293	4589	1293	1294	3	3	trialwise	1709;3524;5259	1709;3524;5259	11;22;33	108;155;122	sub-022_ses-105_task-s11;sub-022_ses-204_task-s11;sub-022_ses-306_task-s11	1709	11	108	sub-022	ses-105	task-s11	1;2;3	11;11;11
1294	4601	1294	1295	3	3	trialwise	1443;3255;5051	1443;3255;5051	10;21;32	9;53;81	sub-022_ses-104_task-s10;sub-022_ses-203_task-s10;sub-022_ses-307_task-s10	1443	10	9	sub-022	ses-104	task-s10	1;2;3	10;10;10
1295	4621	1295	1296	3	3	trialwise	1293;3166;4841	1293;3166;4841	9;20;31	26;131;38	sub-022_ses-104_task-s9;sub-022_ses-203_task-s9;sub-022_ses-305_task-s9	1293	9	26	sub-022	ses-104	task-s9	1;2;3	9;9;9
1296	4649	1296	1297	3	3	trialwise	1342;3086;4933	1342;3086;4933	9;20;31	75;51;130	sub-022_ses-104_task-s9;sub-022_ses-203_task-s9;sub-022_ses-305_task-s9	1342	9	75	sub-022	ses-104	task-s9	1;2;3	9;9;9
1297	4673	1297	1298	3	3	trialwise	1366;3071;4937	1366;3071;4937	9;20;31	99;36;134	sub-022_ses-104_task-s9;sub-022_ses-203_task-s9;sub-022_ses-305_task-s9	1366	9	99	sub-022	ses-104	task-s9	1;2;3	9;9;9
1298	4689	1298	1299	3	3	trialwise	1278;3084;4911	1278;3084;4911	9;20;31	11;49;108	sub-022_ses-104_task-s9;sub-022_ses-203_task-s9;sub-022_ses-305_task-s9	1278	9	11	sub-022	ses-104	task-s9	1;2;3	9;9;9
1299	4695	1299	1300	3	3	trialwise	1671;3533;5212	1671;3533;5212	11;22;33	70;164;75	sub-022_ses-105_task-s11;sub-022_ses-204_task-s11;sub-022_ses-306_task-s11	1671	11	70	sub-022	ses-105	task-s11	1;2;3	11;11;11
1300	4727	1300	1301	3	3	trialwise	1448;3221;5109	1448;3221;5109	10;21;32	14;19;139	sub-022_ses-104_task-s10;sub-022_ses-203_task-s10;sub-022_ses-307_task-s10	1448	10	14	sub-022	ses-104	task-s10	1;2;3	10;10;10
1301	4741	1301	1302	3	3	trialwise	1701;3505;5191	1701;3505;5191	11;22;33	100;136;54	sub-022_ses-105_task-s11;sub-022_ses-204_task-s11;sub-022_ses-306_task-s11	1701	11	100	sub-022	ses-105	task-s11	1;2;3	11;11;11
1302	4788	1302	1303	3	3	trialwise	1663;3476;5216	1663;3476;5216	11;22;33	62;107;79	sub-022_ses-105_task-s11;sub-022_ses-204_task-s11;sub-022_ses-306_task-s11	1663	11	62	sub-022	ses-105	task-s11	1;2;3	11;11;11
1303	4790	1303	1304	3	3	trialwise	1274;3165;4934	1274;3165;4934	9;20;31	7;130;131	sub-022_ses-104_task-s9;sub-022_ses-203_task-s9;sub-022_ses-305_task-s9	1274	9	7	sub-022	ses-104	task-s9	1;2;3	9;9;9
1304	4802	1304	1305	3	3	trialwise	1588;3288;5044	1588;3288;5044	10;21;32	154;86;74	sub-022_ses-104_task-s10;sub-022_ses-203_task-s10;sub-022_ses-307_task-s10	1588	10	154	sub-022	ses-104	task-s10	1;2;3	10;10;10
1305	4840	1305	1306	3	3	trialwise	1426;3158;4856	1426;3158;4856	9;20;31	159;123;53	sub-022_ses-104_task-s9;sub-022_ses-203_task-s9;sub-022_ses-305_task-s9	1426	9	159	sub-022	ses-104	task-s9	1;2;3	9;9;9
1306	4867	1306	1307	3	3	trialwise	1329;3103;4906	1329;3103;4906	9;20;31	62;68;103	sub-022_ses-104_task-s9;sub-022_ses-203_task-s9;sub-022_ses-305_task-s9	1329	9	62	sub-022	ses-104	task-s9	1;2;3	9;9;9
1307	4869	1307	1308	3	3	trialwise	1579;3303;4981	1579;3303;4981	10;21;32	145;101;11	sub-022_ses-104_task-s10;sub-022_ses-203_task-s10;sub-022_ses-307_task-s10	1579	10	145	sub-022	ses-104	task-s10	1;2;3	10;10;10
1308	4905	1308	1309	3	3	trialwise	1384;3089;4954	1384;3089;4954	9;20;31	117;54;151	sub-022_ses-104_task-s9;sub-022_ses-203_task-s9;sub-022_ses-305_task-s9	1384	9	117	sub-022	ses-104	task-s9	1;2;3	9;9;9
1309	4916	1309	1310	3	3	trialwise	1682;3489;5298	1682;3489;5298	11;22;33	81;120;161	sub-022_ses-105_task-s11;sub-022_ses-204_task-s11;sub-022_ses-306_task-s11	1682	11	81	sub-022	ses-105	task-s11	1;2;3	11;11;11
1310	4953	1310	1311	3	3	trialwise	1764;3497;5231	1764;3497;5231	11;22;33	163;128;94	sub-022_ses-105_task-s11;sub-022_ses-204_task-s11;sub-022_ses-306_task-s11	1764	11	163	sub-022	ses-105	task-s11	1;2;3	11;11;11
1311	4959	1311	1312	3	3	trialwise	1567;3233;5024	1567;3233;5024	10;21;32	133;31;54	sub-022_ses-104_task-s10;sub-022_ses-203_task-s10;sub-022_ses-307_task-s10	1567	10	133	sub-022	ses-104	task-s10	1;2;3	10;10;10
1312	4973	1312	1313	3	3	trialwise	1490;3251;5068	1490;3251;5068	10;21;32	56;49;98	sub-022_ses-104_task-s10;sub-022_ses-203_task-s10;sub-022_ses-307_task-s10	1490	10	56	sub-022	ses-104	task-s10	1;2;3	10;10;10
1313	4980	1313	1314	3	3	trialwise	1436;3203;5131	1436;3203;5131	10;21;32	2;1;161	sub-022_ses-104_task-s10;sub-022_ses-203_task-s10;sub-022_ses-307_task-s10	1436	10	2	sub-022	ses-104	task-s10	1;2;3	10;10;10
1314	5008	1314	1315	3	3	trialwise	1621;3461;5166	1621;3461;5166	11;22;33	20;92;29	sub-022_ses-105_task-s11;sub-022_ses-204_task-s11;sub-022_ses-306_task-s11	1621	11	20	sub-022	ses-105	task-s11	1;2;3	11;11;11
1315	5020	1315	1316	3	3	trialwise	1496;3205;5033	1496;3205;5033	10;21;32	62;3;63	sub-022_ses-104_task-s10;sub-022_ses-203_task-s10;sub-022_ses-307_task-s10	1496	10	62	sub-022	ses-104	task-s10	1;2;3	10;10;10
1316	5053	1316	1317	3	3	trialwise	1692;3434;5165	1692;3434;5165	11;22;33	91;65;28	sub-022_ses-105_task-s11;sub-022_ses-204_task-s11;sub-022_ses-306_task-s11	1692	11	91	sub-022	ses-105	task-s11	1;2;3	11;11;11
1317	5066	1317	1318	3	3	trialwise	1381;3096;4823	1381;3096;4823	9;20;31	114;61;20	sub-022_ses-104_task-s9;sub-022_ses-203_task-s9;sub-022_ses-305_task-s9	1381	9	114	sub-022	ses-104	task-s9	1;2;3	9;9;9
1318	5085	1318	1319	3	3	trialwise	1410;3163;4890	1410;3163;4890	9;20;31	143;128;87	sub-022_ses-104_task-s9;sub-022_ses-203_task-s9;sub-022_ses-305_task-s9	1410	9	143	sub-022	ses-104	task-s9	1;2;3	9;9;9
1319	5115	1319	1320	3	3	trialwise	1272;3168;4912	1272;3168;4912	9;20;31	5;133;109	sub-022_ses-104_task-s9;sub-022_ses-203_task-s9;sub-022_ses-305_task-s9	1272	9	5	sub-022	ses-104	task-s9	1;2;3	9;9;9
1320	5122	1320	1321	3	3	trialwise	1742;3404;5290	1742;3404;5290	11;22;33	141;35;153	sub-022_ses-105_task-s11;sub-022_ses-204_task-s11;sub-022_ses-306_task-s11	1742	11	141	sub-022	ses-105	task-s11	1;2;3	11;11;11
1321	5135	1321	1322	3	3	trialwise	1628;3382;5157	1628;3382;5157	11;22;33	27;13;20	sub-022_ses-105_task-s11;sub-022_ses-204_task-s11;sub-022_ses-306_task-s11	1628	11	27	sub-022	ses-105	task-s11	1;2;3	11;11;11
1322	5172	1322	1323	3	3	trialwise	1455;3211;5029	1455;3211;5029	10;21;32	21;9;59	sub-022_ses-104_task-s10;sub-022_ses-203_task-s10;sub-022_ses-307_task-s10	1455	10	21	sub-022	ses-104	task-s10	1;2;3	10;10;10
1323	5177	1323	1324	3	3	trialwise	1681;3521;5281	1681;3521;5281	11;22;33	80;152;144	sub-022_ses-105_task-s11;sub-022_ses-204_task-s11;sub-022_ses-306_task-s11	1681	11	80	sub-022	ses-105	task-s11	1;2;3	11;11;11
1324	5216	1324	1325	3	3	trialwise	1323;3060;4810	1323;3060;4810	9;20;31	56;25;7	sub-022_ses-104_task-s9;sub-022_ses-203_task-s9;sub-022_ses-305_task-s9	1323	9	56	sub-022	ses-104	task-s9	1;2;3	9;9;9
1325	5223	1325	1326	3	3	trialwise	1540;3248;5100	1540;3248;5100	10;21;32	106;46;130	sub-022_ses-104_task-s10;sub-022_ses-203_task-s10;sub-022_ses-307_task-s10	1540	10	106	sub-022	ses-104	task-s10	1;2;3	10;10;10
1326	5271	1326	1327	3	3	trialwise	1489;3352;5062	1489;3352;5062	10;21;32	55;150;92	sub-022_ses-104_task-s10;sub-022_ses-203_task-s10;sub-022_ses-307_task-s10	1489	10	55	sub-022	ses-104	task-s10	1;2;3	10;10;10
1327	5277	1327	1328	3	3	trialwise	1570;3250;5106	1570;3250;5106	10;21;32	136;48;136	sub-022_ses-104_task-s10;sub-022_ses-203_task-s10;sub-022_ses-307_task-s10	1570	10	136	sub-022	ses-104	task-s10	1;2;3	10;10;10
1328	5292	1328	1329	3	3	trialwise	1713;3377;5200	1713;3377;5200	11;22;33	112;8;63	sub-022_ses-105_task-s11;sub-022_ses-204_task-s11;sub-022_ses-306_task-s11	1713	11	112	sub-022	ses-105	task-s11	1;2;3	11;11;11
1329	5316	1329	1330	3	3	trialwise	1456;3326;5002	1456;3326;5002	10;21;32	22;124;32	sub-022_ses-104_task-s10;sub-022_ses-203_task-s10;sub-022_ses-307_task-s10	1456	10	22	sub-022	ses-104	task-s10	1;2;3	10;10;10
1330	5356	1330	1331	3	3	trialwise	1765;3504;5220	1765;3504;5220	11;22;33	164;135;83	sub-022_ses-105_task-s11;sub-022_ses-204_task-s11;sub-022_ses-306_task-s11	1765	11	164	sub-022	ses-105	task-s11	1;2;3	11;11;11
1331	5360	1331	1332	3	3	trialwise	1333;3172;4848	1333;3172;4848	9;20;31	66;137;45	sub-022_ses-104_task-s9;sub-022_ses-203_task-s9;sub-022_ses-305_task-s9	1333	9	66	sub-022	ses-104	task-s9	1;2;3	9;9;9
1332	5373	1332	1333	3	3	trialwise	1316;3067;4851	1316;3067;4851	9;20;31	49;32;48	sub-022_ses-104_task-s9;sub-022_ses-203_task-s9;sub-022_ses-305_task-s9	1316	9	49	sub-022	ses-104	task-s9	1;2;3	9;9;9
1333	5399	1333	1334	3	3	trialwise	1683;3392;5247	1683;3392;5247	11;22;33	82;23;110	sub-022_ses-105_task-s11;sub-022_ses-204_task-s11;sub-022_ses-306_task-s11	1683	11	82	sub-022	ses-105	task-s11	1;2;3	11;11;11
1334	5406	1334	1335	3	3	trialwise	1617;3518;5148	1617;3518;5148	11;22;33	16;149;11	sub-022_ses-105_task-s11;sub-022_ses-204_task-s11;sub-022_ses-306_task-s11	1617	11	16	sub-022	ses-105	task-s11	1;2;3	11;11;11
1335	5432	1335	1336	3	3	trialwise	1503;3313;5121	1503;3313;5121	10;21;32	69;111;151	sub-022_ses-104_task-s10;sub-022_ses-203_task-s10;sub-022_ses-307_task-s10	1503	10	69	sub-022	ses-104	task-s10	1;2;3	10;10;10
1336	5452	1336	1337	3	3	trialwise	1606;3474;5163	1606;3474;5163	11;22;33	5;105;26	sub-022_ses-105_task-s11;sub-022_ses-204_task-s11;sub-022_ses-306_task-s11	1606	11	5	sub-022	ses-105	task-s11	1;2;3	11;11;11
1337	5454	1337	1338	3	3	trialwise	1500;3285;4996	1500;3285;4996	10;21;32	66;83;26	sub-022_ses-104_task-s10;sub-022_ses-203_task-s10;sub-022_ses-307_task-s10	1500	10	66	sub-022	ses-104	task-s10	1;2;3	10;10;10
1338	5501	1338	1339	3	3	trialwise	1712;3466;5209	1712;3466;5209	11;22;33	111;97;72	sub-022_ses-105_task-s11;sub-022_ses-204_task-s11;sub-022_ses-306_task-s11	1712	11	111	sub-022	ses-105	task-s11	1;2;3	11;11;11
1339	5515	1339	1340	3	3	trialwise	1338;3171;4804	1338;3171;4804	9;20;31	71;136;1	sub-022_ses-104_task-s9;sub-022_ses-203_task-s9;sub-022_ses-305_task-s9	1338	9	71	sub-022	ses-104	task-s9	1;2;3	9;9;9
1340	5535	1340	1341	3	3	trialwise	1657;3448;5203	1657;3448;5203	11;22;33	56;79;66	sub-022_ses-105_task-s11;sub-022_ses-204_task-s11;sub-022_ses-306_task-s11	1657	11	56	sub-022	ses-105	task-s11	1;2;3	11;11;11
1341	5552	1341	1342	3	3	trialwise	1659;3507;5261	1659;3507;5261	11;22;33	58;138;124	sub-022_ses-105_task-s11;sub-022_ses-204_task-s11;sub-022_ses-306_task-s11	1659	11	58	sub-022	ses-105	task-s11	1;2;3	11;11;11
1342	5585	1342	1343	3	3	trialwise	1302;3052;4881	1302;3052;4881	9;20;31	35;17;78	sub-022_ses-104_task-s9;sub-022_ses-203_task-s9;sub-022_ses-305_task-s9	1302	9	35	sub-022	ses-104	task-s9	1;2;3	9;9;9
1343	5586	1343	1344	3	3	trialwise	1740;3491;5272	1740;3491;5272	11;22;33	139;122;135	sub-022_ses-105_task-s11;sub-022_ses-204_task-s11;sub-022_ses-306_task-s11	1740	11	139	sub-022	ses-105	task-s11	1;2;3	11;11;11
1344	5617	1344	1345	3	3	trialwise	1626;3471;5146	1626;3471;5146	11;22;33	25;102;9	sub-022_ses-105_task-s11;sub-022_ses-204_task-s11;sub-022_ses-306_task-s11	1626	11	25	sub-022	ses-105	task-s11	1;2;3	11;11;11
1345	5623	1345	1346	3	3	trialwise	1314;3167;4903	1314;3167;4903	9;20;31	47;132;100	sub-022_ses-104_task-s9;sub-022_ses-203_task-s9;sub-022_ses-305_task-s9	1314	9	47	sub-022	ses-104	task-s9	1;2;3	9;9;9
1346	5650	1346	1347	3	3	trialwise	1532;3232;5060	1532;3232;5060	10;21;32	98;30;90	sub-022_ses-104_task-s10;sub-022_ses-203_task-s10;sub-022_ses-307_task-s10	1532	10	98	sub-022	ses-104	task-s10	1;2;3	10;10;10
1347	5652	1347	1348	3	3	trialwise	1566;3231;5058	1566;3231;5058	10;21;32	132;29;88	sub-022_ses-104_task-s10;sub-022_ses-203_task-s10;sub-022_ses-307_task-s10	1566	10	132	sub-022	ses-104	task-s10	1;2;3	10;10;10
1348	5707	1348	1349	3	3	trialwise	1447;3340;5022	1447;3340;5022	10;21;32	13;138;52	sub-022_ses-104_task-s10;sub-022_ses-203_task-s10;sub-022_ses-307_task-s10	1447	10	13	sub-022	ses-104	task-s10	1;2;3	10;10;10
1349	5708	1349	1350	3	3	trialwise	1590;3245;4993	1590;3245;4993	10;21;32	156;43;23	sub-022_ses-104_task-s10;sub-022_ses-203_task-s10;sub-022_ses-307_task-s10	1590	10	156	sub-022	ses-104	task-s10	1;2;3	10;10;10
1350	5738	1350	1351	3	3	trialwise	1360;3065;4882	1360;3065;4882	9;20;31	93;30;79	sub-022_ses-104_task-s9;sub-022_ses-203_task-s9;sub-022_ses-305_task-s9	1360	9	93	sub-022	ses-104	task-s9	1;2;3	9;9;9
1351	5755	1351	1352	3	3	trialwise	1747;3401;5227	1747;3401;5227	11;22;33	146;32;90	sub-022_ses-105_task-s11;sub-022_ses-204_task-s11;sub-022_ses-306_task-s11	1747	11	146	sub-022	ses-105	task-s11	1;2;3	11;11;11
1352	5791	1352	1353	3	3	trialwise	1553;3277;5001	1553;3277;5001	10;21;32	119;75;31	sub-022_ses-104_task-s10;sub-022_ses-203_task-s10;sub-022_ses-307_task-s10	1553	10	119	sub-022	ses-104	task-s10	1;2;3	10;10;10
1353	5795	1353	1354	3	3	trialwise	1435;3322;5008	1435;3322;5008	10;21;32	1;120;38	sub-022_ses-104_task-s10;sub-022_ses-203_task-s10;sub-022_ses-307_task-s10	1435	10	1	sub-022	ses-104	task-s10	1;2;3	10;10;10
1354	5821	1354	1355	3	3	trialwise	1584;3363;5006	1584;3363;5006	10;21;32	150;161;36	sub-022_ses-104_task-s10;sub-022_ses-203_task-s10;sub-022_ses-307_task-s10	1584	10	150	sub-022	ses-104	task-s10	1;2;3	10;10;10
1355	5826	1355	1356	3	3	trialwise	1618;3500;5139	1618;3500;5139	11;22;33	17;131;2	sub-022_ses-105_task-s11;sub-022_ses-204_task-s11;sub-022_ses-306_task-s11	1618	11	17	sub-022	ses-105	task-s11	1;2;3	11;11;11
1356	5873	1356	1357	3	3	trialwise	1568;3281;4998	1568;3281;4998	10;21;32	134;79;28	sub-022_ses-104_task-s10;sub-022_ses-203_task-s10;sub-022_ses-307_task-s10	1568	10	134	sub-022	ses-104	task-s10	1;2;3	10;10;10
1357	5880	1357	1358	3	3	trialwise	1330;3129;4816	1330;3129;4816	9;20;31	63;94;13	sub-022_ses-104_task-s9;sub-022_ses-203_task-s9;sub-022_ses-305_task-s9	1330	9	63	sub-022	ses-104	task-s9	1;2;3	9;9;9
1358	5898	1358	1359	3	3	trialwise	1444;3355;4983	1444;3355;4983	10;21;32	10;153;13	sub-022_ses-104_task-s10;sub-022_ses-203_task-s10;sub-022_ses-307_task-s10	1444	10	10	sub-022	ses-104	task-s10	1;2;3	10;10;10
1359	5902	1359	1360	3	3	trialwise	1429;3137;4864	1429;3137;4864	9;20;31	162;102;61	sub-022_ses-104_task-s9;sub-022_ses-203_task-s9;sub-022_ses-305_task-s9	1429	9	162	sub-022	ses-104	task-s9	1;2;3	9;9;9
1360	5922	1360	1361	3	3	trialwise	1539;3345;5071	1539;3345;5071	10;21;32	105;143;101	sub-022_ses-104_task-s10;sub-022_ses-203_task-s10;sub-022_ses-307_task-s10	1539	10	105	sub-022	ses-104	task-s10	1;2;3	10;10;10
1361	5937	1361	1362	3	3	trialwise	1691;3441;5245	1691;3441;5245	11;22;33	90;72;108	sub-022_ses-105_task-s11;sub-022_ses-204_task-s11;sub-022_ses-306_task-s11	1691	11	90	sub-022	ses-105	task-s11	1;2;3	11;11;11
1362	5963	1362	1363	3	3	trialwise	1422;3135;4817	1422;3135;4817	9;20;31	155;100;14	sub-022_ses-104_task-s9;sub-022_ses-203_task-s9;sub-022_ses-305_task-s9	1422	9	155	sub-022	ses-104	task-s9	1;2;3	9;9;9
1363	5977	1363	1364	3	3	trialwise	1284;3192;4813	1284;3192;4813	9;20;31	17;157;10	sub-022_ses-104_task-s9;sub-022_ses-203_task-s9;sub-022_ses-305_task-s9	1284	9	17	sub-022	ses-104	task-s9	1;2;3	9;9;9
1364	6030	1364	1365	3	3	trialwise	1400;3118;4831	1400;3118;4831	9;20;31	133;83;28	sub-022_ses-104_task-s9;sub-022_ses-203_task-s9;sub-022_ses-305_task-s9	1400	9	133	sub-022	ses-104	task-s9	1;2;3	9;9;9
1365	6033	1365	1366	3	3	trialwise	1702;3398;5255	1702;3398;5255	11;22;33	101;29;118	sub-022_ses-105_task-s11;sub-022_ses-204_task-s11;sub-022_ses-306_task-s11	1702	11	101	sub-022	ses-105	task-s11	1;2;3	11;11;11
1366	6052	1366	1367	3	3	trialwise	1388;3077;4835	1388;3077;4835	9;20;31	121;42;32	sub-022_ses-104_task-s9;sub-022_ses-203_task-s9;sub-022_ses-305_task-s9	1388	9	121	sub-022	ses-104	task-s9	1;2;3	9;9;9
1367	6073	1367	1368	3	3	trialwise	1755;3447;5273	1755;3447;5273	11;22;33	154;78;136	sub-022_ses-105_task-s11;sub-022_ses-204_task-s11;sub-022_ses-306_task-s11	1755	11	154	sub-022	ses-105	task-s11	1;2;3	11;11;11
1368	6090	1368	1369	3	3	trialwise	1597;3362;5073	1597;3362;5073	10;21;32	163;160;103	sub-022_ses-104_task-s10;sub-022_ses-203_task-s10;sub-022_ses-307_task-s10	1597	10	163	sub-022	ses-104	task-s10	1;2;3	10;10;10
1369	6108	1369	1370	3	3	trialwise	1371;3180;4838	1371;3180;4838	9;20;31	104;145;35	sub-022_ses-104_task-s9;sub-022_ses-203_task-s9;sub-022_ses-305_task-s9	1371	9	104	sub-022	ses-104	task-s9	1;2;3	9;9;9
1370	6143	1370	1371	3	3	trialwise	1630;3482;5173	1630;3482;5173	11;22;33	29;113;36	sub-022_ses-105_task-s11;sub-022_ses-204_task-s11;sub-022_ses-306_task-s11	1630	11	29	sub-022	ses-105	task-s11	1;2;3	11;11;11
1371	6145	1371	1372	3	3	trialwise	1542;3282;5092	1542;3282;5092	10;21;32	108;80;122	sub-022_ses-104_task-s10;sub-022_ses-203_task-s10;sub-022_ses-307_task-s10	1542	10	108	sub-022	ses-104	task-s10	1;2;3	10;10;10
1372	6171	1372	1373	3	3	trialwise	1508;3236;5036	1508;3236;5036	10;21;32	74;34;66	sub-022_ses-104_task-s10;sub-022_ses-203_task-s10;sub-022_ses-307_task-s10	1508	10	74	sub-022	ses-104	task-s10	1;2;3	10;10;10
1373	6182	1373	1374	3	3	trialwise	1627;3373;5167	1627;3373;5167	11;22;33	26;4;30	sub-022_ses-105_task-s11;sub-022_ses-204_task-s11;sub-022_ses-306_task-s11	1627	11	26	sub-022	ses-105	task-s11	1;2;3	11;11;11
1374	6207	1374	1375	3	3	trialwise	1300;3106;4826	1300;3106;4826	9;20;31	33;71;23	sub-022_ses-104_task-s9;sub-022_ses-203_task-s9;sub-022_ses-305_task-s9	1300	9	33	sub-022	ses-104	task-s9	1;2;3	9;9;9
1375	6234	1375	1376	3	3	trialwise	1390;3098;4904	1390;3098;4904	9;20;31	123;63;101	sub-022_ses-104_task-s9;sub-022_ses-203_task-s9;sub-022_ses-305_task-s9	1390	9	123	sub-022	ses-104	task-s9	1;2;3	9;9;9
1376	6246	1376	1377	3	3	trialwise	1367;3045;4858	1367;3045;4858	9;20;31	100;10;55	sub-022_ses-104_task-s9;sub-022_ses-203_task-s9;sub-022_ses-305_task-s9	1367	9	100	sub-022	ses-104	task-s9	1;2;3	9;9;9
1377	6260	1377	1378	3	3	trialwise	1753;3424;5144	1753;3424;5144	11;22;33	152;55;7	sub-022_ses-105_task-s11;sub-022_ses-204_task-s11;sub-022_ses-306_task-s11	1753	11	152	sub-022	ses-105	task-s11	1;2;3	11;11;11
1378	6285	1378	1379	3	3	trialwise	1690;3410;5303	1690;3410;5303	11;22;33	89;41;166	sub-022_ses-105_task-s11;sub-022_ses-204_task-s11;sub-022_ses-306_task-s11	1690	11	89	sub-022	ses-105	task-s11	1;2;3	11;11;11
1379	6309	1379	1380	3	3	trialwise	1483;3296;4991	1483;3296;4991	10;21;32	49;94;21	sub-022_ses-104_task-s10;sub-022_ses-203_task-s10;sub-022_ses-307_task-s10	1483	10	49	sub-022	ses-104	task-s10	1;2;3	10;10;10
1380	6352	1380	1381	3	3	trialwise	1658;3431;5269	1658;3431;5269	11;22;33	57;62;132	sub-022_ses-105_task-s11;sub-022_ses-204_task-s11;sub-022_ses-306_task-s11	1658	11	57	sub-022	ses-105	task-s11	1;2;3	11;11;11
1381	6353	1381	1382	3	3	trialwise	1353;3107;4819	1353;3107;4819	9;20;31	86;72;16	sub-022_ses-104_task-s9;sub-022_ses-203_task-s9;sub-022_ses-305_task-s9	1353	9	86	sub-022	ses-104	task-s9	1;2;3	9;9;9
1382	6378	1382	1383	3	3	trialwise	1297;3179;4808	1297;3179;4808	9;20;31	30;144;5	sub-022_ses-104_task-s9;sub-022_ses-203_task-s9;sub-022_ses-305_task-s9	1297	9	30	sub-022	ses-104	task-s9	1;2;3	9;9;9
1383	6386	1383	1384	3	3	trialwise	1689;3385;5250	1689;3385;5250	11;22;33	88;16;113	sub-022_ses-105_task-s11;sub-022_ses-204_task-s11;sub-022_ses-306_task-s11	1689	11	88	sub-022	ses-105	task-s11	1;2;3	11;11;11
1384	6401	1384	1385	3	3	trialwise	1472;3368;5072	1472;3368;5072	10;21;32	38;166;102	sub-022_ses-104_task-s10;sub-022_ses-203_task-s10;sub-022_ses-307_task-s10	1472	10	38	sub-022	ses-104	task-s10	1;2;3	10;10;10
1385	6423	1385	1386	3	3	trialwise	1741;3375;5199	1741;3375;5199	11;22;33	140;6;62	sub-022_ses-105_task-s11;sub-022_ses-204_task-s11;sub-022_ses-306_task-s11	1741	11	140	sub-022	ses-105	task-s11	1;2;3	11;11;11
1386	6464	1386	1387	3	3	trialwise	1332;3201;4896	1332;3201;4896	9;20;31	65;166;93	sub-022_ses-104_task-s9;sub-022_ses-203_task-s9;sub-022_ses-305_task-s9	1332	9	65	sub-022	ses-104	task-s9	1;2;3	9;9;9
1387	6472	1387	1388	3	3	trialwise	1744;3496;5238	1744;3496;5238	11;22;33	143;127;101	sub-022_ses-105_task-s11;sub-022_ses-204_task-s11;sub-022_ses-306_task-s11	1744	11	143	sub-022	ses-105	task-s11	1;2;3	11;11;11
1388	6485	1388	1389	3	3	trialwise	1695;3386;5168	1695;3386;5168	11;22;33	94;17;31	sub-022_ses-105_task-s11;sub-022_ses-204_task-s11;sub-022_ses-306_task-s11	1695	11	94	sub-022	ses-105	task-s11	1;2;3	11;11;11
1389	6503	1389	1390	3	3	trialwise	1693;3513;5241	1693;3513;5241	11;22;33	92;144;104	sub-022_ses-105_task-s11;sub-022_ses-204_task-s11;sub-022_ses-306_task-s11	1693	11	92	sub-022	ses-105	task-s11	1;2;3	11;11;11
1390	6535	1390	1391	3	3	trialwise	1421;3174;4867	1421;3174;4867	9;20;31	154;139;64	sub-022_ses-104_task-s9;sub-022_ses-203_task-s9;sub-022_ses-305_task-s9	1421	9	154	sub-022	ses-104	task-s9	1;2;3	9;9;9
1391	6546	1391	1392	3	3	trialwise	1506;3274;5014	1506;3274;5014	10;21;32	72;72;44	sub-022_ses-104_task-s10;sub-022_ses-203_task-s10;sub-022_ses-307_task-s10	1506	10	72	sub-022	ses-104	task-s10	1;2;3	10;10;10
1392	6566	1392	1393	3	3	trialwise	1645;3399;5181	1645;3399;5181	11;22;33	44;30;44	sub-022_ses-105_task-s11;sub-022_ses-204_task-s11;sub-022_ses-306_task-s11	1645	11	44	sub-022	ses-105	task-s11	1;2;3	11;11;11
1393	6582	1393	1394	3	3	trialwise	1573;3309;5083	1573;3309;5083	10;21;32	139;107;113	sub-022_ses-104_task-s10;sub-022_ses-203_task-s10;sub-022_ses-307_task-s10	1573	10	139	sub-022	ses-104	task-s10	1;2;3	10;10;10
1394	6610	1394	1395	3	3	trialwise	1703;3498;5244	1703;3498;5244	11;22;33	102;129;107	sub-022_ses-105_task-s11;sub-022_ses-204_task-s11;sub-022_ses-306_task-s11	1703	11	102	sub-022	ses-105	task-s11	1;2;3	11;11;11
1395	6632	1395	1396	3	3	trialwise	1405;3083;4860	1405;3083;4860	9;20;31	138;48;57	sub-022_ses-104_task-s9;sub-022_ses-203_task-s9;sub-022_ses-305_task-s9	1405	9	138	sub-022	ses-104	task-s9	1;2;3	9;9;9
1396	6655	1396	1397	3	3	trialwise	1557;3346;5110	1557;3346;5110	10;21;32	123;144;140	sub-022_ses-104_task-s10;sub-022_ses-203_task-s10;sub-022_ses-307_task-s10	1557	10	123	sub-022	ses-104	task-s10	1;2;3	10;10;10
1397	6679	1397	1398	3	3	trialwise	1615;3454;5292	1615;3454;5292	11;22;33	14;85;155	sub-022_ses-105_task-s11;sub-022_ses-204_task-s11;sub-022_ses-306_task-s11	1615	11	14	sub-022	ses-105	task-s11	1;2;3	11;11;11
1398	6694	1398	1399	3	3	trialwise	1556;3256;5125	1556;3256;5125	10;21;32	122;54;155	sub-022_ses-104_task-s10;sub-022_ses-203_task-s10;sub-022_ses-307_task-s10	1556	10	122	sub-022	ses-104	task-s10	1;2;3	10;10;10
1399	6714	1399	1400	3	3	trialwise	1623;3450;5289	1623;3450;5289	11;22;33	22;81;152	sub-022_ses-105_task-s11;sub-022_ses-204_task-s11;sub-022_ses-306_task-s11	1623	11	22	sub-022	ses-105	task-s11	1;2;3	11;11;11
1400	6721	1400	1401	3	3	trialwise	1637;3495;5224	1637;3495;5224	11;22;33	36;126;87	sub-022_ses-105_task-s11;sub-022_ses-204_task-s11;sub-022_ses-306_task-s11	1637	11	36	sub-022	ses-105	task-s11	1;2;3	11;11;11
1401	6739	1401	1402	3	3	trialwise	1376;3126;4874	1376;3126;4874	9;20;31	109;91;71	sub-022_ses-104_task-s9;sub-022_ses-203_task-s9;sub-022_ses-305_task-s9	1376	9	109	sub-022	ses-104	task-s9	1;2;3	9;9;9
1402	6784	1402	1403	3	3	trialwise	1442;3321;5050	1442;3321;5050	10;21;32	8;119;80	sub-022_ses-104_task-s10;sub-022_ses-203_task-s10;sub-022_ses-307_task-s10	1442	10	8	sub-022	ses-104	task-s10	1;2;3	10;10;10
1403	6796	1403	1404	3	3	trialwise	1470;3240;5063	1470;3240;5063	10;21;32	36;38;93	sub-022_ses-104_task-s10;sub-022_ses-203_task-s10;sub-022_ses-307_task-s10	1470	10	36	sub-022	ses-104	task-s10	1;2;3	10;10;10
1404	6828	1404	1405	3	3	trialwise	1554;3343;5020	1554;3343;5020	10;21;32	120;141;50	sub-022_ses-104_task-s10;sub-022_ses-203_task-s10;sub-022_ses-307_task-s10	1554	10	120	sub-022	ses-104	task-s10	1;2;3	10;10;10
1405	6837	1405	1406	3	3	trialwise	1666;3486;5161	1666;3486;5161	11;22;33	65;117;24	sub-022_ses-105_task-s11;sub-022_ses-204_task-s11;sub-022_ses-306_task-s11	1666	11	65	sub-022	ses-105	task-s11	1;2;3	11;11;11
1406	6847	1406	1407	3	3	trialwise	1602;3452;5211	1602;3452;5211	11;22;33	1;83;74	sub-022_ses-105_task-s11;sub-022_ses-204_task-s11;sub-022_ses-306_task-s11	1602	11	1	sub-022	ses-105	task-s11	1;2;3	11;11;11
1407	6856	1407	1408	3	3	trialwise	1639;3472;5176	1639;3472;5176	11;22;33	38;103;39	sub-022_ses-105_task-s11;sub-022_ses-204_task-s11;sub-022_ses-306_task-s11	1639	11	38	sub-022	ses-105	task-s11	1;2;3	11;11;11
1408	6885	1408	1409	3	3	trialwise	1582;3213;5047	1582;3213;5047	10;21;32	148;11;77	sub-022_ses-104_task-s10;sub-022_ses-203_task-s10;sub-022_ses-307_task-s10	1582	10	148	sub-022	ses-104	task-s10	1;2;3	10;10;10
1409	6900	1409	1410	3	3	trialwise	1465;3292;5009	1465;3292;5009	10;21;32	31;90;39	sub-022_ses-104_task-s10;sub-022_ses-203_task-s10;sub-022_ses-307_task-s10	1465	10	31	sub-022	ses-104	task-s10	1;2;3	10;10;10
1410	6923	1410	1411	3	3	trialwise	1607;3503;5204	1607;3503;5204	11;22;33	6;134;67	sub-022_ses-105_task-s11;sub-022_ses-204_task-s11;sub-022_ses-306_task-s11	1607	11	6	sub-022	ses-105	task-s11	1;2;3	11;11;11
1411	6938	1411	1412	3	3	trialwise	1638;3487;5196	1638;3487;5196	11;22;33	37;118;59	sub-022_ses-105_task-s11;sub-022_ses-204_task-s11;sub-022_ses-306_task-s11	1638	11	37	sub-022	ses-105	task-s11	1;2;3	11;11;11
1412	6970	1412	1413	3	3	trialwise	1733;3460;5239	1733;3460;5239	11;22;33	132;91;102	sub-022_ses-105_task-s11;sub-022_ses-204_task-s11;sub-022_ses-306_task-s11	1733	11	132	sub-022	ses-105	task-s11	1;2;3	11;11;11
1413	6979	1413	1414	3	3	trialwise	1350;3104;4859	1350;3104;4859	9;20;31	83;69;56	sub-022_ses-104_task-s9;sub-022_ses-203_task-s9;sub-022_ses-305_task-s9	1350	9	83	sub-022	ses-104	task-s9	1;2;3	9;9;9
1414	7009	1414	1415	3	3	trialwise	1760;3493;5294	1760;3493;5294	11;22;33	159;124;157	sub-022_ses-105_task-s11;sub-022_ses-204_task-s11;sub-022_ses-306_task-s11	1760	11	159	sub-022	ses-105	task-s11	1;2;3	11;11;11
1415	7025	1415	1416	3	3	trialwise	1762;3393;5192	1762;3393;5192	11;22;33	161;24;55	sub-022_ses-105_task-s11;sub-022_ses-204_task-s11;sub-022_ses-306_task-s11	1762	11	161	sub-022	ses-105	task-s11	1;2;3	11;11;11
1416	7045	1416	1417	3	3	trialwise	1283;3109;4814	1283;3109;4814	9;20;31	16;74;11	sub-022_ses-104_task-s9;sub-022_ses-203_task-s9;sub-022_ses-305_task-s9	1283	9	16	sub-022	ses-104	task-s9	1;2;3	9;9;9
1417	7061	1417	1418	3	3	trialwise	1308;3177;4931	1308;3177;4931	9;20;31	41;142;128	sub-022_ses-104_task-s9;sub-022_ses-203_task-s9;sub-022_ses-305_task-s9	1308	9	41	sub-022	ses-104	task-s9	1;2;3	9;9;9
1418	7092	1418	1419	3	3	trialwise	1437;3260;5019	1437;3260;5019	10;21;32	3;58;49	sub-022_ses-104_task-s10;sub-022_ses-203_task-s10;sub-022_ses-307_task-s10	1437	10	3	sub-022	ses-104	task-s10	1;2;3	10;10;10
1419	7110	1419	1420	3	3	trialwise	1352;3197;4938	1352;3197;4938	9;20;31	85;162;135	sub-022_ses-104_task-s9;sub-022_ses-203_task-s9;sub-022_ses-305_task-s9	1352	9	85	sub-022	ses-104	task-s9	1;2;3	9;9;9
1420	7122	1420	1421	3	3	trialwise	1459;3356;5098	1459;3356;5098	10;21;32	25;154;128	sub-022_ses-104_task-s10;sub-022_ses-203_task-s10;sub-022_ses-307_task-s10	1459	10	25	sub-022	ses-104	task-s10	1;2;3	10;10;10
1421	7138	1421	1422	3	3	trialwise	1715;3395;5251	1715;3395;5251	11;22;33	114;26;114	sub-022_ses-105_task-s11;sub-022_ses-204_task-s11;sub-022_ses-306_task-s11	1715	11	114	sub-022	ses-105	task-s11	1;2;3	11;11;11
1422	7176	1422	1423	3	3	trialwise	1343;3068;4807	1343;3068;4807	9;20;31	76;33;4	sub-022_ses-104_task-s9;sub-022_ses-203_task-s9;sub-022_ses-305_task-s9	1343	9	76	sub-022	ses-104	task-s9	1;2;3	9;9;9
1423	7183	1423	1424	3	3	trialwise	1603;3515;5236	1603;3515;5236	11;22;33	2;146;99	sub-022_ses-105_task-s11;sub-022_ses-204_task-s11;sub-022_ses-306_task-s11	1603	11	2	sub-022	ses-105	task-s11	1;2;3	11;11;11
1424	7202	1424	1425	3	3	trialwise	1636;3427;5286	1636;3427;5286	11;22;33	35;58;149	sub-022_ses-105_task-s11;sub-022_ses-204_task-s11;sub-022_ses-306_task-s11	1636	11	35	sub-022	ses-105	task-s11	1;2;3	11;11;11
1425	7218	1425	1426	3	3	trialwise	1526;3270;5104	1526;3270;5104	10;21;32	92;68;134	sub-022_ses-104_task-s10;sub-022_ses-203_task-s10;sub-022_ses-307_task-s10	1526	10	92	sub-022	ses-104	task-s10	1;2;3	10;10;10
1426	7254	1426	1427	3	3	trialwise	1561;3305;5017	1561;3305;5017	10;21;32	127;103;47	sub-022_ses-104_task-s10;sub-022_ses-203_task-s10;sub-022_ses-307_task-s10	1561	10	127	sub-022	ses-104	task-s10	1;2;3	10;10;10
1427	7264	1427	1428	3	3	trialwise	1337;3136;4872	1337;3136;4872	9;20;31	70;101;69	sub-022_ses-104_task-s9;sub-022_ses-203_task-s9;sub-022_ses-305_task-s9	1337	9	70	sub-022	ses-104	task-s9	1;2;3	9;9;9
1428	7299	1428	1429	3	3	trialwise	1335;3061;4809	1335;3061;4809	9;20;31	68;26;6	sub-022_ses-104_task-s9;sub-022_ses-203_task-s9;sub-022_ses-305_task-s9	1335	9	68	sub-022	ses-104	task-s9	1;2;3	9;9;9
1429	7316	1429	1430	3	3	trialwise	1651;3475;5274	1651;3475;5274	11;22;33	50;106;137	sub-022_ses-105_task-s11;sub-022_ses-204_task-s11;sub-022_ses-306_task-s11	1651	11	50	sub-022	ses-105	task-s11	1;2;3	11;11;11
1430	7326	1430	1431	3	3	trialwise	1453;3323;5081	1453;3323;5081	10;21;32	19;121;111	sub-022_ses-104_task-s10;sub-022_ses-203_task-s10;sub-022_ses-307_task-s10	1453	10	19	sub-022	ses-104	task-s10	1;2;3	10;10;10
1431	7355	1431	1432	3	3	trialwise	1711;3396;5183	1711;3396;5183	11;22;33	110;27;46	sub-022_ses-105_task-s11;sub-022_ses-204_task-s11;sub-022_ses-306_task-s11	1711	11	110	sub-022	ses-105	task-s11	1;2;3	11;11;11
1432	7378	1432	1433	3	3	trialwise	1289;3088;4811	1289;3088;4811	9;20;31	22;53;8	sub-022_ses-104_task-s9;sub-022_ses-203_task-s9;sub-022_ses-305_task-s9	1289	9	22	sub-022	ses-104	task-s9	1;2;3	9;9;9
1433	7385	1433	1434	3	3	trialwise	1469;3207;5059	1469;3207;5059	10;21;32	35;5;89	sub-022_ses-104_task-s10;sub-022_ses-203_task-s10;sub-022_ses-307_task-s10	1469	10	35	sub-022	ses-104	task-s10	1;2;3	10;10;10
1434	7402	1434	1435	3	3	trialwise	1504;3310;5037	1504;3310;5037	10;21;32	70;108;67	sub-022_ses-104_task-s10;sub-022_ses-203_task-s10;sub-022_ses-307_task-s10	1504	10	70	sub-022	ses-104	task-s10	1;2;3	10;10;10
1435	7439	1435	1436	3	3	trialwise	1625;3383;5180	1625;3383;5180	11;22;33	24;14;43	sub-022_ses-105_task-s11;sub-022_ses-204_task-s11;sub-022_ses-306_task-s11	1625	11	24	sub-022	ses-105	task-s11	1;2;3	11;11;11
1436	7463	1436	1437	3	3	trialwise	1385;3142;4863	1385;3142;4863	9;20;31	118;107;60	sub-022_ses-104_task-s9;sub-022_ses-203_task-s9;sub-022_ses-305_task-s9	1385	9	118	sub-022	ses-104	task-s9	1;2;3	9;9;9
1437	7467	1437	1438	3	3	trialwise	1754;3440;5190	1754;3440;5190	11;22;33	153;71;53	sub-022_ses-105_task-s11;sub-022_ses-204_task-s11;sub-022_ses-306_task-s11	1754	11	153	sub-022	ses-105	task-s11	1;2;3	11;11;11
1438	7491	1438	1439	3	3	trialwise	1268;3044;4966	1268;3044;4966	9;20;31	1;9;163	sub-022_ses-104_task-s9;sub-022_ses-203_task-s9;sub-022_ses-305_task-s9	1268	9	1	sub-022	ses-104	task-s9	1;2;3	9;9;9
1439	7510	1439	1440	3	3	trialwise	1427;3153;4962	1427;3153;4962	9;20;31	160;118;159	sub-022_ses-104_task-s9;sub-022_ses-203_task-s9;sub-022_ses-305_task-s9	1427	9	160	sub-022	ses-104	task-s9	1;2;3	9;9;9
1440	7551	1440	1441	3	3	trialwise	1555;3335;5074	1555;3335;5074	10;21;32	121;133;104	sub-022_ses-104_task-s10;sub-022_ses-203_task-s10;sub-022_ses-307_task-s10	1555	10	121	sub-022	ses-104	task-s10	1;2;3	10;10;10
1441	7557	1441	1442	3	3	trialwise	1530;3364;5048	1530;3364;5048	10;21;32	96;162;78	sub-022_ses-104_task-s10;sub-022_ses-203_task-s10;sub-022_ses-307_task-s10	1530	10	96	sub-022	ses-104	task-s10	1;2;3	10;10;10
1442	7563	1442	1443	3	3	trialwise	1493;3289;5049	1493;3289;5049	10;21;32	59;87;79	sub-022_ses-104_task-s10;sub-022_ses-203_task-s10;sub-022_ses-307_task-s10	1493	10	59	sub-022	ses-104	task-s10	1;2;3	10;10;10
1443	7567	1443	1444	3	3	trialwise	1273;3147;4919	1273;3147;4919	9;20;31	6;112;116	sub-022_ses-104_task-s9;sub-022_ses-203_task-s9;sub-022_ses-305_task-s9	1273	9	6	sub-022	ses-104	task-s9	1;2;3	9;9;9
1444	7630	1444	1445	3	3	trialwise	1395;3144;4907	1395;3144;4907	9;20;31	128;109;104	sub-022_ses-104_task-s9;sub-022_ses-203_task-s9;sub-022_ses-305_task-s9	1395	9	128	sub-022	ses-104	task-s9	1;2;3	9;9;9
1445	7634	1445	1446	3	3	trialwise	1686;3532;5202	1686;3532;5202	11;22;33	85;163;65	sub-022_ses-105_task-s11;sub-022_ses-204_task-s11;sub-022_ses-306_task-s11	1686	11	85	sub-022	ses-105	task-s11	1;2;3	11;11;11
1446	7646	1446	1447	3	3	trialwise	1420;3041;4839	1420;3041;4839	9;20;31	153;6;36	sub-022_ses-104_task-s9;sub-022_ses-203_task-s9;sub-022_ses-305_task-s9	1420	9	153	sub-022	ses-104	task-s9	1;2;3	9;9;9
1447	7670	1447	1448	3	3	trialwise	1392;3036;4894	1392;3036;4894	9;20;31	125;1;91	sub-022_ses-104_task-s9;sub-022_ses-203_task-s9;sub-022_ses-305_task-s9	1392	9	125	sub-022	ses-104	task-s9	1;2;3	9;9;9
1448	7703	1448	1449	3	3	trialwise	1674;3397;5279	1674;3397;5279	11;22;33	73;28;142	sub-022_ses-105_task-s11;sub-022_ses-204_task-s11;sub-022_ses-306_task-s11	1674	11	73	sub-022	ses-105	task-s11	1;2;3	11;11;11
1449	7715	1449	1450	3	3	trialwise	1484;3339;5004	1484;3339;5004	10;21;32	50;137;34	sub-022_ses-104_task-s10;sub-022_ses-203_task-s10;sub-022_ses-307_task-s10	1484	10	50	sub-022	ses-104	task-s10	1;2;3	10;10;10
1450	7731	1450	1451	3	3	trialwise	1731;3400;5263	1731;3400;5263	11;22;33	130;31;126	sub-022_ses-105_task-s11;sub-022_ses-204_task-s11;sub-022_ses-306_task-s11	1731	11	130	sub-022	ses-105	task-s11	1;2;3	11;11;11
1451	7751	1451	1452	3	3	trialwise	1536;3307;5115	1536;3307;5115	10;21;32	102;105;145	sub-022_ses-104_task-s10;sub-022_ses-203_task-s10;sub-022_ses-307_task-s10	1536	10	102	sub-022	ses-104	task-s10	1;2;3	10;10;10
1452	7783	1452	1453	3	3	trialwise	1684;3502;5219	1684;3502;5219	11;22;33	83;133;82	sub-022_ses-105_task-s11;sub-022_ses-204_task-s11;sub-022_ses-306_task-s11	1684	11	83	sub-022	ses-105	task-s11	1;2;3	11;11;11
1453	7787	1453	1454	3	3	trialwise	1336;3202;4932	1336;3202;4932	9;20;31	69;167;129	sub-022_ses-104_task-s9;sub-022_ses-203_task-s9;sub-022_ses-305_task-s9	1336	9	69	sub-022	ses-104	task-s9	1;2;3	9;9;9
1454	7821	1454	1455	3	3	trialwise	1632;3433;5288	1632;3433;5288	11;22;33	31;64;151	sub-022_ses-105_task-s11;sub-022_ses-204_task-s11;sub-022_ses-306_task-s11	1632	11	31	sub-022	ses-105	task-s11	1;2;3	11;11;11
1455	7831	1455	1456	3	3	trialwise	1533;3210;5065	1533;3210;5065	10;21;32	99;8;95	sub-022_ses-104_task-s10;sub-022_ses-203_task-s10;sub-022_ses-307_task-s10	1533	10	99	sub-022	ses-104	task-s10	1;2;3	10;10;10
1456	7856	1456	1457	3	3	trialwise	1299;3091;4805	1299;3091;4805	9;20;31	32;56;2	sub-022_ses-104_task-s9;sub-022_ses-203_task-s9;sub-022_ses-305_task-s9	1299	9	32	sub-022	ses-104	task-s9	1;2;3	9;9;9
1457	7863	1457	1458	3	3	trialwise	1564;3291;5105	1564;3291;5105	10;21;32	130;89;135	sub-022_ses-104_task-s10;sub-022_ses-203_task-s10;sub-022_ses-307_task-s10	1564	10	130	sub-022	ses-104	task-s10	1;2;3	10;10;10
1458	7891	1458	1459	3	3	trialwise	1495;3261;5102	1495;3261;5102	10;21;32	61;59;132	sub-022_ses-104_task-s10;sub-022_ses-203_task-s10;sub-022_ses-307_task-s10	1495	10	61	sub-022	ses-104	task-s10	1;2;3	10;10;10
1459	7907	1459	1460	3	3	trialwise	1291;3115;4893	1291;3115;4893	9;20;31	24;80;90	sub-022_ses-104_task-s9;sub-022_ses-203_task-s9;sub-022_ses-305_task-s9	1291	9	24	sub-022	ses-104	task-s9	1;2;3	9;9;9
1460	7935	1460	1461	3	3	trialwise	1631;3481;5182	1631;3481;5182	11;22;33	30;112;45	sub-022_ses-105_task-s11;sub-022_ses-204_task-s11;sub-022_ses-306_task-s11	1631	11	30	sub-022	ses-105	task-s11	1;2;3	11;11;11
1461	7951	1461	1462	3	3	trialwise	1661;3530;5265	1661;3530;5265	11;22;33	60;161;128	sub-022_ses-105_task-s11;sub-022_ses-204_task-s11;sub-022_ses-306_task-s11	1661	11	60	sub-022	ses-105	task-s11	1;2;3	11;11;11
1462	7976	1462	1463	3	3	trialwise	1408;3198;4820	1408;3198;4820	9;20;31	141;163;17	sub-022_ses-104_task-s9;sub-022_ses-203_task-s9;sub-022_ses-305_task-s9	1408	9	141	sub-022	ses-104	task-s9	1;2;3	9;9;9
1463	7977	1463	1464	3	3	trialwise	1355;3079;4822	1355;3079;4822	9;20;31	88;44;19	sub-022_ses-104_task-s9;sub-022_ses-203_task-s9;sub-022_ses-305_task-s9	1355	9	88	sub-022	ses-104	task-s9	1;2;3	9;9;9
1464	8018	1464	1465	3	3	trialwise	1758;3432;5194	1758;3432;5194	11;22;33	157;63;57	sub-022_ses-105_task-s11;sub-022_ses-204_task-s11;sub-022_ses-306_task-s11	1758	11	157	sub-022	ses-105	task-s11	1;2;3	11;11;11
1465	8035	1465	1466	3	3	trialwise	1357;3161;4853	1357;3161;4853	9;20;31	90;126;50	sub-022_ses-104_task-s9;sub-022_ses-203_task-s9;sub-022_ses-305_task-s9	1357	9	90	sub-022	ses-104	task-s9	1;2;3	9;9;9
1466	8042	1466	1467	3	3	trialwise	1404;3176;4865	1404;3176;4865	9;20;31	137;141;62	sub-022_ses-104_task-s9;sub-022_ses-203_task-s9;sub-022_ses-305_task-s9	1404	9	137	sub-022	ses-104	task-s9	1;2;3	9;9;9
1467	8056	1467	1468	3	3	trialwise	1766;3413;5257	1766;3413;5257	11;22;33	165;44;120	sub-022_ses-105_task-s11;sub-022_ses-204_task-s11;sub-022_ses-306_task-s11	1766	11	165	sub-022	ses-105	task-s11	1;2;3	11;11;11
1468	8083	1468	1469	3	3	trialwise	1669;3480;5300	1669;3480;5300	11;22;33	68;111;163	sub-022_ses-105_task-s11;sub-022_ses-204_task-s11;sub-022_ses-306_task-s11	1669	11	68	sub-022	ses-105	task-s11	1;2;3	11;11;11
1469	8100	1469	1470	3	3	trialwise	1752;3508;5179	1752;3508;5179	11;22;33	151;139;42	sub-022_ses-105_task-s11;sub-022_ses-204_task-s11;sub-022_ses-306_task-s11	1752	11	151	sub-022	ses-105	task-s11	1;2;3	11;11;11
1470	8126	1470	1471	3	3	trialwise	1521;3229;5133	1521;3229;5133	10;21;32	87;27;163	sub-022_ses-104_task-s10;sub-022_ses-203_task-s10;sub-022_ses-307_task-s10	1521	10	87	sub-022	ses-104	task-s10	1;2;3	10;10;10
1471	8138	1471	1472	3	3	trialwise	1710;3436;5229	1710;3436;5229	11;22;33	109;67;92	sub-022_ses-105_task-s11;sub-022_ses-204_task-s11;sub-022_ses-306_task-s11	1710	11	109	sub-022	ses-105	task-s11	1;2;3	11;11;11
1472	8195	1472	1473	3	3	trialwise	1591;3276;5090	1591;3276;5090	10;21;32	157;74;120	sub-022_ses-104_task-s10;sub-022_ses-203_task-s10;sub-022_ses-307_task-s10	1591	10	157	sub-022	ses-104	task-s10	1;2;3	10;10;10
1473	8196	1473	1474	3	3	trialwise	1643;3446;5195	1643;3446;5195	11;22;33	42;77;58	sub-022_ses-105_task-s11;sub-022_ses-204_task-s11;sub-022_ses-306_task-s11	1643	11	42	sub-022	ses-105	task-s11	1;2;3	11;11;11
1474	8222	1474	1475	3	3	trialwise	1412;3037;4886	1412;3037;4886	9;20;31	145;2;83	sub-022_ses-104_task-s9;sub-022_ses-203_task-s9;sub-022_ses-305_task-s9	1412	9	145	sub-022	ses-104	task-s9	1;2;3	9;9;9
1475	8228	1475	1476	3	3	trialwise	1320;3194;4935	1320;3194;4935	9;20;31	53;159;132	sub-022_ses-104_task-s9;sub-022_ses-203_task-s9;sub-022_ses-305_task-s9	1320	9	53	sub-022	ses-104	task-s9	1;2;3	9;9;9
1476	8252	1476	1477	3	3	trialwise	1610;3418;5260	1610;3418;5260	11;22;33	9;49;123	sub-022_ses-105_task-s11;sub-022_ses-204_task-s11;sub-022_ses-306_task-s11	1610	11	9	sub-022	ses-105	task-s11	1;2;3	11;11;11
1477	8258	1477	1478	3	3	trialwise	1685;3403;5218	1685;3403;5218	11;22;33	84;34;81	sub-022_ses-105_task-s11;sub-022_ses-204_task-s11;sub-022_ses-306_task-s11	1685	11	84	sub-022	ses-105	task-s11	1;2;3	11;11;11
1478	8295	1478	1479	3	3	trialwise	1317;3100;4929	1317;3100;4929	9;20;31	50;65;126	sub-022_ses-104_task-s9;sub-022_ses-203_task-s9;sub-022_ses-305_task-s9	1317	9	50	sub-022	ses-104	task-s9	1;2;3	9;9;9
1479	8298	1479	1480	3	3	trialwise	1325;3121;4969	1325;3121;4969	9;20;31	58;86;166	sub-022_ses-104_task-s9;sub-022_ses-203_task-s9;sub-022_ses-305_task-s9	1325	9	58	sub-022	ses-104	task-s9	1;2;3	9;9;9
1480	8323	1480	1481	3	3	trialwise	1648;3443;5233	1648;3443;5233	11;22;33	47;74;96	sub-022_ses-105_task-s11;sub-022_ses-204_task-s11;sub-022_ses-306_task-s11	1648	11	47	sub-022	ses-105	task-s11	1;2;3	11;11;11
1481	8341	1481	1482	3	3	trialwise	1499;3235;5112	1499;3235;5112	10;21;32	65;33;142	sub-022_ses-104_task-s10;sub-022_ses-203_task-s10;sub-022_ses-307_task-s10	1499	10	65	sub-022	ses-104	task-s10	1;2;3	10;10;10
1482	8378	1482	1483	3	3	trialwise	1373;3047;4868	1373;3047;4868	9;20;31	106;12;65	sub-022_ses-104_task-s9;sub-022_ses-203_task-s9;sub-022_ses-305_task-s9	1373	9	106	sub-022	ses-104	task-s9	1;2;3	9;9;9
1483	8384	1483	1484	3	3	trialwise	1345;3196;4862	1345;3196;4862	9;20;31	78;161;59	sub-022_ses-104_task-s9;sub-022_ses-203_task-s9;sub-022_ses-305_task-s9	1345	9	78	sub-022	ses-104	task-s9	1;2;3	9;9;9
1484	8402	1484	1485	3	3	trialwise	1576;3239;4980	1576;3239;4980	10;21;32	142;37;10	sub-022_ses-104_task-s10;sub-022_ses-203_task-s10;sub-022_ses-307_task-s10	1576	10	142	sub-022	ses-104	task-s10	1;2;3	10;10;10
1485	8407	1485	1486	3	3	trialwise	1290;3054;4959	1290;3054;4959	9;20;31	23;19;156	sub-022_ses-104_task-s9;sub-022_ses-203_task-s9;sub-022_ses-305_task-s9	1290	9	23	sub-022	ses-104	task-s9	1;2;3	9;9;9
1486	8447	1486	1487	3	3	trialwise	1449;3297;5070	1449;3297;5070	10;21;32	15;95;100	sub-022_ses-104_task-s10;sub-022_ses-203_task-s10;sub-022_ses-307_task-s10	1449	10	15	sub-022	ses-104	task-s10	1;2;3	10;10;10
1487	8463	1487	1488	3	3	trialwise	1598;3262;5079	1598;3262;5079	10;21;32	164;60;109	sub-022_ses-104_task-s10;sub-022_ses-203_task-s10;sub-022_ses-307_task-s10	1598	10	164	sub-022	ses-104	task-s10	1;2;3	10;10;10
1488	8507	1488	1489	3	3	trialwise	1434;3066;4879	1434;3066;4879	9;20;31	167;31;76	sub-022_ses-104_task-s9;sub-022_ses-203_task-s9;sub-022_ses-305_task-s9	1434	9	167	sub-022	ses-104	task-s9	1;2;3	9;9;9
1489	8512	1489	1490	3	3	trialwise	1587;3283;5015	1587;3283;5015	10;21;32	153;81;45	sub-022_ses-104_task-s10;sub-022_ses-203_task-s10;sub-022_ses-307_task-s10	1587	10	153	sub-022	ses-104	task-s10	1;2;3	10;10;10
1490	8527	1490	1491	3	3	trialwise	1461;3357;5124	1461;3357;5124	10;21;32	27;155;154	sub-022_ses-104_task-s10;sub-022_ses-203_task-s10;sub-022_ses-307_task-s10	1461	10	27	sub-022	ses-104	task-s10	1;2;3	10;10;10
1491	8560	1491	1492	3	3	trialwise	1699;3490;5184	1699;3490;5184	11;22;33	98;121;47	sub-022_ses-105_task-s11;sub-022_ses-204_task-s11;sub-022_ses-306_task-s11	1699	11	98	sub-022	ses-105	task-s11	1;2;3	11;11;11
1492	8581	1492	1493	3	3	trialwise	1512;3333;5120	1512;3333;5120	10;21;32	78;131;150	sub-022_ses-104_task-s10;sub-022_ses-203_task-s10;sub-022_ses-307_task-s10	1512	10	78	sub-022	ses-104	task-s10	1;2;3	10;10;10
1493	8585	1493	1494	3	3	trialwise	1767;3371;5188	1767;3371;5188	11;22;33	166;2;51	sub-022_ses-105_task-s11;sub-022_ses-204_task-s11;sub-022_ses-306_task-s11	1767	11	166	sub-022	ses-105	task-s11	1;2;3	11;11;11
1494	8605	1494	1495	3	3	trialwise	1726;3409;5198	1726;3409;5198	11;22;33	125;40;61	sub-022_ses-105_task-s11;sub-022_ses-204_task-s11;sub-022_ses-306_task-s11	1726	11	125	sub-022	ses-105	task-s11	1;2;3	11;11;11
1495	8608	1495	1496	3	3	trialwise	1397;3051;4829	1397;3051;4829	9;20;31	130;16;26	sub-022_ses-104_task-s9;sub-022_ses-203_task-s9;sub-022_ses-305_task-s9	1397	9	130	sub-022	ses-104	task-s9	1;2;3	9;9;9
1496	8651	1496	1497	3	3	trialwise	1349;3076;4950	1349;3076;4950	9;20;31	82;41;147	sub-022_ses-104_task-s9;sub-022_ses-203_task-s9;sub-022_ses-305_task-s9	1349	9	82	sub-022	ses-104	task-s9	1;2;3	9;9;9
1497	8657	1497	1498	3	3	trialwise	1736;3407;5152	1736;3407;5152	11;22;33	135;38;15	sub-022_ses-105_task-s11;sub-022_ses-204_task-s11;sub-022_ses-306_task-s11	1736	11	135	sub-022	ses-105	task-s11	1;2;3	11;11;11
1498	8687	1498	1499	3	3	trialwise	1559;3226;5103	1559;3226;5103	10;21;32	125;24;133	sub-022_ses-104_task-s10;sub-022_ses-203_task-s10;sub-022_ses-307_task-s10	1559	10	125	sub-022	ses-104	task-s10	1;2;3	10;10;10
1499	8708	1499	1500	3	3	trialwise	1719;3506;5142	1719;3506;5142	11;22;33	118;137;5	sub-022_ses-105_task-s11;sub-022_ses-204_task-s11;sub-022_ses-306_task-s11	1719	11	118	sub-022	ses-105	task-s11	1;2;3	11;11;11
1500	8725	1500	1501	3	3	trialwise	1721;3387;5215	1721;3387;5215	11;22;33	120;18;78	sub-022_ses-105_task-s11;sub-022_ses-204_task-s11;sub-022_ses-306_task-s11	1721	11	120	sub-022	ses-105	task-s11	1;2;3	11;11;11
1501	8728	1501	1502	3	3	trialwise	1372;3130;4875	1372;3130;4875	9;20;31	105;95;72	sub-022_ses-104_task-s9;sub-022_ses-203_task-s9;sub-022_ses-305_task-s9	1372	9	105	sub-022	ses-104	task-s9	1;2;3	9;9;9
1502	8767	1502	1503	3	3	trialwise	1583;3279;5076	1583;3279;5076	10;21;32	149;77;106	sub-022_ses-104_task-s10;sub-022_ses-203_task-s10;sub-022_ses-307_task-s10	1583	10	149	sub-022	ses-104	task-s10	1;2;3	10;10;10
1503	8800	1503	1504	3	3	trialwise	1738;3467;5246	1738;3467;5246	11;22;33	137;98;109	sub-022_ses-105_task-s11;sub-022_ses-204_task-s11;sub-022_ses-306_task-s11	1738	11	137	sub-022	ses-105	task-s11	1;2;3	11;11;11
1504	8817	1504	1505	3	3	trialwise	1377;3102;4878	1377;3102;4878	9;20;31	110;67;75	sub-022_ses-104_task-s9;sub-022_ses-203_task-s9;sub-022_ses-305_task-s9	1377	9	110	sub-022	ses-104	task-s9	1;2;3	9;9;9
1505	8823	1505	1506	3	3	trialwise	1477;3366;5087	1477;3366;5087	10;21;32	43;164;117	sub-022_ses-104_task-s10;sub-022_ses-203_task-s10;sub-022_ses-307_task-s10	1477	10	43	sub-022	ses-104	task-s10	1;2;3	10;10;10
1506	8841	1506	1507	3	3	trialwise	1729;3514;5276	1729;3514;5276	11;22;33	128;145;139	sub-022_ses-105_task-s11;sub-022_ses-204_task-s11;sub-022_ses-306_task-s11	1729	11	128	sub-022	ses-105	task-s11	1;2;3	11;11;11
1507	8875	1507	1508	3	3	trialwise	1457;3242;5035	1457;3242;5035	10;21;32	23;40;65	sub-022_ses-104_task-s10;sub-022_ses-203_task-s10;sub-022_ses-307_task-s10	1457	10	23	sub-022	ses-104	task-s10	1;2;3	10;10;10
1508	8899	1508	1509	3	3	trialwise	1488;3204;5030	1488;3204;5030	10;21;32	54;2;60	sub-022_ses-104_task-s10;sub-022_ses-203_task-s10;sub-022_ses-307_task-s10	1488	10	54	sub-022	ses-104	task-s10	1;2;3	10;10;10
1509	8908	1509	1510	3	3	trialwise	1730;3437;5296	1730;3437;5296	11;22;33	129;68;159	sub-022_ses-105_task-s11;sub-022_ses-204_task-s11;sub-022_ses-306_task-s11	1730	11	129	sub-022	ses-105	task-s11	1;2;3	11;11;11
1510	8928	1510	1511	3	3	trialwise	1305;3092;4891	1305;3092;4891	9;20;31	38;57;88	sub-022_ses-104_task-s9;sub-022_ses-203_task-s9;sub-022_ses-305_task-s9	1305	9	38	sub-022	ses-104	task-s9	1;2;3	9;9;9
1511	8945	1511	1512	3	3	trialwise	1413;3131;4836	1413;3131;4836	9;20;31	146;96;33	sub-022_ses-104_task-s9;sub-022_ses-203_task-s9;sub-022_ses-305_task-s9	1413	9	146	sub-022	ses-104	task-s9	1;2;3	9;9;9
1512	8996	1512	1513	3	3	trialwise	1347;3043;4842	1347;3043;4842	9;20;31	80;8;39	sub-022_ses-104_task-s9;sub-022_ses-203_task-s9;sub-022_ses-305_task-s9	1347	9	80	sub-022	ses-104	task-s9	1;2;3	9;9;9
1513	8998	1513	1514	3	3	trialwise	1622;3459;5283	1622;3459;5283	11;22;33	21;90;146	sub-022_ses-105_task-s11;sub-022_ses-204_task-s11;sub-022_ses-306_task-s11	1622	11	21	sub-022	ses-105	task-s11	1;2;3	11;11;11
1514	9010	1514	1515	3	3	trialwise	1700;3429;5232	1700;3429;5232	11;22;33	99;60;95	sub-022_ses-105_task-s11;sub-022_ses-204_task-s11;sub-022_ses-306_task-s11	1700	11	99	sub-022	ses-105	task-s11	1;2;3	11;11;11
1515	9035	1515	1516	3	3	trialwise	1650;3523;5151	1650;3523;5151	11;22;33	49;154;14	sub-022_ses-105_task-s11;sub-022_ses-204_task-s11;sub-022_ses-306_task-s11	1650	11	49	sub-022	ses-105	task-s11	1;2;3	11;11;11
1516	9055	1516	1517	3	3	trialwise	1439;3315;5028	1439;3315;5028	10;21;32	5;113;58	sub-022_ses-104_task-s10;sub-022_ses-203_task-s10;sub-022_ses-307_task-s10	1439	10	5	sub-022	ses-104	task-s10	1;2;3	10;10;10
1517	9060	1517	1518	3	3	trialwise	1544;3243;5099	1544;3243;5099	10;21;32	110;41;129	sub-022_ses-104_task-s10;sub-022_ses-203_task-s10;sub-022_ses-307_task-s10	1544	10	110	sub-022	ses-104	task-s10	1;2;3	10;10;10
1518	9081	1518	1519	3	3	trialwise	1563;3290;5061	1563;3290;5061	10;21;32	129;88;91	sub-022_ses-104_task-s10;sub-022_ses-203_task-s10;sub-022_ses-307_task-s10	1563	10	129	sub-022	ses-104	task-s10	1;2;3	10;10;10
1519	9112	1519	1520	3	3	trialwise	1324;3055;4888	1324;3055;4888	9;20;31	57;20;85	sub-022_ses-104_task-s9;sub-022_ses-203_task-s9;sub-022_ses-305_task-s9	1324	9	57	sub-022	ses-104	task-s9	1;2;3	9;9;9
1520	9141	1520	1521	3	3	trialwise	1664;3527;5278	1664;3527;5278	11;22;33	63;158;141	sub-022_ses-105_task-s11;sub-022_ses-204_task-s11;sub-022_ses-306_task-s11	1664	11	63	sub-022	ses-105	task-s11	1;2;3	11;11;11
1521	9159	1521	1522	3	3	trialwise	1746;3473;5253	1746;3473;5253	11;22;33	145;104;116	sub-022_ses-105_task-s11;sub-022_ses-204_task-s11;sub-022_ses-306_task-s11	1746	11	145	sub-022	ses-105	task-s11	1;2;3	11;11;11
1522	9178	1522	1523	3	3	trialwise	1292;3175;4960	1292;3175;4960	9;20;31	25;140;157	sub-022_ses-104_task-s9;sub-022_ses-203_task-s9;sub-022_ses-305_task-s9	1292	9	25	sub-022	ses-104	task-s9	1;2;3	9;9;9
1523	9191	1523	1524	3	3	trialwise	1697;3519;5249	1697;3519;5249	11;22;33	96;150;112	sub-022_ses-105_task-s11;sub-022_ses-204_task-s11;sub-022_ses-306_task-s11	1697	11	96	sub-022	ses-105	task-s11	1;2;3	11;11;11
1524	9202	1524	1525	3	3	trialwise	1535;3206;5135	1535;3206;5135	10;21;32	101;4;165	sub-022_ses-104_task-s10;sub-022_ses-203_task-s10;sub-022_ses-307_task-s10	1535	10	101	sub-022	ses-104	task-s10	1;2;3	10;10;10
1525	9224	1525	1526	3	3	trialwise	1417;3184;4846	1417;3184;4846	9;20;31	150;149;43	sub-022_ses-104_task-s9;sub-022_ses-203_task-s9;sub-022_ses-305_task-s9	1417	9	150	sub-022	ses-104	task-s9	1;2;3	9;9;9
1526	9253	1526	1527	3	3	trialwise	1592;3222;5010	1592;3222;5010	10;21;32	158;20;40	sub-022_ses-104_task-s10;sub-022_ses-203_task-s10;sub-022_ses-307_task-s10	1592	10	158	sub-022	ses-104	task-s10	1;2;3	10;10;10
1527	9255	1527	1528	3	3	trialwise	1354;3040;4900	1354;3040;4900	9;20;31	87;5;97	sub-022_ses-104_task-s9;sub-022_ses-203_task-s9;sub-022_ses-305_task-s9	1354	9	87	sub-022	ses-104	task-s9	1;2;3	9;9;9
1528	9297	1528	1529	3	3	trialwise	1415;3073;4830	1415;3073;4830	9;20;31	148;38;27	sub-022_ses-104_task-s9;sub-022_ses-203_task-s9;sub-022_ses-305_task-s9	1415	9	148	sub-022	ses-104	task-s9	1;2;3	9;9;9
1529	9304	1529	1530	3	3	trialwise	1571;3227;5052	1571;3227;5052	10;21;32	137;25;82	sub-022_ses-104_task-s10;sub-022_ses-203_task-s10;sub-022_ses-307_task-s10	1571	10	137	sub-022	ses-104	task-s10	1;2;3	10;10;10
1530	9341	1530	1531	3	3	trialwise	1745;3417;5282	1745;3417;5282	11;22;33	144;48;145	sub-022_ses-105_task-s11;sub-022_ses-204_task-s11;sub-022_ses-306_task-s11	1745	11	144	sub-022	ses-105	task-s11	1;2;3	11;11;11
1531	9345	1531	1532	3	3	trialwise	1294;3159;4916	1294;3159;4916	9;20;31	27;124;113	sub-022_ses-104_task-s9;sub-022_ses-203_task-s9;sub-022_ses-305_task-s9	1294	9	27	sub-022	ses-104	task-s9	1;2;3	9;9;9
1532	9381	1532	1533	3	3	trialwise	1310;3050;4917	1310;3050;4917	9;20;31	43;15;114	sub-022_ses-104_task-s9;sub-022_ses-203_task-s9;sub-022_ses-305_task-s9	1310	9	43	sub-022	ses-104	task-s9	1;2;3	9;9;9
1533	9390	1533	1534	3	3	trialwise	1696;3509;5150	1696;3509;5150	11;22;33	95;140;13	sub-022_ses-105_task-s11;sub-022_ses-204_task-s11;sub-022_ses-306_task-s11	1696	11	95	sub-022	ses-105	task-s11	1;2;3	11;11;11
1534	9422	1534	1535	3	3	trialwise	1543;3249;5027	1543;3249;5027	10;21;32	109;47;57	sub-022_ses-104_task-s10;sub-022_ses-203_task-s10;sub-022_ses-307_task-s10	1543	10	109	sub-022	ses-104	task-s10	1;2;3	10;10;10
1535	9429	1535	1536	3	3	trialwise	1304;3069;4944	1304;3069;4944	9;20;31	37;34;141	sub-022_ses-104_task-s9;sub-022_ses-203_task-s9;sub-022_ses-305_task-s9	1304	9	37	sub-022	ses-104	task-s9	1;2;3	9;9;9
1536	9445	1536	1537	3	3	trialwise	1303;3074;4923	1303;3074;4923	9;20;31	36;39;120	sub-022_ses-104_task-s9;sub-022_ses-203_task-s9;sub-022_ses-305_task-s9	1303	9	36	sub-022	ses-104	task-s9	1;2;3	9;9;9
1537	9456	1537	1538	3	3	trialwise	1374;3058;4964	1374;3058;4964	9;20;31	107;23;161	sub-022_ses-104_task-s9;sub-022_ses-203_task-s9;sub-022_ses-305_task-s9	1374	9	107	sub-022	ses-104	task-s9	1;2;3	9;9;9
1538	9490	1538	1539	3	3	trialwise	1548;3254;5064	1548;3254;5064	10;21;32	114;52;94	sub-022_ses-104_task-s10;sub-022_ses-203_task-s10;sub-022_ses-307_task-s10	1548	10	114	sub-022	ses-104	task-s10	1;2;3	10;10;10
1539	9517	1539	1540	3	3	trialwise	1328;3164;4968	1328;3164;4968	9;20;31	61;129;165	sub-022_ses-104_task-s9;sub-022_ses-203_task-s9;sub-022_ses-305_task-s9	1328	9	61	sub-022	ses-104	task-s9	1;2;3	9;9;9
1540	9529	1540	1541	3	3	trialwise	1624;3492;5302	1624;3492;5302	11;22;33	23;123;165	sub-022_ses-105_task-s11;sub-022_ses-204_task-s11;sub-022_ses-306_task-s11	1624	11	23	sub-022	ses-105	task-s11	1;2;3	11;11;11
1541	9544	1541	1542	3	3	trialwise	1560;3237;5093	1560;3237;5093	10;21;32	126;35;123	sub-022_ses-104_task-s10;sub-022_ses-203_task-s10;sub-022_ses-307_task-s10	1560	10	126	sub-022	ses-104	task-s10	1;2;3	10;10;10
1542	9565	1542	1543	3	3	trialwise	1541;3319;5069	1541;3319;5069	10;21;32	107;117;99	sub-022_ses-104_task-s10;sub-022_ses-203_task-s10;sub-022_ses-307_task-s10	1541	10	107	sub-022	ses-104	task-s10	1;2;3	10;10;10
1543	9591	1543	1544	3	3	trialwise	1312;3182;4914	1312;3182;4914	9;20;31	45;147;111	sub-022_ses-104_task-s9;sub-022_ses-203_task-s9;sub-022_ses-305_task-s9	1312	9	45	sub-022	ses-104	task-s9	1;2;3	9;9;9
1544	9612	1544	1545	3	3	trialwise	1473;3318;5094	1473;3318;5094	10;21;32	39;116;124	sub-022_ses-104_task-s10;sub-022_ses-203_task-s10;sub-022_ses-307_task-s10	1473	10	39	sub-022	ses-104	task-s10	1;2;3	10;10;10
1545	9621	1545	1546	3	3	trialwise	1656;3457;5160	1656;3457;5160	11;22;33	55;88;23	sub-022_ses-105_task-s11;sub-022_ses-204_task-s11;sub-022_ses-306_task-s11	1656	11	55	sub-022	ses-105	task-s11	1;2;3	11;11;11
1546	9655	1546	1547	3	3	trialwise	1647;3469;5230	1647;3469;5230	11;22;33	46;100;93	sub-022_ses-105_task-s11;sub-022_ses-204_task-s11;sub-022_ses-306_task-s11	1647	11	46	sub-022	ses-105	task-s11	1;2;3	11;11;11
1547	9661	1547	1548	3	3	trialwise	1474;3300;4989	1474;3300;4989	10;21;32	40;98;19	sub-022_ses-104_task-s10;sub-022_ses-203_task-s10;sub-022_ses-307_task-s10	1474	10	40	sub-022	ses-104	task-s10	1;2;3	10;10;10
1548	9708	1548	1549	3	3	trialwise	1547;3253;5023	1547;3253;5023	10;21;32	113;51;53	sub-022_ses-104_task-s10;sub-022_ses-203_task-s10;sub-022_ses-307_task-s10	1547	10	113	sub-022	ses-104	task-s10	1;2;3	10;10;10
1549	9712	1549	1550	3	3	trialwise	1440;3308;5086	1440;3308;5086	10;21;32	6;106;116	sub-022_ses-104_task-s10;sub-022_ses-203_task-s10;sub-022_ses-307_task-s10	1440	10	6	sub-022	ses-104	task-s10	1;2;3	10;10;10
1550	9722	1550	1551	3	3	trialwise	1428;3157;4843	1428;3157;4843	9;20;31	161;122;40	sub-022_ses-104_task-s9;sub-022_ses-203_task-s9;sub-022_ses-305_task-s9	1428	9	161	sub-022	ses-104	task-s9	1;2;3	9;9;9
1551	9733	1551	1552	3	3	trialwise	1704;3372;5170	1704;3372;5170	11;22;33	103;3;33	sub-022_ses-105_task-s11;sub-022_ses-204_task-s11;sub-022_ses-306_task-s11	1704	11	103	sub-022	ses-105	task-s11	1;2;3	11;11;11
1552	9771	1552	1553	3	3	trialwise	1318;3056;4965	1318;3056;4965	9;20;31	51;21;162	sub-022_ses-104_task-s9;sub-022_ses-203_task-s9;sub-022_ses-305_task-s9	1318	9	51	sub-022	ses-104	task-s9	1;2;3	9;9;9
1553	9782	1553	1554	3	3	trialwise	1527;3286;5042	1527;3286;5042	10;21;32	93;84;72	sub-022_ses-104_task-s10;sub-022_ses-203_task-s10;sub-022_ses-307_task-s10	1527	10	93	sub-022	ses-104	task-s10	1;2;3	10;10;10
1554	9817	1554	1555	3	3	trialwise	1549;3287;4999	1549;3287;4999	10;21;32	115;85;29	sub-022_ses-104_task-s10;sub-022_ses-203_task-s10;sub-022_ses-307_task-s10	1549	10	115	sub-022	ses-104	task-s10	1;2;3	10;10;10
1555	9826	1555	1556	3	3	trialwise	1739;3379;5185	1739;3379;5185	11;22;33	138;10;48	sub-022_ses-105_task-s11;sub-022_ses-204_task-s11;sub-022_ses-306_task-s11	1739	11	138	sub-022	ses-105	task-s11	1;2;3	11;11;11
1556	9863	1556	1557	3	3	trialwise	1393;3155;4895	1393;3155;4895	9;20;31	126;120;92	sub-022_ses-104_task-s9;sub-022_ses-203_task-s9;sub-022_ses-305_task-s9	1393	9	126	sub-022	ses-104	task-s9	1;2;3	9;9;9
1557	9874	1557	1558	3	3	trialwise	1438;3302;4986	1438;3302;4986	10;21;32	4;100;16	sub-022_ses-104_task-s10;sub-022_ses-203_task-s10;sub-022_ses-307_task-s10	1438	10	4	sub-022	ses-104	task-s10	1;2;3	10;10;10
1558	9882	1558	1559	3	3	trialwise	1528;3337;5056	1528;3337;5056	10;21;32	94;135;86	sub-022_ses-104_task-s10;sub-022_ses-203_task-s10;sub-022_ses-307_task-s10	1528	10	94	sub-022	ses-104	task-s10	1;2;3	10;10;10
1559	9905	1559	1560	3	3	trialwise	1368;3095;4873	1368;3095;4873	9;20;31	101;60;70	sub-022_ses-104_task-s9;sub-022_ses-203_task-s9;sub-022_ses-305_task-s9	1368	9	101	sub-022	ses-104	task-s9	1;2;3	9;9;9
1560	9922	1560	1561	3	3	trialwise	1369;3057;4970	1369;3057;4970	9;20;31	102;22;167	sub-022_ses-104_task-s9;sub-022_ses-203_task-s9;sub-022_ses-305_task-s9	1369	9	102	sub-022	ses-104	task-s9	1;2;3	9;9;9
1561	9930	1561	1562	3	3	trialwise	1600;3331;5089	1600;3331;5089	10;21;32	166;129;119	sub-022_ses-104_task-s10;sub-022_ses-203_task-s10;sub-022_ses-307_task-s10	1600	10	166	sub-022	ses-104	task-s10	1;2;3	10;10;10
1562	9986	1562	1563	3	3	trialwise	1676;3414;5214	1676;3414;5214	11;22;33	75;45;77	sub-022_ses-105_task-s11;sub-022_ses-204_task-s11;sub-022_ses-306_task-s11	1676	11	75	sub-022	ses-105	task-s11	1;2;3	11;11;11
1563	9997	1563	1564	3	3	trialwise	1750;3391;5207	1750;3391;5207	11;22;33	149;22;70	sub-022_ses-105_task-s11;sub-022_ses-204_task-s11;sub-022_ses-306_task-s11	1750	11	149	sub-022	ses-105	task-s11	1;2;3	11;11;11
1564	10025	1564	1565	3	3	trialwise	1269;3152;4942	1269;3152;4942	9;20;31	2;117;139	sub-022_ses-104_task-s9;sub-022_ses-203_task-s9;sub-022_ses-305_task-s9	1269	9	2	sub-022	ses-104	task-s9	1;2;3	9;9;9
1565	10026	1565	1566	3	3	trialwise	1507;3214;4975	1507;3214;4975	10;21;32	73;12;5	sub-022_ses-104_task-s10;sub-022_ses-203_task-s10;sub-022_ses-307_task-s10	1507	10	73	sub-022	ses-104	task-s10	1;2;3	10;10;10
1566	10051	1566	1567	3	3	trialwise	1387;3173;4897	1387;3173;4897	9;20;31	120;138;94	sub-022_ses-104_task-s9;sub-022_ses-203_task-s9;sub-022_ses-305_task-s9	1387	9	120	sub-022	ses-104	task-s9	1;2;3	9;9;9
1567	10074	1567	1568	3	3	trialwise	1276;3148;4913	1276;3148;4913	9;20;31	9;113;110	sub-022_ses-104_task-s9;sub-022_ses-203_task-s9;sub-022_ses-305_task-s9	1276	9	9	sub-022	ses-104	task-s9	1;2;3	9;9;9
1568	10103	1568	1569	3	3	trialwise	1722;3516;5262	1722;3516;5262	11;22;33	121;147;125	sub-022_ses-105_task-s11;sub-022_ses-204_task-s11;sub-022_ses-306_task-s11	1722	11	121	sub-022	ses-105	task-s11	1;2;3	11;11;11
1569	10120	1569	1570	3	3	trialwise	1505;3301;5025	1505;3301;5025	10;21;32	71;99;55	sub-022_ses-104_task-s10;sub-022_ses-203_task-s10;sub-022_ses-307_task-s10	1505	10	71	sub-022	ses-104	task-s10	1;2;3	10;10;10
1570	10132	1570	1571	3	3	trialwise	1464;3247;5114	1464;3247;5114	10;21;32	30;45;144	sub-022_ses-104_task-s10;sub-022_ses-203_task-s10;sub-022_ses-307_task-s10	1464	10	30	sub-022	ses-104	task-s10	1;2;3	10;10;10
1571	10140	1571	1572	3	3	trialwise	1558;3336;5013	1558;3336;5013	10;21;32	124;134;43	sub-022_ses-104_task-s10;sub-022_ses-203_task-s10;sub-022_ses-307_task-s10	1558	10	124	sub-022	ses-104	task-s10	1;2;3	10;10;10
1572	10170	1572	1573	3	3	trialwise	1629;3529;5138	1629;3529;5138	11;22;33	28;160;1	sub-022_ses-105_task-s11;sub-022_ses-204_task-s11;sub-022_ses-306_task-s11	1629	11	28	sub-022	ses-105	task-s11	1;2;3	11;11;11
1573	10196	1573	1574	3	3	trialwise	1319;3134;4945	1319;3134;4945	9;20;31	52;99;142	sub-022_ses-104_task-s9;sub-022_ses-203_task-s9;sub-022_ses-305_task-s9	1319	9	52	sub-022	ses-104	task-s9	1;2;3	9;9;9
1574	10204	1574	1575	3	3	trialwise	1545;3325;5132	1545;3325;5132	10;21;32	111;123;162	sub-022_ses-104_task-s10;sub-022_ses-203_task-s10;sub-022_ses-307_task-s10	1545	10	111	sub-022	ses-104	task-s10	1;2;3	10;10;10
1575	10212	1575	1576	3	3	trialwise	1672;3419;5140	1672;3419;5140	11;22;33	71;50;3	sub-022_ses-105_task-s11;sub-022_ses-204_task-s11;sub-022_ses-306_task-s11	1672	11	71	sub-022	ses-105	task-s11	1;2;3	11;11;11
1576	10270	1576	1577	3	3	trialwise	1411;3170;4855	1411;3170;4855	9;20;31	144;135;52	sub-022_ses-104_task-s9;sub-022_ses-203_task-s9;sub-022_ses-305_task-s9	1411	9	144	sub-022	ses-104	task-s9	1;2;3	9;9;9
1577	10273	1577	1578	3	3	trialwise	1634;3394;5271	1634;3394;5271	11;22;33	33;25;134	sub-022_ses-105_task-s11;sub-022_ses-204_task-s11;sub-022_ses-306_task-s11	1634	11	33	sub-022	ses-105	task-s11	1;2;3	11;11;11
1578	10288	1578	1579	3	3	trialwise	1565;3316;5130	1565;3316;5130	10;21;32	131;114;160	sub-022_ses-104_task-s10;sub-022_ses-203_task-s10;sub-022_ses-307_task-s10	1565	10	131	sub-022	ses-104	task-s10	1;2;3	10;10;10
1579	10319	1579	1580	3	3	trialwise	1418;3064;4832	1418;3064;4832	9;20;31	151;29;29	sub-022_ses-104_task-s9;sub-022_ses-203_task-s9;sub-022_ses-305_task-s9	1418	9	151	sub-022	ses-104	task-s9	1;2;3	9;9;9
1580	10321	1580	1581	3	3	trialwise	1550;3225;5117	1550;3225;5117	10;21;32	116;23;147	sub-022_ses-104_task-s10;sub-022_ses-203_task-s10;sub-022_ses-307_task-s10	1550	10	116	sub-022	ses-104	task-s10	1;2;3	10;10;10
1581	10344	1581	1582	3	3	trialwise	1575;3284;5005	1575;3284;5005	10;21;32	141;82;35	sub-022_ses-104_task-s10;sub-022_ses-203_task-s10;sub-022_ses-307_task-s10	1575	10	141	sub-022	ses-104	task-s10	1;2;3	10;10;10
1582	10374	1582	1583	3	3	trialwise	1340;3094;4885	1340;3094;4885	9;20;31	73;59;82	sub-022_ses-104_task-s9;sub-022_ses-203_task-s9;sub-022_ses-305_task-s9	1340	9	73	sub-022	ses-104	task-s9	1;2;3	9;9;9
1583	10398	1583	1584	3	3	trialwise	1595;3219;5003	1595;3219;5003	10;21;32	161;17;33	sub-022_ses-104_task-s10;sub-022_ses-203_task-s10;sub-022_ses-307_task-s10	1595	10	161	sub-022	ses-104	task-s10	1;2;3	10;10;10
1584	10410	1584	1585	3	3	trialwise	1724;3468;5243	1724;3468;5243	11;22;33	123;99;106	sub-022_ses-105_task-s11;sub-022_ses-204_task-s11;sub-022_ses-306_task-s11	1724	11	123	sub-022	ses-105	task-s11	1;2;3	11;11;11
1585	10428	1585	1586	3	3	trialwise	1311;3186;4956	1311;3186;4956	9;20;31	44;151;153	sub-022_ses-104_task-s9;sub-022_ses-203_task-s9;sub-022_ses-305_task-s9	1311	9	44	sub-022	ses-104	task-s9	1;2;3	9;9;9
1586	10443	1586	1587	3	3	trialwise	1737;3426;5213	1737;3426;5213	11;22;33	136;57;76	sub-022_ses-105_task-s11;sub-022_ses-204_task-s11;sub-022_ses-306_task-s11	1737	11	136	sub-022	ses-105	task-s11	1;2;3	11;11;11
1587	10446	1587	1588	3	3	trialwise	1361;3039;4834	1361;3039;4834	9;20;31	94;4;31	sub-022_ses-104_task-s9;sub-022_ses-203_task-s9;sub-022_ses-305_task-s9	1361	9	94	sub-022	ses-104	task-s9	1;2;3	9;9;9
1588	10484	1588	1589	3	3	trialwise	1725;3456;5201	1725;3456;5201	11;22;33	124;87;64	sub-022_ses-105_task-s11;sub-022_ses-204_task-s11;sub-022_ses-306_task-s11	1725	11	124	sub-022	ses-105	task-s11	1;2;3	11;11;11
1589	10488	1589	1590	3	3	trialwise	1296;3090;4958	1296;3090;4958	9;20;31	29;55;155	sub-022_ses-104_task-s9;sub-022_ses-203_task-s9;sub-022_ses-305_task-s9	1296	9	29	sub-022	ses-104	task-s9	1;2;3	9;9;9
1590	10527	1590	1591	3	3	trialwise	1619;3463;5147	1619;3463;5147	11;22;33	18;94;10	sub-022_ses-105_task-s11;sub-022_ses-204_task-s11;sub-022_ses-306_task-s11	1619	11	18	sub-022	ses-105	task-s11	1;2;3	11;11;11
1591	10557	1591	1592	3	3	trialwise	1391;3110;4861	1391;3110;4861	9;20;31	124;75;58	sub-022_ses-104_task-s9;sub-022_ses-203_task-s9;sub-022_ses-305_task-s9	1391	9	124	sub-022	ses-104	task-s9	1;2;3	9;9;9
1592	10582	1592	1593	3	3	trialwise	1761;3534;5158	1761;3534;5158	11;22;33	160;165;21	sub-022_ses-105_task-s11;sub-022_ses-204_task-s11;sub-022_ses-306_task-s11	1761	11	160	sub-022	ses-105	task-s11	1;2;3	11;11;11
1593	10593	1593	1594	3	3	trialwise	1546;3365;5118	1546;3365;5118	10;21;32	112;163;148	sub-022_ses-104_task-s10;sub-022_ses-203_task-s10;sub-022_ses-307_task-s10	1546	10	112	sub-022	ses-104	task-s10	1;2;3	10;10;10
1594	10621	1594	1595	3	3	trialwise	1668;3408;5226	1668;3408;5226	11;22;33	67;39;89	sub-022_ses-105_task-s11;sub-022_ses-204_task-s11;sub-022_ses-306_task-s11	1668	11	67	sub-022	ses-105	task-s11	1;2;3	11;11;11
1595	10622	1595	1596	3	3	trialwise	1601;3267;4987	1601;3267;4987	10;21;32	167;65;17	sub-022_ses-104_task-s10;sub-022_ses-203_task-s10;sub-022_ses-307_task-s10	1601	10	167	sub-022	ses-104	task-s10	1;2;3	10;10;10
1596	10642	1596	1597	3	3	trialwise	1441;3257;4971	1441;3257;4971	10;21;32	7;55;1	sub-022_ses-104_task-s10;sub-022_ses-203_task-s10;sub-022_ses-307_task-s10	1441	10	7	sub-022	ses-104	task-s10	1;2;3	10;10;10
1597	10676	1597	1598	3	3	trialwise	1572;3329;5091	1572;3329;5091	10;21;32	138;127;121	sub-022_ses-104_task-s10;sub-022_ses-203_task-s10;sub-022_ses-307_task-s10	1572	10	138	sub-022	ses-104	task-s10	1;2;3	10;10;10
1598	10714	1598	1599	3	3	trialwise	1514;3215;5021	1514;3215;5021	10;21;32	80;13;51	sub-022_ses-104_task-s10;sub-022_ses-203_task-s10;sub-022_ses-307_task-s10	1514	10	80	sub-022	ses-104	task-s10	1;2;3	10;10;10
1599	10717	1599	1600	3	3	trialwise	1486;3241;4984	1486;3241;4984	10;21;32	52;39;14	sub-022_ses-104_task-s10;sub-022_ses-203_task-s10;sub-022_ses-307_task-s10	1486	10	52	sub-022	ses-104	task-s10	1;2;3	10;10;10
1600	10728	1600	1601	3	3	trialwise	1524;3294;4997	1524;3294;4997	10;21;32	90;92;27	sub-022_ses-104_task-s10;sub-022_ses-203_task-s10;sub-022_ses-307_task-s10	1524	10	90	sub-022	ses-104	task-s10	1;2;3	10;10;10
1601	10729	1601	1602	3	3	trialwise	1586;3275;5116	1586;3275;5116	10;21;32	152;73;146	sub-022_ses-104_task-s10;sub-022_ses-203_task-s10;sub-022_ses-307_task-s10	1586	10	152	sub-022	ses-104	task-s10	1;2;3	10;10;10
1602	10764	1602	1603	3	3	trialwise	1295;3113;4806	1295;3113;4806	9;20;31	28;78;3	sub-022_ses-104_task-s9;sub-022_ses-203_task-s9;sub-022_ses-305_task-s9	1295	9	28	sub-022	ses-104	task-s9	1;2;3	9;9;9
1603	10800	1603	1604	3	3	trialwise	1687;3428;5223	1687;3428;5223	11;22;33	86;59;86	sub-022_ses-105_task-s11;sub-022_ses-204_task-s11;sub-022_ses-306_task-s11	1687	11	86	sub-022	ses-105	task-s11	1;2;3	11;11;11
1604	10801	1604	1605	3	3	trialwise	1394;3117;4909	1394;3117;4909	9;20;31	127;82;106	sub-022_ses-104_task-s9;sub-022_ses-203_task-s9;sub-022_ses-305_task-s9	1394	9	127	sub-022	ses-104	task-s9	1;2;3	9;9;9
1605	10836	1605	1606	3	3	trialwise	1466;3369;5134	1466;3369;5134	10;21;32	32;167;164	sub-022_ses-104_task-s10;sub-022_ses-203_task-s10;sub-022_ses-307_task-s10	1466	10	32	sub-022	ses-104	task-s10	1;2;3	10;10;10
1606	10855	1606	1607	3	3	trialwise	1585;3269;5084	1585;3269;5084	10;21;32	151;67;114	sub-022_ses-104_task-s10;sub-022_ses-203_task-s10;sub-022_ses-307_task-s10	1585	10	151	sub-022	ses-104	task-s10	1;2;3	10;10;10
1607	10864	1607	1608	3	3	trialwise	1386;3101;4953	1386;3101;4953	9;20;31	119;66;150	sub-022_ses-104_task-s9;sub-022_ses-203_task-s9;sub-022_ses-305_task-s9	1386	9	119	sub-022	ses-104	task-s9	1;2;3	9;9;9
1608	10887	1608	1609	3	3	trialwise	1346;3132;4941	1346;3132;4941	9;20;31	79;97;138	sub-022_ses-104_task-s9;sub-022_ses-203_task-s9;sub-022_ses-305_task-s9	1346	9	79	sub-022	ses-104	task-s9	1;2;3	9;9;9
1609	10905	1609	1610	3	3	trialwise	1430;3150;4833	1430;3150;4833	9;20;31	163;115;30	sub-022_ses-104_task-s9;sub-022_ses-203_task-s9;sub-022_ses-305_task-s9	1430	9	163	sub-022	ses-104	task-s9	1;2;3	9;9;9
1610	10946	1610	1611	3	3	trialwise	1476;3258;5054	1476;3258;5054	10;21;32	42;56;84	sub-022_ses-104_task-s10;sub-022_ses-203_task-s10;sub-022_ses-307_task-s10	1476	10	42	sub-022	ses-104	task-s10	1;2;3	10;10;10
1611	10960	1611	1612	3	3	trialwise	1271;3097;4877	1271;3097;4877	9;20;31	4;62;74	sub-022_ses-104_task-s9;sub-022_ses-203_task-s9;sub-022_ses-305_task-s9	1271	9	4	sub-022	ses-104	task-s9	1;2;3	9;9;9
1612	10964	1612	1613	3	3	trialwise	1594;3350;5122	1594;3350;5122	10;21;32	160;148;152	sub-022_ses-104_task-s10;sub-022_ses-203_task-s10;sub-022_ses-307_task-s10	1594	10	160	sub-022	ses-104	task-s10	1;2;3	10;10;10
1613	10969	1613	1614	3	3	trialwise	1433;3042;4850	1433;3042;4850	9;20;31	166;7;47	sub-022_ses-104_task-s9;sub-022_ses-203_task-s9;sub-022_ses-305_task-s9	1433	9	166	sub-022	ses-104	task-s9	1;2;3	9;9;9
1614	11007	1614	1615	3	3	trialwise	1509;3341;5011	1509;3341;5011	10;21;32	75;139;41	sub-022_ses-104_task-s10;sub-022_ses-203_task-s10;sub-022_ses-307_task-s10	1509	10	75	sub-022	ses-104	task-s10	1;2;3	10;10;10
1615	11030	1615	1616	3	3	trialwise	1401;3138;4930	1401;3138;4930	9;20;31	134;103;127	sub-022_ses-104_task-s9;sub-022_ses-203_task-s9;sub-022_ses-305_task-s9	1401	9	134	sub-022	ses-104	task-s9	1;2;3	9;9;9
1616	11070	1616	1617	3	3	trialwise	1759;3526;5285	1759;3526;5285	11;22;33	158;157;148	sub-022_ses-105_task-s11;sub-022_ses-204_task-s11;sub-022_ses-306_task-s11	1759	11	158	sub-022	ses-105	task-s11	1;2;3	11;11;11
1617	11080	1617	1618	3	3	trialwise	1670;3453;5264	1670;3453;5264	11;22;33	69;84;127	sub-022_ses-105_task-s11;sub-022_ses-204_task-s11;sub-022_ses-306_task-s11	1670	11	69	sub-022	ses-105	task-s11	1;2;3	11;11;11
1618	11087	1618	1619	3	3	trialwise	1641;3374;5228	1641;3374;5228	11;22;33	40;5;91	sub-022_ses-105_task-s11;sub-022_ses-204_task-s11;sub-022_ses-306_task-s11	1641	11	40	sub-022	ses-105	task-s11	1;2;3	11;11;11
1619	11092	1619	1620	3	3	trialwise	1633;3405;5291	1633;3405;5291	11;22;33	32;36;154	sub-022_ses-105_task-s11;sub-022_ses-204_task-s11;sub-022_ses-306_task-s11	1633	11	32	sub-022	ses-105	task-s11	1;2;3	11;11;11
1620	11121	1620	1621	3	3	trialwise	1118;2941;4721	1118;2941;4721	8;19;30	9;64;76	sub-022_ses-104_task-s8;sub-022_ses-203_task-s8;sub-022_ses-305_task-s8	1118	8	9	sub-022	ses-104	task-s8	1;2;3	8;8;8
1621	11122	1621	1622	3	3	trialwise	689;2427;4258	689;2427;4258	5;16;27	54;24;87	sub-022_ses-103_task-s5;sub-022_ses-203_task-s5;sub-022_ses-302_task-s5	689	5	54	sub-022	ses-103	task-s5	1;2;3	5;5;5
1622	11123	1622	1623	3	3	trialwise	212;1997;3721	212;1997;3721	2;13;24	54;71;27	sub-022_ses-102_task-s2;sub-022_ses-201_task-s2;sub-022_ses-301_task-s2	212	2	54	sub-022	ses-102	task-s2	1;2;3	2;2;2
1623	11124	1623	1624	3	3	trialwise	114;1837;3572	114;1837;3572	1;12;23	115;70;37	sub-022_ses-101_task-s1;sub-022_ses-201_task-s1;sub-022_ses-301_task-s1	114	1	115	sub-022	ses-101	task-s1	1;2;3	1;1;1
1624	11125	1624	1625	3	3	trialwise	914;2568;4467	914;2568;4467	6;17;28	121;7;138	sub-022_ses-103_task-s6;sub-022_ses-202_task-s6;sub-022_ses-303_task-s6	914	6	121	sub-022	ses-103	task-s6	1;2;3	6;6;6
1625	11126	1625	1626	3	3	trialwise	1113;2970;4795	1113;2970;4795	8;19;30	4;93;150	sub-022_ses-104_task-s8;sub-022_ses-203_task-s8;sub-022_ses-305_task-s8	1113	8	4	sub-022	ses-104	task-s8	1;2;3	8;8;8
1626	11127	1626	1627	3	3	trialwise	490;2378;4146	490;2378;4146	4;15;26	14;134;134	sub-022_ses-102_task-s4;sub-022_ses-202_task-s4;sub-022_ses-302_task-s4	490	4	14	sub-022	ses-102	task-s4	1;2;3	4;4;4
1627	11128	1627	1628	3	3	trialwise	139;1902;3592	139;1902;3592	1;12;23	140;135;57	sub-022_ses-101_task-s1;sub-022_ses-201_task-s1;sub-022_ses-301_task-s1	139	1	140	sub-022	ses-101	task-s1	1;2;3	1;1;1
1628	11129	1628	1629	3	3	trialwise	873;2614;4435	873;2614;4435	6;17;28	80;53;106	sub-022_ses-103_task-s6;sub-022_ses-202_task-s6;sub-022_ses-303_task-s6	873	6	80	sub-022	ses-103	task-s6	1;2;3	6;6;6
1629	11130	1629	1630	3	3	trialwise	103;1792;3655	103;1792;3655	1;12;23	104;25;120	sub-022_ses-101_task-s1;sub-022_ses-201_task-s1;sub-022_ses-301_task-s1	103	1	104	sub-022	ses-101	task-s1	1;2;3	1;1;1
1630	11131	1630	1631	3	3	trialwise	73;1881;3603	73;1881;3603	1;12;23	74;114;68	sub-022_ses-101_task-s1;sub-022_ses-201_task-s1;sub-022_ses-301_task-s1	73	1	74	sub-022	ses-101	task-s1	1;2;3	1;1;1
1631	11132	1631	1632	3	3	trialwise	860;2681;4436	860;2681;4436	6;17;28	67;120;107	sub-022_ses-103_task-s6;sub-022_ses-202_task-s6;sub-022_ses-303_task-s6	860	6	67	sub-022	ses-103	task-s6	1;2;3	6;6;6
1632	11133	1632	1633	3	3	trialwise	289;1929;3697	289;1929;3697	2;13;24	131;3;3	sub-022_ses-102_task-s2;sub-022_ses-201_task-s2;sub-022_ses-301_task-s2	289	2	131	sub-022	ses-102	task-s2	1;2;3	2;2;2
1633	11134	1633	1634	3	3	trialwise	317;2043;3809	317;2043;3809	2;13;24	159;117;115	sub-022_ses-102_task-s2;sub-022_ses-201_task-s2;sub-022_ses-301_task-s2	317	2	159	sub-022	ses-102	task-s2	1;2;3	2;2;2
1634	11135	1634	1635	3	3	trialwise	819;2588;4461	819;2588;4461	6;17;28	26;27;132	sub-022_ses-103_task-s6;sub-022_ses-202_task-s6;sub-022_ses-303_task-s6	819	6	26	sub-022	ses-103	task-s6	1;2;3	6;6;6
1635	11136	1635	1636	3	3	trialwise	527;2341;4109	527;2341;4109	4;15;26	51;97;97	sub-022_ses-102_task-s4;sub-022_ses-202_task-s4;sub-022_ses-302_task-s4	527	4	51	sub-022	ses-102	task-s4	1;2;3	4;4;4
1636	11137	1636	1637	3	3	trialwise	21;1871;3589	21;1871;3589	1;12;23	22;104;54	sub-022_ses-101_task-s1;sub-022_ses-201_task-s1;sub-022_ses-301_task-s1	21	1	22	sub-022	ses-101	task-s1	1;2;3	1;1;1
1637	11138	1637	1638	3	3	trialwise	365;2120;3923	365;2120;3923	3;14;25	48;35;70	sub-022_ses-102_task-s3;sub-022_ses-201_task-s3;sub-022_ses-301_task-s3	365	3	48	sub-022	ses-102	task-s3	1;2;3	3;3;3
1638	11139	1638	1639	3	3	trialwise	28;1789;3544	28;1789;3544	1;12;23	29;22;9	sub-022_ses-101_task-s1;sub-022_ses-201_task-s1;sub-022_ses-301_task-s1	28	1	29	sub-022	ses-101	task-s1	1;2;3	1;1;1
1639	11140	1639	1640	3	3	trialwise	682;2536;4300	682;2536;4300	5;16;27	47;133;129	sub-022_ses-103_task-s5;sub-022_ses-203_task-s5;sub-022_ses-302_task-s5	682	5	47	sub-022	ses-103	task-s5	1;2;3	5;5;5
1640	11141	1640	1641	3	3	trialwise	190;2051;3754	190;2051;3754	2;13;24	32;125;60	sub-022_ses-102_task-s2;sub-022_ses-201_task-s2;sub-022_ses-301_task-s2	190	2	32	sub-022	ses-102	task-s2	1;2;3	2;2;2
1641	11142	1641	1642	3	3	trialwise	855;2617;4348	855;2617;4348	6;17;28	62;56;19	sub-022_ses-103_task-s6;sub-022_ses-202_task-s6;sub-022_ses-303_task-s6	855	6	62	sub-022	ses-103	task-s6	1;2;3	6;6;6
1642	11143	1642	1643	3	3	trialwise	352;2103;3908	352;2103;3908	3;14;25	35;18;55	sub-022_ses-102_task-s3;sub-022_ses-201_task-s3;sub-022_ses-301_task-s3	352	3	35	sub-022	ses-102	task-s3	1;2;3	3;3;3
1643	11144	1643	1644	3	3	trialwise	662;2499;4227	662;2499;4227	5;16;27	27;96;56	sub-022_ses-103_task-s5;sub-022_ses-203_task-s5;sub-022_ses-302_task-s5	662	5	27	sub-022	ses-103	task-s5	1;2;3	5;5;5
1644	11145	1644	1645	3	3	trialwise	1122;2938;4707	1122;2938;4707	8;19;30	13;61;62	sub-022_ses-104_task-s8;sub-022_ses-203_task-s8;sub-022_ses-305_task-s8	1122	8	13	sub-022	ses-104	task-s8	1;2;3	8;8;8
1645	11146	1645	1646	3	3	trialwise	109;1806;3559	109;1806;3559	1;12;23	110;39;24	sub-022_ses-101_task-s1;sub-022_ses-201_task-s1;sub-022_ses-301_task-s1	109	1	110	sub-022	ses-101	task-s1	1;2;3	1;1;1
1646	11147	1646	1647	3	3	trialwise	322;2237;3934	322;2237;3934	3;14;25	5;152;81	sub-022_ses-102_task-s3;sub-022_ses-201_task-s3;sub-022_ses-301_task-s3	322	3	5	sub-022	ses-102	task-s3	1;2;3	3;3;3
1647	11148	1647	1648	3	3	trialwise	896;2687;4444	896;2687;4444	6;17;28	103;126;115	sub-022_ses-103_task-s6;sub-022_ses-202_task-s6;sub-022_ses-303_task-s6	896	6	103	sub-022	ses-103	task-s6	1;2;3	6;6;6
1648	11149	1648	1649	3	3	trialwise	779;2462;4186	779;2462;4186	5;16;27	144;59;15	sub-022_ses-103_task-s5;sub-022_ses-203_task-s5;sub-022_ses-302_task-s5	779	5	144	sub-022	ses-103	task-s5	1;2;3	5;5;5
1649	11150	1649	1650	3	3	trialwise	62;1777;3610	62;1777;3610	1;12;23	63;10;75	sub-022_ses-101_task-s1;sub-022_ses-201_task-s1;sub-022_ses-301_task-s1	62	1	63	sub-022	ses-101	task-s1	1;2;3	1;1;1
1650	11151	1650	1651	3	3	trialwise	117;1842;3687	117;1842;3687	1;12;23	118;75;152	sub-022_ses-101_task-s1;sub-022_ses-201_task-s1;sub-022_ses-301_task-s1	117	1	118	sub-022	ses-101	task-s1	1;2;3	1;1;1
1651	11152	1651	1652	3	3	trialwise	1108;2804;4494	1108;2804;4494	7;18;29	157;85;7	sub-022_ses-104_task-s7;sub-022_ses-202_task-s7;sub-022_ses-303_task-s7	1108	7	157	sub-022	ses-104	task-s7	1;2;3	7;7;7
1652	11153	1652	1653	3	3	trialwise	700;2484;4193	700;2484;4193	5;16;27	65;81;22	sub-022_ses-103_task-s5;sub-022_ses-203_task-s5;sub-022_ses-302_task-s5	700	5	65	sub-022	ses-103	task-s5	1;2;3	5;5;5
1653	11154	1653	1654	3	3	trialwise	10;1920;3580	10;1920;3580	1;12;23	11;153;45	sub-022_ses-101_task-s1;sub-022_ses-201_task-s1;sub-022_ses-301_task-s1	10	1	11	sub-022	ses-101	task-s1	1;2;3	1;1;1
1654	11155	1654	1655	3	3	trialwise	437;2183;3976	437;2183;3976	3;14;25	120;98;123	sub-022_ses-102_task-s3;sub-022_ses-201_task-s3;sub-022_ses-301_task-s3	437	3	120	sub-022	ses-102	task-s3	1;2;3	3;3;3
1655	11156	1655	1656	3	3	trialwise	775;2468;4307	775;2468;4307	5;16;27	140;65;136	sub-022_ses-103_task-s5;sub-022_ses-203_task-s5;sub-022_ses-302_task-s5	775	5	140	sub-022	ses-103	task-s5	1;2;3	5;5;5
1656	11157	1656	1657	3	3	trialwise	676;2413;4257	676;2413;4257	5;16;27	41;10;86	sub-022_ses-103_task-s5;sub-022_ses-203_task-s5;sub-022_ses-302_task-s5	676	5	41	sub-022	ses-103	task-s5	1;2;3	5;5;5
1657	11158	1657	1658	3	3	trialwise	812;2703;4415	812;2703;4415	6;17;28	19;142;86	sub-022_ses-103_task-s6;sub-022_ses-202_task-s6;sub-022_ses-303_task-s6	812	6	19	sub-022	ses-103	task-s6	1;2;3	6;6;6
1658	11159	1658	1659	3	3	trialwise	609;2303;4071	609;2303;4071	4;15;26	133;59;59	sub-022_ses-102_task-s4;sub-022_ses-202_task-s4;sub-022_ses-302_task-s4	609	4	133	sub-022	ses-102	task-s4	1;2;3	4;4;4
1659	11160	1659	1660	3	3	trialwise	194;1987;3723	194;1987;3723	2;13;24	36;61;29	sub-022_ses-102_task-s2;sub-022_ses-201_task-s2;sub-022_ses-301_task-s2	194	2	36	sub-022	ses-102	task-s2	1;2;3	2;2;2
1660	11161	1660	1661	3	3	trialwise	591;2326;4094	591;2326;4094	4;15;26	115;82;82	sub-022_ses-102_task-s4;sub-022_ses-202_task-s4;sub-022_ses-302_task-s4	591	4	115	sub-022	ses-102	task-s4	1;2;3	4;4;4
1661	11162	1661	1662	3	3	trialwise	196;2048;3819	196;2048;3819	2;13;24	38;122;125	sub-022_ses-102_task-s2;sub-022_ses-201_task-s2;sub-022_ses-301_task-s2	196	2	38	sub-022	ses-102	task-s2	1;2;3	2;2;2
1662	11163	1662	1663	3	3	trialwise	423;2144;3916	423;2144;3916	3;14;25	106;59;63	sub-022_ses-102_task-s3;sub-022_ses-201_task-s3;sub-022_ses-301_task-s3	423	3	106	sub-022	ses-102	task-s3	1;2;3	3;3;3
1663	11164	1663	1664	3	3	trialwise	787;2442;4294	787;2442;4294	5;16;27	152;39;123	sub-022_ses-103_task-s5;sub-022_ses-203_task-s5;sub-022_ses-302_task-s5	787	5	152	sub-022	ses-103	task-s5	1;2;3	5;5;5
1664	11165	1664	1665	3	3	trialwise	369;2201;3965	369;2201;3965	3;14;25	52;116;112	sub-022_ses-102_task-s3;sub-022_ses-201_task-s3;sub-022_ses-301_task-s3	369	3	52	sub-022	ses-102	task-s3	1;2;3	3;3;3
1665	11166	1665	1666	3	3	trialwise	1125;3008;4777	1125;3008;4777	8;19;30	16;131;132	sub-022_ses-104_task-s8;sub-022_ses-203_task-s8;sub-022_ses-305_task-s8	1125	8	16	sub-022	ses-104	task-s8	1;2;3	8;8;8
1666	11167	1666	1667	3	3	trialwise	294;1945;3730	294;1945;3730	2;13;24	136;19;36	sub-022_ses-102_task-s2;sub-022_ses-201_task-s2;sub-022_ses-301_task-s2	294	2	136	sub-022	ses-102	task-s2	1;2;3	2;2;2
1667	11168	1667	1668	3	3	trialwise	455;2199;3918	455;2199;3918	3;14;25	138;114;65	sub-022_ses-102_task-s3;sub-022_ses-201_task-s3;sub-022_ses-301_task-s3	455	3	138	sub-022	ses-102	task-s3	1;2;3	3;3;3
1668	11169	1668	1669	3	3	trialwise	849;2571;4332	849;2571;4332	6;17;28	56;10;3	sub-022_ses-103_task-s6;sub-022_ses-202_task-s6;sub-022_ses-303_task-s6	849	6	56	sub-022	ses-103	task-s6	1;2;3	6;6;6
1669	11170	1669	1670	3	3	trialwise	354;2228;3879	354;2228;3879	3;14;25	37;143;26	sub-022_ses-102_task-s3;sub-022_ses-201_task-s3;sub-022_ses-301_task-s3	354	3	37	sub-022	ses-102	task-s3	1;2;3	3;3;3
1670	11171	1670	1671	3	3	trialwise	599;2310;4078	599;2310;4078	4;15;26	123;66;66	sub-022_ses-102_task-s4;sub-022_ses-202_task-s4;sub-022_ses-302_task-s4	599	4	123	sub-022	ses-102	task-s4	1;2;3	4;4;4
1671	11172	1671	1672	3	3	trialwise	1224;2984;4745	1224;2984;4745	8;19;30	115;107;100	sub-022_ses-104_task-s8;sub-022_ses-203_task-s8;sub-022_ses-305_task-s8	1224	8	115	sub-022	ses-104	task-s8	1;2;3	8;8;8
1672	11173	1672	1673	3	3	trialwise	107;1813;3566	107;1813;3566	1;12;23	108;46;31	sub-022_ses-101_task-s1;sub-022_ses-201_task-s1;sub-022_ses-301_task-s1	107	1	108	sub-022	ses-101	task-s1	1;2;3	1;1;1
1673	11174	1673	1674	3	3	trialwise	1005;2729;4560	1005;2729;4560	7;18;29	54;10;73	sub-022_ses-104_task-s7;sub-022_ses-202_task-s7;sub-022_ses-303_task-s7	1005	7	54	sub-022	ses-104	task-s7	1;2;3	7;7;7
1674	11175	1674	1675	3	3	trialwise	356;2225;3878	356;2225;3878	3;14;25	39;140;25	sub-022_ses-102_task-s3;sub-022_ses-201_task-s3;sub-022_ses-301_task-s3	356	3	39	sub-022	ses-102	task-s3	1;2;3	3;3;3
1675	11176	1675	1676	3	3	trialwise	738;2421;4245	738;2421;4245	5;16;27	103;18;74	sub-022_ses-103_task-s5;sub-022_ses-203_task-s5;sub-022_ses-302_task-s5	738	5	103	sub-022	ses-103	task-s5	1;2;3	5;5;5
1676	11177	1676	1677	3	3	trialwise	415;2212;3921	415;2212;3921	3;14;25	98;127;68	sub-022_ses-102_task-s3;sub-022_ses-201_task-s3;sub-022_ses-301_task-s3	415	3	98	sub-022	ses-102	task-s3	1;2;3	3;3;3
1677	11178	1677	1678	3	3	trialwise	546;2254;4022	546;2254;4022	4;15;26	70;10;10	sub-022_ses-102_task-s4;sub-022_ses-202_task-s4;sub-022_ses-302_task-s4	546	4	70	sub-022	ses-102	task-s4	1;2;3	4;4;4
1678	11179	1678	1679	3	3	trialwise	444;2209;3883	444;2209;3883	3;14;25	127;124;30	sub-022_ses-102_task-s3;sub-022_ses-201_task-s3;sub-022_ses-301_task-s3	444	3	127	sub-022	ses-102	task-s3	1;2;3	3;3;3
1679	11180	1679	1680	3	3	trialwise	1167;3009;4708	1167;3009;4708	8;19;30	58;132;63	sub-022_ses-104_task-s8;sub-022_ses-203_task-s8;sub-022_ses-305_task-s8	1167	8	58	sub-022	ses-104	task-s8	1;2;3	8;8;8
1680	11181	1680	1681	3	3	trialwise	1006;2741;4518	1006;2741;4518	7;18;29	55;22;31	sub-022_ses-104_task-s7;sub-022_ses-202_task-s7;sub-022_ses-303_task-s7	1006	7	55	sub-022	ses-104	task-s7	1;2;3	7;7;7
1681	11182	1681	1682	3	3	trialwise	724;2437;4291	724;2437;4291	5;16;27	89;34;120	sub-022_ses-103_task-s5;sub-022_ses-203_task-s5;sub-022_ses-302_task-s5	724	5	89	sub-022	ses-103	task-s5	1;2;3	5;5;5
1682	11183	1682	1683	3	3	trialwise	51;1838;3617	51;1838;3617	1;12;23	52;71;82	sub-022_ses-101_task-s1;sub-022_ses-201_task-s1;sub-022_ses-301_task-s1	51	1	52	sub-022	ses-101	task-s1	1;2;3	1;1;1
1683	11184	1683	1684	3	3	trialwise	82;1794;3539	82;1794;3539	1;12;23	83;27;4	sub-022_ses-101_task-s1;sub-022_ses-201_task-s1;sub-022_ses-301_task-s1	82	1	83	sub-022	ses-101	task-s1	1;2;3	1;1;1
1684	11185	1684	1685	3	3	trialwise	355;2185;3860	355;2185;3860	3;14;25	38;100;7	sub-022_ses-102_task-s3;sub-022_ses-201_task-s3;sub-022_ses-301_task-s3	355	3	38	sub-022	ses-102	task-s3	1;2;3	3;3;3
1685	11186	1685	1686	3	3	trialwise	772;2443;4174	772;2443;4174	5;16;27	137;40;3	sub-022_ses-103_task-s5;sub-022_ses-203_task-s5;sub-022_ses-302_task-s5	772	5	137	sub-022	ses-103	task-s5	1;2;3	5;5;5
1686	11187	1686	1687	3	3	trialwise	1255;3033;4732	1255;3033;4732	8;19;30	146;156;87	sub-022_ses-104_task-s8;sub-022_ses-203_task-s8;sub-022_ses-305_task-s8	1255	8	146	sub-022	ses-104	task-s8	1;2;3	8;8;8
1687	11188	1687	1688	3	3	trialwise	971;2787;4568	971;2787;4568	7;18;29	20;68;81	sub-022_ses-104_task-s7;sub-022_ses-202_task-s7;sub-022_ses-303_task-s7	971	7	20	sub-022	ses-104	task-s7	1;2;3	7;7;7
1688	11189	1688	1689	3	3	trialwise	714;2469;4236	714;2469;4236	5;16;27	79;66;65	sub-022_ses-103_task-s5;sub-022_ses-203_task-s5;sub-022_ses-302_task-s5	714	5	79	sub-022	ses-103	task-s5	1;2;3	5;5;5
1689	11190	1689	1690	3	3	trialwise	168;2029;3814	168;2029;3814	2;13;24	10;103;120	sub-022_ses-102_task-s2;sub-022_ses-201_task-s2;sub-022_ses-301_task-s2	168	2	10	sub-022	ses-102	task-s2	1;2;3	2;2;2
1690	11191	1690	1691	3	3	trialwise	480;2283;4051	480;2283;4051	4;15;26	4;39;39	sub-022_ses-102_task-s4;sub-022_ses-202_task-s4;sub-022_ses-302_task-s4	480	4	4	sub-022	ses-102	task-s4	1;2;3	4;4;4
1691	11192	1691	1692	3	3	trialwise	149;1811;3576	149;1811;3576	1;12;23	150;44;41	sub-022_ses-101_task-s1;sub-022_ses-201_task-s1;sub-022_ses-301_task-s1	149	1	150	sub-022	ses-101	task-s1	1;2;3	1;1;1
1692	11193	1692	1693	3	3	trialwise	666;2410;4237	666;2410;4237	5;16;27	31;7;66	sub-022_ses-103_task-s5;sub-022_ses-203_task-s5;sub-022_ses-302_task-s5	666	5	31	sub-022	ses-103	task-s5	1;2;3	5;5;5
1693	11194	1693	1694	3	3	trialwise	555;2262;4030	555;2262;4030	4;15;26	79;18;18	sub-022_ses-102_task-s4;sub-022_ses-202_task-s4;sub-022_ses-302_task-s4	555	4	79	sub-022	ses-102	task-s4	1;2;3	4;4;4
1694	11195	1694	1695	3	3	trialwise	184;2059;3722	184;2059;3722	2;13;24	26;133;28	sub-022_ses-102_task-s2;sub-022_ses-201_task-s2;sub-022_ses-301_task-s2	184	2	26	sub-022	ses-102	task-s2	1;2;3	2;2;2
1695	11196	1695	1696	3	3	trialwise	188;2081;3717	188;2081;3717	2;13;24	30;155;23	sub-022_ses-102_task-s2;sub-022_ses-201_task-s2;sub-022_ses-301_task-s2	188	2	30	sub-022	ses-102	task-s2	1;2;3	2;2;2
1696	11197	1696	1697	3	3	trialwise	1080;2808;4575	1080;2808;4575	7;18;29	129;89;88	sub-022_ses-104_task-s7;sub-022_ses-202_task-s7;sub-022_ses-303_task-s7	1080	7	129	sub-022	ses-104	task-s7	1;2;3	7;7;7
1697	11198	1697	1698	3	3	trialwise	1083;2748;4615	1083;2748;4615	7;18;29	132;29;128	sub-022_ses-104_task-s7;sub-022_ses-202_task-s7;sub-022_ses-303_task-s7	1083	7	132	sub-022	ses-104	task-s7	1;2;3	7;7;7
1698	11199	1698	1699	3	3	trialwise	1168;3029;4692	1168;3029;4692	8;19;30	59;152;47	sub-022_ses-104_task-s8;sub-022_ses-203_task-s8;sub-022_ses-305_task-s8	1168	8	59	sub-022	ses-104	task-s8	1;2;3	8;8;8
1699	11200	1699	1700	3	3	trialwise	36;1891;3647	36;1891;3647	1;12;23	37;124;112	sub-022_ses-101_task-s1;sub-022_ses-201_task-s1;sub-022_ses-301_task-s1	36	1	37	sub-022	ses-101	task-s1	1;2;3	1;1;1
1700	11201	1700	1701	3	3	trialwise	1200;2910;4731	1200;2910;4731	8;19;30	91;33;86	sub-022_ses-104_task-s8;sub-022_ses-203_task-s8;sub-022_ses-305_task-s8	1200	8	91	sub-022	ses-104	task-s8	1;2;3	8;8;8
1701	11202	1701	1702	3	3	trialwise	1160;2972;4775	1160;2972;4775	8;19;30	51;95;130	sub-022_ses-104_task-s8;sub-022_ses-203_task-s8;sub-022_ses-305_task-s8	1160	8	51	sub-022	ses-104	task-s8	1;2;3	8;8;8
1702	11203	1702	1703	3	3	trialwise	1166;2878;4740	1166;2878;4740	8;19;30	57;1;95	sub-022_ses-104_task-s8;sub-022_ses-203_task-s8;sub-022_ses-305_task-s8	1166	8	57	sub-022	ses-104	task-s8	1;2;3	8;8;8
1703	11204	1703	1704	3	3	trialwise	601;2278;4046	601;2278;4046	4;15;26	125;34;34	sub-022_ses-102_task-s4;sub-022_ses-202_task-s4;sub-022_ses-302_task-s4	601	4	125	sub-022	ses-102	task-s4	1;2;3	4;4;4
1704	11205	1704	1705	3	3	trialwise	878;2641;4378	878;2641;4378	6;17;28	85;80;49	sub-022_ses-103_task-s6;sub-022_ses-202_task-s6;sub-022_ses-303_task-s6	878	6	85	sub-022	ses-103	task-s6	1;2;3	6;6;6
1705	11206	1705	1706	3	3	trialwise	598;2284;4052	598;2284;4052	4;15;26	122;40;40	sub-022_ses-102_task-s4;sub-022_ses-202_task-s4;sub-022_ses-302_task-s4	598	4	122	sub-022	ses-102	task-s4	1;2;3	4;4;4
1706	11207	1706	1707	3	3	trialwise	163;2083;3700	163;2083;3700	2;13;24	5;157;6	sub-022_ses-102_task-s2;sub-022_ses-201_task-s2;sub-022_ses-301_task-s2	163	2	5	sub-022	ses-102	task-s2	1;2;3	2;2;2
1707	11208	1707	1708	3	3	trialwise	398;2191;4012	398;2191;4012	3;14;25	81;106;159	sub-022_ses-102_task-s3;sub-022_ses-201_task-s3;sub-022_ses-301_task-s3	398	3	81	sub-022	ses-102	task-s3	1;2;3	3;3;3
1708	11209	1708	1709	3	3	trialwise	1192;2929;4711	1192;2929;4711	8;19;30	83;52;66	sub-022_ses-104_task-s8;sub-022_ses-203_task-s8;sub-022_ses-305_task-s8	1192	8	83	sub-022	ses-104	task-s8	1;2;3	8;8;8
1709	11210	1709	1710	3	3	trialwise	166;1936;3752	166;1936;3752	2;13;24	8;10;58	sub-022_ses-102_task-s2;sub-022_ses-201_task-s2;sub-022_ses-301_task-s2	166	2	8	sub-022	ses-102	task-s2	1;2;3	2;2;2
1710	11211	1710	1711	3	3	trialwise	522;2311;4079	522;2311;4079	4;15;26	46;67;67	sub-022_ses-102_task-s4;sub-022_ses-202_task-s4;sub-022_ses-302_task-s4	522	4	46	sub-022	ses-102	task-s4	1;2;3	4;4;4
1711	11212	1711	1712	3	3	trialwise	434;2167;3992	434;2167;3992	3;14;25	117;82;139	sub-022_ses-102_task-s3;sub-022_ses-201_task-s3;sub-022_ses-301_task-s3	434	3	117	sub-022	ses-102	task-s3	1;2;3	3;3;3
1712	11213	1712	1713	3	3	trialwise	791;2541;4231	791;2541;4231	5;16;27	156;138;60	sub-022_ses-103_task-s5;sub-022_ses-203_task-s5;sub-022_ses-302_task-s5	791	5	156	sub-022	ses-103	task-s5	1;2;3	5;5;5
1713	11214	1713	1714	3	3	trialwise	754;2551;4293	754;2551;4293	5;16;27	119;148;122	sub-022_ses-103_task-s5;sub-022_ses-203_task-s5;sub-022_ses-302_task-s5	754	5	119	sub-022	ses-103	task-s5	1;2;3	5;5;5
1714	11215	1714	1715	3	3	trialwise	1126;3016;4714	1126;3016;4714	8;19;30	17;139;69	sub-022_ses-104_task-s8;sub-022_ses-203_task-s8;sub-022_ses-305_task-s8	1126	8	17	sub-022	ses-104	task-s8	1;2;3	8;8;8
1715	11216	1715	1716	3	3	trialwise	1225;2928;4697	1225;2928;4697	8;19;30	116;51;52	sub-022_ses-104_task-s8;sub-022_ses-203_task-s8;sub-022_ses-305_task-s8	1225	8	116	sub-022	ses-104	task-s8	1;2;3	8;8;8
1716	11217	1716	1717	3	3	trialwise	621;2251;4019	621;2251;4019	4;15;26	145;7;7	sub-022_ses-102_task-s4;sub-022_ses-202_task-s4;sub-022_ses-302_task-s4	621	4	145	sub-022	ses-102	task-s4	1;2;3	4;4;4
1717	11218	1717	1718	3	3	trialwise	718;2481;4211	718;2481;4211	5;16;27	83;78;40	sub-022_ses-103_task-s5;sub-022_ses-203_task-s5;sub-022_ses-302_task-s5	718	5	83	sub-022	ses-103	task-s5	1;2;3	5;5;5
1718	11219	1718	1719	3	3	trialwise	12;1888;3685	12;1888;3685	1;12;23	13;121;150	sub-022_ses-101_task-s1;sub-022_ses-201_task-s1;sub-022_ses-301_task-s1	12	1	13	sub-022	ses-101	task-s1	1;2;3	1;1;1
1719	11220	1719	1720	3	3	trialwise	1004;2730;4521	1004;2730;4521	7;18;29	53;11;34	sub-022_ses-104_task-s7;sub-022_ses-202_task-s7;sub-022_ses-303_task-s7	1004	7	53	sub-022	ses-104	task-s7	1;2;3	7;7;7
1720	11221	1720	1721	3	3	trialwise	540;2383;4151	540;2383;4151	4;15;26	64;139;139	sub-022_ses-102_task-s4;sub-022_ses-202_task-s4;sub-022_ses-302_task-s4	540	4	64	sub-022	ses-102	task-s4	1;2;3	4;4;4
1721	11222	1721	1722	3	3	trialwise	471;2187;4009	471;2187;4009	3;14;25	154;102;156	sub-022_ses-102_task-s3;sub-022_ses-201_task-s3;sub-022_ses-301_task-s3	471	3	154	sub-022	ses-102	task-s3	1;2;3	3;3;3
1722	11223	1722	1723	3	3	trialwise	464;2166;4001	464;2166;4001	3;14;25	147;81;148	sub-022_ses-102_task-s3;sub-022_ses-201_task-s3;sub-022_ses-301_task-s3	464	3	147	sub-022	ses-102	task-s3	1;2;3	3;3;3
1723	11224	1723	1724	3	3	trialwise	1002;2753;4582	1002;2753;4582	7;18;29	51;34;95	sub-022_ses-104_task-s7;sub-022_ses-202_task-s7;sub-022_ses-303_task-s7	1002	7	51	sub-022	ses-104	task-s7	1;2;3	7;7;7
1724	11225	1724	1725	3	3	trialwise	945;2605;4477	945;2605;4477	6;17;28	152;44;148	sub-022_ses-103_task-s6;sub-022_ses-202_task-s6;sub-022_ses-303_task-s6	945	6	152	sub-022	ses-103	task-s6	1;2;3	6;6;6
1725	11226	1725	1726	3	3	trialwise	1097;2870;4571	1097;2870;4571	7;18;29	146;151;84	sub-022_ses-104_task-s7;sub-022_ses-202_task-s7;sub-022_ses-303_task-s7	1097	7	146	sub-022	ses-104	task-s7	1;2;3	7;7;7
1726	11227	1726	1727	3	3	trialwise	213;2063;3719	213;2063;3719	2;13;24	55;137;25	sub-022_ses-102_task-s2;sub-022_ses-201_task-s2;sub-022_ses-301_task-s2	213	2	55	sub-022	ses-102	task-s2	1;2;3	2;2;2
1727	11228	1727	1728	3	3	trialwise	120;1874;3678	120;1874;3678	1;12;23	121;107;143	sub-022_ses-101_task-s1;sub-022_ses-201_task-s1;sub-022_ses-301_task-s1	120	1	121	sub-022	ses-101	task-s1	1;2;3	1;1;1
1728	11229	1728	1729	3	3	trialwise	152;1905;3662	152;1905;3662	1;12;23	153;138;127	sub-022_ses-101_task-s1;sub-022_ses-201_task-s1;sub-022_ses-301_task-s1	152	1	153	sub-022	ses-101	task-s1	1;2;3	1;1;1
1729	11230	1729	1730	3	3	trialwise	145;1781;3577	145;1781;3577	1;12;23	146;14;42	sub-022_ses-101_task-s1;sub-022_ses-201_task-s1;sub-022_ses-301_task-s1	145	1	146	sub-022	ses-101	task-s1	1;2;3	1;1;1
1730	11231	1730	1731	3	3	trialwise	244;2021;3853	244;2021;3853	2;13;24	86;95;159	sub-022_ses-102_task-s2;sub-022_ses-201_task-s2;sub-022_ses-301_task-s2	244	2	86	sub-022	ses-102	task-s2	1;2;3	2;2;2
1731	11232	1731	1732	3	3	trialwise	288;1964;3789	288;1964;3789	2;13;24	130;38;95	sub-022_ses-102_task-s2;sub-022_ses-201_task-s2;sub-022_ses-301_task-s2	288	2	130	sub-022	ses-102	task-s2	1;2;3	2;2;2
1732	11233	1732	1733	3	3	trialwise	642;2479;4218	642;2479;4218	5;16;27	7;76;47	sub-022_ses-103_task-s5;sub-022_ses-203_task-s5;sub-022_ses-302_task-s5	642	5	7	sub-022	ses-103	task-s5	1;2;3	5;5;5
1733	11234	1733	1734	3	3	trialwise	435;2093;3856	435;2093;3856	3;14;25	118;8;3	sub-022_ses-102_task-s3;sub-022_ses-201_task-s3;sub-022_ses-301_task-s3	435	3	118	sub-022	ses-102	task-s3	1;2;3	3;3;3
1734	11235	1734	1735	3	3	trialwise	963;2798;4645	963;2798;4645	7;18;29	12;79;158	sub-022_ses-104_task-s7;sub-022_ses-202_task-s7;sub-022_ses-303_task-s7	963	7	12	sub-022	ses-104	task-s7	1;2;3	7;7;7
1735	11236	1735	1736	3	3	trialwise	84;1849;3653	84;1849;3653	1;12;23	85;82;118	sub-022_ses-101_task-s1;sub-022_ses-201_task-s1;sub-022_ses-301_task-s1	84	1	85	sub-022	ses-101	task-s1	1;2;3	1;1;1
1736	11237	1736	1737	3	3	trialwise	587;2393;4161	587;2393;4161	4;15;26	111;149;149	sub-022_ses-102_task-s4;sub-022_ses-202_task-s4;sub-022_ses-302_task-s4	587	4	111	sub-022	ses-102	task-s4	1;2;3	4;4;4
1737	11238	1737	1738	3	3	trialwise	702;2459;4234	702;2459;4234	5;16;27	67;56;63	sub-022_ses-103_task-s5;sub-022_ses-203_task-s5;sub-022_ses-302_task-s5	702	5	67	sub-022	ses-103	task-s5	1;2;3	5;5;5
1738	11239	1738	1739	3	3	trialwise	307;1979;3757	307;1979;3757	2;13;24	149;53;63	sub-022_ses-102_task-s2;sub-022_ses-201_task-s2;sub-022_ses-301_task-s2	307	2	149	sub-022	ses-102	task-s2	1;2;3	2;2;2
1739	11240	1739	1740	3	3	trialwise	1018;2770;4592	1018;2770;4592	7;18;29	67;51;105	sub-022_ses-104_task-s7;sub-022_ses-202_task-s7;sub-022_ses-303_task-s7	1018	7	67	sub-022	ses-104	task-s7	1;2;3	7;7;7
1740	11241	1740	1741	3	3	trialwise	999;2738;4619	999;2738;4619	7;18;29	48;19;132	sub-022_ses-104_task-s7;sub-022_ses-202_task-s7;sub-022_ses-303_task-s7	999	7	48	sub-022	ses-104	task-s7	1;2;3	7;7;7
1741	11242	1741	1742	3	3	trialwise	607;2323;4091	607;2323;4091	4;15;26	131;79;79	sub-022_ses-102_task-s4;sub-022_ses-202_task-s4;sub-022_ses-302_task-s4	607	4	131	sub-022	ses-102	task-s4	1;2;3	4;4;4
1742	11243	1742	1743	3	3	trialwise	116;1907;3657	116;1907;3657	1;12;23	117;140;122	sub-022_ses-101_task-s1;sub-022_ses-201_task-s1;sub-022_ses-301_task-s1	116	1	117	sub-022	ses-101	task-s1	1;2;3	1;1;1
1743	11244	1743	1744	3	3	trialwise	283;1991;3794	283;1991;3794	2;13;24	125;65;100	sub-022_ses-102_task-s2;sub-022_ses-201_task-s2;sub-022_ses-301_task-s2	283	2	125	sub-022	ses-102	task-s2	1;2;3	2;2;2
1744	11245	1744	1745	3	3	trialwise	610;2321;4089	610;2321;4089	4;15;26	134;77;77	sub-022_ses-102_task-s4;sub-022_ses-202_task-s4;sub-022_ses-302_task-s4	610	4	134	sub-022	ses-102	task-s4	1;2;3	4;4;4
1745	11246	1745	1746	3	3	trialwise	1181;2990;4691	1181;2990;4691	8;19;30	72;113;46	sub-022_ses-104_task-s8;sub-022_ses-203_task-s8;sub-022_ses-305_task-s8	1181	8	72	sub-022	ses-104	task-s8	1;2;3	8;8;8
1746	11247	1746	1747	3	3	trialwise	673;2540;4272	673;2540;4272	5;16;27	38;137;101	sub-022_ses-103_task-s5;sub-022_ses-203_task-s5;sub-022_ses-302_task-s5	673	5	38	sub-022	ses-103	task-s5	1;2;3	5;5;5
1747	11248	1747	1748	3	3	trialwise	959;2876;4634	959;2876;4634	7;18;29	8;157;147	sub-022_ses-104_task-s7;sub-022_ses-202_task-s7;sub-022_ses-303_task-s7	959	7	8	sub-022	ses-104	task-s7	1;2;3	7;7;7
1748	11249	1748	1749	3	3	trialwise	202;1967;3848	202;1967;3848	2;13;24	44;41;154	sub-022_ses-102_task-s2;sub-022_ses-201_task-s2;sub-022_ses-301_task-s2	202	2	44	sub-022	ses-102	task-s2	1;2;3	2;2;2
1749	11250	1749	1750	3	3	trialwise	476;2097;3946	476;2097;3946	3;14;25	159;12;93	sub-022_ses-102_task-s3;sub-022_ses-201_task-s3;sub-022_ses-301_task-s3	476	3	159	sub-022	ses-102	task-s3	1;2;3	3;3;3
1750	11251	1750	1751	3	3	trialwise	542;2300;4068	542;2300;4068	4;15;26	66;56;56	sub-022_ses-102_task-s4;sub-022_ses-202_task-s4;sub-022_ses-302_task-s4	542	4	66	sub-022	ses-102	task-s4	1;2;3	4;4;4
1751	11252	1751	1752	3	3	trialwise	903;2662;4482	903;2662;4482	6;17;28	110;101;153	sub-022_ses-103_task-s6;sub-022_ses-202_task-s6;sub-022_ses-303_task-s6	903	6	110	sub-022	ses-103	task-s6	1;2;3	6;6;6
1752	11253	1752	1753	3	3	trialwise	81;1899;3604	81;1899;3604	1;12;23	82;132;69	sub-022_ses-101_task-s1;sub-022_ses-201_task-s1;sub-022_ses-301_task-s1	81	1	82	sub-022	ses-101	task-s1	1;2;3	1;1;1
1753	11254	1753	1754	3	3	trialwise	42;1850;3574	42;1850;3574	1;12;23	43;83;39	sub-022_ses-101_task-s1;sub-022_ses-201_task-s1;sub-022_ses-301_task-s1	42	1	43	sub-022	ses-101	task-s1	1;2;3	1;1;1
1754	11255	1754	1755	3	3	trialwise	835;2669;4413	835;2669;4413	6;17;28	42;108;84	sub-022_ses-103_task-s6;sub-022_ses-202_task-s6;sub-022_ses-303_task-s6	835	6	42	sub-022	ses-103	task-s6	1;2;3	6;6;6
1755	11256	1755	1756	3	3	trialwise	238;1982;3802	238;1982;3802	2;13;24	80;56;108	sub-022_ses-102_task-s2;sub-022_ses-201_task-s2;sub-022_ses-301_task-s2	238	2	80	sub-022	ses-102	task-s2	1;2;3	2;2;2
1756	11257	1756	1757	3	3	trialwise	967;2815;4519	967;2815;4519	7;18;29	16;96;32	sub-022_ses-104_task-s7;sub-022_ses-202_task-s7;sub-022_ses-303_task-s7	967	7	16	sub-022	ses-104	task-s7	1;2;3	7;7;7
1757	11258	1757	1758	3	3	trialwise	60;1820;3556	60;1820;3556	1;12;23	61;53;21	sub-022_ses-101_task-s1;sub-022_ses-201_task-s1;sub-022_ses-301_task-s1	60	1	61	sub-022	ses-101	task-s1	1;2;3	1;1;1
1758	11259	1758	1759	3	3	trialwise	278;2018;3771	278;2018;3771	2;13;24	120;92;77	sub-022_ses-102_task-s2;sub-022_ses-201_task-s2;sub-022_ses-301_task-s2	278	2	120	sub-022	ses-102	task-s2	1;2;3	2;2;2
1759	11260	1759	1760	3	3	trialwise	459;2175;4003	459;2175;4003	3;14;25	142;90;150	sub-022_ses-102_task-s3;sub-022_ses-201_task-s3;sub-022_ses-301_task-s3	459	3	142	sub-022	ses-102	task-s3	1;2;3	3;3;3
1760	11261	1760	1761	3	3	trialwise	256;2030;3827	256;2030;3827	2;13;24	98;104;133	sub-022_ses-102_task-s2;sub-022_ses-201_task-s2;sub-022_ses-301_task-s2	256	2	98	sub-022	ses-102	task-s2	1;2;3	2;2;2
1761	11262	1761	1762	3	3	trialwise	1217;2944;4789	1217;2944;4789	8;19;30	108;67;144	sub-022_ses-104_task-s8;sub-022_ses-203_task-s8;sub-022_ses-305_task-s8	1217	8	108	sub-022	ses-104	task-s8	1;2;3	8;8;8
1762	11263	1762	1763	3	3	trialwise	217;2078;3766	217;2078;3766	2;13;24	59;152;72	sub-022_ses-102_task-s2;sub-022_ses-201_task-s2;sub-022_ses-301_task-s2	217	2	59	sub-022	ses-102	task-s2	1;2;3	2;2;2
1763	11264	1763	1764	3	3	trialwise	478;2382;4150	478;2382;4150	4;15;26	2;138;138	sub-022_ses-102_task-s4;sub-022_ses-202_task-s4;sub-022_ses-302_task-s4	478	4	2	sub-022	ses-102	task-s4	1;2;3	4;4;4
1764	11265	1764	1765	3	3	trialwise	936;2570;4377	936;2570;4377	6;17;28	143;9;48	sub-022_ses-103_task-s6;sub-022_ses-202_task-s6;sub-022_ses-303_task-s6	936	6	143	sub-022	ses-103	task-s6	1;2;3	6;6;6
1765	11266	1765	1766	3	3	trialwise	497;2305;4073	497;2305;4073	4;15;26	21;61;61	sub-022_ses-102_task-s4;sub-022_ses-202_task-s4;sub-022_ses-302_task-s4	497	4	21	sub-022	ses-102	task-s4	1;2;3	4;4;4
1766	11267	1766	1767	3	3	trialwise	377;2149;3968	377;2149;3968	3;14;25	60;64;115	sub-022_ses-102_task-s3;sub-022_ses-201_task-s3;sub-022_ses-301_task-s3	377	3	60	sub-022	ses-102	task-s3	1;2;3	3;3;3
1767	11268	1767	1768	3	3	trialwise	376;2177;3884	376;2177;3884	3;14;25	59;92;31	sub-022_ses-102_task-s3;sub-022_ses-201_task-s3;sub-022_ses-301_task-s3	376	3	59	sub-022	ses-102	task-s3	1;2;3	3;3;3
