scalar_index_0based	condition_id	condition_col_0based	condition_col_1based	n_trials_presented	n_betas_averaged	beta_index_mode	source_beta_rows_0based	trial_indices_0based	run_indices_1based	local_trial_indices	run_stems	first_trial_index_0based	first_run_index_1based	first_local_trial_index	first_sub	first_ses	first_task	repeat_indices	task_indices
0	1	0	1	3	3	trialwise	408;2239;3867	408;2239;3867	3;14;25	91;154;14	sub-012_ses-101_task-s3;sub-012_ses-201_task-s3;sub-012_ses-301_task-s3	408	3	91	sub-012	ses-101	task-s3	1;2;3	3;3;3
1	2	1	2	3	3	trialwise	12;1847;3583	12;1847;3583	1;12;23	13;80;48	sub-012_ses-101_task-s1;sub-012_ses-201_task-s1;sub-012_ses-301_task-s1	12	1	13	sub-012	ses-101	task-s1	1;2;3	1;1;1
2	3	2	3	3	3	trialwise	259;2013;3845	259;2013;3845	2;13;24	101;87;151	sub-012_ses-101_task-s2;sub-012_ses-201_task-s2;sub-012_ses-301_task-s2	259	2	101	sub-012	ses-101	task-s2	1;2;3	2;2;2
3	4	3	4	3	3	trialwise	603;2300;4051	603;2300;4051	4;15;26	127;56;39	sub-012_ses-102_task-s4;sub-012_ses-203_task-s4;sub-012_ses-301_task-s4	603	4	127	sub-012	ses-102	task-s4	1;2;3	4;4;4
4	5	4	5	3	3	trialwise	883;2609;4448	883;2609;4448	6;17;28	90;48;119	sub-012_ses-102_task-s6;sub-012_ses-203_task-s6;sub-012_ses-302_task-s6	883	6	90	sub-012	ses-102	task-s6	1;2;3	6;6;6
5	6	5	6	3	3	trialwise	823;2592;4459	823;2592;4459	6;17;28	30;31;130	sub-012_ses-102_task-s6;sub-012_ses-203_task-s6;sub-012_ses-302_task-s6	823	6	30	sub-012	ses-102	task-s6	1;2;3	6;6;6
6	7	6	7	3	3	trialwise	1088;2872;4520	1088;2872;4520	7;18;29	137;153;33	sub-012_ses-102_task-s7;sub-012_ses-203_task-s7;sub-012_ses-302_task-s7	1088	7	137	sub-012	ses-102	task-s7	1;2;3	7;7;7
7	8	7	8	3	3	trialwise	1174;2983;4706	1174;2983;4706	8;19;30	65;106;61	sub-012_ses-103_task-s8;sub-012_ses-204_task-s8;sub-012_ses-302_task-s8	1174	8	65	sub-012	ses-103	task-s8	1;2;3	8;8;8
8	9	8	9	3	3	trialwise	969;2728;4630	969;2728;4630	7;18;29	18;9;143	sub-012_ses-102_task-s7;sub-012_ses-203_task-s7;sub-012_ses-302_task-s7	969	7	18	sub-012	ses-102	task-s7	1;2;3	7;7;7
9	10	9	10	3	3	trialwise	1085;2779;4567	1085;2779;4567	7;18;29	134;60;80	sub-012_ses-102_task-s7;sub-012_ses-203_task-s7;sub-012_ses-302_task-s7	1085	7	134	sub-012	ses-102	task-s7	1;2;3	7;7;7
10	11	10	11	3	3	trialwise	85;1834;3662	85;1834;3662	1;12;23	86;67;127	sub-012_ses-101_task-s1;sub-012_ses-201_task-s1;sub-012_ses-301_task-s1	85	1	86	sub-012	ses-101	task-s1	1;2;3	1;1;1
11	12	11	12	3	3	trialwise	64;1899;3542	64;1899;3542	1;12;23	65;132;7	sub-012_ses-101_task-s1;sub-012_ses-201_task-s1;sub-012_ses-301_task-s1	64	1	65	sub-012	ses-101	task-s1	1;2;3	1;1;1
12	13	12	13	3	3	trialwise	937;2676;4344	937;2676;4344	6;17;28	144;115;15	sub-012_ses-102_task-s6;sub-012_ses-203_task-s6;sub-012_ses-302_task-s6	937	6	144	sub-012	ses-102	task-s6	1;2;3	6;6;6
13	14	13	14	3	3	trialwise	350;2105;3902	350;2105;3902	3;14;25	33;20;49	sub-012_ses-101_task-s3;sub-012_ses-201_task-s3;sub-012_ses-301_task-s3	350	3	33	sub-012	ses-101	task-s3	1;2;3	3;3;3
14	15	14	15	3	3	trialwise	1120;2989;4786	1120;2989;4786	8;19;30	11;112;141	sub-012_ses-103_task-s8;sub-012_ses-204_task-s8;sub-012_ses-302_task-s8	1120	8	11	sub-012	ses-103	task-s8	1;2;3	8;8;8
15	16	15	16	3	3	trialwise	753;2478;4307	753;2478;4307	5;16;27	118;75;136	sub-012_ses-102_task-s5;sub-012_ses-203_task-s5;sub-012_ses-301_task-s5	753	5	118	sub-012	ses-102	task-s5	1;2;3	5;5;5
16	17	16	17	3	3	trialwise	322;2244;3855	322;2244;3855	3;14;25	5;159;2	sub-012_ses-101_task-s3;sub-012_ses-201_task-s3;sub-012_ses-301_task-s3	322	3	5	sub-012	ses-101	task-s3	1;2;3	3;3;3
17	18	17	18	3	3	trialwise	1195;2920;4742	1195;2920;4742	8;19;30	86;43;97	sub-012_ses-103_task-s8;sub-012_ses-204_task-s8;sub-012_ses-302_task-s8	1195	8	86	sub-012	ses-103	task-s8	1;2;3	8;8;8
18	19	18	19	3	3	trialwise	882;2651;4394	882;2651;4394	6;17;28	89;90;65	sub-012_ses-102_task-s6;sub-012_ses-203_task-s6;sub-012_ses-302_task-s6	882	6	89	sub-012	ses-102	task-s6	1;2;3	6;6;6
19	20	19	20	3	3	trialwise	796;2705;4463	796;2705;4463	6;17;28	3;144;134	sub-012_ses-102_task-s6;sub-012_ses-203_task-s6;sub-012_ses-302_task-s6	796	6	3	sub-012	ses-102	task-s6	1;2;3	6;6;6
20	21	20	21	3	3	trialwise	318;2147;4000	318;2147;4000	3;14;25	1;62;147	sub-012_ses-101_task-s3;sub-012_ses-201_task-s3;sub-012_ses-301_task-s3	318	3	1	sub-012	ses-101	task-s3	1;2;3	3;3;3
21	22	21	22	3	3	trialwise	685;2475;4295	685;2475;4295	5;16;27	50;72;124	sub-012_ses-102_task-s5;sub-012_ses-203_task-s5;sub-012_ses-301_task-s5	685	5	50	sub-012	ses-102	task-s5	1;2;3	5;5;5
22	23	22	23	3	3	trialwise	722;2466;4292	722;2466;4292	5;16;27	87;63;121	sub-012_ses-102_task-s5;sub-012_ses-203_task-s5;sub-012_ses-301_task-s5	722	5	87	sub-012	ses-102	task-s5	1;2;3	5;5;5
23	24	23	24	3	3	trialwise	250;2012;3782	250;2012;3782	2;13;24	92;86;88	sub-012_ses-101_task-s2;sub-012_ses-201_task-s2;sub-012_ses-301_task-s2	250	2	92	sub-012	ses-101	task-s2	1;2;3	2;2;2
24	25	24	25	3	3	trialwise	82;1791;3688	82;1791;3688	1;12;23	83;24;153	sub-012_ses-101_task-s1;sub-012_ses-201_task-s1;sub-012_ses-301_task-s1	82	1	83	sub-012	ses-101	task-s1	1;2;3	1;1;1
25	26	25	26	3	3	trialwise	185;1981;3711	185;1981;3711	2;13;24	27;55;17	sub-012_ses-101_task-s2;sub-012_ses-201_task-s2;sub-012_ses-301_task-s2	185	2	27	sub-012	ses-101	task-s2	1;2;3	2;2;2
26	27	26	27	3	3	trialwise	964;2830;4504	964;2830;4504	7;18;29	13;111;17	sub-012_ses-102_task-s7;sub-012_ses-203_task-s7;sub-012_ses-302_task-s7	964	7	13	sub-012	ses-102	task-s7	1;2;3	7;7;7
27	28	27	28	3	3	trialwise	444;2150;3997	444;2150;3997	3;14;25	127;65;144	sub-012_ses-101_task-s3;sub-012_ses-201_task-s3;sub-012_ses-301_task-s3	444	3	127	sub-012	ses-101	task-s3	1;2;3	3;3;3
28	29	28	29	3	3	trialwise	616;2312;4067	616;2312;4067	4;15;26	140;68;55	sub-012_ses-102_task-s4;sub-012_ses-203_task-s4;sub-012_ses-301_task-s4	616	4	140	sub-012	ses-102	task-s4	1;2;3	4;4;4
29	30	29	30	3	3	trialwise	762;2492;4329	762;2492;4329	5;16;27	127;89;158	sub-012_ses-102_task-s5;sub-012_ses-203_task-s5;sub-012_ses-301_task-s5	762	5	127	sub-012	ses-102	task-s5	1;2;3	5;5;5
30	31	30	31	3	3	trialwise	227;2064;3699	227;2064;3699	2;13;24	69;138;5	sub-012_ses-101_task-s2;sub-012_ses-201_task-s2;sub-012_ses-301_task-s2	227	2	69	sub-012	ses-101	task-s2	1;2;3	2;2;2
31	32	31	32	3	3	trialwise	984;2749;4645	984;2749;4645	7;18;29	33;30;158	sub-012_ses-102_task-s7;sub-012_ses-203_task-s7;sub-012_ses-302_task-s7	984	7	33	sub-012	ses-102	task-s7	1;2;3	7;7;7
32	33	32	33	3	3	trialwise	1023;2836;4598	1023;2836;4598	7;18;29	72;117;111	sub-012_ses-102_task-s7;sub-012_ses-203_task-s7;sub-012_ses-302_task-s7	1023	7	72	sub-012	ses-102	task-s7	1;2;3	7;7;7
33	34	33	34	3	3	trialwise	1080;2838;4523	1080;2838;4523	7;18;29	129;119;36	sub-012_ses-102_task-s7;sub-012_ses-203_task-s7;sub-012_ses-302_task-s7	1080	7	129	sub-012	ses-102	task-s7	1;2;3	7;7;7
34	35	34	35	3	3	trialwise	782;2477;4271	782;2477;4271	5;16;27	147;74;100	sub-012_ses-102_task-s5;sub-012_ses-203_task-s5;sub-012_ses-301_task-s5	782	5	147	sub-012	ses-102	task-s5	1;2;3	5;5;5
35	36	35	36	3	3	trialwise	495;2332;4026	495;2332;4026	4;15;26	19;88;14	sub-012_ses-102_task-s4;sub-012_ses-203_task-s4;sub-012_ses-301_task-s4	495	4	19	sub-012	ses-102	task-s4	1;2;3	4;4;4
36	37	36	37	3	3	trialwise	305;2035;3802	305;2035;3802	2;13;24	147;109;108	sub-012_ses-101_task-s2;sub-012_ses-201_task-s2;sub-012_ses-301_task-s2	305	2	147	sub-012	ses-101	task-s2	1;2;3	2;2;2
37	38	37	38	3	3	trialwise	1260;3020;4791	1260;3020;4791	8;19;30	151;143;146	sub-012_ses-103_task-s8;sub-012_ses-204_task-s8;sub-012_ses-302_task-s8	1260	8	151	sub-012	ses-103	task-s8	1;2;3	8;8;8
38	39	38	39	3	3	trialwise	800;2643;4348	800;2643;4348	6;17;28	7;82;19	sub-012_ses-102_task-s6;sub-012_ses-203_task-s6;sub-012_ses-302_task-s6	800	6	7	sub-012	ses-102	task-s6	1;2;3	6;6;6
39	40	39	40	3	3	trialwise	1182;2979;4744	1182;2979;4744	8;19;30	73;102;99	sub-012_ses-103_task-s8;sub-012_ses-204_task-s8;sub-012_ses-302_task-s8	1182	8	73	sub-012	ses-103	task-s8	1;2;3	8;8;8
40	41	40	41	3	3	trialwise	1185;2969;4738	1185;2969;4738	8;19;30	76;92;93	sub-012_ses-103_task-s8;sub-012_ses-204_task-s8;sub-012_ses-302_task-s8	1185	8	76	sub-012	ses-103	task-s8	1;2;3	8;8;8
41	42	41	42	3	3	trialwise	384;2161;3859	384;2161;3859	3;14;25	67;76;6	sub-012_ses-101_task-s3;sub-012_ses-201_task-s3;sub-012_ses-301_task-s3	384	3	67	sub-012	ses-101	task-s3	1;2;3	3;3;3
42	43	42	43	3	3	trialwise	86;1814;3631	86;1814;3631	1;12;23	87;47;96	sub-012_ses-101_task-s1;sub-012_ses-201_task-s1;sub-012_ses-301_task-s1	86	1	87	sub-012	ses-101	task-s1	1;2;3	1;1;1
43	44	43	44	3	3	trialwise	224;1980;3753	224;1980;3753	2;13;24	66;54;59	sub-012_ses-101_task-s2;sub-012_ses-201_task-s2;sub-012_ses-301_task-s2	224	2	66	sub-012	ses-101	task-s2	1;2;3	2;2;2
44	45	44	45	3	3	trialwise	344;2243;3900	344;2243;3900	3;14;25	27;158;47	sub-012_ses-101_task-s3;sub-012_ses-201_task-s3;sub-012_ses-301_task-s3	344	3	27	sub-012	ses-101	task-s3	1;2;3	3;3;3
45	46	45	46	3	3	trialwise	269;1977;3730	269;1977;3730	2;13;24	111;51;36	sub-012_ses-101_task-s2;sub-012_ses-201_task-s2;sub-012_ses-301_task-s2	269	2	111	sub-012	ses-101	task-s2	1;2;3	2;2;2
46	47	46	47	3	3	trialwise	1177;3021;4728	1177;3021;4728	8;19;30	68;144;83	sub-012_ses-103_task-s8;sub-012_ses-204_task-s8;sub-012_ses-302_task-s8	1177	8	68	sub-012	ses-103	task-s8	1;2;3	8;8;8
47	48	47	48	3	3	trialwise	150;1853;3694	150;1853;3694	1;12;23	151;86;159	sub-012_ses-101_task-s1;sub-012_ses-201_task-s1;sub-012_ses-301_task-s1	150	1	151	sub-012	ses-101	task-s1	1;2;3	1;1;1
48	49	48	49	3	3	trialwise	80;1849;3615	80;1849;3615	1;12;23	81;82;80	sub-012_ses-101_task-s1;sub-012_ses-201_task-s1;sub-012_ses-301_task-s1	80	1	81	sub-012	ses-101	task-s1	1;2;3	1;1;1
49	50	49	50	3	3	trialwise	254;2047;3797	254;2047;3797	2;13;24	96;121;103	sub-012_ses-101_task-s2;sub-012_ses-201_task-s2;sub-012_ses-301_task-s2	254	2	96	sub-012	ses-101	task-s2	1;2;3	2;2;2
50	51	50	51	3	3	trialwise	406;2203;3910	406;2203;3910	3;14;25	89;118;57	sub-012_ses-101_task-s3;sub-012_ses-201_task-s3;sub-012_ses-301_task-s3	406	3	89	sub-012	ses-101	task-s3	1;2;3	3;3;3
51	52	51	52	3	3	trialwise	400;2219;3918	400;2219;3918	3;14;25	83;134;65	sub-012_ses-101_task-s3;sub-012_ses-201_task-s3;sub-012_ses-301_task-s3	400	3	83	sub-012	ses-101	task-s3	1;2;3	3;3;3
52	53	52	53	3	3	trialwise	899;2565;4424	899;2565;4424	6;17;28	106;4;95	sub-012_ses-102_task-s6;sub-012_ses-203_task-s6;sub-012_ses-302_task-s6	899	6	106	sub-012	ses-102	task-s6	1;2;3	6;6;6
53	54	53	54	3	3	trialwise	1256;2991;4765	1256;2991;4765	8;19;30	147;114;120	sub-012_ses-103_task-s8;sub-012_ses-204_task-s8;sub-012_ses-302_task-s8	1256	8	147	sub-012	ses-103	task-s8	1;2;3	8;8;8
54	55	54	55	3	3	trialwise	954;2835;4620	954;2835;4620	7;18;29	3;116;133	sub-012_ses-102_task-s7;sub-012_ses-203_task-s7;sub-012_ses-302_task-s7	954	7	3	sub-012	ses-102	task-s7	1;2;3	7;7;7
55	56	55	56	3	3	trialwise	650;2552;4327	650;2552;4327	5;16;27	15;149;156	sub-012_ses-102_task-s5;sub-012_ses-203_task-s5;sub-012_ses-301_task-s5	650	5	15	sub-012	ses-102	task-s5	1;2;3	5;5;5
56	57	56	57	3	3	trialwise	771;2479;4174	771;2479;4174	5;16;27	136;76;3	sub-012_ses-102_task-s5;sub-012_ses-203_task-s5;sub-012_ses-301_task-s5	771	5	136	sub-012	ses-102	task-s5	1;2;3	5;5;5
57	58	57	58	3	3	trialwise	812;2699;4365	812;2699;4365	6;17;28	19;138;36	sub-012_ses-102_task-s6;sub-012_ses-203_task-s6;sub-012_ses-302_task-s6	812	6	19	sub-012	ses-102	task-s6	1;2;3	6;6;6
58	59	58	59	3	3	trialwise	1096;2787;4514	1096;2787;4514	7;18;29	145;68;27	sub-012_ses-102_task-s7;sub-012_ses-203_task-s7;sub-012_ses-302_task-s7	1096	7	145	sub-012	ses-102	task-s7	1;2;3	7;7;7
59	60	59	60	3	3	trialwise	1048;2863;4640	1048;2863;4640	7;18;29	97;144;153	sub-012_ses-102_task-s7;sub-012_ses-203_task-s7;sub-012_ses-302_task-s7	1048	7	97	sub-012	ses-102	task-s7	1;2;3	7;7;7
60	61	60	61	3	3	trialwise	96;1880;3591	96;1880;3591	1;12;23	97;113;56	sub-012_ses-101_task-s1;sub-012_ses-201_task-s1;sub-012_ses-301_task-s1	96	1	97	sub-012	ses-101	task-s1	1;2;3	1;1;1
61	62	61	62	3	3	trialwise	1071;2724;4510	1071;2724;4510	7;18;29	120;5;23	sub-012_ses-102_task-s7;sub-012_ses-203_task-s7;sub-012_ses-302_task-s7	1071	7	120	sub-012	ses-102	task-s7	1;2;3	7;7;7
62	63	62	63	3	3	trialwise	435;2241;3896	435;2241;3896	3;14;25	118;156;43	sub-012_ses-101_task-s3;sub-012_ses-201_task-s3;sub-012_ses-301_task-s3	435	3	118	sub-012	ses-101	task-s3	1;2;3	3;3;3
63	64	63	64	3	3	trialwise	619;2247;4062	619;2247;4062	4;15;26	143;3;50	sub-012_ses-102_task-s4;sub-012_ses-203_task-s4;sub-012_ses-301_task-s4	619	4	143	sub-012	ses-102	task-s4	1;2;3	4;4;4
64	65	64	65	3	3	trialwise	760;2439;4200	760;2439;4200	5;16;27	125;36;29	sub-012_ses-102_task-s5;sub-012_ses-203_task-s5;sub-012_ses-301_task-s5	760	5	125	sub-012	ses-102	task-s5	1;2;3	5;5;5
65	66	65	66	3	3	trialwise	1212;3011;4798	1212;3011;4798	8;19;30	103;134;153	sub-012_ses-103_task-s8;sub-012_ses-204_task-s8;sub-012_ses-302_task-s8	1212	8	103	sub-012	ses-103	task-s8	1;2;3	8;8;8
66	67	66	67	3	3	trialwise	574;2347;4057	574;2347;4057	4;15;26	98;103;45	sub-012_ses-102_task-s4;sub-012_ses-203_task-s4;sub-012_ses-301_task-s4	574	4	98	sub-012	ses-102	task-s4	1;2;3	4;4;4
67	68	67	68	3	3	trialwise	824;2637;4369	824;2637;4369	6;17;28	31;76;40	sub-012_ses-102_task-s6;sub-012_ses-203_task-s6;sub-012_ses-302_task-s6	824	6	31	sub-012	ses-102	task-s6	1;2;3	6;6;6
68	69	68	69	3	3	trialwise	491;2313;4043	491;2313;4043	4;15;26	15;69;31	sub-012_ses-102_task-s4;sub-012_ses-203_task-s4;sub-012_ses-301_task-s4	491	4	15	sub-012	ses-102	task-s4	1;2;3	4;4;4
69	70	69	70	3	3	trialwise	663;2558;4185	663;2558;4185	5;16;27	28;155;14	sub-012_ses-102_task-s5;sub-012_ses-203_task-s5;sub-012_ses-301_task-s5	663	5	28	sub-012	ses-102	task-s5	1;2;3	5;5;5
70	71	70	71	3	3	trialwise	943;2667;4445	943;2667;4445	6;17;28	150;106;116	sub-012_ses-102_task-s6;sub-012_ses-203_task-s6;sub-012_ses-302_task-s6	943	6	150	sub-012	ses-102	task-s6	1;2;3	6;6;6
71	72	71	72	3	3	trialwise	202;2053;3824	202;2053;3824	2;13;24	44;127;130	sub-012_ses-101_task-s2;sub-012_ses-201_task-s2;sub-012_ses-301_task-s2	202	2	44	sub-012	ses-101	task-s2	1;2;3	2;2;2
72	73	72	73	3	3	trialwise	675;2545;4314	675;2545;4314	5;16;27	40;142;143	sub-012_ses-102_task-s5;sub-012_ses-203_task-s5;sub-012_ses-301_task-s5	675	5	40	sub-012	ses-102	task-s5	1;2;3	5;5;5
73	74	73	74	3	3	trialwise	225;1971;3840	225;1971;3840	2;13;24	67;45;146	sub-012_ses-101_task-s2;sub-012_ses-201_task-s2;sub-012_ses-301_task-s2	225	2	67	sub-012	ses-101	task-s2	1;2;3	2;2;2
74	75	74	75	3	3	trialwise	402;2130;3999	402;2130;3999	3;14;25	85;45;146	sub-012_ses-101_task-s3;sub-012_ses-201_task-s3;sub-012_ses-301_task-s3	402	3	85	sub-012	ses-101	task-s3	1;2;3	3;3;3
75	76	75	76	3	3	trialwise	127;1798;3644	127;1798;3644	1;12;23	128;31;109	sub-012_ses-101_task-s1;sub-012_ses-201_task-s1;sub-012_ses-301_task-s1	127	1	128	sub-012	ses-101	task-s1	1;2;3	1;1;1
76	77	76	77	3	3	trialwise	788;2454;4290	788;2454;4290	5;16;27	153;51;119	sub-012_ses-102_task-s5;sub-012_ses-203_task-s5;sub-012_ses-301_task-s5	788	5	153	sub-012	ses-102	task-s5	1;2;3	5;5;5
77	78	77	78	3	3	trialwise	358;2119;3975	358;2119;3975	3;14;25	41;34;122	sub-012_ses-101_task-s3;sub-012_ses-201_task-s3;sub-012_ses-301_task-s3	358	3	41	sub-012	ses-101	task-s3	1;2;3	3;3;3
78	79	78	79	3	3	trialwise	41;1827;3625	41;1827;3625	1;12;23	42;60;90	sub-012_ses-101_task-s1;sub-012_ses-201_task-s1;sub-012_ses-301_task-s1	41	1	42	sub-012	ses-101	task-s1	1;2;3	1;1;1
79	80	79	80	3	3	trialwise	295;1985;3817	295;1985;3817	2;13;24	137;59;123	sub-012_ses-101_task-s2;sub-012_ses-201_task-s2;sub-012_ses-301_task-s2	295	2	137	sub-012	ses-101	task-s2	1;2;3	2;2;2
80	81	80	81	3	3	trialwise	1172;2881;4667	1172;2881;4667	8;19;30	63;4;22	sub-012_ses-103_task-s8;sub-012_ses-204_task-s8;sub-012_ses-302_task-s8	1172	8	63	sub-012	ses-103	task-s8	1;2;3	8;8;8
81	82	81	82	3	3	trialwise	750;2536;4196	750;2536;4196	5;16;27	115;133;25	sub-012_ses-102_task-s5;sub-012_ses-203_task-s5;sub-012_ses-301_task-s5	750	5	115	sub-012	ses-102	task-s5	1;2;3	5;5;5
82	83	82	83	3	3	trialwise	1253;2884;4718	1253;2884;4718	8;19;30	144;7;73	sub-012_ses-103_task-s8;sub-012_ses-204_task-s8;sub-012_ses-302_task-s8	1253	8	144	sub-012	ses-103	task-s8	1;2;3	8;8;8
83	84	83	84	3	3	trialwise	1026;2845;4599	1026;2845;4599	7;18;29	75;126;112	sub-012_ses-102_task-s7;sub-012_ses-203_task-s7;sub-012_ses-302_task-s7	1026	7	75	sub-012	ses-102	task-s7	1;2;3	7;7;7
84	85	84	85	3	3	trialwise	368;2138;3966	368;2138;3966	3;14;25	51;53;113	sub-012_ses-101_task-s3;sub-012_ses-201_task-s3;sub-012_ses-301_task-s3	368	3	51	sub-012	ses-101	task-s3	1;2;3	3;3;3
85	86	85	86	3	3	trialwise	135;1884;3598	135;1884;3598	1;12;23	136;117;63	sub-012_ses-101_task-s1;sub-012_ses-201_task-s1;sub-012_ses-301_task-s1	135	1	136	sub-012	ses-101	task-s1	1;2;3	1;1;1
86	87	86	87	3	3	trialwise	851;2584;4372	851;2584;4372	6;17;28	58;23;43	sub-012_ses-102_task-s6;sub-012_ses-203_task-s6;sub-012_ses-302_task-s6	851	6	58	sub-012	ses-102	task-s6	1;2;3	6;6;6
87	88	87	88	3	3	trialwise	764;2525;4296	764;2525;4296	5;16;27	129;122;125	sub-012_ses-102_task-s5;sub-012_ses-203_task-s5;sub-012_ses-301_task-s5	764	5	129	sub-012	ses-102	task-s5	1;2;3	5;5;5
88	89	88	89	3	3	trialwise	1018;2857;4612	1018;2857;4612	7;18;29	67;138;125	sub-012_ses-102_task-s7;sub-012_ses-203_task-s7;sub-012_ses-302_task-s7	1018	7	67	sub-012	ses-102	task-s7	1;2;3	7;7;7
89	90	89	90	3	3	trialwise	1234;3019;4777	1234;3019;4777	8;19;30	125;142;132	sub-012_ses-103_task-s8;sub-012_ses-204_task-s8;sub-012_ses-302_task-s8	1234	8	125	sub-012	ses-103	task-s8	1;2;3	8;8;8
90	91	90	91	3	3	trialwise	922;2686;4330	922;2686;4330	6;17;28	129;125;1	sub-012_ses-102_task-s6;sub-012_ses-203_task-s6;sub-012_ses-302_task-s6	922	6	129	sub-012	ses-102	task-s6	1;2;3	6;6;6
91	92	91	92	3	3	trialwise	941;2674;4453	941;2674;4453	6;17;28	148;113;124	sub-012_ses-102_task-s6;sub-012_ses-203_task-s6;sub-012_ses-302_task-s6	941	6	148	sub-012	ses-102	task-s6	1;2;3	6;6;6
92	93	92	93	3	3	trialwise	371;2131;3886	371;2131;3886	3;14;25	54;46;33	sub-012_ses-101_task-s3;sub-012_ses-201_task-s3;sub-012_ses-301_task-s3	371	3	54	sub-012	ses-101	task-s3	1;2;3	3;3;3
93	94	93	94	3	3	trialwise	32;1821;3660	32;1821;3660	1;12;23	33;54;125	sub-012_ses-101_task-s1;sub-012_ses-201_task-s1;sub-012_ses-301_task-s1	32	1	33	sub-012	ses-101	task-s1	1;2;3	1;1;1
94	95	94	95	3	3	trialwise	162;2065;3748	162;2065;3748	2;13;24	4;139;54	sub-012_ses-101_task-s2;sub-012_ses-201_task-s2;sub-012_ses-301_task-s2	162	2	4	sub-012	ses-101	task-s2	1;2;3	2;2;2
95	96	95	96	3	3	trialwise	226;1953;3822	226;1953;3822	2;13;24	68;27;128	sub-012_ses-101_task-s2;sub-012_ses-201_task-s2;sub-012_ses-301_task-s2	226	2	68	sub-012	ses-101	task-s2	1;2;3	2;2;2
96	97	96	97	3	3	trialwise	765;2459;4206	765;2459;4206	5;16;27	130;56;35	sub-012_ses-102_task-s5;sub-012_ses-203_task-s5;sub-012_ses-301_task-s5	765	5	130	sub-012	ses-102	task-s5	1;2;3	5;5;5
97	98	97	98	3	3	trialwise	924;2566;4423	924;2566;4423	6;17;28	131;5;94	sub-012_ses-102_task-s6;sub-012_ses-203_task-s6;sub-012_ses-302_task-s6	924	6	131	sub-012	ses-102	task-s6	1;2;3	6;6;6
98	99	98	99	3	3	trialwise	715;2542;4263	715;2542;4263	5;16;27	80;139;92	sub-012_ses-102_task-s5;sub-012_ses-203_task-s5;sub-012_ses-301_task-s5	715	5	80	sub-012	ses-102	task-s5	1;2;3	5;5;5
99	100	99	100	3	3	trialwise	527;2349;4044	527;2349;4044	4;15;26	51;105;32	sub-012_ses-102_task-s4;sub-012_ses-203_task-s4;sub-012_ses-301_task-s4	527	4	51	sub-012	ses-102	task-s4	1;2;3	4;4;4
100	101	100	101	3	3	trialwise	562;2382;4123	562;2382;4123	4;15;26	86;138;111	sub-012_ses-102_task-s4;sub-012_ses-203_task-s4;sub-012_ses-301_task-s4	562	4	86	sub-012	ses-102	task-s4	1;2;3	4;4;4
101	102	101	102	3	3	trialwise	628;2375;4080	628;2375;4080	4;15;26	152;131;68	sub-012_ses-102_task-s4;sub-012_ses-203_task-s4;sub-012_ses-301_task-s4	628	4	152	sub-012	ses-102	task-s4	1;2;3	4;4;4
102	103	102	103	3	3	trialwise	365;2180;4008	365;2180;4008	3;14;25	48;95;155	sub-012_ses-101_task-s3;sub-012_ses-201_task-s3;sub-012_ses-301_task-s3	365	3	48	sub-012	ses-101	task-s3	1;2;3	3;3;3
103	104	103	104	3	3	trialwise	710;2476;4208	710;2476;4208	5;16;27	75;73;37	sub-012_ses-102_task-s5;sub-012_ses-203_task-s5;sub-012_ses-301_task-s5	710	5	75	sub-012	ses-102	task-s5	1;2;3	5;5;5
104	105	104	105	3	3	trialwise	345;2140;3903	345;2140;3903	3;14;25	28;55;50	sub-012_ses-101_task-s3;sub-012_ses-201_task-s3;sub-012_ses-301_task-s3	345	3	28	sub-012	ses-101	task-s3	1;2;3	3;3;3
105	106	105	106	3	3	trialwise	742;2411;4250	742;2411;4250	5;16;27	107;8;79	sub-012_ses-102_task-s5;sub-012_ses-203_task-s5;sub-012_ses-301_task-s5	742	5	107	sub-012	ses-102	task-s5	1;2;3	5;5;5
106	107	106	107	3	3	trialwise	794;2581;4478	794;2581;4478	6;17;28	1;20;149	sub-012_ses-102_task-s6;sub-012_ses-203_task-s6;sub-012_ses-302_task-s6	794	6	1	sub-012	ses-102	task-s6	1;2;3	6;6;6
107	108	107	108	3	3	trialwise	208;2052;3767	208;2052;3767	2;13;24	50;126;73	sub-012_ses-101_task-s2;sub-012_ses-201_task-s2;sub-012_ses-301_task-s2	208	2	50	sub-012	ses-101	task-s2	1;2;3	2;2;2
108	109	108	109	3	3	trialwise	1005;2758;4577	1005;2758;4577	7;18;29	54;39;90	sub-012_ses-102_task-s7;sub-012_ses-203_task-s7;sub-012_ses-302_task-s7	1005	7	54	sub-012	ses-102	task-s7	1;2;3	7;7;7
109	110	109	110	3	3	trialwise	236;1979;3758	236;1979;3758	2;13;24	78;53;64	sub-012_ses-101_task-s2;sub-012_ses-201_task-s2;sub-012_ses-301_task-s2	236	2	78	sub-012	ses-101	task-s2	1;2;3	2;2;2
110	111	110	111	3	3	trialwise	1061;2796;4621	1061;2796;4621	7;18;29	110;77;134	sub-012_ses-102_task-s7;sub-012_ses-203_task-s7;sub-012_ses-302_task-s7	1061	7	110	sub-012	ses-102	task-s7	1;2;3	7;7;7
111	112	111	112	3	3	trialwise	1064;2781;4625	1064;2781;4625	7;18;29	113;62;138	sub-012_ses-102_task-s7;sub-012_ses-203_task-s7;sub-012_ses-302_task-s7	1064	7	113	sub-012	ses-102	task-s7	1;2;3	7;7;7
112	113	112	113	3	3	trialwise	802;2716;4377	802;2716;4377	6;17;28	9;155;48	sub-012_ses-102_task-s6;sub-012_ses-203_task-s6;sub-012_ses-302_task-s6	802	6	9	sub-012	ses-102	task-s6	1;2;3	6;6;6
113	114	113	114	3	3	trialwise	744;2461;4218	744;2461;4218	5;16;27	109;58;47	sub-012_ses-102_task-s5;sub-012_ses-203_task-s5;sub-012_ses-301_task-s5	744	5	109	sub-012	ses-102	task-s5	1;2;3	5;5;5
114	115	114	115	3	3	trialwise	1082;2801;4493	1082;2801;4493	7;18;29	131;82;6	sub-012_ses-102_task-s7;sub-012_ses-203_task-s7;sub-012_ses-302_task-s7	1082	7	131	sub-012	ses-102	task-s7	1;2;3	7;7;7
115	116	115	116	3	3	trialwise	904;2681;4380	904;2681;4380	6;17;28	111;120;51	sub-012_ses-102_task-s6;sub-012_ses-203_task-s6;sub-012_ses-302_task-s6	904	6	111	sub-012	ses-102	task-s6	1;2;3	6;6;6
116	117	116	117	3	3	trialwise	633;2302;4018	633;2302;4018	4;15;26	157;58;6	sub-012_ses-102_task-s4;sub-012_ses-203_task-s4;sub-012_ses-301_task-s4	633	4	157	sub-012	ses-102	task-s4	1;2;3	4;4;4
117	118	117	118	3	3	trialwise	504;2369;4148	504;2369;4148	4;15;26	28;125;136	sub-012_ses-102_task-s4;sub-012_ses-203_task-s4;sub-012_ses-301_task-s4	504	4	28	sub-012	ses-102	task-s4	1;2;3	4;4;4
118	119	118	119	3	3	trialwise	740;2407;4210	740;2407;4210	5;16;27	105;4;39	sub-012_ses-102_task-s5;sub-012_ses-203_task-s5;sub-012_ses-301_task-s5	740	5	105	sub-012	ses-102	task-s5	1;2;3	5;5;5
119	120	119	120	3	3	trialwise	759;2487;4298	759;2487;4298	5;16;27	124;84;127	sub-012_ses-102_task-s5;sub-012_ses-203_task-s5;sub-012_ses-301_task-s5	759	5	124	sub-012	ses-102	task-s5	1;2;3	5;5;5
120	121	120	121	3	3	trialwise	1246;2982;4724	1246;2982;4724	8;19;30	137;105;79	sub-012_ses-103_task-s8;sub-012_ses-204_task-s8;sub-012_ses-302_task-s8	1246	8	137	sub-012	ses-103	task-s8	1;2;3	8;8;8
121	122	121	122	3	3	trialwise	410;2114;3884	410;2114;3884	3;14;25	93;29;31	sub-012_ses-101_task-s3;sub-012_ses-201_task-s3;sub-012_ses-301_task-s3	410	3	93	sub-012	ses-101	task-s3	1;2;3	3;3;3
122	123	122	123	3	3	trialwise	131;1819;3654	131;1819;3654	1;12;23	132;52;119	sub-012_ses-101_task-s1;sub-012_ses-201_task-s1;sub-012_ses-301_task-s1	131	1	132	sub-012	ses-101	task-s1	1;2;3	1;1;1
123	124	123	124	3	3	trialwise	1086;2819;4552	1086;2819;4552	7;18;29	135;100;65	sub-012_ses-102_task-s7;sub-012_ses-203_task-s7;sub-012_ses-302_task-s7	1086	7	135	sub-012	ses-102	task-s7	1;2;3	7;7;7
124	125	124	125	3	3	trialwise	281;1990;3836	281;1990;3836	2;13;24	123;64;142	sub-012_ses-101_task-s2;sub-012_ses-201_task-s2;sub-012_ses-301_task-s2	281	2	123	sub-012	ses-101	task-s2	1;2;3	2;2;2
125	126	125	126	3	3	trialwise	776;2499;4266	776;2499;4266	5;16;27	141;96;95	sub-012_ses-102_task-s5;sub-012_ses-203_task-s5;sub-012_ses-301_task-s5	776	5	141	sub-012	ses-102	task-s5	1;2;3	5;5;5
126	127	126	127	3	3	trialwise	156;1915;3593	156;1915;3593	1;12;23	157;148;58	sub-012_ses-101_task-s1;sub-012_ses-201_task-s1;sub-012_ses-301_task-s1	156	1	157	sub-012	ses-101	task-s1	1;2;3	1;1;1
127	128	127	128	3	3	trialwise	84;1912;3645	84;1912;3645	1;12;23	85;145;110	sub-012_ses-101_task-s1;sub-012_ses-201_task-s1;sub-012_ses-301_task-s1	84	1	85	sub-012	ses-101	task-s1	1;2;3	1;1;1
128	129	128	129	3	3	trialwise	101;1909;3580	101;1909;3580	1;12;23	102;142;45	sub-012_ses-101_task-s1;sub-012_ses-201_task-s1;sub-012_ses-301_task-s1	101	1	102	sub-012	ses-101	task-s1	1;2;3	1;1;1
129	130	129	130	3	3	trialwise	868;2675;4417	868;2675;4417	6;17;28	75;114;88	sub-012_ses-102_task-s6;sub-012_ses-203_task-s6;sub-012_ses-302_task-s6	868	6	75	sub-012	ses-102	task-s6	1;2;3	6;6;6
130	131	130	131	3	3	trialwise	171;2068;3853	171;2068;3853	2;13;24	13;142;159	sub-012_ses-101_task-s2;sub-012_ses-201_task-s2;sub-012_ses-301_task-s2	171	2	13	sub-012	ses-101	task-s2	1;2;3	2;2;2
131	132	131	132	3	3	trialwise	901;2580;4388	901;2580;4388	6;17;28	108;19;59	sub-012_ses-102_task-s6;sub-012_ses-203_task-s6;sub-012_ses-302_task-s6	901	6	108	sub-012	ses-102	task-s6	1;2;3	6;6;6
132	133	132	133	3	3	trialwise	1204;3001;4784	1204;3001;4784	8;19;30	95;124;139	sub-012_ses-103_task-s8;sub-012_ses-204_task-s8;sub-012_ses-302_task-s8	1204	8	95	sub-012	ses-103	task-s8	1;2;3	8;8;8
133	134	133	134	3	3	trialwise	430;2128;3876	430;2128;3876	3;14;25	113;43;23	sub-012_ses-101_task-s3;sub-012_ses-201_task-s3;sub-012_ses-301_task-s3	430	3	113	sub-012	ses-101	task-s3	1;2;3	3;3;3
134	135	134	135	3	3	trialwise	858;2682;4351	858;2682;4351	6;17;28	65;121;22	sub-012_ses-102_task-s6;sub-012_ses-203_task-s6;sub-012_ses-302_task-s6	858	6	65	sub-012	ses-102	task-s6	1;2;3	6;6;6
135	136	135	136	3	3	trialwise	878;2590;4454	878;2590;4454	6;17;28	85;29;125	sub-012_ses-102_task-s6;sub-012_ses-203_task-s6;sub-012_ses-302_task-s6	878	6	85	sub-012	ses-102	task-s6	1;2;3	6;6;6
136	137	136	137	3	3	trialwise	1132;2959;4757	1132;2959;4757	8;19;30	23;82;112	sub-012_ses-103_task-s8;sub-012_ses-204_task-s8;sub-012_ses-302_task-s8	1132	8	23	sub-012	ses-103	task-s8	1;2;3	8;8;8
137	138	137	138	3	3	trialwise	94;1793;3678	94;1793;3678	1;12;23	95;26;143	sub-012_ses-101_task-s1;sub-012_ses-201_task-s1;sub-012_ses-301_task-s1	94	1	95	sub-012	ses-101	task-s1	1;2;3	1;1;1
138	139	138	139	3	3	trialwise	46;1809;3565	46;1809;3565	1;12;23	47;42;30	sub-012_ses-101_task-s1;sub-012_ses-201_task-s1;sub-012_ses-301_task-s1	46	1	47	sub-012	ses-101	task-s1	1;2;3	1;1;1
139	140	139	140	3	3	trialwise	841;2619;4376	841;2619;4376	6;17;28	48;58;47	sub-012_ses-102_task-s6;sub-012_ses-203_task-s6;sub-012_ses-302_task-s6	841	6	48	sub-012	ses-102	task-s6	1;2;3	6;6;6
140	141	140	141	3	3	trialwise	825;2582;4379	825;2582;4379	6;17;28	32;21;50	sub-012_ses-102_task-s6;sub-012_ses-203_task-s6;sub-012_ses-302_task-s6	825	6	32	sub-012	ses-102	task-s6	1;2;3	6;6;6
141	142	141	142	3	3	trialwise	1149;3013;4740	1149;3013;4740	8;19;30	40;136;95	sub-012_ses-103_task-s8;sub-012_ses-204_task-s8;sub-012_ses-302_task-s8	1149	8	40	sub-012	ses-103	task-s8	1;2;3	8;8;8
142	143	142	143	3	3	trialwise	1095;2731;4588	1095;2731;4588	7;18;29	144;12;101	sub-012_ses-102_task-s7;sub-012_ses-203_task-s7;sub-012_ses-302_task-s7	1095	7	144	sub-012	ses-102	task-s7	1;2;3	7;7;7
143	144	143	144	3	3	trialwise	201;2060;3795	201;2060;3795	2;13;24	43;134;101	sub-012_ses-101_task-s2;sub-012_ses-201_task-s2;sub-012_ses-301_task-s2	201	2	43	sub-012	ses-101	task-s2	1;2;3	2;2;2
144	145	144	145	3	3	trialwise	667;2556;4293	667;2556;4293	5;16;27	32;153;122	sub-012_ses-102_task-s5;sub-012_ses-203_task-s5;sub-012_ses-301_task-s5	667	5	32	sub-012	ses-102	task-s5	1;2;3	5;5;5
145	146	145	146	3	3	trialwise	775;2458;4278	775;2458;4278	5;16;27	140;55;107	sub-012_ses-102_task-s5;sub-012_ses-203_task-s5;sub-012_ses-301_task-s5	775	5	140	sub-012	ses-102	task-s5	1;2;3	5;5;5
146	147	146	147	3	3	trialwise	1141;2910;4780	1141;2910;4780	8;19;30	32;33;135	sub-012_ses-103_task-s8;sub-012_ses-204_task-s8;sub-012_ses-302_task-s8	1141	8	32	sub-012	ses-103	task-s8	1;2;3	8;8;8
147	148	147	148	3	3	trialwise	421;2173;3949	421;2173;3949	3;14;25	104;88;96	sub-012_ses-101_task-s3;sub-012_ses-201_task-s3;sub-012_ses-301_task-s3	421	3	104	sub-012	ses-101	task-s3	1;2;3	3;3;3
148	149	148	149	3	3	trialwise	325;2242;3976	325;2242;3976	3;14;25	8;157;123	sub-012_ses-101_task-s3;sub-012_ses-201_task-s3;sub-012_ses-301_task-s3	325	3	8	sub-012	ses-101	task-s3	1;2;3	3;3;3
149	150	149	150	3	3	trialwise	49;1906;3588	49;1906;3588	1;12;23	50;139;53	sub-012_ses-101_task-s1;sub-012_ses-201_task-s1;sub-012_ses-301_task-s1	49	1	50	sub-012	ses-101	task-s1	1;2;3	1;1;1
150	151	150	151	3	3	trialwise	634;2338;4069	634;2338;4069	4;15;26	158;94;57	sub-012_ses-102_task-s4;sub-012_ses-203_task-s4;sub-012_ses-301_task-s4	634	4	158	sub-012	ses-102	task-s4	1;2;3	4;4;4
151	152	151	152	3	3	trialwise	627;2389;4056	627;2389;4056	4;15;26	151;145;44	sub-012_ses-102_task-s4;sub-012_ses-203_task-s4;sub-012_ses-301_task-s4	627	4	151	sub-012	ses-102	task-s4	1;2;3	4;4;4
152	153	152	153	3	3	trialwise	243;1949;3794	243;1949;3794	2;13;24	85;23;100	sub-012_ses-101_task-s2;sub-012_ses-201_task-s2;sub-012_ses-301_task-s2	243	2	85	sub-012	ses-101	task-s2	1;2;3	2;2;2
153	154	153	154	3	3	trialwise	196;2062;3790	196;2062;3790	2;13;24	38;136;96	sub-012_ses-101_task-s2;sub-012_ses-201_task-s2;sub-012_ses-301_task-s2	196	2	38	sub-012	ses-101	task-s2	1;2;3	2;2;2
154	155	154	155	3	3	trialwise	552;2384;4100	552;2384;4100	4;15;26	76;140;88	sub-012_ses-102_task-s4;sub-012_ses-203_task-s4;sub-012_ses-301_task-s4	552	4	76	sub-012	ses-102	task-s4	1;2;3	4;4;4
155	156	155	156	3	3	trialwise	151;1855;3601	151;1855;3601	1;12;23	152;88;66	sub-012_ses-101_task-s1;sub-012_ses-201_task-s1;sub-012_ses-301_task-s1	151	1	152	sub-012	ses-101	task-s1	1;2;3	1;1;1
156	157	156	157	3	3	trialwise	378;2141;3927	378;2141;3927	3;14;25	61;56;74	sub-012_ses-101_task-s3;sub-012_ses-201_task-s3;sub-012_ses-301_task-s3	378	3	61	sub-012	ses-101	task-s3	1;2;3	3;3;3
157	158	157	158	3	3	trialwise	188;1978;3800	188;1978;3800	2;13;24	30;52;106	sub-012_ses-101_task-s2;sub-012_ses-201_task-s2;sub-012_ses-301_task-s2	188	2	30	sub-012	ses-101	task-s2	1;2;3	2;2;2
158	159	158	159	3	3	trialwise	1213;2919;4694	1213;2919;4694	8;19;30	104;42;49	sub-012_ses-103_task-s8;sub-012_ses-204_task-s8;sub-012_ses-302_task-s8	1213	8	104	sub-012	ses-103	task-s8	1;2;3	8;8;8
159	160	159	160	3	3	trialwise	826;2583;4332	826;2583;4332	6;17;28	33;22;3	sub-012_ses-102_task-s6;sub-012_ses-203_task-s6;sub-012_ses-302_task-s6	826	6	33	sub-012	ses-102	task-s6	1;2;3	6;6;6
160	161	160	161	3	3	trialwise	286;1986;3773	286;1986;3773	2;13;24	128;60;79	sub-012_ses-101_task-s2;sub-012_ses-201_task-s2;sub-012_ses-301_task-s2	286	2	128	sub-012	ses-101	task-s2	1;2;3	2;2;2
161	162	161	162	3	3	trialwise	735;2443;4230	735;2443;4230	5;16;27	100;40;59	sub-012_ses-102_task-s5;sub-012_ses-203_task-s5;sub-012_ses-301_task-s5	735	5	100	sub-012	ses-102	task-s5	1;2;3	5;5;5
162	163	162	163	3	3	trialwise	346;2210;3907	346;2210;3907	3;14;25	29;125;54	sub-012_ses-101_task-s3;sub-012_ses-201_task-s3;sub-012_ses-301_task-s3	346	3	29	sub-012	ses-101	task-s3	1;2;3	3;3;3
163	164	163	164	3	3	trialwise	961;2742;4547	961;2742;4547	7;18;29	10;23;60	sub-012_ses-102_task-s7;sub-012_ses-203_task-s7;sub-012_ses-302_task-s7	961	7	10	sub-012	ses-102	task-s7	1;2;3	7;7;7
164	165	164	165	3	3	trialwise	258;2008;3723	258;2008;3723	2;13;24	100;82;29	sub-012_ses-101_task-s2;sub-012_ses-201_task-s2;sub-012_ses-301_task-s2	258	2	100	sub-012	ses-101	task-s2	1;2;3	2;2;2
165	166	165	166	3	3	trialwise	1003;2726;4517	1003;2726;4517	7;18;29	52;7;30	sub-012_ses-102_task-s7;sub-012_ses-203_task-s7;sub-012_ses-302_task-s7	1003	7	52	sub-012	ses-102	task-s7	1;2;3	7;7;7
166	167	166	167	3	3	trialwise	166;2058;3739	166;2058;3739	2;13;24	8;132;45	sub-012_ses-101_task-s2;sub-012_ses-201_task-s2;sub-012_ses-301_task-s2	166	2	8	sub-012	ses-101	task-s2	1;2;3	2;2;2
167	168	167	168	3	3	trialwise	61;1837;3656	61;1837;3656	1;12;23	62;70;121	sub-012_ses-101_task-s1;sub-012_ses-201_task-s1;sub-012_ses-301_task-s1	61	1	62	sub-012	ses-101	task-s1	1;2;3	1;1;1
168	169	168	169	3	3	trialwise	327;2195;3981	327;2195;3981	3;14;25	10;110;128	sub-012_ses-101_task-s3;sub-012_ses-201_task-s3;sub-012_ses-301_task-s3	327	3	10	sub-012	ses-101	task-s3	1;2;3	3;3;3
169	170	169	170	3	3	trialwise	270;2037;3743	270;2037;3743	2;13;24	112;111;49	sub-012_ses-101_task-s2;sub-012_ses-201_task-s2;sub-012_ses-301_task-s2	270	2	112	sub-012	ses-101	task-s2	1;2;3	2;2;2
170	171	170	171	3	3	trialwise	967;2754;4635	967;2754;4635	7;18;29	16;35;148	sub-012_ses-102_task-s7;sub-012_ses-203_task-s7;sub-012_ses-302_task-s7	967	7	16	sub-012	ses-102	task-s7	1;2;3	7;7;7
171	172	171	172	3	3	trialwise	898;2689;4331	898;2689;4331	6;17;28	105;128;2	sub-012_ses-102_task-s6;sub-012_ses-203_task-s6;sub-012_ses-302_task-s6	898	6	105	sub-012	ses-102	task-s6	1;2;3	6;6;6
172	173	172	173	3	3	trialwise	387;2191;3893	387;2191;3893	3;14;25	70;106;40	sub-012_ses-101_task-s3;sub-012_ses-201_task-s3;sub-012_ses-301_task-s3	387	3	70	sub-012	ses-101	task-s3	1;2;3	3;3;3
173	174	173	174	3	3	trialwise	834;2677;4360	834;2677;4360	6;17;28	41;116;31	sub-012_ses-102_task-s6;sub-012_ses-203_task-s6;sub-012_ses-302_task-s6	834	6	41	sub-012	ses-102	task-s6	1;2;3	6;6;6
174	175	174	175	3	3	trialwise	383;2231;3954	383;2231;3954	3;14;25	66;146;101	sub-012_ses-101_task-s3;sub-012_ses-201_task-s3;sub-012_ses-301_task-s3	383	3	66	sub-012	ses-101	task-s3	1;2;3	3;3;3
175	176	175	176	3	3	trialwise	601;2337;4087	601;2337;4087	4;15;26	125;93;75	sub-012_ses-102_task-s4;sub-012_ses-203_task-s4;sub-012_ses-301_task-s4	601	4	125	sub-012	ses-102	task-s4	1;2;3	4;4;4
176	177	176	177	3	3	trialwise	499;2339;4150	499;2339;4150	4;15;26	23;95;138	sub-012_ses-102_task-s4;sub-012_ses-203_task-s4;sub-012_ses-301_task-s4	499	4	23	sub-012	ses-102	task-s4	1;2;3	4;4;4
177	178	177	178	3	3	trialwise	1062;2720;4533	1062;2720;4533	7;18;29	111;1;46	sub-012_ses-102_task-s7;sub-012_ses-203_task-s7;sub-012_ses-302_task-s7	1062	7	111	sub-012	ses-102	task-s7	1;2;3	7;7;7
178	179	178	179	3	3	trialwise	999;2784;4543	999;2784;4543	7;18;29	48;65;56	sub-012_ses-102_task-s7;sub-012_ses-203_task-s7;sub-012_ses-302_task-s7	999	7	48	sub-012	ses-102	task-s7	1;2;3	7;7;7
179	180	179	180	3	3	trialwise	189;2049;3771	189;2049;3771	2;13;24	31;123;77	sub-012_ses-101_task-s2;sub-012_ses-201_task-s2;sub-012_ses-301_task-s2	189	2	31	sub-012	ses-101	task-s2	1;2;3	2;2;2
180	181	180	181	3	3	trialwise	774;2502;4319	774;2502;4319	5;16;27	139;99;148	sub-012_ses-102_task-s5;sub-012_ses-203_task-s5;sub-012_ses-301_task-s5	774	5	139	sub-012	ses-102	task-s5	1;2;3	5;5;5
181	182	181	182	3	3	trialwise	1163;2913;4708	1163;2913;4708	8;19;30	54;36;63	sub-012_ses-103_task-s8;sub-012_ses-204_task-s8;sub-012_ses-302_task-s8	1163	8	54	sub-012	ses-103	task-s8	1;2;3	8;8;8
182	183	182	183	3	3	trialwise	962;2822;4557	962;2822;4557	7;18;29	11;103;70	sub-012_ses-102_task-s7;sub-012_ses-203_task-s7;sub-012_ses-302_task-s7	962	7	11	sub-012	ses-102	task-s7	1;2;3	7;7;7
183	184	183	184	3	3	trialwise	890;2711;4334	890;2711;4334	6;17;28	97;150;5	sub-012_ses-102_task-s6;sub-012_ses-203_task-s6;sub-012_ses-302_task-s6	890	6	97	sub-012	ses-102	task-s6	1;2;3	6;6;6
184	185	184	185	3	3	trialwise	245;1965;3749	245;1965;3749	2;13;24	87;39;55	sub-012_ses-101_task-s2;sub-012_ses-201_task-s2;sub-012_ses-301_task-s2	245	2	87	sub-012	ses-101	task-s2	1;2;3	2;2;2
185	186	185	186	3	3	trialwise	456;2109;3891	456;2109;3891	3;14;25	139;24;38	sub-012_ses-101_task-s3;sub-012_ses-201_task-s3;sub-012_ses-301_task-s3	456	3	139	sub-012	ses-101	task-s3	1;2;3	3;3;3
186	187	186	187	3	3	trialwise	544;2270;4016	544;2270;4016	4;15;26	68;26;4	sub-012_ses-102_task-s4;sub-012_ses-203_task-s4;sub-012_ses-301_task-s4	544	4	68	sub-012	ses-102	task-s4	1;2;3	4;4;4
187	188	187	188	3	3	trialwise	662;2481;4221	662;2481;4221	5;16;27	27;78;50	sub-012_ses-102_task-s5;sub-012_ses-203_task-s5;sub-012_ses-301_task-s5	662	5	27	sub-012	ses-102	task-s5	1;2;3	5;5;5
188	189	188	189	3	3	trialwise	830;2610;4335	830;2610;4335	6;17;28	37;49;6	sub-012_ses-102_task-s6;sub-012_ses-203_task-s6;sub-012_ses-302_task-s6	830	6	37	sub-012	ses-102	task-s6	1;2;3	6;6;6
189	190	189	190	3	3	trialwise	27;1806;3554	27;1806;3554	1;12;23	28;39;19	sub-012_ses-101_task-s1;sub-012_ses-201_task-s1;sub-012_ses-301_task-s1	27	1	28	sub-012	ses-101	task-s1	1;2;3	1;1;1
190	191	190	191	3	3	trialwise	65;1841;3649	65;1841;3649	1;12;23	66;74;114	sub-012_ses-101_task-s1;sub-012_ses-201_task-s1;sub-012_ses-301_task-s1	65	1	66	sub-012	ses-101	task-s1	1;2;3	1;1;1
191	192	191	192	3	3	trialwise	620;2263;4047	620;2263;4047	4;15;26	144;19;35	sub-012_ses-102_task-s4;sub-012_ses-203_task-s4;sub-012_ses-301_task-s4	620	4	144	sub-012	ses-102	task-s4	1;2;3	4;4;4
192	193	192	193	3	3	trialwise	1093;2785;4508	1093;2785;4508	7;18;29	142;66;21	sub-012_ses-102_task-s7;sub-012_ses-203_task-s7;sub-012_ses-302_task-s7	1093	7	142	sub-012	ses-102	task-s7	1;2;3	7;7;7
193	194	193	194	3	3	trialwise	26;1838;3576	26;1838;3576	1;12;23	27;71;41	sub-012_ses-101_task-s1;sub-012_ses-201_task-s1;sub-012_ses-301_task-s1	26	1	27	sub-012	ses-101	task-s1	1;2;3	1;1;1
194	195	194	195	3	3	trialwise	597;2257;4049	597;2257;4049	4;15;26	121;13;37	sub-012_ses-102_task-s4;sub-012_ses-203_task-s4;sub-012_ses-301_task-s4	597	4	121	sub-012	ses-102	task-s4	1;2;3	4;4;4
195	196	195	196	3	3	trialwise	271;2039;3756	271;2039;3756	2;13;24	113;113;62	sub-012_ses-101_task-s2;sub-012_ses-201_task-s2;sub-012_ses-301_task-s2	271	2	113	sub-012	ses-101	task-s2	1;2;3	2;2;2
196	197	196	197	3	3	trialwise	651;2463;4301	651;2463;4301	5;16;27	16;60;130	sub-012_ses-102_task-s5;sub-012_ses-203_task-s5;sub-012_ses-301_task-s5	651	5	16	sub-012	ses-102	task-s5	1;2;3	5;5;5
197	198	197	198	3	3	trialwise	1231;2971;4734	1231;2971;4734	8;19;30	122;94;89	sub-012_ses-103_task-s8;sub-012_ses-204_task-s8;sub-012_ses-302_task-s8	1231	8	122	sub-012	ses-103	task-s8	1;2;3	8;8;8
198	199	198	199	3	3	trialwise	204;2032;3827	204;2032;3827	2;13;24	46;106;133	sub-012_ses-101_task-s2;sub-012_ses-201_task-s2;sub-012_ses-301_task-s2	204	2	46	sub-012	ses-101	task-s2	1;2;3	2;2;2
199	200	199	200	3	3	trialwise	83;1825;3692	83;1825;3692	1;12;23	84;58;157	sub-012_ses-101_task-s1;sub-012_ses-201_task-s1;sub-012_ses-301_task-s1	83	1	84	sub-012	ses-101	task-s1	1;2;3	1;1;1
200	201	200	201	3	3	trialwise	1159;2965;4658	1159;2965;4658	8;19;30	50;88;13	sub-012_ses-103_task-s8;sub-012_ses-204_task-s8;sub-012_ses-302_task-s8	1159	8	50	sub-012	ses-103	task-s8	1;2;3	8;8;8
201	202	201	202	3	3	trialwise	630;2362;4014	630;2362;4014	4;15;26	154;118;2	sub-012_ses-102_task-s4;sub-012_ses-203_task-s4;sub-012_ses-301_task-s4	630	4	154	sub-012	ses-102	task-s4	1;2;3	4;4;4
202	203	202	203	3	3	trialwise	698;2557;4240	698;2557;4240	5;16;27	63;154;69	sub-012_ses-102_task-s5;sub-012_ses-203_task-s5;sub-012_ses-301_task-s5	698	5	63	sub-012	ses-102	task-s5	1;2;3	5;5;5
203	204	203	204	3	3	trialwise	927;2640;4367	927;2640;4367	6;17;28	134;79;38	sub-012_ses-102_task-s6;sub-012_ses-203_task-s6;sub-012_ses-302_task-s6	927	6	134	sub-012	ses-102	task-s6	1;2;3	6;6;6
204	205	204	205	3	3	trialwise	1043;2816;4554	1043;2816;4554	7;18;29	92;97;67	sub-012_ses-102_task-s7;sub-012_ses-203_task-s7;sub-012_ses-302_task-s7	1043	7	92	sub-012	ses-102	task-s7	1;2;3	7;7;7
205	206	205	206	3	3	trialwise	1226;2904;4771	1226;2904;4771	8;19;30	117;27;126	sub-012_ses-103_task-s8;sub-012_ses-204_task-s8;sub-012_ses-302_task-s8	1226	8	117	sub-012	ses-103	task-s8	1;2;3	8;8;8
206	207	206	207	3	3	trialwise	1059;2867;4537	1059;2867;4537	7;18;29	108;148;50	sub-012_ses-102_task-s7;sub-012_ses-203_task-s7;sub-012_ses-302_task-s7	1059	7	108	sub-012	ses-102	task-s7	1;2;3	7;7;7
207	208	207	208	3	3	trialwise	783;2538;4305	783;2538;4305	5;16;27	148;135;134	sub-012_ses-102_task-s5;sub-012_ses-203_task-s5;sub-012_ses-301_task-s5	783	5	148	sub-012	ses-102	task-s5	1;2;3	5;5;5
208	209	208	209	3	3	trialwise	452;2108;3878	452;2108;3878	3;14;25	135;23;25	sub-012_ses-101_task-s3;sub-012_ses-201_task-s3;sub-012_ses-301_task-s3	452	3	135	sub-012	ses-101	task-s3	1;2;3	3;3;3
209	210	209	210	3	3	trialwise	676;2404;4265	676;2404;4265	5;16;27	41;1;94	sub-012_ses-102_task-s5;sub-012_ses-203_task-s5;sub-012_ses-301_task-s5	676	5	41	sub-012	ses-102	task-s5	1;2;3	5;5;5
210	211	210	211	3	3	trialwise	579;2275;4083	579;2275;4083	4;15;26	103;31;71	sub-012_ses-102_task-s4;sub-012_ses-203_task-s4;sub-012_ses-301_task-s4	579	4	103	sub-012	ses-102	task-s4	1;2;3	4;4;4
211	212	211	212	3	3	trialwise	1099;2866;4528	1099;2866;4528	7;18;29	148;147;41	sub-012_ses-102_task-s7;sub-012_ses-203_task-s7;sub-012_ses-302_task-s7	1099	7	148	sub-012	ses-102	task-s7	1;2;3	7;7;7
212	213	212	213	3	3	trialwise	453;2167;3869	453;2167;3869	3;14;25	136;82;16	sub-012_ses-101_task-s3;sub-012_ses-201_task-s3;sub-012_ses-301_task-s3	453	3	136	sub-012	ses-101	task-s3	1;2;3	3;3;3
213	214	213	214	3	3	trialwise	987;2775;4506	987;2775;4506	7;18;29	36;56;19	sub-012_ses-102_task-s7;sub-012_ses-203_task-s7;sub-012_ses-302_task-s7	987	7	36	sub-012	ses-102	task-s7	1;2;3	7;7;7
214	215	214	215	3	3	trialwise	440;2133;3871	440;2133;3871	3;14;25	123;48;18	sub-012_ses-101_task-s3;sub-012_ses-201_task-s3;sub-012_ses-301_task-s3	440	3	123	sub-012	ses-101	task-s3	1;2;3	3;3;3
215	216	215	216	3	3	trialwise	1118;2968;4803	1118;2968;4803	8;19;30	9;91;158	sub-012_ses-103_task-s8;sub-012_ses-204_task-s8;sub-012_ses-302_task-s8	1118	8	9	sub-012	ses-103	task-s8	1;2;3	8;8;8
216	217	216	217	3	3	trialwise	282;1989;3747	282;1989;3747	2;13;24	124;63;53	sub-012_ses-101_task-s2;sub-012_ses-201_task-s2;sub-012_ses-301_task-s2	282	2	124	sub-012	ses-101	task-s2	1;2;3	2;2;2
217	218	217	218	3	3	trialwise	1111;3025;4736	1111;3025;4736	8;19;30	2;148;91	sub-012_ses-103_task-s8;sub-012_ses-204_task-s8;sub-012_ses-302_task-s8	1111	8	2	sub-012	ses-103	task-s8	1;2;3	8;8;8
218	219	218	219	3	3	trialwise	364;2189;3948	364;2189;3948	3;14;25	47;104;95	sub-012_ses-101_task-s3;sub-012_ses-201_task-s3;sub-012_ses-301_task-s3	364	3	47	sub-012	ses-101	task-s3	1;2;3	3;3;3
219	220	219	220	3	3	trialwise	230;2081;3818	230;2081;3818	2;13;24	72;155;124	sub-012_ses-101_task-s2;sub-012_ses-201_task-s2;sub-012_ses-301_task-s2	230	2	72	sub-012	ses-101	task-s2	1;2;3	2;2;2
220	221	220	221	3	3	trialwise	1101;2844;4609	1101;2844;4609	7;18;29	150;125;122	sub-012_ses-102_task-s7;sub-012_ses-203_task-s7;sub-012_ses-302_task-s7	1101	7	150	sub-012	ses-102	task-s7	1;2;3	7;7;7
221	222	221	222	3	3	trialwise	160;2021;3846	160;2021;3846	2;13;24	2;95;152	sub-012_ses-101_task-s2;sub-012_ses-201_task-s2;sub-012_ses-301_task-s2	160	2	2	sub-012	ses-101	task-s2	1;2;3	2;2;2
222	223	222	223	3	3	trialwise	852;2616;4356	852;2616;4356	6;17;28	59;55;27	sub-012_ses-102_task-s6;sub-012_ses-203_task-s6;sub-012_ses-302_task-s6	852	6	59	sub-012	ses-102	task-s6	1;2;3	6;6;6
223	224	223	224	3	3	trialwise	683;2517;4289	683;2517;4289	5;16;27	48;114;118	sub-012_ses-102_task-s5;sub-012_ses-203_task-s5;sub-012_ses-301_task-s5	683	5	48	sub-012	ses-102	task-s5	1;2;3	5;5;5
224	225	224	225	3	3	trialwise	1042;2846;4610	1042;2846;4610	7;18;29	91;127;123	sub-012_ses-102_task-s7;sub-012_ses-203_task-s7;sub-012_ses-302_task-s7	1042	7	91	sub-012	ses-102	task-s7	1;2;3	7;7;7
225	226	225	226	3	3	trialwise	391;2206;3936	391;2206;3936	3;14;25	74;121;83	sub-012_ses-101_task-s3;sub-012_ses-201_task-s3;sub-012_ses-301_task-s3	391	3	74	sub-012	ses-101	task-s3	1;2;3	3;3;3
226	227	226	227	3	3	trialwise	1044;2826;4538	1044;2826;4538	7;18;29	93;107;51	sub-012_ses-102_task-s7;sub-012_ses-203_task-s7;sub-012_ses-302_task-s7	1044	7	93	sub-012	ses-102	task-s7	1;2;3	7;7;7
227	228	227	228	3	3	trialwise	212;2067;3778	212;2067;3778	2;13;24	54;141;84	sub-012_ses-101_task-s2;sub-012_ses-201_task-s2;sub-012_ses-301_task-s2	212	2	54	sub-012	ses-101	task-s2	1;2;3	2;2;2
228	229	228	229	3	3	trialwise	689;2500;4313	689;2500;4313	5;16;27	54;97;142	sub-012_ses-102_task-s5;sub-012_ses-203_task-s5;sub-012_ses-301_task-s5	689	5	54	sub-012	ses-102	task-s5	1;2;3	5;5;5
229	230	229	230	3	3	trialwise	1210;2909;4660	1210;2909;4660	8;19;30	101;32;15	sub-012_ses-103_task-s8;sub-012_ses-204_task-s8;sub-012_ses-302_task-s8	1210	8	101	sub-012	ses-103	task-s8	1;2;3	8;8;8
230	231	230	231	3	3	trialwise	991;2811;4614	991;2811;4614	7;18;29	40;92;127	sub-012_ses-102_task-s7;sub-012_ses-203_task-s7;sub-012_ses-302_task-s7	991	7	40	sub-012	ses-102	task-s7	1;2;3	7;7;7
231	232	231	232	3	3	trialwise	1016;2732;4590	1016;2732;4590	7;18;29	65;13;103	sub-012_ses-102_task-s7;sub-012_ses-203_task-s7;sub-012_ses-302_task-s7	1016	7	65	sub-012	ses-102	task-s7	1;2;3	7;7;7
232	233	232	233	3	3	trialwise	935;2684;4342	935;2684;4342	6;17;28	142;123;13	sub-012_ses-102_task-s6;sub-012_ses-203_task-s6;sub-012_ses-302_task-s6	935	6	142	sub-012	ses-102	task-s6	1;2;3	6;6;6
233	234	233	234	3	3	trialwise	994;2748;4575	994;2748;4575	7;18;29	43;29;88	sub-012_ses-102_task-s7;sub-012_ses-203_task-s7;sub-012_ses-302_task-s7	994	7	43	sub-012	ses-102	task-s7	1;2;3	7;7;7
234	235	234	235	3	3	trialwise	1106;2810;4497	1106;2810;4497	7;18;29	155;91;10	sub-012_ses-102_task-s7;sub-012_ses-203_task-s7;sub-012_ses-302_task-s7	1106	7	155	sub-012	ses-102	task-s7	1;2;3	7;7;7
235	236	235	236	3	3	trialwise	468;2214;3916	468;2214;3916	3;14;25	151;129;63	sub-012_ses-101_task-s3;sub-012_ses-201_task-s3;sub-012_ses-301_task-s3	468	3	151	sub-012	ses-101	task-s3	1;2;3	3;3;3
236	237	236	237	3	3	trialwise	481;2399;4045	481;2399;4045	4;15;26	5;155;33	sub-012_ses-102_task-s4;sub-012_ses-203_task-s4;sub-012_ses-301_task-s4	481	4	5	sub-012	ses-102	task-s4	1;2;3	4;4;4
237	238	237	238	3	3	trialwise	1167;2912;4759	1167;2912;4759	8;19;30	58;35;114	sub-012_ses-103_task-s8;sub-012_ses-204_task-s8;sub-012_ses-302_task-s8	1167	8	58	sub-012	ses-103	task-s8	1;2;3	8;8;8
238	239	238	239	3	3	trialwise	843;2593;4421	843;2593;4421	6;17;28	50;32;92	sub-012_ses-102_task-s6;sub-012_ses-203_task-s6;sub-012_ses-302_task-s6	843	6	50	sub-012	ses-102	task-s6	1;2;3	6;6;6
239	240	239	240	3	3	trialwise	1146;3005;4763	1146;3005;4763	8;19;30	37;128;118	sub-012_ses-103_task-s8;sub-012_ses-204_task-s8;sub-012_ses-302_task-s8	1146	8	37	sub-012	ses-103	task-s8	1;2;3	8;8;8
240	241	240	241	3	3	trialwise	1124;2923;4690	1124;2923;4690	8;19;30	15;46;45	sub-012_ses-103_task-s8;sub-012_ses-204_task-s8;sub-012_ses-302_task-s8	1124	8	15	sub-012	ses-103	task-s8	1;2;3	8;8;8
241	242	241	242	3	3	trialwise	439;2112;3885	439;2112;3885	3;14;25	122;27;32	sub-012_ses-101_task-s3;sub-012_ses-201_task-s3;sub-012_ses-301_task-s3	439	3	122	sub-012	ses-101	task-s3	1;2;3	3;3;3
242	243	242	243	3	3	trialwise	1045;2800;4509	1045;2800;4509	7;18;29	94;81;22	sub-012_ses-102_task-s7;sub-012_ses-203_task-s7;sub-012_ses-302_task-s7	1045	7	94	sub-012	ses-102	task-s7	1;2;3	7;7;7
243	244	243	244	3	3	trialwise	470;2103;3990	470;2103;3990	3;14;25	153;18;137	sub-012_ses-101_task-s3;sub-012_ses-201_task-s3;sub-012_ses-301_task-s3	470	3	153	sub-012	ses-101	task-s3	1;2;3	3;3;3
244	245	244	245	3	3	trialwise	191;1933;3746	191;1933;3746	2;13;24	33;7;52	sub-012_ses-101_task-s2;sub-012_ses-201_task-s2;sub-012_ses-301_task-s2	191	2	33	sub-012	ses-101	task-s2	1;2;3	2;2;2
245	246	245	246	3	3	trialwise	53;1794;3557	53;1794;3557	1;12;23	54;27;22	sub-012_ses-101_task-s1;sub-012_ses-201_task-s1;sub-012_ses-301_task-s1	53	1	54	sub-012	ses-101	task-s1	1;2;3	1;1;1
246	247	246	247	3	3	trialwise	752;2470;4252	752;2470;4252	5;16;27	117;67;81	sub-012_ses-102_task-s5;sub-012_ses-203_task-s5;sub-012_ses-301_task-s5	752	5	117	sub-012	ses-102	task-s5	1;2;3	5;5;5
247	248	247	248	3	3	trialwise	678;2465;4294	678;2465;4294	5;16;27	43;62;123	sub-012_ses-102_task-s5;sub-012_ses-203_task-s5;sub-012_ses-301_task-s5	678	5	43	sub-012	ses-102	task-s5	1;2;3	5;5;5
248	249	248	249	3	3	trialwise	326;2223;3865	326;2223;3865	3;14;25	9;138;12	sub-012_ses-101_task-s3;sub-012_ses-201_task-s3;sub-012_ses-301_task-s3	326	3	9	sub-012	ses-101	task-s3	1;2;3	3;3;3
249	250	249	250	3	3	trialwise	130;1901;3581	130;1901;3581	1;12;23	131;134;46	sub-012_ses-101_task-s1;sub-012_ses-201_task-s1;sub-012_ses-301_task-s1	130	1	131	sub-012	ses-101	task-s1	1;2;3	1;1;1
250	251	250	251	3	3	trialwise	609;2398;4144	609;2398;4144	4;15;26	133;154;132	sub-012_ses-102_task-s4;sub-012_ses-203_task-s4;sub-012_ses-301_task-s4	609	4	133	sub-012	ses-102	task-s4	1;2;3	4;4;4
251	252	251	252	3	3	trialwise	769;2544;4209	769;2544;4209	5;16;27	134;141;38	sub-012_ses-102_task-s5;sub-012_ses-203_task-s5;sub-012_ses-301_task-s5	769	5	134	sub-012	ses-102	task-s5	1;2;3	5;5;5
252	253	252	253	3	3	trialwise	251;2050;3785	251;2050;3785	2;13;24	93;124;91	sub-012_ses-101_task-s2;sub-012_ses-201_task-s2;sub-012_ses-301_task-s2	251	2	93	sub-012	ses-101	task-s2	1;2;3	2;2;2
253	254	253	254	3	3	trialwise	859;2579;4412	859;2579;4412	6;17;28	66;18;83	sub-012_ses-102_task-s6;sub-012_ses-203_task-s6;sub-012_ses-302_task-s6	859	6	66	sub-012	ses-102	task-s6	1;2;3	6;6;6
254	255	254	255	3	3	trialwise	7;1886;3677	7;1886;3677	1;12;23	8;119;142	sub-012_ses-101_task-s1;sub-012_ses-201_task-s1;sub-012_ses-301_task-s1	7	1	8	sub-012	ses-101	task-s1	1;2;3	1;1;1
255	256	255	256	3	3	trialwise	388;2132;3904	388;2132;3904	3;14;25	71;47;51	sub-012_ses-101_task-s3;sub-012_ses-201_task-s3;sub-012_ses-301_task-s3	388	3	71	sub-012	ses-101	task-s3	1;2;3	3;3;3
256	257	256	257	3	3	trialwise	891;2629;4469	891;2629;4469	6;17;28	98;68;140	sub-012_ses-102_task-s6;sub-012_ses-203_task-s6;sub-012_ses-302_task-s6	891	6	98	sub-012	ses-102	task-s6	1;2;3	6;6;6
257	258	257	258	3	3	trialwise	1157;2953;4646	1157;2953;4646	8;19;30	48;76;1	sub-012_ses-103_task-s8;sub-012_ses-204_task-s8;sub-012_ses-302_task-s8	1157	8	48	sub-012	ses-103	task-s8	1;2;3	8;8;8
258	259	258	259	3	3	trialwise	623;2381;4021	623;2381;4021	4;15;26	147;137;9	sub-012_ses-102_task-s4;sub-012_ses-203_task-s4;sub-012_ses-301_task-s4	623	4	147	sub-012	ses-102	task-s4	1;2;3	4;4;4
259	260	259	260	3	3	trialwise	658;2449;4316	658;2449;4316	5;16;27	23;46;145	sub-012_ses-102_task-s5;sub-012_ses-203_task-s5;sub-012_ses-301_task-s5	658	5	23	sub-012	ses-102	task-s5	1;2;3	5;5;5
260	261	260	261	3	3	trialwise	1097;2840;4489	1097;2840;4489	7;18;29	146;121;2	sub-012_ses-102_task-s7;sub-012_ses-203_task-s7;sub-012_ses-302_task-s7	1097	7	146	sub-012	ses-102	task-s7	1;2;3	7;7;7
261	262	261	262	3	3	trialwise	394;2236;4011	394;2236;4011	3;14;25	77;151;158	sub-012_ses-101_task-s3;sub-012_ses-201_task-s3;sub-012_ses-301_task-s3	394	3	77	sub-012	ses-101	task-s3	1;2;3	3;3;3
262	263	262	263	3	3	trialwise	580;2321;4133	580;2321;4133	4;15;26	104;77;121	sub-012_ses-102_task-s4;sub-012_ses-203_task-s4;sub-012_ses-301_task-s4	580	4	104	sub-012	ses-102	task-s4	1;2;3	4;4;4
263	264	263	264	3	3	trialwise	1170;2985;4731	1170;2985;4731	8;19;30	61;108;86	sub-012_ses-103_task-s8;sub-012_ses-204_task-s8;sub-012_ses-302_task-s8	1170	8	61	sub-012	ses-103	task-s8	1;2;3	8;8;8
264	265	264	265	3	3	trialwise	177;2006;3776	177;2006;3776	2;13;24	19;80;82	sub-012_ses-101_task-s2;sub-012_ses-201_task-s2;sub-012_ses-301_task-s2	177	2	19	sub-012	ses-101	task-s2	1;2;3	2;2;2
265	266	265	266	3	3	trialwise	78;1772;3589	78;1772;3589	1;12;23	79;5;54	sub-012_ses-101_task-s1;sub-012_ses-201_task-s1;sub-012_ses-301_task-s1	78	1	79	sub-012	ses-101	task-s1	1;2;3	1;1;1
266	267	266	267	3	3	trialwise	809;2636;4381	809;2636;4381	6;17;28	16;75;52	sub-012_ses-102_task-s6;sub-012_ses-203_task-s6;sub-012_ses-302_task-s6	809	6	16	sub-012	ses-102	task-s6	1;2;3	6;6;6
267	268	267	268	3	3	trialwise	682;2428;4191	682;2428;4191	5;16;27	47;25;20	sub-012_ses-102_task-s5;sub-012_ses-203_task-s5;sub-012_ses-301_task-s5	682	5	47	sub-012	ses-102	task-s5	1;2;3	5;5;5
268	269	268	269	3	3	trialwise	437;2156;3979	437;2156;3979	3;14;25	120;71;126	sub-012_ses-101_task-s3;sub-012_ses-201_task-s3;sub-012_ses-301_task-s3	437	3	120	sub-012	ses-101	task-s3	1;2;3	3;3;3
269	270	269	270	3	3	trialwise	919;2572;4482	919;2572;4482	6;17;28	126;11;153	sub-012_ses-102_task-s6;sub-012_ses-203_task-s6;sub-012_ses-302_task-s6	919	6	126	sub-012	ses-102	task-s6	1;2;3	6;6;6
270	271	270	271	3	3	trialwise	138;1916;3636	138;1916;3636	1;12;23	139;149;101	sub-012_ses-101_task-s1;sub-012_ses-201_task-s1;sub-012_ses-301_task-s1	138	1	139	sub-012	ses-101	task-s1	1;2;3	1;1;1
271	272	271	272	3	3	trialwise	221;2080;3799	221;2080;3799	2;13;24	63;154;105	sub-012_ses-101_task-s2;sub-012_ses-201_task-s2;sub-012_ses-301_task-s2	221	2	63	sub-012	ses-101	task-s2	1;2;3	2;2;2
272	273	272	273	3	3	trialwise	1143;3016;4760	1143;3016;4760	8;19;30	34;139;115	sub-012_ses-103_task-s8;sub-012_ses-204_task-s8;sub-012_ses-302_task-s8	1143	8	34	sub-012	ses-103	task-s8	1;2;3	8;8;8
273	274	273	274	3	3	trialwise	1087;2774;4633	1087;2774;4633	7;18;29	136;55;146	sub-012_ses-102_task-s7;sub-012_ses-203_task-s7;sub-012_ses-302_task-s7	1087	7	136	sub-012	ses-102	task-s7	1;2;3	7;7;7
274	275	274	275	3	3	trialwise	1221;2944;4698	1221;2944;4698	8;19;30	112;67;53	sub-012_ses-103_task-s8;sub-012_ses-204_task-s8;sub-012_ses-302_task-s8	1221	8	112	sub-012	ses-103	task-s8	1;2;3	8;8;8
275	276	275	276	3	3	trialwise	14;1795;3669	14;1795;3669	1;12;23	15;28;134	sub-012_ses-101_task-s1;sub-012_ses-201_task-s1;sub-012_ses-301_task-s1	14	1	15	sub-012	ses-101	task-s1	1;2;3	1;1;1
276	277	276	277	3	3	trialwise	892;2704;4484	892;2704;4484	6;17;28	99;143;155	sub-012_ses-102_task-s6;sub-012_ses-203_task-s6;sub-012_ses-302_task-s6	892	6	99	sub-012	ses-102	task-s6	1;2;3	6;6;6
277	278	277	278	3	3	trialwise	659;2554;4253	659;2554;4253	5;16;27	24;151;82	sub-012_ses-102_task-s5;sub-012_ses-203_task-s5;sub-012_ses-301_task-s5	659	5	24	sub-012	ses-102	task-s5	1;2;3	5;5;5
278	279	278	279	3	3	trialwise	829;2617;4443	829;2617;4443	6;17;28	36;56;114	sub-012_ses-102_task-s6;sub-012_ses-203_task-s6;sub-012_ses-302_task-s6	829	6	36	sub-012	ses-102	task-s6	1;2;3	6;6;6
279	280	279	280	3	3	trialwise	255;2074;3713	255;2074;3713	2;13;24	97;148;19	sub-012_ses-101_task-s2;sub-012_ses-201_task-s2;sub-012_ses-301_task-s2	255	2	97	sub-012	ses-101	task-s2	1;2;3	2;2;2
280	281	280	281	3	3	trialwise	438;2228;3928	438;2228;3928	3;14;25	121;143;75	sub-012_ses-101_task-s3;sub-012_ses-201_task-s3;sub-012_ses-301_task-s3	438	3	121	sub-012	ses-101	task-s3	1;2;3	3;3;3
281	282	281	282	3	3	trialwise	850;2568;4408	850;2568;4408	6;17;28	57;7;79	sub-012_ses-102_task-s6;sub-012_ses-203_task-s6;sub-012_ses-302_task-s6	850	6	57	sub-012	ses-102	task-s6	1;2;3	6;6;6
282	283	282	283	3	3	trialwise	707;2503;4325	707;2503;4325	5;16;27	72;100;154	sub-012_ses-102_task-s5;sub-012_ses-203_task-s5;sub-012_ses-301_task-s5	707	5	72	sub-012	ses-102	task-s5	1;2;3	5;5;5
283	284	283	284	3	3	trialwise	1232;2954;4748	1232;2954;4748	8;19;30	123;77;103	sub-012_ses-103_task-s8;sub-012_ses-204_task-s8;sub-012_ses-302_task-s8	1232	8	123	sub-012	ses-103	task-s8	1;2;3	8;8;8
284	285	284	285	3	3	trialwise	1190;2918;4661	1190;2918;4661	8;19;30	81;41;16	sub-012_ses-103_task-s8;sub-012_ses-204_task-s8;sub-012_ses-302_task-s8	1190	8	81	sub-012	ses-103	task-s8	1;2;3	8;8;8
285	286	285	286	3	3	trialwise	593;2353;4109	593;2353;4109	4;15;26	117;109;97	sub-012_ses-102_task-s4;sub-012_ses-203_task-s4;sub-012_ses-301_task-s4	593	4	117	sub-012	ses-102	task-s4	1;2;3	4;4;4
286	287	286	287	3	3	trialwise	686;2447;4312	686;2447;4312	5;16;27	51;44;141	sub-012_ses-102_task-s5;sub-012_ses-203_task-s5;sub-012_ses-301_task-s5	686	5	51	sub-012	ses-102	task-s5	1;2;3	5;5;5
287	288	287	288	3	3	trialwise	122;1786;3536	122;1786;3536	1;12;23	123;19;1	sub-012_ses-101_task-s1;sub-012_ses-201_task-s1;sub-012_ses-301_task-s1	122	1	123	sub-012	ses-101	task-s1	1;2;3	1;1;1
288	289	288	289	3	3	trialwise	422;2200;3897	422;2200;3897	3;14;25	105;115;44	sub-012_ses-101_task-s3;sub-012_ses-201_task-s3;sub-012_ses-301_task-s3	422	3	105	sub-012	ses-101	task-s3	1;2;3	3;3;3
289	290	289	290	3	3	trialwise	959;2740;4531	959;2740;4531	7;18;29	8;21;44	sub-012_ses-102_task-s7;sub-012_ses-203_task-s7;sub-012_ses-302_task-s7	959	7	8	sub-012	ses-102	task-s7	1;2;3	7;7;7
290	291	290	291	3	3	trialwise	958;2834;4553	958;2834;4553	7;18;29	7;115;66	sub-012_ses-102_task-s7;sub-012_ses-203_task-s7;sub-012_ses-302_task-s7	958	7	7	sub-012	ses-102	task-s7	1;2;3	7;7;7
291	292	291	292	3	3	trialwise	244;1988;3806	244;1988;3806	2;13;24	86;62;112	sub-012_ses-101_task-s2;sub-012_ses-201_task-s2;sub-012_ses-301_task-s2	244	2	86	sub-012	ses-101	task-s2	1;2;3	2;2;2
292	293	292	293	3	3	trialwise	1046;2817;4591	1046;2817;4591	7;18;29	95;98;104	sub-012_ses-102_task-s7;sub-012_ses-203_task-s7;sub-012_ses-302_task-s7	1046	7	95	sub-012	ses-102	task-s7	1;2;3	7;7;7
293	294	293	294	3	3	trialwise	1050;2856;4618	1050;2856;4618	7;18;29	99;137;131	sub-012_ses-102_task-s7;sub-012_ses-203_task-s7;sub-012_ses-302_task-s7	1050	7	99	sub-012	ses-102	task-s7	1;2;3	7;7;7
294	295	294	295	3	3	trialwise	1041;2865;4586	1041;2865;4586	7;18;29	90;146;99	sub-012_ses-102_task-s7;sub-012_ses-203_task-s7;sub-012_ses-302_task-s7	1041	7	90	sub-012	ses-102	task-s7	1;2;3	7;7;7
295	296	295	296	3	3	trialwise	116;1789;3548	116;1789;3548	1;12;23	117;22;13	sub-012_ses-101_task-s1;sub-012_ses-201_task-s1;sub-012_ses-301_task-s1	116	1	117	sub-012	ses-101	task-s1	1;2;3	1;1;1
296	297	296	297	3	3	trialwise	338;2088;4007	338;2088;4007	3;14;25	21;3;154	sub-012_ses-101_task-s3;sub-012_ses-201_task-s3;sub-012_ses-301_task-s3	338	3	21	sub-012	ses-101	task-s3	1;2;3	3;3;3
297	298	297	298	3	3	trialwise	167;2020;3837	167;2020;3837	2;13;24	9;94;143	sub-012_ses-101_task-s2;sub-012_ses-201_task-s2;sub-012_ses-301_task-s2	167	2	9	sub-012	ses-101	task-s2	1;2;3	2;2;2
298	299	298	299	3	3	trialwise	199;1942;3698	199;1942;3698	2;13;24	41;16;4	sub-012_ses-101_task-s2;sub-012_ses-201_task-s2;sub-012_ses-301_task-s2	199	2	41	sub-012	ses-101	task-s2	1;2;3	2;2;2
299	300	299	300	3	3	trialwise	873;2586;4368	873;2586;4368	6;17;28	80;25;39	sub-012_ses-102_task-s6;sub-012_ses-203_task-s6;sub-012_ses-302_task-s6	873	6	80	sub-012	ses-102	task-s6	1;2;3	6;6;6
300	301	300	301	3	3	trialwise	336;2091;3880	336;2091;3880	3;14;25	19;6;27	sub-012_ses-101_task-s3;sub-012_ses-201_task-s3;sub-012_ses-301_task-s3	336	3	19	sub-012	ses-101	task-s3	1;2;3	3;3;3
301	302	301	302	3	3	trialwise	1136;2972;4713	1136;2972;4713	8;19;30	27;95;68	sub-012_ses-103_task-s8;sub-012_ses-204_task-s8;sub-012_ses-302_task-s8	1136	8	27	sub-012	ses-103	task-s8	1;2;3	8;8;8
302	303	302	303	3	3	trialwise	129;1925;3556	129;1925;3556	1;12;23	130;158;21	sub-012_ses-101_task-s1;sub-012_ses-201_task-s1;sub-012_ses-301_task-s1	129	1	130	sub-012	ses-101	task-s1	1;2;3	1;1;1
303	304	303	304	3	3	trialwise	324;2149;3951	324;2149;3951	3;14;25	7;64;98	sub-012_ses-101_task-s3;sub-012_ses-201_task-s3;sub-012_ses-301_task-s3	324	3	7	sub-012	ses-101	task-s3	1;2;3	3;3;3
304	305	304	305	3	3	trialwise	184;1930;3825	184;1930;3825	2;13;24	26;4;131	sub-012_ses-101_task-s2;sub-012_ses-201_task-s2;sub-012_ses-301_task-s2	184	2	26	sub-012	ses-101	task-s2	1;2;3	2;2;2
305	306	305	306	3	3	trialwise	355;2134;4005	355;2134;4005	3;14;25	38;49;152	sub-012_ses-101_task-s3;sub-012_ses-201_task-s3;sub-012_ses-301_task-s3	355	3	38	sub-012	ses-101	task-s3	1;2;3	3;3;3
306	307	306	307	3	3	trialwise	47;1783;3555	47;1783;3555	1;12;23	48;16;20	sub-012_ses-101_task-s1;sub-012_ses-201_task-s1;sub-012_ses-301_task-s1	47	1	48	sub-012	ses-101	task-s1	1;2;3	1;1;1
307	308	307	308	3	3	trialwise	121;1858;3573	121;1858;3573	1;12;23	122;91;38	sub-012_ses-101_task-s1;sub-012_ses-201_task-s1;sub-012_ses-301_task-s1	121	1	122	sub-012	ses-101	task-s1	1;2;3	1;1;1
308	309	308	309	3	3	trialwise	313;1967;3819	313;1967;3819	2;13;24	155;41;125	sub-012_ses-101_task-s2;sub-012_ses-201_task-s2;sub-012_ses-301_task-s2	313	2	155	sub-012	ses-101	task-s2	1;2;3	2;2;2
309	310	309	310	3	3	trialwise	266;2055;3841	266;2055;3841	2;13;24	108;129;147	sub-012_ses-101_task-s2;sub-012_ses-201_task-s2;sub-012_ses-301_task-s2	266	2	108	sub-012	ses-101	task-s2	1;2;3	2;2;2
310	311	310	311	3	3	trialwise	57;1839;3628	57;1839;3628	1;12;23	58;72;93	sub-012_ses-101_task-s1;sub-012_ses-201_task-s1;sub-012_ses-301_task-s1	57	1	58	sub-012	ses-101	task-s1	1;2;3	1;1;1
311	312	311	312	3	3	trialwise	645;2521;4284	645;2521;4284	5;16;27	10;118;113	sub-012_ses-102_task-s5;sub-012_ses-203_task-s5;sub-012_ses-301_task-s5	645	5	10	sub-012	ses-102	task-s5	1;2;3	5;5;5
312	313	312	313	3	3	trialwise	993;2804;4526	993;2804;4526	7;18;29	42;85;39	sub-012_ses-102_task-s7;sub-012_ses-203_task-s7;sub-012_ses-302_task-s7	993	7	42	sub-012	ses-102	task-s7	1;2;3	7;7;7
313	314	313	314	3	3	trialwise	938;2669;4451	938;2669;4451	6;17;28	145;108;122	sub-012_ses-102_task-s6;sub-012_ses-203_task-s6;sub-012_ses-302_task-s6	938	6	145	sub-012	ses-102	task-s6	1;2;3	6;6;6
314	315	314	315	3	3	trialwise	158;1805;3543	158;1805;3543	1;12;23	159;38;8	sub-012_ses-101_task-s1;sub-012_ses-201_task-s1;sub-012_ses-301_task-s1	158	1	159	sub-012	ses-101	task-s1	1;2;3	1;1;1
315	316	315	316	3	3	trialwise	426;2165;4004	426;2165;4004	3;14;25	109;80;151	sub-012_ses-101_task-s3;sub-012_ses-201_task-s3;sub-012_ses-301_task-s3	426	3	109	sub-012	ses-101	task-s3	1;2;3	3;3;3
316	317	316	317	3	3	trialwise	647;2413;4207	647;2413;4207	5;16;27	12;10;36	sub-012_ses-102_task-s5;sub-012_ses-203_task-s5;sub-012_ses-301_task-s5	647	5	12	sub-012	ses-102	task-s5	1;2;3	5;5;5
317	318	317	318	3	3	trialwise	36;1777;3679	36;1777;3679	1;12;23	37;10;144	sub-012_ses-101_task-s1;sub-012_ses-201_task-s1;sub-012_ses-301_task-s1	36	1	37	sub-012	ses-101	task-s1	1;2;3	1;1;1
318	319	318	319	3	3	trialwise	39;1811;3668	39;1811;3668	1;12;23	40;44;133	sub-012_ses-101_task-s1;sub-012_ses-201_task-s1;sub-012_ses-301_task-s1	39	1	40	sub-012	ses-101	task-s1	1;2;3	1;1;1
319	320	319	320	3	3	trialwise	995;2752;4583	995;2752;4583	7;18;29	44;33;96	sub-012_ses-102_task-s7;sub-012_ses-203_task-s7;sub-012_ses-302_task-s7	995	7	44	sub-012	ses-102	task-s7	1;2;3	7;7;7
320	321	320	321	3	3	trialwise	348;2154;3939	348;2154;3939	3;14;25	31;69;86	sub-012_ses-101_task-s3;sub-012_ses-201_task-s3;sub-012_ses-301_task-s3	348	3	31	sub-012	ses-101	task-s3	1;2;3	3;3;3
321	322	321	322	3	3	trialwise	1129;2952;4652	1129;2952;4652	8;19;30	20;75;7	sub-012_ses-103_task-s8;sub-012_ses-204_task-s8;sub-012_ses-302_task-s8	1129	8	20	sub-012	ses-103	task-s8	1;2;3	8;8;8
322	323	322	323	3	3	trialwise	337;2217;3964	337;2217;3964	3;14;25	20;132;111	sub-012_ses-101_task-s3;sub-012_ses-201_task-s3;sub-012_ses-301_task-s3	337	3	20	sub-012	ses-101	task-s3	1;2;3	3;3;3
323	324	323	324	3	3	trialwise	1162;2903;4716	1162;2903;4716	8;19;30	53;26;71	sub-012_ses-103_task-s8;sub-012_ses-204_task-s8;sub-012_ses-302_task-s8	1162	8	53	sub-012	ses-103	task-s8	1;2;3	8;8;8
324	325	324	325	3	3	trialwise	50;1878;3584	50;1878;3584	1;12;23	51;111;49	sub-012_ses-101_task-s1;sub-012_ses-201_task-s1;sub-012_ses-301_task-s1	50	1	51	sub-012	ses-101	task-s1	1;2;3	1;1;1
325	326	325	326	3	3	trialwise	1125;2942;4677	1125;2942;4677	8;19;30	16;65;32	sub-012_ses-103_task-s8;sub-012_ses-204_task-s8;sub-012_ses-302_task-s8	1125	8	16	sub-012	ses-103	task-s8	1;2;3	8;8;8
326	327	326	327	3	3	trialwise	205;2011;3798	205;2011;3798	2;13;24	47;85;104	sub-012_ses-101_task-s2;sub-012_ses-201_task-s2;sub-012_ses-301_task-s2	205	2	47	sub-012	ses-101	task-s2	1;2;3	2;2;2
327	328	327	328	3	3	trialwise	1161;2897;4682	1161;2897;4682	8;19;30	52;20;37	sub-012_ses-103_task-s8;sub-012_ses-204_task-s8;sub-012_ses-302_task-s8	1161	8	52	sub-012	ses-103	task-s8	1;2;3	8;8;8
328	329	328	329	3	3	trialwise	695;2415;4203	695;2415;4203	5;16;27	60;12;32	sub-012_ses-102_task-s5;sub-012_ses-203_task-s5;sub-012_ses-301_task-s5	695	5	60	sub-012	ses-102	task-s5	1;2;3	5;5;5
329	330	329	330	3	3	trialwise	869;2612;4411	869;2612;4411	6;17;28	76;51;82	sub-012_ses-102_task-s6;sub-012_ses-203_task-s6;sub-012_ses-302_task-s6	869	6	76	sub-012	ses-102	task-s6	1;2;3	6;6;6
330	331	330	331	3	3	trialwise	587;2296;4124	587;2296;4124	4;15;26	111;52;112	sub-012_ses-102_task-s4;sub-012_ses-203_task-s4;sub-012_ses-301_task-s4	587	4	111	sub-012	ses-102	task-s4	1;2;3	4;4;4
331	332	331	332	3	3	trialwise	382;2110;3899	382;2110;3899	3;14;25	65;25;46	sub-012_ses-101_task-s3;sub-012_ses-201_task-s3;sub-012_ses-301_task-s3	382	3	65	sub-012	ses-101	task-s3	1;2;3	3;3;3
332	333	332	333	3	3	trialwise	265;1936;3744	265;1936;3744	2;13;24	107;10;50	sub-012_ses-101_task-s2;sub-012_ses-201_task-s2;sub-012_ses-301_task-s2	265	2	107	sub-012	ses-101	task-s2	1;2;3	2;2;2
333	334	333	334	3	3	trialwise	540;2326;4054	540;2326;4054	4;15;26	64;82;42	sub-012_ses-102_task-s4;sub-012_ses-203_task-s4;sub-012_ses-301_task-s4	540	4	64	sub-012	ses-102	task-s4	1;2;3	4;4;4
334	335	334	335	3	3	trialwise	93;1770;3568	93;1770;3568	1;12;23	94;3;33	sub-012_ses-101_task-s1;sub-012_ses-201_task-s1;sub-012_ses-301_task-s1	93	1	94	sub-012	ses-101	task-s1	1;2;3	1;1;1
335	336	335	336	3	3	trialwise	248;2010;3760	248;2010;3760	2;13;24	90;84;66	sub-012_ses-101_task-s2;sub-012_ses-201_task-s2;sub-012_ses-301_task-s2	248	2	90	sub-012	ses-101	task-s2	1;2;3	2;2;2
336	337	336	337	3	3	trialwise	393;2152;4006	393;2152;4006	3;14;25	76;67;153	sub-012_ses-101_task-s3;sub-012_ses-201_task-s3;sub-012_ses-301_task-s3	393	3	76	sub-012	ses-101	task-s3	1;2;3	3;3;3
337	338	337	338	3	3	trialwise	884;2562;4393	884;2562;4393	6;17;28	91;1;64	sub-012_ses-102_task-s6;sub-012_ses-203_task-s6;sub-012_ses-302_task-s6	884	6	91	sub-012	ses-102	task-s6	1;2;3	6;6;6
338	339	338	339	3	3	trialwise	252;1945;3835	252;1945;3835	2;13;24	94;19;141	sub-012_ses-101_task-s2;sub-012_ses-201_task-s2;sub-012_ses-301_task-s2	252	2	94	sub-012	ses-101	task-s2	1;2;3	2;2;2
339	340	339	340	3	3	trialwise	643;2450;4281	643;2450;4281	5;16;27	8;47;110	sub-012_ses-102_task-s5;sub-012_ses-203_task-s5;sub-012_ses-301_task-s5	643	5	8	sub-012	ses-102	task-s5	1;2;3	5;5;5
340	341	340	341	3	3	trialwise	831;2710;4405	831;2710;4405	6;17;28	38;149;76	sub-012_ses-102_task-s6;sub-012_ses-203_task-s6;sub-012_ses-302_task-s6	831	6	38	sub-012	ses-102	task-s6	1;2;3	6;6;6
341	342	341	342	3	3	trialwise	183;2057;3708	183;2057;3708	2;13;24	25;131;14	sub-012_ses-101_task-s2;sub-012_ses-201_task-s2;sub-012_ses-301_task-s2	183	2	25	sub-012	ses-101	task-s2	1;2;3	2;2;2
342	343	342	343	3	3	trialwise	756;2533;4242	756;2533;4242	5;16;27	121;130;71	sub-012_ses-102_task-s5;sub-012_ses-203_task-s5;sub-012_ses-301_task-s5	756	5	121	sub-012	ses-102	task-s5	1;2;3	5;5;5
343	344	343	344	3	3	trialwise	965;2759;4615	965;2759;4615	7;18;29	14;40;128	sub-012_ses-102_task-s7;sub-012_ses-203_task-s7;sub-012_ses-302_task-s7	965	7	14	sub-012	ses-102	task-s7	1;2;3	7;7;7
344	345	344	345	3	3	trialwise	370;2238;3950	370;2238;3950	3;14;25	53;153;97	sub-012_ses-101_task-s3;sub-012_ses-201_task-s3;sub-012_ses-301_task-s3	370	3	53	sub-012	ses-101	task-s3	1;2;3	3;3;3
345	346	345	346	3	3	trialwise	578;2365;4170	578;2365;4170	4;15;26	102;121;158	sub-012_ses-102_task-s4;sub-012_ses-203_task-s4;sub-012_ses-301_task-s4	578	4	102	sub-012	ses-102	task-s4	1;2;3	4;4;4
346	347	346	347	3	3	trialwise	1056;2746;4637	1056;2746;4637	7;18;29	105;27;150	sub-012_ses-102_task-s7;sub-012_ses-203_task-s7;sub-012_ses-302_task-s7	1056	7	105	sub-012	ses-102	task-s7	1;2;3	7;7;7
347	348	347	348	3	3	trialwise	105;1877;3561	105;1877;3561	1;12;23	106;110;26	sub-012_ses-101_task-s1;sub-012_ses-201_task-s1;sub-012_ses-301_task-s1	105	1	106	sub-012	ses-101	task-s1	1;2;3	1;1;1
348	349	348	349	3	3	trialwise	433;2159;3887	433;2159;3887	3;14;25	116;74;34	sub-012_ses-101_task-s3;sub-012_ses-201_task-s3;sub-012_ses-301_task-s3	433	3	116	sub-012	ses-101	task-s3	1;2;3	3;3;3
349	350	349	350	3	3	trialwise	99;1902;3690	99;1902;3690	1;12;23	100;135;155	sub-012_ses-101_task-s1;sub-012_ses-201_task-s1;sub-012_ses-301_task-s1	99	1	100	sub-012	ses-101	task-s1	1;2;3	1;1;1
350	351	350	351	3	3	trialwise	219;2025;3719	219;2025;3719	2;13;24	61;99;25	sub-012_ses-101_task-s2;sub-012_ses-201_task-s2;sub-012_ses-301_task-s2	219	2	61	sub-012	ses-101	task-s2	1;2;3	2;2;2
351	352	351	352	3	3	trialwise	331;2175;3881	331;2175;3881	3;14;25	14;90;28	sub-012_ses-101_task-s3;sub-012_ses-201_task-s3;sub-012_ses-301_task-s3	331	3	14	sub-012	ses-101	task-s3	1;2;3	3;3;3
352	353	352	353	3	3	trialwise	508;2286;4086	508;2286;4086	4;15;26	32;42;74	sub-012_ses-102_task-s4;sub-012_ses-203_task-s4;sub-012_ses-301_task-s4	508	4	32	sub-012	ses-102	task-s4	1;2;3	4;4;4
353	354	353	354	3	3	trialwise	706;2414;4251	706;2414;4251	5;16;27	71;11;80	sub-012_ses-102_task-s5;sub-012_ses-203_task-s5;sub-012_ses-301_task-s5	706	5	71	sub-012	ses-102	task-s5	1;2;3	5;5;5
354	355	354	355	3	3	trialwise	734;2507;4212	734;2507;4212	5;16;27	99;104;41	sub-012_ses-102_task-s5;sub-012_ses-203_task-s5;sub-012_ses-301_task-s5	734	5	99	sub-012	ses-102	task-s5	1;2;3	5;5;5
355	356	355	356	3	3	trialwise	640;2531;4235	640;2531;4235	5;16;27	5;128;64	sub-012_ses-102_task-s5;sub-012_ses-203_task-s5;sub-012_ses-301_task-s5	640	5	5	sub-012	ses-102	task-s5	1;2;3	5;5;5
356	357	356	357	3	3	trialwise	944;2588;4452	944;2588;4452	6;17;28	151;27;123	sub-012_ses-102_task-s6;sub-012_ses-203_task-s6;sub-012_ses-302_task-s6	944	6	151	sub-012	ses-102	task-s6	1;2;3	6;6;6
357	358	357	358	3	3	trialwise	585;2385;4112	585;2385;4112	4;15;26	109;141;100	sub-012_ses-102_task-s4;sub-012_ses-203_task-s4;sub-012_ses-301_task-s4	585	4	109	sub-012	ses-102	task-s4	1;2;3	4;4;4
358	359	358	359	3	3	trialwise	450;2089;3962	450;2089;3962	3;14;25	133;4;109	sub-012_ses-101_task-s3;sub-012_ses-201_task-s3;sub-012_ses-301_task-s3	450	3	133	sub-012	ses-101	task-s3	1;2;3	3;3;3
359	360	359	360	3	3	trialwise	881;2653;4442	881;2653;4442	6;17;28	88;92;113	sub-012_ses-102_task-s6;sub-012_ses-203_task-s6;sub-012_ses-302_task-s6	881	6	88	sub-012	ses-102	task-s6	1;2;3	6;6;6
360	361	360	361	3	3	trialwise	3;1820;3634	3;1820;3634	1;12;23	4;53;99	sub-012_ses-101_task-s1;sub-012_ses-201_task-s1;sub-012_ses-301_task-s1	3	1	4	sub-012	ses-101	task-s1	1;2;3	1;1;1
361	362	361	362	3	3	trialwise	451;2212;3932	451;2212;3932	3;14;25	134;127;79	sub-012_ses-101_task-s3;sub-012_ses-201_task-s3;sub-012_ses-301_task-s3	451	3	134	sub-012	ses-101	task-s3	1;2;3	3;3;3
362	363	362	363	3	3	trialwise	1197;2981;4751	1197;2981;4751	8;19;30	88;104;106	sub-012_ses-103_task-s8;sub-012_ses-204_task-s8;sub-012_ses-302_task-s8	1197	8	88	sub-012	ses-103	task-s8	1;2;3	8;8;8
363	364	363	364	3	3	trialwise	790;2530;4254	790;2530;4254	5;16;27	155;127;83	sub-012_ses-102_task-s5;sub-012_ses-203_task-s5;sub-012_ses-301_task-s5	790	5	155	sub-012	ses-102	task-s5	1;2;3	5;5;5
364	365	364	365	3	3	trialwise	25;1842;3567	25;1842;3567	1;12;23	26;75;32	sub-012_ses-101_task-s1;sub-012_ses-201_task-s1;sub-012_ses-301_task-s1	25	1	26	sub-012	ses-101	task-s1	1;2;3	1;1;1
365	366	365	366	3	3	trialwise	912;2690;4337	912;2690;4337	6;17;28	119;129;8	sub-012_ses-102_task-s6;sub-012_ses-203_task-s6;sub-012_ses-302_task-s6	912	6	119	sub-012	ses-102	task-s6	1;2;3	6;6;6
366	367	366	367	3	3	trialwise	69;1924;3600	69;1924;3600	1;12;23	70;157;65	sub-012_ses-101_task-s1;sub-012_ses-201_task-s1;sub-012_ses-301_task-s1	69	1	70	sub-012	ses-101	task-s1	1;2;3	1;1;1
367	368	367	368	3	3	trialwise	1116;2958;4703	1116;2958;4703	8;19;30	7;81;58	sub-012_ses-103_task-s8;sub-012_ses-204_task-s8;sub-012_ses-302_task-s8	1116	8	7	sub-012	ses-103	task-s8	1;2;3	8;8;8
368	369	368	369	3	3	trialwise	731;2457;4264	731;2457;4264	5;16;27	96;54;93	sub-012_ses-102_task-s5;sub-012_ses-203_task-s5;sub-012_ses-301_task-s5	731	5	96	sub-012	ses-102	task-s5	1;2;3	5;5;5
369	370	369	370	3	3	trialwise	257;1937;3721	257;1937;3721	2;13;24	99;11;27	sub-012_ses-101_task-s2;sub-012_ses-201_task-s2;sub-012_ses-301_task-s2	257	2	99	sub-012	ses-101	task-s2	1;2;3	2;2;2
370	371	370	371	3	3	trialwise	694;2553;4262	694;2553;4262	5;16;27	59;150;91	sub-012_ses-102_task-s5;sub-012_ses-203_task-s5;sub-012_ses-301_task-s5	694	5	59	sub-012	ses-102	task-s5	1;2;3	5;5;5
371	372	371	372	3	3	trialwise	479;2308;4041	479;2308;4041	4;15;26	3;64;29	sub-012_ses-102_task-s4;sub-012_ses-203_task-s4;sub-012_ses-301_task-s4	479	4	3	sub-012	ses-102	task-s4	1;2;3	4;4;4
372	373	372	373	3	3	trialwise	996;2839;4606	996;2839;4606	7;18;29	45;120;119	sub-012_ses-102_task-s7;sub-012_ses-203_task-s7;sub-012_ses-302_task-s7	996	7	45	sub-012	ses-102	task-s7	1;2;3	7;7;7
373	374	373	374	3	3	trialwise	1090;2842;4568	1090;2842;4568	7;18;29	139;123;81	sub-012_ses-102_task-s7;sub-012_ses-203_task-s7;sub-012_ses-302_task-s7	1090	7	139	sub-012	ses-102	task-s7	1;2;3	7;7;7
374	375	374	375	3	3	trialwise	229;1961;3745	229;1961;3745	2;13;24	71;35;51	sub-012_ses-101_task-s2;sub-012_ses-201_task-s2;sub-012_ses-301_task-s2	229	2	71	sub-012	ses-101	task-s2	1;2;3	2;2;2
375	376	375	376	3	3	trialwise	526;2255;4163	526;2255;4163	4;15;26	50;11;151	sub-012_ses-102_task-s4;sub-012_ses-203_task-s4;sub-012_ses-301_task-s4	526	4	50	sub-012	ses-102	task-s4	1;2;3	4;4;4
376	377	376	377	3	3	trialwise	143;1778;3579	143;1778;3579	1;12;23	144;11;44	sub-012_ses-101_task-s1;sub-012_ses-201_task-s1;sub-012_ses-301_task-s1	143	1	144	sub-012	ses-101	task-s1	1;2;3	1;1;1
377	378	377	378	3	3	trialwise	1092;2837;4582	1092;2837;4582	7;18;29	141;118;95	sub-012_ses-102_task-s7;sub-012_ses-203_task-s7;sub-012_ses-302_task-s7	1092	7	141	sub-012	ses-102	task-s7	1;2;3	7;7;7
378	379	378	379	3	3	trialwise	180;1958;3828	180;1958;3828	2;13;24	22;32;134	sub-012_ses-101_task-s2;sub-012_ses-201_task-s2;sub-012_ses-301_task-s2	180	2	22	sub-012	ses-101	task-s2	1;2;3	2;2;2
379	380	379	380	3	3	trialwise	126;1831;3652	126;1831;3652	1;12;23	127;64;117	sub-012_ses-101_task-s1;sub-012_ses-201_task-s1;sub-012_ses-301_task-s1	126	1	127	sub-012	ses-101	task-s1	1;2;3	1;1;1
380	381	380	381	3	3	trialwise	657;2489;4326	657;2489;4326	5;16;27	22;86;155	sub-012_ses-102_task-s5;sub-012_ses-203_task-s5;sub-012_ses-301_task-s5	657	5	22	sub-012	ses-102	task-s5	1;2;3	5;5;5
381	382	381	382	3	3	trialwise	723;2434;4181	723;2434;4181	5;16;27	88;31;10	sub-012_ses-102_task-s5;sub-012_ses-203_task-s5;sub-012_ses-301_task-s5	723	5	88	sub-012	ses-102	task-s5	1;2;3	5;5;5
382	383	382	383	3	3	trialwise	367;2178;4010	367;2178;4010	3;14;25	50;93;157	sub-012_ses-101_task-s3;sub-012_ses-201_task-s3;sub-012_ses-301_task-s3	367	3	50	sub-012	ses-101	task-s3	1;2;3	3;3;3
383	384	383	384	3	3	trialwise	1265;3032;4714	1265;3032;4714	8;19;30	156;155;69	sub-012_ses-103_task-s8;sub-012_ses-204_task-s8;sub-012_ses-302_task-s8	1265	8	156	sub-012	ses-103	task-s8	1;2;3	8;8;8
384	385	384	385	3	3	trialwise	300;2041;3727	300;2041;3727	2;13;24	142;115;33	sub-012_ses-101_task-s2;sub-012_ses-201_task-s2;sub-012_ses-301_task-s2	300	2	142	sub-012	ses-101	task-s2	1;2;3	2;2;2
385	386	385	386	3	3	trialwise	976;2860;4581	976;2860;4581	7;18;29	25;141;94	sub-012_ses-102_task-s7;sub-012_ses-203_task-s7;sub-012_ses-302_task-s7	976	7	25	sub-012	ses-102	task-s7	1;2;3	7;7;7
386	387	386	387	3	3	trialwise	718;2464;4178	718;2464;4178	5;16;27	83;61;7	sub-012_ses-102_task-s5;sub-012_ses-203_task-s5;sub-012_ses-301_task-s5	718	5	83	sub-012	ses-102	task-s5	1;2;3	5;5;5
387	388	387	388	3	3	trialwise	1031;2808;4571	1031;2808;4571	7;18;29	80;89;84	sub-012_ses-102_task-s7;sub-012_ses-203_task-s7;sub-012_ses-302_task-s7	1031	7	80	sub-012	ses-102	task-s7	1;2;3	7;7;7
388	389	388	389	3	3	trialwise	482;2285;4074	482;2285;4074	4;15;26	6;41;62	sub-012_ses-102_task-s4;sub-012_ses-203_task-s4;sub-012_ses-301_task-s4	482	4	6	sub-012	ses-102	task-s4	1;2;3	4;4;4
389	390	389	390	3	3	trialwise	469;2216;3856	469;2216;3856	3;14;25	152;131;3	sub-012_ses-101_task-s3;sub-012_ses-201_task-s3;sub-012_ses-301_task-s3	469	3	152	sub-012	ses-101	task-s3	1;2;3	3;3;3
390	391	390	391	3	3	trialwise	40;1774;3623	40;1774;3623	1;12;23	41;7;88	sub-012_ses-101_task-s1;sub-012_ses-201_task-s1;sub-012_ses-301_task-s1	40	1	41	sub-012	ses-101	task-s1	1;2;3	1;1;1
391	392	391	392	3	3	trialwise	490;2251;4013	490;2251;4013	4;15;26	14;7;1	sub-012_ses-102_task-s4;sub-012_ses-203_task-s4;sub-012_ses-301_task-s4	490	4	14	sub-012	ses-102	task-s4	1;2;3	4;4;4
392	393	392	393	3	3	trialwise	379;2229;3894	379;2229;3894	3;14;25	62;144;41	sub-012_ses-101_task-s3;sub-012_ses-201_task-s3;sub-012_ses-301_task-s3	379	3	62	sub-012	ses-101	task-s3	1;2;3	3;3;3
393	394	393	394	3	3	trialwise	605;2253;4048	605;2253;4048	4;15;26	129;9;36	sub-012_ses-102_task-s4;sub-012_ses-203_task-s4;sub-012_ses-301_task-s4	605	4	129	sub-012	ses-102	task-s4	1;2;3	4;4;4
394	395	394	395	3	3	trialwise	458;2202;3937	458;2202;3937	3;14;25	141;117;84	sub-012_ses-101_task-s3;sub-012_ses-201_task-s3;sub-012_ses-301_task-s3	458	3	141	sub-012	ses-101	task-s3	1;2;3	3;3;3
395	396	395	396	3	3	trialwise	1115;3028;4776	1115;3028;4776	8;19;30	6;151;131	sub-012_ses-103_task-s8;sub-012_ses-204_task-s8;sub-012_ses-302_task-s8	1115	8	6	sub-012	ses-103	task-s8	1;2;3	8;8;8
396	397	396	397	3	3	trialwise	968;2861;4638	968;2861;4638	7;18;29	17;142;151	sub-012_ses-102_task-s7;sub-012_ses-203_task-s7;sub-012_ses-302_task-s7	968	7	17	sub-012	ses-102	task-s7	1;2;3	7;7;7
397	398	397	398	3	3	trialwise	721;2416;4282	721;2416;4282	5;16;27	86;13;111	sub-012_ses-102_task-s5;sub-012_ses-203_task-s5;sub-012_ses-301_task-s5	721	5	86	sub-012	ses-102	task-s5	1;2;3	5;5;5
398	399	398	399	3	3	trialwise	1078;2829;4628	1078;2829;4628	7;18;29	127;110;141	sub-012_ses-102_task-s7;sub-012_ses-203_task-s7;sub-012_ses-302_task-s7	1078	7	127	sub-012	ses-102	task-s7	1;2;3	7;7;7
399	400	399	400	3	3	trialwise	956;2788;4639	956;2788;4639	7;18;29	5;69;152	sub-012_ses-102_task-s7;sub-012_ses-203_task-s7;sub-012_ses-302_task-s7	956	7	5	sub-012	ses-102	task-s7	1;2;3	7;7;7
400	401	400	401	3	3	trialwise	1126;2934;4741	1126;2934;4741	8;19;30	17;57;96	sub-012_ses-103_task-s8;sub-012_ses-204_task-s8;sub-012_ses-302_task-s8	1126	8	17	sub-012	ses-103	task-s8	1;2;3	8;8;8
401	402	401	402	3	3	trialwise	583;2258;4155	583;2258;4155	4;15;26	107;14;143	sub-012_ses-102_task-s4;sub-012_ses-203_task-s4;sub-012_ses-301_task-s4	583	4	107	sub-012	ses-102	task-s4	1;2;3	4;4;4
402	403	402	403	3	3	trialwise	918;2623;4406	918;2623;4406	6;17;28	125;62;77	sub-012_ses-102_task-s6;sub-012_ses-203_task-s6;sub-012_ses-302_task-s6	918	6	125	sub-012	ses-102	task-s6	1;2;3	6;6;6
403	404	403	404	3	3	trialwise	963;2805;4507	963;2805;4507	7;18;29	12;86;20	sub-012_ses-102_task-s7;sub-012_ses-203_task-s7;sub-012_ses-302_task-s7	963	7	12	sub-012	ses-102	task-s7	1;2;3	7;7;7
404	405	404	405	3	3	trialwise	1029;2744;4613	1029;2744;4613	7;18;29	78;25;126	sub-012_ses-102_task-s7;sub-012_ses-203_task-s7;sub-012_ses-302_task-s7	1029	7	78	sub-012	ses-102	task-s7	1;2;3	7;7;7
405	406	405	406	3	3	trialwise	642;2438;4202	642;2438;4202	5;16;27	7;35;31	sub-012_ses-102_task-s5;sub-012_ses-203_task-s5;sub-012_ses-301_task-s5	642	5	7	sub-012	ses-102	task-s5	1;2;3	5;5;5
406	407	406	407	3	3	trialwise	745;2451;4201	745;2451;4201	5;16;27	110;48;30	sub-012_ses-102_task-s5;sub-012_ses-203_task-s5;sub-012_ses-301_task-s5	745	5	110	sub-012	ses-102	task-s5	1;2;3	5;5;5
407	408	407	408	3	3	trialwise	92;1852;3546	92;1852;3546	1;12;23	93;85;11	sub-012_ses-101_task-s1;sub-012_ses-201_task-s1;sub-012_ses-301_task-s1	92	1	93	sub-012	ses-101	task-s1	1;2;3	1;1;1
408	409	408	409	3	3	trialwise	63;1891;3537	63;1891;3537	1;12;23	64;124;2	sub-012_ses-101_task-s1;sub-012_ses-201_task-s1;sub-012_ses-301_task-s1	63	1	64	sub-012	ses-101	task-s1	1;2;3	1;1;1
409	410	409	410	3	3	trialwise	1201;2988;4768	1201;2988;4768	8;19;30	92;111;123	sub-012_ses-103_task-s8;sub-012_ses-204_task-s8;sub-012_ses-302_task-s8	1201	8	92	sub-012	ses-103	task-s8	1;2;3	8;8;8
410	411	410	411	3	3	trialwise	59;1812;3651	59;1812;3651	1;12;23	60;45;116	sub-012_ses-101_task-s1;sub-012_ses-201_task-s1;sub-012_ses-301_task-s1	59	1	60	sub-012	ses-101	task-s1	1;2;3	1;1;1
411	412	411	412	3	3	trialwise	530;2315;4028	530;2315;4028	4;15;26	54;71;16	sub-012_ses-102_task-s4;sub-012_ses-203_task-s4;sub-012_ses-301_task-s4	530	4	54	sub-012	ses-102	task-s4	1;2;3	4;4;4
412	413	412	413	3	3	trialwise	446;2224;3998	446;2224;3998	3;14;25	129;139;145	sub-012_ses-101_task-s3;sub-012_ses-201_task-s3;sub-012_ses-301_task-s3	446	3	129	sub-012	ses-101	task-s3	1;2;3	3;3;3
413	414	413	414	3	3	trialwise	1184;2906;4788	1184;2906;4788	8;19;30	75;29;143	sub-012_ses-103_task-s8;sub-012_ses-204_task-s8;sub-012_ses-302_task-s8	1184	8	75	sub-012	ses-103	task-s8	1;2;3	8;8;8
414	415	414	415	3	3	trialwise	626;2322;4159	626;2322;4159	4;15;26	150;78;147	sub-012_ses-102_task-s4;sub-012_ses-203_task-s4;sub-012_ses-301_task-s4	626	4	150	sub-012	ses-102	task-s4	1;2;3	4;4;4
415	416	415	416	3	3	trialwise	1193;3017;4662	1193;3017;4662	8;19;30	84;140;17	sub-012_ses-103_task-s8;sub-012_ses-204_task-s8;sub-012_ses-302_task-s8	1193	8	84	sub-012	ses-103	task-s8	1;2;3	8;8;8
416	417	416	417	3	3	trialwise	641;2515;4285	641;2515;4285	5;16;27	6;112;114	sub-012_ses-102_task-s5;sub-012_ses-203_task-s5;sub-012_ses-301_task-s5	641	5	6	sub-012	ses-102	task-s5	1;2;3	5;5;5
417	418	417	418	3	3	trialwise	680;2537;4239	680;2537;4239	5;16;27	45;134;68	sub-012_ses-102_task-s5;sub-012_ses-203_task-s5;sub-012_ses-301_task-s5	680	5	45	sub-012	ses-102	task-s5	1;2;3	5;5;5
418	419	418	419	3	3	trialwise	68;1922;3571	68;1922;3571	1;12;23	69;155;36	sub-012_ses-101_task-s1;sub-012_ses-201_task-s1;sub-012_ses-301_task-s1	68	1	69	sub-012	ses-101	task-s1	1;2;3	1;1;1
419	420	419	420	3	3	trialwise	1169;2907;4796	1169;2907;4796	8;19;30	60;30;151	sub-012_ses-103_task-s8;sub-012_ses-204_task-s8;sub-012_ses-302_task-s8	1169	8	60	sub-012	ses-103	task-s8	1;2;3	8;8;8
420	421	420	421	3	3	trialwise	359;2226;3909	359;2226;3909	3;14;25	42;141;56	sub-012_ses-101_task-s3;sub-012_ses-201_task-s3;sub-012_ses-301_task-s3	359	3	42	sub-012	ses-101	task-s3	1;2;3	3;3;3
421	422	421	422	3	3	trialwise	743;2513;4192	743;2513;4192	5;16;27	108;110;21	sub-012_ses-102_task-s5;sub-012_ses-203_task-s5;sub-012_ses-301_task-s5	743	5	108	sub-012	ses-102	task-s5	1;2;3	5;5;5
422	423	422	423	3	3	trialwise	835;2661;4460	835;2661;4460	6;17;28	42;100;131	sub-012_ses-102_task-s6;sub-012_ses-203_task-s6;sub-012_ses-302_task-s6	835	6	42	sub-012	ses-102	task-s6	1;2;3	6;6;6
423	424	423	424	3	3	trialwise	1019;2743;4622	1019;2743;4622	7;18;29	68;24;135	sub-012_ses-102_task-s7;sub-012_ses-203_task-s7;sub-012_ses-302_task-s7	1019	7	68	sub-012	ses-102	task-s7	1;2;3	7;7;7
424	425	424	425	3	3	trialwise	332;2209;3995	332;2209;3995	3;14;25	15;124;142	sub-012_ses-101_task-s3;sub-012_ses-201_task-s3;sub-012_ses-301_task-s3	332	3	15	sub-012	ses-101	task-s3	1;2;3	3;3;3
425	426	425	426	3	3	trialwise	792;2453;4280	792;2453;4280	5;16;27	157;50;109	sub-012_ses-102_task-s5;sub-012_ses-203_task-s5;sub-012_ses-301_task-s5	792	5	157	sub-012	ses-102	task-s5	1;2;3	5;5;5
426	427	426	427	3	3	trialwise	16;1780;3541	16;1780;3541	1;12;23	17;13;6	sub-012_ses-101_task-s1;sub-012_ses-201_task-s1;sub-012_ses-301_task-s1	16	1	17	sub-012	ses-101	task-s1	1;2;3	1;1;1
427	428	427	428	3	3	trialwise	975;2859;4559	975;2859;4559	7;18;29	24;140;72	sub-012_ses-102_task-s7;sub-012_ses-203_task-s7;sub-012_ses-302_task-s7	975	7	24	sub-012	ses-102	task-s7	1;2;3	7;7;7
428	429	428	429	3	3	trialwise	701;2409;4259	701;2409;4259	5;16;27	66;6;88	sub-012_ses-102_task-s5;sub-012_ses-203_task-s5;sub-012_ses-301_task-s5	701	5	66	sub-012	ses-102	task-s5	1;2;3	5;5;5
429	430	429	430	3	3	trialwise	1267;2938;4669	1267;2938;4669	8;19;30	158;61;24	sub-012_ses-103_task-s8;sub-012_ses-204_task-s8;sub-012_ses-302_task-s8	1267	8	158	sub-012	ses-103	task-s8	1;2;3	8;8;8
430	431	430	431	3	3	trialwise	461;2198;3877	461;2198;3877	3;14;25	144;113;24	sub-012_ses-101_task-s3;sub-012_ses-201_task-s3;sub-012_ses-301_task-s3	461	3	144	sub-012	ses-101	task-s3	1;2;3	3;3;3
431	432	431	432	3	3	trialwise	1127;2973;4779	1127;2973;4779	8;19;30	18;96;134	sub-012_ses-103_task-s8;sub-012_ses-204_task-s8;sub-012_ses-302_task-s8	1127	8	18	sub-012	ses-103	task-s8	1;2;3	8;8;8
432	433	432	433	3	3	trialwise	1047;2843;4500	1047;2843;4500	7;18;29	96;124;13	sub-012_ses-102_task-s7;sub-012_ses-203_task-s7;sub-012_ses-302_task-s7	1047	7	96	sub-012	ses-102	task-s7	1;2;3	7;7;7
433	434	433	434	3	3	trialwise	480;2288;4094	480;2288;4094	4;15;26	4;44;82	sub-012_ses-102_task-s4;sub-012_ses-203_task-s4;sub-012_ses-301_task-s4	480	4	4	sub-012	ses-102	task-s4	1;2;3	4;4;4
434	435	434	435	3	3	trialwise	436;2211;3983	436;2211;3983	3;14;25	119;126;130	sub-012_ses-101_task-s3;sub-012_ses-201_task-s3;sub-012_ses-301_task-s3	436	3	119	sub-012	ses-101	task-s3	1;2;3	3;3;3
435	436	435	436	3	3	trialwise	1065;2807;4527	1065;2807;4527	7;18;29	114;88;40	sub-012_ses-102_task-s7;sub-012_ses-203_task-s7;sub-012_ses-302_task-s7	1065	7	114	sub-012	ses-102	task-s7	1;2;3	7;7;7
436	437	436	437	3	3	trialwise	773;2527;4277	773;2527;4277	5;16;27	138;124;106	sub-012_ses-102_task-s5;sub-012_ses-203_task-s5;sub-012_ses-301_task-s5	773	5	138	sub-012	ses-102	task-s5	1;2;3	5;5;5
437	438	437	438	3	3	trialwise	330;2235;3883	330;2235;3883	3;14;25	13;150;30	sub-012_ses-101_task-s3;sub-012_ses-201_task-s3;sub-012_ses-301_task-s3	330	3	13	sub-012	ses-101	task-s3	1;2;3	3;3;3
438	439	438	439	3	3	trialwise	546;2293;4020	546;2293;4020	4;15;26	70;49;8	sub-012_ses-102_task-s4;sub-012_ses-203_task-s4;sub-012_ses-301_task-s4	546	4	70	sub-012	ses-102	task-s4	1;2;3	4;4;4
439	440	439	440	3	3	trialwise	870;2620;4420	870;2620;4420	6;17;28	77;59;91	sub-012_ses-102_task-s6;sub-012_ses-203_task-s6;sub-012_ses-302_task-s6	870	6	77	sub-012	ses-102	task-s6	1;2;3	6;6;6
440	441	440	441	3	3	trialwise	117;1895;3563	117;1895;3563	1;12;23	118;128;28	sub-012_ses-101_task-s1;sub-012_ses-201_task-s1;sub-012_ses-301_task-s1	117	1	118	sub-012	ses-101	task-s1	1;2;3	1;1;1
441	442	441	442	3	3	trialwise	363;2106;3860	363;2106;3860	3;14;25	46;21;7	sub-012_ses-101_task-s3;sub-012_ses-201_task-s3;sub-012_ses-301_task-s3	363	3	46	sub-012	ses-101	task-s3	1;2;3	3;3;3
442	443	442	443	3	3	trialwise	688;2514;4228	688;2514;4228	5;16;27	53;111;57	sub-012_ses-102_task-s5;sub-012_ses-203_task-s5;sub-012_ses-301_task-s5	688	5	53	sub-012	ses-102	task-s5	1;2;3	5;5;5
443	444	443	444	3	3	trialwise	818;2577;4371	818;2577;4371	6;17;28	25;16;42	sub-012_ses-102_task-s6;sub-012_ses-203_task-s6;sub-012_ses-302_task-s6	818	6	25	sub-012	ses-102	task-s6	1;2;3	6;6;6
444	445	444	445	3	3	trialwise	42;1787;3610	42;1787;3610	1;12;23	43;20;75	sub-012_ses-101_task-s1;sub-012_ses-201_task-s1;sub-012_ses-301_task-s1	42	1	43	sub-012	ses-101	task-s1	1;2;3	1;1;1
445	446	445	446	3	3	trialwise	539;2342;4034	539;2342;4034	4;15;26	63;98;22	sub-012_ses-102_task-s4;sub-012_ses-203_task-s4;sub-012_ses-301_task-s4	539	4	63	sub-012	ses-102	task-s4	1;2;3	4;4;4
446	447	446	447	3	3	trialwise	795;2664;4475	795;2664;4475	6;17;28	2;103;146	sub-012_ses-102_task-s6;sub-012_ses-203_task-s6;sub-012_ses-302_task-s6	795	6	2	sub-012	ses-102	task-s6	1;2;3	6;6;6
447	448	447	448	3	3	trialwise	416;2171;3959	416;2171;3959	3;14;25	99;86;106	sub-012_ses-101_task-s3;sub-012_ses-201_task-s3;sub-012_ses-301_task-s3	416	3	99	sub-012	ses-101	task-s3	1;2;3	3;3;3
448	449	448	449	3	3	trialwise	144;1832;3653	144;1832;3653	1;12;23	145;65;118	sub-012_ses-101_task-s1;sub-012_ses-201_task-s1;sub-012_ses-301_task-s1	144	1	145	sub-012	ses-101	task-s1	1;2;3	1;1;1
449	450	449	450	3	3	trialwise	328;2123;3911	328;2123;3911	3;14;25	11;38;58	sub-012_ses-101_task-s3;sub-012_ses-201_task-s3;sub-012_ses-301_task-s3	328	3	11	sub-012	ses-101	task-s3	1;2;3	3;3;3
450	451	450	451	3	3	trialwise	724;2429;4229	724;2429;4229	5;16;27	89;26;58	sub-012_ses-102_task-s5;sub-012_ses-203_task-s5;sub-012_ses-301_task-s5	724	5	89	sub-012	ses-102	task-s5	1;2;3	5;5;5
451	452	451	452	3	3	trialwise	594;2249;4132	594;2249;4132	4;15;26	118;5;120	sub-012_ses-102_task-s4;sub-012_ses-203_task-s4;sub-012_ses-301_task-s4	594	4	118	sub-012	ses-102	task-s4	1;2;3	4;4;4
452	453	452	453	3	3	trialwise	292;1940;3784	292;1940;3784	2;13;24	134;14;90	sub-012_ses-101_task-s2;sub-012_ses-201_task-s2;sub-012_ses-301_task-s2	292	2	134	sub-012	ses-101	task-s2	1;2;3	2;2;2
453	454	453	454	3	3	trialwise	1151;2948;4683	1151;2948;4683	8;19;30	42;71;38	sub-012_ses-103_task-s8;sub-012_ses-204_task-s8;sub-012_ses-302_task-s8	1151	8	42	sub-012	ses-103	task-s8	1;2;3	8;8;8
454	455	454	455	3	3	trialwise	372;2218;3992	372;2218;3992	3;14;25	55;133;139	sub-012_ses-101_task-s3;sub-012_ses-201_task-s3;sub-012_ses-301_task-s3	372	3	55	sub-012	ses-101	task-s3	1;2;3	3;3;3
455	456	455	456	3	3	trialwise	294;2046;3751	294;2046;3751	2;13;24	136;120;57	sub-012_ses-101_task-s2;sub-012_ses-201_task-s2;sub-012_ses-301_task-s2	294	2	136	sub-012	ses-101	task-s2	1;2;3	2;2;2
456	457	456	457	3	3	trialwise	60;1881;3683	60;1881;3683	1;12;23	61;114;148	sub-012_ses-101_task-s1;sub-012_ses-201_task-s1;sub-012_ses-301_task-s1	60	1	61	sub-012	ses-101	task-s1	1;2;3	1;1;1
457	458	457	458	3	3	trialwise	599;2346;4068	599;2346;4068	4;15;26	123;102;56	sub-012_ses-102_task-s4;sub-012_ses-203_task-s4;sub-012_ses-301_task-s4	599	4	123	sub-012	ses-102	task-s4	1;2;3	4;4;4
458	459	458	459	3	3	trialwise	911;2641;4447	911;2641;4447	6;17;28	118;80;118	sub-012_ses-102_task-s6;sub-012_ses-203_task-s6;sub-012_ses-302_task-s6	911	6	118	sub-012	ses-102	task-s6	1;2;3	6;6;6
459	460	459	460	3	3	trialwise	511;2387;4118	511;2387;4118	4;15;26	35;143;106	sub-012_ses-102_task-s4;sub-012_ses-203_task-s4;sub-012_ses-301_task-s4	511	4	35	sub-012	ses-102	task-s4	1;2;3	4;4;4
460	461	460	461	3	3	trialwise	1223;2955;4723	1223;2955;4723	8;19;30	114;78;78	sub-012_ses-103_task-s8;sub-012_ses-204_task-s8;sub-012_ses-302_task-s8	1223	8	114	sub-012	ses-103	task-s8	1;2;3	8;8;8
461	462	461	462	3	3	trialwise	1130;3033;4676	1130;3033;4676	8;19;30	21;156;31	sub-012_ses-103_task-s8;sub-012_ses-204_task-s8;sub-012_ses-302_task-s8	1130	8	21	sub-012	ses-103	task-s8	1;2;3	8;8;8
462	463	462	463	3	3	trialwise	876;2613;4361	876;2613;4361	6;17;28	83;52;32	sub-012_ses-102_task-s6;sub-012_ses-203_task-s6;sub-012_ses-302_task-s6	876	6	83	sub-012	ses-102	task-s6	1;2;3	6;6;6
463	464	463	464	3	3	trialwise	1094;2745;4634	1094;2745;4634	7;18;29	143;26;147	sub-012_ses-102_task-s7;sub-012_ses-203_task-s7;sub-012_ses-302_task-s7	1094	7	143	sub-012	ses-102	task-s7	1;2;3	7;7;7
464	465	464	465	3	3	trialwise	554;2271;4061	554;2271;4061	4;15;26	78;27;49	sub-012_ses-102_task-s4;sub-012_ses-203_task-s4;sub-012_ses-301_task-s4	554	4	78	sub-012	ses-102	task-s4	1;2;3	4;4;4
465	466	465	466	3	3	trialwise	1228;2940;4696	1228;2940;4696	8;19;30	119;63;51	sub-012_ses-103_task-s8;sub-012_ses-204_task-s8;sub-012_ses-302_task-s8	1228	8	119	sub-012	ses-103	task-s8	1;2;3	8;8;8
466	467	466	467	3	3	trialwise	186;2061;3815	186;2061;3815	2;13;24	28;135;121	sub-012_ses-101_task-s2;sub-012_ses-201_task-s2;sub-012_ses-301_task-s2	186	2	28	sub-012	ses-101	task-s2	1;2;3	2;2;2
467	468	467	468	3	3	trialwise	70;1887;3582	70;1887;3582	1;12;23	71;120;47	sub-012_ses-101_task-s1;sub-012_ses-201_task-s1;sub-012_ses-301_task-s1	70	1	71	sub-012	ses-101	task-s1	1;2;3	1;1;1
468	469	468	469	3	3	trialwise	417;2230;3898	417;2230;3898	3;14;25	100;145;45	sub-012_ses-101_task-s3;sub-012_ses-201_task-s3;sub-012_ses-301_task-s3	417	3	100	sub-012	ses-101	task-s3	1;2;3	3;3;3
469	470	469	470	3	3	trialwise	845;2697;4427	845;2697;4427	6;17;28	52;136;98	sub-012_ses-102_task-s6;sub-012_ses-203_task-s6;sub-012_ses-302_task-s6	845	6	52	sub-012	ses-102	task-s6	1;2;3	6;6;6
470	471	470	471	3	3	trialwise	301;2023;3812	301;2023;3812	2;13;24	143;97;118	sub-012_ses-101_task-s2;sub-012_ses-201_task-s2;sub-012_ses-301_task-s2	301	2	143	sub-012	ses-101	task-s2	1;2;3	2;2;2
471	472	471	472	3	3	trialwise	308;2026;3777	308;2026;3777	2;13;24	150;100;83	sub-012_ses-101_task-s2;sub-012_ses-201_task-s2;sub-012_ses-301_task-s2	308	2	150	sub-012	ses-101	task-s2	1;2;3	2;2;2
472	473	472	473	3	3	trialwise	1235;3009;4790	1235;3009;4790	8;19;30	126;132;145	sub-012_ses-103_task-s8;sub-012_ses-204_task-s8;sub-012_ses-302_task-s8	1235	8	126	sub-012	ses-103	task-s8	1;2;3	8;8;8
473	474	473	474	3	3	trialwise	548;2245;4129	548;2245;4129	4;15;26	72;1;117	sub-012_ses-102_task-s4;sub-012_ses-203_task-s4;sub-012_ses-301_task-s4	548	4	72	sub-012	ses-102	task-s4	1;2;3	4;4;4
474	475	474	475	3	3	trialwise	457;2087;3924	457;2087;3924	3;14;25	140;2;71	sub-012_ses-101_task-s3;sub-012_ses-201_task-s3;sub-012_ses-301_task-s3	457	3	140	sub-012	ses-101	task-s3	1;2;3	3;3;3
475	476	475	476	3	3	trialwise	1222;3010;4746	1222;3010;4746	8;19;30	113;133;101	sub-012_ses-103_task-s8;sub-012_ses-204_task-s8;sub-012_ses-302_task-s8	1222	8	113	sub-012	ses-103	task-s8	1;2;3	8;8;8
476	477	476	477	3	3	trialwise	761;2491;4328	761;2491;4328	5;16;27	126;88;157	sub-012_ses-102_task-s5;sub-012_ses-203_task-s5;sub-012_ses-301_task-s5	761	5	126	sub-012	ses-102	task-s5	1;2;3	5;5;5
477	478	477	478	3	3	trialwise	1067;2852;4512	1067;2852;4512	7;18;29	116;133;25	sub-012_ses-102_task-s7;sub-012_ses-203_task-s7;sub-012_ses-302_task-s7	1067	7	116	sub-012	ses-102	task-s7	1;2;3	7;7;7
478	479	478	479	3	3	trialwise	837;2668;4378	837;2668;4378	6;17;28	44;107;49	sub-012_ses-102_task-s6;sub-012_ses-203_task-s6;sub-012_ses-302_task-s6	837	6	44	sub-012	ses-102	task-s6	1;2;3	6;6;6
479	480	479	480	3	3	trialwise	666;2510;4194	666;2510;4194	5;16;27	31;107;23	sub-012_ses-102_task-s5;sub-012_ses-203_task-s5;sub-012_ses-301_task-s5	666	5	31	sub-012	ses-102	task-s5	1;2;3	5;5;5
480	481	480	481	3	3	trialwise	195;2072;3762	195;2072;3762	2;13;24	37;146;68	sub-012_ses-101_task-s2;sub-012_ses-201_task-s2;sub-012_ses-301_task-s2	195	2	37	sub-012	ses-101	task-s2	1;2;3	2;2;2
481	482	481	482	3	3	trialwise	575;2289;4158	575;2289;4158	4;15;26	99;45;146	sub-012_ses-102_task-s4;sub-012_ses-203_task-s4;sub-012_ses-301_task-s4	575	4	99	sub-012	ses-102	task-s4	1;2;3	4;4;4
482	483	482	483	3	3	trialwise	1074;2832;4604	1074;2832;4604	7;18;29	123;113;117	sub-012_ses-102_task-s7;sub-012_ses-203_task-s7;sub-012_ses-302_task-s7	1074	7	123	sub-012	ses-102	task-s7	1;2;3	7;7;7
483	484	483	484	3	3	trialwise	910;2607;4358	910;2607;4358	6;17;28	117;46;29	sub-012_ses-102_task-s6;sub-012_ses-203_task-s6;sub-012_ses-302_task-s6	910	6	117	sub-012	ses-102	task-s6	1;2;3	6;6;6
484	485	484	485	3	3	trialwise	407;2090;3861	407;2090;3861	3;14;25	90;5;8	sub-012_ses-101_task-s3;sub-012_ses-201_task-s3;sub-012_ses-301_task-s3	407	3	90	sub-012	ses-101	task-s3	1;2;3	3;3;3
485	486	485	486	3	3	trialwise	1196;3030;4647	1196;3030;4647	8;19;30	87;153;2	sub-012_ses-103_task-s8;sub-012_ses-204_task-s8;sub-012_ses-302_task-s8	1196	8	87	sub-012	ses-103	task-s8	1;2;3	8;8;8
486	487	486	487	3	3	trialwise	249;1947;3796	249;1947;3796	2;13;24	91;21;102	sub-012_ses-101_task-s2;sub-012_ses-201_task-s2;sub-012_ses-301_task-s2	249	2	91	sub-012	ses-101	task-s2	1;2;3	2;2;2
487	488	487	488	3	3	trialwise	427;2142;3938	427;2142;3938	3;14;25	110;57;85	sub-012_ses-101_task-s3;sub-012_ses-201_task-s3;sub-012_ses-301_task-s3	427	3	110	sub-012	ses-101	task-s3	1;2;3	3;3;3
488	489	488	489	3	3	trialwise	278;1966;3755	278;1966;3755	2;13;24	120;40;61	sub-012_ses-101_task-s2;sub-012_ses-201_task-s2;sub-012_ses-301_task-s2	278	2	120	sub-012	ses-101	task-s2	1;2;3	2;2;2
489	490	489	490	3	3	trialwise	1211;2984;4774	1211;2984;4774	8;19;30	102;107;129	sub-012_ses-103_task-s8;sub-012_ses-204_task-s8;sub-012_ses-302_task-s8	1211	8	102	sub-012	ses-103	task-s8	1;2;3	8;8;8
490	491	490	491	3	3	trialwise	476;2153;3965	476;2153;3965	3;14;25	159;68;112	sub-012_ses-101_task-s3;sub-012_ses-201_task-s3;sub-012_ses-301_task-s3	476	3	159	sub-012	ses-101	task-s3	1;2;3	3;3;3
491	492	491	492	3	3	trialwise	1208;2899;4697	1208;2899;4697	8;19;30	99;22;52	sub-012_ses-103_task-s8;sub-012_ses-204_task-s8;sub-012_ses-302_task-s8	1208	8	99	sub-012	ses-103	task-s8	1;2;3	8;8;8
492	493	492	493	3	3	trialwise	709;2528;4286	709;2528;4286	5;16;27	74;125;115	sub-012_ses-102_task-s5;sub-012_ses-203_task-s5;sub-012_ses-301_task-s5	709	5	74	sub-012	ses-102	task-s5	1;2;3	5;5;5
493	494	493	494	3	3	trialwise	1207;2917;4712	1207;2917;4712	8;19;30	98;40;67	sub-012_ses-103_task-s8;sub-012_ses-204_task-s8;sub-012_ses-302_task-s8	1207	8	98	sub-012	ses-103	task-s8	1;2;3	8;8;8
494	495	494	495	3	3	trialwise	895;2717;4349	895;2717;4349	6;17;28	102;156;20	sub-012_ses-102_task-s6;sub-012_ses-203_task-s6;sub-012_ses-302_task-s6	895	6	102	sub-012	ses-102	task-s6	1;2;3	6;6;6
495	496	495	496	3	3	trialwise	1108;2725;4605	1108;2725;4605	7;18;29	157;6;118	sub-012_ses-102_task-s7;sub-012_ses-203_task-s7;sub-012_ses-302_task-s7	1108	7	157	sub-012	ses-102	task-s7	1;2;3	7;7;7
496	497	496	497	3	3	trialwise	113;1788;3560	113;1788;3560	1;12;23	114;21;25	sub-012_ses-101_task-s1;sub-012_ses-201_task-s1;sub-012_ses-301_task-s1	113	1	114	sub-012	ses-101	task-s1	1;2;3	1;1;1
497	498	497	498	3	3	trialwise	586;2358;4125	586;2358;4125	4;15;26	110;114;113	sub-012_ses-102_task-s4;sub-012_ses-203_task-s4;sub-012_ses-301_task-s4	586	4	110	sub-012	ses-102	task-s4	1;2;3	4;4;4
498	499	498	499	3	3	trialwise	1002;2783;4548	1002;2783;4548	7;18;29	51;64;61	sub-012_ses-102_task-s7;sub-012_ses-203_task-s7;sub-012_ses-302_task-s7	1002	7	51	sub-012	ses-102	task-s7	1;2;3	7;7;7
499	500	499	500	3	3	trialwise	428;2155;3984	428;2155;3984	3;14;25	111;70;131	sub-012_ses-101_task-s3;sub-012_ses-201_task-s3;sub-012_ses-301_task-s3	428	3	111	sub-012	ses-101	task-s3	1;2;3	3;3;3
500	501	500	501	3	3	trialwise	395;2100;3925	395;2100;3925	3;14;25	78;15;72	sub-012_ses-101_task-s3;sub-012_ses-201_task-s3;sub-012_ses-301_task-s3	395	3	78	sub-012	ses-101	task-s3	1;2;3	3;3;3
501	502	501	502	3	3	trialwise	231;2016;3709	231;2016;3709	2;13;24	73;90;15	sub-012_ses-101_task-s2;sub-012_ses-201_task-s2;sub-012_ses-301_task-s2	231	2	73	sub-012	ses-101	task-s2	1;2;3	2;2;2
502	503	502	503	3	3	trialwise	233;1996;3738	233;1996;3738	2;13;24	75;70;44	sub-012_ses-101_task-s2;sub-012_ses-201_task-s2;sub-012_ses-301_task-s2	233	2	75	sub-012	ses-101	task-s2	1;2;3	2;2;2
503	504	503	504	3	3	trialwise	687;2549;4205	687;2549;4205	5;16;27	52;146;34	sub-012_ses-102_task-s5;sub-012_ses-203_task-s5;sub-012_ses-301_task-s5	687	5	52	sub-012	ses-102	task-s5	1;2;3	5;5;5
504	505	504	505	3	3	trialwise	806;2671;4357	806;2671;4357	6;17;28	13;110;28	sub-012_ses-102_task-s6;sub-012_ses-203_task-s6;sub-012_ses-302_task-s6	806	6	13	sub-012	ses-102	task-s6	1;2;3	6;6;6
505	506	505	506	3	3	trialwise	73;1864;3586	73;1864;3586	1;12;23	74;97;51	sub-012_ses-101_task-s1;sub-012_ses-201_task-s1;sub-012_ses-301_task-s1	73	1	74	sub-012	ses-101	task-s1	1;2;3	1;1;1
506	507	506	507	3	3	trialwise	311;2003;3732	311;2003;3732	2;13;24	153;77;38	sub-012_ses-101_task-s2;sub-012_ses-201_task-s2;sub-012_ses-301_task-s2	311	2	153	sub-012	ses-101	task-s2	1;2;3	2;2;2
507	508	507	508	3	3	trialwise	696;2482;4182	696;2482;4182	5;16;27	61;79;11	sub-012_ses-102_task-s5;sub-012_ses-203_task-s5;sub-012_ses-301_task-s5	696	5	61	sub-012	ses-102	task-s5	1;2;3	5;5;5
508	509	508	509	3	3	trialwise	1009;2831;4580	1009;2831;4580	7;18;29	58;112;93	sub-012_ses-102_task-s7;sub-012_ses-203_task-s7;sub-012_ses-302_task-s7	1009	7	58	sub-012	ses-102	task-s7	1;2;3	7;7;7
509	510	509	510	3	3	trialwise	203;2034;3792	203;2034;3792	2;13;24	45;108;98	sub-012_ses-101_task-s2;sub-012_ses-201_task-s2;sub-012_ses-301_task-s2	203	2	45	sub-012	ses-101	task-s2	1;2;3	2;2;2
510	511	510	511	3	3	trialwise	591;2281;4050	591;2281;4050	4;15;26	115;37;38	sub-012_ses-102_task-s4;sub-012_ses-203_task-s4;sub-012_ses-301_task-s4	591	4	115	sub-012	ses-102	task-s4	1;2;3	4;4;4
511	512	511	512	3	3	trialwise	309;1951;3791	309;1951;3791	2;13;24	151;25;97	sub-012_ses-101_task-s2;sub-012_ses-201_task-s2;sub-012_ses-301_task-s2	309	2	151	sub-012	ses-101	task-s2	1;2;3	2;2;2
512	513	512	513	3	3	trialwise	741;2448;4190	741;2448;4190	5;16;27	106;45;19	sub-012_ses-102_task-s5;sub-012_ses-203_task-s5;sub-012_ses-301_task-s5	741	5	106	sub-012	ses-102	task-s5	1;2;3	5;5;5
513	514	513	514	3	3	trialwise	525;2306;4134	525;2306;4134	4;15;26	49;62;122	sub-012_ses-102_task-s4;sub-012_ses-203_task-s4;sub-012_ses-301_task-s4	525	4	49	sub-012	ses-102	task-s4	1;2;3	4;4;4
514	515	514	515	3	3	trialwise	581;2301;4168	581;2301;4168	4;15;26	105;57;156	sub-012_ses-102_task-s4;sub-012_ses-203_task-s4;sub-012_ses-301_task-s4	581	4	105	sub-012	ses-102	task-s4	1;2;3	4;4;4
515	516	515	516	3	3	trialwise	1243;2961;4665	1243;2961;4665	8;19;30	134;84;20	sub-012_ses-103_task-s8;sub-012_ses-204_task-s8;sub-012_ses-302_task-s8	1243	8	134	sub-012	ses-103	task-s8	1;2;3	8;8;8
516	517	516	517	3	3	trialwise	1156;3026;4749	1156;3026;4749	8;19;30	47;149;104	sub-012_ses-103_task-s8;sub-012_ses-204_task-s8;sub-012_ses-302_task-s8	1156	8	47	sub-012	ses-103	task-s8	1;2;3	8;8;8
517	518	517	518	3	3	trialwise	1122;2986;4711	1122;2986;4711	8;19;30	13;109;66	sub-012_ses-103_task-s8;sub-012_ses-204_task-s8;sub-012_ses-302_task-s8	1122	8	13	sub-012	ses-103	task-s8	1;2;3	8;8;8
518	519	518	519	3	3	trialwise	107;1903;3613	107;1903;3613	1;12;23	108;136;78	sub-012_ses-101_task-s1;sub-012_ses-201_task-s1;sub-012_ses-301_task-s1	107	1	108	sub-012	ses-101	task-s1	1;2;3	1;1;1
519	520	519	520	3	3	trialwise	577;2277;4042	577;2277;4042	4;15;26	101;33;30	sub-012_ses-102_task-s4;sub-012_ses-203_task-s4;sub-012_ses-301_task-s4	577	4	101	sub-012	ses-102	task-s4	1;2;3	4;4;4
520	521	520	521	3	3	trialwise	763;2469;4288	763;2469;4288	5;16;27	128;66;117	sub-012_ses-102_task-s5;sub-012_ses-203_task-s5;sub-012_ses-301_task-s5	763	5	128	sub-012	ses-102	task-s5	1;2;3	5;5;5
521	522	521	522	3	3	trialwise	887;2665;4389	887;2665;4389	6;17;28	94;104;60	sub-012_ses-102_task-s6;sub-012_ses-203_task-s6;sub-012_ses-302_task-s6	887	6	94	sub-012	ses-102	task-s6	1;2;3	6;6;6
522	523	522	523	3	3	trialwise	978;2760;4632	978;2760;4632	7;18;29	27;41;145	sub-012_ses-102_task-s7;sub-012_ses-203_task-s7;sub-012_ses-302_task-s7	978	7	27	sub-012	ses-102	task-s7	1;2;3	7;7;7
523	524	523	524	3	3	trialwise	862;2624;4385	862;2624;4385	6;17;28	69;63;56	sub-012_ses-102_task-s6;sub-012_ses-203_task-s6;sub-012_ses-302_task-s6	862	6	69	sub-012	ses-102	task-s6	1;2;3	6;6;6
524	525	524	525	3	3	trialwise	917;2587;4410	917;2587;4410	6;17;28	124;26;81	sub-012_ses-102_task-s6;sub-012_ses-203_task-s6;sub-012_ses-302_task-s6	917	6	124	sub-012	ses-102	task-s6	1;2;3	6;6;6
525	526	525	526	3	3	trialwise	982;2858;4502	982;2858;4502	7;18;29	31;139;15	sub-012_ses-102_task-s7;sub-012_ses-203_task-s7;sub-012_ses-302_task-s7	982	7	31	sub-012	ses-102	task-s7	1;2;3	7;7;7
526	527	526	527	3	3	trialwise	425;2121;4002	425;2121;4002	3;14;25	108;36;149	sub-012_ses-101_task-s3;sub-012_ses-201_task-s3;sub-012_ses-301_task-s3	425	3	108	sub-012	ses-101	task-s3	1;2;3	3;3;3
527	528	527	528	3	3	trialwise	273;1927;3807	273;1927;3807	2;13;24	115;1;113	sub-012_ses-101_task-s2;sub-012_ses-201_task-s2;sub-012_ses-301_task-s2	273	2	115	sub-012	ses-101	task-s2	1;2;3	2;2;2
528	529	528	529	3	3	trialwise	20;1910;3607	20;1910;3607	1;12;23	21;143;72	sub-012_ses-101_task-s1;sub-012_ses-201_task-s1;sub-012_ses-301_task-s1	20	1	21	sub-012	ses-101	task-s1	1;2;3	1;1;1
529	530	529	530	3	3	trialwise	1214;3035;4792	1214;3035;4792	8;19;30	105;158;147	sub-012_ses-103_task-s8;sub-012_ses-204_task-s8;sub-012_ses-302_task-s8	1214	8	105	sub-012	ses-103	task-s8	1;2;3	8;8;8
530	531	530	531	3	3	trialwise	506;2325;4107	506;2325;4107	4;15;26	30;81;95	sub-012_ses-102_task-s4;sub-012_ses-203_task-s4;sub-012_ses-301_task-s4	506	4	30	sub-012	ses-102	task-s4	1;2;3	4;4;4
531	532	531	532	3	3	trialwise	1175;3034;4699	1175;3034;4699	8;19;30	66;157;54	sub-012_ses-103_task-s8;sub-012_ses-204_task-s8;sub-012_ses-302_task-s8	1175	8	66	sub-012	ses-103	task-s8	1;2;3	8;8;8
532	533	532	533	3	3	trialwise	1200;2992;4737	1200;2992;4737	8;19;30	91;115;92	sub-012_ses-103_task-s8;sub-012_ses-204_task-s8;sub-012_ses-302_task-s8	1200	8	91	sub-012	ses-103	task-s8	1;2;3	8;8;8
533	534	533	534	3	3	trialwise	1055;2778;4491	1055;2778;4491	7;18;29	104;59;4	sub-012_ses-102_task-s7;sub-012_ses-203_task-s7;sub-012_ses-302_task-s7	1055	7	104	sub-012	ses-102	task-s7	1;2;3	7;7;7
534	535	534	535	3	3	trialwise	1098;2756;4561	1098;2756;4561	7;18;29	147;37;74	sub-012_ses-102_task-s7;sub-012_ses-203_task-s7;sub-012_ses-302_task-s7	1098	7	147	sub-012	ses-102	task-s7	1;2;3	7;7;7
535	536	535	536	3	3	trialwise	879;2567;4438	879;2567;4438	6;17;28	86;6;109	sub-012_ses-102_task-s6;sub-012_ses-203_task-s6;sub-012_ses-302_task-s6	879	6	86	sub-012	ses-102	task-s6	1;2;3	6;6;6
536	537	536	537	3	3	trialwise	648;2555;4322	648;2555;4322	5;16;27	13;152;151	sub-012_ses-102_task-s5;sub-012_ses-203_task-s5;sub-012_ses-301_task-s5	648	5	13	sub-012	ses-102	task-s5	1;2;3	5;5;5
537	538	537	538	3	3	trialwise	493;2386;4142	493;2386;4142	4;15;26	17;142;130	sub-012_ses-102_task-s4;sub-012_ses-203_task-s4;sub-012_ses-301_task-s4	493	4	17	sub-012	ses-102	task-s4	1;2;3	4;4;4
538	539	538	539	3	3	trialwise	214;1968;3731	214;1968;3731	2;13;24	56;42;37	sub-012_ses-101_task-s2;sub-012_ses-201_task-s2;sub-012_ses-301_task-s2	214	2	56	sub-012	ses-101	task-s2	1;2;3	2;2;2
539	540	539	540	3	3	trialwise	174;2083;3718	174;2083;3718	2;13;24	16;157;24	sub-012_ses-101_task-s2;sub-012_ses-201_task-s2;sub-012_ses-301_task-s2	174	2	16	sub-012	ses-101	task-s2	1;2;3	2;2;2
540	541	540	541	3	3	trialwise	556;2280;4164	556;2280;4164	4;15;26	80;36;152	sub-012_ses-102_task-s4;sub-012_ses-203_task-s4;sub-012_ses-301_task-s4	556	4	80	sub-012	ses-102	task-s4	1;2;3	4;4;4
541	542	541	542	3	3	trialwise	1266;3002;4701	1266;3002;4701	8;19;30	157;125;56	sub-012_ses-103_task-s8;sub-012_ses-204_task-s8;sub-012_ses-302_task-s8	1266	8	157	sub-012	ses-103	task-s8	1;2;3	8;8;8
542	543	542	543	3	3	trialwise	74;1874;3547	74;1874;3547	1;12;23	75;107;12	sub-012_ses-101_task-s1;sub-012_ses-201_task-s1;sub-012_ses-301_task-s1	74	1	75	sub-012	ses-101	task-s1	1;2;3	1;1;1
543	544	543	544	3	3	trialwise	448;2127;3866	448;2127;3866	3;14;25	131;42;13	sub-012_ses-101_task-s3;sub-012_ses-201_task-s3;sub-012_ses-301_task-s3	448	3	131	sub-012	ses-101	task-s3	1;2;3	3;3;3
544	545	544	545	3	3	trialwise	1022;2777;4549	1022;2777;4549	7;18;29	71;58;62	sub-012_ses-102_task-s7;sub-012_ses-203_task-s7;sub-012_ses-302_task-s7	1022	7	71	sub-012	ses-102	task-s7	1;2;3	7;7;7
545	546	545	546	3	3	trialwise	211;1960;3781	211;1960;3781	2;13;24	53;34;87	sub-012_ses-101_task-s2;sub-012_ses-201_task-s2;sub-012_ses-301_task-s2	211	2	53	sub-012	ses-101	task-s2	1;2;3	2;2;2
546	547	546	547	3	3	trialwise	990;2747;4488	990;2747;4488	7;18;29	39;28;1	sub-012_ses-102_task-s7;sub-012_ses-203_task-s7;sub-012_ses-302_task-s7	990	7	39	sub-012	ses-102	task-s7	1;2;3	7;7;7
547	548	547	548	3	3	trialwise	631;2327;4141	631;2327;4141	4;15;26	155;83;129	sub-012_ses-102_task-s4;sub-012_ses-203_task-s4;sub-012_ses-301_task-s4	631	4	155	sub-012	ses-102	task-s4	1;2;3	4;4;4
548	549	548	549	3	3	trialwise	702;2455;4236	702;2455;4236	5;16;27	67;52;65	sub-012_ses-102_task-s5;sub-012_ses-203_task-s5;sub-012_ses-301_task-s5	702	5	67	sub-012	ses-102	task-s5	1;2;3	5;5;5
549	550	549	550	3	3	trialwise	285;2031;3734	285;2031;3734	2;13;24	127;105;40	sub-012_ses-101_task-s2;sub-012_ses-201_task-s2;sub-012_ses-301_task-s2	285	2	127	sub-012	ses-101	task-s2	1;2;3	2;2;2
550	551	550	551	3	3	trialwise	111;1917;3595	111;1917;3595	1;12;23	112;150;60	sub-012_ses-101_task-s1;sub-012_ses-201_task-s1;sub-012_ses-301_task-s1	111	1	112	sub-012	ses-101	task-s1	1;2;3	1;1;1
551	552	551	552	3	3	trialwise	533;2314;4033	533;2314;4033	4;15;26	57;70;21	sub-012_ses-102_task-s4;sub-012_ses-203_task-s4;sub-012_ses-301_task-s4	533	4	57	sub-012	ses-102	task-s4	1;2;3	4;4;4
552	553	552	553	3	3	trialwise	356;2104;3968	356;2104;3968	3;14;25	39;19;115	sub-012_ses-101_task-s3;sub-012_ses-201_task-s3;sub-012_ses-301_task-s3	356	3	39	sub-012	ses-101	task-s3	1;2;3	3;3;3
553	554	553	554	3	3	trialwise	948;2645;4467	948;2645;4467	6;17;28	155;84;138	sub-012_ses-102_task-s6;sub-012_ses-203_task-s6;sub-012_ses-302_task-s6	948	6	155	sub-012	ses-102	task-s6	1;2;3	6;6;6
554	555	554	555	3	3	trialwise	570;2329;4116	570;2329;4116	4;15;26	94;85;104	sub-012_ses-102_task-s4;sub-012_ses-203_task-s4;sub-012_ses-301_task-s4	570	4	94	sub-012	ses-102	task-s4	1;2;3	4;4;4
555	556	555	556	3	3	trialwise	1020;2786;4573	1020;2786;4573	7;18;29	69;67;86	sub-012_ses-102_task-s7;sub-012_ses-203_task-s7;sub-012_ses-302_task-s7	1020	7	69	sub-012	ses-102	task-s7	1;2;3	7;7;7
556	557	556	557	3	3	trialwise	103;1875;3544	103;1875;3544	1;12;23	104;108;9	sub-012_ses-101_task-s1;sub-012_ses-201_task-s1;sub-012_ses-301_task-s1	103	1	104	sub-012	ses-101	task-s1	1;2;3	1;1;1
557	558	557	558	3	3	trialwise	1036;2803;4602	1036;2803;4602	7;18;29	85;84;115	sub-012_ses-102_task-s7;sub-012_ses-203_task-s7;sub-012_ses-302_task-s7	1036	7	85	sub-012	ses-102	task-s7	1;2;3	7;7;7
558	559	558	559	3	3	trialwise	238;1973;3848	238;1973;3848	2;13;24	80;47;154	sub-012_ses-101_task-s2;sub-012_ses-201_task-s2;sub-012_ses-301_task-s2	238	2	80	sub-012	ses-101	task-s2	1;2;3	2;2;2
559	560	559	560	3	3	trialwise	513;2294;4081	513;2294;4081	4;15;26	37;50;69	sub-012_ses-102_task-s4;sub-012_ses-203_task-s4;sub-012_ses-301_task-s4	513	4	37	sub-012	ses-102	task-s4	1;2;3	4;4;4
560	561	560	561	3	3	trialwise	472;2101;3961	472;2101;3961	3;14;25	155;16;108	sub-012_ses-101_task-s3;sub-012_ses-201_task-s3;sub-012_ses-301_task-s3	472	3	155	sub-012	ses-101	task-s3	1;2;3	3;3;3
561	562	561	562	3	3	trialwise	1225;2951;4651	1225;2951;4651	8;19;30	116;74;6	sub-012_ses-103_task-s8;sub-012_ses-204_task-s8;sub-012_ses-302_task-s8	1225	8	116	sub-012	ses-103	task-s8	1;2;3	8;8;8
562	563	562	563	3	3	trialwise	728;2480;4258	728;2480;4258	5;16;27	93;77;87	sub-012_ses-102_task-s5;sub-012_ses-203_task-s5;sub-012_ses-301_task-s5	728	5	93	sub-012	ses-102	task-s5	1;2;3	5;5;5
563	564	563	564	3	3	trialwise	1051;2849;4596	1051;2849;4596	7;18;29	100;130;109	sub-012_ses-102_task-s7;sub-012_ses-203_task-s7;sub-012_ses-302_task-s7	1051	7	100	sub-012	ses-102	task-s7	1;2;3	7;7;7
564	565	564	565	3	3	trialwise	864;2628;4426	864;2628;4426	6;17;28	71;67;97	sub-012_ses-102_task-s6;sub-012_ses-203_task-s6;sub-012_ses-302_task-s6	864	6	71	sub-012	ses-102	task-s6	1;2;3	6;6;6
565	566	565	566	3	3	trialwise	1257;2945;4659	1257;2945;4659	8;19;30	148;68;14	sub-012_ses-103_task-s8;sub-012_ses-204_task-s8;sub-012_ses-302_task-s8	1257	8	148	sub-012	ses-103	task-s8	1;2;3	8;8;8
566	567	566	567	3	3	trialwise	455;2144;3901	455;2144;3901	3;14;25	138;59;48	sub-012_ses-101_task-s3;sub-012_ses-201_task-s3;sub-012_ses-301_task-s3	455	3	138	sub-012	ses-101	task-s3	1;2;3	3;3;3
567	568	567	568	3	3	trialwise	52;1918;3618	52;1918;3618	1;12;23	53;151;83	sub-012_ses-101_task-s1;sub-012_ses-201_task-s1;sub-012_ses-301_task-s1	52	1	53	sub-012	ses-101	task-s1	1;2;3	1;1;1
568	569	568	569	3	3	trialwise	136;1797;3566	136;1797;3566	1;12;23	137;30;31	sub-012_ses-101_task-s1;sub-012_ses-201_task-s1;sub-012_ses-301_task-s1	136	1	137	sub-012	ses-101	task-s1	1;2;3	1;1;1
569	570	569	570	3	3	trialwise	589;2309;4171	589;2309;4171	4;15;26	113;65;159	sub-012_ses-102_task-s4;sub-012_ses-203_task-s4;sub-012_ses-301_task-s4	589	4	113	sub-012	ses-102	task-s4	1;2;3	4;4;4
570	571	570	571	3	3	trialwise	1007;2789;4636	1007;2789;4636	7;18;29	56;70;149	sub-012_ses-102_task-s7;sub-012_ses-203_task-s7;sub-012_ses-302_task-s7	1007	7	56	sub-012	ses-102	task-s7	1;2;3	7;7;7
571	572	571	572	3	3	trialwise	340;2185;3953	340;2185;3953	3;14;25	23;100;100	sub-012_ses-101_task-s3;sub-012_ses-201_task-s3;sub-012_ses-301_task-s3	340	3	23	sub-012	ses-101	task-s3	1;2;3	3;3;3
572	573	572	573	3	3	trialwise	863;2687;4422	863;2687;4422	6;17;28	70;126;93	sub-012_ses-102_task-s6;sub-012_ses-203_task-s6;sub-012_ses-302_task-s6	863	6	70	sub-012	ses-102	task-s6	1;2;3	6;6;6
573	574	573	574	3	3	trialwise	1144;2950;4758	1144;2950;4758	8;19;30	35;73;113	sub-012_ses-103_task-s8;sub-012_ses-204_task-s8;sub-012_ses-302_task-s8	1144	8	35	sub-012	ses-103	task-s8	1;2;3	8;8;8
574	575	574	575	3	3	trialwise	1252;2883;4702	1252;2883;4702	8;19;30	143;6;57	sub-012_ses-103_task-s8;sub-012_ses-204_task-s8;sub-012_ses-302_task-s8	1252	8	143	sub-012	ses-103	task-s8	1;2;3	8;8;8
575	576	575	576	3	3	trialwise	1238;2916;4685	1238;2916;4685	8;19;30	129;39;40	sub-012_ses-103_task-s8;sub-012_ses-204_task-s8;sub-012_ses-302_task-s8	1238	8	129	sub-012	ses-103	task-s8	1;2;3	8;8;8
576	577	576	577	3	3	trialwise	1038;2812;4619	1038;2812;4619	7;18;29	87;93;132	sub-012_ses-102_task-s7;sub-012_ses-203_task-s7;sub-012_ses-302_task-s7	1038	7	87	sub-012	ses-102	task-s7	1;2;3	7;7;7
577	578	577	578	3	3	trialwise	1030;2802;4544	1030;2802;4544	7;18;29	79;83;57	sub-012_ses-102_task-s7;sub-012_ses-203_task-s7;sub-012_ses-302_task-s7	1030	7	79	sub-012	ses-102	task-s7	1;2;3	7;7;7
578	579	578	579	3	3	trialwise	134;1781;3686	134;1781;3686	1;12;23	135;14;151	sub-012_ses-101_task-s1;sub-012_ses-201_task-s1;sub-012_ses-301_task-s1	134	1	135	sub-012	ses-101	task-s1	1;2;3	1;1;1
579	580	579	580	3	3	trialwise	220;1983;3823	220;1983;3823	2;13;24	62;57;129	sub-012_ses-101_task-s2;sub-012_ses-201_task-s2;sub-012_ses-301_task-s2	220	2	62	sub-012	ses-101	task-s2	1;2;3	2;2;2
580	581	580	581	3	3	trialwise	1081;2790;4603	1081;2790;4603	7;18;29	130;71;116	sub-012_ses-102_task-s7;sub-012_ses-203_task-s7;sub-012_ses-302_task-s7	1081	7	130	sub-012	ses-102	task-s7	1;2;3	7;7;7
581	582	581	582	3	3	trialwise	1103;2738;4629	1103;2738;4629	7;18;29	152;19;142	sub-012_ses-102_task-s7;sub-012_ses-203_task-s7;sub-012_ses-302_task-s7	1103	7	152	sub-012	ses-102	task-s7	1;2;3	7;7;7
582	583	582	583	3	3	trialwise	58;1804;3626	58;1804;3626	1;12;23	59;37;91	sub-012_ses-101_task-s1;sub-012_ses-201_task-s1;sub-012_ses-301_task-s1	58	1	59	sub-012	ses-101	task-s1	1;2;3	1;1;1
583	584	583	584	3	3	trialwise	115;1818;3667	115;1818;3667	1;12;23	116;51;132	sub-012_ses-101_task-s1;sub-012_ses-201_task-s1;sub-012_ses-301_task-s1	115	1	116	sub-012	ses-101	task-s1	1;2;3	1;1;1
584	585	584	585	3	3	trialwise	757;2430;4291	757;2430;4291	5;16;27	122;27;120	sub-012_ses-102_task-s5;sub-012_ses-203_task-s5;sub-012_ses-301_task-s5	757	5	122	sub-012	ses-102	task-s5	1;2;3	5;5;5
585	586	585	586	3	3	trialwise	1135;2882;4695	1135;2882;4695	8;19;30	26;5;50	sub-012_ses-103_task-s8;sub-012_ses-204_task-s8;sub-012_ses-302_task-s8	1135	8	26	sub-012	ses-103	task-s8	1;2;3	8;8;8
586	587	586	587	3	3	trialwise	411;2197;3944	411;2197;3944	3;14;25	94;112;91	sub-012_ses-101_task-s3;sub-012_ses-201_task-s3;sub-012_ses-301_task-s3	411	3	94	sub-012	ses-101	task-s3	1;2;3	3;3;3
587	588	587	588	3	3	trialwise	1025;2727;4541	1025;2727;4541	7;18;29	74;8;54	sub-012_ses-102_task-s7;sub-012_ses-203_task-s7;sub-012_ses-302_task-s7	1025	7	74	sub-012	ses-102	task-s7	1;2;3	7;7;7
588	589	588	589	3	3	trialwise	279;1976;3706	279;1976;3706	2;13;24	121;50;12	sub-012_ses-101_task-s2;sub-012_ses-201_task-s2;sub-012_ses-301_task-s2	279	2	121	sub-012	ses-101	task-s2	1;2;3	2;2;2
589	590	589	590	3	3	trialwise	665;2408;4306	665;2408;4306	5;16;27	30;5;135	sub-012_ses-102_task-s5;sub-012_ses-203_task-s5;sub-012_ses-301_task-s5	665	5	30	sub-012	ses-102	task-s5	1;2;3	5;5;5
590	591	590	591	3	3	trialwise	805;2595;4464	805;2595;4464	6;17;28	12;34;135	sub-012_ses-102_task-s6;sub-012_ses-203_task-s6;sub-012_ses-302_task-s6	805	6	12	sub-012	ses-102	task-s6	1;2;3	6;6;6
591	592	591	592	3	3	trialwise	989;2814;4563	989;2814;4563	7;18;29	38;95;76	sub-012_ses-102_task-s7;sub-012_ses-203_task-s7;sub-012_ses-302_task-s7	989	7	38	sub-012	ses-102	task-s7	1;2;3	7;7;7
592	593	592	593	3	3	trialwise	274;2075;3705	274;2075;3705	2;13;24	116;149;11	sub-012_ses-101_task-s2;sub-012_ses-201_task-s2;sub-012_ses-301_task-s2	274	2	116	sub-012	ses-101	task-s2	1;2;3	2;2;2
593	594	593	594	3	3	trialwise	1083;2847;4536	1083;2847;4536	7;18;29	132;128;49	sub-012_ses-102_task-s7;sub-012_ses-203_task-s7;sub-012_ses-302_task-s7	1083	7	132	sub-012	ses-102	task-s7	1;2;3	7;7;7
594	595	594	595	3	3	trialwise	867;2638;4343	867;2638;4343	6;17;28	74;77;14	sub-012_ses-102_task-s6;sub-012_ses-203_task-s6;sub-012_ses-302_task-s6	867	6	74	sub-012	ses-102	task-s6	1;2;3	6;6;6
595	596	595	596	3	3	trialwise	820;2708;4373	820;2708;4373	6;17;28	27;147;44	sub-012_ses-102_task-s6;sub-012_ses-203_task-s6;sub-012_ses-302_task-s6	820	6	27	sub-012	ses-102	task-s6	1;2;3	6;6;6
596	597	596	597	3	3	trialwise	1072;2737;4594	1072;2737;4594	7;18;29	121;18;107	sub-012_ses-102_task-s7;sub-012_ses-203_task-s7;sub-012_ses-302_task-s7	1072	7	121	sub-012	ses-102	task-s7	1;2;3	7;7;7
597	598	597	598	3	3	trialwise	747;2410;4226	747;2410;4226	5;16;27	112;7;55	sub-012_ses-102_task-s5;sub-012_ses-203_task-s5;sub-012_ses-301_task-s5	747	5	112	sub-012	ses-102	task-s5	1;2;3	5;5;5
598	599	598	599	3	3	trialwise	1233;2966;4668	1233;2966;4668	8;19;30	124;89;23	sub-012_ses-103_task-s8;sub-012_ses-204_task-s8;sub-012_ses-302_task-s8	1233	8	124	sub-012	ses-103	task-s8	1;2;3	8;8;8
599	600	599	600	3	3	trialwise	947;2713;4476	947;2713;4476	6;17;28	154;152;147	sub-012_ses-102_task-s6;sub-012_ses-203_task-s6;sub-012_ses-302_task-s6	947	6	154	sub-012	ses-102	task-s6	1;2;3	6;6;6
600	601	600	601	3	3	trialwise	352;2163;3971	352;2163;3971	3;14;25	35;78;118	sub-012_ses-101_task-s3;sub-012_ses-201_task-s3;sub-012_ses-301_task-s3	352	3	35	sub-012	ses-101	task-s3	1;2;3	3;3;3
601	602	601	602	3	3	trialwise	520;2318;4055	520;2318;4055	4;15;26	44;74;43	sub-012_ses-102_task-s4;sub-012_ses-203_task-s4;sub-012_ses-301_task-s4	520	4	44	sub-012	ses-102	task-s4	1;2;3	4;4;4
602	603	602	603	3	3	trialwise	1138;2975;4762	1138;2975;4762	8;19;30	29;98;117	sub-012_ses-103_task-s8;sub-012_ses-204_task-s8;sub-012_ses-302_task-s8	1138	8	29	sub-012	ses-103	task-s8	1;2;3	8;8;8
603	604	603	604	3	3	trialwise	557;2379;4135	557;2379;4135	4;15;26	81;135;123	sub-012_ses-102_task-s4;sub-012_ses-203_task-s4;sub-012_ses-301_task-s4	557	4	81	sub-012	ses-102	task-s4	1;2;3	4;4;4
604	605	604	605	3	3	trialwise	323;2092;3917	323;2092;3917	3;14;25	6;7;64	sub-012_ses-101_task-s3;sub-012_ses-201_task-s3;sub-012_ses-301_task-s3	323	3	6	sub-012	ses-101	task-s3	1;2;3	3;3;3
605	606	605	606	3	3	trialwise	1198;2925;4797	1198;2925;4797	8;19;30	89;48;152	sub-012_ses-103_task-s8;sub-012_ses-204_task-s8;sub-012_ses-302_task-s8	1198	8	89	sub-012	ses-103	task-s8	1;2;3	8;8;8
606	607	606	607	3	3	trialwise	893;2604;4486	893;2604;4486	6;17;28	100;43;157	sub-012_ses-102_task-s6;sub-012_ses-203_task-s6;sub-012_ses-302_task-s6	893	6	100	sub-012	ses-102	task-s6	1;2;3	6;6;6
607	608	607	608	3	3	trialwise	473;2176;3864	473;2176;3864	3;14;25	156;91;11	sub-012_ses-101_task-s3;sub-012_ses-201_task-s3;sub-012_ses-301_task-s3	473	3	156	sub-012	ses-101	task-s3	1;2;3	3;3;3
608	609	608	609	3	3	trialwise	691;2472;4184	691;2472;4184	5;16;27	56;69;13	sub-012_ses-102_task-s5;sub-012_ses-203_task-s5;sub-012_ses-301_task-s5	691	5	56	sub-012	ses-102	task-s5	1;2;3	5;5;5
609	610	609	610	3	3	trialwise	1241;2879;4684	1241;2879;4684	8;19;30	132;2;39	sub-012_ses-103_task-s8;sub-012_ses-204_task-s8;sub-012_ses-302_task-s8	1241	8	132	sub-012	ses-103	task-s8	1;2;3	8;8;8
610	611	610	611	3	3	trialwise	713;2550;4310	713;2550;4310	5;16;27	78;147;139	sub-012_ses-102_task-s5;sub-012_ses-203_task-s5;sub-012_ses-301_task-s5	713	5	78	sub-012	ses-102	task-s5	1;2;3	5;5;5
611	612	611	612	3	3	trialwise	584;2323;4078	584;2323;4078	4;15;26	108;79;66	sub-012_ses-102_task-s4;sub-012_ses-203_task-s4;sub-012_ses-301_task-s4	584	4	108	sub-012	ses-102	task-s4	1;2;3	4;4;4
612	613	612	613	3	3	trialwise	655;2468;4179	655;2468;4179	5;16;27	20;65;8	sub-012_ses-102_task-s5;sub-012_ses-203_task-s5;sub-012_ses-301_task-s5	655	5	20	sub-012	ses-102	task-s5	1;2;3	5;5;5
613	614	613	614	3	3	trialwise	304;2028;3809	304;2028;3809	2;13;24	146;102;115	sub-012_ses-101_task-s2;sub-012_ses-201_task-s2;sub-012_ses-301_task-s2	304	2	146	sub-012	ses-101	task-s2	1;2;3	2;2;2
614	615	614	615	3	3	trialwise	613;2261;4137	613;2261;4137	4;15;26	137;17;125	sub-012_ses-102_task-s4;sub-012_ses-203_task-s4;sub-012_ses-301_task-s4	613	4	137	sub-012	ses-102	task-s4	1;2;3	4;4;4
615	616	615	616	3	3	trialwise	955;2871;4532	955;2871;4532	7;18;29	4;152;45	sub-012_ses-102_task-s7;sub-012_ses-203_task-s7;sub-012_ses-302_task-s7	955	7	4	sub-012	ses-102	task-s7	1;2;3	7;7;7
616	617	616	617	3	3	trialwise	950;2692;4403	950;2692;4403	6;17;28	157;131;74	sub-012_ses-102_task-s6;sub-012_ses-203_task-s6;sub-012_ses-302_task-s6	950	6	157	sub-012	ses-102	task-s6	1;2;3	6;6;6
617	618	617	618	3	3	trialwise	629;2366;4097	629;2366;4097	4;15;26	153;122;85	sub-012_ses-102_task-s4;sub-012_ses-203_task-s4;sub-012_ses-301_task-s4	629	4	153	sub-012	ses-102	task-s4	1;2;3	4;4;4
618	619	618	619	3	3	trialwise	660;2548;4231	660;2548;4231	5;16;27	25;145;60	sub-012_ses-102_task-s5;sub-012_ses-203_task-s5;sub-012_ses-301_task-s5	660	5	25	sub-012	ses-102	task-s5	1;2;3	5;5;5
619	620	619	620	3	3	trialwise	563;2273;4023	563;2273;4023	4;15;26	87;29;11	sub-012_ses-102_task-s4;sub-012_ses-203_task-s4;sub-012_ses-301_task-s4	563	4	87	sub-012	ses-102	task-s4	1;2;3	4;4;4
620	621	620	621	3	3	trialwise	817;2673;4390	817;2673;4390	6;17;28	24;112;61	sub-012_ses-102_task-s6;sub-012_ses-203_task-s6;sub-012_ses-302_task-s6	817	6	24	sub-012	ses-102	task-s6	1;2;3	6;6;6
621	622	621	622	3	3	trialwise	1010;2757;4530	1010;2757;4530	7;18;29	59;38;43	sub-012_ses-102_task-s7;sub-012_ses-203_task-s7;sub-012_ses-302_task-s7	1010	7	59	sub-012	ses-102	task-s7	1;2;3	7;7;7
622	623	622	623	3	3	trialwise	653;2547;4260	653;2547;4260	5;16;27	18;144;89	sub-012_ses-102_task-s5;sub-012_ses-203_task-s5;sub-012_ses-301_task-s5	653	5	18	sub-012	ses-102	task-s5	1;2;3	5;5;5
623	624	623	624	3	3	trialwise	848;2709;4402	848;2709;4402	6;17;28	55;148;73	sub-012_ses-102_task-s6;sub-012_ses-203_task-s6;sub-012_ses-302_task-s6	848	6	55	sub-012	ses-102	task-s6	1;2;3	6;6;6
624	625	624	625	3	3	trialwise	1035;2851;4558	1035;2851;4558	7;18;29	84;132;71	sub-012_ses-102_task-s7;sub-012_ses-203_task-s7;sub-012_ses-302_task-s7	1035	7	84	sub-012	ses-102	task-s7	1;2;3	7;7;7
625	626	625	626	3	3	trialwise	905;2647;4472	905;2647;4472	6;17;28	112;86;143	sub-012_ses-102_task-s6;sub-012_ses-203_task-s6;sub-012_ses-302_task-s6	905	6	112	sub-012	ses-102	task-s6	1;2;3	6;6;6
626	627	626	627	3	3	trialwise	9;1822;3608	9;1822;3608	1;12;23	10;55;73	sub-012_ses-101_task-s1;sub-012_ses-201_task-s1;sub-012_ses-301_task-s1	9	1	10	sub-012	ses-101	task-s1	1;2;3	1;1;1
627	628	627	628	3	3	trialwise	668;2541;4232	668;2541;4232	5;16;27	33;138;61	sub-012_ses-102_task-s5;sub-012_ses-203_task-s5;sub-012_ses-301_task-s5	668	5	33	sub-012	ses-102	task-s5	1;2;3	5;5;5
628	629	628	629	3	3	trialwise	34;1889;3685	34;1889;3685	1;12;23	35;122;150	sub-012_ses-101_task-s1;sub-012_ses-201_task-s1;sub-012_ses-301_task-s1	34	1	35	sub-012	ses-101	task-s1	1;2;3	1;1;1
629	630	629	630	3	3	trialwise	889;2564;4364	889;2564;4364	6;17;28	96;3;35	sub-012_ses-102_task-s6;sub-012_ses-203_task-s6;sub-012_ses-302_task-s6	889	6	96	sub-012	ses-102	task-s6	1;2;3	6;6;6
630	631	630	631	3	3	trialwise	10;1800;3539	10;1800;3539	1;12;23	11;33;4	sub-012_ses-101_task-s1;sub-012_ses-201_task-s1;sub-012_ses-301_task-s1	10	1	11	sub-012	ses-101	task-s1	1;2;3	1;1;1
631	632	631	632	3	3	trialwise	95;1856;3564	95;1856;3564	1;12;23	96;89;29	sub-012_ses-101_task-s1;sub-012_ses-201_task-s1;sub-012_ses-301_task-s1	95	1	96	sub-012	ses-101	task-s1	1;2;3	1;1;1
632	633	632	633	3	3	trialwise	942;2670;4395	942;2670;4395	6;17;28	149;109;66	sub-012_ses-102_task-s6;sub-012_ses-203_task-s6;sub-012_ses-302_task-s6	942	6	149	sub-012	ses-102	task-s6	1;2;3	6;6;6
633	634	633	634	3	3	trialwise	401;2186;3982	401;2186;3982	3;14;25	84;101;129	sub-012_ses-101_task-s3;sub-012_ses-201_task-s3;sub-012_ses-301_task-s3	401	3	84	sub-012	ses-101	task-s3	1;2;3	3;3;3
634	635	634	635	3	3	trialwise	921;2634;4479	921;2634;4479	6;17;28	128;73;150	sub-012_ses-102_task-s6;sub-012_ses-203_task-s6;sub-012_ses-302_task-s6	921	6	128	sub-012	ses-102	task-s6	1;2;3	6;6;6
635	636	635	636	3	3	trialwise	412;2095;3955	412;2095;3955	3;14;25	95;10;102	sub-012_ses-101_task-s3;sub-012_ses-201_task-s3;sub-012_ses-301_task-s3	412	3	95	sub-012	ses-101	task-s3	1;2;3	3;3;3
636	637	636	637	3	3	trialwise	1188;2878;4686	1188;2878;4686	8;19;30	79;1;41	sub-012_ses-103_task-s8;sub-012_ses-204_task-s8;sub-012_ses-302_task-s8	1188	8	79	sub-012	ses-103	task-s8	1;2;3	8;8;8
637	638	637	638	3	3	trialwise	385;2164;3923	385;2164;3923	3;14;25	68;79;70	sub-012_ses-101_task-s3;sub-012_ses-201_task-s3;sub-012_ses-301_task-s3	385	3	68	sub-012	ses-101	task-s3	1;2;3	3;3;3
638	639	638	639	3	3	trialwise	894;2659;4434	894;2659;4434	6;17;28	101;98;105	sub-012_ses-102_task-s6;sub-012_ses-203_task-s6;sub-012_ses-302_task-s6	894	6	101	sub-012	ses-102	task-s6	1;2;3	6;6;6
639	640	639	640	3	3	trialwise	1012;2780;4521	1012;2780;4521	7;18;29	61;61;34	sub-012_ses-102_task-s7;sub-012_ses-203_task-s7;sub-012_ses-302_task-s7	1012	7	61	sub-012	ses-102	task-s7	1;2;3	7;7;7
640	641	640	641	3	3	trialwise	739;2488;4177	739;2488;4177	5;16;27	104;85;6	sub-012_ses-102_task-s5;sub-012_ses-203_task-s5;sub-012_ses-301_task-s5	739	5	104	sub-012	ses-102	task-s5	1;2;3	5;5;5
641	642	641	642	3	3	trialwise	498;2248;4085	498;2248;4085	4;15;26	22;4;73	sub-012_ses-102_task-s4;sub-012_ses-203_task-s4;sub-012_ses-301_task-s4	498	4	22	sub-012	ses-102	task-s4	1;2;3	4;4;4
642	643	642	643	3	3	trialwise	147;1840;3624	147;1840;3624	1;12;23	148;73;89	sub-012_ses-101_task-s1;sub-012_ses-201_task-s1;sub-012_ses-301_task-s1	147	1	148	sub-012	ses-101	task-s1	1;2;3	1;1;1
643	644	643	644	3	3	trialwise	1033;2723;4550	1033;2723;4550	7;18;29	82;4;63	sub-012_ses-102_task-s7;sub-012_ses-203_task-s7;sub-012_ses-302_task-s7	1033	7	82	sub-012	ses-102	task-s7	1;2;3	7;7;7
644	645	644	645	3	3	trialwise	415;2201;3912	415;2201;3912	3;14;25	98;116;59	sub-012_ses-101_task-s3;sub-012_ses-201_task-s3;sub-012_ses-301_task-s3	415	3	98	sub-012	ses-101	task-s3	1;2;3	3;3;3
645	646	645	646	3	3	trialwise	87;1796;3553	87;1796;3553	1;12;23	88;29;18	sub-012_ses-101_task-s1;sub-012_ses-201_task-s1;sub-012_ses-301_task-s1	87	1	88	sub-012	ses-101	task-s1	1;2;3	1;1;1
646	647	646	647	3	3	trialwise	1240;3007;4802	1240;3007;4802	8;19;30	131;130;157	sub-012_ses-103_task-s8;sub-012_ses-204_task-s8;sub-012_ses-302_task-s8	1240	8	131	sub-012	ses-103	task-s8	1;2;3	8;8;8
647	648	647	648	3	3	trialwise	404;2170;3854	404;2170;3854	3;14;25	87;85;1	sub-012_ses-101_task-s3;sub-012_ses-201_task-s3;sub-012_ses-301_task-s3	404	3	87	sub-012	ses-101	task-s3	1;2;3	3;3;3
648	649	648	649	3	3	trialwise	1073;2799;4516	1073;2799;4516	7;18;29	122;80;29	sub-012_ses-102_task-s7;sub-012_ses-203_task-s7;sub-012_ses-302_task-s7	1073	7	122	sub-012	ses-102	task-s7	1;2;3	7;7;7
649	650	649	650	3	3	trialwise	866;2718;4398	866;2718;4398	6;17;28	73;157;69	sub-012_ses-102_task-s6;sub-012_ses-203_task-s6;sub-012_ses-302_task-s6	866	6	73	sub-012	ses-102	task-s6	1;2;3	6;6;6
650	651	650	651	3	3	trialwise	397;2125;3947	397;2125;3947	3;14;25	80;40;94	sub-012_ses-101_task-s3;sub-012_ses-201_task-s3;sub-012_ses-301_task-s3	397	3	80	sub-012	ses-101	task-s3	1;2;3	3;3;3
651	652	651	652	3	3	trialwise	865;2655;4458	865;2655;4458	6;17;28	72;94;129	sub-012_ses-102_task-s6;sub-012_ses-203_task-s6;sub-012_ses-302_task-s6	865	6	72	sub-012	ses-102	task-s6	1;2;3	6;6;6
652	653	652	653	3	3	trialwise	1171;2995;4745	1171;2995;4745	8;19;30	62;118;100	sub-012_ses-103_task-s8;sub-012_ses-204_task-s8;sub-012_ses-302_task-s8	1171	8	62	sub-012	ses-103	task-s8	1;2;3	8;8;8
653	654	653	654	3	3	trialwise	467;2208;3930	467;2208;3930	3;14;25	150;123;77	sub-012_ses-101_task-s3;sub-012_ses-201_task-s3;sub-012_ses-301_task-s3	467	3	150	sub-012	ses-101	task-s3	1;2;3	3;3;3
654	655	654	655	3	3	trialwise	1183;2901;4657	1183;2901;4657	8;19;30	74;24;12	sub-012_ses-103_task-s8;sub-012_ses-204_task-s8;sub-012_ses-302_task-s8	1183	8	74	sub-012	ses-103	task-s8	1;2;3	8;8;8
655	656	655	656	3	3	trialwise	242;1991;3722	242;1991;3722	2;13;24	84;65;28	sub-012_ses-101_task-s2;sub-012_ses-201_task-s2;sub-012_ses-301_task-s2	242	2	84	sub-012	ses-101	task-s2	1;2;3	2;2;2
656	657	656	657	3	3	trialwise	1024;2755;4617	1024;2755;4617	7;18;29	73;36;130	sub-012_ses-102_task-s7;sub-012_ses-203_task-s7;sub-012_ses-302_task-s7	1024	7	73	sub-012	ses-102	task-s7	1;2;3	7;7;7
657	658	657	658	3	3	trialwise	1032;2853;4576	1032;2853;4576	7;18;29	81;134;89	sub-012_ses-102_task-s7;sub-012_ses-203_task-s7;sub-012_ses-302_task-s7	1032	7	81	sub-012	ses-102	task-s7	1;2;3	7;7;7
658	659	658	659	3	3	trialwise	447;2222;3985	447;2222;3985	3;14;25	130;137;132	sub-012_ses-101_task-s3;sub-012_ses-201_task-s3;sub-012_ses-301_task-s3	447	3	130	sub-012	ses-101	task-s3	1;2;3	3;3;3
659	660	659	660	3	3	trialwise	733;2535;4248	733;2535;4248	5;16;27	98;132;77	sub-012_ses-102_task-s5;sub-012_ses-203_task-s5;sub-012_ses-301_task-s5	733	5	98	sub-012	ses-102	task-s5	1;2;3	5;5;5
660	661	660	661	3	3	trialwise	246;1959;3772	246;1959;3772	2;13;24	88;33;78	sub-012_ses-101_task-s2;sub-012_ses-201_task-s2;sub-012_ses-301_task-s2	246	2	88	sub-012	ses-101	task-s2	1;2;3	2;2;2
661	662	661	662	3	3	trialwise	815;2630;4350	815;2630;4350	6;17;28	22;69;21	sub-012_ses-102_task-s6;sub-012_ses-203_task-s6;sub-012_ses-302_task-s6	815	6	22	sub-012	ses-102	task-s6	1;2;3	6;6;6
662	663	662	663	3	3	trialwise	15;1898;3611	15;1898;3611	1;12;23	16;131;76	sub-012_ses-101_task-s1;sub-012_ses-201_task-s1;sub-012_ses-301_task-s1	15	1	16	sub-012	ses-101	task-s1	1;2;3	1;1;1
663	664	663	664	3	3	trialwise	671;2543;4227	671;2543;4227	5;16;27	36;140;56	sub-012_ses-102_task-s5;sub-012_ses-203_task-s5;sub-012_ses-301_task-s5	671	5	36	sub-012	ses-102	task-s5	1;2;3	5;5;5
664	665	664	665	3	3	trialwise	909;2570;4374	909;2570;4374	6;17;28	116;9;45	sub-012_ses-102_task-s6;sub-012_ses-203_task-s6;sub-012_ses-302_task-s6	909	6	116	sub-012	ses-102	task-s6	1;2;3	6;6;6
665	666	665	666	3	3	trialwise	502;2361;4027	502;2361;4027	4;15;26	26;117;15	sub-012_ses-102_task-s4;sub-012_ses-203_task-s4;sub-012_ses-301_task-s4	502	4	26	sub-012	ses-102	task-s4	1;2;3	4;4;4
666	667	666	667	3	3	trialwise	670;2422;4317	670;2422;4317	5;16;27	35;19;146	sub-012_ses-102_task-s5;sub-012_ses-203_task-s5;sub-012_ses-301_task-s5	670	5	35	sub-012	ses-102	task-s5	1;2;3	5;5;5
667	668	667	668	3	3	trialwise	521;2260;4140	521;2260;4140	4;15;26	45;16;128	sub-012_ses-102_task-s4;sub-012_ses-203_task-s4;sub-012_ses-301_task-s4	521	4	45	sub-012	ses-102	task-s4	1;2;3	4;4;4
668	669	668	669	3	3	trialwise	303;1948;3811	303;1948;3811	2;13;24	145;22;117	sub-012_ses-101_task-s2;sub-012_ses-201_task-s2;sub-012_ses-301_task-s2	303	2	145	sub-012	ses-101	task-s2	1;2;3	2;2;2
669	670	669	670	3	3	trialwise	1077;2729;4501	1077;2729;4501	7;18;29	126;10;14	sub-012_ses-102_task-s7;sub-012_ses-203_task-s7;sub-012_ses-302_task-s7	1077	7	126	sub-012	ses-102	task-s7	1;2;3	7;7;7
670	671	670	671	3	3	trialwise	608;2388;4131	608;2388;4131	4;15;26	132;144;119	sub-012_ses-102_task-s4;sub-012_ses-203_task-s4;sub-012_ses-301_task-s4	608	4	132	sub-012	ses-102	task-s4	1;2;3	4;4;4
671	672	671	672	3	3	trialwise	842;2622;4366	842;2622;4366	6;17;28	49;61;37	sub-012_ses-102_task-s6;sub-012_ses-203_task-s6;sub-012_ses-302_task-s6	842	6	49	sub-012	ses-102	task-s6	1;2;3	6;6;6
672	673	672	673	3	3	trialwise	981;2841;4565	981;2841;4565	7;18;29	30;122;78	sub-012_ses-102_task-s7;sub-012_ses-203_task-s7;sub-012_ses-302_task-s7	981	7	30	sub-012	ses-102	task-s7	1;2;3	7;7;7
673	674	673	674	3	3	trialwise	29;1904;3689	29;1904;3689	1;12;23	30;137;154	sub-012_ses-101_task-s1;sub-012_ses-201_task-s1;sub-012_ses-301_task-s1	29	1	30	sub-012	ses-101	task-s1	1;2;3	1;1;1
674	675	674	675	3	3	trialwise	971;2850;4522	971;2850;4522	7;18;29	20;131;35	sub-012_ses-102_task-s7;sub-012_ses-203_task-s7;sub-012_ses-302_task-s7	971	7	20	sub-012	ses-102	task-s7	1;2;3	7;7;7
675	676	675	676	3	3	trialwise	145;1861;3674	145;1861;3674	1;12;23	146;94;139	sub-012_ses-101_task-s1;sub-012_ses-201_task-s1;sub-012_ses-301_task-s1	145	1	146	sub-012	ses-101	task-s1	1;2;3	1;1;1
676	677	676	677	3	3	trialwise	79;1769;3596	79;1769;3596	1;12;23	80;2;61	sub-012_ses-101_task-s1;sub-012_ses-201_task-s1;sub-012_ses-301_task-s1	79	1	80	sub-012	ses-101	task-s1	1;2;3	1;1;1
677	678	677	678	3	3	trialwise	1230;3022;4725	1230;3022;4725	8;19;30	121;145;80	sub-012_ses-103_task-s8;sub-012_ses-204_task-s8;sub-012_ses-302_task-s8	1230	8	121	sub-012	ses-103	task-s8	1;2;3	8;8;8
678	679	678	679	3	3	trialwise	519;2359;4072	519;2359;4072	4;15;26	43;115;60	sub-012_ses-102_task-s4;sub-012_ses-203_task-s4;sub-012_ses-301_task-s4	519	4	43	sub-012	ses-102	task-s4	1;2;3	4;4;4
679	680	679	680	3	3	trialwise	289;2054;3707	289;2054;3707	2;13;24	131;128;13	sub-012_ses-101_task-s2;sub-012_ses-201_task-s2;sub-012_ses-301_task-s2	289	2	131	sub-012	ses-101	task-s2	1;2;3	2;2;2
680	681	680	681	3	3	trialwise	885;2654;4339	885;2654;4339	6;17;28	92;93;10	sub-012_ses-102_task-s6;sub-012_ses-203_task-s6;sub-012_ses-302_task-s6	885	6	92	sub-012	ses-102	task-s6	1;2;3	6;6;6
681	682	681	682	3	3	trialwise	149;1869;3664	149;1869;3664	1;12;23	150;102;129	sub-012_ses-101_task-s1;sub-012_ses-201_task-s1;sub-012_ses-301_task-s1	149	1	150	sub-012	ses-101	task-s1	1;2;3	1;1;1
682	683	682	683	3	3	trialwise	390;2188;3919	390;2188;3919	3;14;25	73;103;66	sub-012_ses-101_task-s3;sub-012_ses-201_task-s3;sub-012_ses-301_task-s3	390	3	73	sub-012	ses-101	task-s3	1;2;3	3;3;3
683	684	683	684	3	3	trialwise	749;2442;4189	749;2442;4189	5;16;27	114;39;18	sub-012_ses-102_task-s5;sub-012_ses-203_task-s5;sub-012_ses-301_task-s5	749	5	114	sub-012	ses-102	task-s5	1;2;3	5;5;5
684	685	684	685	3	3	trialwise	946;2633;4470	946;2633;4470	6;17;28	153;72;141	sub-012_ses-102_task-s6;sub-012_ses-203_task-s6;sub-012_ses-302_task-s6	946	6	153	sub-012	ses-102	task-s6	1;2;3	6;6;6
685	686	685	686	3	3	trialwise	602;2259;4036	602;2259;4036	4;15;26	126;15;24	sub-012_ses-102_task-s4;sub-012_ses-203_task-s4;sub-012_ses-301_task-s4	602	4	126	sub-012	ses-102	task-s4	1;2;3	4;4;4
686	687	686	687	3	3	trialwise	1053;2855;4627	1053;2855;4627	7;18;29	102;136;140	sub-012_ses-102_task-s7;sub-012_ses-203_task-s7;sub-012_ses-302_task-s7	1053	7	102	sub-012	ses-102	task-s7	1;2;3	7;7;7
687	688	687	688	3	3	trialwise	517;2367;4096	517;2367;4096	4;15;26	41;123;84	sub-012_ses-102_task-s4;sub-012_ses-203_task-s4;sub-012_ses-301_task-s4	517	4	41	sub-012	ses-102	task-s4	1;2;3	4;4;4
688	689	688	689	3	3	trialwise	334;2135;3978	334;2135;3978	3;14;25	17;50;125	sub-012_ses-101_task-s3;sub-012_ses-201_task-s3;sub-012_ses-301_task-s3	334	3	17	sub-012	ses-101	task-s3	1;2;3	3;3;3
689	690	689	690	3	3	trialwise	1179;3018;4649	1179;3018;4649	8;19;30	70;141;4	sub-012_ses-103_task-s8;sub-012_ses-204_task-s8;sub-012_ses-302_task-s8	1179	8	70	sub-012	ses-103	task-s8	1;2;3	8;8;8
690	691	690	691	3	3	trialwise	679;2419;4261	679;2419;4261	5;16;27	44;16;90	sub-012_ses-102_task-s5;sub-012_ses-203_task-s5;sub-012_ses-301_task-s5	679	5	44	sub-012	ses-102	task-s5	1;2;3	5;5;5
691	692	691	692	3	3	trialwise	786;2427;4215	786;2427;4215	5;16;27	151;24;44	sub-012_ses-102_task-s5;sub-012_ses-203_task-s5;sub-012_ses-301_task-s5	786	5	151	sub-012	ses-102	task-s5	1;2;3	5;5;5
692	693	692	693	3	3	trialwise	89;1848;3577	89;1848;3577	1;12;23	90;81;42	sub-012_ses-101_task-s1;sub-012_ses-201_task-s1;sub-012_ses-301_task-s1	89	1	90	sub-012	ses-101	task-s1	1;2;3	1;1;1
693	694	693	694	3	3	trialwise	175;1952;3801	175;1952;3801	2;13;24	17;26;107	sub-012_ses-101_task-s2;sub-012_ses-201_task-s2;sub-012_ses-301_task-s2	175	2	17	sub-012	ses-101	task-s2	1;2;3	2;2;2
694	695	694	695	3	3	trialwise	726;2425;4193	726;2425;4193	5;16;27	91;22;22	sub-012_ses-102_task-s5;sub-012_ses-203_task-s5;sub-012_ses-301_task-s5	726	5	91	sub-012	ses-102	task-s5	1;2;3	5;5;5
695	696	695	696	3	3	trialwise	1006;2733;4511	1006;2733;4511	7;18;29	55;14;24	sub-012_ses-102_task-s7;sub-012_ses-203_task-s7;sub-012_ses-302_task-s7	1006	7	55	sub-012	ses-102	task-s7	1;2;3	7;7;7
696	697	696	697	3	3	trialwise	194;1938;3728	194;1938;3728	2;13;24	36;12;34	sub-012_ses-101_task-s2;sub-012_ses-201_task-s2;sub-012_ses-301_task-s2	194	2	36	sub-012	ses-101	task-s2	1;2;3	2;2;2
697	698	697	698	3	3	trialwise	857;2606;4440	857;2606;4440	6;17;28	64;45;111	sub-012_ses-102_task-s6;sub-012_ses-203_task-s6;sub-012_ses-302_task-s6	857	6	64	sub-012	ses-102	task-s6	1;2;3	6;6;6
698	699	698	699	3	3	trialwise	931;2639;4392	931;2639;4392	6;17;28	138;78;63	sub-012_ses-102_task-s6;sub-012_ses-203_task-s6;sub-012_ses-302_task-s6	931	6	138	sub-012	ses-102	task-s6	1;2;3	6;6;6
699	700	699	700	3	3	trialwise	1028;2770;4626	1028;2770;4626	7;18;29	77;51;139	sub-012_ses-102_task-s7;sub-012_ses-203_task-s7;sub-012_ses-302_task-s7	1028	7	77	sub-012	ses-102	task-s7	1;2;3	7;7;7
700	701	700	701	3	3	trialwise	622;2279;4076	622;2279;4076	4;15;26	146;35;64	sub-012_ses-102_task-s4;sub-012_ses-203_task-s4;sub-012_ses-301_task-s4	622	4	146	sub-012	ses-102	task-s4	1;2;3	4;4;4
701	702	701	702	3	3	trialwise	1011;2874;4519	1011;2874;4519	7;18;29	60;155;32	sub-012_ses-102_task-s7;sub-012_ses-203_task-s7;sub-012_ses-302_task-s7	1011	7	60	sub-012	ses-102	task-s7	1;2;3	7;7;7
702	703	702	703	3	3	trialwise	1259;2924;4726	1259;2924;4726	8;19;30	150;47;81	sub-012_ses-103_task-s8;sub-012_ses-204_task-s8;sub-012_ses-302_task-s8	1259	8	150	sub-012	ses-103	task-s8	1;2;3	8;8;8
703	704	703	704	3	3	trialwise	983;2854;4623	983;2854;4623	7;18;29	32;135;136	sub-012_ses-102_task-s7;sub-012_ses-203_task-s7;sub-012_ses-302_task-s7	983	7	32	sub-012	ses-102	task-s7	1;2;3	7;7;7
704	705	704	705	3	3	trialwise	155;1775;3609	155;1775;3609	1;12;23	156;8;74	sub-012_ses-101_task-s1;sub-012_ses-201_task-s1;sub-012_ses-301_task-s1	155	1	156	sub-012	ses-101	task-s1	1;2;3	1;1;1
705	706	705	706	3	3	trialwise	908;2683;4419	908;2683;4419	6;17;28	115;122;90	sub-012_ses-102_task-s6;sub-012_ses-203_task-s6;sub-012_ses-302_task-s6	908	6	115	sub-012	ses-102	task-s6	1;2;3	6;6;6
706	707	706	707	3	3	trialwise	534;2351;4105	534;2351;4105	4;15;26	58;107;93	sub-012_ses-102_task-s4;sub-012_ses-203_task-s4;sub-012_ses-301_task-s4	534	4	58	sub-012	ses-102	task-s4	1;2;3	4;4;4
707	708	707	708	3	3	trialwise	170;1972;3814	170;1972;3814	2;13;24	12;46;120	sub-012_ses-101_task-s2;sub-012_ses-201_task-s2;sub-012_ses-301_task-s2	170	2	12	sub-012	ses-101	task-s2	1;2;3	2;2;2
708	709	708	709	3	3	trialwise	871;2573;4477	871;2573;4477	6;17;28	78;12;148	sub-012_ses-102_task-s6;sub-012_ses-203_task-s6;sub-012_ses-302_task-s6	871	6	78	sub-012	ses-102	task-s6	1;2;3	6;6;6
709	710	709	710	3	3	trialwise	704;2559;4308	704;2559;4308	5;16;27	69;156;137	sub-012_ses-102_task-s5;sub-012_ses-203_task-s5;sub-012_ses-301_task-s5	704	5	69	sub-012	ses-102	task-s5	1;2;3	5;5;5
710	711	710	711	3	3	trialwise	329;2196;3931	329;2196;3931	3;14;25	12;111;78	sub-012_ses-101_task-s3;sub-012_ses-201_task-s3;sub-012_ses-301_task-s3	329	3	12	sub-012	ses-101	task-s3	1;2;3	3;3;3
711	712	711	712	3	3	trialwise	970;2721;4542	970;2721;4542	7;18;29	19;2;55	sub-012_ses-102_task-s7;sub-012_ses-203_task-s7;sub-012_ses-302_task-s7	970	7	19	sub-012	ses-102	task-s7	1;2;3	7;7;7
712	713	712	713	3	3	trialwise	1152;2933;4727	1152;2933;4727	8;19;30	43;56;82	sub-012_ses-103_task-s8;sub-012_ses-204_task-s8;sub-012_ses-302_task-s8	1152	8	43	sub-012	ses-103	task-s8	1;2;3	8;8;8
713	714	713	714	3	3	trialwise	512;2287;4122	512;2287;4122	4;15;26	36;43;110	sub-012_ses-102_task-s4;sub-012_ses-203_task-s4;sub-012_ses-301_task-s4	512	4	36	sub-012	ses-102	task-s4	1;2;3	4;4;4
714	715	714	715	3	3	trialwise	31;1871;3627	31;1871;3627	1;12;23	32;104;92	sub-012_ses-101_task-s1;sub-012_ses-201_task-s1;sub-012_ses-301_task-s1	31	1	32	sub-012	ses-101	task-s1	1;2;3	1;1;1
715	716	715	716	3	3	trialwise	343;2157;3922	343;2157;3922	3;14;25	26;72;69	sub-012_ses-101_task-s3;sub-012_ses-201_task-s3;sub-012_ses-301_task-s3	343	3	26	sub-012	ses-101	task-s3	1;2;3	3;3;3
716	717	716	717	3	3	trialwise	518;2356;4017	518;2356;4017	4;15;26	42;112;5	sub-012_ses-102_task-s4;sub-012_ses-203_task-s4;sub-012_ses-301_task-s4	518	4	42	sub-012	ses-102	task-s4	1;2;3	4;4;4
717	718	717	718	3	3	trialwise	949;2700;4387	949;2700;4387	6;17;28	156;139;58	sub-012_ses-102_task-s6;sub-012_ses-203_task-s6;sub-012_ses-302_task-s6	949	6	156	sub-012	ses-102	task-s6	1;2;3	6;6;6
718	719	718	719	3	3	trialwise	290;2015;3833	290;2015;3833	2;13;24	132;89;139	sub-012_ses-101_task-s2;sub-012_ses-201_task-s2;sub-012_ses-301_task-s2	290	2	132	sub-012	ses-101	task-s2	1;2;3	2;2;2
719	720	719	720	3	3	trialwise	1262;2978;4710	1262;2978;4710	8;19;30	153;101;65	sub-012_ses-103_task-s8;sub-012_ses-204_task-s8;sub-012_ses-302_task-s8	1262	8	153	sub-012	ses-103	task-s8	1;2;3	8;8;8
720	721	720	721	3	3	trialwise	572;2372;4090	572;2372;4090	4;15;26	96;128;78	sub-012_ses-102_task-s4;sub-012_ses-203_task-s4;sub-012_ses-301_task-s4	572	4	96	sub-012	ses-102	task-s4	1;2;3	4;4;4
721	722	721	722	3	3	trialwise	48;1883;3606	48;1883;3606	1;12;23	49;116;71	sub-012_ses-101_task-s1;sub-012_ses-201_task-s1;sub-012_ses-301_task-s1	48	1	49	sub-012	ses-101	task-s1	1;2;3	1;1;1
722	723	722	723	3	3	trialwise	900;2605;4353	900;2605;4353	6;17;28	107;44;24	sub-012_ses-102_task-s6;sub-012_ses-203_task-s6;sub-012_ses-302_task-s6	900	6	107	sub-012	ses-102	task-s6	1;2;3	6;6;6
723	724	723	724	3	3	trialwise	1027;2833;4551	1027;2833;4551	7;18;29	76;114;64	sub-012_ses-102_task-s7;sub-012_ses-203_task-s7;sub-012_ses-302_task-s7	1027	7	76	sub-012	ses-102	task-s7	1;2;3	7;7;7
724	725	724	725	3	3	trialwise	551;2395;4117	551;2395;4117	4;15;26	75;151;105	sub-012_ses-102_task-s4;sub-012_ses-203_task-s4;sub-012_ses-301_task-s4	551	4	75	sub-012	ses-102	task-s4	1;2;3	4;4;4
725	726	725	726	3	3	trialwise	840;2680;4396	840;2680;4396	6;17;28	47;119;67	sub-012_ses-102_task-s6;sub-012_ses-203_task-s6;sub-012_ses-302_task-s6	840	6	47	sub-012	ses-102	task-s6	1;2;3	6;6;6
726	727	726	727	3	3	trialwise	736;2534;4302	736;2534;4302	5;16;27	101;131;131	sub-012_ses-102_task-s5;sub-012_ses-203_task-s5;sub-012_ses-301_task-s5	736	5	101	sub-012	ses-102	task-s5	1;2;3	5;5;5
727	728	727	728	3	3	trialwise	1039;2815;4572	1039;2815;4572	7;18;29	88;96;85	sub-012_ses-102_task-s7;sub-012_ses-203_task-s7;sub-012_ses-302_task-s7	1039	7	88	sub-012	ses-102	task-s7	1;2;3	7;7;7
728	729	728	729	3	3	trialwise	1166;2902;4675	1166;2902;4675	8;19;30	57;25;30	sub-012_ses-103_task-s8;sub-012_ses-204_task-s8;sub-012_ses-302_task-s8	1166	8	57	sub-012	ses-103	task-s8	1;2;3	8;8;8
729	730	729	730	3	3	trialwise	76;1824;3638	76;1824;3638	1;12;23	77;57;103	sub-012_ses-101_task-s1;sub-012_ses-201_task-s1;sub-012_ses-301_task-s1	76	1	77	sub-012	ses-101	task-s1	1;2;3	1;1;1
730	731	730	731	3	3	trialwise	997;2750;4644	997;2750;4644	7;18;29	46;31;157	sub-012_ses-102_task-s7;sub-012_ses-203_task-s7;sub-012_ses-302_task-s7	997	7	46	sub-012	ses-102	task-s7	1;2;3	7;7;7
731	732	731	732	3	3	trialwise	536;2394;4154	536;2394;4154	4;15;26	60;150;142	sub-012_ses-102_task-s4;sub-012_ses-203_task-s4;sub-012_ses-301_task-s4	536	4	60	sub-012	ses-102	task-s4	1;2;3	4;4;4
732	733	732	733	3	3	trialwise	607;2278;4091	607;2278;4091	4;15;26	131;34;79	sub-012_ses-102_task-s4;sub-012_ses-203_task-s4;sub-012_ses-301_task-s4	607	4	131	sub-012	ses-102	task-s4	1;2;3	4;4;4
733	734	733	734	3	3	trialwise	362;2096;4009	362;2096;4009	3;14;25	45;11;156	sub-012_ses-101_task-s3;sub-012_ses-201_task-s3;sub-012_ses-301_task-s3	362	3	45	sub-012	ses-101	task-s3	1;2;3	3;3;3
734	735	734	735	3	3	trialwise	673;2423;4222	673;2423;4222	5;16;27	38;20;51	sub-012_ses-102_task-s5;sub-012_ses-203_task-s5;sub-012_ses-301_task-s5	673	5	38	sub-012	ses-102	task-s5	1;2;3	5;5;5
735	736	735	736	3	3	trialwise	1239;3031;4717	1239;3031;4717	8;19;30	130;154;72	sub-012_ses-103_task-s8;sub-012_ses-204_task-s8;sub-012_ses-302_task-s8	1239	8	130	sub-012	ses-103	task-s8	1;2;3	8;8;8
736	737	736	737	3	3	trialwise	168;2040;3852	168;2040;3852	2;13;24	10;114;158	sub-012_ses-101_task-s2;sub-012_ses-201_task-s2;sub-012_ses-301_task-s2	168	2	10	sub-012	ses-101	task-s2	1;2;3	2;2;2
737	738	737	738	3	3	trialwise	861;2614;4336	861;2614;4336	6;17;28	68;53;7	sub-012_ses-102_task-s6;sub-012_ses-203_task-s6;sub-012_ses-302_task-s6	861	6	68	sub-012	ses-102	task-s6	1;2;3	6;6;6
738	739	738	739	3	3	trialwise	419;2190;3972	419;2190;3972	3;14;25	102;105;119	sub-012_ses-101_task-s3;sub-012_ses-201_task-s3;sub-012_ses-301_task-s3	419	3	102	sub-012	ses-101	task-s3	1;2;3	3;3;3
739	740	739	740	3	3	trialwise	1248;2946;4691	1248;2946;4691	8;19;30	139;69;46	sub-012_ses-103_task-s8;sub-012_ses-204_task-s8;sub-012_ses-302_task-s8	1248	8	139	sub-012	ses-103	task-s8	1;2;3	8;8;8
740	741	740	741	3	3	trialwise	51;1882;3616	51;1882;3616	1;12;23	52;115;81	sub-012_ses-101_task-s1;sub-012_ses-201_task-s1;sub-012_ses-301_task-s1	51	1	52	sub-012	ses-101	task-s1	1;2;3	1;1;1
741	742	741	742	3	3	trialwise	88;1799;3620	88;1799;3620	1;12;23	89;32;85	sub-012_ses-101_task-s1;sub-012_ses-201_task-s1;sub-012_ses-301_task-s1	88	1	89	sub-012	ses-101	task-s1	1;2;3	1;1;1
742	743	742	743	3	3	trialwise	839;2597;4429	839;2597;4429	6;17;28	46;36;100	sub-012_ses-102_task-s6;sub-012_ses-203_task-s6;sub-012_ses-302_task-s6	839	6	46	sub-012	ses-102	task-s6	1;2;3	6;6;6
743	744	743	744	3	3	trialwise	569;2340;4065	569;2340;4065	4;15;26	93;96;53	sub-012_ses-102_task-s4;sub-012_ses-203_task-s4;sub-012_ses-301_task-s4	569	4	93	sub-012	ses-102	task-s4	1;2;3	4;4;4
744	745	744	745	3	3	trialwise	1209;2896;4761	1209;2896;4761	8;19;30	100;19;116	sub-012_ses-103_task-s8;sub-012_ses-204_task-s8;sub-012_ses-302_task-s8	1209	8	100	sub-012	ses-103	task-s8	1;2;3	8;8;8
745	746	745	746	3	3	trialwise	256;2043;3847	256;2043;3847	2;13;24	98;117;153	sub-012_ses-101_task-s2;sub-012_ses-201_task-s2;sub-012_ses-301_task-s2	256	2	98	sub-012	ses-101	task-s2	1;2;3	2;2;2
746	747	746	747	3	3	trialwise	779;2467;4214	779;2467;4214	5;16;27	144;64;43	sub-012_ses-102_task-s5;sub-012_ses-203_task-s5;sub-012_ses-301_task-s5	779	5	144	sub-012	ses-102	task-s5	1;2;3	5;5;5
747	748	747	748	3	3	trialwise	67;1844;3549	67;1844;3549	1;12;23	68;77;14	sub-012_ses-101_task-s1;sub-012_ses-201_task-s1;sub-012_ses-301_task-s1	67	1	68	sub-012	ses-101	task-s1	1;2;3	1;1;1
748	749	748	749	3	3	trialwise	72;1792;3574	72;1792;3574	1;12;23	73;25;39	sub-012_ses-101_task-s1;sub-012_ses-201_task-s1;sub-012_ses-301_task-s1	72	1	73	sub-012	ses-101	task-s1	1;2;3	1;1;1
749	750	749	750	3	3	trialwise	396;2102;3892	396;2102;3892	3;14;25	79;17;39	sub-012_ses-101_task-s3;sub-012_ses-201_task-s3;sub-012_ses-301_task-s3	396	3	79	sub-012	ses-101	task-s3	1;2;3	3;3;3
750	751	750	751	3	3	trialwise	860;2632;4362	860;2632;4362	6;17;28	67;71;33	sub-012_ses-102_task-s6;sub-012_ses-203_task-s6;sub-012_ses-302_task-s6	860	6	67	sub-012	ses-102	task-s6	1;2;3	6;6;6
751	752	751	752	3	3	trialwise	71;1879;3661	71;1879;3661	1;12;23	72;112;126	sub-012_ses-101_task-s1;sub-012_ses-201_task-s1;sub-012_ses-301_task-s1	71	1	72	sub-012	ses-101	task-s1	1;2;3	1;1;1
752	753	752	753	3	3	trialwise	1021;2877;4494	1021;2877;4494	7;18;29	70;158;7	sub-012_ses-102_task-s7;sub-012_ses-203_task-s7;sub-012_ses-302_task-s7	1021	7	70	sub-012	ses-102	task-s7	1;2;3	7;7;7
753	754	753	754	3	3	trialwise	268;2033;3779	268;2033;3779	2;13;24	110;107;85	sub-012_ses-101_task-s2;sub-012_ses-201_task-s2;sub-012_ses-301_task-s2	268	2	110	sub-012	ses-101	task-s2	1;2;3	2;2;2
754	755	754	755	3	3	trialwise	409;2184;3956	409;2184;3956	3;14;25	92;99;103	sub-012_ses-101_task-s3;sub-012_ses-201_task-s3;sub-012_ses-301_task-s3	409	3	92	sub-012	ses-101	task-s3	1;2;3	3;3;3
755	756	755	756	3	3	trialwise	247;1987;3834	247;1987;3834	2;13;24	89;61;140	sub-012_ses-101_task-s2;sub-012_ses-201_task-s2;sub-012_ses-301_task-s2	247	2	89	sub-012	ses-101	task-s2	1;2;3	2;2;2
756	757	756	757	3	3	trialwise	903;2625;4433	903;2625;4433	6;17;28	110;64;104	sub-012_ses-102_task-s6;sub-012_ses-203_task-s6;sub-012_ses-302_task-s6	903	6	110	sub-012	ses-102	task-s6	1;2;3	6;6;6
757	758	757	758	3	3	trialwise	711;2497;4199	711;2497;4199	5;16;27	76;94;28	sub-012_ses-102_task-s5;sub-012_ses-203_task-s5;sub-012_ses-301_task-s5	711	5	76	sub-012	ses-102	task-s5	1;2;3	5;5;5
758	759	758	759	3	3	trialwise	833;2635;4416	833;2635;4416	6;17;28	40;74;87	sub-012_ses-102_task-s6;sub-012_ses-203_task-s6;sub-012_ses-302_task-s6	833	6	40	sub-012	ses-102	task-s6	1;2;3	6;6;6
759	760	759	760	3	3	trialwise	466;2116;3870	466;2116;3870	3;14;25	149;31;17	sub-012_ses-101_task-s3;sub-012_ses-201_task-s3;sub-012_ses-301_task-s3	466	3	149	sub-012	ses-101	task-s3	1;2;3	3;3;3
760	761	760	761	3	3	trialwise	564;2252;4143	564;2252;4143	4;15;26	88;8;131	sub-012_ses-102_task-s4;sub-012_ses-203_task-s4;sub-012_ses-301_task-s4	564	4	88	sub-012	ses-102	task-s4	1;2;3	4;4;4
761	762	761	762	3	3	trialwise	875;2658;4432	875;2658;4432	6;17;28	82;97;103	sub-012_ses-102_task-s6;sub-012_ses-203_task-s6;sub-012_ses-302_task-s6	875	6	82	sub-012	ses-102	task-s6	1;2;3	6;6;6
762	763	762	763	3	3	trialwise	746;2435;4245	746;2435;4245	5;16;27	111;32;74	sub-012_ses-102_task-s5;sub-012_ses-203_task-s5;sub-012_ses-301_task-s5	746	5	111	sub-012	ses-102	task-s5	1;2;3	5;5;5
763	764	763	764	3	3	trialwise	1121;2939;4735	1121;2939;4735	8;19;30	12;62;90	sub-012_ses-103_task-s8;sub-012_ses-204_task-s8;sub-012_ses-302_task-s8	1121	8	12	sub-012	ses-103	task-s8	1;2;3	8;8;8
764	765	764	765	3	3	trialwise	972;2782;4546	972;2782;4546	7;18;29	21;63;59	sub-012_ses-102_task-s7;sub-012_ses-203_task-s7;sub-012_ses-302_task-s7	972	7	21	sub-012	ses-102	task-s7	1;2;3	7;7;7
765	766	765	766	3	3	trialwise	973;2734;4624	973;2734;4624	7;18;29	22;15;137	sub-012_ses-102_task-s7;sub-012_ses-203_task-s7;sub-012_ses-302_task-s7	973	7	22	sub-012	ses-102	task-s7	1;2;3	7;7;7
766	767	766	767	3	3	trialwise	1089;2828;4569	1089;2828;4569	7;18;29	138;109;82	sub-012_ses-102_task-s7;sub-012_ses-203_task-s7;sub-012_ses-302_task-s7	1089	7	138	sub-012	ses-102	task-s7	1;2;3	7;7;7
767	768	767	768	3	3	trialwise	418;2221;3879	418;2221;3879	3;14;25	101;136;26	sub-012_ses-101_task-s3;sub-012_ses-201_task-s3;sub-012_ses-301_task-s3	418	3	101	sub-012	ses-101	task-s3	1;2;3	3;3;3
768	769	768	769	3	3	trialwise	429;2192;3872	429;2192;3872	3;14;25	112;107;19	sub-012_ses-101_task-s3;sub-012_ses-201_task-s3;sub-012_ses-301_task-s3	429	3	112	sub-012	ses-101	task-s3	1;2;3	3;3;3
769	770	769	770	3	3	trialwise	621;2317;4108	621;2317;4108	4;15;26	145;73;96	sub-012_ses-102_task-s4;sub-012_ses-203_task-s4;sub-012_ses-301_task-s4	621	4	145	sub-012	ses-102	task-s4	1;2;3	4;4;4
770	771	770	771	3	3	trialwise	1102;2765;4490	1102;2765;4490	7;18;29	151;46;3	sub-012_ses-102_task-s7;sub-012_ses-203_task-s7;sub-012_ses-302_task-s7	1102	7	151	sub-012	ses-102	task-s7	1;2;3	7;7;7
771	772	771	772	3	3	trialwise	847;2611;4480	847;2611;4480	6;17;28	54;50;151	sub-012_ses-102_task-s6;sub-012_ses-203_task-s6;sub-012_ses-302_task-s6	847	6	54	sub-012	ses-102	task-s6	1;2;3	6;6;6
772	773	772	773	3	3	trialwise	1227;2892;4752	1227;2892;4752	8;19;30	118;15;107	sub-012_ses-103_task-s8;sub-012_ses-204_task-s8;sub-012_ses-302_task-s8	1227	8	118	sub-012	ses-103	task-s8	1;2;3	8;8;8
773	774	773	774	3	3	trialwise	386;2136;3960	386;2136;3960	3;14;25	69;51;107	sub-012_ses-101_task-s3;sub-012_ses-201_task-s3;sub-012_ses-301_task-s3	386	3	69	sub-012	ses-101	task-s3	1;2;3	3;3;3
774	775	774	775	3	3	trialwise	197;2000;3735	197;2000;3735	2;13;24	39;74;41	sub-012_ses-101_task-s2;sub-012_ses-201_task-s2;sub-012_ses-301_task-s2	197	2	39	sub-012	ses-101	task-s2	1;2;3	2;2;2
775	776	775	776	3	3	trialwise	528;2266;4149	528;2266;4149	4;15;26	52;22;137	sub-012_ses-102_task-s4;sub-012_ses-203_task-s4;sub-012_ses-301_task-s4	528	4	52	sub-012	ses-102	task-s4	1;2;3	4;4;4
776	777	776	777	3	3	trialwise	906;2574;4414	906;2574;4414	6;17;28	113;13;85	sub-012_ses-102_task-s6;sub-012_ses-203_task-s6;sub-012_ses-302_task-s6	906	6	113	sub-012	ses-102	task-s6	1;2;3	6;6;6
777	778	777	778	3	3	trialwise	977;2824;4601	977;2824;4601	7;18;29	26;105;114	sub-012_ses-102_task-s7;sub-012_ses-203_task-s7;sub-012_ses-302_task-s7	977	7	26	sub-012	ses-102	task-s7	1;2;3	7;7;7
778	779	778	779	3	3	trialwise	814;2585;4435	814;2585;4435	6;17;28	21;24;106	sub-012_ses-102_task-s6;sub-012_ses-203_task-s6;sub-012_ses-302_task-s6	814	6	21	sub-012	ses-102	task-s6	1;2;3	6;6;6
779	780	779	780	3	3	trialwise	1123;2963;4715	1123;2963;4715	8;19;30	14;86;70	sub-012_ses-103_task-s8;sub-012_ses-204_task-s8;sub-012_ses-302_task-s8	1123	8	14	sub-012	ses-103	task-s8	1;2;3	8;8;8
780	781	780	781	3	3	trialwise	897;2591;4473	897;2591;4473	6;17;28	104;30;144	sub-012_ses-102_task-s6;sub-012_ses-203_task-s6;sub-012_ses-302_task-s6	897	6	104	sub-012	ses-102	task-s6	1;2;3	6;6;6
781	782	781	782	3	3	trialwise	1069;2730;4589	1069;2730;4589	7;18;29	118;11;102	sub-012_ses-102_task-s7;sub-012_ses-203_task-s7;sub-012_ses-302_task-s7	1069	7	118	sub-012	ses-102	task-s7	1;2;3	7;7;7
782	783	782	783	3	3	trialwise	19;1815;3562	19;1815;3562	1;12;23	20;48;27	sub-012_ses-101_task-s1;sub-012_ses-201_task-s1;sub-012_ses-301_task-s1	19	1	20	sub-012	ses-101	task-s1	1;2;3	1;1;1
783	784	783	784	3	3	trialwise	77;1851;3592	77;1851;3592	1;12;23	78;84;57	sub-012_ses-101_task-s1;sub-012_ses-201_task-s1;sub-012_ses-301_task-s1	77	1	78	sub-012	ses-101	task-s1	1;2;3	1;1;1
784	785	784	785	3	3	trialwise	855;2695;4461	855;2695;4461	6;17;28	62;134;132	sub-012_ses-102_task-s6;sub-012_ses-203_task-s6;sub-012_ses-302_task-s6	855	6	62	sub-012	ses-102	task-s6	1;2;3	6;6;6
785	786	785	786	3	3	trialwise	222;1946;3701	222;1946;3701	2;13;24	64;20;7	sub-012_ses-101_task-s2;sub-012_ses-201_task-s2;sub-012_ses-301_task-s2	222	2	64	sub-012	ses-101	task-s2	1;2;3	2;2;2
786	787	786	787	3	3	trialwise	1100;2768;4574	1100;2768;4574	7;18;29	149;49;87	sub-012_ses-102_task-s7;sub-012_ses-203_task-s7;sub-012_ses-302_task-s7	1100	7	149	sub-012	ses-102	task-s7	1;2;3	7;7;7
787	788	787	788	3	3	trialwise	316;1984;3740	316;1984;3740	2;13;24	158;58;46	sub-012_ses-101_task-s2;sub-012_ses-201_task-s2;sub-012_ses-301_task-s2	316	2	158	sub-012	ses-101	task-s2	1;2;3	2;2;2
788	789	788	789	3	3	trialwise	592;2400;4089	592;2400;4089	4;15;26	116;156;77	sub-012_ses-102_task-s4;sub-012_ses-203_task-s4;sub-012_ses-301_task-s4	592	4	116	sub-012	ses-102	task-s4	1;2;3	4;4;4
789	790	789	790	3	3	trialwise	431;2232;3945	431;2232;3945	3;14;25	114;147;92	sub-012_ses-101_task-s3;sub-012_ses-201_task-s3;sub-012_ses-301_task-s3	431	3	114	sub-012	ses-101	task-s3	1;2;3	3;3;3
790	791	790	791	3	3	trialwise	333;2187;3934	333;2187;3934	3;14;25	16;102;81	sub-012_ses-101_task-s3;sub-012_ses-201_task-s3;sub-012_ses-301_task-s3	333	3	16	sub-012	ses-101	task-s3	1;2;3	3;3;3
791	792	791	792	3	3	trialwise	590;2333;4147	590;2333;4147	4;15;26	114;89;135	sub-012_ses-102_task-s4;sub-012_ses-203_task-s4;sub-012_ses-301_task-s4	590	4	114	sub-012	ses-102	task-s4	1;2;3	4;4;4
792	793	792	793	3	3	trialwise	1168;2932;4721	1168;2932;4721	8;19;30	59;55;76	sub-012_ses-103_task-s8;sub-012_ses-204_task-s8;sub-012_ses-302_task-s8	1168	8	59	sub-012	ses-103	task-s8	1;2;3	8;8;8
793	794	793	794	3	3	trialwise	179;1935;3724	179;1935;3724	2;13;24	21;9;30	sub-012_ses-101_task-s2;sub-012_ses-201_task-s2;sub-012_ses-301_task-s2	179	2	21	sub-012	ses-101	task-s2	1;2;3	2;2;2
794	795	794	795	3	3	trialwise	206;2009;3820	206;2009;3820	2;13;24	48;83;126	sub-012_ses-101_task-s2;sub-012_ses-201_task-s2;sub-012_ses-301_task-s2	206	2	48	sub-012	ses-101	task-s2	1;2;3	2;2;2
795	796	795	796	3	3	trialwise	538;2330;4127	538;2330;4127	4;15;26	62;86;115	sub-012_ses-102_task-s4;sub-012_ses-203_task-s4;sub-012_ses-301_task-s4	538	4	62	sub-012	ses-102	task-s4	1;2;3	4;4;4
796	797	796	797	3	3	trialwise	566;2299;4053	566;2299;4053	4;15;26	90;55;41	sub-012_ses-102_task-s4;sub-012_ses-203_task-s4;sub-012_ses-301_task-s4	566	4	90	sub-012	ses-102	task-s4	1;2;3	4;4;4
797	798	797	798	3	3	trialwise	485;2370;4099	485;2370;4099	4;15;26	9;126;87	sub-012_ses-102_task-s4;sub-012_ses-203_task-s4;sub-012_ses-301_task-s4	485	4	9	sub-012	ses-102	task-s4	1;2;3	4;4;4
798	799	798	799	3	3	trialwise	1000;2848;4597	1000;2848;4597	7;18;29	49;129;110	sub-012_ses-102_task-s7;sub-012_ses-203_task-s7;sub-012_ses-302_task-s7	1000	7	49	sub-012	ses-102	task-s7	1;2;3	7;7;7
799	800	799	800	3	3	trialwise	1066;2764;4496	1066;2764;4496	7;18;29	115;45;9	sub-012_ses-102_task-s7;sub-012_ses-203_task-s7;sub-012_ses-302_task-s7	1066	7	115	sub-012	ses-102	task-s7	1;2;3	7;7;7
800	801	800	801	3	3	trialwise	690;2421;4247	690;2421;4247	5;16;27	55;18;76	sub-012_ses-102_task-s5;sub-012_ses-203_task-s5;sub-012_ses-301_task-s5	690	5	55	sub-012	ses-102	task-s5	1;2;3	5;5;5
801	802	801	802	3	3	trialwise	142;1835;3646	142;1835;3646	1;12;23	143;68;111	sub-012_ses-101_task-s1;sub-012_ses-201_task-s1;sub-012_ses-301_task-s1	142	1	143	sub-012	ses-101	task-s1	1;2;3	1;1;1
802	803	802	803	3	3	trialwise	1244;2893;4720	1244;2893;4720	8;19;30	135;16;75	sub-012_ses-103_task-s8;sub-012_ses-204_task-s8;sub-012_ses-302_task-s8	1244	8	135	sub-012	ses-103	task-s8	1;2;3	8;8;8
803	804	803	804	3	3	trialwise	217;2066;3766	217;2066;3766	2;13;24	59;140;72	sub-012_ses-101_task-s2;sub-012_ses-201_task-s2;sub-012_ses-301_task-s2	217	2	59	sub-012	ses-101	task-s2	1;2;3	2;2;2
804	805	804	805	3	3	trialwise	187;2004;3844	187;2004;3844	2;13;24	29;78;150	sub-012_ses-101_task-s2;sub-012_ses-201_task-s2;sub-012_ses-301_task-s2	187	2	29	sub-012	ses-101	task-s2	1;2;3	2;2;2
805	806	805	806	3	3	trialwise	684;2540;4256	684;2540;4256	5;16;27	49;137;85	sub-012_ses-102_task-s5;sub-012_ses-203_task-s5;sub-012_ses-301_task-s5	684	5	49	sub-012	ses-102	task-s5	1;2;3	5;5;5
806	807	806	807	3	3	trialwise	11;1843;3559	11;1843;3559	1;12;23	12;76;24	sub-012_ses-101_task-s1;sub-012_ses-201_task-s1;sub-012_ses-301_task-s1	11	1	12	sub-012	ses-101	task-s1	1;2;3	1;1;1
807	808	807	808	3	3	trialwise	1165;3000;4782	1165;3000;4782	8;19;30	56;123;137	sub-012_ses-103_task-s8;sub-012_ses-204_task-s8;sub-012_ses-302_task-s8	1165	8	56	sub-012	ses-103	task-s8	1;2;3	8;8;8
808	809	808	809	3	3	trialwise	459;2194;4001	459;2194;4001	3;14;25	142;109;148	sub-012_ses-101_task-s3;sub-012_ses-201_task-s3;sub-012_ses-301_task-s3	459	3	142	sub-012	ses-101	task-s3	1;2;3	3;3;3
809	810	809	810	3	3	trialwise	120;1830;3578	120;1830;3578	1;12;23	121;63;43	sub-012_ses-101_task-s1;sub-012_ses-201_task-s1;sub-012_ses-301_task-s1	120	1	121	sub-012	ses-101	task-s1	1;2;3	1;1;1
810	811	810	811	3	3	trialwise	957;2773;4600	957;2773;4600	7;18;29	6;54;113	sub-012_ses-102_task-s7;sub-012_ses-203_task-s7;sub-012_ses-302_task-s7	957	7	6	sub-012	ses-102	task-s7	1;2;3	7;7;7
811	812	811	812	3	3	trialwise	853;2621;4466	853;2621;4466	6;17;28	60;60;137	sub-012_ses-102_task-s6;sub-012_ses-203_task-s6;sub-012_ses-302_task-s6	853	6	60	sub-012	ses-102	task-s6	1;2;3	6;6;6
812	813	812	813	3	3	trialwise	484;2272;4079	484;2272;4079	4;15;26	8;28;67	sub-012_ses-102_task-s4;sub-012_ses-203_task-s4;sub-012_ses-301_task-s4	484	4	8	sub-012	ses-102	task-s4	1;2;3	4;4;4
813	814	813	814	3	3	trialwise	1176;2927;4787	1176;2927;4787	8;19;30	67;50;142	sub-012_ses-103_task-s8;sub-012_ses-204_task-s8;sub-012_ses-302_task-s8	1176	8	67	sub-012	ses-103	task-s8	1;2;3	8;8;8
814	815	814	815	3	3	trialwise	560;2371;4037	560;2371;4037	4;15;26	84;127;25	sub-012_ses-102_task-s4;sub-012_ses-203_task-s4;sub-012_ses-301_task-s4	560	4	84	sub-012	ses-102	task-s4	1;2;3	4;4;4
815	816	815	816	3	3	trialwise	283;2027;3774	283;2027;3774	2;13;24	125;101;80	sub-012_ses-101_task-s2;sub-012_ses-201_task-s2;sub-012_ses-301_task-s2	283	2	125	sub-012	ses-101	task-s2	1;2;3	2;2;2
816	817	816	817	3	3	trialwise	926;2663;4436	926;2663;4436	6;17;28	133;102;107	sub-012_ses-102_task-s6;sub-012_ses-203_task-s6;sub-012_ses-302_task-s6	926	6	133	sub-012	ses-102	task-s6	1;2;3	6;6;6
817	818	817	818	3	3	trialwise	1131;3015;4801	1131;3015;4801	8;19;30	22;138;156	sub-012_ses-103_task-s8;sub-012_ses-204_task-s8;sub-012_ses-302_task-s8	1131	8	22	sub-012	ses-103	task-s8	1;2;3	8;8;8
818	819	818	819	3	3	trialwise	1247;3012;4692	1247;3012;4692	8;19;30	138;135;47	sub-012_ses-103_task-s8;sub-012_ses-204_task-s8;sub-012_ses-302_task-s8	1247	8	138	sub-012	ses-103	task-s8	1;2;3	8;8;8
819	820	819	820	3	3	trialwise	163;2082;3826	163;2082;3826	2;13;24	5;156;132	sub-012_ses-101_task-s2;sub-012_ses-201_task-s2;sub-012_ses-301_task-s2	163	2	5	sub-012	ses-101	task-s2	1;2;3	2;2;2
820	821	820	821	3	3	trialwise	4;1893;3641	4;1893;3641	1;12;23	5;126;106	sub-012_ses-101_task-s1;sub-012_ses-201_task-s1;sub-012_ses-301_task-s1	4	1	5	sub-012	ses-101	task-s1	1;2;3	1;1;1
821	822	821	822	3	3	trialwise	474;2139;3926	474;2139;3926	3;14;25	157;54;73	sub-012_ses-101_task-s3;sub-012_ses-201_task-s3;sub-012_ses-301_task-s3	474	3	157	sub-012	ses-101	task-s3	1;2;3	3;3;3
822	823	822	823	3	3	trialwise	207;2056;3761	207;2056;3761	2;13;24	49;130;67	sub-012_ses-101_task-s2;sub-012_ses-201_task-s2;sub-012_ses-301_task-s2	207	2	49	sub-012	ses-101	task-s2	1;2;3	2;2;2
823	824	823	824	3	3	trialwise	357;2115;3974	357;2115;3974	3;14;25	40;30;121	sub-012_ses-101_task-s3;sub-012_ses-201_task-s3;sub-012_ses-301_task-s3	357	3	40	sub-012	ses-101	task-s3	1;2;3	3;3;3
824	825	824	825	3	3	trialwise	920;2576;4382	920;2576;4382	6;17;28	127;15;53	sub-012_ses-102_task-s6;sub-012_ses-203_task-s6;sub-012_ses-302_task-s6	920	6	127	sub-012	ses-102	task-s6	1;2;3	6;6;6
825	826	825	826	3	3	trialwise	454;2177;3895	454;2177;3895	3;14;25	137;92;42	sub-012_ses-101_task-s3;sub-012_ses-201_task-s3;sub-012_ses-301_task-s3	454	3	137	sub-012	ses-101	task-s3	1;2;3	3;3;3
826	827	826	827	3	3	trialwise	1187;2898;4753	1187;2898;4753	8;19;30	78;21;108	sub-012_ses-103_task-s8;sub-012_ses-204_task-s8;sub-012_ses-302_task-s8	1187	8	78	sub-012	ses-103	task-s8	1;2;3	8;8;8
827	828	827	828	3	3	trialwise	190;2079;3786	190;2079;3786	2;13;24	32;153;92	sub-012_ses-101_task-s2;sub-012_ses-201_task-s2;sub-012_ses-301_task-s2	190	2	32	sub-012	ses-101	task-s2	1;2;3	2;2;2
828	829	828	829	3	3	trialwise	596;2282;4166	596;2282;4166	4;15;26	120;38;154	sub-012_ses-102_task-s4;sub-012_ses-203_task-s4;sub-012_ses-301_task-s4	596	4	120	sub-012	ses-102	task-s4	1;2;3	4;4;4
829	830	829	830	3	3	trialwise	1133;3006;4678	1133;3006;4678	8;19;30	24;129;33	sub-012_ses-103_task-s8;sub-012_ses-204_task-s8;sub-012_ses-302_task-s8	1133	8	24	sub-012	ses-103	task-s8	1;2;3	8;8;8
830	831	830	831	3	3	trialwise	1063;2793;4518	1063;2793;4518	7;18;29	112;74;31	sub-012_ses-102_task-s7;sub-012_ses-203_task-s7;sub-012_ses-302_task-s7	1063	7	112	sub-012	ses-102	task-s7	1;2;3	7;7;7
831	832	831	832	3	3	trialwise	1229;2900;4689	1229;2900;4689	8;19;30	120;23;44	sub-012_ses-103_task-s8;sub-012_ses-204_task-s8;sub-012_ses-302_task-s8	1229	8	120	sub-012	ses-103	task-s8	1;2;3	8;8;8
832	833	832	833	3	3	trialwise	1;1771;3639	1;1771;3639	1;12;23	2;4;104	sub-012_ses-101_task-s1;sub-012_ses-201_task-s1;sub-012_ses-301_task-s1	1	1	2	sub-012	ses-101	task-s1	1;2;3	1;1;1
833	834	833	834	3	3	trialwise	974;2736;4641	974;2736;4641	7;18;29	23;17;154	sub-012_ses-102_task-s7;sub-012_ses-203_task-s7;sub-012_ses-302_task-s7	974	7	23	sub-012	ses-102	task-s7	1;2;3	7;7;7
834	835	834	835	3	3	trialwise	0;1816;3647	0;1816;3647	1;12;23	1;49;112	sub-012_ses-101_task-s1;sub-012_ses-201_task-s1;sub-012_ses-301_task-s1	0	1	1	sub-012	ses-101	task-s1	1;2;3	1;1;1
835	836	835	836	3	3	trialwise	1181;2915;4666	1181;2915;4666	8;19;30	72;38;21	sub-012_ses-103_task-s8;sub-012_ses-204_task-s8;sub-012_ses-302_task-s8	1181	8	72	sub-012	ses-103	task-s8	1;2;3	8;8;8
836	837	836	837	3	3	trialwise	624;2401;4095	624;2401;4095	4;15;26	148;157;83	sub-012_ses-102_task-s4;sub-012_ses-203_task-s4;sub-012_ses-301_task-s4	624	4	148	sub-012	ses-102	task-s4	1;2;3	4;4;4
837	838	837	838	3	3	trialwise	496;2344;4035	496;2344;4035	4;15;26	20;100;23	sub-012_ses-102_task-s4;sub-012_ses-203_task-s4;sub-012_ses-301_task-s4	496	4	20	sub-012	ses-102	task-s4	1;2;3	4;4;4
838	839	838	839	3	3	trialwise	157;1900;3681	157;1900;3681	1;12;23	158;133;146	sub-012_ses-101_task-s1;sub-012_ses-201_task-s1;sub-012_ses-301_task-s1	157	1	158	sub-012	ses-101	task-s1	1;2;3	1;1;1
839	840	839	840	3	3	trialwise	672;2452;4270	672;2452;4270	5;16;27	37;49;99	sub-012_ses-102_task-s5;sub-012_ses-203_task-s5;sub-012_ses-301_task-s5	672	5	37	sub-012	ses-102	task-s5	1;2;3	5;5;5
840	841	840	841	3	3	trialwise	652;2460;4315	652;2460;4315	5;16;27	17;57;144	sub-012_ses-102_task-s5;sub-012_ses-203_task-s5;sub-012_ses-301_task-s5	652	5	17	sub-012	ses-102	task-s5	1;2;3	5;5;5
841	842	841	842	3	3	trialwise	1128;2943;4671	1128;2943;4671	8;19;30	19;66;26	sub-012_ses-103_task-s8;sub-012_ses-204_task-s8;sub-012_ses-302_task-s8	1128	8	19	sub-012	ses-103	task-s8	1;2;3	8;8;8
842	843	842	843	3	3	trialwise	913;2652;4345	913;2652;4345	6;17;28	120;91;16	sub-012_ses-102_task-s6;sub-012_ses-203_task-s6;sub-012_ses-302_task-s6	913	6	120	sub-012	ses-102	task-s6	1;2;3	6;6;6
843	844	843	844	3	3	trialwise	766;2483;4324	766;2483;4324	5;16;27	131;80;153	sub-012_ses-102_task-s5;sub-012_ses-203_task-s5;sub-012_ses-301_task-s5	766	5	131	sub-012	ses-102	task-s5	1;2;3	5;5;5
844	845	844	845	3	3	trialwise	1070;2722;4566	1070;2722;4566	7;18;29	119;3;79	sub-012_ses-102_task-s7;sub-012_ses-203_task-s7;sub-012_ses-302_task-s7	1070	7	119	sub-012	ses-102	task-s7	1;2;3	7;7;7
845	846	845	846	3	3	trialwise	1134;2930;4700	1134;2930;4700	8;19;30	25;53;55	sub-012_ses-103_task-s8;sub-012_ses-204_task-s8;sub-012_ses-302_task-s8	1134	8	25	sub-012	ses-103	task-s8	1;2;3	8;8;8
846	847	846	847	3	3	trialwise	567;2284;4066	567;2284;4066	4;15;26	91;40;54	sub-012_ses-102_task-s4;sub-012_ses-203_task-s4;sub-012_ses-301_task-s4	567	4	91	sub-012	ses-102	task-s4	1;2;3	4;4;4
847	848	847	848	3	3	trialwise	56;1768;3587	56;1768;3587	1;12;23	57;1;52	sub-012_ses-101_task-s1;sub-012_ses-201_task-s1;sub-012_ses-301_task-s1	56	1	57	sub-012	ses-101	task-s1	1;2;3	1;1;1
848	849	848	849	3	3	trialwise	30;1785;3676	30;1785;3676	1;12;23	31;18;141	sub-012_ses-101_task-s1;sub-012_ses-201_task-s1;sub-012_ses-301_task-s1	30	1	31	sub-012	ses-101	task-s1	1;2;3	1;1;1
849	850	849	850	3	3	trialwise	91;1836;3599	91;1836;3599	1;12;23	92;69;64	sub-012_ses-101_task-s1;sub-012_ses-201_task-s1;sub-012_ses-301_task-s1	91	1	92	sub-012	ses-101	task-s1	1;2;3	1;1;1
850	851	850	851	3	3	trialwise	550;2304;4126	550;2304;4126	4;15;26	74;60;114	sub-012_ses-102_task-s4;sub-012_ses-203_task-s4;sub-012_ses-301_task-s4	550	4	74	sub-012	ses-102	task-s4	1;2;3	4;4;4
851	852	851	852	3	3	trialwise	932;2662;4355	932;2662;4355	6;17;28	139;101;26	sub-012_ses-102_task-s6;sub-012_ses-203_task-s6;sub-012_ses-302_task-s6	932	6	139	sub-012	ses-102	task-s6	1;2;3	6;6;6
852	853	852	853	3	3	trialwise	880;2706;4404	880;2706;4404	6;17;28	87;145;75	sub-012_ses-102_task-s6;sub-012_ses-203_task-s6;sub-012_ses-302_task-s6	880	6	87	sub-012	ses-102	task-s6	1;2;3	6;6;6
853	854	853	854	3	3	trialwise	700;2431;4267	700;2431;4267	5;16;27	65;28;96	sub-012_ses-102_task-s5;sub-012_ses-203_task-s5;sub-012_ses-301_task-s5	700	5	65	sub-012	ses-102	task-s5	1;2;3	5;5;5
854	855	854	855	3	3	trialwise	1215;2908;4789	1215;2908;4789	8;19;30	106;31;144	sub-012_ses-103_task-s8;sub-012_ses-204_task-s8;sub-012_ses-302_task-s8	1215	8	106	sub-012	ses-103	task-s8	1;2;3	8;8;8
855	856	855	856	3	3	trialwise	1107;2821;4585	1107;2821;4585	7;18;29	156;102;98	sub-012_ses-102_task-s7;sub-012_ses-203_task-s7;sub-012_ses-302_task-s7	1107	7	156	sub-012	ses-102	task-s7	1;2;3	7;7;7
856	857	856	857	3	3	trialwise	478;2324;4169	478;2324;4169	4;15;26	2;80;157	sub-012_ses-102_task-s4;sub-012_ses-203_task-s4;sub-012_ses-301_task-s4	478	4	2	sub-012	ses-102	task-s4	1;2;3	4;4;4
857	858	857	858	3	3	trialwise	1076;2769;4539	1076;2769;4539	7;18;29	125;50;52	sub-012_ses-102_task-s7;sub-012_ses-203_task-s7;sub-012_ses-302_task-s7	1076	7	125	sub-012	ses-102	task-s7	1;2;3	7;7;7
858	859	858	859	3	3	trialwise	280;2070;3803	280;2070;3803	2;13;24	122;144;109	sub-012_ses-101_task-s2;sub-012_ses-201_task-s2;sub-012_ses-301_task-s2	280	2	122	sub-012	ses-101	task-s2	1;2;3	2;2;2
859	860	859	860	3	3	trialwise	531;2352;4152	531;2352;4152	4;15;26	55;108;140	sub-012_ses-102_task-s4;sub-012_ses-203_task-s4;sub-012_ses-301_task-s4	531	4	55	sub-012	ses-102	task-s4	1;2;3	4;4;4
860	861	860	861	3	3	trialwise	717;2471;4304	717;2471;4304	5;16;27	82;68;133	sub-012_ses-102_task-s5;sub-012_ses-203_task-s5;sub-012_ses-301_task-s5	717	5	82	sub-012	ses-102	task-s5	1;2;3	5;5;5
861	862	861	862	3	3	trialwise	886;2698;4409	886;2698;4409	6;17;28	93;137;80	sub-012_ses-102_task-s6;sub-012_ses-203_task-s6;sub-012_ses-302_task-s6	886	6	93	sub-012	ses-102	task-s6	1;2;3	6;6;6
862	863	862	863	3	3	trialwise	1155;2880;4648	1155;2880;4648	8;19;30	46;3;3	sub-012_ses-103_task-s8;sub-012_ses-204_task-s8;sub-012_ses-302_task-s8	1155	8	46	sub-012	ses-103	task-s8	1;2;3	8;8;8
863	864	863	864	3	3	trialwise	1249;3004;4663	1249;3004;4663	8;19;30	140;127;18	sub-012_ses-103_task-s8;sub-012_ses-204_task-s8;sub-012_ses-302_task-s8	1249	8	140	sub-012	ses-103	task-s8	1;2;3	8;8;8
864	865	864	865	3	3	trialwise	441;2199;3933	441;2199;3933	3;14;25	124;114;80	sub-012_ses-101_task-s3;sub-012_ses-201_task-s3;sub-012_ses-301_task-s3	441	3	124	sub-012	ses-101	task-s3	1;2;3	3;3;3
865	866	865	866	3	3	trialwise	505;2348;4059	505;2348;4059	4;15;26	29;104;47	sub-012_ses-102_task-s4;sub-012_ses-203_task-s4;sub-012_ses-301_task-s4	505	4	29	sub-012	ses-102	task-s4	1;2;3	4;4;4
866	867	866	867	3	3	trialwise	297;2005;3843	297;2005;3843	2;13;24	139;79;149	sub-012_ses-101_task-s2;sub-012_ses-201_task-s2;sub-012_ses-301_task-s2	297	2	139	sub-012	ses-101	task-s2	1;2;3	2;2;2
867	868	867	868	3	3	trialwise	598;2397;4039	598;2397;4039	4;15;26	122;153;27	sub-012_ses-102_task-s4;sub-012_ses-203_task-s4;sub-012_ses-301_task-s4	598	4	122	sub-012	ses-102	task-s4	1;2;3	4;4;4
868	869	868	869	3	3	trialwise	986;2794;4631	986;2794;4631	7;18;29	35;75;144	sub-012_ses-102_task-s7;sub-012_ses-203_task-s7;sub-012_ses-302_task-s7	986	7	35	sub-012	ses-102	task-s7	1;2;3	7;7;7
869	870	869	870	3	3	trialwise	287;1957;3831	287;1957;3831	2;13;24	129;31;137	sub-012_ses-101_task-s2;sub-012_ses-201_task-s2;sub-012_ses-301_task-s2	287	2	129	sub-012	ses-101	task-s2	1;2;3	2;2;2
870	871	870	871	3	3	trialwise	462;2124;3875	462;2124;3875	3;14;25	145;39;22	sub-012_ses-101_task-s3;sub-012_ses-201_task-s3;sub-012_ses-301_task-s3	462	3	145	sub-012	ses-101	task-s3	1;2;3	3;3;3
871	872	871	872	3	3	trialwise	529;2368;4077	529;2368;4077	4;15;26	53;124;65	sub-012_ses-102_task-s4;sub-012_ses-203_task-s4;sub-012_ses-301_task-s4	529	4	53	sub-012	ses-102	task-s4	1;2;3	4;4;4
872	873	872	873	3	3	trialwise	1017;2798;4499	1017;2798;4499	7;18;29	66;79;12	sub-012_ses-102_task-s7;sub-012_ses-203_task-s7;sub-012_ses-302_task-s7	1017	7	66	sub-012	ses-102	task-s7	1;2;3	7;7;7
873	874	873	874	3	3	trialwise	737;2433;4233	737;2433;4233	5;16;27	102;30;62	sub-012_ses-102_task-s5;sub-012_ses-203_task-s5;sub-012_ses-301_task-s5	737	5	102	sub-012	ses-102	task-s5	1;2;3	5;5;5
874	875	874	875	3	3	trialwise	434;2094;3991	434;2094;3991	3;14;25	117;9;138	sub-012_ses-101_task-s3;sub-012_ses-201_task-s3;sub-012_ses-301_task-s3	434	3	117	sub-012	ses-101	task-s3	1;2;3	3;3;3
875	876	875	876	3	3	trialwise	152;1826;3570	152;1826;3570	1;12;23	153;59;35	sub-012_ses-101_task-s1;sub-012_ses-201_task-s1;sub-012_ses-301_task-s1	152	1	153	sub-012	ses-101	task-s1	1;2;3	1;1;1
876	877	876	877	3	3	trialwise	1049;2827;4525	1049;2827;4525	7;18;29	98;108;38	sub-012_ses-102_task-s7;sub-012_ses-203_task-s7;sub-012_ses-302_task-s7	1049	7	98	sub-012	ses-102	task-s7	1;2;3	7;7;7
877	878	877	878	3	3	trialwise	123;1854;3603	123;1854;3603	1;12;23	124;87;68	sub-012_ses-101_task-s1;sub-012_ses-201_task-s1;sub-012_ses-301_task-s1	123	1	124	sub-012	ses-101	task-s1	1;2;3	1;1;1
878	879	878	879	3	3	trialwise	241;1955;3808	241;1955;3808	2;13;24	83;29;114	sub-012_ses-101_task-s2;sub-012_ses-201_task-s2;sub-012_ses-301_task-s2	241	2	83	sub-012	ses-101	task-s2	1;2;3	2;2;2
879	880	879	880	3	3	trialwise	272;2042;3780	272;2042;3780	2;13;24	114;116;86	sub-012_ses-101_task-s2;sub-012_ses-201_task-s2;sub-012_ses-301_task-s2	272	2	114	sub-012	ses-101	task-s2	1;2;3	2;2;2
880	881	880	881	3	3	trialwise	778;2444;4318	778;2444;4318	5;16;27	143;41;147	sub-012_ses-102_task-s5;sub-012_ses-203_task-s5;sub-012_ses-301_task-s5	778	5	143	sub-012	ses-102	task-s5	1;2;3	5;5;5
881	882	881	882	3	3	trialwise	420;2213;3952	420;2213;3952	3;14;25	103;128;99	sub-012_ses-101_task-s3;sub-012_ses-201_task-s3;sub-012_ses-301_task-s3	420	3	103	sub-012	ses-101	task-s3	1;2;3	3;3;3
882	883	882	883	3	3	trialwise	559;2303;4167	559;2303;4167	4;15;26	83;59;155	sub-012_ses-102_task-s4;sub-012_ses-203_task-s4;sub-012_ses-301_task-s4	559	4	83	sub-012	ses-102	task-s4	1;2;3	4;4;4
883	884	883	884	3	3	trialwise	754;2505;4273	754;2505;4273	5;16;27	119;102;102	sub-012_ses-102_task-s5;sub-012_ses-203_task-s5;sub-012_ses-301_task-s5	754	5	119	sub-012	ses-102	task-s5	1;2;3	5;5;5
884	885	884	885	3	3	trialwise	215;1982;3720	215;1982;3720	2;13;24	57;56;26	sub-012_ses-101_task-s2;sub-012_ses-201_task-s2;sub-012_ses-301_task-s2	215	2	57	sub-012	ses-101	task-s2	1;2;3	2;2;2
885	886	885	886	3	3	trialwise	97;1894;3630	97;1894;3630	1;12;23	98;127;95	sub-012_ses-101_task-s1;sub-012_ses-201_task-s1;sub-012_ses-301_task-s1	97	1	98	sub-012	ses-101	task-s1	1;2;3	1;1;1
886	887	886	887	3	3	trialwise	507;2274;4162	507;2274;4162	4;15;26	31;30;150	sub-012_ses-102_task-s4;sub-012_ses-203_task-s4;sub-012_ses-301_task-s4	507	4	31	sub-012	ses-102	task-s4	1;2;3	4;4;4
887	888	887	888	3	3	trialwise	767;2501;4197	767;2501;4197	5;16;27	132;98;26	sub-012_ses-102_task-s5;sub-012_ses-203_task-s5;sub-012_ses-301_task-s5	767	5	132	sub-012	ses-102	task-s5	1;2;3	5;5;5
888	889	888	889	3	3	trialwise	571;2378;4073	571;2378;4073	4;15;26	95;134;61	sub-012_ses-102_task-s4;sub-012_ses-203_task-s4;sub-012_ses-301_task-s4	571	4	95	sub-012	ses-102	task-s4	1;2;3	4;4;4
889	890	889	890	3	3	trialwise	37;1913;3594	37;1913;3594	1;12;23	38;146;59	sub-012_ses-101_task-s1;sub-012_ses-201_task-s1;sub-012_ses-301_task-s1	37	1	38	sub-012	ses-101	task-s1	1;2;3	1;1;1
890	891	890	891	3	3	trialwise	821;2648;4485	821;2648;4485	6;17;28	28;87;156	sub-012_ses-102_task-s6;sub-012_ses-203_task-s6;sub-012_ses-302_task-s6	821	6	28	sub-012	ses-102	task-s6	1;2;3	6;6;6
891	892	891	892	3	3	trialwise	62;1921;3558	62;1921;3558	1;12;23	63;154;23	sub-012_ses-101_task-s1;sub-012_ses-201_task-s1;sub-012_ses-301_task-s1	62	1	63	sub-012	ses-101	task-s1	1;2;3	1;1;1
892	893	892	893	3	3	trialwise	403;2107;3929	403;2107;3929	3;14;25	86;22;76	sub-012_ses-101_task-s3;sub-012_ses-201_task-s3;sub-012_ses-301_task-s3	403	3	86	sub-012	ses-101	task-s3	1;2;3	3;3;3
893	894	893	894	3	3	trialwise	1216;2935;4767	1216;2935;4767	8;19;30	107;58;122	sub-012_ses-103_task-s8;sub-012_ses-204_task-s8;sub-012_ses-302_task-s8	1216	8	107	sub-012	ses-103	task-s8	1;2;3	8;8;8
894	895	894	895	3	3	trialwise	856;2719;4359	856;2719;4359	6;17;28	63;158;30	sub-012_ses-102_task-s6;sub-012_ses-203_task-s6;sub-012_ses-302_task-s6	856	6	63	sub-012	ses-102	task-s6	1;2;3	6;6;6
895	896	895	896	3	3	trialwise	128;1914;3619	128;1914;3619	1;12;23	129;147;84	sub-012_ses-101_task-s1;sub-012_ses-201_task-s1;sub-012_ses-301_task-s1	128	1	129	sub-012	ses-101	task-s1	1;2;3	1;1;1
896	897	896	897	3	3	trialwise	1034;2813;4515	1034;2813;4515	7;18;29	83;94;28	sub-012_ses-102_task-s7;sub-012_ses-203_task-s7;sub-012_ses-302_task-s7	1034	7	83	sub-012	ses-102	task-s7	1;2;3	7;7;7
897	898	897	898	3	3	trialwise	381;2143;3943	381;2143;3943	3;14;25	64;58;90	sub-012_ses-101_task-s3;sub-012_ses-201_task-s3;sub-012_ses-301_task-s3	381	3	64	sub-012	ses-101	task-s3	1;2;3	3;3;3
898	899	898	899	3	3	trialwise	1145;2960;4750	1145;2960;4750	8;19;30	36;83;105	sub-012_ses-103_task-s8;sub-012_ses-204_task-s8;sub-012_ses-302_task-s8	1145	8	36	sub-012	ses-103	task-s8	1;2;3	8;8;8
899	900	899	900	3	3	trialwise	936;2644;4338	936;2644;4338	6;17;28	143;83;9	sub-012_ses-102_task-s6;sub-012_ses-203_task-s6;sub-012_ses-302_task-s6	936	6	143	sub-012	ses-102	task-s6	1;2;3	6;6;6
900	901	900	901	3	3	trialwise	799;2563;4437	799;2563;4437	6;17;28	6;2;108	sub-012_ses-102_task-s6;sub-012_ses-203_task-s6;sub-012_ses-302_task-s6	799	6	6	sub-012	ses-102	task-s6	1;2;3	6;6;6
901	902	901	902	3	3	trialwise	108;1801;3675	108;1801;3675	1;12;23	109;34;140	sub-012_ses-101_task-s1;sub-012_ses-201_task-s1;sub-012_ses-301_task-s1	108	1	109	sub-012	ses-101	task-s1	1;2;3	1;1;1
902	903	902	903	3	3	trialwise	787;2490;4223	787;2490;4223	5;16;27	152;87;52	sub-012_ses-102_task-s5;sub-012_ses-203_task-s5;sub-012_ses-301_task-s5	787	5	152	sub-012	ses-102	task-s5	1;2;3	5;5;5
903	904	903	904	3	3	trialwise	1242;2976;4705	1242;2976;4705	8;19;30	133;99;60	sub-012_ses-103_task-s8;sub-012_ses-204_task-s8;sub-012_ses-302_task-s8	1242	8	133	sub-012	ses-103	task-s8	1;2;3	8;8;8
904	905	904	905	3	3	trialwise	751;2417;4323	751;2417;4323	5;16;27	116;14;152	sub-012_ses-102_task-s5;sub-012_ses-203_task-s5;sub-012_ses-301_task-s5	751	5	116	sub-012	ses-102	task-s5	1;2;3	5;5;5
905	906	905	906	3	3	trialwise	681;2495;4176	681;2495;4176	5;16;27	46;92;5	sub-012_ses-102_task-s5;sub-012_ses-203_task-s5;sub-012_ses-301_task-s5	681	5	46	sub-012	ses-102	task-s5	1;2;3	5;5;5
906	907	906	907	3	3	trialwise	797;2703;4468	797;2703;4468	6;17;28	4;142;139	sub-012_ses-102_task-s6;sub-012_ses-203_task-s6;sub-012_ses-302_task-s6	797	6	4	sub-012	ses-102	task-s6	1;2;3	6;6;6
907	908	907	908	3	3	trialwise	523;2319;4106	523;2319;4106	4;15;26	47;75;94	sub-012_ses-102_task-s4;sub-012_ses-203_task-s4;sub-012_ses-301_task-s4	523	4	47	sub-012	ses-102	task-s4	1;2;3	4;4;4
908	909	908	909	3	3	trialwise	1164;2887;4722	1164;2887;4722	8;19;30	55;10;77	sub-012_ses-103_task-s8;sub-012_ses-204_task-s8;sub-012_ses-302_task-s8	1164	8	55	sub-012	ses-103	task-s8	1;2;3	8;8;8
909	910	909	910	3	3	trialwise	1236;2921;4769	1236;2921;4769	8;19;30	127;44;124	sub-012_ses-103_task-s8;sub-012_ses-204_task-s8;sub-012_ses-302_task-s8	1236	8	127	sub-012	ses-103	task-s8	1;2;3	8;8;8
910	911	910	911	3	3	trialwise	277;1975;3725	277;1975;3725	2;13;24	119;49;31	sub-012_ses-101_task-s2;sub-012_ses-201_task-s2;sub-012_ses-301_task-s2	277	2	119	sub-012	ses-101	task-s2	1;2;3	2;2;2
911	912	911	912	3	3	trialwise	353;2145;3890	353;2145;3890	3;14;25	36;60;37	sub-012_ses-101_task-s3;sub-012_ses-201_task-s3;sub-012_ses-301_task-s3	353	3	36	sub-012	ses-101	task-s3	1;2;3	3;3;3
912	913	912	913	3	3	trialwise	1147;2905;4655	1147;2905;4655	8;19;30	38;28;10	sub-012_ses-103_task-s8;sub-012_ses-204_task-s8;sub-012_ses-302_task-s8	1147	8	38	sub-012	ses-103	task-s8	1;2;3	8;8;8
913	914	913	914	3	3	trialwise	1218;2894;4800	1218;2894;4800	8;19;30	109;17;155	sub-012_ses-103_task-s8;sub-012_ses-204_task-s8;sub-012_ses-302_task-s8	1218	8	109	sub-012	ses-103	task-s8	1;2;3	8;8;8
914	915	914	915	3	3	trialwise	169;1974;3816	169;1974;3816	2;13;24	11;48;122	sub-012_ses-101_task-s2;sub-012_ses-201_task-s2;sub-012_ses-301_task-s2	169	2	11	sub-012	ses-101	task-s2	1;2;3	2;2;2
915	916	915	916	3	3	trialwise	1264;2889;4672	1264;2889;4672	8;19;30	155;12;27	sub-012_ses-103_task-s8;sub-012_ses-204_task-s8;sub-012_ses-302_task-s8	1264	8	155	sub-012	ses-103	task-s8	1;2;3	8;8;8
916	917	916	917	3	3	trialwise	1205;2911;4794	1205;2911;4794	8;19;30	96;34;149	sub-012_ses-103_task-s8;sub-012_ses-204_task-s8;sub-012_ses-302_task-s8	1205	8	96	sub-012	ses-103	task-s8	1;2;3	8;8;8
917	918	917	918	3	3	trialwise	576;2256;4146	576;2256;4146	4;15;26	100;12;134	sub-012_ses-102_task-s4;sub-012_ses-203_task-s4;sub-012_ses-301_task-s4	576	4	100	sub-012	ses-102	task-s4	1;2;3	4;4;4
918	919	918	919	3	3	trialwise	582;2292;4113	582;2292;4113	4;15;26	106;48;101	sub-012_ses-102_task-s4;sub-012_ses-203_task-s4;sub-012_ses-301_task-s4	582	4	106	sub-012	ses-102	task-s4	1;2;3	4;4;4
919	920	919	920	3	3	trialwise	148;1859;3691	148;1859;3691	1;12;23	149;92;156	sub-012_ses-101_task-s1;sub-012_ses-201_task-s1;sub-012_ses-301_task-s1	148	1	149	sub-012	ses-101	task-s1	1;2;3	1;1;1
920	921	920	921	3	3	trialwise	1119;3003;4719	1119;3003;4719	8;19;30	10;126;74	sub-012_ses-103_task-s8;sub-012_ses-204_task-s8;sub-012_ses-302_task-s8	1119	8	10	sub-012	ses-103	task-s8	1;2;3	8;8;8
921	922	921	922	3	3	trialwise	804;2600;4483	804;2600;4483	6;17;28	11;39;154	sub-012_ses-102_task-s6;sub-012_ses-203_task-s6;sub-012_ses-302_task-s6	804	6	11	sub-012	ses-102	task-s6	1;2;3	6;6;6
922	923	922	923	3	3	trialwise	1112;3027;4778	1112;3027;4778	8;19;30	3;150;133	sub-012_ses-103_task-s8;sub-012_ses-204_task-s8;sub-012_ses-302_task-s8	1112	8	3	sub-012	ses-103	task-s8	1;2;3	8;8;8
923	924	923	924	3	3	trialwise	463;2120;3914	463;2120;3914	3;14;25	146;35;61	sub-012_ses-101_task-s3;sub-012_ses-201_task-s3;sub-012_ses-301_task-s3	463	3	146	sub-012	ses-101	task-s3	1;2;3	3;3;3
924	925	924	925	3	3	trialwise	45;1873;3666	45;1873;3666	1;12;23	46;106;131	sub-012_ses-101_task-s1;sub-012_ses-201_task-s1;sub-012_ses-301_task-s1	45	1	46	sub-012	ses-101	task-s1	1;2;3	1;1;1
925	926	925	926	3	3	trialwise	398;2240;3935	398;2240;3935	3;14;25	81;155;82	sub-012_ses-101_task-s3;sub-012_ses-201_task-s3;sub-012_ses-301_task-s3	398	3	81	sub-012	ses-101	task-s3	1;2;3	3;3;3
926	927	926	927	3	3	trialwise	816;2598;4413	816;2598;4413	6;17;28	23;37;84	sub-012_ses-102_task-s6;sub-012_ses-203_task-s6;sub-012_ses-302_task-s6	816	6	23	sub-012	ses-102	task-s6	1;2;3	6;6;6
927	928	927	928	3	3	trialwise	464;2148;3941	464;2148;3941	3;14;25	147;63;88	sub-012_ses-101_task-s3;sub-012_ses-201_task-s3;sub-012_ses-301_task-s3	464	3	147	sub-012	ses-101	task-s3	1;2;3	3;3;3
928	929	928	929	3	3	trialwise	588;2380;4075	588;2380;4075	4;15;26	112;136;63	sub-012_ses-102_task-s4;sub-012_ses-203_task-s4;sub-012_ses-301_task-s4	588	4	112	sub-012	ses-102	task-s4	1;2;3	4;4;4
929	930	929	930	3	3	trialwise	237;2002;3696	237;2002;3696	2;13;24	79;76;2	sub-012_ses-101_task-s2;sub-012_ses-201_task-s2;sub-012_ses-301_task-s2	237	2	79	sub-012	ses-101	task-s2	1;2;3	2;2;2
930	931	930	931	3	3	trialwise	838;2707;4391	838;2707;4391	6;17;28	45;146;62	sub-012_ses-102_task-s6;sub-012_ses-203_task-s6;sub-012_ses-302_task-s6	838	6	45	sub-012	ses-102	task-s6	1;2;3	6;6;6
931	932	931	932	3	3	trialwise	727;2484;4180	727;2484;4180	5;16;27	92;81;9	sub-012_ses-102_task-s5;sub-012_ses-203_task-s5;sub-012_ses-301_task-s5	727	5	92	sub-012	ses-102	task-s5	1;2;3	5;5;5
932	933	932	933	3	3	trialwise	664;2420;4299	664;2420;4299	5;16;27	29;17;128	sub-012_ses-102_task-s5;sub-012_ses-203_task-s5;sub-012_ses-301_task-s5	664	5	29	sub-012	ses-102	task-s5	1;2;3	5;5;5
933	934	933	934	3	3	trialwise	549;2290;4019	549;2290;4019	4;15;26	73;46;7	sub-012_ses-102_task-s4;sub-012_ses-203_task-s4;sub-012_ses-301_task-s4	549	4	73	sub-012	ses-102	task-s4	1;2;3	4;4;4
934	935	934	935	3	3	trialwise	307;1932;3787	307;1932;3787	2;13;24	149;6;93	sub-012_ses-101_task-s2;sub-012_ses-201_task-s2;sub-012_ses-301_task-s2	307	2	149	sub-012	ses-101	task-s2	1;2;3	2;2;2
935	936	935	936	3	3	trialwise	181;2019;3842	181;2019;3842	2;13;24	23;93;148	sub-012_ses-101_task-s2;sub-012_ses-201_task-s2;sub-012_ses-301_task-s2	181	2	23	sub-012	ses-101	task-s2	1;2;3	2;2;2
936	937	936	937	3	3	trialwise	302;1993;3700	302;1993;3700	2;13;24	144;67;6	sub-012_ses-101_task-s2;sub-012_ses-201_task-s2;sub-012_ses-301_task-s2	302	2	144	sub-012	ses-101	task-s2	1;2;3	2;2;2
937	938	937	938	3	3	trialwise	1015;2806;4611	1015;2806;4611	7;18;29	64;87;124	sub-012_ses-102_task-s7;sub-012_ses-203_task-s7;sub-012_ses-302_task-s7	1015	7	64	sub-012	ses-102	task-s7	1;2;3	7;7;7
938	939	938	939	3	3	trialwise	992;2763;4505	992;2763;4505	7;18;29	41;44;18	sub-012_ses-102_task-s7;sub-012_ses-203_task-s7;sub-012_ses-302_task-s7	992	7	41	sub-012	ses-102	task-s7	1;2;3	7;7;7
939	940	939	940	3	3	trialwise	488;2328;4052	488;2328;4052	4;15;26	12;84;40	sub-012_ses-102_task-s4;sub-012_ses-203_task-s4;sub-012_ses-301_task-s4	488	4	12	sub-012	ses-102	task-s4	1;2;3	4;4;4
940	941	940	941	3	3	trialwise	159;1934;3783	159;1934;3783	2;13;24	1;8;89	sub-012_ses-101_task-s2;sub-012_ses-201_task-s2;sub-012_ses-301_task-s2	159	2	1	sub-012	ses-101	task-s2	1;2;3	2;2;2
941	942	941	942	3	3	trialwise	514;2331;4151	514;2331;4151	4;15;26	38;87;139	sub-012_ses-102_task-s4;sub-012_ses-203_task-s4;sub-012_ses-301_task-s4	514	4	38	sub-012	ses-102	task-s4	1;2;3	4;4;4
942	943	942	943	3	3	trialwise	1113;2977;4653	1113;2977;4653	8;19;30	4;100;8	sub-012_ses-103_task-s8;sub-012_ses-204_task-s8;sub-012_ses-302_task-s8	1113	8	4	sub-012	ses-103	task-s8	1;2;3	8;8;8
943	944	943	944	3	3	trialwise	719;2441;4183	719;2441;4183	5;16;27	84;38;12	sub-012_ses-102_task-s5;sub-012_ses-203_task-s5;sub-012_ses-301_task-s5	719	5	84	sub-012	ses-102	task-s5	1;2;3	5;5;5
944	945	944	945	3	3	trialwise	618;2355;4031	618;2355;4031	4;15;26	142;111;19	sub-012_ses-102_task-s4;sub-012_ses-203_task-s4;sub-012_ses-301_task-s4	618	4	142	sub-012	ses-102	task-s4	1;2;3	4;4;4
945	946	945	946	3	3	trialwise	827;2594;4384	827;2594;4384	6;17;28	34;33;55	sub-012_ses-102_task-s6;sub-012_ses-203_task-s6;sub-012_ses-302_task-s6	827	6	34	sub-012	ses-102	task-s6	1;2;3	6;6;6
946	947	946	947	3	3	trialwise	173;1995;3804	173;1995;3804	2;13;24	15;69;110	sub-012_ses-101_task-s2;sub-012_ses-201_task-s2;sub-012_ses-301_task-s2	173	2	15	sub-012	ses-101	task-s2	1;2;3	2;2;2
947	948	947	948	3	3	trialwise	1037;2792;4560	1037;2792;4560	7;18;29	86;73;73	sub-012_ses-102_task-s7;sub-012_ses-203_task-s7;sub-012_ses-302_task-s7	1037	7	86	sub-012	ses-102	task-s7	1;2;3	7;7;7
948	949	948	949	3	3	trialwise	503;2307;4119	503;2307;4119	4;15;26	27;63;107	sub-012_ses-102_task-s4;sub-012_ses-203_task-s4;sub-012_ses-301_task-s4	503	4	27	sub-012	ses-102	task-s4	1;2;3	4;4;4
949	950	949	950	3	3	trialwise	360;2205;3905	360;2205;3905	3;14;25	43;120;52	sub-012_ses-101_task-s3;sub-012_ses-201_task-s3;sub-012_ses-301_task-s3	360	3	43	sub-012	ses-101	task-s3	1;2;3	3;3;3
950	951	950	951	3	3	trialwise	791;2462;4279	791;2462;4279	5;16;27	156;59;108	sub-012_ses-102_task-s5;sub-012_ses-203_task-s5;sub-012_ses-301_task-s5	791	5	156	sub-012	ses-102	task-s5	1;2;3	5;5;5
951	952	951	952	3	3	trialwise	606;2402;4102	606;2402;4102	4;15;26	130;158;90	sub-012_ses-102_task-s4;sub-012_ses-203_task-s4;sub-012_ses-301_task-s4	606	4	130	sub-012	ses-102	task-s4	1;2;3	4;4;4
952	953	952	953	3	3	trialwise	780;2498;4204	780;2498;4204	5;16;27	145;95;33	sub-012_ses-102_task-s5;sub-012_ses-203_task-s5;sub-012_ses-301_task-s5	780	5	145	sub-012	ses-102	task-s5	1;2;3	5;5;5
953	954	953	954	3	3	trialwise	213;2007;3737	213;2007;3737	2;13;24	55;81;43	sub-012_ses-101_task-s2;sub-012_ses-201_task-s2;sub-012_ses-301_task-s2	213	2	55	sub-012	ses-101	task-s2	1;2;3	2;2;2
954	955	954	955	3	3	trialwise	1186;2886;4799	1186;2886;4799	8;19;30	77;9;154	sub-012_ses-103_task-s8;sub-012_ses-204_task-s8;sub-012_ses-302_task-s8	1186	8	77	sub-012	ses-103	task-s8	1;2;3	8;8;8
955	956	955	956	3	3	trialwise	1250;2949;4773	1250;2949;4773	8;19;30	141;72;128	sub-012_ses-103_task-s8;sub-012_ses-204_task-s8;sub-012_ses-302_task-s8	1250	8	141	sub-012	ses-103	task-s8	1;2;3	8;8;8
956	957	956	957	3	3	trialwise	738;2406;4276	738;2406;4276	5;16;27	103;3;105	sub-012_ses-102_task-s5;sub-012_ses-203_task-s5;sub-012_ses-301_task-s5	738	5	103	sub-012	ses-102	task-s5	1;2;3	5;5;5
957	958	957	958	3	3	trialwise	44;1865;3551	44;1865;3551	1;12;23	45;98;16	sub-012_ses-101_task-s1;sub-012_ses-201_task-s1;sub-012_ses-301_task-s1	44	1	45	sub-012	ses-101	task-s1	1;2;3	1;1;1
958	959	958	959	3	3	trialwise	172;2017;3714	172;2017;3714	2;13;24	14;91;20	sub-012_ses-101_task-s2;sub-012_ses-201_task-s2;sub-012_ses-301_task-s2	172	2	14	sub-012	ses-101	task-s2	1;2;3	2;2;2
959	960	959	960	3	3	trialwise	1206;2997;4673	1206;2997;4673	8;19;30	97;120;28	sub-012_ses-103_task-s8;sub-012_ses-204_task-s8;sub-012_ses-302_task-s8	1206	8	97	sub-012	ses-103	task-s8	1;2;3	8;8;8
960	961	960	961	3	3	trialwise	561;2345;4058	561;2345;4058	4;15;26	85;101;46	sub-012_ses-102_task-s4;sub-012_ses-203_task-s4;sub-012_ses-301_task-s4	561	4	85	sub-012	ses-102	task-s4	1;2;3	4;4;4
961	962	961	962	3	3	trialwise	165;2038;3770	165;2038;3770	2;13;24	7;112;76	sub-012_ses-101_task-s2;sub-012_ses-201_task-s2;sub-012_ses-301_task-s2	165	2	7	sub-012	ses-101	task-s2	1;2;3	2;2;2
962	963	962	963	3	3	trialwise	758;2524;4257	758;2524;4257	5;16;27	123;121;86	sub-012_ses-102_task-s5;sub-012_ses-203_task-s5;sub-012_ses-301_task-s5	758	5	123	sub-012	ses-102	task-s5	1;2;3	5;5;5
963	964	963	964	3	3	trialwise	828;2626;4430	828;2626;4430	6;17;28	35;65;101	sub-012_ses-102_task-s6;sub-012_ses-203_task-s6;sub-012_ses-302_task-s6	828	6	35	sub-012	ses-102	task-s6	1;2;3	6;6;6
964	965	964	965	3	3	trialwise	351;2113;3873	351;2113;3873	3;14;25	34;28;20	sub-012_ses-101_task-s3;sub-012_ses-201_task-s3;sub-012_ses-301_task-s3	351	3	34	sub-012	ses-101	task-s3	1;2;3	3;3;3
965	966	965	966	3	3	trialwise	260;1941;3788	260;1941;3788	2;13;24	102;15;94	sub-012_ses-101_task-s2;sub-012_ses-201_task-s2;sub-012_ses-301_task-s2	260	2	102	sub-012	ses-101	task-s2	1;2;3	2;2;2
966	967	966	967	3	3	trialwise	732;2473;4311	732;2473;4311	5;16;27	97;70;140	sub-012_ses-102_task-s5;sub-012_ses-203_task-s5;sub-012_ses-301_task-s5	732	5	97	sub-012	ses-102	task-s5	1;2;3	5;5;5
967	968	967	968	3	3	trialwise	635;2360;4103	635;2360;4103	4;15;26	159;116;91	sub-012_ses-102_task-s4;sub-012_ses-203_task-s4;sub-012_ses-301_task-s4	635	4	159	sub-012	ses-102	task-s4	1;2;3	4;4;4
968	969	968	969	3	3	trialwise	487;2390;4093	487;2390;4093	4;15;26	11;146;81	sub-012_ses-102_task-s4;sub-012_ses-203_task-s4;sub-012_ses-301_task-s4	487	4	11	sub-012	ses-102	task-s4	1;2;3	4;4;4
969	970	969	970	3	3	trialwise	1084;2876;4578	1084;2876;4578	7;18;29	133;157;91	sub-012_ses-102_task-s7;sub-012_ses-203_task-s7;sub-012_ses-302_task-s7	1084	7	133	sub-012	ses-102	task-s7	1;2;3	7;7;7
970	971	970	971	3	3	trialwise	547;2268;4025	547;2268;4025	4;15;26	71;24;13	sub-012_ses-102_task-s4;sub-012_ses-203_task-s4;sub-012_ses-301_task-s4	547	4	71	sub-012	ses-102	task-s4	1;2;3	4;4;4
971	972	971	972	3	3	trialwise	849;2602;4444	849;2602;4444	6;17;28	56;41;115	sub-012_ses-102_task-s6;sub-012_ses-203_task-s6;sub-012_ses-302_task-s6	849	6	56	sub-012	ses-102	task-s6	1;2;3	6;6;6
972	973	972	973	3	3	trialwise	708;2561;4211	708;2561;4211	5;16;27	73;158;40	sub-012_ses-102_task-s5;sub-012_ses-203_task-s5;sub-012_ses-301_task-s5	708	5	73	sub-012	ses-102	task-s5	1;2;3	5;5;5
973	974	973	974	3	3	trialwise	375;2160;4012	375;2160;4012	3;14;25	58;75;159	sub-012_ses-101_task-s3;sub-012_ses-201_task-s3;sub-012_ses-301_task-s3	375	3	58	sub-012	ses-101	task-s3	1;2;3	3;3;3
974	975	974	975	3	3	trialwise	35;1866;3637	35;1866;3637	1;12;23	36;99;102	sub-012_ses-101_task-s1;sub-012_ses-201_task-s1;sub-012_ses-301_task-s1	35	1	36	sub-012	ses-101	task-s1	1;2;3	1;1;1
975	976	975	976	3	3	trialwise	492;2396;4070	492;2396;4070	4;15;26	16;152;58	sub-012_ses-102_task-s4;sub-012_ses-203_task-s4;sub-012_ses-301_task-s4	492	4	16	sub-012	ses-102	task-s4	1;2;3	4;4;4
976	977	976	977	3	3	trialwise	632;2343;4156	632;2343;4156	4;15;26	156;99;144	sub-012_ses-102_task-s4;sub-012_ses-203_task-s4;sub-012_ses-301_task-s4	632	4	156	sub-012	ses-102	task-s4	1;2;3	4;4;4
977	978	977	978	3	3	trialwise	66;1870;3673	66;1870;3673	1;12;23	67;103;138	sub-012_ses-101_task-s1;sub-012_ses-201_task-s1;sub-012_ses-301_task-s1	66	1	67	sub-012	ses-101	task-s1	1;2;3	1;1;1
978	979	978	979	3	3	trialwise	1245;3014;4772	1245;3014;4772	8;19;30	136;137;127	sub-012_ses-103_task-s8;sub-012_ses-204_task-s8;sub-012_ses-302_task-s8	1245	8	136	sub-012	ses-103	task-s8	1;2;3	8;8;8
979	980	979	980	3	3	trialwise	8;1908;3540	8;1908;3540	1;12;23	9;141;5	sub-012_ses-101_task-s1;sub-012_ses-201_task-s1;sub-012_ses-301_task-s1	8	1	9	sub-012	ses-101	task-s1	1;2;3	1;1;1
980	981	980	981	3	3	trialwise	24;1892;3602	24;1892;3602	1;12;23	25;125;67	sub-012_ses-101_task-s1;sub-012_ses-201_task-s1;sub-012_ses-301_task-s1	24	1	25	sub-012	ses-101	task-s1	1;2;3	1;1;1
981	982	981	982	3	3	trialwise	118;1782;3670	118;1782;3670	1;12;23	119;15;135	sub-012_ses-101_task-s1;sub-012_ses-201_task-s1;sub-012_ses-301_task-s1	118	1	119	sub-012	ses-101	task-s1	1;2;3	1;1;1
982	983	982	983	3	3	trialwise	789;2486;4175	789;2486;4175	5;16;27	154;83;4	sub-012_ses-102_task-s5;sub-012_ses-203_task-s5;sub-012_ses-301_task-s5	789	5	154	sub-012	ses-102	task-s5	1;2;3	5;5;5
983	984	983	984	3	3	trialwise	813;2615;4370	813;2615;4370	6;17;28	20;54;41	sub-012_ses-102_task-s6;sub-012_ses-203_task-s6;sub-012_ses-302_task-s6	813	6	20	sub-012	ses-102	task-s6	1;2;3	6;6;6
984	985	984	985	3	3	trialwise	405;2129;3868	405;2129;3868	3;14;25	88;44;15	sub-012_ses-101_task-s3;sub-012_ses-201_task-s3;sub-012_ses-301_task-s3	405	3	88	sub-012	ses-101	task-s3	1;2;3	3;3;3
985	986	985	986	3	3	trialwise	772;2440;4269	772;2440;4269	5;16;27	137;37;98	sub-012_ses-102_task-s5;sub-012_ses-203_task-s5;sub-012_ses-301_task-s5	772	5	137	sub-012	ses-102	task-s5	1;2;3	5;5;5
986	987	986	987	3	3	trialwise	477;2311;4032	477;2311;4032	4;15;26	1;67;20	sub-012_ses-102_task-s4;sub-012_ses-203_task-s4;sub-012_ses-301_task-s4	477	4	1	sub-012	ses-102	task-s4	1;2;3	4;4;4
987	988	987	988	3	3	trialwise	349;2151;3915	349;2151;3915	3;14;25	32;66;62	sub-012_ses-101_task-s3;sub-012_ses-201_task-s3;sub-012_ses-301_task-s3	349	3	32	sub-012	ses-101	task-s3	1;2;3	3;3;3
988	989	988	989	3	3	trialwise	877;2696;4449	877;2696;4449	6;17;28	84;135;120	sub-012_ses-102_task-s6;sub-012_ses-203_task-s6;sub-012_ses-302_task-s6	877	6	84	sub-012	ses-102	task-s6	1;2;3	6;6;6
989	990	989	990	3	3	trialwise	1054;2753;4643	1054;2753;4643	7;18;29	103;34;156	sub-012_ses-102_task-s7;sub-012_ses-203_task-s7;sub-012_ses-302_task-s7	1054	7	103	sub-012	ses-102	task-s7	1;2;3	7;7;7
990	991	990	991	3	3	trialwise	1237;2922;4775	1237;2922;4775	8;19;30	128;45;130	sub-012_ses-103_task-s8;sub-012_ses-204_task-s8;sub-012_ses-302_task-s8	1237	8	128	sub-012	ses-103	task-s8	1;2;3	8;8;8
991	992	991	992	3	3	trialwise	1199;2931;4656	1199;2931;4656	8;19;30	90;54;11	sub-012_ses-103_task-s8;sub-012_ses-204_task-s8;sub-012_ses-302_task-s8	1199	8	90	sub-012	ses-103	task-s8	1;2;3	8;8;8
992	993	992	993	3	3	trialwise	637;2494;4219	637;2494;4219	5;16;27	2;91;48	sub-012_ses-102_task-s5;sub-012_ses-203_task-s5;sub-012_ses-301_task-s5	637	5	2	sub-012	ses-102	task-s5	1;2;3	5;5;5
993	994	993	994	3	3	trialwise	888;2589;4400	888;2589;4400	6;17;28	95;28;71	sub-012_ses-102_task-s6;sub-012_ses-203_task-s6;sub-012_ses-302_task-s6	888	6	95	sub-012	ses-102	task-s6	1;2;3	6;6;6
994	995	994	995	3	3	trialwise	1105;2767;4524	1105;2767;4524	7;18;29	154;48;37	sub-012_ses-102_task-s7;sub-012_ses-203_task-s7;sub-012_ses-302_task-s7	1105	7	154	sub-012	ses-102	task-s7	1;2;3	7;7;7
995	996	995	996	3	3	trialwise	693;2506;4268	693;2506;4268	5;16;27	58;103;97	sub-012_ses-102_task-s5;sub-012_ses-203_task-s5;sub-012_ses-301_task-s5	693	5	58	sub-012	ses-102	task-s5	1;2;3	5;5;5
996	997	996	997	3	3	trialwise	1219;2962;4770	1219;2962;4770	8;19;30	110;85;125	sub-012_ses-103_task-s8;sub-012_ses-204_task-s8;sub-012_ses-302_task-s8	1219	8	110	sub-012	ses-103	task-s8	1;2;3	8;8;8
997	998	997	998	3	3	trialwise	465;2166;3906	465;2166;3906	3;14;25	148;81;53	sub-012_ses-101_task-s3;sub-012_ses-201_task-s3;sub-012_ses-301_task-s3	465	3	148	sub-012	ses-101	task-s3	1;2;3	3;3;3
998	999	998	999	3	3	trialwise	595;2374;4139	595;2374;4139	4;15;26	119;130;127	sub-012_ses-102_task-s4;sub-012_ses-203_task-s4;sub-012_ses-301_task-s4	595	4	119	sub-012	ses-102	task-s4	1;2;3	4;4;4
999	1000	999	1000	3	3	trialwise	1109;2809;4529	1109;2809;4529	7;18;29	158;90;42	sub-012_ses-102_task-s7;sub-012_ses-203_task-s7;sub-012_ses-302_task-s7	1109	7	158	sub-012	ses-102	task-s7	1;2;3	7;7;7
1000	1001	1000	1001	3	3	trialwise	604;2335;4165	604;2335;4165	4;15;26	128;91;153	sub-012_ses-102_task-s4;sub-012_ses-203_task-s4;sub-012_ses-301_task-s4	604	4	128	sub-012	ses-102	task-s4	1;2;3	4;4;4
1001	1002	1001	1002	3	3	trialwise	1014;2795;4584	1014;2795;4584	7;18;29	63;76;97	sub-012_ses-102_task-s7;sub-012_ses-203_task-s7;sub-012_ses-302_task-s7	1014	7	63	sub-012	ses-102	task-s7	1;2;3	7;7;7
1002	1003	1002	1003	3	3	trialwise	342;2086;3963	342;2086;3963	3;14;25	25;1;110	sub-012_ses-101_task-s3;sub-012_ses-201_task-s3;sub-012_ses-301_task-s3	342	3	25	sub-012	ses-101	task-s3	1;2;3	3;3;3
1003	1004	1003	1004	3	3	trialwise	611;2391;4071	611;2391;4071	4;15;26	135;147;59	sub-012_ses-102_task-s4;sub-012_ses-203_task-s4;sub-012_ses-301_task-s4	611	4	135	sub-012	ses-102	task-s4	1;2;3	4;4;4
1004	1005	1004	1005	3	3	trialwise	933;2618;4397	933;2618;4397	6;17;28	140;57;68	sub-012_ses-102_task-s6;sub-012_ses-203_task-s6;sub-012_ses-302_task-s6	933	6	140	sub-012	ses-102	task-s6	1;2;3	6;6;6
1005	1006	1005	1006	3	3	trialwise	489;2334;4084	489;2334;4084	4;15;26	13;90;72	sub-012_ses-102_task-s4;sub-012_ses-203_task-s4;sub-012_ses-301_task-s4	489	4	13	sub-012	ses-102	task-s4	1;2;3	4;4;4
1006	1007	1006	1007	3	3	trialwise	649;2456;4309	649;2456;4309	5;16;27	14;53;138	sub-012_ses-102_task-s5;sub-012_ses-203_task-s5;sub-012_ses-301_task-s5	649	5	14	sub-012	ses-102	task-s5	1;2;3	5;5;5
1007	1008	1007	1008	3	3	trialwise	432;2220;3994	432;2220;3994	3;14;25	115;135;141	sub-012_ses-101_task-s3;sub-012_ses-201_task-s3;sub-012_ses-301_task-s3	432	3	115	sub-012	ses-101	task-s3	1;2;3	3;3;3
1008	1009	1008	1009	3	3	trialwise	541;2246;4064	541;2246;4064	4;15;26	65;2;52	sub-012_ses-102_task-s4;sub-012_ses-203_task-s4;sub-012_ses-301_task-s4	541	4	65	sub-012	ses-102	task-s4	1;2;3	4;4;4
1009	1010	1009	1010	3	3	trialwise	146;1784;3665	146;1784;3665	1;12;23	147;17;130	sub-012_ses-101_task-s1;sub-012_ses-201_task-s1;sub-012_ses-301_task-s1	146	1	147	sub-012	ses-101	task-s1	1;2;3	1;1;1
1010	1011	1010	1011	3	3	trialwise	1091;2823;4592	1091;2823;4592	7;18;29	140;104;105	sub-012_ses-102_task-s7;sub-012_ses-203_task-s7;sub-012_ses-302_task-s7	1091	7	140	sub-012	ses-102	task-s7	1;2;3	7;7;7
1011	1012	1011	1012	3	3	trialwise	720;2426;4238	720;2426;4238	5;16;27	85;23;67	sub-012_ses-102_task-s5;sub-012_ses-203_task-s5;sub-012_ses-301_task-s5	720	5	85	sub-012	ses-102	task-s5	1;2;3	5;5;5
1012	1013	1012	1013	3	3	trialwise	1255;2980;4732	1255;2980;4732	8;19;30	146;103;87	sub-012_ses-103_task-s8;sub-012_ses-204_task-s8;sub-012_ses-302_task-s8	1255	8	146	sub-012	ses-103	task-s8	1;2;3	8;8;8
1013	1014	1013	1014	3	3	trialwise	288;1994;3733	288;1994;3733	2;13;24	130;68;39	sub-012_ses-101_task-s2;sub-012_ses-201_task-s2;sub-012_ses-301_task-s2	288	2	130	sub-012	ses-101	task-s2	1;2;3	2;2;2
1014	1015	1014	1015	3	3	trialwise	471;2158;3940	471;2158;3940	3;14;25	154;73;87	sub-012_ses-101_task-s3;sub-012_ses-201_task-s3;sub-012_ses-301_task-s3	471	3	154	sub-012	ses-101	task-s3	1;2;3	3;3;3
1015	1016	1015	1016	3	3	trialwise	705;2551;4249	705;2551;4249	5;16;27	70;148;78	sub-012_ses-102_task-s5;sub-012_ses-203_task-s5;sub-012_ses-301_task-s5	705	5	70	sub-012	ses-102	task-s5	1;2;3	5;5;5
1016	1017	1016	1017	3	3	trialwise	23;1885;3633	23;1885;3633	1;12;23	24;118;98	sub-012_ses-101_task-s1;sub-012_ses-201_task-s1;sub-012_ses-301_task-s1	23	1	24	sub-012	ses-101	task-s1	1;2;3	1;1;1
1017	1018	1017	1018	3	3	trialwise	998;2862;4513	998;2862;4513	7;18;29	47;143;26	sub-012_ses-102_task-s7;sub-012_ses-203_task-s7;sub-012_ses-302_task-s7	998	7	47	sub-012	ses-102	task-s7	1;2;3	7;7;7
1018	1019	1018	1019	3	3	trialwise	522;2376;4038	522;2376;4038	4;15;26	46;132;26	sub-012_ses-102_task-s4;sub-012_ses-203_task-s4;sub-012_ses-301_task-s4	522	4	46	sub-012	ses-102	task-s4	1;2;3	4;4;4
1019	1020	1019	1020	3	3	trialwise	1153;2926;4664	1153;2926;4664	8;19;30	44;49;19	sub-012_ses-103_task-s8;sub-012_ses-204_task-s8;sub-012_ses-302_task-s8	1153	8	44	sub-012	ses-103	task-s8	1;2;3	8;8;8
1020	1021	1020	1021	3	3	trialwise	844;2608;4401	844;2608;4401	6;17;28	51;47;72	sub-012_ses-102_task-s6;sub-012_ses-203_task-s6;sub-012_ses-302_task-s6	844	6	51	sub-012	ses-102	task-s6	1;2;3	6;6;6
1021	1022	1021	1022	3	3	trialwise	939;2569;4439	939;2569;4439	6;17;28	146;8;110	sub-012_ses-102_task-s6;sub-012_ses-203_task-s6;sub-012_ses-302_task-s6	939	6	146	sub-012	ses-102	task-s6	1;2;3	6;6;6
1022	1023	1022	1023	3	3	trialwise	55;1823;3693	55;1823;3693	1;12;23	56;56;158	sub-012_ses-101_task-s1;sub-012_ses-201_task-s1;sub-012_ses-301_task-s1	55	1	56	sub-012	ses-101	task-s1	1;2;3	1;1;1
1023	1024	1023	1024	3	3	trialwise	1148;2974;4766	1148;2974;4766	8;19;30	39;97;121	sub-012_ses-103_task-s8;sub-012_ses-204_task-s8;sub-012_ses-302_task-s8	1148	8	39	sub-012	ses-103	task-s8	1;2;3	8;8;8
1024	1025	1024	1025	3	3	trialwise	209;2085;3759	209;2085;3759	2;13;24	51;159;65	sub-012_ses-101_task-s2;sub-012_ses-201_task-s2;sub-012_ses-301_task-s2	209	2	51	sub-012	ses-101	task-s2	1;2;3	2;2;2
1025	1026	1025	1026	3	3	trialwise	896;2627;4481	896;2627;4481	6;17;28	103;66;152	sub-012_ses-102_task-s6;sub-012_ses-203_task-s6;sub-012_ses-302_task-s6	896	6	103	sub-012	ses-102	task-s6	1;2;3	6;6;6
1026	1027	1026	1027	3	3	trialwise	1060;2791;4535	1060;2791;4535	7;18;29	109;72;48	sub-012_ses-102_task-s7;sub-012_ses-203_task-s7;sub-012_ses-302_task-s7	1060	7	109	sub-012	ses-102	task-s7	1;2;3	7;7;7
1027	1028	1027	1028	3	3	trialwise	600;2265;4040	600;2265;4040	4;15;26	124;21;28	sub-012_ses-102_task-s4;sub-012_ses-203_task-s4;sub-012_ses-301_task-s4	600	4	124	sub-012	ses-102	task-s4	1;2;3	4;4;4
1028	1029	1028	1029	3	3	trialwise	22;1923;3575	22;1923;3575	1;12;23	23;156;40	sub-012_ses-101_task-s1;sub-012_ses-201_task-s1;sub-012_ses-301_task-s1	22	1	23	sub-012	ses-101	task-s1	1;2;3	1;1;1
1029	1030	1029	1030	3	3	trialwise	674;2412;4225	674;2412;4225	5;16;27	39;9;54	sub-012_ses-102_task-s5;sub-012_ses-203_task-s5;sub-012_ses-301_task-s5	674	5	39	sub-012	ses-102	task-s5	1;2;3	5;5;5
1030	1031	1030	1031	3	3	trialwise	374;2117;3988	374;2117;3988	3;14;25	57;32;135	sub-012_ses-101_task-s3;sub-012_ses-201_task-s3;sub-012_ses-301_task-s3	374	3	57	sub-012	ses-101	task-s3	1;2;3	3;3;3
1031	1032	1031	1032	3	3	trialwise	5;1896;3672	5;1896;3672	1;12;23	6;129;137	sub-012_ses-101_task-s1;sub-012_ses-201_task-s1;sub-012_ses-301_task-s1	5	1	6	sub-012	ses-101	task-s1	1;2;3	1;1;1
1032	1033	1032	1033	3	3	trialwise	153;1850;3643	153;1850;3643	1;12;23	154;83;108	sub-012_ses-101_task-s1;sub-012_ses-201_task-s1;sub-012_ses-301_task-s1	153	1	154	sub-012	ses-101	task-s1	1;2;3	1;1;1
1033	1034	1033	1034	3	3	trialwise	656;2512;4237	656;2512;4237	5;16;27	21;109;66	sub-012_ses-102_task-s5;sub-012_ses-203_task-s5;sub-012_ses-301_task-s5	656	5	21	sub-012	ses-102	task-s5	1;2;3	5;5;5
1034	1035	1034	1035	3	3	trialwise	424;2225;3957	424;2225;3957	3;14;25	107;140;104	sub-012_ses-101_task-s3;sub-012_ses-201_task-s3;sub-012_ses-301_task-s3	424	3	107	sub-012	ses-101	task-s3	1;2;3	3;3;3
1035	1036	1035	1036	3	3	trialwise	312;2059;3813	312;2059;3813	2;13;24	154;133;119	sub-012_ses-101_task-s2;sub-012_ses-201_task-s2;sub-012_ses-301_task-s2	312	2	154	sub-012	ses-101	task-s2	1;2;3	2;2;2
1036	1037	1036	1037	3	3	trialwise	1192;2936;4755	1192;2936;4755	8;19;30	83;59;110	sub-012_ses-103_task-s8;sub-012_ses-204_task-s8;sub-012_ses-302_task-s8	1192	8	83	sub-012	ses-103	task-s8	1;2;3	8;8;8
1037	1038	1037	1038	3	3	trialwise	299;2044;3849	299;2044;3849	2;13;24	141;118;155	sub-012_ses-101_task-s2;sub-012_ses-201_task-s2;sub-012_ses-301_task-s2	299	2	141	sub-012	ses-101	task-s2	1;2;3	2;2;2
1038	1039	1038	1039	3	3	trialwise	940;2642;4474	940;2642;4474	6;17;28	147;81;145	sub-012_ses-102_task-s6;sub-012_ses-203_task-s6;sub-012_ses-302_task-s6	940	6	147	sub-012	ses-102	task-s6	1;2;3	6;6;6
1039	1040	1039	1040	3	3	trialwise	872;2688;4354	872;2688;4354	6;17;28	79;127;25	sub-012_ses-102_task-s6;sub-012_ses-203_task-s6;sub-012_ses-302_task-s6	872	6	79	sub-012	ses-102	task-s6	1;2;3	6;6;6
1040	1041	1040	1041	3	3	trialwise	545;2336;4022	545;2336;4022	4;15;26	69;92;10	sub-012_ses-102_task-s4;sub-012_ses-203_task-s4;sub-012_ses-301_task-s4	545	4	69	sub-012	ses-102	task-s4	1;2;3	4;4;4
1041	1042	1041	1042	3	3	trialwise	979;2739;4562	979;2739;4562	7;18;29	28;20;75	sub-012_ses-102_task-s7;sub-012_ses-203_task-s7;sub-012_ses-302_task-s7	979	7	28	sub-012	ses-102	task-s7	1;2;3	7;7;7
1042	1043	1042	1043	3	3	trialwise	1261;2937;4730	1261;2937;4730	8;19;30	152;60;85	sub-012_ses-103_task-s8;sub-012_ses-204_task-s8;sub-012_ses-302_task-s8	1261	8	152	sub-012	ses-103	task-s8	1;2;3	8;8;8
1043	1044	1043	1044	3	3	trialwise	109;1773;3642	109;1773;3642	1;12;23	110;6;107	sub-012_ses-101_task-s1;sub-012_ses-201_task-s1;sub-012_ses-301_task-s1	109	1	110	sub-012	ses-101	task-s1	1;2;3	1;1;1
1044	1045	1044	1045	3	3	trialwise	267;2014;3838	267;2014;3838	2;13;24	109;88;144	sub-012_ses-101_task-s2;sub-012_ses-201_task-s2;sub-012_ses-301_task-s2	267	2	109	sub-012	ses-101	task-s2	1;2;3	2;2;2
1045	1046	1045	1046	3	3	trialwise	617;2341;4161	617;2341;4161	4;15;26	141;97;149	sub-012_ses-102_task-s4;sub-012_ses-203_task-s4;sub-012_ses-301_task-s4	617	4	141	sub-012	ses-102	task-s4	1;2;3	4;4;4
1046	1047	1046	1047	3	3	trialwise	445;2162;3913	445;2162;3913	3;14;25	128;77;60	sub-012_ses-101_task-s3;sub-012_ses-201_task-s3;sub-012_ses-301_task-s3	445	3	128	sub-012	ses-101	task-s3	1;2;3	3;3;3
1047	1048	1047	1048	3	3	trialwise	509;2283;4128	509;2283;4128	4;15;26	33;39;116	sub-012_ses-102_task-s4;sub-012_ses-203_task-s4;sub-012_ses-301_task-s4	509	4	33	sub-012	ses-102	task-s4	1;2;3	4;4;4
1048	1049	1048	1049	3	3	trialwise	320;2122;3973	320;2122;3973	3;14;25	3;37;120	sub-012_ses-101_task-s3;sub-012_ses-201_task-s3;sub-012_ses-301_task-s3	320	3	3	sub-012	ses-101	task-s3	1;2;3	3;3;3
1049	1050	1049	1050	3	3	trialwise	697;2520;4224	697;2520;4224	5;16;27	62;117;53	sub-012_ses-102_task-s5;sub-012_ses-203_task-s5;sub-012_ses-301_task-s5	697	5	62	sub-012	ses-102	task-s5	1;2;3	5;5;5
1050	1051	1050	1051	3	3	trialwise	102;1803;3659	102;1803;3659	1;12;23	103;36;124	sub-012_ses-101_task-s1;sub-012_ses-201_task-s1;sub-012_ses-301_task-s1	102	1	103	sub-012	ses-101	task-s1	1;2;3	1;1;1
1051	1052	1051	1052	3	3	trialwise	915;2657;4386	915;2657;4386	6;17;28	122;96;57	sub-012_ses-102_task-s6;sub-012_ses-203_task-s6;sub-012_ses-302_task-s6	915	6	122	sub-012	ses-102	task-s6	1;2;3	6;6;6
1052	1053	1052	1053	3	3	trialwise	315;1964;3716	315;1964;3716	2;13;24	157;38;22	sub-012_ses-101_task-s2;sub-012_ses-201_task-s2;sub-012_ses-301_task-s2	315	2	157	sub-012	ses-101	task-s2	1;2;3	2;2;2
1053	1054	1053	1054	3	3	trialwise	223;2045;3695	223;2045;3695	2;13;24	65;119;1	sub-012_ses-101_task-s2;sub-012_ses-201_task-s2;sub-012_ses-301_task-s2	223	2	65	sub-012	ses-101	task-s2	1;2;3	2;2;2
1054	1055	1054	1055	3	3	trialwise	811;2575;4457	811;2575;4457	6;17;28	18;14;128	sub-012_ses-102_task-s6;sub-012_ses-203_task-s6;sub-012_ses-302_task-s6	811	6	18	sub-012	ses-102	task-s6	1;2;3	6;6;6
1055	1056	1055	1056	3	3	trialwise	874;2672;4428	874;2672;4428	6;17;28	81;111;99	sub-012_ses-102_task-s6;sub-012_ses-203_task-s6;sub-012_ses-302_task-s6	874	6	81	sub-012	ses-102	task-s6	1;2;3	6;6;6
1056	1057	1056	1057	3	3	trialwise	261;2084;3712	261;2084;3712	2;13;24	103;158;18	sub-012_ses-101_task-s2;sub-012_ses-201_task-s2;sub-012_ses-301_task-s2	261	2	103	sub-012	ses-101	task-s2	1;2;3	2;2;2
1057	1058	1057	1058	3	3	trialwise	1158;2929;4783	1158;2929;4783	8;19;30	49;52;138	sub-012_ses-103_task-s8;sub-012_ses-204_task-s8;sub-012_ses-302_task-s8	1158	8	49	sub-012	ses-103	task-s8	1;2;3	8;8;8
1058	1059	1058	1059	3	3	trialwise	399;2169;3993	399;2169;3993	3;14;25	82;84;140	sub-012_ses-101_task-s3;sub-012_ses-201_task-s3;sub-012_ses-301_task-s3	399	3	82	sub-012	ses-101	task-s3	1;2;3	3;3;3
1059	1060	1059	1060	3	3	trialwise	953;2875;4579	953;2875;4579	7;18;29	2;156;92	sub-012_ses-102_task-s7;sub-012_ses-203_task-s7;sub-012_ses-302_task-s7	953	7	2	sub-012	ses-102	task-s7	1;2;3	7;7;7
1060	1061	1060	1061	3	3	trialwise	314;2069;3793	314;2069;3793	2;13;24	156;143;99	sub-012_ses-101_task-s2;sub-012_ses-201_task-s2;sub-012_ses-301_task-s2	314	2	156	sub-012	ses-101	task-s2	1;2;3	2;2;2
1061	1062	1061	1062	3	3	trialwise	770;2539;4213	770;2539;4213	5;16;27	135;136;42	sub-012_ses-102_task-s5;sub-012_ses-203_task-s5;sub-012_ses-301_task-s5	770	5	135	sub-012	ses-102	task-s5	1;2;3	5;5;5
1062	1063	1062	1063	3	3	trialwise	119;1857;3648	119;1857;3648	1;12;23	120;90;113	sub-012_ses-101_task-s1;sub-012_ses-201_task-s1;sub-012_ses-301_task-s1	119	1	120	sub-012	ses-101	task-s1	1;2;3	1;1;1
1063	1064	1063	1064	3	3	trialwise	1224;2987;4729	1224;2987;4729	8;19;30	115;110;84	sub-012_ses-103_task-s8;sub-012_ses-204_task-s8;sub-012_ses-302_task-s8	1224	8	115	sub-012	ses-103	task-s8	1;2;3	8;8;8
1064	1065	1064	1065	3	3	trialwise	192;1970;3769	192;1970;3769	2;13;24	34;44;75	sub-012_ses-101_task-s2;sub-012_ses-201_task-s2;sub-012_ses-301_task-s2	192	2	34	sub-012	ses-101	task-s2	1;2;3	2;2;2
1065	1066	1065	1066	3	3	trialwise	1217;3024;4709	1217;3024;4709	8;19;30	108;147;64	sub-012_ses-103_task-s8;sub-012_ses-204_task-s8;sub-012_ses-302_task-s8	1217	8	108	sub-012	ses-103	task-s8	1;2;3	8;8;8
1066	1067	1066	1067	3	3	trialwise	945;2666;4455	945;2666;4455	6;17;28	152;105;126	sub-012_ses-102_task-s6;sub-012_ses-203_task-s6;sub-012_ses-302_task-s6	945	6	152	sub-012	ses-102	task-s6	1;2;3	6;6;6
1067	1068	1067	1068	3	3	trialwise	524;2350;4153	524;2350;4153	4;15;26	48;106;141	sub-012_ses-102_task-s4;sub-012_ses-203_task-s4;sub-012_ses-301_task-s4	524	4	48	sub-012	ses-102	task-s4	1;2;3	4;4;4
1068	1069	1068	1069	3	3	trialwise	28;1911;3663	28;1911;3663	1;12;23	29;144;128	sub-012_ses-101_task-s1;sub-012_ses-201_task-s1;sub-012_ses-301_task-s1	28	1	29	sub-012	ses-101	task-s1	1;2;3	1;1;1
1069	1070	1069	1070	3	3	trialwise	354;2193;4003	354;2193;4003	3;14;25	37;108;150	sub-012_ses-101_task-s3;sub-012_ses-201_task-s3;sub-012_ses-301_task-s3	354	3	37	sub-012	ses-101	task-s3	1;2;3	3;3;3
1070	1071	1070	1071	3	3	trialwise	951;2596;4415	951;2596;4415	6;17;28	158;35;86	sub-012_ses-102_task-s6;sub-012_ses-203_task-s6;sub-012_ses-302_task-s6	951	6	158	sub-012	ses-102	task-s6	1;2;3	6;6;6
1071	1072	1071	1072	3	3	trialwise	298;2036;3829	298;2036;3829	2;13;24	140;110;135	sub-012_ses-101_task-s2;sub-012_ses-201_task-s2;sub-012_ses-301_task-s2	298	2	140	sub-012	ses-101	task-s2	1;2;3	2;2;2
1072	1073	1072	1073	3	3	trialwise	822;2702;4346	822;2702;4346	6;17;28	29;141;17	sub-012_ses-102_task-s6;sub-012_ses-203_task-s6;sub-012_ses-302_task-s6	822	6	29	sub-012	ses-102	task-s6	1;2;3	6;6;6
1073	1074	1073	1074	3	3	trialwise	925;2571;4341	925;2571;4341	6;17;28	132;10;12	sub-012_ses-102_task-s6;sub-012_ses-203_task-s6;sub-012_ses-302_task-s6	925	6	132	sub-012	ses-102	task-s6	1;2;3	6;6;6
1074	1075	1074	1075	3	3	trialwise	636;2529;4217	636;2529;4217	5;16;27	1;126;46	sub-012_ses-102_task-s5;sub-012_ses-203_task-s5;sub-012_ses-301_task-s5	636	5	1	sub-012	ses-102	task-s5	1;2;3	5;5;5
1075	1076	1075	1076	3	3	trialwise	1114;3023;4681	1114;3023;4681	8;19;30	5;146;36	sub-012_ses-103_task-s8;sub-012_ses-204_task-s8;sub-012_ses-302_task-s8	1114	8	5	sub-012	ses-103	task-s8	1;2;3	8;8;8
1076	1077	1076	1077	3	3	trialwise	1139;2914;4707	1139;2914;4707	8;19;30	30;37;62	sub-012_ses-103_task-s8;sub-012_ses-204_task-s8;sub-012_ses-302_task-s8	1139	8	30	sub-012	ses-103	task-s8	1;2;3	8;8;8
1077	1078	1077	1078	3	3	trialwise	923;2714;4418	923;2714;4418	6;17;28	130;153;89	sub-012_ses-102_task-s6;sub-012_ses-203_task-s6;sub-012_ses-302_task-s6	923	6	130	sub-012	ses-102	task-s6	1;2;3	6;6;6
1078	1079	1078	1079	3	3	trialwise	501;2320;4138	501;2320;4138	4;15;26	25;76;126	sub-012_ses-102_task-s4;sub-012_ses-203_task-s4;sub-012_ses-301_task-s4	501	4	25	sub-012	ses-102	task-s4	1;2;3	4;4;4
1079	1080	1079	1080	3	3	trialwise	988;2873;4570	988;2873;4570	7;18;29	37;154;83	sub-012_ses-102_task-s7;sub-012_ses-203_task-s7;sub-012_ses-302_task-s7	988	7	37	sub-012	ses-102	task-s7	1;2;3	7;7;7
1080	1081	1080	1081	3	3	trialwise	1117;2970;4747	1117;2970;4747	8;19;30	8;93;102	sub-012_ses-103_task-s8;sub-012_ses-204_task-s8;sub-012_ses-302_task-s8	1117	8	8	sub-012	ses-103	task-s8	1;2;3	8;8;8
1081	1082	1081	1082	3	3	trialwise	781;2518;4220	781;2518;4220	5;16;27	146;115;49	sub-012_ses-102_task-s5;sub-012_ses-203_task-s5;sub-012_ses-301_task-s5	781	5	146	sub-012	ses-102	task-s5	1;2;3	5;5;5
1082	1083	1082	1083	3	3	trialwise	832;2578;4352	832;2578;4352	6;17;28	39;17;23	sub-012_ses-102_task-s6;sub-012_ses-203_task-s6;sub-012_ses-302_task-s6	832	6	39	sub-012	ses-102	task-s6	1;2;3	6;6;6
1083	1084	1083	1084	3	3	trialwise	264;2078;3789	264;2078;3789	2;13;24	106;152;95	sub-012_ses-101_task-s2;sub-012_ses-201_task-s2;sub-012_ses-301_task-s2	264	2	106	sub-012	ses-101	task-s2	1;2;3	2;2;2
1084	1085	1084	1085	3	3	trialwise	1052;2818;4595	1052;2818;4595	7;18;29	101;99;108	sub-012_ses-102_task-s7;sub-012_ses-203_task-s7;sub-012_ses-302_task-s7	1052	7	101	sub-012	ses-102	task-s7	1;2;3	7;7;7
1085	1086	1085	1086	3	3	trialwise	669;2405;4275	669;2405;4275	5;16;27	34;2;104	sub-012_ses-102_task-s5;sub-012_ses-203_task-s5;sub-012_ses-301_task-s5	669	5	34	sub-012	ses-102	task-s5	1;2;3	5;5;5
1086	1087	1086	1087	3	3	trialwise	291;2073;3810	291;2073;3810	2;13;24	133;147;116	sub-012_ses-101_task-s2;sub-012_ses-201_task-s2;sub-012_ses-301_task-s2	291	2	133	sub-012	ses-101	task-s2	1;2;3	2;2;2
1087	1088	1087	1088	3	3	trialwise	234;1939;3805	234;1939;3805	2;13;24	76;13;111	sub-012_ses-101_task-s2;sub-012_ses-201_task-s2;sub-012_ses-301_task-s2	234	2	76	sub-012	ses-101	task-s2	1;2;3	2;2;2
1088	1089	1088	1089	3	3	trialwise	276;1998;3764	276;1998;3764	2;13;24	118;72;70	sub-012_ses-101_task-s2;sub-012_ses-201_task-s2;sub-012_ses-301_task-s2	276	2	118	sub-012	ses-101	task-s2	1;2;3	2;2;2
1089	1090	1089	1090	3	3	trialwise	306;1999;3763	306;1999;3763	2;13;24	148;73;69	sub-012_ses-101_task-s2;sub-012_ses-201_task-s2;sub-012_ses-301_task-s2	306	2	148	sub-012	ses-101	task-s2	1;2;3	2;2;2
1090	1091	1090	1091	3	3	trialwise	1178;3008;4781	1178;3008;4781	8;19;30	69;131;136	sub-012_ses-103_task-s8;sub-012_ses-204_task-s8;sub-012_ses-302_task-s8	1178	8	69	sub-012	ses-103	task-s8	1;2;3	8;8;8
1091	1092	1091	1092	3	3	trialwise	2;1867;3538	2;1867;3538	1;12;23	3;100;3	sub-012_ses-101_task-s1;sub-012_ses-201_task-s1;sub-012_ses-301_task-s1	2	1	3	sub-012	ses-101	task-s1	1;2;3	1;1;1
1092	1093	1092	1093	3	3	trialwise	38;1890;3657	38;1890;3657	1;12;23	39;123;122	sub-012_ses-101_task-s1;sub-012_ses-201_task-s1;sub-012_ses-301_task-s1	38	1	39	sub-012	ses-101	task-s1	1;2;3	1;1;1
1093	1094	1093	1094	3	3	trialwise	1140;2996;4687	1140;2996;4687	8;19;30	31;119;42	sub-012_ses-103_task-s8;sub-012_ses-204_task-s8;sub-012_ses-302_task-s8	1140	8	31	sub-012	ses-103	task-s8	1;2;3	8;8;8
1094	1095	1094	1095	3	3	trialwise	803;2656;4487	803;2656;4487	6;17;28	10;95;158	sub-012_ses-102_task-s6;sub-012_ses-203_task-s6;sub-012_ses-302_task-s6	803	6	10	sub-012	ses-102	task-s6	1;2;3	6;6;6
1095	1096	1095	1096	3	3	trialwise	907;2679;4363	907;2679;4363	6;17;28	114;118;34	sub-012_ses-102_task-s6;sub-012_ses-203_task-s6;sub-012_ses-302_task-s6	907	6	114	sub-012	ses-102	task-s6	1;2;3	6;6;6
1096	1097	1096	1097	3	3	trialwise	43;1813;3552	43;1813;3552	1;12;23	44;46;17	sub-012_ses-101_task-s1;sub-012_ses-201_task-s1;sub-012_ses-301_task-s1	43	1	44	sub-012	ses-101	task-s1	1;2;3	1;1;1
1097	1098	1097	1098	3	3	trialwise	819;2691;4375	819;2691;4375	6;17;28	26;130;46	sub-012_ses-102_task-s6;sub-012_ses-203_task-s6;sub-012_ses-302_task-s6	819	6	26	sub-012	ses-102	task-s6	1;2;3	6;6;6
1098	1099	1098	1099	3	3	trialwise	132;1862;3640	132;1862;3640	1;12;23	133;95;105	sub-012_ses-101_task-s1;sub-012_ses-201_task-s1;sub-012_ses-301_task-s1	132	1	133	sub-012	ses-101	task-s1	1;2;3	1;1;1
1099	1100	1099	1100	3	3	trialwise	497;2262;4060	497;2262;4060	4;15;26	21;18;48	sub-012_ses-102_task-s4;sub-012_ses-203_task-s4;sub-012_ses-301_task-s4	497	4	21	sub-012	ses-102	task-s4	1;2;3	4;4;4
1100	1101	1100	1101	3	3	trialwise	755;2516;4243	755;2516;4243	5;16;27	120;113;72	sub-012_ses-102_task-s5;sub-012_ses-203_task-s5;sub-012_ses-301_task-s5	755	5	120	sub-012	ses-102	task-s5	1;2;3	5;5;5
1101	1102	1101	1102	3	3	trialwise	1189;2928;4704	1189;2928;4704	8;19;30	80;51;59	sub-012_ses-103_task-s8;sub-012_ses-204_task-s8;sub-012_ses-302_task-s8	1189	8	80	sub-012	ses-103	task-s8	1;2;3	8;8;8
1102	1103	1102	1103	3	3	trialwise	807;2631;4450	807;2631;4450	6;17;28	14;70;121	sub-012_ses-102_task-s6;sub-012_ses-203_task-s6;sub-012_ses-302_task-s6	807	6	14	sub-012	ses-102	task-s6	1;2;3	6;6;6
1103	1104	1103	1104	3	3	trialwise	369;2111;3857	369;2111;3857	3;14;25	52;26;4	sub-012_ses-101_task-s3;sub-012_ses-201_task-s3;sub-012_ses-301_task-s3	369	3	52	sub-012	ses-101	task-s3	1;2;3	3;3;3
1104	1105	1104	1105	3	3	trialwise	275;1997;3752	275;1997;3752	2;13;24	117;71;58	sub-012_ses-101_task-s2;sub-012_ses-201_task-s2;sub-012_ses-301_task-s2	275	2	117	sub-012	ses-101	task-s2	1;2;3	2;2;2
1105	1106	1105	1106	3	3	trialwise	638;2432;4216	638;2432;4216	5;16;27	3;29;45	sub-012_ses-102_task-s5;sub-012_ses-203_task-s5;sub-012_ses-301_task-s5	638	5	3	sub-012	ses-102	task-s5	1;2;3	5;5;5
1106	1107	1106	1107	3	3	trialwise	1173;3029;4764	1173;3029;4764	8;19;30	64;152;119	sub-012_ses-103_task-s8;sub-012_ses-204_task-s8;sub-012_ses-302_task-s8	1173	8	64	sub-012	ses-103	task-s8	1;2;3	8;8;8
1107	1108	1107	1108	3	3	trialwise	960;2766;4587	960;2766;4587	7;18;29	9;47;100	sub-012_ses-102_task-s7;sub-012_ses-203_task-s7;sub-012_ses-302_task-s7	960	7	9	sub-012	ses-102	task-s7	1;2;3	7;7;7
1108	1109	1108	1109	3	3	trialwise	296;2077;3704	296;2077;3704	2;13;24	138;151;10	sub-012_ses-101_task-s2;sub-012_ses-201_task-s2;sub-012_ses-301_task-s2	296	2	138	sub-012	ses-101	task-s2	1;2;3	2;2;2
1109	1110	1109	1110	3	3	trialwise	75;1845;3590	75;1845;3590	1;12;23	76;78;55	sub-012_ses-101_task-s1;sub-012_ses-201_task-s1;sub-012_ses-301_task-s1	75	1	76	sub-012	ses-101	task-s1	1;2;3	1;1;1
1110	1111	1110	1111	3	3	trialwise	612;2310;4130	612;2310;4130	4;15;26	136;66;118	sub-012_ses-102_task-s4;sub-012_ses-203_task-s4;sub-012_ses-301_task-s4	612	4	136	sub-012	ses-102	task-s4	1;2;3	4;4;4
1111	1112	1111	1112	3	3	trialwise	808;2715;4471	808;2715;4471	6;17;28	15;154;142	sub-012_ses-102_task-s6;sub-012_ses-203_task-s6;sub-012_ses-302_task-s6	808	6	15	sub-012	ses-102	task-s6	1;2;3	6;6;6
1112	1113	1112	1113	3	3	trialwise	361;2172;3970	361;2172;3970	3;14;25	44;87;117	sub-012_ses-101_task-s3;sub-012_ses-201_task-s3;sub-012_ses-301_task-s3	361	3	44	sub-012	ses-101	task-s3	1;2;3	3;3;3
1113	1114	1113	1114	3	3	trialwise	568;2297;4082	568;2297;4082	4;15;26	92;53;70	sub-012_ses-102_task-s4;sub-012_ses-203_task-s4;sub-012_ses-301_task-s4	568	4	92	sub-012	ses-102	task-s4	1;2;3	4;4;4
1114	1115	1114	1115	3	3	trialwise	565;2357;4114	565;2357;4114	4;15;26	89;113;102	sub-012_ses-102_task-s4;sub-012_ses-203_task-s4;sub-012_ses-301_task-s4	565	4	89	sub-012	ses-102	task-s4	1;2;3	4;4;4
1115	1116	1115	1116	3	3	trialwise	263;1943;3821	263;1943;3821	2;13;24	105;17;127	sub-012_ses-101_task-s2;sub-012_ses-201_task-s2;sub-012_ses-301_task-s2	263	2	105	sub-012	ses-101	task-s2	1;2;3	2;2;2
1116	1117	1116	1117	3	3	trialwise	639;2493;4297	639;2493;4297	5;16;27	4;90;126	sub-012_ses-102_task-s5;sub-012_ses-203_task-s5;sub-012_ses-301_task-s5	639	5	4	sub-012	ses-102	task-s5	1;2;3	5;5;5
1117	1118	1117	1118	3	3	trialwise	714;2485;4283	714;2485;4283	5;16;27	79;82;112	sub-012_ses-102_task-s5;sub-012_ses-203_task-s5;sub-012_ses-301_task-s5	714	5	79	sub-012	ses-102	task-s5	1;2;3	5;5;5
1118	1119	1118	1119	3	3	trialwise	500;2305;4101	500;2305;4101	4;15;26	24;61;89	sub-012_ses-102_task-s4;sub-012_ses-203_task-s4;sub-012_ses-301_task-s4	500	4	24	sub-012	ses-102	task-s4	1;2;3	4;4;4
1119	1120	1119	1120	3	3	trialwise	952;2751;4540	952;2751;4540	7;18;29	1;32;53	sub-012_ses-102_task-s7;sub-012_ses-203_task-s7;sub-012_ses-302_task-s7	952	7	1	sub-012	ses-102	task-s7	1;2;3	7;7;7
1120	1127	1120	1121	3	3	trialwise	1736;3474;5168	1736;3474;5168	11;22;33	135;105;31	sub-012_ses-103_task-s11;sub-012_ses-205_task-s11;sub-012_ses-303_task-s11	1736	11	135	sub-012	ses-103	task-s11	1;2;3	11;11;11
1121	1142	1121	1122	3	3	trialwise	1559;3312;5054	1559;3312;5054	10;21;32	125;110;84	sub-012_ses-103_task-s10;sub-012_ses-205_task-s10;sub-012_ses-303_task-s10	1559	10	125	sub-012	ses-103	task-s10	1;2;3	10;10;10
1122	1171	1122	1123	3	3	trialwise	1728;3523;5183	1728;3523;5183	11;22;33	127;154;46	sub-012_ses-103_task-s11;sub-012_ses-205_task-s11;sub-012_ses-303_task-s11	1728	11	127	sub-012	ses-103	task-s11	1;2;3	11;11;11
1123	1188	1123	1124	3	3	trialwise	1596;3298;5043	1596;3298;5043	10;21;32	162;96;73	sub-012_ses-103_task-s10;sub-012_ses-205_task-s10;sub-012_ses-303_task-s10	1596	10	162	sub-012	ses-103	task-s10	1;2;3	10;10;10
1124	1206	1124	1125	3	3	trialwise	1614;3396;5160	1614;3396;5160	11;22;33	13;27;23	sub-012_ses-103_task-s11;sub-012_ses-205_task-s11;sub-012_ses-303_task-s11	1614	11	13	sub-012	ses-103	task-s11	1;2;3	11;11;11
1125	1232	1125	1126	3	3	trialwise	1269;3196;4918	1269;3196;4918	9;20;31	2;161;115	sub-012_ses-103_task-s9;sub-012_ses-205_task-s9;sub-012_ses-304_task-s9	1269	9	2	sub-012	ses-103	task-s9	1;2;3	9;9;9
1126	1259	1126	1127	3	3	trialwise	1709;3462;5258	1709;3462;5258	11;22;33	108;93;121	sub-012_ses-103_task-s11;sub-012_ses-205_task-s11;sub-012_ses-303_task-s11	1709	11	108	sub-012	ses-103	task-s11	1;2;3	11;11;11
1127	1263	1127	1128	3	3	trialwise	1758;3533;5255	1758;3533;5255	11;22;33	157;164;118	sub-012_ses-103_task-s11;sub-012_ses-205_task-s11;sub-012_ses-303_task-s11	1758	11	157	sub-012	ses-103	task-s11	1;2;3	11;11;11
1128	1277	1128	1129	3	3	trialwise	1388;3151;4829	1388;3151;4829	9;20;31	121;116;26	sub-012_ses-103_task-s9;sub-012_ses-205_task-s9;sub-012_ses-304_task-s9	1388	9	121	sub-012	ses-103	task-s9	1;2;3	9;9;9
1129	1319	1129	1130	3	3	trialwise	1360;3095;4837	1360;3095;4837	9;20;31	93;60;34	sub-012_ses-103_task-s9;sub-012_ses-205_task-s9;sub-012_ses-304_task-s9	1360	9	93	sub-012	ses-103	task-s9	1;2;3	9;9;9
1130	1323	1130	1131	3	3	trialwise	1494;3343;5107	1494;3343;5107	10;21;32	60;141;137	sub-012_ses-103_task-s10;sub-012_ses-205_task-s10;sub-012_ses-303_task-s10	1494	10	60	sub-012	ses-103	task-s10	1;2;3	10;10;10
1131	1342	1131	1132	3	3	trialwise	1653;3401;5150	1653;3401;5150	11;22;33	52;32;13	sub-012_ses-103_task-s11;sub-012_ses-205_task-s11;sub-012_ses-303_task-s11	1653	11	52	sub-012	ses-103	task-s11	1;2;3	11;11;11
1132	1372	1132	1133	3	3	trialwise	1580;3269;5123	1580;3269;5123	10;21;32	146;67;153	sub-012_ses-103_task-s10;sub-012_ses-205_task-s10;sub-012_ses-303_task-s10	1580	10	146	sub-012	ses-103	task-s10	1;2;3	10;10;10
1133	1375	1133	1134	3	3	trialwise	1545;3352;5020	1545;3352;5020	10;21;32	111;150;50	sub-012_ses-103_task-s10;sub-012_ses-205_task-s10;sub-012_ses-303_task-s10	1545	10	111	sub-012	ses-103	task-s10	1;2;3	10;10;10
1134	1411	1134	1135	3	3	trialwise	1455;3353;5079	1455;3353;5079	10;21;32	21;151;109	sub-012_ses-103_task-s10;sub-012_ses-205_task-s10;sub-012_ses-303_task-s10	1455	10	21	sub-012	ses-103	task-s10	1;2;3	10;10;10
1135	1415	1135	1136	3	3	trialwise	1621;3443;5278	1621;3443;5278	11;22;33	20;74;141	sub-012_ses-103_task-s11;sub-012_ses-205_task-s11;sub-012_ses-303_task-s11	1621	11	20	sub-012	ses-103	task-s11	1;2;3	11;11;11
1136	1455	1136	1137	3	3	trialwise	1654;3461;5230	1654;3461;5230	11;22;33	53;92;93	sub-012_ses-103_task-s11;sub-012_ses-205_task-s11;sub-012_ses-303_task-s11	1654	11	53	sub-012	ses-103	task-s11	1;2;3	11;11;11
1137	1463	1137	1138	3	3	trialwise	1398;3158;4914	1398;3158;4914	9;20;31	131;123;111	sub-012_ses-103_task-s9;sub-012_ses-205_task-s9;sub-012_ses-304_task-s9	1398	9	131	sub-012	ses-103	task-s9	1;2;3	9;9;9
1138	1500	1138	1139	3	3	trialwise	1361;3057;4966	1361;3057;4966	9;20;31	94;22;163	sub-012_ses-103_task-s9;sub-012_ses-205_task-s9;sub-012_ses-304_task-s9	1361	9	94	sub-012	ses-103	task-s9	1;2;3	9;9;9
1139	1504	1139	1140	3	3	trialwise	1720;3534;5224	1720;3534;5224	11;22;33	119;165;87	sub-012_ses-103_task-s11;sub-012_ses-205_task-s11;sub-012_ses-303_task-s11	1720	11	119	sub-012	ses-103	task-s11	1;2;3	11;11;11
1140	1530	1140	1141	3	3	trialwise	1583;3313;4975	1583;3313;4975	10;21;32	149;111;5	sub-012_ses-103_task-s10;sub-012_ses-205_task-s10;sub-012_ses-303_task-s10	1583	10	149	sub-012	ses-103	task-s10	1;2;3	10;10;10
1141	1541	1141	1142	3	3	trialwise	1512;3308;5030	1512;3308;5030	10;21;32	78;106;60	sub-012_ses-103_task-s10;sub-012_ses-205_task-s10;sub-012_ses-303_task-s10	1512	10	78	sub-012	ses-103	task-s10	1;2;3	10;10;10
1142	1562	1142	1143	3	3	trialwise	1435;3346;4983	1435;3346;4983	10;21;32	1;144;13	sub-012_ses-103_task-s10;sub-012_ses-205_task-s10;sub-012_ses-303_task-s10	1435	10	1	sub-012	ses-103	task-s10	1;2;3	10;10;10
1143	1571	1143	1144	3	3	trialwise	1747;3464;5174	1747;3464;5174	11;22;33	146;95;37	sub-012_ses-103_task-s11;sub-012_ses-205_task-s11;sub-012_ses-303_task-s11	1747	11	146	sub-012	ses-103	task-s11	1;2;3	11;11;11
1144	1620	1144	1145	3	3	trialwise	1304;3110;4954	1304;3110;4954	9;20;31	37;75;151	sub-012_ses-103_task-s9;sub-012_ses-205_task-s9;sub-012_ses-304_task-s9	1304	9	37	sub-012	ses-103	task-s9	1;2;3	9;9;9
1145	1639	1145	1146	3	3	trialwise	1402;3067;4827	1402;3067;4827	9;20;31	135;32;24	sub-012_ses-103_task-s9;sub-012_ses-205_task-s9;sub-012_ses-304_task-s9	1402	9	135	sub-012	ses-103	task-s9	1;2;3	9;9;9
1146	1646	1146	1147	3	3	trialwise	1476;3360;5104	1476;3360;5104	10;21;32	42;158;134	sub-012_ses-103_task-s10;sub-012_ses-205_task-s10;sub-012_ses-303_task-s10	1476	10	42	sub-012	ses-103	task-s10	1;2;3	10;10;10
1147	1671	1147	1148	3	3	trialwise	1731;3481;5223	1731;3481;5223	11;22;33	130;112;86	sub-012_ses-103_task-s11;sub-012_ses-205_task-s11;sub-012_ses-303_task-s11	1731	11	130	sub-012	ses-103	task-s11	1;2;3	11;11;11
1148	1681	1148	1149	3	3	trialwise	1556;3366;4994	1556;3366;4994	10;21;32	122;164;24	sub-012_ses-103_task-s10;sub-012_ses-205_task-s10;sub-012_ses-303_task-s10	1556	10	122	sub-012	ses-103	task-s10	1;2;3	10;10;10
1149	1707	1149	1150	3	3	trialwise	1408;3129;4941	1408;3129;4941	9;20;31	141;94;138	sub-012_ses-103_task-s9;sub-012_ses-205_task-s9;sub-012_ses-304_task-s9	1408	9	141	sub-012	ses-103	task-s9	1;2;3	9;9;9
1150	1740	1150	1151	3	3	trialwise	1399;3136;4907	1399;3136;4907	9;20;31	132;101;104	sub-012_ses-103_task-s9;sub-012_ses-205_task-s9;sub-012_ses-304_task-s9	1399	9	132	sub-012	ses-103	task-s9	1;2;3	9;9;9
1151	1751	1151	1152	3	3	trialwise	1470;3367;5106	1470;3367;5106	10;21;32	36;165;136	sub-012_ses-103_task-s10;sub-012_ses-205_task-s10;sub-012_ses-303_task-s10	1470	10	36	sub-012	ses-103	task-s10	1;2;3	10;10;10
1152	1775	1152	1153	3	3	trialwise	1589;3208;5128	1589;3208;5128	10;21;32	155;6;158	sub-012_ses-103_task-s10;sub-012_ses-205_task-s10;sub-012_ses-303_task-s10	1589	10	155	sub-012	ses-103	task-s10	1;2;3	10;10;10
1153	1784	1153	1154	3	3	trialwise	1475;3363;5022	1475;3363;5022	10;21;32	41;161;52	sub-012_ses-103_task-s10;sub-012_ses-205_task-s10;sub-012_ses-303_task-s10	1475	10	41	sub-012	ses-103	task-s10	1;2;3	10;10;10
1154	1803	1154	1155	3	3	trialwise	1297;3177;4881	1297;3177;4881	9;20;31	30;142;78	sub-012_ses-103_task-s9;sub-012_ses-205_task-s9;sub-012_ses-304_task-s9	1297	9	30	sub-012	ses-103	task-s9	1;2;3	9;9;9
1155	1823	1155	1156	3	3	trialwise	1619;3439;5182	1619;3439;5182	11;22;33	18;70;45	sub-012_ses-103_task-s11;sub-012_ses-205_task-s11;sub-012_ses-303_task-s11	1619	11	18	sub-012	ses-103	task-s11	1;2;3	11;11;11
1156	1853	1156	1157	3	3	trialwise	1601;3316;5089	1601;3316;5089	10;21;32	167;114;119	sub-012_ses-103_task-s10;sub-012_ses-205_task-s10;sub-012_ses-303_task-s10	1601	10	167	sub-012	ses-103	task-s10	1;2;3	10;10;10
1157	1878	1157	1158	3	3	trialwise	1331;3092;4892	1331;3092;4892	9;20;31	64;57;89	sub-012_ses-103_task-s9;sub-012_ses-205_task-s9;sub-012_ses-304_task-s9	1331	9	64	sub-012	ses-103	task-s9	1;2;3	9;9;9
1158	1903	1158	1159	3	3	trialwise	1706;3471;5215	1706;3471;5215	11;22;33	105;102;78	sub-012_ses-103_task-s11;sub-012_ses-205_task-s11;sub-012_ses-303_task-s11	1706	11	105	sub-012	ses-103	task-s11	1;2;3	11;11;11
1159	1914	1159	1160	3	3	trialwise	1574;3234;5130	1574;3234;5130	10;21;32	140;32;160	sub-012_ses-103_task-s10;sub-012_ses-205_task-s10;sub-012_ses-303_task-s10	1574	10	140	sub-012	ses-103	task-s10	1;2;3	10;10;10
1160	1955	1160	1161	3	3	trialwise	1732;3485;5166	1732;3485;5166	11;22;33	131;116;29	sub-012_ses-103_task-s11;sub-012_ses-205_task-s11;sub-012_ses-303_task-s11	1732	11	131	sub-012	ses-103	task-s11	1;2;3	11;11;11
1161	1959	1161	1162	3	3	trialwise	1536;3253;4985	1536;3253;4985	10;21;32	102;51;15	sub-012_ses-103_task-s10;sub-012_ses-205_task-s10;sub-012_ses-303_task-s10	1536	10	102	sub-012	ses-103	task-s10	1;2;3	10;10;10
1162	1966	1162	1163	3	3	trialwise	1569;3273;4979	1569;3273;4979	10;21;32	135;71;9	sub-012_ses-103_task-s10;sub-012_ses-205_task-s10;sub-012_ses-303_task-s10	1569	10	135	sub-012	ses-103	task-s10	1;2;3	10;10;10
1163	1985	1163	1164	3	3	trialwise	1722;3429;5206	1722;3429;5206	11;22;33	121;60;69	sub-012_ses-103_task-s11;sub-012_ses-205_task-s11;sub-012_ses-303_task-s11	1722	11	121	sub-012	ses-103	task-s11	1;2;3	11;11;11
1164	2008	1164	1165	3	3	trialwise	1431;3169;4884	1431;3169;4884	9;20;31	164;134;81	sub-012_ses-103_task-s9;sub-012_ses-205_task-s9;sub-012_ses-304_task-s9	1431	9	164	sub-012	ses-103	task-s9	1;2;3	9;9;9
1165	2021	1165	1166	3	3	trialwise	1694;3507;5221	1694;3507;5221	11;22;33	93;138;84	sub-012_ses-103_task-s11;sub-012_ses-205_task-s11;sub-012_ses-303_task-s11	1694	11	93	sub-012	ses-103	task-s11	1;2;3	11;11;11
1166	2052	1166	1167	3	3	trialwise	1332;3070;4936	1332;3070;4936	9;20;31	65;35;133	sub-012_ses-103_task-s9;sub-012_ses-205_task-s9;sub-012_ses-304_task-s9	1332	9	65	sub-012	ses-103	task-s9	1;2;3	9;9;9
1167	2063	1167	1168	3	3	trialwise	1523;3272;5061	1523;3272;5061	10;21;32	89;70;91	sub-012_ses-103_task-s10;sub-012_ses-205_task-s10;sub-012_ses-303_task-s10	1523	10	89	sub-012	ses-103	task-s10	1;2;3	10;10;10
1168	2082	1168	1169	3	3	trialwise	1420;3181;4951	1420;3181;4951	9;20;31	153;146;148	sub-012_ses-103_task-s9;sub-012_ses-205_task-s9;sub-012_ses-304_task-s9	1420	9	153	sub-012	ses-103	task-s9	1;2;3	9;9;9
1169	2096	1169	1170	3	3	trialwise	1697;3484;5296	1697;3484;5296	11;22;33	96;115;159	sub-012_ses-103_task-s11;sub-012_ses-205_task-s11;sub-012_ses-303_task-s11	1697	11	96	sub-012	ses-103	task-s11	1;2;3	11;11;11
1170	2151	1170	1171	3	3	trialwise	1351;3089;4963	1351;3089;4963	9;20;31	84;54;160	sub-012_ses-103_task-s9;sub-012_ses-205_task-s9;sub-012_ses-304_task-s9	1351	9	84	sub-012	ses-103	task-s9	1;2;3	9;9;9
1171	2157	1171	1172	3	3	trialwise	1560;3270;5135	1560;3270;5135	10;21;32	126;68;165	sub-012_ses-103_task-s10;sub-012_ses-205_task-s10;sub-012_ses-303_task-s10	1560	10	126	sub-012	ses-103	task-s10	1;2;3	10;10;10
1172	2172	1172	1173	3	3	trialwise	1698;3447;5232	1698;3447;5232	11;22;33	97;78;95	sub-012_ses-103_task-s11;sub-012_ses-205_task-s11;sub-012_ses-303_task-s11	1698	11	97	sub-012	ses-103	task-s11	1;2;3	11;11;11
1173	2197	1173	1174	3	3	trialwise	1368;3176;4953	1368;3176;4953	9;20;31	101;141;150	sub-012_ses-103_task-s9;sub-012_ses-205_task-s9;sub-012_ses-304_task-s9	1368	9	101	sub-012	ses-103	task-s9	1;2;3	9;9;9
1174	2213	1174	1175	3	3	trialwise	1563;3226;5098	1563;3226;5098	10;21;32	129;24;128	sub-012_ses-103_task-s10;sub-012_ses-205_task-s10;sub-012_ses-303_task-s10	1563	10	129	sub-012	ses-103	task-s10	1;2;3	10;10;10
1175	2240	1175	1176	3	3	trialwise	1554;3254;5058	1554;3254;5058	10;21;32	120;52;88	sub-012_ses-103_task-s10;sub-012_ses-205_task-s10;sub-012_ses-303_task-s10	1554	10	120	sub-012	ses-103	task-s10	1;2;3	10;10;10
1176	2258	1176	1177	3	3	trialwise	1413;3056;4849	1413;3056;4849	9;20;31	146;21;46	sub-012_ses-103_task-s9;sub-012_ses-205_task-s9;sub-012_ses-304_task-s9	1413	9	146	sub-012	ses-103	task-s9	1;2;3	9;9;9
1177	2271	1177	1178	3	3	trialwise	1520;3323;4996	1520;3323;4996	10;21;32	86;121;26	sub-012_ses-103_task-s10;sub-012_ses-205_task-s10;sub-012_ses-303_task-s10	1520	10	86	sub-012	ses-103	task-s10	1;2;3	10;10;10
1178	2303	1178	1179	3	3	trialwise	1339;3045;4875	1339;3045;4875	9;20;31	72;10;72	sub-012_ses-103_task-s9;sub-012_ses-205_task-s9;sub-012_ses-304_task-s9	1339	9	72	sub-012	ses-103	task-s9	1;2;3	9;9;9
1179	2315	1179	1180	3	3	trialwise	1517;3275;5004	1517;3275;5004	10;21;32	83;73;34	sub-012_ses-103_task-s10;sub-012_ses-205_task-s10;sub-012_ses-303_task-s10	1517	10	83	sub-012	ses-103	task-s10	1;2;3	10;10;10
1180	2324	1180	1181	3	3	trialwise	1632;3373;5203	1632;3373;5203	11;22;33	31;4;66	sub-012_ses-103_task-s11;sub-012_ses-205_task-s11;sub-012_ses-303_task-s11	1632	11	31	sub-012	ses-103	task-s11	1;2;3	11;11;11
1181	2332	1181	1182	3	3	trialwise	1682;3382;5159	1682;3382;5159	11;22;33	81;13;22	sub-012_ses-103_task-s11;sub-012_ses-205_task-s11;sub-012_ses-303_task-s11	1682	11	81	sub-012	ses-103	task-s11	1;2;3	11;11;11
1182	2373	1182	1183	3	3	trialwise	1613;3430;5184	1613;3430;5184	11;22;33	12;61;47	sub-012_ses-103_task-s11;sub-012_ses-205_task-s11;sub-012_ses-303_task-s11	1613	11	12	sub-012	ses-103	task-s11	1;2;3	11;11;11
1183	2394	1183	1184	3	3	trialwise	1753;3445;5236	1753;3445;5236	11;22;33	152;76;99	sub-012_ses-103_task-s11;sub-012_ses-205_task-s11;sub-012_ses-303_task-s11	1753	11	152	sub-012	ses-103	task-s11	1;2;3	11;11;11
1184	2413	1184	1185	3	3	trialwise	1745;3416;5268	1745;3416;5268	11;22;33	144;47;131	sub-012_ses-103_task-s11;sub-012_ses-205_task-s11;sub-012_ses-303_task-s11	1745	11	144	sub-012	ses-103	task-s11	1;2;3	11;11;11
1185	2422	1185	1186	3	3	trialwise	1306;3189;4851	1306;3189;4851	9;20;31	39;154;48	sub-012_ses-103_task-s9;sub-012_ses-205_task-s9;sub-012_ses-304_task-s9	1306	9	39	sub-012	ses-103	task-s9	1;2;3	9;9;9
1186	2461	1186	1187	3	3	trialwise	1669;3414;5205	1669;3414;5205	11;22;33	68;45;68	sub-012_ses-103_task-s11;sub-012_ses-205_task-s11;sub-012_ses-303_task-s11	1669	11	68	sub-012	ses-103	task-s11	1;2;3	11;11;11
1187	2476	1187	1188	3	3	trialwise	1685;3405;5287	1685;3405;5287	11;22;33	84;36;150	sub-012_ses-103_task-s11;sub-012_ses-205_task-s11;sub-012_ses-303_task-s11	1685	11	84	sub-012	ses-103	task-s11	1;2;3	11;11;11
1188	2504	1188	1189	3	3	trialwise	1274;3175;4905	1274;3175;4905	9;20;31	7;140;102	sub-012_ses-103_task-s9;sub-012_ses-205_task-s9;sub-012_ses-304_task-s9	1274	9	7	sub-012	ses-103	task-s9	1;2;3	9;9;9
1189	2511	1189	1190	3	3	trialwise	1288;3097;4906	1288;3097;4906	9;20;31	21;62;103	sub-012_ses-103_task-s9;sub-012_ses-205_task-s9;sub-012_ses-304_task-s9	1288	9	21	sub-012	ses-103	task-s9	1;2;3	9;9;9
1190	2523	1190	1191	3	3	trialwise	1633;3497;5144	1633;3497;5144	11;22;33	32;128;7	sub-012_ses-103_task-s11;sub-012_ses-205_task-s11;sub-012_ses-303_task-s11	1633	11	32	sub-012	ses-103	task-s11	1;2;3	11;11;11
1191	2547	1191	1192	3	3	trialwise	1403;3168;4913	1403;3168;4913	9;20;31	136;133;110	sub-012_ses-103_task-s9;sub-012_ses-205_task-s9;sub-012_ses-304_task-s9	1403	9	136	sub-012	ses-103	task-s9	1;2;3	9;9;9
1192	2571	1192	1193	3	3	trialwise	1585;3321;5008	1585;3321;5008	10;21;32	151;119;38	sub-012_ses-103_task-s10;sub-012_ses-205_task-s10;sub-012_ses-303_task-s10	1585	10	151	sub-012	ses-103	task-s10	1;2;3	10;10;10
1193	2597	1193	1194	3	3	trialwise	1489;3332;5073	1489;3332;5073	10;21;32	55;130;103	sub-012_ses-103_task-s10;sub-012_ses-205_task-s10;sub-012_ses-303_task-s10	1489	10	55	sub-012	ses-103	task-s10	1;2;3	10;10;10
1194	2609	1194	1195	3	3	trialwise	1289;3116;4811	1289;3116;4811	9;20;31	22;81;8	sub-012_ses-103_task-s9;sub-012_ses-205_task-s9;sub-012_ses-304_task-s9	1289	9	22	sub-012	ses-103	task-s9	1;2;3	9;9;9
1195	2615	1195	1196	3	3	trialwise	1665;3388;5245	1665;3388;5245	11;22;33	64;19;108	sub-012_ses-103_task-s11;sub-012_ses-205_task-s11;sub-012_ses-303_task-s11	1665	11	64	sub-012	ses-103	task-s11	1;2;3	11;11;11
1196	2659	1196	1197	3	3	trialwise	1518;3257;5064	1518;3257;5064	10;21;32	84;55;94	sub-012_ses-103_task-s10;sub-012_ses-205_task-s10;sub-012_ses-303_task-s10	1518	10	84	sub-012	ses-103	task-s10	1;2;3	10;10;10
1197	2671	1197	1198	3	3	trialwise	1735;3495;5217	1735;3495;5217	11;22;33	134;126;80	sub-012_ses-103_task-s11;sub-012_ses-205_task-s11;sub-012_ses-303_task-s11	1735	11	134	sub-012	ses-103	task-s11	1;2;3	11;11;11
1198	2705	1198	1199	3	3	trialwise	1418;3200;4878	1418;3200;4878	9;20;31	151;165;75	sub-012_ses-103_task-s9;sub-012_ses-205_task-s9;sub-012_ses-304_task-s9	1418	9	151	sub-012	ses-103	task-s9	1;2;3	9;9;9
1199	2715	1199	1200	3	3	trialwise	1723;3408;5285	1723;3408;5285	11;22;33	122;39;148	sub-012_ses-103_task-s11;sub-012_ses-205_task-s11;sub-012_ses-303_task-s11	1723	11	122	sub-012	ses-103	task-s11	1;2;3	11;11;11
1200	2738	1200	1201	3	3	trialwise	1712;3438;5157	1712;3438;5157	11;22;33	111;69;20	sub-012_ses-103_task-s11;sub-012_ses-205_task-s11;sub-012_ses-303_task-s11	1712	11	111	sub-012	ses-103	task-s11	1;2;3	11;11;11
1201	2760	1201	1202	3	3	trialwise	1349;3201;4806	1349;3201;4806	9;20;31	82;166;3	sub-012_ses-103_task-s9;sub-012_ses-205_task-s9;sub-012_ses-304_task-s9	1349	9	82	sub-012	ses-103	task-s9	1;2;3	9;9;9
1202	2767	1202	1203	3	3	trialwise	1287;3185;4927	1287;3185;4927	9;20;31	20;150;124	sub-012_ses-103_task-s9;sub-012_ses-205_task-s9;sub-012_ses-304_task-s9	1287	9	20	sub-012	ses-103	task-s9	1;2;3	9;9;9
1203	2780	1203	1204	3	3	trialwise	1693;3452;5169	1693;3452;5169	11;22;33	92;83;32	sub-012_ses-103_task-s11;sub-012_ses-205_task-s11;sub-012_ses-303_task-s11	1693	11	92	sub-012	ses-103	task-s11	1;2;3	11;11;11
1204	2823	1204	1205	3	3	trialwise	1539;3318;5102	1539;3318;5102	10;21;32	105;116;132	sub-012_ses-103_task-s10;sub-012_ses-205_task-s10;sub-012_ses-303_task-s10	1539	10	105	sub-012	ses-103	task-s10	1;2;3	10;10;10
1205	2837	1205	1206	3	3	trialwise	1477;3223;5124	1477;3223;5124	10;21;32	43;21;154	sub-012_ses-103_task-s10;sub-012_ses-205_task-s10;sub-012_ses-303_task-s10	1477	10	43	sub-012	ses-103	task-s10	1;2;3	10;10;10
1206	2863	1206	1207	3	3	trialwise	1415;3037;4845	1415;3037;4845	9;20;31	148;2;42	sub-012_ses-103_task-s9;sub-012_ses-205_task-s9;sub-012_ses-304_task-s9	1415	9	148	sub-012	ses-103	task-s9	1;2;3	9;9;9
1207	2874	1207	1208	3	3	trialwise	1442;3238;5097	1442;3238;5097	10;21;32	8;36;127	sub-012_ses-103_task-s10;sub-012_ses-205_task-s10;sub-012_ses-303_task-s10	1442	10	8	sub-012	ses-103	task-s10	1;2;3	10;10;10
1208	2885	1208	1209	3	3	trialwise	1751;3398;5202	1751;3398;5202	11;22;33	150;29;65	sub-012_ses-103_task-s11;sub-012_ses-205_task-s11;sub-012_ses-303_task-s11	1751	11	150	sub-012	ses-103	task-s11	1;2;3	11;11;11
1209	2895	1209	1210	3	3	trialwise	1450;3355;5006	1450;3355;5006	10;21;32	16;153;36	sub-012_ses-103_task-s10;sub-012_ses-205_task-s10;sub-012_ses-303_task-s10	1450	10	16	sub-012	ses-103	task-s10	1;2;3	10;10;10
1210	2930	1210	1211	3	3	trialwise	1648;3486;5191	1648;3486;5191	11;22;33	47;117;54	sub-012_ses-103_task-s11;sub-012_ses-205_task-s11;sub-012_ses-303_task-s11	1648	11	47	sub-012	ses-103	task-s11	1;2;3	11;11;11
1211	2944	1211	1212	3	3	trialwise	1340;3178;4922	1340;3178;4922	9;20;31	73;143;119	sub-012_ses-103_task-s9;sub-012_ses-205_task-s9;sub-012_ses-304_task-s9	1340	9	73	sub-012	ses-103	task-s9	1;2;3	9;9;9
1212	2972	1212	1213	3	3	trialwise	1510;3246;5024	1510;3246;5024	10;21;32	76;44;54	sub-012_ses-103_task-s10;sub-012_ses-205_task-s10;sub-012_ses-303_task-s10	1510	10	76	sub-012	ses-103	task-s10	1;2;3	10;10;10
1213	2988	1213	1214	3	3	trialwise	1498;3212;5092	1498;3212;5092	10;21;32	64;10;122	sub-012_ses-103_task-s10;sub-012_ses-205_task-s10;sub-012_ses-303_task-s10	1498	10	64	sub-012	ses-103	task-s10	1;2;3	10;10;10
1214	3011	1214	1215	3	3	trialwise	1594;3303;5018	1594;3303;5018	10;21;32	160;101;48	sub-012_ses-103_task-s10;sub-012_ses-205_task-s10;sub-012_ses-303_task-s10	1594	10	160	sub-012	ses-103	task-s10	1;2;3	10;10;10
1215	3034	1215	1216	3	3	trialwise	1541;3231;5137	1541;3231;5137	10;21;32	107;29;167	sub-012_ses-103_task-s10;sub-012_ses-205_task-s10;sub-012_ses-303_task-s10	1541	10	107	sub-012	ses-103	task-s10	1;2;3	10;10;10
1216	3046	1216	1217	3	3	trialwise	1555;3215;5125	1555;3215;5125	10;21;32	121;13;155	sub-012_ses-103_task-s10;sub-012_ses-205_task-s10;sub-012_ses-303_task-s10	1555	10	121	sub-012	ses-103	task-s10	1;2;3	10;10;10
1217	3059	1217	1218	3	3	trialwise	1656;3502;5299	1656;3502;5299	11;22;33	55;133;162	sub-012_ses-103_task-s11;sub-012_ses-205_task-s11;sub-012_ses-303_task-s11	1656	11	55	sub-012	ses-103	task-s11	1;2;3	11;11;11
1218	3094	1218	1219	3	3	trialwise	1624;3510;5229	1624;3510;5229	11;22;33	23;141;92	sub-012_ses-103_task-s11;sub-012_ses-205_task-s11;sub-012_ses-303_task-s11	1624	11	23	sub-012	ses-103	task-s11	1;2;3	11;11;11
1219	3095	1219	1220	3	3	trialwise	1645;3532;5175	1645;3532;5175	11;22;33	44;163;38	sub-012_ses-103_task-s11;sub-012_ses-205_task-s11;sub-012_ses-303_task-s11	1645	11	44	sub-012	ses-103	task-s11	1;2;3	11;11;11
1220	3124	1220	1221	3	3	trialwise	1427;3048;4945	1427;3048;4945	9;20;31	160;13;142	sub-012_ses-103_task-s9;sub-012_ses-205_task-s9;sub-012_ses-304_task-s9	1427	9	160	sub-012	ses-103	task-s9	1;2;3	9;9;9
1221	3149	1221	1222	3	3	trialwise	1570;3261;4973	1570;3261;4973	10;21;32	136;59;3	sub-012_ses-103_task-s10;sub-012_ses-205_task-s10;sub-012_ses-303_task-s10	1570	10	136	sub-012	ses-103	task-s10	1;2;3	10;10;10
1222	3182	1222	1223	3	3	trialwise	1384;3044;4957	1384;3044;4957	9;20;31	117;9;154	sub-012_ses-103_task-s9;sub-012_ses-205_task-s9;sub-012_ses-304_task-s9	1384	9	117	sub-012	ses-103	task-s9	1;2;3	9;9;9
1223	3197	1223	1224	3	3	trialwise	1290;3039;4910	1290;3039;4910	9;20;31	23;4;107	sub-012_ses-103_task-s9;sub-012_ses-205_task-s9;sub-012_ses-304_task-s9	1290	9	23	sub-012	ses-103	task-s9	1;2;3	9;9;9
1224	3203	1224	1225	3	3	trialwise	1608;3385;5279	1608;3385;5279	11;22;33	7;16;142	sub-012_ses-103_task-s11;sub-012_ses-205_task-s11;sub-012_ses-303_task-s11	1608	11	7	sub-012	ses-103	task-s11	1;2;3	11;11;11
1225	3224	1225	1226	3	3	trialwise	1358;3147;4938	1358;3147;4938	9;20;31	91;112;135	sub-012_ses-103_task-s9;sub-012_ses-205_task-s9;sub-012_ses-304_task-s9	1358	9	91	sub-012	ses-103	task-s9	1;2;3	9;9;9
1226	3247	1226	1227	3	3	trialwise	1548;3244;5099	1548;3244;5099	10;21;32	114;42;129	sub-012_ses-103_task-s10;sub-012_ses-205_task-s10;sub-012_ses-303_task-s10	1548	10	114	sub-012	ses-103	task-s10	1;2;3	10;10;10
1227	3255	1227	1228	3	3	trialwise	1460;3369;5040	1460;3369;5040	10;21;32	26;167;70	sub-012_ses-103_task-s10;sub-012_ses-205_task-s10;sub-012_ses-303_task-s10	1460	10	26	sub-012	ses-103	task-s10	1;2;3	10;10;10
1228	3301	1228	1229	3	3	trialwise	1586;3350;5094	1586;3350;5094	10;21;32	152;148;124	sub-012_ses-103_task-s10;sub-012_ses-205_task-s10;sub-012_ses-303_task-s10	1586	10	152	sub-012	ses-103	task-s10	1;2;3	10;10;10
1229	3317	1229	1230	3	3	trialwise	1514;3351;5055	1514;3351;5055	10;21;32	80;149;85	sub-012_ses-103_task-s10;sub-012_ses-205_task-s10;sub-012_ses-303_task-s10	1514	10	80	sub-012	ses-103	task-s10	1;2;3	10;10;10
1230	3346	1230	1231	3	3	trialwise	1566;3310;5025	1566;3310;5025	10;21;32	132;108;55	sub-012_ses-103_task-s10;sub-012_ses-205_task-s10;sub-012_ses-303_task-s10	1566	10	132	sub-012	ses-103	task-s10	1;2;3	10;10;10
1231	3353	1231	1232	3	3	trialwise	1282;3054;4879	1282;3054;4879	9;20;31	15;19;76	sub-012_ses-103_task-s9;sub-012_ses-205_task-s9;sub-012_ses-304_task-s9	1282	9	15	sub-012	ses-103	task-s9	1;2;3	9;9;9
1232	3374	1232	1233	3	3	trialwise	1755;3409;5242	1755;3409;5242	11;22;33	154;40;105	sub-012_ses-103_task-s11;sub-012_ses-205_task-s11;sub-012_ses-303_task-s11	1755	11	154	sub-012	ses-103	task-s11	1;2;3	11;11;11
1233	3382	1233	1234	3	3	trialwise	1606;3473;5239	1606;3473;5239	11;22;33	5;104;102	sub-012_ses-103_task-s11;sub-012_ses-205_task-s11;sub-012_ses-303_task-s11	1606	11	5	sub-012	ses-103	task-s11	1;2;3	11;11;11
1234	3416	1234	1235	3	3	trialwise	1316;3139;4852	1316;3139;4852	9;20;31	49;104;49	sub-012_ses-103_task-s9;sub-012_ses-205_task-s9;sub-012_ses-304_task-s9	1316	9	49	sub-012	ses-103	task-s9	1;2;3	9;9;9
1235	3426	1235	1236	3	3	trialwise	1529;3344;5136	1529;3344;5136	10;21;32	95;142;166	sub-012_ses-103_task-s10;sub-012_ses-205_task-s10;sub-012_ses-303_task-s10	1529	10	95	sub-012	ses-103	task-s10	1;2;3	10;10;10
1236	3451	1236	1237	3	3	trialwise	1522;3250;5091	1522;3250;5091	10;21;32	88;48;121	sub-012_ses-103_task-s10;sub-012_ses-205_task-s10;sub-012_ses-303_task-s10	1522	10	88	sub-012	ses-103	task-s10	1;2;3	10;10;10
1237	3464	1237	1238	3	3	trialwise	1483;3283;5112	1483;3283;5112	10;21;32	49;81;142	sub-012_ses-103_task-s10;sub-012_ses-205_task-s10;sub-012_ses-303_task-s10	1483	10	49	sub-012	ses-103	task-s10	1;2;3	10;10;10
1238	3486	1238	1239	3	3	trialwise	1366;3036;4816	1366;3036;4816	9;20;31	99;1;13	sub-012_ses-103_task-s9;sub-012_ses-205_task-s9;sub-012_ses-304_task-s9	1366	9	99	sub-012	ses-103	task-s9	1;2;3	9;9;9
1239	3498	1239	1240	3	3	trialwise	1699;3529;5226	1699;3529;5226	11;22;33	98;160;89	sub-012_ses-103_task-s11;sub-012_ses-205_task-s11;sub-012_ses-303_task-s11	1699	11	98	sub-012	ses-103	task-s11	1;2;3	11;11;11
1240	3530	1240	1241	3	3	trialwise	1515;3348;4989	1515;3348;4989	10;21;32	81;146;19	sub-012_ses-103_task-s10;sub-012_ses-205_task-s10;sub-012_ses-303_task-s10	1515	10	81	sub-012	ses-103	task-s10	1;2;3	10;10;10
1241	3561	1241	1242	3	3	trialwise	1507;3252;5032	1507;3252;5032	10;21;32	73;50;62	sub-012_ses-103_task-s10;sub-012_ses-205_task-s10;sub-012_ses-303_task-s10	1507	10	73	sub-012	ses-103	task-s10	1;2;3	10;10;10
1242	3572	1242	1243	3	3	trialwise	1599;3279;5117	1599;3279;5117	10;21;32	165;77;147	sub-012_ses-103_task-s10;sub-012_ses-205_task-s10;sub-012_ses-303_task-s10	1599	10	165	sub-012	ses-103	task-s10	1;2;3	10;10;10
1243	3597	1243	1244	3	3	trialwise	1336;3091;4961	1336;3091;4961	9;20;31	69;56;158	sub-012_ses-103_task-s9;sub-012_ses-205_task-s9;sub-012_ses-304_task-s9	1336	9	69	sub-012	ses-103	task-s9	1;2;3	9;9;9
1244	3627	1244	1245	3	3	trialwise	1471;3337;5053	1471;3337;5053	10;21;32	37;135;83	sub-012_ses-103_task-s10;sub-012_ses-205_task-s10;sub-012_ses-303_task-s10	1471	10	37	sub-012	ses-103	task-s10	1;2;3	10;10;10
1245	3637	1245	1246	3	3	trialwise	1501;3216;5056	1501;3216;5056	10;21;32	67;14;86	sub-012_ses-103_task-s10;sub-012_ses-205_task-s10;sub-012_ses-303_task-s10	1501	10	67	sub-012	ses-103	task-s10	1;2;3	10;10;10
1246	3645	1246	1247	3	3	trialwise	1537;3334;5103	1537;3334;5103	10;21;32	103;132;133	sub-012_ses-103_task-s10;sub-012_ses-205_task-s10;sub-012_ses-303_task-s10	1537	10	103	sub-012	ses-103	task-s10	1;2;3	10;10;10
1247	3675	1247	1248	3	3	trialwise	1318;3195;4952	1318;3195;4952	9;20;31	51;160;149	sub-012_ses-103_task-s9;sub-012_ses-205_task-s9;sub-012_ses-304_task-s9	1318	9	51	sub-012	ses-103	task-s9	1;2;3	9;9;9
1248	3687	1248	1249	3	3	trialwise	1324;3184;4848	1324;3184;4848	9;20;31	57;149;45	sub-012_ses-103_task-s9;sub-012_ses-205_task-s9;sub-012_ses-304_task-s9	1324	9	57	sub-012	ses-103	task-s9	1;2;3	9;9;9
1249	3704	1249	1250	3	3	trialwise	1443;3359;4992	1443;3359;4992	10;21;32	9;157;22	sub-012_ses-103_task-s10;sub-012_ses-205_task-s10;sub-012_ses-303_task-s10	1443	10	9	sub-012	ses-103	task-s10	1;2;3	10;10;10
1250	3731	1250	1251	3	3	trialwise	1637;3470;5263	1637;3470;5263	11;22;33	36;101;126	sub-012_ses-103_task-s11;sub-012_ses-205_task-s11;sub-012_ses-303_task-s11	1637	11	36	sub-012	ses-103	task-s11	1;2;3	11;11;11
1251	3751	1251	1252	3	3	trialwise	1579;3268;5002	1579;3268;5002	10;21;32	145;66;32	sub-012_ses-103_task-s10;sub-012_ses-205_task-s10;sub-012_ses-303_task-s10	1579	10	145	sub-012	ses-103	task-s10	1;2;3	10;10;10
1252	3785	1252	1253	3	3	trialwise	1748;3407;5208	1748;3407;5208	11;22;33	147;38;71	sub-012_ses-103_task-s11;sub-012_ses-205_task-s11;sub-012_ses-303_task-s11	1748	11	147	sub-012	ses-103	task-s11	1;2;3	11;11;11
1253	3790	1253	1254	3	3	trialwise	1370;3114;4826	1370;3114;4826	9;20;31	103;79;23	sub-012_ses-103_task-s9;sub-012_ses-205_task-s9;sub-012_ses-304_task-s9	1370	9	103	sub-012	ses-103	task-s9	1;2;3	9;9;9
1254	3815	1254	1255	3	3	trialwise	1505;3260;4999	1505;3260;4999	10;21;32	71;58;29	sub-012_ses-103_task-s10;sub-012_ses-205_task-s10;sub-012_ses-303_task-s10	1505	10	71	sub-012	ses-103	task-s10	1;2;3	10;10;10
1255	3817	1255	1256	3	3	trialwise	1346;3155;4934	1346;3155;4934	9;20;31	79;120;131	sub-012_ses-103_task-s9;sub-012_ses-205_task-s9;sub-012_ses-304_task-s9	1346	9	79	sub-012	ses-103	task-s9	1;2;3	9;9;9
1256	3868	1256	1257	3	3	trialwise	1756;3518;5286	1756;3518;5286	11;22;33	155;149;149	sub-012_ses-103_task-s11;sub-012_ses-205_task-s11;sub-012_ses-303_task-s11	1756	11	155	sub-012	ses-103	task-s11	1;2;3	11;11;11
1257	3876	1257	1258	3	3	trialwise	1395;3075;4831	1395;3075;4831	9;20;31	128;40;28	sub-012_ses-103_task-s9;sub-012_ses-205_task-s9;sub-012_ses-304_task-s9	1395	9	128	sub-012	ses-103	task-s9	1;2;3	9;9;9
1258	3885	1258	1259	3	3	trialwise	1644;3492;5214	1644;3492;5214	11;22;33	43;123;77	sub-012_ses-103_task-s11;sub-012_ses-205_task-s11;sub-012_ses-303_task-s11	1644	11	43	sub-012	ses-103	task-s11	1;2;3	11;11;11
1259	3912	1259	1260	3	3	trialwise	1547;3288;4988	1547;3288;4988	10;21;32	113;86;18	sub-012_ses-103_task-s10;sub-012_ses-205_task-s10;sub-012_ses-303_task-s10	1547	10	113	sub-012	ses-103	task-s10	1;2;3	10;10;10
1260	3923	1260	1261	3	3	trialwise	1393;3156;4967	1393;3156;4967	9;20;31	126;121;164	sub-012_ses-103_task-s9;sub-012_ses-205_task-s9;sub-012_ses-304_task-s9	1393	9	126	sub-012	ses-103	task-s9	1;2;3	9;9;9
1261	3926	1261	1262	3	3	trialwise	1700;3499;5138	1700;3499;5138	11;22;33	99;130;1	sub-012_ses-103_task-s11;sub-012_ses-205_task-s11;sub-012_ses-303_task-s11	1700	11	99	sub-012	ses-103	task-s11	1;2;3	11;11;11
1262	3970	1262	1263	3	3	trialwise	1749;3476;5253	1749;3476;5253	11;22;33	148;107;116	sub-012_ses-103_task-s11;sub-012_ses-205_task-s11;sub-012_ses-303_task-s11	1749	11	148	sub-012	ses-103	task-s11	1;2;3	11;11;11
1263	3997	1263	1264	3	3	trialwise	1605;3501;5246	1605;3501;5246	11;22;33	4;132;109	sub-012_ses-103_task-s11;sub-012_ses-205_task-s11;sub-012_ses-303_task-s11	1605	11	4	sub-012	ses-103	task-s11	1;2;3	11;11;11
1264	4002	1264	1265	3	3	trialwise	1491;3209;5084	1491;3209;5084	10;21;32	57;7;114	sub-012_ses-103_task-s10;sub-012_ses-205_task-s10;sub-012_ses-303_task-s10	1491	10	57	sub-012	ses-103	task-s10	1;2;3	10;10;10
1265	4012	1265	1266	3	3	trialwise	1641;3472;5194	1641;3472;5194	11;22;33	40;103;57	sub-012_ses-103_task-s11;sub-012_ses-205_task-s11;sub-012_ses-303_task-s11	1641	11	40	sub-012	ses-103	task-s11	1;2;3	11;11;11
1266	4042	1266	1267	3	3	trialwise	1485;3300;5047	1485;3300;5047	10;21;32	51;98;77	sub-012_ses-103_task-s10;sub-012_ses-205_task-s10;sub-012_ses-303_task-s10	1485	10	51	sub-012	ses-103	task-s10	1;2;3	10;10;10
1267	4060	1267	1268	3	3	trialwise	1299;3140;4870	1299;3140;4870	9;20;31	32;105;67	sub-012_ses-103_task-s9;sub-012_ses-205_task-s9;sub-012_ses-304_task-s9	1299	9	32	sub-012	ses-103	task-s9	1;2;3	9;9;9
1268	4086	1268	1269	3	3	trialwise	1647;3425;5243	1647;3425;5243	11;22;33	46;56;106	sub-012_ses-103_task-s11;sub-012_ses-205_task-s11;sub-012_ses-303_task-s11	1647	11	46	sub-012	ses-103	task-s11	1;2;3	11;11;11
1269	4104	1269	1270	3	3	trialwise	1513;3258;5122	1513;3258;5122	10;21;32	79;56;152	sub-012_ses-103_task-s10;sub-012_ses-205_task-s10;sub-012_ses-303_task-s10	1513	10	79	sub-012	ses-103	task-s10	1;2;3	10;10;10
1270	4149	1270	1271	3	3	trialwise	1733;3469;5178	1733;3469;5178	11;22;33	132;100;41	sub-012_ses-103_task-s11;sub-012_ses-205_task-s11;sub-012_ses-303_task-s11	1733	11	132	sub-012	ses-103	task-s11	1;2;3	11;11;11
1271	4157	1271	1272	3	3	trialwise	1495;3347;5069	1495;3347;5069	10;21;32	61;145;99	sub-012_ses-103_task-s10;sub-012_ses-205_task-s10;sub-012_ses-303_task-s10	1495	10	61	sub-012	ses-103	task-s10	1;2;3	10;10;10
1272	4165	1272	1273	3	3	trialwise	1678;3448;5244	1678;3448;5244	11;22;33	77;79;107	sub-012_ses-103_task-s11;sub-012_ses-205_task-s11;sub-012_ses-303_task-s11	1678	11	77	sub-012	ses-103	task-s11	1;2;3	11;11;11
1273	4197	1273	1274	3	3	trialwise	1701;3451;5195	1701;3451;5195	11;22;33	100;82;58	sub-012_ses-103_task-s11;sub-012_ses-205_task-s11;sub-012_ses-303_task-s11	1701	11	100	sub-012	ses-103	task-s11	1;2;3	11;11;11
1274	4207	1274	1275	3	3	trialwise	1625;3378;5146	1625;3378;5146	11;22;33	24;9;9	sub-012_ses-103_task-s11;sub-012_ses-205_task-s11;sub-012_ses-303_task-s11	1625	11	24	sub-012	ses-103	task-s11	1;2;3	11;11;11
1275	4237	1275	1276	3	3	trialwise	1428;3071;4915	1428;3071;4915	9;20;31	161;36;112	sub-012_ses-103_task-s9;sub-012_ses-205_task-s9;sub-012_ses-304_task-s9	1428	9	161	sub-012	ses-103	task-s9	1;2;3	9;9;9
1276	4250	1276	1277	3	3	trialwise	1396;3093;4804	1396;3093;4804	9;20;31	129;58;1	sub-012_ses-103_task-s9;sub-012_ses-205_task-s9;sub-012_ses-304_task-s9	1396	9	129	sub-012	ses-103	task-s9	1;2;3	9;9;9
1277	4256	1277	1278	3	3	trialwise	1422;3149;4813	1422;3149;4813	9;20;31	155;114;10	sub-012_ses-103_task-s9;sub-012_ses-205_task-s9;sub-012_ses-304_task-s9	1422	9	155	sub-012	ses-103	task-s9	1;2;3	9;9;9
1278	4306	1278	1279	3	3	trialwise	1480;3232;5041	1480;3232;5041	10;21;32	46;30;71	sub-012_ses-103_task-s10;sub-012_ses-205_task-s10;sub-012_ses-303_task-s10	1480	10	46	sub-012	ses-103	task-s10	1;2;3	10;10;10
1279	4315	1279	1280	3	3	trialwise	1355;3160;4869	1355;3160;4869	9;20;31	88;125;66	sub-012_ses-103_task-s9;sub-012_ses-205_task-s9;sub-012_ses-304_task-s9	1355	9	88	sub-012	ses-103	task-s9	1;2;3	9;9;9
1280	4334	1280	1281	3	3	trialwise	1642;3387;5259	1642;3387;5259	11;22;33	41;18;122	sub-012_ses-103_task-s11;sub-012_ses-205_task-s11;sub-012_ses-303_task-s11	1642	11	41	sub-012	ses-103	task-s11	1;2;3	11;11;11
1281	4338	1281	1282	3	3	trialwise	1311;3119;4900	1311;3119;4900	9;20;31	44;84;97	sub-012_ses-103_task-s9;sub-012_ses-205_task-s9;sub-012_ses-304_task-s9	1311	9	44	sub-012	ses-103	task-s9	1;2;3	9;9;9
1282	4383	1282	1283	3	3	trialwise	1634;3530;5234	1634;3530;5234	11;22;33	33;161;97	sub-012_ses-103_task-s11;sub-012_ses-205_task-s11;sub-012_ses-303_task-s11	1634	11	33	sub-012	ses-103	task-s11	1;2;3	11;11;11
1283	4395	1283	1284	3	3	trialwise	1737;3393;5241	1737;3393;5241	11;22;33	136;24;104	sub-012_ses-103_task-s11;sub-012_ses-205_task-s11;sub-012_ses-303_task-s11	1737	11	136	sub-012	ses-103	task-s11	1;2;3	11;11;11
1284	4410	1284	1285	3	3	trialwise	1452;3329;5050	1452;3329;5050	10;21;32	18;127;80	sub-012_ses-103_task-s10;sub-012_ses-205_task-s10;sub-012_ses-303_task-s10	1452	10	18	sub-012	ses-103	task-s10	1;2;3	10;10;10
1285	4430	1285	1286	3	3	trialwise	1461;3317;5127	1461;3317;5127	10;21;32	27;115;157	sub-012_ses-103_task-s10;sub-012_ses-205_task-s10;sub-012_ses-303_task-s10	1461	10	27	sub-012	ses-103	task-s10	1;2;3	10;10;10
1286	4448	1286	1287	3	3	trialwise	1581;3328;5080	1581;3328;5080	10;21;32	147;126;110	sub-012_ses-103_task-s10;sub-012_ses-205_task-s10;sub-012_ses-303_task-s10	1581	10	147	sub-012	ses-103	task-s10	1;2;3	10;10;10
1287	4451	1287	1288	3	3	trialwise	1319;3165;4818	1319;3165;4818	9;20;31	52;130;15	sub-012_ses-103_task-s9;sub-012_ses-205_task-s9;sub-012_ses-304_task-s9	1319	9	52	sub-012	ses-103	task-s9	1;2;3	9;9;9
1288	4483	1288	1289	3	3	trialwise	1342;3188;4926	1342;3188;4926	9;20;31	75;153;123	sub-012_ses-103_task-s9;sub-012_ses-205_task-s9;sub-012_ses-304_task-s9	1342	9	75	sub-012	ses-103	task-s9	1;2;3	9;9;9
1289	4517	1289	1290	3	3	trialwise	1741;3444;5218	1741;3444;5218	11;22;33	140;75;81	sub-012_ses-103_task-s11;sub-012_ses-205_task-s11;sub-012_ses-303_task-s11	1741	11	140	sub-012	ses-103	task-s11	1;2;3	11;11;11
1290	4531	1290	1291	3	3	trialwise	1404;3164;4850	1404;3164;4850	9;20;31	137;129;47	sub-012_ses-103_task-s9;sub-012_ses-205_task-s9;sub-012_ses-304_task-s9	1404	9	137	sub-012	ses-103	task-s9	1;2;3	9;9;9
1291	4548	1291	1292	3	3	trialwise	1459;3305;5077	1459;3305;5077	10;21;32	25;103;107	sub-012_ses-103_task-s10;sub-012_ses-205_task-s10;sub-012_ses-303_task-s10	1459	10	25	sub-012	ses-103	task-s10	1;2;3	10;10;10
1292	4566	1292	1293	3	3	trialwise	1525;3293;5070	1525;3293;5070	10;21;32	91;91;100	sub-012_ses-103_task-s10;sub-012_ses-205_task-s10;sub-012_ses-303_task-s10	1525	10	91	sub-012	ses-103	task-s10	1;2;3	10;10;10
1293	4583	1293	1294	3	3	trialwise	1433;3179;4949	1433;3179;4949	9;20;31	166;144;146	sub-012_ses-103_task-s9;sub-012_ses-205_task-s9;sub-012_ses-304_task-s9	1433	9	166	sub-012	ses-103	task-s9	1;2;3	9;9;9
1294	4626	1294	1295	3	3	trialwise	1646;3419;5238	1646;3419;5238	11;22;33	45;50;101	sub-012_ses-103_task-s11;sub-012_ses-205_task-s11;sub-012_ses-303_task-s11	1646	11	45	sub-012	ses-103	task-s11	1;2;3	11;11;11
1295	4634	1295	1296	3	3	trialwise	1551;3306;5052	1551;3306;5052	10;21;32	117;104;82	sub-012_ses-103_task-s10;sub-012_ses-205_task-s10;sub-012_ses-303_task-s10	1551	10	117	sub-012	ses-103	task-s10	1;2;3	10;10;10
1296	4644	1296	1297	3	3	trialwise	1562;3368;5026	1562;3368;5026	10;21;32	128;166;56	sub-012_ses-103_task-s10;sub-012_ses-205_task-s10;sub-012_ses-303_task-s10	1562	10	128	sub-012	ses-103	task-s10	1;2;3	10;10;10
1297	4679	1297	1298	3	3	trialwise	1597;3237;5014	1597;3237;5014	10;21;32	163;35;44	sub-012_ses-103_task-s10;sub-012_ses-205_task-s10;sub-012_ses-303_task-s10	1597	10	163	sub-012	ses-103	task-s10	1;2;3	10;10;10
1298	4694	1298	1299	3	3	trialwise	1307;3187;4824	1307;3187;4824	9;20;31	40;152;21	sub-012_ses-103_task-s9;sub-012_ses-205_task-s9;sub-012_ses-304_task-s9	1307	9	40	sub-012	ses-103	task-s9	1;2;3	9;9;9
1299	4701	1299	1300	3	3	trialwise	1725;3411;5281	1725;3411;5281	11;22;33	124;42;144	sub-012_ses-103_task-s11;sub-012_ses-205_task-s11;sub-012_ses-303_task-s11	1725	11	124	sub-012	ses-103	task-s11	1;2;3	11;11;11
1300	4728	1300	1301	3	3	trialwise	1325;3198;4888	1325;3198;4888	9;20;31	58;163;85	sub-012_ses-103_task-s9;sub-012_ses-205_task-s9;sub-012_ses-304_task-s9	1325	9	58	sub-012	ses-103	task-s9	1;2;3	9;9;9
1301	4729	1301	1302	3	3	trialwise	1615;3465;5251	1615;3465;5251	11;22;33	14;96;114	sub-012_ses-103_task-s11;sub-012_ses-205_task-s11;sub-012_ses-303_task-s11	1615	11	14	sub-012	ses-103	task-s11	1;2;3	11;11;11
1302	4780	1302	1303	3	3	trialwise	1416;3197;4912	1416;3197;4912	9;20;31	149;162;109	sub-012_ses-103_task-s9;sub-012_ses-205_task-s9;sub-012_ses-304_task-s9	1416	9	149	sub-012	ses-103	task-s9	1;2;3	9;9;9
1303	4794	1303	1304	3	3	trialwise	1616;3519;5219	1616;3519;5219	11;22;33	15;150;82	sub-012_ses-103_task-s11;sub-012_ses-205_task-s11;sub-012_ses-303_task-s11	1616	11	15	sub-012	ses-103	task-s11	1;2;3	11;11;11
1304	4810	1304	1305	3	3	trialwise	1664;3427;5198	1664;3427;5198	11;22;33	63;58;61	sub-012_ses-103_task-s11;sub-012_ses-205_task-s11;sub-012_ses-303_task-s11	1664	11	63	sub-012	ses-103	task-s11	1;2;3	11;11;11
1305	4812	1305	1306	3	3	trialwise	1692;3406;5177	1692;3406;5177	11;22;33	91;37;40	sub-012_ses-103_task-s11;sub-012_ses-205_task-s11;sub-012_ses-303_task-s11	1692	11	91	sub-012	ses-103	task-s11	1;2;3	11;11;11
1306	4841	1306	1307	3	3	trialwise	1757;3500;5155	1757;3500;5155	11;22;33	156;131;18	sub-012_ses-103_task-s11;sub-012_ses-205_task-s11;sub-012_ses-303_task-s11	1757	11	156	sub-012	ses-103	task-s11	1;2;3	11;11;11
1307	4851	1307	1308	3	3	trialwise	1303;3125;4932	1303;3125;4932	9;20;31	36;90;129	sub-012_ses-103_task-s9;sub-012_ses-205_task-s9;sub-012_ses-304_task-s9	1303	9	36	sub-012	ses-103	task-s9	1;2;3	9;9;9
1308	4885	1308	1309	3	3	trialwise	1714;3435;5272	1714;3435;5272	11;22;33	113;66;135	sub-012_ses-103_task-s11;sub-012_ses-205_task-s11;sub-012_ses-303_task-s11	1714	11	113	sub-012	ses-103	task-s11	1;2;3	11;11;11
1309	4887	1309	1310	3	3	trialwise	1352;3085;4940	1352;3085;4940	9;20;31	85;50;137	sub-012_ses-103_task-s9;sub-012_ses-205_task-s9;sub-012_ses-304_task-s9	1352	9	85	sub-012	ses-103	task-s9	1;2;3	9;9;9
1310	4930	1310	1311	3	3	trialwise	1659;3431;5139	1659;3431;5139	11;22;33	58;62;2	sub-012_ses-103_task-s11;sub-012_ses-205_task-s11;sub-012_ses-303_task-s11	1659	11	58	sub-012	ses-103	task-s11	1;2;3	11;11;11
1311	4957	1311	1312	3	3	trialwise	1763;3496;5179	1763;3496;5179	11;22;33	162;127;42	sub-012_ses-103_task-s11;sub-012_ses-205_task-s11;sub-012_ses-303_task-s11	1763	11	162	sub-012	ses-103	task-s11	1;2;3	11;11;11
1312	4985	1312	1313	3	3	trialwise	1703;3380;5163	1703;3380;5163	11;22;33	102;11;26	sub-012_ses-103_task-s11;sub-012_ses-205_task-s11;sub-012_ses-303_task-s11	1703	11	102	sub-012	ses-103	task-s11	1;2;3	11;11;11
1313	4995	1313	1314	3	3	trialwise	1354;3042;4902	1354;3042;4902	9;20;31	87;7;99	sub-012_ses-103_task-s9;sub-012_ses-205_task-s9;sub-012_ses-304_task-s9	1354	9	87	sub-012	ses-103	task-s9	1;2;3	9;9;9
1314	5002	1314	1315	3	3	trialwise	1666;3526;5233	1666;3526;5233	11;22;33	65;157;96	sub-012_ses-103_task-s11;sub-012_ses-205_task-s11;sub-012_ses-303_task-s11	1666	11	65	sub-012	ses-103	task-s11	1;2;3	11;11;11
1315	5037	1315	1316	3	3	trialwise	1738;3455;5293	1738;3455;5293	11;22;33	137;86;156	sub-012_ses-103_task-s11;sub-012_ses-205_task-s11;sub-012_ses-303_task-s11	1738	11	137	sub-012	ses-103	task-s11	1;2;3	11;11;11
1316	5051	1316	1317	3	3	trialwise	1448;3282;5037	1448;3282;5037	10;21;32	14;80;67	sub-012_ses-103_task-s10;sub-012_ses-205_task-s10;sub-012_ses-303_task-s10	1448	10	14	sub-012	ses-103	task-s10	1;2;3	10;10;10
1317	5077	1317	1318	3	3	trialwise	1278;3038;4838	1278;3038;4838	9;20;31	11;3;35	sub-012_ses-103_task-s9;sub-012_ses-205_task-s9;sub-012_ses-304_task-s9	1278	9	11	sub-012	ses-103	task-s9	1;2;3	9;9;9
1318	5093	1318	1319	3	3	trialwise	1611;3494;5291	1611;3494;5291	11;22;33	10;125;154	sub-012_ses-103_task-s11;sub-012_ses-205_task-s11;sub-012_ses-303_task-s11	1611	11	10	sub-012	ses-103	task-s11	1;2;3	11;11;11
1319	5111	1319	1320	3	3	trialwise	1397;3174;4891	1397;3174;4891	9;20;31	130;139;88	sub-012_ses-103_task-s9;sub-012_ses-205_task-s9;sub-012_ses-304_task-s9	1397	9	130	sub-012	ses-103	task-s9	1;2;3	9;9;9
1320	5121	1320	1321	3	3	trialwise	1454;3248;5111	1454;3248;5111	10;21;32	20;46;141	sub-012_ses-103_task-s10;sub-012_ses-205_task-s10;sub-012_ses-303_task-s10	1454	10	20	sub-012	ses-103	task-s10	1;2;3	10;10;10
1321	5127	1321	1322	3	3	trialwise	1584;3251;4987	1584;3251;4987	10;21;32	150;49;17	sub-012_ses-103_task-s10;sub-012_ses-205_task-s10;sub-012_ses-303_task-s10	1584	10	150	sub-012	ses-103	task-s10	1;2;3	10;10;10
1322	5168	1322	1323	3	3	trialwise	1552;3357;4972	1552;3357;4972	10;21;32	118;155;2	sub-012_ses-103_task-s10;sub-012_ses-205_task-s10;sub-012_ses-303_task-s10	1552	10	118	sub-012	ses-103	task-s10	1;2;3	10;10;10
1323	5195	1323	1324	3	3	trialwise	1327;3064;4896	1327;3064;4896	9;20;31	60;29;93	sub-012_ses-103_task-s9;sub-012_ses-205_task-s9;sub-012_ses-304_task-s9	1327	9	60	sub-012	ses-103	task-s9	1;2;3	9;9;9
1324	5210	1324	1325	3	3	trialwise	1305;3132;4821	1305;3132;4821	9;20;31	38;97;18	sub-012_ses-103_task-s9;sub-012_ses-205_task-s9;sub-012_ses-304_task-s9	1305	9	38	sub-012	ses-103	task-s9	1;2;3	9;9;9
1325	5219	1325	1326	3	3	trialwise	1446;3225;5048	1446;3225;5048	10;21;32	12;23;78	sub-012_ses-103_task-s10;sub-012_ses-205_task-s10;sub-012_ses-303_task-s10	1446	10	12	sub-012	ses-103	task-s10	1;2;3	10;10;10
1326	5255	1326	1327	3	3	trialwise	1341;3120;4955	1341;3120;4955	9;20;31	74;85;152	sub-012_ses-103_task-s9;sub-012_ses-205_task-s9;sub-012_ses-304_task-s9	1341	9	74	sub-012	ses-103	task-s9	1;2;3	9;9;9
1327	5258	1327	1328	3	3	trialwise	1673;3453;5250	1673;3453;5250	11;22;33	72;84;113	sub-012_ses-103_task-s11;sub-012_ses-205_task-s11;sub-012_ses-303_task-s11	1673	11	72	sub-012	ses-103	task-s11	1;2;3	11;11;11
1328	5314	1328	1329	3	3	trialwise	1479;3211;4993	1479;3211;4993	10;21;32	45;9;23	sub-012_ses-103_task-s10;sub-012_ses-205_task-s10;sub-012_ses-303_task-s10	1479	10	45	sub-012	ses-103	task-s10	1;2;3	10;10;10
1329	5318	1329	1330	3	3	trialwise	1743;3489;5260	1743;3489;5260	11;22;33	142;120;123	sub-012_ses-103_task-s11;sub-012_ses-205_task-s11;sub-012_ses-303_task-s11	1743	11	142	sub-012	ses-103	task-s11	1;2;3	11;11;11
1330	5342	1330	1331	3	3	trialwise	1761;3467;5189	1761;3467;5189	11;22;33	160;98;52	sub-012_ses-103_task-s11;sub-012_ses-205_task-s11;sub-012_ses-303_task-s11	1761	11	160	sub-012	ses-103	task-s11	1;2;3	11;11;11
1331	5350	1331	1332	3	3	trialwise	1759;3383;5149	1759;3383;5149	11;22;33	158;14;12	sub-012_ses-103_task-s11;sub-012_ses-205_task-s11;sub-012_ses-303_task-s11	1759	11	158	sub-012	ses-103	task-s11	1;2;3	11;11;11
1332	5393	1332	1333	3	3	trialwise	1730;3460;5294	1730;3460;5294	11;22;33	129;91;157	sub-012_ses-103_task-s11;sub-012_ses-205_task-s11;sub-012_ses-303_task-s11	1730	11	129	sub-012	ses-103	task-s11	1;2;3	11;11;11
1333	5396	1333	1334	3	3	trialwise	1277;3084;4805	1277;3084;4805	9;20;31	10;49;2	sub-012_ses-103_task-s9;sub-012_ses-205_task-s9;sub-012_ses-304_task-s9	1277	9	10	sub-012	ses-103	task-s9	1;2;3	9;9;9
1334	5402	1334	1335	3	3	trialwise	1622;3521;5141	1622;3521;5141	11;22;33	21;152;4	sub-012_ses-103_task-s11;sub-012_ses-205_task-s11;sub-012_ses-303_task-s11	1622	11	21	sub-012	ses-103	task-s11	1;2;3	11;11;11
1335	5404	1335	1336	3	3	trialwise	1356;3118;4817	1356;3118;4817	9;20;31	89;83;14	sub-012_ses-103_task-s9;sub-012_ses-205_task-s9;sub-012_ses-304_task-s9	1356	9	89	sub-012	ses-103	task-s9	1;2;3	9;9;9
1336	5449	1336	1337	3	3	trialwise	1490;3291;4986	1490;3291;4986	10;21;32	56;89;16	sub-012_ses-103_task-s10;sub-012_ses-205_task-s10;sub-012_ses-303_task-s10	1490	10	56	sub-012	ses-103	task-s10	1;2;3	10;10;10
1337	5455	1337	1338	3	3	trialwise	1458;3236;4974	1458;3236;4974	10;21;32	24;34;4	sub-012_ses-103_task-s10;sub-012_ses-205_task-s10;sub-012_ses-303_task-s10	1458	10	24	sub-012	ses-103	task-s10	1;2;3	10;10;10
1338	5487	1338	1339	3	3	trialwise	1550;3341;5046	1550;3341;5046	10;21;32	116;139;76	sub-012_ses-103_task-s10;sub-012_ses-205_task-s10;sub-012_ses-303_task-s10	1550	10	116	sub-012	ses-103	task-s10	1;2;3	10;10;10
1339	5508	1339	1340	3	3	trialwise	1362;3065;4847	1362;3065;4847	9;20;31	95;30;44	sub-012_ses-103_task-s9;sub-012_ses-205_task-s9;sub-012_ses-304_task-s9	1362	9	95	sub-012	ses-103	task-s9	1;2;3	9;9;9
1340	5526	1340	1341	3	3	trialwise	1675;3437;5180	1675;3437;5180	11;22;33	74;68;43	sub-012_ses-103_task-s11;sub-012_ses-205_task-s11;sub-012_ses-303_task-s11	1675	11	74	sub-012	ses-103	task-s11	1;2;3	11;11;11
1341	5538	1341	1342	3	3	trialwise	1467;3276;5001	1467;3276;5001	10;21;32	33;74;31	sub-012_ses-103_task-s10;sub-012_ses-205_task-s10;sub-012_ses-303_task-s10	1467	10	33	sub-012	ses-103	task-s10	1;2;3	10;10;10
1342	5594	1342	1343	3	3	trialwise	1451;3217;5049	1451;3217;5049	10;21;32	17;15;79	sub-012_ses-103_task-s10;sub-012_ses-205_task-s10;sub-012_ses-303_task-s10	1451	10	17	sub-012	ses-103	task-s10	1;2;3	10;10;10
1343	5599	1343	1344	3	3	trialwise	1582;3289;4976	1582;3289;4976	10;21;32	148;87;6	sub-012_ses-103_task-s10;sub-012_ses-205_task-s10;sub-012_ses-303_task-s10	1582	10	148	sub-012	ses-103	task-s10	1;2;3	10;10;10
1344	5601	1344	1345	3	3	trialwise	1376;3049;4868	1376;3049;4868	9;20;31	109;14;65	sub-012_ses-103_task-s9;sub-012_ses-205_task-s9;sub-012_ses-304_task-s9	1376	9	109	sub-012	ses-103	task-s9	1;2;3	9;9;9
1345	5632	1345	1346	3	3	trialwise	1369;3066;4812	1369;3066;4812	9;20;31	102;31;9	sub-012_ses-103_task-s9;sub-012_ses-205_task-s9;sub-012_ses-304_task-s9	1369	9	102	sub-012	ses-103	task-s9	1;2;3	9;9;9
1346	5656	1346	1347	3	3	trialwise	1421;3145;4836	1421;3145;4836	9;20;31	154;110;33	sub-012_ses-103_task-s9;sub-012_ses-205_task-s9;sub-012_ses-304_task-s9	1421	9	154	sub-012	ses-103	task-s9	1;2;3	9;9;9
1347	5672	1347	1348	3	3	trialwise	1383;3101;4835	1383;3101;4835	9;20;31	116;66;32	sub-012_ses-103_task-s9;sub-012_ses-205_task-s9;sub-012_ses-304_task-s9	1383	9	116	sub-012	ses-103	task-s9	1;2;3	9;9;9
1348	5698	1348	1349	3	3	trialwise	1375;3192;4928	1375;3192;4928	9;20;31	108;157;125	sub-012_ses-103_task-s9;sub-012_ses-205_task-s9;sub-012_ses-304_task-s9	1375	9	108	sub-012	ses-103	task-s9	1;2;3	9;9;9
1349	5714	1349	1350	3	3	trialwise	1526;3304;5059	1526;3304;5059	10;21;32	92;102;89	sub-012_ses-103_task-s10;sub-012_ses-205_task-s10;sub-012_ses-303_task-s10	1526	10	92	sub-012	ses-103	task-s10	1;2;3	10;10;10
1350	5751	1350	1351	3	3	trialwise	1521;3262;5116	1521;3262;5116	10;21;32	87;60;146	sub-012_ses-103_task-s10;sub-012_ses-205_task-s10;sub-012_ses-303_task-s10	1521	10	87	sub-012	ses-103	task-s10	1;2;3	10;10;10
1351	5754	1351	1352	3	3	trialwise	1295;3137;4844	1295;3137;4844	9;20;31	28;102;41	sub-012_ses-103_task-s9;sub-012_ses-205_task-s9;sub-012_ses-304_task-s9	1295	9	28	sub-012	ses-103	task-s9	1;2;3	9;9;9
1352	5775	1352	1353	3	3	trialwise	1502;3259;5119	1502;3259;5119	10;21;32	68;57;149	sub-012_ses-103_task-s10;sub-012_ses-205_task-s10;sub-012_ses-303_task-s10	1502	10	68	sub-012	ses-103	task-s10	1;2;3	10;10;10
1353	5797	1353	1354	3	3	trialwise	1724;3399;5222	1724;3399;5222	11;22;33	123;30;85	sub-012_ses-103_task-s11;sub-012_ses-205_task-s11;sub-012_ses-303_task-s11	1724	11	123	sub-012	ses-103	task-s11	1;2;3	11;11;11
1354	5813	1354	1355	3	3	trialwise	1546;3333;5134	1546;3333;5134	10;21;32	112;131;164	sub-012_ses-103_task-s10;sub-012_ses-205_task-s10;sub-012_ses-303_task-s10	1546	10	112	sub-012	ses-103	task-s10	1;2;3	10;10;10
1355	5827	1355	1356	3	3	trialwise	1508;3356;5021	1508;3356;5021	10;21;32	74;154;51	sub-012_ses-103_task-s10;sub-012_ses-205_task-s10;sub-012_ses-303_task-s10	1508	10	74	sub-012	ses-103	task-s10	1;2;3	10;10;10
1356	5856	1356	1357	3	3	trialwise	1744;3403;5290	1744;3403;5290	11;22;33	143;34;153	sub-012_ses-103_task-s11;sub-012_ses-205_task-s11;sub-012_ses-303_task-s11	1744	11	143	sub-012	ses-103	task-s11	1;2;3	11;11;11
1357	5868	1357	1358	3	3	trialwise	1680;3459;5231	1680;3459;5231	11;22;33	79;90;94	sub-012_ses-103_task-s11;sub-012_ses-205_task-s11;sub-012_ses-303_task-s11	1680	11	79	sub-012	ses-103	task-s11	1;2;3	11;11;11
1358	5889	1358	1359	3	3	trialwise	1602;3509;5237	1602;3509;5237	11;22;33	1;140;100	sub-012_ses-103_task-s11;sub-012_ses-205_task-s11;sub-012_ses-303_task-s11	1602	11	1	sub-012	ses-103	task-s11	1;2;3	11;11;11
1359	5893	1359	1360	3	3	trialwise	1386;3133;4943	1386;3133;4943	9;20;31	119;98;140	sub-012_ses-103_task-s9;sub-012_ses-205_task-s9;sub-012_ses-304_task-s9	1386	9	119	sub-012	ses-103	task-s9	1;2;3	9;9;9
1360	5931	1360	1361	3	3	trialwise	1335;3126;4807	1335;3126;4807	9;20;31	68;91;4	sub-012_ses-103_task-s9;sub-012_ses-205_task-s9;sub-012_ses-304_task-s9	1335	9	68	sub-012	ses-103	task-s9	1;2;3	9;9;9
1361	5953	1361	1362	3	3	trialwise	1530;3221;5042	1530;3221;5042	10;21;32	96;19;72	sub-012_ses-103_task-s10;sub-012_ses-205_task-s10;sub-012_ses-303_task-s10	1530	10	96	sub-012	ses-103	task-s10	1;2;3	10;10;10
1362	5982	1362	1363	3	3	trialwise	1363;3180;4839	1363;3180;4839	9;20;31	96;145;36	sub-012_ses-103_task-s9;sub-012_ses-205_task-s9;sub-012_ses-304_task-s9	1363	9	96	sub-012	ses-103	task-s9	1;2;3	9;9;9
1363	5994	1363	1364	3	3	trialwise	1688;3422;5165	1688;3422;5165	11;22;33	87;53;28	sub-012_ses-103_task-s11;sub-012_ses-205_task-s11;sub-012_ses-303_task-s11	1688	11	87	sub-012	ses-103	task-s11	1;2;3	11;11;11
1364	6017	1364	1365	3	3	trialwise	1662;3417;5204	1662;3417;5204	11;22;33	61;48;67	sub-012_ses-103_task-s11;sub-012_ses-205_task-s11;sub-012_ses-303_task-s11	1662	11	61	sub-012	ses-103	task-s11	1;2;3	11;11;11
1365	6029	1365	1366	3	3	trialwise	1612;3508;5201	1612;3508;5201	11;22;33	11;139;64	sub-012_ses-103_task-s11;sub-012_ses-205_task-s11;sub-012_ses-303_task-s11	1612	11	11	sub-012	ses-103	task-s11	1;2;3	11;11;11
1366	6061	1366	1367	3	3	trialwise	1532;3241;5005	1532;3241;5005	10;21;32	98;39;35	sub-012_ses-103_task-s10;sub-012_ses-205_task-s10;sub-012_ses-303_task-s10	1532	10	98	sub-012	ses-103	task-s10	1;2;3	10;10;10
1367	6077	1367	1368	3	3	trialwise	1385;3161;4820	1385;3161;4820	9;20;31	118;126;17	sub-012_ses-103_task-s9;sub-012_ses-205_task-s9;sub-012_ses-304_task-s9	1385	9	118	sub-012	ses-103	task-s9	1;2;3	9;9;9
1368	6109	1368	1369	3	3	trialwise	1294;3148;4863	1294;3148;4863	9;20;31	27;113;60	sub-012_ses-103_task-s9;sub-012_ses-205_task-s9;sub-012_ses-304_task-s9	1294	9	27	sub-012	ses-103	task-s9	1;2;3	9;9;9
1369	6116	1369	1370	3	3	trialwise	1457;3336;5007	1457;3336;5007	10;21;32	23;134;37	sub-012_ses-103_task-s10;sub-012_ses-205_task-s10;sub-012_ses-303_task-s10	1457	10	23	sub-012	ses-103	task-s10	1;2;3	10;10;10
1370	6123	1370	1371	3	3	trialwise	1417;3076;4874	1417;3076;4874	9;20;31	150;41;71	sub-012_ses-103_task-s9;sub-012_ses-205_task-s9;sub-012_ses-304_task-s9	1417	9	150	sub-012	ses-103	task-s9	1;2;3	9;9;9
1371	6151	1371	1372	3	3	trialwise	1353;3135;4916	1353;3135;4916	9;20;31	86;100;113	sub-012_ses-103_task-s9;sub-012_ses-205_task-s9;sub-012_ses-304_task-s9	1353	9	86	sub-012	ses-103	task-s9	1;2;3	9;9;9
1372	6167	1372	1373	3	3	trialwise	1465;3230;5062	1465;3230;5062	10;21;32	31;28;92	sub-012_ses-103_task-s10;sub-012_ses-205_task-s10;sub-012_ses-303_task-s10	1465	10	31	sub-012	ses-103	task-s10	1;2;3	10;10;10
1373	6176	1373	1374	3	3	trialwise	1683;3491;5247	1683;3491;5247	11;22;33	82;122;110	sub-012_ses-103_task-s11;sub-012_ses-205_task-s11;sub-012_ses-303_task-s11	1683	11	82	sub-012	ses-103	task-s11	1;2;3	11;11;11
1374	6214	1374	1375	3	3	trialwise	1765;3478;5298	1765;3478;5298	11;22;33	164;109;161	sub-012_ses-103_task-s11;sub-012_ses-205_task-s11;sub-012_ses-303_task-s11	1765	11	164	sub-012	ses-103	task-s11	1;2;3	11;11;11
1375	6219	1375	1376	3	3	trialwise	1456;3342;5023	1456;3342;5023	10;21;32	22;140;53	sub-012_ses-103_task-s10;sub-012_ses-205_task-s10;sub-012_ses-303_task-s10	1456	10	22	sub-012	ses-103	task-s10	1;2;3	10;10;10
1376	6247	1376	1377	3	3	trialwise	1544;3240;5109	1544;3240;5109	10;21;32	110;38;139	sub-012_ses-103_task-s10;sub-012_ses-205_task-s10;sub-012_ses-303_task-s10	1544	10	110	sub-012	ses-103	task-s10	1;2;3	10;10;10
1377	6257	1377	1378	3	3	trialwise	1345;3102;4882	1345;3102;4882	9;20;31	78;67;79	sub-012_ses-103_task-s9;sub-012_ses-205_task-s9;sub-012_ses-304_task-s9	1345	9	78	sub-012	ses-103	task-s9	1;2;3	9;9;9
1378	6292	1378	1379	3	3	trialwise	1557;3324;5108	1557;3324;5108	10;21;32	123;122;138	sub-012_ses-103_task-s10;sub-012_ses-205_task-s10;sub-012_ses-303_task-s10	1557	10	123	sub-012	ses-103	task-s10	1;2;3	10;10;10
1379	6293	1379	1380	3	3	trialwise	1344;3117;4933	1344;3117;4933	9;20;31	77;82;130	sub-012_ses-103_task-s9;sub-012_ses-205_task-s9;sub-012_ses-304_task-s9	1344	9	77	sub-012	ses-103	task-s9	1;2;3	9;9;9
1380	6329	1380	1381	3	3	trialwise	1592;3285;5034	1592;3285;5034	10;21;32	158;83;64	sub-012_ses-103_task-s10;sub-012_ses-205_task-s10;sub-012_ses-303_task-s10	1592	10	158	sub-012	ses-103	task-s10	1;2;3	10;10;10
1381	6343	1381	1382	3	3	trialwise	1377;3162;4894	1377;3162;4894	9;20;31	110;127;91	sub-012_ses-103_task-s9;sub-012_ses-205_task-s9;sub-012_ses-304_task-s9	1377	9	110	sub-012	ses-103	task-s9	1;2;3	9;9;9
1382	6366	1382	1383	3	3	trialwise	1487;3320;4991	1487;3320;4991	10;21;32	53;118;21	sub-012_ses-103_task-s10;sub-012_ses-205_task-s10;sub-012_ses-303_task-s10	1487	10	53	sub-012	ses-103	task-s10	1;2;3	10;10;10
1383	6392	1383	1384	3	3	trialwise	1400;3131;4930	1400;3131;4930	9;20;31	133;96;127	sub-012_ses-103_task-s9;sub-012_ses-205_task-s9;sub-012_ses-304_task-s9	1400	9	133	sub-012	ses-103	task-s9	1;2;3	9;9;9
1384	6421	1384	1385	3	3	trialwise	1588;3327;4995	1588;3327;4995	10;21;32	154;125;25	sub-012_ses-103_task-s10;sub-012_ses-205_task-s10;sub-012_ses-303_task-s10	1588	10	154	sub-012	ses-103	task-s10	1;2;3	10;10;10
1385	6439	1385	1386	3	3	trialwise	1330;3094;4929	1330;3094;4929	9;20;31	63;59;126	sub-012_ses-103_task-s9;sub-012_ses-205_task-s9;sub-012_ses-304_task-s9	1330	9	63	sub-012	ses-103	task-s9	1;2;3	9;9;9
1386	6475	1386	1387	3	3	trialwise	1373;3112;4823	1373;3112;4823	9;20;31	106;77;20	sub-012_ses-103_task-s9;sub-012_ses-205_task-s9;sub-012_ses-304_task-s9	1373	9	106	sub-012	ses-103	task-s9	1;2;3	9;9;9
1387	6477	1387	1388	3	3	trialwise	1379;3072;4866	1379;3072;4866	9;20;31	112;37;63	sub-012_ses-103_task-s9;sub-012_ses-205_task-s9;sub-012_ses-304_task-s9	1379	9	112	sub-012	ses-103	task-s9	1;2;3	9;9;9
1388	6495	1388	1389	3	3	trialwise	1372;3050;4815	1372;3050;4815	9;20;31	105;15;12	sub-012_ses-103_task-s9;sub-012_ses-205_task-s9;sub-012_ses-304_task-s9	1372	9	105	sub-012	ses-103	task-s9	1;2;3	9;9;9
1389	6514	1389	1390	3	3	trialwise	1503;3280;5068	1503;3280;5068	10;21;32	69;78;98	sub-012_ses-103_task-s10;sub-012_ses-205_task-s10;sub-012_ses-303_task-s10	1503	10	69	sub-012	ses-103	task-s10	1;2;3	10;10;10
1390	6547	1390	1391	3	3	trialwise	1310;3144;4947	1310;3144;4947	9;20;31	43;109;144	sub-012_ses-103_task-s9;sub-012_ses-205_task-s9;sub-012_ses-304_task-s9	1310	9	43	sub-012	ses-103	task-s9	1;2;3	9;9;9
1391	6554	1391	1392	3	3	trialwise	1482;3243;5066	1482;3243;5066	10;21;32	48;41;96	sub-012_ses-103_task-s10;sub-012_ses-205_task-s10;sub-012_ses-303_task-s10	1482	10	48	sub-012	ses-103	task-s10	1;2;3	10;10;10
1392	6567	1392	1393	3	3	trialwise	1478;3365;4982	1478;3365;4982	10;21;32	44;163;12	sub-012_ses-103_task-s10;sub-012_ses-205_task-s10;sub-012_ses-303_task-s10	1478	10	44	sub-012	ses-103	task-s10	1;2;3	10;10;10
1393	6597	1393	1394	3	3	trialwise	1326;3060;4810	1326;3060;4810	9;20;31	59;25;7	sub-012_ses-103_task-s9;sub-012_ses-205_task-s9;sub-012_ses-304_task-s9	1326	9	59	sub-012	ses-103	task-s9	1;2;3	9;9;9
1394	6605	1394	1395	3	3	trialwise	1279;3191;4855	1279;3191;4855	9;20;31	12;156;52	sub-012_ses-103_task-s9;sub-012_ses-205_task-s9;sub-012_ses-304_task-s9	1279	9	12	sub-012	ses-103	task-s9	1;2;3	9;9;9
1395	6621	1395	1396	3	3	trialwise	1598;3358;5028	1598;3358;5028	10;21;32	164;156;58	sub-012_ses-103_task-s10;sub-012_ses-205_task-s10;sub-012_ses-303_task-s10	1598	10	164	sub-012	ses-103	task-s10	1;2;3	10;10;10
1396	6649	1396	1397	3	3	trialwise	1493;3322;4971	1493;3322;4971	10;21;32	59;120;1	sub-012_ses-103_task-s10;sub-012_ses-205_task-s10;sub-012_ses-303_task-s10	1493	10	59	sub-012	ses-103	task-s10	1;2;3	10;10;10
1397	6661	1397	1398	3	3	trialwise	1499;3222;5076	1499;3222;5076	10;21;32	65;20;106	sub-012_ses-103_task-s10;sub-012_ses-205_task-s10;sub-012_ses-303_task-s10	1499	10	65	sub-012	ses-103	task-s10	1;2;3	10;10;10
1398	6698	1398	1399	3	3	trialwise	1425;3099;4858	1425;3099;4858	9;20;31	158;64;55	sub-012_ses-103_task-s9;sub-012_ses-205_task-s9;sub-012_ses-304_task-s9	1425	9	158	sub-012	ses-103	task-s9	1;2;3	9;9;9
1399	6708	1399	1400	3	3	trialwise	1639;3390;5302	1639;3390;5302	11;22;33	38;21;165	sub-012_ses-103_task-s11;sub-012_ses-205_task-s11;sub-012_ses-303_task-s11	1639	11	38	sub-012	ses-103	task-s11	1;2;3	11;11;11
1400	6736	1400	1401	3	3	trialwise	1273;3087;4917	1273;3087;4917	9;20;31	6;52;114	sub-012_ses-103_task-s9;sub-012_ses-205_task-s9;sub-012_ses-304_task-s9	1273	9	6	sub-012	ses-103	task-s9	1;2;3	9;9;9
1401	6753	1401	1402	3	3	trialwise	1727;3487;5154	1727;3487;5154	11;22;33	126;118;17	sub-012_ses-103_task-s11;sub-012_ses-205_task-s11;sub-012_ses-303_task-s11	1727	11	126	sub-012	ses-103	task-s11	1;2;3	11;11;11
1402	6766	1402	1403	3	3	trialwise	1542;3314;5081	1542;3314;5081	10;21;32	108;112;111	sub-012_ses-103_task-s10;sub-012_ses-205_task-s10;sub-012_ses-303_task-s10	1542	10	108	sub-012	ses-103	task-s10	1;2;3	10;10;10
1403	6770	1403	1404	3	3	trialwise	1660;3475;5167	1660;3475;5167	11;22;33	59;106;30	sub-012_ses-103_task-s11;sub-012_ses-205_task-s11;sub-012_ses-303_task-s11	1660	11	59	sub-012	ses-103	task-s11	1;2;3	11;11;11
1404	6788	1404	1405	3	3	trialwise	1382;3103;4920	1382;3103;4920	9;20;31	115;68;117	sub-012_ses-103_task-s9;sub-012_ses-205_task-s9;sub-012_ses-304_task-s9	1382	9	115	sub-012	ses-103	task-s9	1;2;3	9;9;9
1405	6822	1405	1406	3	3	trialwise	1320;3153;4911	1320;3153;4911	9;20;31	53;118;108	sub-012_ses-103_task-s9;sub-012_ses-205_task-s9;sub-012_ses-304_task-s9	1320	9	53	sub-012	ses-103	task-s9	1;2;3	9;9;9
1406	6862	1406	1407	3	3	trialwise	1438;3264;5019	1438;3264;5019	10;21;32	4;62;49	sub-012_ses-103_task-s10;sub-012_ses-205_task-s10;sub-012_ses-303_task-s10	1438	10	4	sub-012	ses-103	task-s10	1;2;3	10;10;10
1407	6867	1407	1408	3	3	trialwise	1412;3082;4919	1412;3082;4919	9;20;31	145;47;116	sub-012_ses-103_task-s9;sub-012_ses-205_task-s9;sub-012_ses-304_task-s9	1412	9	145	sub-012	ses-103	task-s9	1;2;3	9;9;9
1408	6888	1408	1409	3	3	trialwise	1275;3088;4808	1275;3088;4808	9;20;31	8;53;5	sub-012_ses-103_task-s9;sub-012_ses-205_task-s9;sub-012_ses-304_task-s9	1275	9	8	sub-012	ses-103	task-s9	1;2;3	9;9;9
1409	6909	1409	1410	3	3	trialwise	1686;3527;5171	1686;3527;5171	11;22;33	85;158;34	sub-012_ses-103_task-s11;sub-012_ses-205_task-s11;sub-012_ses-303_task-s11	1686	11	85	sub-012	ses-103	task-s11	1;2;3	11;11;11
1410	6924	1410	1411	3	3	trialwise	1617;3517;5216	1617;3517;5216	11;22;33	16;148;79	sub-012_ses-103_task-s11;sub-012_ses-205_task-s11;sub-012_ses-303_task-s11	1617	11	16	sub-012	ses-103	task-s11	1;2;3	11;11;11
1411	6952	1411	1412	3	3	trialwise	1707;3511;5199	1707;3511;5199	11;22;33	106;142;62	sub-012_ses-103_task-s11;sub-012_ses-205_task-s11;sub-012_ses-303_task-s11	1707	11	106	sub-012	ses-103	task-s11	1;2;3	11;11;11
1412	6986	1412	1413	3	3	trialwise	1281;3183;4909	1281;3183;4909	9;20;31	14;148;106	sub-012_ses-103_task-s9;sub-012_ses-205_task-s9;sub-012_ses-304_task-s9	1281	9	14	sub-012	ses-103	task-s9	1;2;3	9;9;9
1413	6993	1413	1414	3	3	trialwise	1492;3307;5039	1492;3307;5039	10;21;32	58;105;69	sub-012_ses-103_task-s10;sub-012_ses-205_task-s10;sub-012_ses-303_task-s10	1492	10	58	sub-012	ses-103	task-s10	1;2;3	10;10;10
1414	7033	1414	1415	3	3	trialwise	1558;3266;5088	1558;3266;5088	10;21;32	124;64;118	sub-012_ses-103_task-s10;sub-012_ses-205_task-s10;sub-012_ses-303_task-s10	1558	10	124	sub-012	ses-103	task-s10	1;2;3	10;10;10
1415	7037	1415	1416	3	3	trialwise	1302;3059;4854	1302;3059;4854	9;20;31	35;24;51	sub-012_ses-103_task-s9;sub-012_ses-205_task-s9;sub-012_ses-304_task-s9	1302	9	35	sub-012	ses-103	task-s9	1;2;3	9;9;9
1416	7047	1416	1417	3	3	trialwise	1679;3512;5257	1679;3512;5257	11;22;33	78;143;120	sub-012_ses-103_task-s11;sub-012_ses-205_task-s11;sub-012_ses-303_task-s11	1679	11	78	sub-012	ses-103	task-s11	1;2;3	11;11;11
1417	7051	1417	1418	3	3	trialwise	1453;3335;4997	1453;3335;4997	10;21;32	19;133;27	sub-012_ses-103_task-s10;sub-012_ses-205_task-s10;sub-012_ses-303_task-s10	1453	10	19	sub-012	ses-103	task-s10	1;2;3	10;10;10
1418	7083	1418	1419	3	3	trialwise	1334;3154;4935	1334;3154;4935	9;20;31	67;119;132	sub-012_ses-103_task-s9;sub-012_ses-205_task-s9;sub-012_ses-304_task-s9	1334	9	67	sub-012	ses-103	task-s9	1;2;3	9;9;9
1419	7087	1419	1420	3	3	trialwise	1652;3434;5193	1652;3434;5193	11;22;33	51;65;56	sub-012_ses-103_task-s11;sub-012_ses-205_task-s11;sub-012_ses-303_task-s11	1652	11	51	sub-012	ses-103	task-s11	1;2;3	11;11;11
1420	7139	1420	1421	3	3	trialwise	1696;3384;5220	1696;3384;5220	11;22;33	95;15;83	sub-012_ses-103_task-s11;sub-012_ses-205_task-s11;sub-012_ses-303_task-s11	1696	11	95	sub-012	ses-103	task-s11	1;2;3	11;11;11
1421	7158	1421	1422	3	3	trialwise	1409;3163;4883	1409;3163;4883	9;20;31	142;128;80	sub-012_ses-103_task-s9;sub-012_ses-205_task-s9;sub-012_ses-304_task-s9	1409	9	142	sub-012	ses-103	task-s9	1;2;3	9;9;9
1422	7179	1422	1423	3	3	trialwise	1587;3249;5035	1587;3249;5035	10;21;32	153;47;65	sub-012_ses-103_task-s10;sub-012_ses-205_task-s10;sub-012_ses-303_task-s10	1587	10	153	sub-012	ses-103	task-s10	1;2;3	10;10;10
1423	7194	1423	1424	3	3	trialwise	1655;3483;5207	1655;3483;5207	11;22;33	54;114;70	sub-012_ses-103_task-s11;sub-012_ses-205_task-s11;sub-012_ses-303_task-s11	1655	11	54	sub-012	ses-103	task-s11	1;2;3	11;11;11
1424	7237	1424	1425	3	3	trialwise	1661;3436;5277	1661;3436;5277	11;22;33	60;67;140	sub-012_ses-103_task-s11;sub-012_ses-205_task-s11;sub-012_ses-303_task-s11	1661	11	60	sub-012	ses-103	task-s11	1;2;3	11;11;11
1425	7239	1425	1426	3	3	trialwise	1729;3468;5273	1729;3468;5273	11;22;33	128;99;136	sub-012_ses-103_task-s11;sub-012_ses-205_task-s11;sub-012_ses-303_task-s11	1729	11	128	sub-012	ses-103	task-s11	1;2;3	11;11;11
1426	7242	1426	1427	3	3	trialwise	1573;3301;5074	1573;3301;5074	10;21;32	139;99;104	sub-012_ses-103_task-s10;sub-012_ses-205_task-s10;sub-012_ses-303_task-s10	1573	10	139	sub-012	ses-103	task-s10	1;2;3	10;10;10
1427	7271	1427	1428	3	3	trialwise	1481;3228;4990	1481;3228;4990	10;21;32	47;26;20	sub-012_ses-103_task-s10;sub-012_ses-205_task-s10;sub-012_ses-303_task-s10	1481	10	47	sub-012	ses-103	task-s10	1;2;3	10;10;10
1428	7283	1428	1429	3	3	trialwise	1350;3061;4921	1350;3061;4921	9;20;31	83;26;118	sub-012_ses-103_task-s9;sub-012_ses-205_task-s9;sub-012_ses-304_task-s9	1350	9	83	sub-012	ses-103	task-s9	1;2;3	9;9;9
1429	7287	1429	1430	3	3	trialwise	1571;3295;5083	1571;3295;5083	10;21;32	137;93;113	sub-012_ses-103_task-s10;sub-012_ses-205_task-s10;sub-012_ses-303_task-s10	1571	10	137	sub-012	ses-103	task-s10	1;2;3	10;10;10
1430	7325	1430	1431	3	3	trialwise	1321;3052;4860	1321;3052;4860	9;20;31	54;17;57	sub-012_ses-103_task-s9;sub-012_ses-205_task-s9;sub-012_ses-304_task-s9	1321	9	54	sub-012	ses-103	task-s9	1;2;3	9;9;9
1431	7351	1431	1432	3	3	trialwise	1283;3068;4856	1283;3068;4856	9;20;31	16;33;53	sub-012_ses-103_task-s9;sub-012_ses-205_task-s9;sub-012_ses-304_task-s9	1283	9	16	sub-012	ses-103	task-s9	1;2;3	9;9;9
1432	7371	1432	1433	3	3	trialwise	1313;3081;4876	1313;3081;4876	9;20;31	46;46;73	sub-012_ses-103_task-s9;sub-012_ses-205_task-s9;sub-012_ses-304_task-s9	1313	9	46	sub-012	ses-103	task-s9	1;2;3	9;9;9
1433	7396	1433	1434	3	3	trialwise	1590;3325;4977	1590;3325;4977	10;21;32	156;123;7	sub-012_ses-103_task-s10;sub-012_ses-205_task-s10;sub-012_ses-303_task-s10	1590	10	156	sub-012	ses-103	task-s10	1;2;3	10;10;10
1434	7422	1434	1435	3	3	trialwise	1430;3047;4822	1430;3047;4822	9;20;31	163;12;19	sub-012_ses-103_task-s9;sub-012_ses-205_task-s9;sub-012_ses-304_task-s9	1430	9	163	sub-012	ses-103	task-s9	1;2;3	9;9;9
1435	7429	1435	1436	3	3	trialwise	1719;3404;5211	1719;3404;5211	11;22;33	118;35;74	sub-012_ses-103_task-s11;sub-012_ses-205_task-s11;sub-012_ses-303_task-s11	1719	11	118	sub-012	ses-103	task-s11	1;2;3	11;11;11
1436	7434	1436	1437	3	3	trialwise	1760;3522;5197	1760;3522;5197	11;22;33	159;153;60	sub-012_ses-103_task-s11;sub-012_ses-205_task-s11;sub-012_ses-303_task-s11	1760	11	159	sub-012	ses-103	task-s11	1;2;3	11;11;11
1437	7465	1437	1438	3	3	trialwise	1401;3096;4925	1401;3096;4925	9;20;31	134;61;122	sub-012_ses-103_task-s9;sub-012_ses-205_task-s9;sub-012_ses-304_task-s9	1401	9	134	sub-012	ses-103	task-s9	1;2;3	9;9;9
1438	7487	1438	1439	3	3	trialwise	1506;3294;4978	1506;3294;4978	10;21;32	72;92;8	sub-012_ses-103_task-s10;sub-012_ses-205_task-s10;sub-012_ses-303_task-s10	1506	10	72	sub-012	ses-103	task-s10	1;2;3	10;10;10
1439	7508	1439	1440	3	3	trialwise	1578;3219;4980	1578;3219;4980	10;21;32	144;17;10	sub-012_ses-103_task-s10;sub-012_ses-205_task-s10;sub-012_ses-303_task-s10	1578	10	144	sub-012	ses-103	task-s10	1;2;3	10;10;10
1440	7527	1440	1441	3	3	trialwise	1711;3402;5282	1711;3402;5282	11;22;33	110;33;145	sub-012_ses-103_task-s11;sub-012_ses-205_task-s11;sub-012_ses-303_task-s11	1711	11	110	sub-012	ses-103	task-s11	1;2;3	11;11;11
1441	7547	1441	1442	3	3	trialwise	1658;3389;5188	1658;3389;5188	11;22;33	57;20;51	sub-012_ses-103_task-s11;sub-012_ses-205_task-s11;sub-012_ses-303_task-s11	1658	11	57	sub-012	ses-103	task-s11	1;2;3	11;11;11
1442	7564	1442	1443	3	3	trialwise	1338;3073;4897	1338;3073;4897	9;20;31	71;38;94	sub-012_ses-103_task-s9;sub-012_ses-205_task-s9;sub-012_ses-304_task-s9	1338	9	71	sub-012	ses-103	task-s9	1;2;3	9;9;9
1443	7572	1443	1444	3	3	trialwise	1752;3375;5190	1752;3375;5190	11;22;33	151;6;53	sub-012_ses-103_task-s11;sub-012_ses-205_task-s11;sub-012_ses-303_task-s11	1752	11	151	sub-012	ses-103	task-s11	1;2;3	11;11;11
1444	7611	1444	1445	3	3	trialwise	1603;3505;5274	1603;3505;5274	11;22;33	2;136;137	sub-012_ses-103_task-s11;sub-012_ses-205_task-s11;sub-012_ses-303_task-s11	1603	11	2	sub-012	ses-103	task-s11	1;2;3	11;11;11
1445	7627	1445	1446	3	3	trialwise	1371;3121;4833	1371;3121;4833	9;20;31	104;86;30	sub-012_ses-103_task-s9;sub-012_ses-205_task-s9;sub-012_ses-304_task-s9	1371	9	104	sub-012	ses-103	task-s9	1;2;3	9;9;9
1446	7650	1446	1447	3	3	trialwise	1595;3345;5120	1595;3345;5120	10;21;32	161;143;150	sub-012_ses-103_task-s10;sub-012_ses-205_task-s10;sub-012_ses-303_task-s10	1595	10	161	sub-012	ses-103	task-s10	1;2;3	10;10;10
1447	7652	1447	1448	3	3	trialwise	1754;3410;5228	1754;3410;5228	11;22;33	153;41;91	sub-012_ses-103_task-s11;sub-012_ses-205_task-s11;sub-012_ses-303_task-s11	1754	11	153	sub-012	ses-103	task-s11	1;2;3	11;11;11
1448	7691	1448	1449	3	3	trialwise	1766;3531;5210	1766;3531;5210	11;22;33	165;162;73	sub-012_ses-103_task-s11;sub-012_ses-205_task-s11;sub-012_ses-303_task-s11	1766	11	165	sub-012	ses-103	task-s11	1;2;3	11;11;11
1449	7697	1449	1450	3	3	trialwise	1568;3309;5115	1568;3309;5115	10;21;32	134;107;145	sub-012_ses-103_task-s10;sub-012_ses-205_task-s10;sub-012_ses-303_task-s10	1568	10	134	sub-012	ses-103	task-s10	1;2;3	10;10;10
1450	7729	1450	1451	3	3	trialwise	1472;3364;5033	1472;3364;5033	10;21;32	38;162;63	sub-012_ses-103_task-s10;sub-012_ses-205_task-s10;sub-012_ses-303_task-s10	1472	10	38	sub-012	ses-103	task-s10	1;2;3	10;10;10
1451	7760	1451	1452	3	3	trialwise	1374;3146;4931	1374;3146;4931	9;20;31	107;111;128	sub-012_ses-103_task-s9;sub-012_ses-205_task-s9;sub-012_ses-304_task-s9	1374	9	107	sub-012	ses-103	task-s9	1;2;3	9;9;9
1452	7770	1452	1453	3	3	trialwise	1337;3194;4948	1337;3194;4948	9;20;31	70;159;145	sub-012_ses-103_task-s9;sub-012_ses-205_task-s9;sub-012_ses-304_task-s9	1337	9	70	sub-012	ses-103	task-s9	1;2;3	9;9;9
1453	7798	1453	1454	3	3	trialwise	1668;3426;5143	1668;3426;5143	11;22;33	67;57;6	sub-012_ses-103_task-s11;sub-012_ses-205_task-s11;sub-012_ses-303_task-s11	1668	11	67	sub-012	ses-103	task-s11	1;2;3	11;11;11
1454	7815	1454	1455	3	3	trialwise	1333;3186;4959	1333;3186;4959	9;20;31	66;151;156	sub-012_ses-103_task-s9;sub-012_ses-205_task-s9;sub-012_ses-304_task-s9	1333	9	66	sub-012	ses-103	task-s9	1;2;3	9;9;9
1455	7840	1455	1456	3	3	trialwise	1721;3379;5142	1721;3379;5142	11;22;33	120;10;5	sub-012_ses-103_task-s11;sub-012_ses-205_task-s11;sub-012_ses-303_task-s11	1721	11	120	sub-012	ses-103	task-s11	1;2;3	11;11;11
1456	7841	1456	1457	3	3	trialwise	1704;3503;5192	1704;3503;5192	11;22;33	103;134;55	sub-012_ses-103_task-s11;sub-012_ses-205_task-s11;sub-012_ses-303_task-s11	1704	11	103	sub-012	ses-103	task-s11	1;2;3	11;11;11
1457	7844	1457	1458	3	3	trialwise	1474;3239;5126	1474;3239;5126	10;21;32	40;37;156	sub-012_ses-103_task-s10;sub-012_ses-205_task-s10;sub-012_ses-303_task-s10	1474	10	40	sub-012	ses-103	task-s10	1;2;3	10;10;10
1458	7881	1458	1459	3	3	trialwise	1638;3454;5213	1638;3454;5213	11;22;33	37;85;76	sub-012_ses-103_task-s11;sub-012_ses-205_task-s11;sub-012_ses-303_task-s11	1638	11	37	sub-012	ses-103	task-s11	1;2;3	11;11;11
1459	7888	1459	1460	3	3	trialwise	1497;3205;4981	1497;3205;4981	10;21;32	63;3;11	sub-012_ses-103_task-s10;sub-012_ses-205_task-s10;sub-012_ses-303_task-s10	1497	10	63	sub-012	ses-103	task-s10	1;2;3	10;10;10
1460	7942	1460	1461	3	3	trialwise	1390;3046;4865	1390;3046;4865	9;20;31	123;11;62	sub-012_ses-103_task-s9;sub-012_ses-205_task-s9;sub-012_ses-304_task-s9	1390	9	123	sub-012	ses-103	task-s9	1;2;3	9;9;9
1461	7956	1461	1462	3	3	trialwise	1509;3278;5114	1509;3278;5114	10;21;32	75;76;144	sub-012_ses-103_task-s10;sub-012_ses-205_task-s10;sub-012_ses-303_task-s10	1509	10	75	sub-012	ses-103	task-s10	1;2;3	10;10;10
1462	7974	1462	1463	3	3	trialwise	1298;3058;4964	1298;3058;4964	9;20;31	31;23;161	sub-012_ses-103_task-s9;sub-012_ses-205_task-s9;sub-012_ses-304_task-s9	1298	9	31	sub-012	ses-103	task-s9	1;2;3	9;9;9
1463	7990	1463	1464	3	3	trialwise	1535;3361;5060	1535;3361;5060	10;21;32	101;159;90	sub-012_ses-103_task-s10;sub-012_ses-205_task-s10;sub-012_ses-303_task-s10	1535	10	101	sub-012	ses-103	task-s10	1;2;3	10;10;10
1464	8011	1464	1465	3	3	trialwise	1519;3349;5118	1519;3349;5118	10;21;32	85;147;148	sub-012_ses-103_task-s10;sub-012_ses-205_task-s10;sub-012_ses-303_task-s10	1519	10	85	sub-012	ses-103	task-s10	1;2;3	10;10;10
1465	8019	1465	1466	3	3	trialwise	1718;3421;5140	1718;3421;5140	11;22;33	117;52;3	sub-012_ses-103_task-s11;sub-012_ses-205_task-s11;sub-012_ses-303_task-s11	1718	11	117	sub-012	ses-103	task-s11	1;2;3	11;11;11
1466	8055	1466	1467	3	3	trialwise	1565;3330;5075	1565;3330;5075	10;21;32	131;128;105	sub-012_ses-103_task-s10;sub-012_ses-205_task-s10;sub-012_ses-303_task-s10	1565	10	131	sub-012	ses-103	task-s10	1;2;3	10;10;10
1467	8070	1467	1468	3	3	trialwise	1676;3477;5164	1676;3477;5164	11;22;33	75;108;27	sub-012_ses-103_task-s11;sub-012_ses-205_task-s11;sub-012_ses-303_task-s11	1676	11	75	sub-012	ses-103	task-s11	1;2;3	11;11;11
1468	8093	1468	1469	3	3	trialwise	1742;3457;5225	1742;3457;5225	11;22;33	141;88;88	sub-012_ses-103_task-s11;sub-012_ses-205_task-s11;sub-012_ses-303_task-s11	1742	11	141	sub-012	ses-103	task-s11	1;2;3	11;11;11
1469	8117	1469	1470	3	3	trialwise	1631;3392;5276	1631;3392;5276	11;22;33	30;23;139	sub-012_ses-103_task-s11;sub-012_ses-205_task-s11;sub-012_ses-303_task-s11	1631	11	30	sub-012	ses-103	task-s11	1;2;3	11;11;11
1470	8136	1470	1471	3	3	trialwise	1649;3449;5249	1649;3449;5249	11;22;33	48;80;112	sub-012_ses-103_task-s11;sub-012_ses-205_task-s11;sub-012_ses-303_task-s11	1649	11	48	sub-012	ses-103	task-s11	1;2;3	11;11;11
1471	8144	1471	1472	3	3	trialwise	1681;3506;5227	1681;3506;5227	11;22;33	80;137;90	sub-012_ses-103_task-s11;sub-012_ses-205_task-s11;sub-012_ses-303_task-s11	1681	11	80	sub-012	ses-103	task-s11	1;2;3	11;11;11
1472	8178	1472	1473	3	3	trialwise	1504;3213;5071	1504;3213;5071	10;21;32	70;11;101	sub-012_ses-103_task-s10;sub-012_ses-205_task-s10;sub-012_ses-303_task-s10	1504	10	70	sub-012	ses-103	task-s10	1;2;3	10;10;10
1473	8184	1473	1474	3	3	trialwise	1347;3105;4890	1347;3105;4890	9;20;31	80;70;87	sub-012_ses-103_task-s9;sub-012_ses-205_task-s9;sub-012_ses-304_task-s9	1347	9	80	sub-012	ses-103	task-s9	1;2;3	9;9;9
1474	8223	1474	1475	3	3	trialwise	1426;3109;4832	1426;3109;4832	9;20;31	159;74;29	sub-012_ses-103_task-s9;sub-012_ses-205_task-s9;sub-012_ses-304_task-s9	1426	9	159	sub-012	ses-103	task-s9	1;2;3	9;9;9
1475	8224	1475	1476	3	3	trialwise	1315;3130;4950	1315;3130;4950	9;20;31	48;95;147	sub-012_ses-103_task-s9;sub-012_ses-205_task-s9;sub-012_ses-304_task-s9	1315	9	48	sub-012	ses-103	task-s9	1;2;3	9;9;9
1476	8246	1476	1477	3	3	trialwise	1635;3442;5284	1635;3442;5284	11;22;33	34;73;147	sub-012_ses-103_task-s11;sub-012_ses-205_task-s11;sub-012_ses-303_task-s11	1635	11	34	sub-012	ses-103	task-s11	1;2;3	11;11;11
1477	8261	1477	1478	3	3	trialwise	1628;3394;5185	1628;3394;5185	11;22;33	27;25;48	sub-012_ses-103_task-s11;sub-012_ses-205_task-s11;sub-012_ses-303_task-s11	1628	11	27	sub-012	ses-103	task-s11	1;2;3	11;11;11
1478	8293	1478	1479	3	3	trialwise	1750;3441;5151	1750;3441;5151	11;22;33	149;72;14	sub-012_ses-103_task-s11;sub-012_ses-205_task-s11;sub-012_ses-303_task-s11	1750	11	149	sub-012	ses-103	task-s11	1;2;3	11;11;11
1479	8304	1479	1480	3	3	trialwise	1767;3458;5212	1767;3458;5212	11;22;33	166;89;75	sub-012_ses-103_task-s11;sub-012_ses-205_task-s11;sub-012_ses-303_task-s11	1767	11	166	sub-012	ses-103	task-s11	1;2;3	11;11;11
1480	8348	1480	1481	3	3	trialwise	1716;3423;5145	1716;3423;5145	11;22;33	115;54;8	sub-012_ses-103_task-s11;sub-012_ses-205_task-s11;sub-012_ses-303_task-s11	1716	11	115	sub-012	ses-103	task-s11	1;2;3	11;11;11
1481	8350	1481	1482	3	3	trialwise	1533;3218;5113	1533;3218;5113	10;21;32	99;16;143	sub-012_ses-103_task-s10;sub-012_ses-205_task-s10;sub-012_ses-303_task-s10	1533	10	99	sub-012	ses-103	task-s10	1;2;3	10;10;10
1482	8367	1482	1483	3	3	trialwise	1553;3299;5013	1553;3299;5013	10;21;32	119;97;43	sub-012_ses-103_task-s10;sub-012_ses-205_task-s10;sub-012_ses-303_task-s10	1553	10	119	sub-012	ses-103	task-s10	1;2;3	10;10;10
1483	8372	1483	1484	3	3	trialwise	1734;3418;5196	1734;3418;5196	11;22;33	133;49;59	sub-012_ses-103_task-s11;sub-012_ses-205_task-s11;sub-012_ses-303_task-s11	1734	11	133	sub-012	ses-103	task-s11	1;2;3	11;11;11
1484	8420	1484	1485	3	3	trialwise	1627;3412;5270	1627;3412;5270	11;22;33	26;43;133	sub-012_ses-103_task-s11;sub-012_ses-205_task-s11;sub-012_ses-303_task-s11	1627	11	26	sub-012	ses-103	task-s11	1;2;3	11;11;11
1485	8435	1485	1486	3	3	trialwise	1572;3296;5011	1572;3296;5011	10;21;32	138;94;41	sub-012_ses-103_task-s10;sub-012_ses-205_task-s10;sub-012_ses-303_task-s10	1572	10	138	sub-012	ses-103	task-s10	1;2;3	10;10;10
1486	8467	1486	1487	3	3	trialwise	1762;3415;5297	1762;3415;5297	11;22;33	161;46;160	sub-012_ses-103_task-s11;sub-012_ses-205_task-s11;sub-012_ses-303_task-s11	1762	11	161	sub-012	ses-103	task-s11	1;2;3	11;11;11
1487	8477	1487	1488	3	3	trialwise	1577;3362;5029	1577;3362;5029	10;21;32	143;160;59	sub-012_ses-103_task-s10;sub-012_ses-205_task-s10;sub-012_ses-303_task-s10	1577	10	143	sub-012	ses-103	task-s10	1;2;3	10;10;10
1488	8481	1488	1489	3	3	trialwise	1464;3204;5121	1464;3204;5121	10;21;32	30;2;151	sub-012_ses-103_task-s10;sub-012_ses-205_task-s10;sub-012_ses-303_task-s10	1464	10	30	sub-012	ses-103	task-s10	1;2;3	10;10;10
1489	8514	1489	1490	3	3	trialwise	1674;3514;5186	1674;3514;5186	11;22;33	73;145;49	sub-012_ses-103_task-s11;sub-012_ses-205_task-s11;sub-012_ses-303_task-s11	1674	11	73	sub-012	ses-103	task-s11	1;2;3	11;11;11
1490	8524	1490	1491	3	3	trialwise	1348;3157;4834	1348;3157;4834	9;20;31	81;122;31	sub-012_ses-103_task-s9;sub-012_ses-205_task-s9;sub-012_ses-304_task-s9	1348	9	81	sub-012	ses-103	task-s9	1;2;3	9;9;9
1491	8540	1491	1492	3	3	trialwise	1359;3063;4965	1359;3063;4965	9;20;31	92;28;162	sub-012_ses-103_task-s9;sub-012_ses-205_task-s9;sub-012_ses-304_task-s9	1359	9	92	sub-012	ses-103	task-s9	1;2;3	9;9;9
1492	8565	1492	1493	3	3	trialwise	1531;3207;5036	1531;3207;5036	10;21;32	97;5;66	sub-012_ses-103_task-s10;sub-012_ses-205_task-s10;sub-012_ses-303_task-s10	1531	10	97	sub-012	ses-103	task-s10	1;2;3	10;10;10
1493	8600	1493	1494	3	3	trialwise	1285;3202;4814	1285;3202;4814	9;20;31	18;167;11	sub-012_ses-103_task-s9;sub-012_ses-205_task-s9;sub-012_ses-304_task-s9	1285	9	18	sub-012	ses-103	task-s9	1;2;3	9;9;9
1494	8615	1494	1495	3	3	trialwise	1387;3115;4857	1387;3115;4857	9;20;31	120;80;54	sub-012_ses-103_task-s9;sub-012_ses-205_task-s9;sub-012_ses-304_task-s9	1387	9	120	sub-012	ses-103	task-s9	1;2;3	9;9;9
1495	8618	1495	1496	3	3	trialwise	1609;3490;5295	1609;3490;5295	11;22;33	8;121;158	sub-012_ses-103_task-s11;sub-012_ses-205_task-s11;sub-012_ses-303_task-s11	1609	11	8	sub-012	ses-103	task-s11	1;2;3	11;11;11
1496	8653	1496	1497	3	3	trialwise	1411;3193;4962	1411;3193;4962	9;20;31	144;158;159	sub-012_ses-103_task-s9;sub-012_ses-205_task-s9;sub-012_ses-304_task-s9	1411	9	144	sub-012	ses-103	task-s9	1;2;3	9;9;9
1497	8670	1497	1498	3	3	trialwise	1534;3319;5015	1534;3319;5015	10;21;32	100;117;45	sub-012_ses-103_task-s10;sub-012_ses-205_task-s10;sub-012_ses-303_task-s10	1534	10	100	sub-012	ses-103	task-s10	1;2;3	10;10;10
1498	8686	1498	1499	3	3	trialwise	1312;3152;4958	1312;3152;4958	9;20;31	45;117;155	sub-012_ses-103_task-s9;sub-012_ses-205_task-s9;sub-012_ses-304_task-s9	1312	9	45	sub-012	ses-103	task-s9	1;2;3	9;9;9
1499	8694	1499	1500	3	3	trialwise	1524;3290;5131	1524;3290;5131	10;21;32	90;88;161	sub-012_ses-103_task-s10;sub-012_ses-205_task-s10;sub-012_ses-303_task-s10	1524	10	90	sub-012	ses-103	task-s10	1;2;3	10;10;10
1500	8721	1500	1501	3	3	trialwise	1486;3287;5100	1486;3287;5100	10;21;32	52;85;130	sub-012_ses-103_task-s10;sub-012_ses-205_task-s10;sub-012_ses-303_task-s10	1486	10	52	sub-012	ses-103	task-s10	1;2;3	10;10;10
1501	8731	1501	1502	3	3	trialwise	1436;3229;5031	1436;3229;5031	10;21;32	2;27;61	sub-012_ses-103_task-s10;sub-012_ses-205_task-s10;sub-012_ses-303_task-s10	1436	10	2	sub-012	ses-103	task-s10	1;2;3	10;10;10
1502	8764	1502	1503	3	3	trialwise	1449;3271;5017	1449;3271;5017	10;21;32	15;69;47	sub-012_ses-103_task-s10;sub-012_ses-205_task-s10;sub-012_ses-303_task-s10	1449	10	15	sub-012	ses-103	task-s10	1;2;3	10;10;10
1503	8798	1503	1504	3	3	trialwise	1739;3428;5173	1739;3428;5173	11;22;33	138;59;36	sub-012_ses-103_task-s11;sub-012_ses-205_task-s11;sub-012_ses-303_task-s11	1739	11	138	sub-012	ses-103	task-s11	1;2;3	11;11;11
1504	8803	1504	1505	3	3	trialwise	1715;3516;5265	1715;3516;5265	11;22;33	114;147;128	sub-012_ses-103_task-s11;sub-012_ses-205_task-s11;sub-012_ses-303_task-s11	1715	11	114	sub-012	ses-103	task-s11	1;2;3	11;11;11
1505	8818	1505	1506	3	3	trialwise	1270;3123;4887	1270;3123;4887	9;20;31	3;88;84	sub-012_ses-103_task-s9;sub-012_ses-205_task-s9;sub-012_ses-304_task-s9	1270	9	3	sub-012	ses-103	task-s9	1;2;3	9;9;9
1506	8852	1506	1507	3	3	trialwise	1663;3432;5261	1663;3432;5261	11;22;33	62;63;124	sub-012_ses-103_task-s11;sub-012_ses-205_task-s11;sub-012_ses-303_task-s11	1663	11	62	sub-012	ses-103	task-s11	1;2;3	11;11;11
1507	8871	1507	1508	3	3	trialwise	1689;3440;5170	1689;3440;5170	11;22;33	88;71;33	sub-012_ses-103_task-s11;sub-012_ses-205_task-s11;sub-012_ses-303_task-s11	1689	11	88	sub-012	ses-103	task-s11	1;2;3	11;11;11
1508	8881	1508	1509	3	3	trialwise	1309;3090;4841	1309;3090;4841	9;20;31	42;55;38	sub-012_ses-103_task-s9;sub-012_ses-205_task-s9;sub-012_ses-304_task-s9	1309	9	42	sub-012	ses-103	task-s9	1;2;3	9;9;9
1509	8892	1509	1510	3	3	trialwise	1705;3525;5176	1705;3525;5176	11;22;33	104;156;39	sub-012_ses-103_task-s11;sub-012_ses-205_task-s11;sub-012_ses-303_task-s11	1705	11	104	sub-012	ses-103	task-s11	1;2;3	11;11;11
1510	8931	1510	1511	3	3	trialwise	1640;3372;5158	1640;3372;5158	11;22;33	39;3;21	sub-012_ses-103_task-s11;sub-012_ses-205_task-s11;sub-012_ses-303_task-s11	1640	11	39	sub-012	ses-103	task-s11	1;2;3	11;11;11
1511	8953	1511	1512	3	3	trialwise	1684;3374;5271	1684;3374;5271	11;22;33	83;5;134	sub-012_ses-103_task-s11;sub-012_ses-205_task-s11;sub-012_ses-303_task-s11	1684	11	83	sub-012	ses-103	task-s11	1;2;3	11;11;11
1512	8993	1512	1513	3	3	trialwise	1444;3286;4984	1444;3286;4984	10;21;32	10;84;14	sub-012_ses-103_task-s10;sub-012_ses-205_task-s10;sub-012_ses-303_task-s10	1444	10	10	sub-012	ses-103	task-s10	1;2;3	10;10;10
1513	8997	1513	1514	3	3	trialwise	1672;3376;5153	1672;3376;5153	11;22;33	71;7;16	sub-012_ses-103_task-s11;sub-012_ses-205_task-s11;sub-012_ses-303_task-s11	1672	11	71	sub-012	ses-103	task-s11	1;2;3	11;11;11
1514	9019	1514	1515	3	3	trialwise	1301;3074;4819	1301;3074;4819	9;20;31	34;39;16	sub-012_ses-103_task-s9;sub-012_ses-205_task-s9;sub-012_ses-304_task-s9	1301	9	34	sub-012	ses-103	task-s9	1;2;3	9;9;9
1515	9024	1515	1516	3	3	trialwise	1272;3100;4937	1272;3100;4937	9;20;31	5;65;134	sub-012_ses-103_task-s9;sub-012_ses-205_task-s9;sub-012_ses-304_task-s9	1272	9	5	sub-012	ses-103	task-s9	1;2;3	9;9;9
1516	9068	1516	1517	3	3	trialwise	1423;3166;4842	1423;3166;4842	9;20;31	156;131;39	sub-012_ses-103_task-s9;sub-012_ses-205_task-s9;sub-012_ses-304_task-s9	1423	9	156	sub-012	ses-103	task-s9	1;2;3	9;9;9
1517	9075	1517	1518	3	3	trialwise	1296;3107;4873	1296;3107;4873	9;20;31	29;72;70	sub-012_ses-103_task-s9;sub-012_ses-205_task-s9;sub-012_ses-304_task-s9	1296	9	29	sub-012	ses-103	task-s9	1;2;3	9;9;9
1518	9090	1518	1519	3	3	trialwise	1543;3265;4998	1543;3265;4998	10;21;32	109;63;28	sub-012_ses-103_task-s10;sub-012_ses-205_task-s10;sub-012_ses-303_task-s10	1543	10	109	sub-012	ses-103	task-s10	1;2;3	10;10;10
1519	9105	1519	1520	3	3	trialwise	1651;3504;5147	1651;3504;5147	11;22;33	50;135;10	sub-012_ses-103_task-s11;sub-012_ses-205_task-s11;sub-012_ses-303_task-s11	1651	11	50	sub-012	ses-103	task-s11	1;2;3	11;11;11
1520	9150	1520	1521	3	3	trialwise	1677;3456;5162	1677;3456;5162	11;22;33	76;87;25	sub-012_ses-103_task-s11;sub-012_ses-205_task-s11;sub-012_ses-303_task-s11	1677	11	76	sub-012	ses-103	task-s11	1;2;3	11;11;11
1521	9158	1521	1522	3	3	trialwise	1575;3354;5045	1575;3354;5045	10;21;32	141;152;75	sub-012_ses-103_task-s10;sub-012_ses-205_task-s10;sub-012_ses-303_task-s10	1575	10	141	sub-012	ses-103	task-s10	1;2;3	10;10;10
1522	9170	1522	1523	3	3	trialwise	1381;3069;4825	1381;3069;4825	9;20;31	114;34;22	sub-012_ses-103_task-s9;sub-012_ses-205_task-s9;sub-012_ses-304_task-s9	1381	9	114	sub-012	ses-103	task-s9	1;2;3	9;9;9
1523	9195	1523	1524	3	3	trialwise	1695;3450;5152	1695;3450;5152	11;22;33	94;81;15	sub-012_ses-103_task-s11;sub-012_ses-205_task-s11;sub-012_ses-303_task-s11	1695	11	94	sub-012	ses-103	task-s11	1;2;3	11;11;11
1524	9205	1524	1525	3	3	trialwise	1447;3242;5101	1447;3242;5101	10;21;32	13;40;131	sub-012_ses-103_task-s10;sub-012_ses-205_task-s10;sub-012_ses-303_task-s10	1447	10	13	sub-012	ses-103	task-s10	1;2;3	10;10;10
1525	9216	1525	1526	3	3	trialwise	1528;3256;5087	1528;3256;5087	10;21;32	94;54;117	sub-012_ses-103_task-s10;sub-012_ses-205_task-s10;sub-012_ses-303_task-s10	1528	10	94	sub-012	ses-103	task-s10	1;2;3	10;10;10
1526	9247	1526	1527	3	3	trialwise	1293;3086;4877	1293;3086;4877	9;20;31	26;51;74	sub-012_ses-103_task-s9;sub-012_ses-205_task-s9;sub-012_ses-304_task-s9	1293	9	26	sub-012	ses-103	task-s9	1;2;3	9;9;9
1527	9259	1527	1528	3	3	trialwise	1391;3138;4886	1391;3138;4886	9;20;31	124;103;83	sub-012_ses-103_task-s9;sub-012_ses-205_task-s9;sub-012_ses-304_task-s9	1391	9	124	sub-012	ses-103	task-s9	1;2;3	9;9;9
1528	9290	1528	1529	3	3	trialwise	1618;3513;5254	1618;3513;5254	11;22;33	17;144;117	sub-012_ses-103_task-s11;sub-012_ses-205_task-s11;sub-012_ses-303_task-s11	1618	11	17	sub-012	ses-103	task-s11	1;2;3	11;11;11
1529	9306	1529	1530	3	3	trialwise	1468;3206;5063	1468;3206;5063	10;21;32	34;4;93	sub-012_ses-103_task-s10;sub-012_ses-205_task-s10;sub-012_ses-303_task-s10	1468	10	34	sub-012	ses-103	task-s10	1;2;3	10;10;10
1530	9327	1530	1531	3	3	trialwise	1463;3235;5090	1463;3235;5090	10;21;32	29;33;120	sub-012_ses-103_task-s10;sub-012_ses-205_task-s10;sub-012_ses-303_task-s10	1463	10	29	sub-012	ses-103	task-s10	1;2;3	10;10;10
1531	9354	1531	1532	3	3	trialwise	1424;3150;4942	1424;3150;4942	9;20;31	157;115;139	sub-012_ses-103_task-s9;sub-012_ses-205_task-s9;sub-012_ses-304_task-s9	1424	9	157	sub-012	ses-103	task-s9	1;2;3	9;9;9
1532	9380	1532	1533	3	3	trialwise	1434;3170;4968	1434;3170;4968	9;20;31	167;135;165	sub-012_ses-103_task-s9;sub-012_ses-205_task-s9;sub-012_ses-304_task-s9	1434	9	167	sub-012	ses-103	task-s9	1;2;3	9;9;9
1533	9399	1533	1534	3	3	trialwise	1610;3386;5172	1610;3386;5172	11;22;33	9;17;35	sub-012_ses-103_task-s11;sub-012_ses-205_task-s11;sub-012_ses-303_task-s11	1610	11	9	sub-012	ses-103	task-s11	1;2;3	11;11;11
1534	9425	1534	1535	3	3	trialwise	1378;3113;4864	1378;3113;4864	9;20;31	111;78;61	sub-012_ses-103_task-s9;sub-012_ses-205_task-s9;sub-012_ses-304_task-s9	1378	9	111	sub-012	ses-103	task-s9	1;2;3	9;9;9
1535	9438	1535	1536	3	3	trialwise	1538;3315;5085	1538;3315;5085	10;21;32	104;113;115	sub-012_ses-103_task-s10;sub-012_ses-205_task-s10;sub-012_ses-303_task-s10	1538	10	104	sub-012	ses-103	task-s10	1;2;3	10;10;10
1536	9464	1536	1537	3	3	trialwise	1323;3199;4830	1323;3199;4830	9;20;31	56;164;27	sub-012_ses-103_task-s9;sub-012_ses-205_task-s9;sub-012_ses-304_task-s9	1323	9	56	sub-012	ses-103	task-s9	1;2;3	9;9;9
1537	9478	1537	1538	3	3	trialwise	1439;3311;5044	1439;3311;5044	10;21;32	5;109;74	sub-012_ses-103_task-s10;sub-012_ses-205_task-s10;sub-012_ses-303_task-s10	1439	10	5	sub-012	ses-103	task-s10	1;2;3	10;10;10
1538	9488	1538	1539	3	3	trialwise	1343;3041;4867	1343;3041;4867	9;20;31	76;6;64	sub-012_ses-103_task-s9;sub-012_ses-205_task-s9;sub-012_ses-304_task-s9	1343	9	76	sub-012	ses-103	task-s9	1;2;3	9;9;9
1539	9493	1539	1540	3	3	trialwise	1392;3182;4923	1392;3182;4923	9;20;31	125;147;120	sub-012_ses-103_task-s9;sub-012_ses-205_task-s9;sub-012_ses-304_task-s9	1392	9	125	sub-012	ses-103	task-s9	1;2;3	9;9;9
1540	9524	1540	1541	3	3	trialwise	1322;3098;4895	1322;3098;4895	9;20;31	55;63;92	sub-012_ses-103_task-s9;sub-012_ses-205_task-s9;sub-012_ses-304_task-s9	1322	9	55	sub-012	ses-103	task-s9	1;2;3	9;9;9
1541	9533	1541	1542	3	3	trialwise	1466;3227;5003	1466;3227;5003	10;21;32	32;25;33	sub-012_ses-103_task-s10;sub-012_ses-205_task-s10;sub-012_ses-303_task-s10	1466	10	32	sub-012	ses-103	task-s10	1;2;3	10;10;10
1542	9578	1542	1543	3	3	trialwise	1268;3167;4899	1268;3167;4899	9;20;31	1;132;96	sub-012_ses-103_task-s9;sub-012_ses-205_task-s9;sub-012_ses-304_task-s9	1268	9	1	sub-012	ses-103	task-s9	1;2;3	9;9;9
1543	9599	1543	1544	3	3	trialwise	1511;3255;5067	1511;3255;5067	10;21;32	77;53;97	sub-012_ses-103_task-s10;sub-012_ses-205_task-s10;sub-012_ses-303_task-s10	1511	10	77	sub-012	ses-103	task-s10	1;2;3	10;10;10
1544	9608	1544	1545	3	3	trialwise	1364;3078;4898	1364;3078;4898	9;20;31	97;43;95	sub-012_ses-103_task-s9;sub-012_ses-205_task-s9;sub-012_ses-304_task-s9	1364	9	97	sub-012	ses-103	task-s9	1;2;3	9;9;9
1545	9640	1545	1546	3	3	trialwise	1488;3203;5129	1488;3203;5129	10;21;32	54;1;159	sub-012_ses-103_task-s10;sub-012_ses-205_task-s10;sub-012_ses-303_task-s10	1488	10	54	sub-012	ses-103	task-s10	1;2;3	10;10;10
1546	9653	1546	1547	3	3	trialwise	1329;3062;4924	1329;3062;4924	9;20;31	62;27;121	sub-012_ses-103_task-s9;sub-012_ses-205_task-s9;sub-012_ses-304_task-s9	1329	9	62	sub-012	ses-103	task-s9	1;2;3	9;9;9
1547	9676	1547	1548	3	3	trialwise	1367;3122;4840	1367;3122;4840	9;20;31	100;87;37	sub-012_ses-103_task-s9;sub-012_ses-205_task-s9;sub-012_ses-304_task-s9	1367	9	100	sub-012	ses-103	task-s9	1;2;3	9;9;9
1548	9709	1548	1549	3	3	trialwise	1308;3128;4872	1308;3128;4872	9;20;31	41;93;69	sub-012_ses-103_task-s9;sub-012_ses-205_task-s9;sub-012_ses-304_task-s9	1308	9	41	sub-012	ses-103	task-s9	1;2;3	9;9;9
1549	9713	1549	1550	3	3	trialwise	1643;3498;5269	1643;3498;5269	11;22;33	42;129;132	sub-012_ses-103_task-s11;sub-012_ses-205_task-s11;sub-012_ses-303_task-s11	1643	11	42	sub-012	ses-103	task-s11	1;2;3	11;11;11
1550	9741	1550	1551	3	3	trialwise	1687;3420;5235	1687;3420;5235	11;22;33	86;51;98	sub-012_ses-103_task-s11;sub-012_ses-205_task-s11;sub-012_ses-303_task-s11	1687	11	86	sub-012	ses-103	task-s11	1;2;3	11;11;11
1551	9755	1551	1552	3	3	trialwise	1389;3173;4903	1389;3173;4903	9;20;31	122;138;100	sub-012_ses-103_task-s9;sub-012_ses-205_task-s9;sub-012_ses-304_task-s9	1389	9	122	sub-012	ses-103	task-s9	1;2;3	9;9;9
1552	9776	1552	1553	3	3	trialwise	1276;3043;4861	1276;3043;4861	9;20;31	9;8;58	sub-012_ses-103_task-s9;sub-012_ses-205_task-s9;sub-012_ses-304_task-s9	1276	9	9	sub-012	ses-103	task-s9	1;2;3	9;9;9
1553	9800	1553	1554	3	3	trialwise	1561;3274;5078	1561;3274;5078	10;21;32	127;72;108	sub-012_ses-103_task-s10;sub-012_ses-205_task-s10;sub-012_ses-303_task-s10	1561	10	127	sub-012	ses-103	task-s10	1;2;3	10;10;10
1554	9834	1554	1555	3	3	trialwise	1620;3370;5156	1620;3370;5156	11;22;33	19;1;19	sub-012_ses-103_task-s11;sub-012_ses-205_task-s11;sub-012_ses-303_task-s11	1620	11	19	sub-012	ses-103	task-s11	1;2;3	11;11;11
1555	9835	1555	1556	3	3	trialwise	1496;3214;5065	1496;3214;5065	10;21;32	62;12;95	sub-012_ses-103_task-s10;sub-012_ses-205_task-s10;sub-012_ses-303_task-s10	1496	10	62	sub-012	ses-103	task-s10	1;2;3	10;10;10
1556	9857	1556	1557	3	3	trialwise	1576;3297;5009	1576;3297;5009	10;21;32	142;95;39	sub-012_ses-103_task-s10;sub-012_ses-205_task-s10;sub-012_ses-303_task-s10	1576	10	142	sub-012	ses-103	task-s10	1;2;3	10;10;10
1557	9871	1557	1558	3	3	trialwise	1271;3141;4901	1271;3141;4901	9;20;31	4;106;98	sub-012_ses-103_task-s9;sub-012_ses-205_task-s9;sub-012_ses-304_task-s9	1271	9	4	sub-012	ses-103	task-s9	1;2;3	9;9;9
1558	9895	1558	1559	3	3	trialwise	1414;3077;4885	1414;3077;4885	9;20;31	147;42;82	sub-012_ses-103_task-s9;sub-012_ses-205_task-s9;sub-012_ses-304_task-s9	1414	9	147	sub-012	ses-103	task-s9	1;2;3	9;9;9
1559	9909	1559	1560	3	3	trialwise	1317;3190;4893	1317;3190;4893	9;20;31	50;155;90	sub-012_ses-103_task-s9;sub-012_ses-205_task-s9;sub-012_ses-304_task-s9	1317	9	50	sub-012	ses-103	task-s9	1;2;3	9;9;9
1560	9939	1560	1561	3	3	trialwise	1516;3233;5010	1516;3233;5010	10;21;32	82;31;40	sub-012_ses-103_task-s10;sub-012_ses-205_task-s10;sub-012_ses-303_task-s10	1516	10	82	sub-012	ses-103	task-s10	1;2;3	10;10;10
1561	9946	1561	1562	3	3	trialwise	1291;3106;4944	1291;3106;4944	9;20;31	24;71;141	sub-012_ses-103_task-s9;sub-012_ses-205_task-s9;sub-012_ses-304_task-s9	1291	9	24	sub-012	ses-103	task-s9	1;2;3	9;9;9
1562	9979	1562	1563	3	3	trialwise	1629;3480;5300	1629;3480;5300	11;22;33	28;111;163	sub-012_ses-103_task-s11;sub-012_ses-205_task-s11;sub-012_ses-303_task-s11	1629	11	28	sub-012	ses-103	task-s11	1;2;3	11;11;11
1563	9981	1563	1564	3	3	trialwise	1667;3535;5209	1667;3535;5209	11;22;33	66;166;72	sub-012_ses-103_task-s11;sub-012_ses-205_task-s11;sub-012_ses-303_task-s11	1667	11	66	sub-012	ses-103	task-s11	1;2;3	11;11;11
1564	10007	1564	1565	3	3	trialwise	1549;3210;5110	1549;3210;5110	10;21;32	115;8;140	sub-012_ses-103_task-s10;sub-012_ses-205_task-s10;sub-012_ses-303_task-s10	1549	10	115	sub-012	ses-103	task-s10	1;2;3	10;10;10
1565	10033	1565	1566	3	3	trialwise	1300;3080;4889	1300;3080;4889	9;20;31	33;45;86	sub-012_ses-103_task-s9;sub-012_ses-205_task-s9;sub-012_ses-304_task-s9	1300	9	33	sub-012	ses-103	task-s9	1;2;3	9;9;9
1566	10067	1566	1567	3	3	trialwise	1365;3171;4846	1365;3171;4846	9;20;31	98;136;43	sub-012_ses-103_task-s9;sub-012_ses-205_task-s9;sub-012_ses-304_task-s9	1365	9	98	sub-012	ses-103	task-s9	1;2;3	9;9;9
1567	10073	1567	1568	3	3	trialwise	1357;3142;4908	1357;3142;4908	9;20;31	90;107;105	sub-012_ses-103_task-s9;sub-012_ses-205_task-s9;sub-012_ses-304_task-s9	1357	9	90	sub-012	ses-103	task-s9	1;2;3	9;9;9
1568	10094	1568	1569	3	3	trialwise	1284;3104;4939	1284;3104;4939	9;20;31	17;69;136	sub-012_ses-103_task-s9;sub-012_ses-205_task-s9;sub-012_ses-304_task-s9	1284	9	17	sub-012	ses-103	task-s9	1;2;3	9;9;9
1569	10107	1569	1570	3	3	trialwise	1670;3493;5148	1670;3493;5148	11;22;33	69;124;11	sub-012_ses-103_task-s11;sub-012_ses-205_task-s11;sub-012_ses-303_task-s11	1670	11	69	sub-012	ses-103	task-s11	1;2;3	11;11;11
1570	10134	1570	1571	3	3	trialwise	1630;3488;5303	1630;3488;5303	11;22;33	29;119;166	sub-012_ses-103_task-s11;sub-012_ses-205_task-s11;sub-012_ses-303_task-s11	1630	11	29	sub-012	ses-103	task-s11	1;2;3	11;11;11
1571	10137	1571	1572	3	3	trialwise	1314;3111;4969	1314;3111;4969	9;20;31	47;76;166	sub-012_ses-103_task-s9;sub-012_ses-205_task-s9;sub-012_ses-304_task-s9	1314	9	47	sub-012	ses-103	task-s9	1;2;3	9;9;9
1572	10197	1572	1573	3	3	trialwise	1441;3326;5082	1441;3326;5082	10;21;32	7;124;112	sub-012_ses-103_task-s10;sub-012_ses-205_task-s10;sub-012_ses-303_task-s10	1441	10	7	sub-012	ses-103	task-s10	1;2;3	10;10;10
1573	10198	1573	1574	3	3	trialwise	1407;3127;4859	1407;3127;4859	9;20;31	140;92;56	sub-012_ses-103_task-s9;sub-012_ses-205_task-s9;sub-012_ses-304_task-s9	1407	9	140	sub-012	ses-103	task-s9	1;2;3	9;9;9
1574	10210	1574	1575	3	3	trialwise	1740;3391;5289	1740;3391;5289	11;22;33	139;22;152	sub-012_ses-103_task-s11;sub-012_ses-205_task-s11;sub-012_ses-303_task-s11	1740	11	139	sub-012	ses-103	task-s11	1;2;3	11;11;11
1575	10239	1575	1576	3	3	trialwise	1604;3395;5292	1604;3395;5292	11;22;33	3;26;155	sub-012_ses-103_task-s11;sub-012_ses-205_task-s11;sub-012_ses-303_task-s11	1604	11	3	sub-012	ses-103	task-s11	1;2;3	11;11;11
1576	10244	1576	1577	3	3	trialwise	1567;3302;5105	1567;3302;5105	10;21;32	133;100;135	sub-012_ses-103_task-s10;sub-012_ses-205_task-s10;sub-012_ses-303_task-s10	1567	10	133	sub-012	ses-103	task-s10	1;2;3	10;10;10
1577	10259	1577	1578	3	3	trialwise	1286;3040;4880	1286;3040;4880	9;20;31	19;5;77	sub-012_ses-103_task-s9;sub-012_ses-205_task-s9;sub-012_ses-304_task-s9	1286	9	19	sub-012	ses-103	task-s9	1;2;3	9;9;9
1578	10292	1578	1579	3	3	trialwise	1717;3433;5248	1717;3433;5248	11;22;33	116;64;111	sub-012_ses-103_task-s11;sub-012_ses-205_task-s11;sub-012_ses-303_task-s11	1717	11	116	sub-012	ses-103	task-s11	1;2;3	11;11;11
1579	10313	1579	1580	3	3	trialwise	1600;3267;5095	1600;3267;5095	10;21;32	166;65;125	sub-012_ses-103_task-s10;sub-012_ses-205_task-s10;sub-012_ses-303_task-s10	1600	10	166	sub-012	ses-103	task-s10	1;2;3	10;10;10
1580	10330	1580	1581	3	3	trialwise	1671;3524;5161	1671;3524;5161	11;22;33	70;155;24	sub-012_ses-103_task-s11;sub-012_ses-205_task-s11;sub-012_ses-303_task-s11	1671	11	70	sub-012	ses-103	task-s11	1;2;3	11;11;11
1581	10342	1581	1582	3	3	trialwise	1500;3284;5038	1500;3284;5038	10;21;32	66;82;68	sub-012_ses-103_task-s10;sub-012_ses-205_task-s10;sub-012_ses-303_task-s10	1500	10	66	sub-012	ses-103	task-s10	1;2;3	10;10;10
1582	10363	1582	1583	3	3	trialwise	1626;3463;5264	1626;3463;5264	11;22;33	25;94;127	sub-012_ses-103_task-s11;sub-012_ses-205_task-s11;sub-012_ses-303_task-s11	1626	11	25	sub-012	ses-103	task-s11	1;2;3	11;11;11
1583	10390	1583	1584	3	3	trialwise	1280;3079;4956	1280;3079;4956	9;20;31	13;44;153	sub-012_ses-103_task-s9;sub-012_ses-205_task-s9;sub-012_ses-304_task-s9	1280	9	13	sub-012	ses-103	task-s9	1;2;3	9;9;9
1584	10404	1584	1585	3	3	trialwise	1607;3520;5266	1607;3520;5266	11;22;33	6;151;129	sub-012_ses-103_task-s11;sub-012_ses-205_task-s11;sub-012_ses-303_task-s11	1607	11	6	sub-012	ses-103	task-s11	1;2;3	11;11;11
1585	10420	1585	1586	3	3	trialwise	1394;3053;4828	1394;3053;4828	9;20;31	127;18;25	sub-012_ses-103_task-s9;sub-012_ses-205_task-s9;sub-012_ses-304_task-s9	1394	9	127	sub-012	ses-103	task-s9	1;2;3	9;9;9
1586	10471	1586	1587	3	3	trialwise	1405;3051;4871	1405;3051;4871	9;20;31	138;16;68	sub-012_ses-103_task-s9;sub-012_ses-205_task-s9;sub-012_ses-304_task-s9	1405	9	138	sub-012	ses-103	task-s9	1;2;3	9;9;9
1587	10475	1587	1588	3	3	trialwise	1726;3482;5280	1726;3482;5280	11;22;33	125;113;143	sub-012_ses-103_task-s11;sub-012_ses-205_task-s11;sub-012_ses-303_task-s11	1726	11	125	sub-012	ses-103	task-s11	1;2;3	11;11;11
1588	10511	1588	1589	3	3	trialwise	1484;3263;5096	1484;3263;5096	10;21;32	50;61;126	sub-012_ses-103_task-s10;sub-012_ses-205_task-s10;sub-012_ses-303_task-s10	1484	10	50	sub-012	ses-103	task-s10	1;2;3	10;10;10
1589	10513	1589	1590	3	3	trialwise	1657;3515;5275	1657;3515;5275	11;22;33	56;146;138	sub-012_ses-103_task-s11;sub-012_ses-205_task-s11;sub-012_ses-303_task-s11	1657	11	56	sub-012	ses-103	task-s11	1;2;3	11;11;11
1590	10524	1590	1591	3	3	trialwise	1469;3277;5072	1469;3277;5072	10;21;32	35;75;102	sub-012_ses-103_task-s10;sub-012_ses-205_task-s10;sub-012_ses-303_task-s10	1469	10	35	sub-012	ses-103	task-s10	1;2;3	10;10;10
1591	10534	1591	1592	3	3	trialwise	1636;3381;5267	1636;3381;5267	11;22;33	35;12;130	sub-012_ses-103_task-s11;sub-012_ses-205_task-s11;sub-012_ses-303_task-s11	1636	11	35	sub-012	ses-103	task-s11	1;2;3	11;11;11
1592	10577	1592	1593	3	3	trialwise	1690;3466;5256	1690;3466;5256	11;22;33	89;97;119	sub-012_ses-103_task-s11;sub-012_ses-205_task-s11;sub-012_ses-303_task-s11	1690	11	89	sub-012	ses-103	task-s11	1;2;3	11;11;11
1593	10590	1593	1594	3	3	trialwise	1429;3055;4853	1429;3055;4853	9;20;31	162;20;50	sub-012_ses-103_task-s9;sub-012_ses-205_task-s9;sub-012_ses-304_task-s9	1429	9	162	sub-012	ses-103	task-s9	1;2;3	9;9;9
1594	10606	1594	1595	3	3	trialwise	1591;3281;5016	1591;3281;5016	10;21;32	157;79;46	sub-012_ses-103_task-s10;sub-012_ses-205_task-s10;sub-012_ses-303_task-s10	1591	10	157	sub-012	ses-103	task-s10	1;2;3	10;10;10
1595	10640	1595	1596	3	3	trialwise	1540;3340;5086	1540;3340;5086	10;21;32	106;138;116	sub-012_ses-103_task-s10;sub-012_ses-205_task-s10;sub-012_ses-303_task-s10	1540	10	106	sub-012	ses-103	task-s10	1;2;3	10;10;10
1596	10641	1596	1597	3	3	trialwise	1328;3143;4862	1328;3143;4862	9;20;31	61;108;59	sub-012_ses-103_task-s9;sub-012_ses-205_task-s9;sub-012_ses-304_task-s9	1328	9	61	sub-012	ses-103	task-s9	1;2;3	9;9;9
1597	10665	1597	1598	3	3	trialwise	1380;3108;4809	1380;3108;4809	9;20;31	113;73;6	sub-012_ses-103_task-s9;sub-012_ses-205_task-s9;sub-012_ses-304_task-s9	1380	9	113	sub-012	ses-103	task-s9	1;2;3	9;9;9
1598	10699	1598	1599	3	3	trialwise	1419;3124;4904	1419;3124;4904	9;20;31	152;89;101	sub-012_ses-103_task-s9;sub-012_ses-205_task-s9;sub-012_ses-304_task-s9	1419	9	152	sub-012	ses-103	task-s9	1;2;3	9;9;9
1599	10711	1599	1600	3	3	trialwise	1623;3528;5301	1623;3528;5301	11;22;33	22;159;164	sub-012_ses-103_task-s11;sub-012_ses-205_task-s11;sub-012_ses-303_task-s11	1623	11	22	sub-012	ses-103	task-s11	1;2;3	11;11;11
1600	10724	1600	1601	3	3	trialwise	1527;3220;5027	1527;3220;5027	10;21;32	93;18;57	sub-012_ses-103_task-s10;sub-012_ses-205_task-s10;sub-012_ses-303_task-s10	1527	10	93	sub-012	ses-103	task-s10	1;2;3	10;10;10
1601	10746	1601	1602	3	3	trialwise	1292;3083;4960	1292;3083;4960	9;20;31	25;48;157	sub-012_ses-103_task-s9;sub-012_ses-205_task-s9;sub-012_ses-304_task-s9	1292	9	25	sub-012	ses-103	task-s9	1;2;3	9;9;9
1602	10766	1602	1603	3	3	trialwise	1702;3371;5283	1702;3371;5283	11;22;33	101;2;146	sub-012_ses-103_task-s11;sub-012_ses-205_task-s11;sub-012_ses-303_task-s11	1702	11	101	sub-012	ses-103	task-s11	1;2;3	11;11;11
1603	10776	1603	1604	3	3	trialwise	1746;3413;5187	1746;3413;5187	11;22;33	145;44;50	sub-012_ses-103_task-s11;sub-012_ses-205_task-s11;sub-012_ses-303_task-s11	1746	11	145	sub-012	ses-103	task-s11	1;2;3	11;11;11
1604	10802	1604	1605	3	3	trialwise	1445;3224;5132	1445;3224;5132	10;21;32	11;22;162	sub-012_ses-103_task-s10;sub-012_ses-205_task-s10;sub-012_ses-303_task-s10	1445	10	11	sub-012	ses-103	task-s10	1;2;3	10;10;10
1605	10832	1605	1606	3	3	trialwise	1410;3172;4970	1410;3172;4970	9;20;31	143;137;167	sub-012_ses-103_task-s9;sub-012_ses-205_task-s9;sub-012_ses-304_task-s9	1410	9	143	sub-012	ses-103	task-s9	1;2;3	9;9;9
1606	10846	1606	1607	3	3	trialwise	1406;3159;4843	1406;3159;4843	9;20;31	139;124;40	sub-012_ses-103_task-s9;sub-012_ses-205_task-s9;sub-012_ses-304_task-s9	1406	9	139	sub-012	ses-103	task-s9	1;2;3	9;9;9
1607	10863	1607	1608	3	3	trialwise	1437;3331;5057	1437;3331;5057	10;21;32	3;129;87	sub-012_ses-103_task-s10;sub-012_ses-205_task-s10;sub-012_ses-303_task-s10	1437	10	3	sub-012	ses-103	task-s10	1;2;3	10;10;10
1608	10891	1608	1609	3	3	trialwise	1462;3292;5051	1462;3292;5051	10;21;32	28;90;81	sub-012_ses-103_task-s10;sub-012_ses-205_task-s10;sub-012_ses-303_task-s10	1462	10	28	sub-012	ses-103	task-s10	1;2;3	10;10;10
1609	10920	1609	1610	3	3	trialwise	1708;3479;5252	1708;3479;5252	11;22;33	107;110;115	sub-012_ses-103_task-s11;sub-012_ses-205_task-s11;sub-012_ses-303_task-s11	1708	11	107	sub-012	ses-103	task-s11	1;2;3	11;11;11
1610	10928	1610	1611	3	3	trialwise	1432;3134;4946	1432;3134;4946	9;20;31	165;99;143	sub-012_ses-103_task-s9;sub-012_ses-205_task-s9;sub-012_ses-304_task-s9	1432	9	165	sub-012	ses-103	task-s9	1;2;3	9;9;9
1611	10943	1611	1612	3	3	trialwise	1650;3400;5288	1650;3400;5288	11;22;33	49;31;151	sub-012_ses-103_task-s11;sub-012_ses-205_task-s11;sub-012_ses-303_task-s11	1650	11	49	sub-012	ses-103	task-s11	1;2;3	11;11;11
1612	10972	1612	1613	3	3	trialwise	1593;3338;5093	1593;3338;5093	10;21;32	159;136;123	sub-012_ses-103_task-s10;sub-012_ses-205_task-s10;sub-012_ses-303_task-s10	1593	10	159	sub-012	ses-103	task-s10	1;2;3	10;10;10
1613	10993	1613	1614	3	3	trialwise	1440;3247;5012	1440;3247;5012	10;21;32	6;45;42	sub-012_ses-103_task-s10;sub-012_ses-205_task-s10;sub-012_ses-303_task-s10	1440	10	6	sub-012	ses-103	task-s10	1;2;3	10;10;10
1614	11015	1614	1615	3	3	trialwise	1713;3446;5181	1713;3446;5181	11;22;33	112;77;44	sub-012_ses-103_task-s11;sub-012_ses-205_task-s11;sub-012_ses-303_task-s11	1713	11	112	sub-012	ses-103	task-s11	1;2;3	11;11;11
1615	11037	1615	1616	3	3	trialwise	1691;3377;5200	1691;3377;5200	11;22;33	90;8;63	sub-012_ses-103_task-s11;sub-012_ses-205_task-s11;sub-012_ses-303_task-s11	1691	11	90	sub-012	ses-103	task-s11	1;2;3	11;11;11
1616	11059	1616	1617	3	3	trialwise	1564;3245;5000	1564;3245;5000	10;21;32	130;43;30	sub-012_ses-103_task-s10;sub-012_ses-205_task-s10;sub-012_ses-303_task-s10	1564	10	130	sub-012	ses-103	task-s10	1;2;3	10;10;10
1617	11068	1617	1618	3	3	trialwise	1710;3424;5240	1710;3424;5240	11;22;33	109;55;103	sub-012_ses-103_task-s11;sub-012_ses-205_task-s11;sub-012_ses-303_task-s11	1710	11	109	sub-012	ses-103	task-s11	1;2;3	11;11;11
1618	11098	1618	1619	3	3	trialwise	1764;3397;5262	1764;3397;5262	11;22;33	163;28;125	sub-012_ses-103_task-s11;sub-012_ses-205_task-s11;sub-012_ses-303_task-s11	1764	11	163	sub-012	ses-103	task-s11	1;2;3	11;11;11
1619	11113	1619	1620	3	3	trialwise	1473;3339;5133	1473;3339;5133	10;21;32	39;137;163	sub-012_ses-103_task-s10;sub-012_ses-205_task-s10;sub-012_ses-303_task-s10	1473	10	39	sub-012	ses-103	task-s10	1;2;3	10;10;10
1620	11121	1620	1621	3	3	trialwise	1194;2964;4679	1194;2964;4679	8;19;30	85;87;34	sub-012_ses-103_task-s8;sub-012_ses-204_task-s8;sub-012_ses-302_task-s8	1194	8	85	sub-012	ses-103	task-s8	1;2;3	8;8;8
1621	11122	1621	1622	3	3	trialwise	692;2532;4188	692;2532;4188	5;16;27	57;129;17	sub-012_ses-102_task-s5;sub-012_ses-203_task-s5;sub-012_ses-301_task-s5	692	5	57	sub-012	ses-102	task-s5	1;2;3	5;5;5
1622	11123	1622	1623	3	3	trialwise	240;1931;3710	240;1931;3710	2;13;24	82;5;16	sub-012_ses-101_task-s2;sub-012_ses-201_task-s2;sub-012_ses-301_task-s2	240	2	82	sub-012	ses-101	task-s2	1;2;3	2;2;2
1623	11124	1623	1624	3	3	trialwise	141;1808;3687	141;1808;3687	1;12;23	142;41;152	sub-012_ses-101_task-s1;sub-012_ses-201_task-s1;sub-012_ses-301_task-s1	141	1	142	sub-012	ses-101	task-s1	1;2;3	1;1;1
1624	11125	1624	1625	3	3	trialwise	854;2701;4441	854;2701;4441	6;17;28	61;140;112	sub-012_ses-102_task-s6;sub-012_ses-203_task-s6;sub-012_ses-302_task-s6	854	6	61	sub-012	ses-102	task-s6	1;2;3	6;6;6
1625	11126	1625	1626	3	3	trialwise	1180;2885;4688	1180;2885;4688	8;19;30	71;8;43	sub-012_ses-103_task-s8;sub-012_ses-204_task-s8;sub-012_ses-302_task-s8	1180	8	71	sub-012	ses-103	task-s8	1;2;3	8;8;8
1626	11127	1626	1627	3	3	trialwise	610;2403;4092	610;2403;4092	4;15;26	134;159;80	sub-012_ses-102_task-s4;sub-012_ses-203_task-s4;sub-012_ses-301_task-s4	610	4	134	sub-012	ses-102	task-s4	1;2;3	4;4;4
1627	11128	1627	1628	3	3	trialwise	13;1868;3622	13;1868;3622	1;12;23	14;101;87	sub-012_ses-101_task-s1;sub-012_ses-201_task-s1;sub-012_ses-301_task-s1	13	1	14	sub-012	ses-101	task-s1	1;2;3	1;1;1
1628	11129	1628	1629	3	3	trialwise	801;2694;4431	801;2694;4431	6;17;28	8;133;102	sub-012_ses-102_task-s6;sub-012_ses-203_task-s6;sub-012_ses-302_task-s6	801	6	8	sub-012	ses-102	task-s6	1;2;3	6;6;6
1629	11130	1629	1630	3	3	trialwise	98;1802;3655	98;1802;3655	1;12;23	99;35;120	sub-012_ses-101_task-s1;sub-012_ses-201_task-s1;sub-012_ses-301_task-s1	98	1	99	sub-012	ses-101	task-s1	1;2;3	1;1;1
1630	11131	1630	1631	3	3	trialwise	21;1920;3545	21;1920;3545	1;12;23	22;153;10	sub-012_ses-101_task-s1;sub-012_ses-201_task-s1;sub-012_ses-301_task-s1	21	1	22	sub-012	ses-101	task-s1	1;2;3	1;1;1
1631	11132	1631	1632	3	3	trialwise	798;2678;4462	798;2678;4462	6;17;28	5;117;133	sub-012_ses-102_task-s6;sub-012_ses-203_task-s6;sub-012_ses-302_task-s6	798	6	5	sub-012	ses-102	task-s6	1;2;3	6;6;6
1632	11133	1632	1633	3	3	trialwise	164;1928;3851	164;1928;3851	2;13;24	6;2;157	sub-012_ses-101_task-s2;sub-012_ses-201_task-s2;sub-012_ses-301_task-s2	164	2	6	sub-012	ses-101	task-s2	1;2;3	2;2;2
1633	11134	1633	1634	3	3	trialwise	262;2030;3832	262;2030;3832	2;13;24	104;104;138	sub-012_ses-101_task-s2;sub-012_ses-201_task-s2;sub-012_ses-301_task-s2	262	2	104	sub-012	ses-101	task-s2	1;2;3	2;2;2
1634	11135	1634	1635	3	3	trialwise	928;2599;4407	928;2599;4407	6;17;28	135;38;78	sub-012_ses-102_task-s6;sub-012_ses-203_task-s6;sub-012_ses-302_task-s6	928	6	135	sub-012	ses-102	task-s6	1;2;3	6;6;6
1635	11136	1635	1636	3	3	trialwise	573;2254;4063	573;2254;4063	4;15;26	97;10;51	sub-012_ses-102_task-s4;sub-012_ses-203_task-s4;sub-012_ses-301_task-s4	573	4	97	sub-012	ses-102	task-s4	1;2;3	4;4;4
1636	11137	1636	1637	3	3	trialwise	140;1810;3629	140;1810;3629	1;12;23	141;43;94	sub-012_ses-101_task-s1;sub-012_ses-201_task-s1;sub-012_ses-301_task-s1	140	1	141	sub-012	ses-101	task-s1	1;2;3	1;1;1
1637	11138	1637	1638	3	3	trialwise	414;2168;3862	414;2168;3862	3;14;25	97;83;9	sub-012_ses-101_task-s3;sub-012_ses-201_task-s3;sub-012_ses-301_task-s3	414	3	97	sub-012	ses-101	task-s3	1;2;3	3;3;3
1638	11139	1638	1639	3	3	trialwise	106;1872;3658	106;1872;3658	1;12;23	107;105;123	sub-012_ses-101_task-s1;sub-012_ses-201_task-s1;sub-012_ses-301_task-s1	106	1	107	sub-012	ses-101	task-s1	1;2;3	1;1;1
1639	11140	1639	1640	3	3	trialwise	661;2508;4255	661;2508;4255	5;16;27	26;105;84	sub-012_ses-102_task-s5;sub-012_ses-203_task-s5;sub-012_ses-301_task-s5	661	5	26	sub-012	ses-102	task-s5	1;2;3	5;5;5
1640	11141	1640	1641	3	3	trialwise	284;1944;3717	284;1944;3717	2;13;24	126;18;23	sub-012_ses-101_task-s2;sub-012_ses-201_task-s2;sub-012_ses-301_task-s2	284	2	126	sub-012	ses-101	task-s2	1;2;3	2;2;2
1641	11142	1641	1642	3	3	trialwise	914;2601;4340	914;2601;4340	6;17;28	121;40;11	sub-012_ses-102_task-s6;sub-012_ses-203_task-s6;sub-012_ses-302_task-s6	914	6	121	sub-012	ses-102	task-s6	1;2;3	6;6;6
1642	11143	1642	1643	3	3	trialwise	413;2098;3977	413;2098;3977	3;14;25	96;13;124	sub-012_ses-101_task-s3;sub-012_ses-201_task-s3;sub-012_ses-301_task-s3	413	3	96	sub-012	ses-101	task-s3	1;2;3	3;3;3
1643	11144	1643	1644	3	3	trialwise	677;2418;4321	677;2418;4321	5;16;27	42;15;150	sub-012_ses-102_task-s5;sub-012_ses-203_task-s5;sub-012_ses-301_task-s5	677	5	42	sub-012	ses-102	task-s5	1;2;3	5;5;5
1644	11145	1644	1645	3	3	trialwise	1258;2967;4654	1258;2967;4654	8;19;30	149;90;9	sub-012_ses-103_task-s8;sub-012_ses-204_task-s8;sub-012_ses-302_task-s8	1258	8	149	sub-012	ses-103	task-s8	1;2;3	8;8;8
1645	11146	1645	1646	3	3	trialwise	54;1907;3572	54;1907;3572	1;12;23	55;140;37	sub-012_ses-101_task-s1;sub-012_ses-201_task-s1;sub-012_ses-301_task-s1	54	1	55	sub-012	ses-101	task-s1	1;2;3	1;1;1
1646	11147	1646	1647	3	3	trialwise	442;2204;3989	442;2204;3989	3;14;25	125;119;136	sub-012_ses-101_task-s3;sub-012_ses-201_task-s3;sub-012_ses-301_task-s3	442	3	125	sub-012	ses-101	task-s3	1;2;3	3;3;3
1647	11148	1647	1648	3	3	trialwise	836;2693;4347	836;2693;4347	6;17;28	43;132;18	sub-012_ses-102_task-s6;sub-012_ses-203_task-s6;sub-012_ses-302_task-s6	836	6	43	sub-012	ses-102	task-s6	1;2;3	6;6;6
1648	11149	1648	1649	3	3	trialwise	644;2437;4246	644;2437;4246	5;16;27	9;34;75	sub-012_ses-102_task-s5;sub-012_ses-203_task-s5;sub-012_ses-301_task-s5	644	5	9	sub-012	ses-102	task-s5	1;2;3	5;5;5
1649	11150	1649	1650	3	3	trialwise	104;1779;3682	104;1779;3682	1;12;23	105;12;147	sub-012_ses-101_task-s1;sub-012_ses-201_task-s1;sub-012_ses-301_task-s1	104	1	105	sub-012	ses-101	task-s1	1;2;3	1;1;1
1650	11151	1650	1651	3	3	trialwise	125;1790;3671	125;1790;3671	1;12;23	126;23;136	sub-012_ses-101_task-s1;sub-012_ses-201_task-s1;sub-012_ses-301_task-s1	125	1	126	sub-012	ses-101	task-s1	1;2;3	1;1;1
1651	11152	1651	1652	3	3	trialwise	1040;2772;4608	1040;2772;4608	7;18;29	89;53;121	sub-012_ses-102_task-s7;sub-012_ses-203_task-s7;sub-012_ses-302_task-s7	1040	7	89	sub-012	ses-102	task-s7	1;2;3	7;7;7
1652	11153	1652	1653	3	3	trialwise	729;2496;4320	729;2496;4320	5;16;27	94;93;149	sub-012_ses-102_task-s5;sub-012_ses-203_task-s5;sub-012_ses-301_task-s5	729	5	94	sub-012	ses-102	task-s5	1;2;3	5;5;5
1653	11154	1653	1654	3	3	trialwise	81;1846;3684	81;1846;3684	1;12;23	82;79;149	sub-012_ses-101_task-s1;sub-012_ses-201_task-s1;sub-012_ses-301_task-s1	81	1	82	sub-012	ses-101	task-s1	1;2;3	1;1;1
1654	11155	1654	1655	3	3	trialwise	449;2183;3987	449;2183;3987	3;14;25	132;98;134	sub-012_ses-101_task-s3;sub-012_ses-201_task-s3;sub-012_ses-301_task-s3	449	3	132	sub-012	ses-101	task-s3	1;2;3	3;3;3
1655	11156	1655	1656	3	3	trialwise	793;2526;4198	793;2526;4198	5;16;27	158;123;27	sub-012_ses-102_task-s5;sub-012_ses-203_task-s5;sub-012_ses-301_task-s5	793	5	158	sub-012	ses-102	task-s5	1;2;3	5;5;5
1656	11157	1656	1657	3	3	trialwise	768;2519;4186	768;2519;4186	5;16;27	133;116;15	sub-012_ses-102_task-s5;sub-012_ses-203_task-s5;sub-012_ses-301_task-s5	768	5	133	sub-012	ses-102	task-s5	1;2;3	5;5;5
1657	11158	1657	1658	3	3	trialwise	916;2603;4446	916;2603;4446	6;17;28	123;42;117	sub-012_ses-102_task-s6;sub-012_ses-203_task-s6;sub-012_ses-302_task-s6	916	6	123	sub-012	ses-102	task-s6	1;2;3	6;6;6
1658	11159	1658	1659	3	3	trialwise	535;2383;4157	535;2383;4157	4;15;26	59;139;145	sub-012_ses-102_task-s4;sub-012_ses-203_task-s4;sub-012_ses-301_task-s4	535	4	59	sub-012	ses-102	task-s4	1;2;3	4;4;4
1659	11160	1659	1660	3	3	trialwise	182;2071;3768	182;2071;3768	2;13;24	24;145;74	sub-012_ses-101_task-s2;sub-012_ses-201_task-s2;sub-012_ses-301_task-s2	182	2	24	sub-012	ses-101	task-s2	1;2;3	2;2;2
1660	11161	1660	1661	3	3	trialwise	558;2354;4046	558;2354;4046	4;15;26	82;110;34	sub-012_ses-102_task-s4;sub-012_ses-203_task-s4;sub-012_ses-301_task-s4	558	4	82	sub-012	ses-102	task-s4	1;2;3	4;4;4
1661	11162	1661	1662	3	3	trialwise	218;1954;3742	218;1954;3742	2;13;24	60;28;48	sub-012_ses-101_task-s2;sub-012_ses-201_task-s2;sub-012_ses-301_task-s2	218	2	60	sub-012	ses-101	task-s2	1;2;3	2;2;2
1662	11163	1662	1663	3	3	trialwise	443;2126;3958	443;2126;3958	3;14;25	126;41;105	sub-012_ses-101_task-s3;sub-012_ses-201_task-s3;sub-012_ses-301_task-s3	443	3	126	sub-012	ses-101	task-s3	1;2;3	3;3;3
1663	11164	1663	1664	3	3	trialwise	699;2509;4241	699;2509;4241	5;16;27	64;106;70	sub-012_ses-102_task-s5;sub-012_ses-203_task-s5;sub-012_ses-301_task-s5	699	5	64	sub-012	ses-102	task-s5	1;2;3	5;5;5
1664	11165	1664	1665	3	3	trialwise	321;2207;3986	321;2207;3986	3;14;25	4;122;133	sub-012_ses-101_task-s3;sub-012_ses-201_task-s3;sub-012_ses-301_task-s3	321	3	4	sub-012	ses-101	task-s3	1;2;3	3;3;3
1665	11166	1665	1666	3	3	trialwise	1220;2891;4754	1220;2891;4754	8;19;30	111;14;109	sub-012_ses-103_task-s8;sub-012_ses-204_task-s8;sub-012_ses-302_task-s8	1220	8	111	sub-012	ses-103	task-s8	1;2;3	8;8;8
1666	11167	1666	1667	3	3	trialwise	178;1992;3726	178;1992;3726	2;13;24	20;66;32	sub-012_ses-101_task-s2;sub-012_ses-201_task-s2;sub-012_ses-301_task-s2	178	2	20	sub-012	ses-101	task-s2	1;2;3	2;2;2
1667	11168	1667	1668	3	3	trialwise	335;2099;3969	335;2099;3969	3;14;25	18;14;116	sub-012_ses-101_task-s3;sub-012_ses-201_task-s3;sub-012_ses-301_task-s3	335	3	18	sub-012	ses-101	task-s3	1;2;3	3;3;3
1668	11169	1668	1669	3	3	trialwise	902;2649;4465	902;2649;4465	6;17;28	109;88;136	sub-012_ses-102_task-s6;sub-012_ses-203_task-s6;sub-012_ses-302_task-s6	902	6	109	sub-012	ses-102	task-s6	1;2;3	6;6;6
1669	11170	1669	1670	3	3	trialwise	347;2137;3858	347;2137;3858	3;14;25	30;52;5	sub-012_ses-101_task-s3;sub-012_ses-201_task-s3;sub-012_ses-301_task-s3	347	3	30	sub-012	ses-101	task-s3	1;2;3	3;3;3
1670	11171	1670	1671	3	3	trialwise	542;2377;4136	542;2377;4136	4;15;26	66;133;124	sub-012_ses-102_task-s4;sub-012_ses-203_task-s4;sub-012_ses-301_task-s4	542	4	66	sub-012	ses-102	task-s4	1;2;3	4;4;4
1671	11172	1671	1672	3	3	trialwise	1251;2888;4795	1251;2888;4795	8;19;30	142;11;150	sub-012_ses-103_task-s8;sub-012_ses-204_task-s8;sub-012_ses-302_task-s8	1251	8	142	sub-012	ses-103	task-s8	1;2;3	8;8;8
1672	11173	1672	1673	3	3	trialwise	133;1876;3550	133;1876;3550	1;12;23	134;109;15	sub-012_ses-101_task-s1;sub-012_ses-201_task-s1;sub-012_ses-301_task-s1	133	1	134	sub-012	ses-101	task-s1	1;2;3	1;1;1
1673	11174	1673	1674	3	3	trialwise	980;2870;4564	980;2870;4564	7;18;29	29;151;77	sub-012_ses-102_task-s7;sub-012_ses-203_task-s7;sub-012_ses-302_task-s7	980	7	29	sub-012	ses-102	task-s7	1;2;3	7;7;7
1674	11175	1674	1675	3	3	trialwise	339;2179;3967	339;2179;3967	3;14;25	22;94;114	sub-012_ses-101_task-s3;sub-012_ses-201_task-s3;sub-012_ses-301_task-s3	339	3	22	sub-012	ses-101	task-s3	1;2;3	3;3;3
1675	11176	1675	1676	3	3	trialwise	712;2424;4287	712;2424;4287	5;16;27	77;21;116	sub-012_ses-102_task-s5;sub-012_ses-203_task-s5;sub-012_ses-301_task-s5	712	5	77	sub-012	ses-102	task-s5	1;2;3	5;5;5
1676	11177	1676	1677	3	3	trialwise	460;2097;3921	460;2097;3921	3;14;25	143;12;68	sub-012_ses-101_task-s3;sub-012_ses-201_task-s3;sub-012_ses-301_task-s3	460	3	143	sub-012	ses-101	task-s3	1;2;3	3;3;3
1677	11178	1677	1678	3	3	trialwise	486;2393;4121	486;2393;4121	4;15;26	10;149;109	sub-012_ses-102_task-s4;sub-012_ses-203_task-s4;sub-012_ses-301_task-s4	486	4	10	sub-012	ses-102	task-s4	1;2;3	4;4;4
1678	11179	1678	1679	3	3	trialwise	319;2181;3863	319;2181;3863	3;14;25	2;96;10	sub-012_ses-101_task-s3;sub-012_ses-201_task-s3;sub-012_ses-301_task-s3	319	3	2	sub-012	ses-101	task-s3	1;2;3	3;3;3
1679	11180	1679	1680	3	3	trialwise	1160;2890;4674	1160;2890;4674	8;19;30	51;13;29	sub-012_ses-103_task-s8;sub-012_ses-204_task-s8;sub-012_ses-302_task-s8	1160	8	51	sub-012	ses-103	task-s8	1;2;3	8;8;8
1680	11181	1680	1681	3	3	trialwise	1058;2864;4534	1058;2864;4534	7;18;29	107;145;47	sub-012_ses-102_task-s7;sub-012_ses-203_task-s7;sub-012_ses-302_task-s7	1058	7	107	sub-012	ses-102	task-s7	1;2;3	7;7;7
1681	11182	1681	1682	3	3	trialwise	730;2474;4244	730;2474;4244	5;16;27	95;71;73	sub-012_ses-102_task-s5;sub-012_ses-203_task-s5;sub-012_ses-301_task-s5	730	5	95	sub-012	ses-102	task-s5	1;2;3	5;5;5
1682	11183	1682	1683	3	3	trialwise	124;1905;3597	124;1905;3597	1;12;23	125;138;62	sub-012_ses-101_task-s1;sub-012_ses-201_task-s1;sub-012_ses-301_task-s1	124	1	125	sub-012	ses-101	task-s1	1;2;3	1;1;1
1683	11184	1683	1684	3	3	trialwise	18;1817;3680	18;1817;3680	1;12;23	19;50;145	sub-012_ses-101_task-s1;sub-012_ses-201_task-s1;sub-012_ses-301_task-s1	18	1	19	sub-012	ses-101	task-s1	1;2;3	1;1;1
1684	11185	1684	1685	3	3	trialwise	366;2234;3996	366;2234;3996	3;14;25	49;149;143	sub-012_ses-101_task-s3;sub-012_ses-201_task-s3;sub-012_ses-301_task-s3	366	3	49	sub-012	ses-101	task-s3	1;2;3	3;3;3
1685	11186	1685	1686	3	3	trialwise	784;2522;4274	784;2522;4274	5;16;27	149;119;103	sub-012_ses-102_task-s5;sub-012_ses-203_task-s5;sub-012_ses-301_task-s5	784	5	149	sub-012	ses-102	task-s5	1;2;3	5;5;5
1686	11187	1686	1687	3	3	trialwise	1154;2947;4785	1154;2947;4785	8;19;30	45;70;140	sub-012_ses-103_task-s8;sub-012_ses-204_task-s8;sub-012_ses-302_task-s8	1154	8	45	sub-012	ses-103	task-s8	1;2;3	8;8;8
1687	11188	1687	1688	3	3	trialwise	1079;2825;4498	1079;2825;4498	7;18;29	128;106;11	sub-012_ses-102_task-s7;sub-012_ses-203_task-s7;sub-012_ses-302_task-s7	1079	7	128	sub-012	ses-102	task-s7	1;2;3	7;7;7
1688	11189	1688	1689	3	3	trialwise	703;2436;4172	703;2436;4172	5;16;27	68;33;1	sub-012_ses-102_task-s5;sub-012_ses-203_task-s5;sub-012_ses-301_task-s5	703	5	68	sub-012	ses-102	task-s5	1;2;3	5;5;5
1689	11190	1689	1690	3	3	trialwise	193;1963;3729	193;1963;3729	2;13;24	35;37;35	sub-012_ses-101_task-s2;sub-012_ses-201_task-s2;sub-012_ses-301_task-s2	193	2	35	sub-012	ses-101	task-s2	1;2;3	2;2;2
1690	11191	1690	1691	3	3	trialwise	515;2267;4145	515;2267;4145	4;15;26	39;23;133	sub-012_ses-102_task-s4;sub-012_ses-203_task-s4;sub-012_ses-301_task-s4	515	4	39	sub-012	ses-102	task-s4	1;2;3	4;4;4
1691	11192	1691	1692	3	3	trialwise	112;1897;3585	112;1897;3585	1;12;23	113;130;50	sub-012_ses-101_task-s1;sub-012_ses-201_task-s1;sub-012_ses-301_task-s1	112	1	113	sub-012	ses-101	task-s1	1;2;3	1;1;1
1692	11193	1692	1693	3	3	trialwise	646;2511;4234	646;2511;4234	5;16;27	11;108;63	sub-012_ses-102_task-s5;sub-012_ses-203_task-s5;sub-012_ses-301_task-s5	646	5	11	sub-012	ses-102	task-s5	1;2;3	5;5;5
1693	11194	1693	1694	3	3	trialwise	494;2373;4110	494;2373;4110	4;15;26	18;129;98	sub-012_ses-102_task-s4;sub-012_ses-203_task-s4;sub-012_ses-301_task-s4	494	4	18	sub-012	ses-102	task-s4	1;2;3	4;4;4
1694	11195	1694	1695	3	3	trialwise	216;1956;3715	216;1956;3715	2;13;24	58;30;21	sub-012_ses-101_task-s2;sub-012_ses-201_task-s2;sub-012_ses-301_task-s2	216	2	58	sub-012	ses-101	task-s2	1;2;3	2;2;2
1695	11196	1695	1696	3	3	trialwise	235;1929;3850	235;1929;3850	2;13;24	77;3;156	sub-012_ses-101_task-s2;sub-012_ses-201_task-s2;sub-012_ses-301_task-s2	235	2	77	sub-012	ses-101	task-s2	1;2;3	2;2;2
1696	11197	1696	1697	3	3	trialwise	1001;2762;4555	1001;2762;4555	7;18;29	50;43;68	sub-012_ses-102_task-s7;sub-012_ses-203_task-s7;sub-012_ses-302_task-s7	1001	7	50	sub-012	ses-102	task-s7	1;2;3	7;7;7
1697	11198	1697	1698	3	3	trialwise	966;2771;4503	966;2771;4503	7;18;29	15;52;16	sub-012_ses-102_task-s7;sub-012_ses-203_task-s7;sub-012_ses-302_task-s7	966	7	15	sub-012	ses-102	task-s7	1;2;3	7;7;7
1698	11199	1698	1699	3	3	trialwise	1142;2895;4793	1142;2895;4793	8;19;30	33;18;148	sub-012_ses-103_task-s8;sub-012_ses-204_task-s8;sub-012_ses-302_task-s8	1142	8	33	sub-012	ses-103	task-s8	1;2;3	8;8;8
1699	11200	1699	1700	3	3	trialwise	100;1926;3569	100;1926;3569	1;12;23	101;159;34	sub-012_ses-101_task-s1;sub-012_ses-201_task-s1;sub-012_ses-301_task-s1	100	1	101	sub-012	ses-101	task-s1	1;2;3	1;1;1
1700	11201	1700	1701	3	3	trialwise	1110;2941;4680	1110;2941;4680	8;19;30	1;64;35	sub-012_ses-103_task-s8;sub-012_ses-204_task-s8;sub-012_ses-302_task-s8	1110	8	1	sub-012	ses-103	task-s8	1;2;3	8;8;8
1701	11202	1701	1702	3	3	trialwise	1263;2993;4739	1263;2993;4739	8;19;30	154;116;94	sub-012_ses-103_task-s8;sub-012_ses-204_task-s8;sub-012_ses-302_task-s8	1263	8	154	sub-012	ses-103	task-s8	1;2;3	8;8;8
1702	11203	1702	1703	3	3	trialwise	1254;2999;4650	1254;2999;4650	8;19;30	145;122;5	sub-012_ses-103_task-s8;sub-012_ses-204_task-s8;sub-012_ses-302_task-s8	1254	8	145	sub-012	ses-103	task-s8	1;2;3	8;8;8
1703	11204	1703	1704	3	3	trialwise	510;2392;4015	510;2392;4015	4;15;26	34;148;3	sub-012_ses-102_task-s4;sub-012_ses-203_task-s4;sub-012_ses-301_task-s4	510	4	34	sub-012	ses-102	task-s4	1;2;3	4;4;4
1704	11205	1704	1705	3	3	trialwise	930;2685;4456	930;2685;4456	6;17;28	137;124;127	sub-012_ses-102_task-s6;sub-012_ses-203_task-s6;sub-012_ses-302_task-s6	930	6	137	sub-012	ses-102	task-s6	1;2;3	6;6;6
1705	11206	1705	1706	3	3	trialwise	516;2269;4030	516;2269;4030	4;15;26	40;25;18	sub-012_ses-102_task-s4;sub-012_ses-203_task-s4;sub-012_ses-301_task-s4	516	4	40	sub-012	ses-102	task-s4	1;2;3	4;4;4
1706	11207	1706	1707	3	3	trialwise	228;2048;3775	228;2048;3775	2;13;24	70;122;81	sub-012_ses-101_task-s2;sub-012_ses-201_task-s2;sub-012_ses-301_task-s2	228	2	70	sub-012	ses-101	task-s2	1;2;3	2;2;2
1707	11208	1707	1708	3	3	trialwise	475;2093;3882	475;2093;3882	3;14;25	158;8;29	sub-012_ses-101_task-s3;sub-012_ses-201_task-s3;sub-012_ses-301_task-s3	475	3	158	sub-012	ses-101	task-s3	1;2;3	3;3;3
1708	11209	1708	1709	3	3	trialwise	1191;2994;4743	1191;2994;4743	8;19;30	82;117;98	sub-012_ses-103_task-s8;sub-012_ses-204_task-s8;sub-012_ses-302_task-s8	1191	8	82	sub-012	ses-103	task-s8	1;2;3	8;8;8
1709	11210	1709	1710	3	3	trialwise	210;2022;3703	210;2022;3703	2;13;24	52;96;9	sub-012_ses-101_task-s2;sub-012_ses-201_task-s2;sub-012_ses-301_task-s2	210	2	52	sub-012	ses-101	task-s2	1;2;3	2;2;2
1710	11211	1710	1711	3	3	trialwise	543;2295;4120	543;2295;4120	4;15;26	67;51;108	sub-012_ses-102_task-s4;sub-012_ses-203_task-s4;sub-012_ses-301_task-s4	543	4	67	sub-012	ses-102	task-s4	1;2;3	4;4;4
1711	11212	1711	1712	3	3	trialwise	373;2237;3889	373;2237;3889	3;14;25	56;152;36	sub-012_ses-101_task-s3;sub-012_ses-201_task-s3;sub-012_ses-301_task-s3	373	3	56	sub-012	ses-101	task-s3	1;2;3	3;3;3
1712	11213	1712	1713	3	3	trialwise	654;2560;4303	654;2560;4303	5;16;27	19;157;132	sub-012_ses-102_task-s5;sub-012_ses-203_task-s5;sub-012_ses-301_task-s5	654	5	19	sub-012	ses-102	task-s5	1;2;3	5;5;5
1713	11214	1713	1714	3	3	trialwise	748;2446;4272	748;2446;4272	5;16;27	113;43;101	sub-012_ses-102_task-s5;sub-012_ses-203_task-s5;sub-012_ses-301_task-s5	748	5	113	sub-012	ses-102	task-s5	1;2;3	5;5;5
1714	11215	1714	1715	3	3	trialwise	1137;2998;4670	1137;2998;4670	8;19;30	28;121;25	sub-012_ses-103_task-s8;sub-012_ses-204_task-s8;sub-012_ses-302_task-s8	1137	8	28	sub-012	ses-103	task-s8	1;2;3	8;8;8
1715	11216	1715	1716	3	3	trialwise	1202;2957;4756	1202;2957;4756	8;19;30	93;80;111	sub-012_ses-103_task-s8;sub-012_ses-204_task-s8;sub-012_ses-302_task-s8	1202	8	93	sub-012	ses-103	task-s8	1;2;3	8;8;8
1716	11217	1716	1717	3	3	trialwise	483;2363;4098	483;2363;4098	4;15;26	7;119;86	sub-012_ses-102_task-s4;sub-012_ses-203_task-s4;sub-012_ses-301_task-s4	483	4	7	sub-012	ses-102	task-s4	1;2;3	4;4;4
1717	11218	1717	1718	3	3	trialwise	725;2504;4195	725;2504;4195	5;16;27	90;101;24	sub-012_ses-102_task-s5;sub-012_ses-203_task-s5;sub-012_ses-301_task-s5	725	5	90	sub-012	ses-102	task-s5	1;2;3	5;5;5
1718	11219	1718	1719	3	3	trialwise	33;1828;3621	33;1828;3621	1;12;23	34;61;86	sub-012_ses-101_task-s1;sub-012_ses-201_task-s1;sub-012_ses-301_task-s1	33	1	34	sub-012	ses-101	task-s1	1;2;3	1;1;1
1719	11220	1719	1720	3	3	trialwise	1004;2868;4492	1004;2868;4492	7;18;29	53;149;5	sub-012_ses-102_task-s7;sub-012_ses-203_task-s7;sub-012_ses-302_task-s7	1004	7	53	sub-012	ses-102	task-s7	1;2;3	7;7;7
1720	11221	1720	1721	3	3	trialwise	615;2250;4029	615;2250;4029	4;15;26	139;6;17	sub-012_ses-102_task-s4;sub-012_ses-203_task-s4;sub-012_ses-301_task-s4	615	4	139	sub-012	ses-102	task-s4	1;2;3	4;4;4
1721	11222	1721	1722	3	3	trialwise	389;2146;3908	389;2146;3908	3;14;25	72;61;55	sub-012_ses-101_task-s3;sub-012_ses-201_task-s3;sub-012_ses-301_task-s3	389	3	72	sub-012	ses-101	task-s3	1;2;3	3;3;3
1722	11223	1722	1723	3	3	trialwise	341;2182;3920	341;2182;3920	3;14;25	24;97;67	sub-012_ses-101_task-s3;sub-012_ses-201_task-s3;sub-012_ses-301_task-s3	341	3	24	sub-012	ses-101	task-s3	1;2;3	3;3;3
1723	11224	1723	1724	3	3	trialwise	985;2820;4642	985;2820;4642	7;18;29	34;101;155	sub-012_ses-102_task-s7;sub-012_ses-203_task-s7;sub-012_ses-302_task-s7	985	7	34	sub-012	ses-102	task-s7	1;2;3	7;7;7
1724	11225	1724	1725	3	3	trialwise	929;2646;4399	929;2646;4399	6;17;28	136;85;70	sub-012_ses-102_task-s6;sub-012_ses-203_task-s6;sub-012_ses-302_task-s6	929	6	136	sub-012	ses-102	task-s6	1;2;3	6;6;6
1725	11226	1725	1726	3	3	trialwise	1104;2741;4556	1104;2741;4556	7;18;29	153;22;69	sub-012_ses-102_task-s7;sub-012_ses-203_task-s7;sub-012_ses-302_task-s7	1104	7	153	sub-012	ses-102	task-s7	1;2;3	7;7;7
1726	11227	1726	1727	3	3	trialwise	317;1950;3765	317;1950;3765	2;13;24	159;24;71	sub-012_ses-101_task-s2;sub-012_ses-201_task-s2;sub-012_ses-301_task-s2	317	2	159	sub-012	ses-101	task-s2	1;2;3	2;2;2
1727	11228	1727	1728	3	3	trialwise	139;1860;3612	139;1860;3612	1;12;23	140;93;77	sub-012_ses-101_task-s1;sub-012_ses-201_task-s1;sub-012_ses-301_task-s1	139	1	140	sub-012	ses-101	task-s1	1;2;3	1;1;1
1728	11229	1728	1729	3	3	trialwise	6;1888;3617	6;1888;3617	1;12;23	7;121;82	sub-012_ses-101_task-s1;sub-012_ses-201_task-s1;sub-012_ses-301_task-s1	6	1	7	sub-012	ses-101	task-s1	1;2;3	1;1;1
1729	11230	1729	1730	3	3	trialwise	114;1863;3632	114;1863;3632	1;12;23	115;96;97	sub-012_ses-101_task-s1;sub-012_ses-201_task-s1;sub-012_ses-301_task-s1	114	1	115	sub-012	ses-101	task-s1	1;2;3	1;1;1
1730	11231	1730	1731	3	3	trialwise	176;1969;3757	176;1969;3757	2;13;24	18;43;63	sub-012_ses-101_task-s2;sub-012_ses-201_task-s2;sub-012_ses-301_task-s2	176	2	18	sub-012	ses-101	task-s2	1;2;3	2;2;2
1731	11232	1731	1732	3	3	trialwise	198;2018;3754	198;2018;3754	2;13;24	40;92;60	sub-012_ses-101_task-s2;sub-012_ses-201_task-s2;sub-012_ses-301_task-s2	198	2	40	sub-012	ses-101	task-s2	1;2;3	2;2;2
1732	11233	1732	1733	3	3	trialwise	777;2523;4187	777;2523;4187	5;16;27	142;120;16	sub-012_ses-102_task-s5;sub-012_ses-203_task-s5;sub-012_ses-301_task-s5	777	5	142	sub-012	ses-102	task-s5	1;2;3	5;5;5
1733	11234	1733	1734	3	3	trialwise	423;2215;3888	423;2215;3888	3;14;25	106;130;35	sub-012_ses-101_task-s3;sub-012_ses-201_task-s3;sub-012_ses-301_task-s3	423	3	106	sub-012	ses-101	task-s3	1;2;3	3;3;3
1734	11235	1734	1735	3	3	trialwise	1068;2761;4545	1068;2761;4545	7;18;29	117;42;58	sub-012_ses-102_task-s7;sub-012_ses-203_task-s7;sub-012_ses-302_task-s7	1068	7	117	sub-012	ses-102	task-s7	1;2;3	7;7;7
1735	11236	1735	1736	3	3	trialwise	17;1829;3614	17;1829;3614	1;12;23	18;62;79	sub-012_ses-101_task-s1;sub-012_ses-201_task-s1;sub-012_ses-301_task-s1	17	1	18	sub-012	ses-101	task-s1	1;2;3	1;1;1
1736	11237	1736	1737	3	3	trialwise	625;2276;4104	625;2276;4104	4;15;26	149;32;92	sub-012_ses-102_task-s4;sub-012_ses-203_task-s4;sub-012_ses-301_task-s4	625	4	149	sub-012	ses-102	task-s4	1;2;3	4;4;4
1737	11238	1737	1738	3	3	trialwise	785;2546;4300	785;2546;4300	5;16;27	150;143;129	sub-012_ses-102_task-s5;sub-012_ses-203_task-s5;sub-012_ses-301_task-s5	785	5	150	sub-012	ses-102	task-s5	1;2;3	5;5;5
1738	11239	1738	1739	3	3	trialwise	239;2001;3839	239;2001;3839	2;13;24	81;75;145	sub-012_ses-101_task-s2;sub-012_ses-201_task-s2;sub-012_ses-301_task-s2	239	2	81	sub-012	ses-101	task-s2	1;2;3	2;2;2
1739	11240	1739	1740	3	3	trialwise	1057;2776;4593	1057;2776;4593	7;18;29	106;57;106	sub-012_ses-102_task-s7;sub-012_ses-203_task-s7;sub-012_ses-302_task-s7	1057	7	106	sub-012	ses-102	task-s7	1;2;3	7;7;7
1740	11241	1740	1741	3	3	trialwise	1075;2797;4607	1075;2797;4607	7;18;29	124;78;120	sub-012_ses-102_task-s7;sub-012_ses-203_task-s7;sub-012_ses-302_task-s7	1075	7	124	sub-012	ses-102	task-s7	1;2;3	7;7;7
1741	11242	1741	1742	3	3	trialwise	555;2364;4115	555;2364;4115	4;15;26	79;120;103	sub-012_ses-102_task-s4;sub-012_ses-203_task-s4;sub-012_ses-301_task-s4	555	4	79	sub-012	ses-102	task-s4	1;2;3	4;4;4
1742	11243	1742	1743	3	3	trialwise	110;1833;3650	110;1833;3650	1;12;23	111;66;115	sub-012_ses-101_task-s1;sub-012_ses-201_task-s1;sub-012_ses-301_task-s1	110	1	111	sub-012	ses-101	task-s1	1;2;3	1;1;1
1743	11244	1743	1744	3	3	trialwise	310;2051;3697	310;2051;3697	2;13;24	152;125;3	sub-012_ses-101_task-s2;sub-012_ses-201_task-s2;sub-012_ses-301_task-s2	310	2	152	sub-012	ses-101	task-s2	1;2;3	2;2;2
1744	11245	1744	1745	3	3	trialwise	553;2264;4111	553;2264;4111	4;15;26	77;20;99	sub-012_ses-102_task-s4;sub-012_ses-203_task-s4;sub-012_ses-301_task-s4	553	4	77	sub-012	ses-102	task-s4	1;2;3	4;4;4
1745	11246	1745	1746	3	3	trialwise	1203;2990;4693	1203;2990;4693	8;19;30	94;113;48	sub-012_ses-103_task-s8;sub-012_ses-204_task-s8;sub-012_ses-302_task-s8	1203	8	94	sub-012	ses-103	task-s8	1;2;3	8;8;8
1746	11247	1746	1747	3	3	trialwise	716;2445;4173	716;2445;4173	5;16;27	81;42;2	sub-012_ses-102_task-s5;sub-012_ses-203_task-s5;sub-012_ses-301_task-s5	716	5	81	sub-012	ses-102	task-s5	1;2;3	5;5;5
1747	11248	1747	1748	3	3	trialwise	1008;2735;4616	1008;2735;4616	7;18;29	57;16;129	sub-012_ses-102_task-s7;sub-012_ses-203_task-s7;sub-012_ses-302_task-s7	1008	7	57	sub-012	ses-102	task-s7	1;2;3	7;7;7
1748	11249	1748	1749	3	3	trialwise	161;2024;3750	161;2024;3750	2;13;24	3;98;56	sub-012_ses-101_task-s2;sub-012_ses-201_task-s2;sub-012_ses-301_task-s2	161	2	3	sub-012	ses-101	task-s2	1;2;3	2;2;2
1749	11250	1749	1750	3	3	trialwise	380;2227;3946	380;2227;3946	3;14;25	63;142;93	sub-012_ses-101_task-s3;sub-012_ses-201_task-s3;sub-012_ses-301_task-s3	380	3	63	sub-012	ses-101	task-s3	1;2;3	3;3;3
1750	11251	1750	1751	3	3	trialwise	532;2291;4024	532;2291;4024	4;15;26	56;47;12	sub-012_ses-102_task-s4;sub-012_ses-203_task-s4;sub-012_ses-301_task-s4	532	4	56	sub-012	ses-102	task-s4	1;2;3	4;4;4
1751	11252	1751	1752	3	3	trialwise	934;2660;4333	934;2660;4333	6;17;28	141;99;4	sub-012_ses-102_task-s6;sub-012_ses-203_task-s6;sub-012_ses-302_task-s6	934	6	141	sub-012	ses-102	task-s6	1;2;3	6;6;6
1752	11253	1752	1753	3	3	trialwise	90;1807;3635	90;1807;3635	1;12;23	91;40;100	sub-012_ses-101_task-s1;sub-012_ses-201_task-s1;sub-012_ses-301_task-s1	90	1	91	sub-012	ses-101	task-s1	1;2;3	1;1;1
1753	11254	1753	1754	3	3	trialwise	137;1919;3604	137;1919;3604	1;12;23	138;152;69	sub-012_ses-101_task-s1;sub-012_ses-201_task-s1;sub-012_ses-301_task-s1	137	1	138	sub-012	ses-101	task-s1	1;2;3	1;1;1
1754	11255	1754	1755	3	3	trialwise	846;2712;4425	846;2712;4425	6;17;28	53;151;96	sub-012_ses-102_task-s6;sub-012_ses-203_task-s6;sub-012_ses-302_task-s6	846	6	53	sub-012	ses-102	task-s6	1;2;3	6;6;6
1755	11256	1755	1756	3	3	trialwise	200;1962;3702	200;1962;3702	2;13;24	42;36;8	sub-012_ses-101_task-s2;sub-012_ses-201_task-s2;sub-012_ses-301_task-s2	200	2	42	sub-012	ses-101	task-s2	1;2;3	2;2;2
1756	11257	1756	1757	3	3	trialwise	1013;2869;4495	1013;2869;4495	7;18;29	62;150;8	sub-012_ses-102_task-s7;sub-012_ses-203_task-s7;sub-012_ses-302_task-s7	1013	7	62	sub-012	ses-102	task-s7	1;2;3	7;7;7
1757	11258	1757	1758	3	3	trialwise	154;1776;3605	154;1776;3605	1;12;23	155;9;70	sub-012_ses-101_task-s1;sub-012_ses-201_task-s1;sub-012_ses-301_task-s1	154	1	155	sub-012	ses-101	task-s1	1;2;3	1;1;1
1758	11259	1758	1759	3	3	trialwise	293;2063;3741	293;2063;3741	2;13;24	135;137;47	sub-012_ses-101_task-s2;sub-012_ses-201_task-s2;sub-012_ses-301_task-s2	293	2	135	sub-012	ses-101	task-s2	1;2;3	2;2;2
1759	11260	1759	1760	3	3	trialwise	376;2118;3980	376;2118;3980	3;14;25	59;33;127	sub-012_ses-101_task-s3;sub-012_ses-201_task-s3;sub-012_ses-301_task-s3	376	3	59	sub-012	ses-101	task-s3	1;2;3	3;3;3
1760	11261	1760	1761	3	3	trialwise	253;2029;3736	253;2029;3736	2;13;24	95;103;42	sub-012_ses-101_task-s2;sub-012_ses-201_task-s2;sub-012_ses-301_task-s2	253	2	95	sub-012	ses-101	task-s2	1;2;3	2;2;2
1761	11262	1761	1762	3	3	trialwise	1150;2956;4733	1150;2956;4733	8;19;30	41;79;88	sub-012_ses-103_task-s8;sub-012_ses-204_task-s8;sub-012_ses-302_task-s8	1150	8	41	sub-012	ses-103	task-s8	1;2;3	8;8;8
1762	11263	1762	1763	3	3	trialwise	232;2076;3830	232;2076;3830	2;13;24	74;150;136	sub-012_ses-101_task-s2;sub-012_ses-201_task-s2;sub-012_ses-301_task-s2	232	2	74	sub-012	ses-101	task-s2	1;2;3	2;2;2
1763	11264	1763	1764	3	3	trialwise	614;2298;4088	614;2298;4088	4;15;26	138;54;76	sub-012_ses-102_task-s4;sub-012_ses-203_task-s4;sub-012_ses-301_task-s4	614	4	138	sub-012	ses-102	task-s4	1;2;3	4;4;4
1764	11265	1764	1765	3	3	trialwise	810;2650;4383	810;2650;4383	6;17;28	17;89;54	sub-012_ses-102_task-s6;sub-012_ses-203_task-s6;sub-012_ses-302_task-s6	810	6	17	sub-012	ses-102	task-s6	1;2;3	6;6;6
1765	11266	1765	1766	3	3	trialwise	537;2316;4160	537;2316;4160	4;15;26	61;72;148	sub-012_ses-102_task-s4;sub-012_ses-203_task-s4;sub-012_ses-301_task-s4	537	4	61	sub-012	ses-102	task-s4	1;2;3	4;4;4
1766	11267	1766	1767	3	3	trialwise	377;2174;3942	377;2174;3942	3;14;25	60;89;89	sub-012_ses-101_task-s3;sub-012_ses-201_task-s3;sub-012_ses-301_task-s3	377	3	60	sub-012	ses-101	task-s3	1;2;3	3;3;3
1767	11268	1767	1768	3	3	trialwise	392;2233;3874	392;2233;3874	3;14;25	75;148;21	sub-012_ses-101_task-s3;sub-012_ses-201_task-s3;sub-012_ses-301_task-s3	392	3	75	sub-012	ses-101	task-s3	1;2;3	3;3;3
