scalar_index_0based	condition_id	condition_col_0based	condition_col_1based	n_trials_presented	n_betas_averaged	beta_index_mode	source_beta_rows_0based	trial_indices_0based	run_indices_1based	local_trial_indices	run_stems	first_trial_index_0based	first_run_index_1based	first_local_trial_index	first_sub	first_ses	first_task	repeat_indices	task_indices
0	1	0	1	4	4	trialwise	335;2207;3856;4069	335;2207;3856;4069	3;14;25;26	18;122;3;57	sub-004_ses-101_task-s3;sub-004_ses-201_task-s3;sub-004_ses-302_task-s3;sub-004_ses-302_task-s4	335	3	18	sub-004	ses-101	task-s3	1;2;3;3	3;3;3;4
1	2	1	2	3	3	trialwise	3;1894;3611	3;1894;3611	1;12;23	4;127;76	sub-004_ses-101_task-s1;sub-004_ses-201_task-s1;sub-004_ses-301_task-s1	3	1	4	sub-004	ses-101	task-s1	1;2;3	1;1;1
2	3	2	3	3	3	trialwise	192;1955;3806	192;1955;3806	2;13;24	34;29;112	sub-004_ses-101_task-s2;sub-004_ses-201_task-s2;sub-004_ses-301_task-s2	192	2	34	sub-004	ses-101	task-s2	1;2;3	2;2;2
3	4	3	4	2	2	trialwise	538;2370	538;2370	4;15	62;126	sub-004_ses-102_task-s4;sub-004_ses-201_task-s4	538	4	62	sub-004	ses-102	task-s4	1;2	4;4
4	5	4	5	3	3	trialwise	799;2707;4330	799;2707;4330	6;17;28	6;146;1	sub-004_ses-102_task-s6;sub-004_ses-201_task-s6;sub-004_ses-302_task-s6	799	6	6	sub-004	ses-102	task-s6	1;2;3	6;6;6
5	6	5	6	3	3	trialwise	857;2657;4453	857;2657;4453	6;17;28	64;96;124	sub-004_ses-102_task-s6;sub-004_ses-201_task-s6;sub-004_ses-302_task-s6	857	6	64	sub-004	ses-102	task-s6	1;2;3	6;6;6
6	7	6	7	3	3	trialwise	1007;2766;4512	1007;2766;4512	7;18;29	56;47;25	sub-004_ses-102_task-s7;sub-004_ses-202_task-s7;sub-004_ses-303_task-s7	1007	7	56	sub-004	ses-102	task-s7	1;2;3	7;7;7
7	8	7	8	3	3	trialwise	1198;2986;4776	1198;2986;4776	8;19;30	89;109;131	sub-004_ses-103_task-s8;sub-004_ses-202_task-s8;sub-004_ses-303_task-s8	1198	8	89	sub-004	ses-103	task-s8	1;2;3	8;8;8
8	9	8	9	3	3	trialwise	997;2844;4527	997;2844;4527	7;18;29	46;125;40	sub-004_ses-102_task-s7;sub-004_ses-202_task-s7;sub-004_ses-303_task-s7	997	7	46	sub-004	ses-102	task-s7	1;2;3	7;7;7
9	10	9	10	3	3	trialwise	975;2848;4497	975;2848;4497	7;18;29	24;129;10	sub-004_ses-102_task-s7;sub-004_ses-202_task-s7;sub-004_ses-303_task-s7	975	7	24	sub-004	ses-102	task-s7	1;2;3	7;7;7
10	11	10	11	3	3	trialwise	115;1907;3608	115;1907;3608	1;12;23	116;140;73	sub-004_ses-101_task-s1;sub-004_ses-201_task-s1;sub-004_ses-301_task-s1	115	1	116	sub-004	ses-101	task-s1	1;2;3	1;1;1
11	12	11	12	3	3	trialwise	61;1786;3583	61;1786;3583	1;12;23	62;19;48	sub-004_ses-101_task-s1;sub-004_ses-201_task-s1;sub-004_ses-301_task-s1	61	1	62	sub-004	ses-101	task-s1	1;2;3	1;1;1
12	13	12	13	3	3	trialwise	821;2691;4481	821;2691;4481	6;17;28	28;130;152	sub-004_ses-102_task-s6;sub-004_ses-201_task-s6;sub-004_ses-302_task-s6	821	6	28	sub-004	ses-102	task-s6	1;2;3	6;6;6
13	14	13	14	4	4	trialwise	318;2218;3913;4106	318;2218;3913;4106	3;14;25;26	1;133;60;94	sub-004_ses-101_task-s3;sub-004_ses-201_task-s3;sub-004_ses-302_task-s3;sub-004_ses-302_task-s4	318	3	1	sub-004	ses-101	task-s3	1;2;3;3	3;3;3;4
14	15	14	15	3	3	trialwise	1171;3032;4782	1171;3032;4782	8;19;30	62;155;137	sub-004_ses-103_task-s8;sub-004_ses-202_task-s8;sub-004_ses-303_task-s8	1171	8	62	sub-004	ses-103	task-s8	1;2;3	8;8;8
15	16	15	16	3	3	trialwise	661;2463;4290	661;2463;4290	5;16;27	26;60;119	sub-004_ses-102_task-s5;sub-004_ses-201_task-s5;sub-004_ses-302_task-s5	661	5	26	sub-004	ses-102	task-s5	1;2;3	5;5;5
16	17	16	17	4	4	trialwise	370;2225;4001;4169	370;2225;4001;4169	3;14;25;26	53;140;148;157	sub-004_ses-101_task-s3;sub-004_ses-201_task-s3;sub-004_ses-302_task-s3;sub-004_ses-302_task-s4	370	3	53	sub-004	ses-101	task-s3	1;2;3;3	3;3;3;4
17	18	17	18	3	3	trialwise	1145;2921;4792	1145;2921;4792	8;19;30	36;44;147	sub-004_ses-103_task-s8;sub-004_ses-202_task-s8;sub-004_ses-303_task-s8	1145	8	36	sub-004	ses-103	task-s8	1;2;3	8;8;8
18	19	18	19	3	3	trialwise	931;2598;4446	931;2598;4446	6;17;28	138;37;117	sub-004_ses-102_task-s6;sub-004_ses-201_task-s6;sub-004_ses-302_task-s6	931	6	138	sub-004	ses-102	task-s6	1;2;3	6;6;6
19	20	19	20	3	3	trialwise	933;2650;4409	933;2650;4409	6;17;28	140;89;80	sub-004_ses-102_task-s6;sub-004_ses-201_task-s6;sub-004_ses-302_task-s6	933	6	140	sub-004	ses-102	task-s6	1;2;3	6;6;6
20	21	20	21	4	4	trialwise	471;2112;3924;4041	471;2112;3924;4041	3;14;25;26	154;27;71;29	sub-004_ses-101_task-s3;sub-004_ses-201_task-s3;sub-004_ses-302_task-s3;sub-004_ses-302_task-s4	471	3	154	sub-004	ses-101	task-s3	1;2;3;3	3;3;3;4
21	22	21	22	3	3	trialwise	724;2422;4207	724;2422;4207	5;16;27	89;19;36	sub-004_ses-102_task-s5;sub-004_ses-201_task-s5;sub-004_ses-302_task-s5	724	5	89	sub-004	ses-102	task-s5	1;2;3	5;5;5
22	23	22	23	3	3	trialwise	787;2481;4302	787;2481;4302	5;16;27	152;78;131	sub-004_ses-102_task-s5;sub-004_ses-201_task-s5;sub-004_ses-302_task-s5	787	5	152	sub-004	ses-102	task-s5	1;2;3	5;5;5
23	24	23	24	3	3	trialwise	258;2049;3795	258;2049;3795	2;13;24	100;123;101	sub-004_ses-101_task-s2;sub-004_ses-201_task-s2;sub-004_ses-301_task-s2	258	2	100	sub-004	ses-101	task-s2	1;2;3	2;2;2
24	25	24	25	3	3	trialwise	98;1910;3606	98;1910;3606	1;12;23	99;143;71	sub-004_ses-101_task-s1;sub-004_ses-201_task-s1;sub-004_ses-301_task-s1	98	1	99	sub-004	ses-101	task-s1	1;2;3	1;1;1
25	26	25	26	3	3	trialwise	264;2039;3826	264;2039;3826	2;13;24	106;113;132	sub-004_ses-101_task-s2;sub-004_ses-201_task-s2;sub-004_ses-301_task-s2	264	2	106	sub-004	ses-101	task-s2	1;2;3	2;2;2
26	27	26	27	3	3	trialwise	1056;2870;4557	1056;2870;4557	7;18;29	105;151;70	sub-004_ses-102_task-s7;sub-004_ses-202_task-s7;sub-004_ses-303_task-s7	1056	7	105	sub-004	ses-102	task-s7	1;2;3	7;7;7
27	28	27	28	4	4	trialwise	350;2105;3964;4038	350;2105;3964;4038	3;14;25;26	33;20;111;26	sub-004_ses-101_task-s3;sub-004_ses-201_task-s3;sub-004_ses-302_task-s3;sub-004_ses-302_task-s4	350	3	33	sub-004	ses-101	task-s3	1;2;3;3	3;3;3;4
28	29	28	29	2	2	trialwise	541;2293	541;2293	4;15	65;49	sub-004_ses-102_task-s4;sub-004_ses-201_task-s4	541	4	65	sub-004	ses-102	task-s4	1;2	4;4
29	30	29	30	3	3	trialwise	703;2435;4246	703;2435;4246	5;16;27	68;32;75	sub-004_ses-102_task-s5;sub-004_ses-201_task-s5;sub-004_ses-302_task-s5	703	5	68	sub-004	ses-102	task-s5	1;2;3	5;5;5
30	31	30	31	3	3	trialwise	255;1962;3787	255;1962;3787	2;13;24	97;36;93	sub-004_ses-101_task-s2;sub-004_ses-201_task-s2;sub-004_ses-301_task-s2	255	2	97	sub-004	ses-101	task-s2	1;2;3	2;2;2
31	32	31	32	3	3	trialwise	1086;2768;4555	1086;2768;4555	7;18;29	135;49;68	sub-004_ses-102_task-s7;sub-004_ses-202_task-s7;sub-004_ses-303_task-s7	1086	7	135	sub-004	ses-102	task-s7	1;2;3	7;7;7
32	33	32	33	3	3	trialwise	1039;2763;4546	1039;2763;4546	7;18;29	88;44;59	sub-004_ses-102_task-s7;sub-004_ses-202_task-s7;sub-004_ses-303_task-s7	1039	7	88	sub-004	ses-102	task-s7	1;2;3	7;7;7
33	34	33	34	3	3	trialwise	1097;2767;4597	1097;2767;4597	7;18;29	146;48;110	sub-004_ses-102_task-s7;sub-004_ses-202_task-s7;sub-004_ses-303_task-s7	1097	7	146	sub-004	ses-102	task-s7	1;2;3	7;7;7
34	35	34	35	3	3	trialwise	645;2548;4308	645;2548;4308	5;16;27	10;145;137	sub-004_ses-102_task-s5;sub-004_ses-201_task-s5;sub-004_ses-302_task-s5	645	5	10	sub-004	ses-102	task-s5	1;2;3	5;5;5
35	36	35	36	2	2	trialwise	627;2356	627;2356	4;15	151;112	sub-004_ses-102_task-s4;sub-004_ses-201_task-s4	627	4	151	sub-004	ses-102	task-s4	1;2	4;4
36	37	36	37	3	3	trialwise	234;1996;3823	234;1996;3823	2;13;24	76;70;129	sub-004_ses-101_task-s2;sub-004_ses-201_task-s2;sub-004_ses-301_task-s2	234	2	76	sub-004	ses-101	task-s2	1;2;3	2;2;2
37	38	37	38	3	3	trialwise	1237;2949;4694	1237;2949;4694	8;19;30	128;72;49	sub-004_ses-103_task-s8;sub-004_ses-202_task-s8;sub-004_ses-303_task-s8	1237	8	128	sub-004	ses-103	task-s8	1;2;3	8;8;8
38	39	38	39	3	3	trialwise	878;2690;4451	878;2690;4451	6;17;28	85;129;122	sub-004_ses-102_task-s6;sub-004_ses-201_task-s6;sub-004_ses-302_task-s6	878	6	85	sub-004	ses-102	task-s6	1;2;3	6;6;6
39	40	39	40	3	3	trialwise	1214;2887;4674	1214;2887;4674	8;19;30	105;10;29	sub-004_ses-103_task-s8;sub-004_ses-202_task-s8;sub-004_ses-303_task-s8	1214	8	105	sub-004	ses-103	task-s8	1;2;3	8;8;8
40	41	40	41	3	3	trialwise	1265;2893;4773	1265;2893;4773	8;19;30	156;16;128	sub-004_ses-103_task-s8;sub-004_ses-202_task-s8;sub-004_ses-303_task-s8	1265	8	156	sub-004	ses-103	task-s8	1;2;3	8;8;8
41	42	41	42	4	4	trialwise	424;2234;3939;4016	424;2234;3939;4016	3;14;25;26	107;149;86;4	sub-004_ses-101_task-s3;sub-004_ses-201_task-s3;sub-004_ses-302_task-s3;sub-004_ses-302_task-s4	424	3	107	sub-004	ses-101	task-s3	1;2;3;3	3;3;3;4
42	43	42	43	3	3	trialwise	28;1865;3653	28;1865;3653	1;12;23	29;98;118	sub-004_ses-101_task-s1;sub-004_ses-201_task-s1;sub-004_ses-301_task-s1	28	1	29	sub-004	ses-101	task-s1	1;2;3	1;1;1
43	44	43	44	3	3	trialwise	246;2016;3810	246;2016;3810	2;13;24	88;90;116	sub-004_ses-101_task-s2;sub-004_ses-201_task-s2;sub-004_ses-301_task-s2	246	2	88	sub-004	ses-101	task-s2	1;2;3	2;2;2
44	45	44	45	4	4	trialwise	465;2189;3868;4164	465;2189;3868;4164	3;14;25;26	148;104;15;152	sub-004_ses-101_task-s3;sub-004_ses-201_task-s3;sub-004_ses-302_task-s3;sub-004_ses-302_task-s4	465	3	148	sub-004	ses-101	task-s3	1;2;3;3	3;3;3;4
45	46	45	46	3	3	trialwise	219;2036;3792	219;2036;3792	2;13;24	61;110;98	sub-004_ses-101_task-s2;sub-004_ses-201_task-s2;sub-004_ses-301_task-s2	219	2	61	sub-004	ses-101	task-s2	1;2;3	2;2;2
46	47	46	47	3	3	trialwise	1163;2917;4791	1163;2917;4791	8;19;30	54;40;146	sub-004_ses-103_task-s8;sub-004_ses-202_task-s8;sub-004_ses-303_task-s8	1163	8	54	sub-004	ses-103	task-s8	1;2;3	8;8;8
47	48	47	48	3	3	trialwise	76;1782;3573	76;1782;3573	1;12;23	77;15;38	sub-004_ses-101_task-s1;sub-004_ses-201_task-s1;sub-004_ses-301_task-s1	76	1	77	sub-004	ses-101	task-s1	1;2;3	1;1;1
48	49	48	49	3	3	trialwise	5;1818;3562	5;1818;3562	1;12;23	6;51;27	sub-004_ses-101_task-s1;sub-004_ses-201_task-s1;sub-004_ses-301_task-s1	5	1	6	sub-004	ses-101	task-s1	1;2;3	1;1;1
49	50	49	50	3	3	trialwise	300;1959;3720	300;1959;3720	2;13;24	142;33;26	sub-004_ses-101_task-s2;sub-004_ses-201_task-s2;sub-004_ses-301_task-s2	300	2	142	sub-004	ses-101	task-s2	1;2;3	2;2;2
50	51	50	51	4	4	trialwise	472;2157;3891;4071	472;2157;3891;4071	3;14;25;26	155;72;38;59	sub-004_ses-101_task-s3;sub-004_ses-201_task-s3;sub-004_ses-302_task-s3;sub-004_ses-302_task-s4	472	3	155	sub-004	ses-101	task-s3	1;2;3;3	3;3;3;4
51	52	51	52	4	4	trialwise	434;2198;3892;4085	434;2198;3892;4085	3;14;25;26	117;113;39;73	sub-004_ses-101_task-s3;sub-004_ses-201_task-s3;sub-004_ses-302_task-s3;sub-004_ses-302_task-s4	434	3	117	sub-004	ses-101	task-s3	1;2;3;3	3;3;3;4
52	53	52	53	3	3	trialwise	907;2693;4454	907;2693;4454	6;17;28	114;132;125	sub-004_ses-102_task-s6;sub-004_ses-201_task-s6;sub-004_ses-302_task-s6	907	6	114	sub-004	ses-102	task-s6	1;2;3	6;6;6
53	54	53	54	3	3	trialwise	1225;2910;4691	1225;2910;4691	8;19;30	116;33;46	sub-004_ses-103_task-s8;sub-004_ses-202_task-s8;sub-004_ses-303_task-s8	1225	8	116	sub-004	ses-103	task-s8	1;2;3	8;8;8
54	55	54	55	3	3	trialwise	992;2791;4612	992;2791;4612	7;18;29	41;72;125	sub-004_ses-102_task-s7;sub-004_ses-202_task-s7;sub-004_ses-303_task-s7	992	7	41	sub-004	ses-102	task-s7	1;2;3	7;7;7
55	56	55	56	3	3	trialwise	659;2515;4303	659;2515;4303	5;16;27	24;112;132	sub-004_ses-102_task-s5;sub-004_ses-201_task-s5;sub-004_ses-302_task-s5	659	5	24	sub-004	ses-102	task-s5	1;2;3	5;5;5
56	57	56	57	3	3	trialwise	683;2461;4262	683;2461;4262	5;16;27	48;58;91	sub-004_ses-102_task-s5;sub-004_ses-201_task-s5;sub-004_ses-302_task-s5	683	5	48	sub-004	ses-102	task-s5	1;2;3	5;5;5
57	58	57	58	3	3	trialwise	805;2672;4422	805;2672;4422	6;17;28	12;111;93	sub-004_ses-102_task-s6;sub-004_ses-201_task-s6;sub-004_ses-302_task-s6	805	6	12	sub-004	ses-102	task-s6	1;2;3	6;6;6
58	59	58	59	3	3	trialwise	1022;2781;4616	1022;2781;4616	7;18;29	71;62;129	sub-004_ses-102_task-s7;sub-004_ses-202_task-s7;sub-004_ses-303_task-s7	1022	7	71	sub-004	ses-102	task-s7	1;2;3	7;7;7
59	60	59	60	3	3	trialwise	982;2770;4534	982;2770;4534	7;18;29	31;51;47	sub-004_ses-102_task-s7;sub-004_ses-202_task-s7;sub-004_ses-303_task-s7	982	7	31	sub-004	ses-102	task-s7	1;2;3	7;7;7
60	61	60	61	3	3	trialwise	42;1853;3644	42;1853;3644	1;12;23	43;86;109	sub-004_ses-101_task-s1;sub-004_ses-201_task-s1;sub-004_ses-301_task-s1	42	1	43	sub-004	ses-101	task-s1	1;2;3	1;1;1
61	62	61	62	3	3	trialwise	987;2734;4510	987;2734;4510	7;18;29	36;15;23	sub-004_ses-102_task-s7;sub-004_ses-202_task-s7;sub-004_ses-303_task-s7	987	7	36	sub-004	ses-102	task-s7	1;2;3	7;7;7
62	63	62	63	4	4	trialwise	332;2242;3871;4141	332;2242;3871;4141	3;14;25;26	15;157;18;129	sub-004_ses-101_task-s3;sub-004_ses-201_task-s3;sub-004_ses-302_task-s3;sub-004_ses-302_task-s4	332	3	15	sub-004	ses-101	task-s3	1;2;3;3	3;3;3;4
63	64	63	64	2	2	trialwise	481;2303	481;2303	4;15	5;59	sub-004_ses-102_task-s4;sub-004_ses-201_task-s4	481	4	5	sub-004	ses-102	task-s4	1;2	4;4
64	65	64	65	3	3	trialwise	666;2443;4322	666;2443;4322	5;16;27	31;40;151	sub-004_ses-102_task-s5;sub-004_ses-201_task-s5;sub-004_ses-302_task-s5	666	5	31	sub-004	ses-102	task-s5	1;2;3	5;5;5
65	66	65	66	3	3	trialwise	1212;2918;4743	1212;2918;4743	8;19;30	103;41;98	sub-004_ses-103_task-s8;sub-004_ses-202_task-s8;sub-004_ses-303_task-s8	1212	8	103	sub-004	ses-103	task-s8	1;2;3	8;8;8
66	67	66	67	2	2	trialwise	479;2264	479;2264	4;15	3;20	sub-004_ses-102_task-s4;sub-004_ses-201_task-s4	479	4	3	sub-004	ses-102	task-s4	1;2	4;4
67	68	67	68	3	3	trialwise	814;2580;4380	814;2580;4380	6;17;28	21;19;51	sub-004_ses-102_task-s6;sub-004_ses-201_task-s6;sub-004_ses-302_task-s6	814	6	21	sub-004	ses-102	task-s6	1;2;3	6;6;6
68	69	68	69	2	2	trialwise	599;2399	599;2399	4;15	123;155	sub-004_ses-102_task-s4;sub-004_ses-201_task-s4	599	4	123	sub-004	ses-102	task-s4	1;2	4;4
69	70	69	70	3	3	trialwise	671;2468;4298	671;2468;4298	5;16;27	36;65;127	sub-004_ses-102_task-s5;sub-004_ses-201_task-s5;sub-004_ses-302_task-s5	671	5	36	sub-004	ses-102	task-s5	1;2;3	5;5;5
70	71	70	71	3	3	trialwise	934;2594;4348	934;2594;4348	6;17;28	141;33;19	sub-004_ses-102_task-s6;sub-004_ses-201_task-s6;sub-004_ses-302_task-s6	934	6	141	sub-004	ses-102	task-s6	1;2;3	6;6;6
71	72	71	72	3	3	trialwise	294;2058;3803	294;2058;3803	2;13;24	136;132;109	sub-004_ses-101_task-s2;sub-004_ses-201_task-s2;sub-004_ses-301_task-s2	294	2	136	sub-004	ses-101	task-s2	1;2;3	2;2;2
72	73	72	73	3	3	trialwise	736;2411;4267	736;2411;4267	5;16;27	101;8;96	sub-004_ses-102_task-s5;sub-004_ses-201_task-s5;sub-004_ses-302_task-s5	736	5	101	sub-004	ses-102	task-s5	1;2;3	5;5;5
73	74	73	74	3	3	trialwise	307;2069;3852	307;2069;3852	2;13;24	149;143;158	sub-004_ses-101_task-s2;sub-004_ses-201_task-s2;sub-004_ses-301_task-s2	307	2	149	sub-004	ses-101	task-s2	1;2;3	2;2;2
74	75	74	75	4	4	trialwise	446;2103;3928;4062	446;2103;3928;4062	3;14;25;26	129;18;75;50	sub-004_ses-101_task-s3;sub-004_ses-201_task-s3;sub-004_ses-302_task-s3;sub-004_ses-302_task-s4	446	3	129	sub-004	ses-101	task-s3	1;2;3;3	3;3;3;4
75	76	75	76	3	3	trialwise	54;1919;3633	54;1919;3633	1;12;23	55;152;98	sub-004_ses-101_task-s1;sub-004_ses-201_task-s1;sub-004_ses-301_task-s1	54	1	55	sub-004	ses-101	task-s1	1;2;3	1;1;1
76	77	76	77	3	3	trialwise	780;2519;4273	780;2519;4273	5;16;27	145;116;102	sub-004_ses-102_task-s5;sub-004_ses-201_task-s5;sub-004_ses-302_task-s5	780	5	145	sub-004	ses-102	task-s5	1;2;3	5;5;5
77	78	77	78	4	4	trialwise	422;2173;3877;4037	422;2173;3877;4037	3;14;25;26	105;88;24;25	sub-004_ses-101_task-s3;sub-004_ses-201_task-s3;sub-004_ses-302_task-s3;sub-004_ses-302_task-s4	422	3	105	sub-004	ses-101	task-s3	1;2;3;3	3;3;3;4
78	79	78	79	3	3	trialwise	62;1924;3623	62;1924;3623	1;12;23	63;157;88	sub-004_ses-101_task-s1;sub-004_ses-201_task-s1;sub-004_ses-301_task-s1	62	1	63	sub-004	ses-101	task-s1	1;2;3	1;1;1
79	80	79	80	3	3	trialwise	187;2084;3749	187;2084;3749	2;13;24	29;158;55	sub-004_ses-101_task-s2;sub-004_ses-201_task-s2;sub-004_ses-301_task-s2	187	2	29	sub-004	ses-101	task-s2	1;2;3	2;2;2
80	81	80	81	3	3	trialwise	1180;3025;4654	1180;3025;4654	8;19;30	71;148;9	sub-004_ses-103_task-s8;sub-004_ses-202_task-s8;sub-004_ses-303_task-s8	1180	8	71	sub-004	ses-103	task-s8	1;2;3	8;8;8
81	82	81	82	3	3	trialwise	643;2413;4201	643;2413;4201	5;16;27	8;10;30	sub-004_ses-102_task-s5;sub-004_ses-201_task-s5;sub-004_ses-302_task-s5	643	5	8	sub-004	ses-102	task-s5	1;2;3	5;5;5
82	83	82	83	3	3	trialwise	1215;2966;4651	1215;2966;4651	8;19;30	106;89;6	sub-004_ses-103_task-s8;sub-004_ses-202_task-s8;sub-004_ses-303_task-s8	1215	8	106	sub-004	ses-103	task-s8	1;2;3	8;8;8
83	84	83	84	3	3	trialwise	955;2799;4516	955;2799;4516	7;18;29	4;80;29	sub-004_ses-102_task-s7;sub-004_ses-202_task-s7;sub-004_ses-303_task-s7	955	7	4	sub-004	ses-102	task-s7	1;2;3	7;7;7
84	85	84	85	4	4	trialwise	416;2093;3944;4155	416;2093;3944;4155	3;14;25;26	99;8;91;143	sub-004_ses-101_task-s3;sub-004_ses-201_task-s3;sub-004_ses-302_task-s3;sub-004_ses-302_task-s4	416	3	99	sub-004	ses-101	task-s3	1;2;3;3	3;3;3;4
85	86	85	86	3	3	trialwise	155;1795;3672	155;1795;3672	1;12;23	156;28;137	sub-004_ses-101_task-s1;sub-004_ses-201_task-s1;sub-004_ses-301_task-s1	155	1	156	sub-004	ses-101	task-s1	1;2;3	1;1;1
86	87	86	87	3	3	trialwise	859;2679;4334	859;2679;4334	6;17;28	66;118;5	sub-004_ses-102_task-s6;sub-004_ses-201_task-s6;sub-004_ses-302_task-s6	859	6	66	sub-004	ses-102	task-s6	1;2;3	6;6;6
87	88	87	88	3	3	trialwise	706;2404;4192	706;2404;4192	5;16;27	71;1;21	sub-004_ses-102_task-s5;sub-004_ses-201_task-s5;sub-004_ses-302_task-s5	706	5	71	sub-004	ses-102	task-s5	1;2;3	5;5;5
88	89	88	89	3	3	trialwise	1103;2729;4532	1103;2729;4532	7;18;29	152;10;45	sub-004_ses-102_task-s7;sub-004_ses-202_task-s7;sub-004_ses-303_task-s7	1103	7	152	sub-004	ses-102	task-s7	1;2;3	7;7;7
89	90	89	90	3	3	trialwise	1122;2954;4671	1122;2954;4671	8;19;30	13;77;26	sub-004_ses-103_task-s8;sub-004_ses-202_task-s8;sub-004_ses-303_task-s8	1122	8	13	sub-004	ses-103	task-s8	1;2;3	8;8;8
90	91	90	91	3	3	trialwise	896;2715;4469	896;2715;4469	6;17;28	103;154;140	sub-004_ses-102_task-s6;sub-004_ses-201_task-s6;sub-004_ses-302_task-s6	896	6	103	sub-004	ses-102	task-s6	1;2;3	6;6;6
91	92	91	92	3	3	trialwise	929;2627;4386	929;2627;4386	6;17;28	136;66;57	sub-004_ses-102_task-s6;sub-004_ses-201_task-s6;sub-004_ses-302_task-s6	929	6	136	sub-004	ses-102	task-s6	1;2;3	6;6;6
92	93	92	93	4	4	trialwise	459;2183;3916;4024	459;2183;3916;4024	3;14;25;26	142;98;63;12	sub-004_ses-101_task-s3;sub-004_ses-201_task-s3;sub-004_ses-302_task-s3;sub-004_ses-302_task-s4	459	3	142	sub-004	ses-101	task-s3	1;2;3;3	3;3;3;4
93	94	93	94	3	3	trialwise	21;1925;3631	21;1925;3631	1;12;23	22;158;96	sub-004_ses-101_task-s1;sub-004_ses-201_task-s1;sub-004_ses-301_task-s1	21	1	22	sub-004	ses-101	task-s1	1;2;3	1;1;1
94	95	94	95	3	3	trialwise	303;2006;3812	303;2006;3812	2;13;24	145;80;118	sub-004_ses-101_task-s2;sub-004_ses-201_task-s2;sub-004_ses-301_task-s2	303	2	145	sub-004	ses-101	task-s2	1;2;3	2;2;2
95	96	95	96	3	3	trialwise	173;1986;3772	173;1986;3772	2;13;24	15;60;78	sub-004_ses-101_task-s2;sub-004_ses-201_task-s2;sub-004_ses-301_task-s2	173	2	15	sub-004	ses-101	task-s2	1;2;3	2;2;2
96	97	96	97	3	3	trialwise	684;2518;4263	684;2518;4263	5;16;27	49;115;92	sub-004_ses-102_task-s5;sub-004_ses-201_task-s5;sub-004_ses-302_task-s5	684	5	49	sub-004	ses-102	task-s5	1;2;3	5;5;5
97	98	97	98	3	3	trialwise	836;2617;4421	836;2617;4421	6;17;28	43;56;92	sub-004_ses-102_task-s6;sub-004_ses-201_task-s6;sub-004_ses-302_task-s6	836	6	43	sub-004	ses-102	task-s6	1;2;3	6;6;6
98	99	98	99	3	3	trialwise	721;2542;4252	721;2542;4252	5;16;27	86;139;81	sub-004_ses-102_task-s5;sub-004_ses-201_task-s5;sub-004_ses-302_task-s5	721	5	86	sub-004	ses-102	task-s5	1;2;3	5;5;5
99	100	99	100	2	2	trialwise	617;2341	617;2341	4;15	141;97	sub-004_ses-102_task-s4;sub-004_ses-201_task-s4	617	4	141	sub-004	ses-102	task-s4	1;2	4;4
100	101	100	101	2	2	trialwise	570;2258	570;2258	4;15	94;14	sub-004_ses-102_task-s4;sub-004_ses-201_task-s4	570	4	94	sub-004	ses-102	task-s4	1;2	4;4
101	102	101	102	2	2	trialwise	522;2249	522;2249	4;15	46;5	sub-004_ses-102_task-s4;sub-004_ses-201_task-s4	522	4	46	sub-004	ses-102	task-s4	1;2	4;4
102	103	102	103	4	4	trialwise	411;2196;3860;4129	411;2196;3860;4129	3;14;25;26	94;111;7;117	sub-004_ses-101_task-s3;sub-004_ses-201_task-s3;sub-004_ses-302_task-s3;sub-004_ses-302_task-s4	411	3	94	sub-004	ses-101	task-s3	1;2;3;3	3;3;3;4
103	104	103	104	3	3	trialwise	741;2434;4248	741;2434;4248	5;16;27	106;31;77	sub-004_ses-102_task-s5;sub-004_ses-201_task-s5;sub-004_ses-302_task-s5	741	5	106	sub-004	ses-102	task-s5	1;2;3	5;5;5
104	105	104	105	4	4	trialwise	437;2130;3920;4064	437;2130;3920;4064	3;14;25;26	120;45;67;52	sub-004_ses-101_task-s3;sub-004_ses-201_task-s3;sub-004_ses-302_task-s3;sub-004_ses-302_task-s4	437	3	120	sub-004	ses-101	task-s3	1;2;3;3	3;3;3;4
105	106	105	106	3	3	trialwise	693;2448;4301	693;2448;4301	5;16;27	58;45;130	sub-004_ses-102_task-s5;sub-004_ses-201_task-s5;sub-004_ses-302_task-s5	693	5	58	sub-004	ses-102	task-s5	1;2;3	5;5;5
106	107	106	107	3	3	trialwise	803;2662;4473	803;2662;4473	6;17;28	10;101;144	sub-004_ses-102_task-s6;sub-004_ses-201_task-s6;sub-004_ses-302_task-s6	803	6	10	sub-004	ses-102	task-s6	1;2;3	6;6;6
107	108	107	108	3	3	trialwise	280;2059;3766	280;2059;3766	2;13;24	122;133;72	sub-004_ses-101_task-s2;sub-004_ses-201_task-s2;sub-004_ses-301_task-s2	280	2	122	sub-004	ses-101	task-s2	1;2;3	2;2;2
108	109	108	109	3	3	trialwise	1015;2761;4645	1015;2761;4645	7;18;29	64;42;158	sub-004_ses-102_task-s7;sub-004_ses-202_task-s7;sub-004_ses-303_task-s7	1015	7	64	sub-004	ses-102	task-s7	1;2;3	7;7;7
109	110	109	110	3	3	trialwise	172;2045;3835	172;2045;3835	2;13;24	14;119;141	sub-004_ses-101_task-s2;sub-004_ses-201_task-s2;sub-004_ses-301_task-s2	172	2	14	sub-004	ses-101	task-s2	1;2;3	2;2;2
110	111	110	111	3	3	trialwise	1044;2780;4523	1044;2780;4523	7;18;29	93;61;36	sub-004_ses-102_task-s7;sub-004_ses-202_task-s7;sub-004_ses-303_task-s7	1044	7	93	sub-004	ses-102	task-s7	1;2;3	7;7;7
111	112	111	112	3	3	trialwise	969;2735;4535	969;2735;4535	7;18;29	18;16;48	sub-004_ses-102_task-s7;sub-004_ses-202_task-s7;sub-004_ses-303_task-s7	969	7	18	sub-004	ses-102	task-s7	1;2;3	7;7;7
112	113	112	113	3	3	trialwise	887;2624;4335	887;2624;4335	6;17;28	94;63;6	sub-004_ses-102_task-s6;sub-004_ses-201_task-s6;sub-004_ses-302_task-s6	887	6	94	sub-004	ses-102	task-s6	1;2;3	6;6;6
113	114	113	114	3	3	trialwise	655;2405;4243	655;2405;4243	5;16;27	20;2;72	sub-004_ses-102_task-s5;sub-004_ses-201_task-s5;sub-004_ses-302_task-s5	655	5	20	sub-004	ses-102	task-s5	1;2;3	5;5;5
114	115	114	115	3	3	trialwise	968;2764;4515	968;2764;4515	7;18;29	17;45;28	sub-004_ses-102_task-s7;sub-004_ses-202_task-s7;sub-004_ses-303_task-s7	968	7	17	sub-004	ses-102	task-s7	1;2;3	7;7;7
115	116	115	116	3	3	trialwise	941;2634;4373	941;2634;4373	6;17;28	148;73;44	sub-004_ses-102_task-s6;sub-004_ses-201_task-s6;sub-004_ses-302_task-s6	941	6	148	sub-004	ses-102	task-s6	1;2;3	6;6;6
116	117	116	117	2	2	trialwise	583;2307	583;2307	4;15	107;63	sub-004_ses-102_task-s4;sub-004_ses-201_task-s4	583	4	107	sub-004	ses-102	task-s4	1;2	4;4
117	118	117	118	2	2	trialwise	536;2397	536;2397	4;15	60;153	sub-004_ses-102_task-s4;sub-004_ses-201_task-s4	536	4	60	sub-004	ses-102	task-s4	1;2	4;4
118	119	118	119	3	3	trialwise	763;2552;4325	763;2552;4325	5;16;27	128;149;154	sub-004_ses-102_task-s5;sub-004_ses-201_task-s5;sub-004_ses-302_task-s5	763	5	128	sub-004	ses-102	task-s5	1;2;3	5;5;5
119	120	119	120	3	3	trialwise	668;2494;4255	668;2494;4255	5;16;27	33;91;84	sub-004_ses-102_task-s5;sub-004_ses-201_task-s5;sub-004_ses-302_task-s5	668	5	33	sub-004	ses-102	task-s5	1;2;3	5;5;5
120	121	120	121	3	3	trialwise	1217;3010;4678	1217;3010;4678	8;19;30	108;133;33	sub-004_ses-103_task-s8;sub-004_ses-202_task-s8;sub-004_ses-303_task-s8	1217	8	108	sub-004	ses-103	task-s8	1;2;3	8;8;8
121	122	121	122	4	4	trialwise	346;2092;3972;4056	346;2092;3972;4056	3;14;25;26	29;7;119;44	sub-004_ses-101_task-s3;sub-004_ses-201_task-s3;sub-004_ses-302_task-s3;sub-004_ses-302_task-s4	346	3	29	sub-004	ses-101	task-s3	1;2;3;3	3;3;3;4
122	123	122	123	3	3	trialwise	121;1918;3658	121;1918;3658	1;12;23	122;151;123	sub-004_ses-101_task-s1;sub-004_ses-201_task-s1;sub-004_ses-301_task-s1	121	1	122	sub-004	ses-101	task-s1	1;2;3	1;1;1
123	124	123	124	3	3	trialwise	1101;2819;4533	1101;2819;4533	7;18;29	150;100;46	sub-004_ses-102_task-s7;sub-004_ses-202_task-s7;sub-004_ses-303_task-s7	1101	7	150	sub-004	ses-102	task-s7	1;2;3	7;7;7
124	125	124	125	3	3	trialwise	305;2063;3701	305;2063;3701	2;13;24	147;137;7	sub-004_ses-101_task-s2;sub-004_ses-201_task-s2;sub-004_ses-301_task-s2	305	2	147	sub-004	ses-101	task-s2	1;2;3	2;2;2
125	126	125	126	3	3	trialwise	672;2428;4241	672;2428;4241	5;16;27	37;25;70	sub-004_ses-102_task-s5;sub-004_ses-201_task-s5;sub-004_ses-302_task-s5	672	5	37	sub-004	ses-102	task-s5	1;2;3	5;5;5
126	127	126	127	3	3	trialwise	77;1843;3628	77;1843;3628	1;12;23	78;76;93	sub-004_ses-101_task-s1;sub-004_ses-201_task-s1;sub-004_ses-301_task-s1	77	1	78	sub-004	ses-101	task-s1	1;2;3	1;1;1
127	128	127	128	3	3	trialwise	4;1892;3546	4;1892;3546	1;12;23	5;125;11	sub-004_ses-101_task-s1;sub-004_ses-201_task-s1;sub-004_ses-301_task-s1	4	1	5	sub-004	ses-101	task-s1	1;2;3	1;1;1
128	129	128	129	3	3	trialwise	94;1790;3649	94;1790;3649	1;12;23	95;23;114	sub-004_ses-101_task-s1;sub-004_ses-201_task-s1;sub-004_ses-301_task-s1	94	1	95	sub-004	ses-101	task-s1	1;2;3	1;1;1
129	130	129	130	3	3	trialwise	796;2579;4346	796;2579;4346	6;17;28	3;18;17	sub-004_ses-102_task-s6;sub-004_ses-201_task-s6;sub-004_ses-302_task-s6	796	6	3	sub-004	ses-102	task-s6	1;2;3	6;6;6
130	131	130	131	3	3	trialwise	160;1944;3758	160;1944;3758	2;13;24	2;18;64	sub-004_ses-101_task-s2;sub-004_ses-201_task-s2;sub-004_ses-301_task-s2	160	2	2	sub-004	ses-101	task-s2	1;2;3	2;2;2
131	132	131	132	3	3	trialwise	802;2573;4332	802;2573;4332	6;17;28	9;12;3	sub-004_ses-102_task-s6;sub-004_ses-201_task-s6;sub-004_ses-302_task-s6	802	6	9	sub-004	ses-102	task-s6	1;2;3	6;6;6
132	133	132	133	3	3	trialwise	1154;2915;4668	1154;2915;4668	8;19;30	45;38;23	sub-004_ses-103_task-s8;sub-004_ses-202_task-s8;sub-004_ses-303_task-s8	1154	8	45	sub-004	ses-103	task-s8	1;2;3	8;8;8
133	134	133	134	4	4	trialwise	469;2149;3966;4153	469;2149;3966;4153	3;14;25;26	152;64;113;141	sub-004_ses-101_task-s3;sub-004_ses-201_task-s3;sub-004_ses-302_task-s3;sub-004_ses-302_task-s4	469	3	152	sub-004	ses-101	task-s3	1;2;3;3	3;3;3;4
134	135	134	135	3	3	trialwise	816;2626;4411	816;2626;4411	6;17;28	23;65;82	sub-004_ses-102_task-s6;sub-004_ses-201_task-s6;sub-004_ses-302_task-s6	816	6	23	sub-004	ses-102	task-s6	1;2;3	6;6;6
135	136	135	136	3	3	trialwise	892;2589;4356	892;2589;4356	6;17;28	99;28;27	sub-004_ses-102_task-s6;sub-004_ses-201_task-s6;sub-004_ses-302_task-s6	892	6	99	sub-004	ses-102	task-s6	1;2;3	6;6;6
136	137	136	137	3	3	trialwise	1213;2907;4677	1213;2907;4677	8;19;30	104;30;32	sub-004_ses-103_task-s8;sub-004_ses-202_task-s8;sub-004_ses-303_task-s8	1213	8	104	sub-004	ses-103	task-s8	1;2;3	8;8;8
137	138	137	138	3	3	trialwise	38;1835;3597	38;1835;3597	1;12;23	39;68;62	sub-004_ses-101_task-s1;sub-004_ses-201_task-s1;sub-004_ses-301_task-s1	38	1	39	sub-004	ses-101	task-s1	1;2;3	1;1;1
138	139	138	139	3	3	trialwise	83;1911;3547	83;1911;3547	1;12;23	84;144;12	sub-004_ses-101_task-s1;sub-004_ses-201_task-s1;sub-004_ses-301_task-s1	83	1	84	sub-004	ses-101	task-s1	1;2;3	1;1;1
139	140	139	140	3	3	trialwise	809;2687;4475	809;2687;4475	6;17;28	16;126;146	sub-004_ses-102_task-s6;sub-004_ses-201_task-s6;sub-004_ses-302_task-s6	809	6	16	sub-004	ses-102	task-s6	1;2;3	6;6;6
140	141	140	141	3	3	trialwise	910;2692;4407	910;2692;4407	6;17;28	117;131;78	sub-004_ses-102_task-s6;sub-004_ses-201_task-s6;sub-004_ses-302_task-s6	910	6	117	sub-004	ses-102	task-s6	1;2;3	6;6;6
141	142	141	142	3	3	trialwise	1244;2909;4663	1244;2909;4663	8;19;30	135;32;18	sub-004_ses-103_task-s8;sub-004_ses-202_task-s8;sub-004_ses-303_task-s8	1244	8	135	sub-004	ses-103	task-s8	1;2;3	8;8;8
142	143	142	143	3	3	trialwise	1000;2737;4611	1000;2737;4611	7;18;29	49;18;124	sub-004_ses-102_task-s7;sub-004_ses-202_task-s7;sub-004_ses-303_task-s7	1000	7	49	sub-004	ses-102	task-s7	1;2;3	7;7;7
143	144	143	144	3	3	trialwise	175;1960;3845	175;1960;3845	2;13;24	17;34;151	sub-004_ses-101_task-s2;sub-004_ses-201_task-s2;sub-004_ses-301_task-s2	175	2	17	sub-004	ses-101	task-s2	1;2;3	2;2;2
144	145	144	145	3	3	trialwise	692;2553;4295	692;2553;4295	5;16;27	57;150;124	sub-004_ses-102_task-s5;sub-004_ses-201_task-s5;sub-004_ses-302_task-s5	692	5	57	sub-004	ses-102	task-s5	1;2;3	5;5;5
145	146	145	146	3	3	trialwise	766;2530;4318	766;2530;4318	5;16;27	131;127;147	sub-004_ses-102_task-s5;sub-004_ses-201_task-s5;sub-004_ses-302_task-s5	766	5	131	sub-004	ses-102	task-s5	1;2;3	5;5;5
146	147	146	147	3	3	trialwise	1200;2879;4659	1200;2879;4659	8;19;30	91;2;14	sub-004_ses-103_task-s8;sub-004_ses-202_task-s8;sub-004_ses-303_task-s8	1200	8	91	sub-004	ses-103	task-s8	1;2;3	8;8;8
147	148	147	148	4	4	trialwise	372;2235;3910;4081	372;2235;3910;4081	3;14;25;26	55;150;57;69	sub-004_ses-101_task-s3;sub-004_ses-201_task-s3;sub-004_ses-302_task-s3;sub-004_ses-302_task-s4	372	3	55	sub-004	ses-101	task-s3	1;2;3;3	3;3;3;4
148	149	148	149	4	4	trialwise	337;2109;3855;4022	337;2109;3855;4022	3;14;25;26	20;24;2;10	sub-004_ses-101_task-s3;sub-004_ses-201_task-s3;sub-004_ses-302_task-s3;sub-004_ses-302_task-s4	337	3	20	sub-004	ses-101	task-s3	1;2;3;3	3;3;3;4
149	150	149	150	3	3	trialwise	41;1888;3685	41;1888;3685	1;12;23	42;121;150	sub-004_ses-101_task-s1;sub-004_ses-201_task-s1;sub-004_ses-301_task-s1	41	1	42	sub-004	ses-101	task-s1	1;2;3	1;1;1
150	151	150	151	2	2	trialwise	492;2363	492;2363	4;15	16;119	sub-004_ses-102_task-s4;sub-004_ses-201_task-s4	492	4	16	sub-004	ses-102	task-s4	1;2	4;4
151	152	151	152	2	2	trialwise	500;2359	500;2359	4;15	24;115	sub-004_ses-102_task-s4;sub-004_ses-201_task-s4	500	4	24	sub-004	ses-102	task-s4	1;2	4;4
152	153	152	153	3	3	trialwise	296;2067;3767	296;2067;3767	2;13;24	138;141;73	sub-004_ses-101_task-s2;sub-004_ses-201_task-s2;sub-004_ses-301_task-s2	296	2	138	sub-004	ses-101	task-s2	1;2;3	2;2;2
153	154	153	154	3	3	trialwise	301;2070;3846	301;2070;3846	2;13;24	143;144;152	sub-004_ses-101_task-s2;sub-004_ses-201_task-s2;sub-004_ses-301_task-s2	301	2	143	sub-004	ses-101	task-s2	1;2;3	2;2;2
154	155	154	155	2	2	trialwise	539;2373	539;2373	4;15	63;129	sub-004_ses-102_task-s4;sub-004_ses-201_task-s4	539	4	63	sub-004	ses-102	task-s4	1;2	4;4
155	156	155	156	3	3	trialwise	35;1921;3615	35;1921;3615	1;12;23	36;154;80	sub-004_ses-101_task-s1;sub-004_ses-201_task-s1;sub-004_ses-301_task-s1	35	1	36	sub-004	ses-101	task-s1	1;2;3	1;1;1
156	157	156	157	4	4	trialwise	386;2239;3908;4040	386;2239;3908;4040	3;14;25;26	69;154;55;28	sub-004_ses-101_task-s3;sub-004_ses-201_task-s3;sub-004_ses-302_task-s3;sub-004_ses-302_task-s4	386	3	69	sub-004	ses-101	task-s3	1;2;3;3	3;3;3;4
157	158	157	158	3	3	trialwise	194;2018;3747	194;2018;3747	2;13;24	36;92;53	sub-004_ses-101_task-s2;sub-004_ses-201_task-s2;sub-004_ses-301_task-s2	194	2	36	sub-004	ses-101	task-s2	1;2;3	2;2;2
158	159	158	159	3	3	trialwise	1188;3000;4666	1188;3000;4666	8;19;30	79;123;21	sub-004_ses-103_task-s8;sub-004_ses-202_task-s8;sub-004_ses-303_task-s8	1188	8	79	sub-004	ses-103	task-s8	1;2;3	8;8;8
159	160	159	160	3	3	trialwise	897;2604;4345	897;2604;4345	6;17;28	104;43;16	sub-004_ses-102_task-s6;sub-004_ses-201_task-s6;sub-004_ses-302_task-s6	897	6	104	sub-004	ses-102	task-s6	1;2;3	6;6;6
160	161	160	161	3	3	trialwise	216;1963;3715	216;1963;3715	2;13;24	58;37;21	sub-004_ses-101_task-s2;sub-004_ses-201_task-s2;sub-004_ses-301_task-s2	216	2	58	sub-004	ses-101	task-s2	1;2;3	2;2;2
161	162	161	162	3	3	trialwise	714;2485;4289	714;2485;4289	5;16;27	79;82;118	sub-004_ses-102_task-s5;sub-004_ses-201_task-s5;sub-004_ses-302_task-s5	714	5	79	sub-004	ses-102	task-s5	1;2;3	5;5;5
162	163	162	163	4	4	trialwise	352;2176;3955;4054	352;2176;3955;4054	3;14;25;26	35;91;102;42	sub-004_ses-101_task-s3;sub-004_ses-201_task-s3;sub-004_ses-302_task-s3;sub-004_ses-302_task-s4	352	3	35	sub-004	ses-101	task-s3	1;2;3;3	3;3;3;4
163	164	163	164	3	3	trialwise	1061;2743;4538	1061;2743;4538	7;18;29	110;24;51	sub-004_ses-102_task-s7;sub-004_ses-202_task-s7;sub-004_ses-303_task-s7	1061	7	110	sub-004	ses-102	task-s7	1;2;3	7;7;7
164	165	164	165	3	3	trialwise	315;2004;3851	315;2004;3851	2;13;24	157;78;157	sub-004_ses-101_task-s2;sub-004_ses-201_task-s2;sub-004_ses-301_task-s2	315	2	157	sub-004	ses-101	task-s2	1;2;3	2;2;2
165	166	165	166	3	3	trialwise	1049;2863;4639	1049;2863;4639	7;18;29	98;144;152	sub-004_ses-102_task-s7;sub-004_ses-202_task-s7;sub-004_ses-303_task-s7	1049	7	98	sub-004	ses-102	task-s7	1;2;3	7;7;7
166	167	166	167	3	3	trialwise	181;2079;3824	181;2079;3824	2;13;24	23;153;130	sub-004_ses-101_task-s2;sub-004_ses-201_task-s2;sub-004_ses-301_task-s2	181	2	23	sub-004	ses-101	task-s2	1;2;3	2;2;2
167	168	167	168	3	3	trialwise	125;1870;3684	125;1870;3684	1;12;23	126;103;149	sub-004_ses-101_task-s1;sub-004_ses-201_task-s1;sub-004_ses-301_task-s1	125	1	126	sub-004	ses-101	task-s1	1;2;3	1;1;1
168	169	168	169	4	4	trialwise	451;2193;3876;4103	451;2193;3876;4103	3;14;25;26	134;108;23;91	sub-004_ses-101_task-s3;sub-004_ses-201_task-s3;sub-004_ses-302_task-s3;sub-004_ses-302_task-s4	451	3	134	sub-004	ses-101	task-s3	1;2;3;3	3;3;3;4
169	170	169	170	3	3	trialwise	214;1940;3821	214;1940;3821	2;13;24	56;14;127	sub-004_ses-101_task-s2;sub-004_ses-201_task-s2;sub-004_ses-301_task-s2	214	2	56	sub-004	ses-101	task-s2	1;2;3	2;2;2
170	171	170	171	3	3	trialwise	1081;2859;4492	1081;2859;4492	7;18;29	130;140;5	sub-004_ses-102_task-s7;sub-004_ses-202_task-s7;sub-004_ses-303_task-s7	1081	7	130	sub-004	ses-102	task-s7	1;2;3	7;7;7
171	172	171	172	3	3	trialwise	930;2704;4360	930;2704;4360	6;17;28	137;143;31	sub-004_ses-102_task-s6;sub-004_ses-201_task-s6;sub-004_ses-302_task-s6	930	6	137	sub-004	ses-102	task-s6	1;2;3	6;6;6
172	173	172	173	4	4	trialwise	378;2191;3914;4078	378;2191;3914;4078	3;14;25;26	61;106;61;66	sub-004_ses-101_task-s3;sub-004_ses-201_task-s3;sub-004_ses-302_task-s3;sub-004_ses-302_task-s4	378	3	61	sub-004	ses-101	task-s3	1;2;3;3	3;3;3;4
173	174	173	174	3	3	trialwise	926;2601;4472	926;2601;4472	6;17;28	133;40;143	sub-004_ses-102_task-s6;sub-004_ses-201_task-s6;sub-004_ses-302_task-s6	926	6	133	sub-004	ses-102	task-s6	1;2;3	6;6;6
174	175	174	175	4	4	trialwise	473;2142;3945;4018	473;2142;3945;4018	3;14;25;26	156;57;92;6	sub-004_ses-101_task-s3;sub-004_ses-201_task-s3;sub-004_ses-302_task-s3;sub-004_ses-302_task-s4	473	3	156	sub-004	ses-101	task-s3	1;2;3;3	3;3;3;4
175	176	175	176	2	2	trialwise	514;2375	514;2375	4;15	38;131	sub-004_ses-102_task-s4;sub-004_ses-201_task-s4	514	4	38	sub-004	ses-102	task-s4	1;2	4;4
176	177	176	177	2	2	trialwise	614;2294	614;2294	4;15	138;50	sub-004_ses-102_task-s4;sub-004_ses-201_task-s4	614	4	138	sub-004	ses-102	task-s4	1;2	4;4
177	178	177	178	3	3	trialwise	964;2832;4543	964;2832;4543	7;18;29	13;113;56	sub-004_ses-102_task-s7;sub-004_ses-202_task-s7;sub-004_ses-303_task-s7	964	7	13	sub-004	ses-102	task-s7	1;2;3	7;7;7
178	179	178	179	3	3	trialwise	1045;2850;4634	1045;2850;4634	7;18;29	94;131;147	sub-004_ses-102_task-s7;sub-004_ses-202_task-s7;sub-004_ses-303_task-s7	1045	7	94	sub-004	ses-102	task-s7	1;2;3	7;7;7
179	180	179	180	3	3	trialwise	239;2077;3781	239;2077;3781	2;13;24	81;151;87	sub-004_ses-101_task-s2;sub-004_ses-201_task-s2;sub-004_ses-301_task-s2	239	2	81	sub-004	ses-101	task-s2	1;2;3	2;2;2
180	181	180	181	3	3	trialwise	637;2545;4249	637;2545;4249	5;16;27	2;142;78	sub-004_ses-102_task-s5;sub-004_ses-201_task-s5;sub-004_ses-302_task-s5	637	5	2	sub-004	ses-102	task-s5	1;2;3	5;5;5
181	182	181	182	3	3	trialwise	1254;2947;4741	1254;2947;4741	8;19;30	145;70;96	sub-004_ses-103_task-s8;sub-004_ses-202_task-s8;sub-004_ses-303_task-s8	1254	8	145	sub-004	ses-103	task-s8	1;2;3	8;8;8
182	183	182	183	3	3	trialwise	1012;2754;4632	1012;2754;4632	7;18;29	61;35;145	sub-004_ses-102_task-s7;sub-004_ses-202_task-s7;sub-004_ses-303_task-s7	1012	7	61	sub-004	ses-102	task-s7	1;2;3	7;7;7
183	184	183	184	3	3	trialwise	811;2697;4441	811;2697;4441	6;17;28	18;136;112	sub-004_ses-102_task-s6;sub-004_ses-201_task-s6;sub-004_ses-302_task-s6	811	6	18	sub-004	ses-102	task-s6	1;2;3	6;6;6
184	185	184	185	3	3	trialwise	257;2031;3726	257;2031;3726	2;13;24	99;105;32	sub-004_ses-101_task-s2;sub-004_ses-201_task-s2;sub-004_ses-301_task-s2	257	2	99	sub-004	ses-101	task-s2	1;2;3	2;2;2
185	186	185	186	4	4	trialwise	432;2088;3993;4124	432;2088;3993;4124	3;14;25;26	115;3;140;112	sub-004_ses-101_task-s3;sub-004_ses-201_task-s3;sub-004_ses-302_task-s3;sub-004_ses-302_task-s4	432	3	115	sub-004	ses-101	task-s3	1;2;3;3	3;3;3;4
186	187	186	187	2	2	trialwise	588;2316	588;2316	4;15	112;72	sub-004_ses-102_task-s4;sub-004_ses-201_task-s4	588	4	112	sub-004	ses-102	task-s4	1;2	4;4
187	188	187	188	3	3	trialwise	675;2498;4232	675;2498;4232	5;16;27	40;95;61	sub-004_ses-102_task-s5;sub-004_ses-201_task-s5;sub-004_ses-302_task-s5	675	5	40	sub-004	ses-102	task-s5	1;2;3	5;5;5
188	189	188	189	3	3	trialwise	865;2632;4408	865;2632;4408	6;17;28	72;71;79	sub-004_ses-102_task-s6;sub-004_ses-201_task-s6;sub-004_ses-302_task-s6	865	6	72	sub-004	ses-102	task-s6	1;2;3	6;6;6
189	190	189	190	3	3	trialwise	118;1772;3694	118;1772;3694	1;12;23	119;5;159	sub-004_ses-101_task-s1;sub-004_ses-201_task-s1;sub-004_ses-301_task-s1	118	1	119	sub-004	ses-101	task-s1	1;2;3	1;1;1
190	191	190	191	3	3	trialwise	45;1900;3587	45;1900;3587	1;12;23	46;133;52	sub-004_ses-101_task-s1;sub-004_ses-201_task-s1;sub-004_ses-301_task-s1	45	1	46	sub-004	ses-101	task-s1	1;2;3	1;1;1
191	192	191	192	2	2	trialwise	591;2299	591;2299	4;15	115;55	sub-004_ses-102_task-s4;sub-004_ses-201_task-s4	591	4	115	sub-004	ses-102	task-s4	1;2	4;4
192	193	192	193	3	3	trialwise	962;2858;4495	962;2858;4495	7;18;29	11;139;8	sub-004_ses-102_task-s7;sub-004_ses-202_task-s7;sub-004_ses-303_task-s7	962	7	11	sub-004	ses-102	task-s7	1;2;3	7;7;7
193	194	193	194	3	3	trialwise	101;1914;3679	101;1914;3679	1;12;23	102;147;144	sub-004_ses-101_task-s1;sub-004_ses-201_task-s1;sub-004_ses-301_task-s1	101	1	102	sub-004	ses-101	task-s1	1;2;3	1;1;1
194	195	194	195	2	2	trialwise	624;2272	624;2272	4;15	148;28	sub-004_ses-102_task-s4;sub-004_ses-201_task-s4	624	4	148	sub-004	ses-102	task-s4	1;2	4;4
195	196	195	196	3	3	trialwise	222;2005;3799	222;2005;3799	2;13;24	64;79;105	sub-004_ses-101_task-s2;sub-004_ses-201_task-s2;sub-004_ses-301_task-s2	222	2	64	sub-004	ses-101	task-s2	1;2;3	2;2;2
196	197	196	197	3	3	trialwise	711;2554;4323	711;2554;4323	5;16;27	76;151;152	sub-004_ses-102_task-s5;sub-004_ses-201_task-s5;sub-004_ses-302_task-s5	711	5	76	sub-004	ses-102	task-s5	1;2;3	5;5;5
197	198	197	198	3	3	trialwise	1266;2894;4749	1266;2894;4749	8;19;30	157;17;104	sub-004_ses-103_task-s8;sub-004_ses-202_task-s8;sub-004_ses-303_task-s8	1266	8	157	sub-004	ses-103	task-s8	1;2;3	8;8;8
198	199	198	199	3	3	trialwise	248;1947;3834	248;1947;3834	2;13;24	90;21;140	sub-004_ses-101_task-s2;sub-004_ses-201_task-s2;sub-004_ses-301_task-s2	248	2	90	sub-004	ses-101	task-s2	1;2;3	2;2;2
199	200	199	200	3	3	trialwise	99;1871;3580	99;1871;3580	1;12;23	100;104;45	sub-004_ses-101_task-s1;sub-004_ses-201_task-s1;sub-004_ses-301_task-s1	99	1	100	sub-004	ses-101	task-s1	1;2;3	1;1;1
200	201	200	201	3	3	trialwise	1159;2975;4698	1159;2975;4698	8;19;30	50;98;53	sub-004_ses-103_task-s8;sub-004_ses-202_task-s8;sub-004_ses-303_task-s8	1159	8	50	sub-004	ses-103	task-s8	1;2;3	8;8;8
201	202	201	202	2	2	trialwise	590;2372	590;2372	4;15	114;128	sub-004_ses-102_task-s4;sub-004_ses-201_task-s4	590	4	114	sub-004	ses-102	task-s4	1;2	4;4
202	203	202	203	3	3	trialwise	765;2479;4173	765;2479;4173	5;16;27	130;76;2	sub-004_ses-102_task-s5;sub-004_ses-201_task-s5;sub-004_ses-302_task-s5	765	5	130	sub-004	ses-102	task-s5	1;2;3	5;5;5
203	204	203	204	3	3	trialwise	937;2717;4394	937;2717;4394	6;17;28	144;156;65	sub-004_ses-102_task-s6;sub-004_ses-201_task-s6;sub-004_ses-302_task-s6	937	6	144	sub-004	ses-102	task-s6	1;2;3	6;6;6
204	205	204	205	3	3	trialwise	1058;2841;4498	1058;2841;4498	7;18;29	107;122;11	sub-004_ses-102_task-s7;sub-004_ses-202_task-s7;sub-004_ses-303_task-s7	1058	7	107	sub-004	ses-102	task-s7	1;2;3	7;7;7
205	206	205	206	3	3	trialwise	1261;2922;4751	1261;2922;4751	8;19;30	152;45;106	sub-004_ses-103_task-s8;sub-004_ses-202_task-s8;sub-004_ses-303_task-s8	1261	8	152	sub-004	ses-103	task-s8	1;2;3	8;8;8
206	207	206	207	3	3	trialwise	1013;2835;4489	1013;2835;4489	7;18;29	62;116;2	sub-004_ses-102_task-s7;sub-004_ses-202_task-s7;sub-004_ses-303_task-s7	1013	7	62	sub-004	ses-102	task-s7	1;2;3	7;7;7
207	208	207	208	3	3	trialwise	750;2547;4179	750;2547;4179	5;16;27	115;144;8	sub-004_ses-102_task-s5;sub-004_ses-201_task-s5;sub-004_ses-302_task-s5	750	5	115	sub-004	ses-102	task-s5	1;2;3	5;5;5
208	209	208	209	4	4	trialwise	368;2150;3958;4045	368;2150;3958;4045	3;14;25;26	51;65;105;33	sub-004_ses-101_task-s3;sub-004_ses-201_task-s3;sub-004_ses-302_task-s3;sub-004_ses-302_task-s4	368	3	51	sub-004	ses-101	task-s3	1;2;3;3	3;3;3;4
209	210	209	210	3	3	trialwise	767;2433;4239	767;2433;4239	5;16;27	132;30;68	sub-004_ses-102_task-s5;sub-004_ses-201_task-s5;sub-004_ses-302_task-s5	767	5	132	sub-004	ses-102	task-s5	1;2;3	5;5;5
210	211	210	211	2	2	trialwise	620;2314	620;2314	4;15	144;70	sub-004_ses-102_task-s4;sub-004_ses-201_task-s4	620	4	144	sub-004	ses-102	task-s4	1;2	4;4
211	212	211	212	3	3	trialwise	974;2845;4615	974;2845;4615	7;18;29	23;126;128	sub-004_ses-102_task-s7;sub-004_ses-202_task-s7;sub-004_ses-303_task-s7	974	7	23	sub-004	ses-102	task-s7	1;2;3	7;7;7
212	213	212	213	4	4	trialwise	403;2102;3873;4163	403;2102;3873;4163	3;14;25;26	86;17;20;151	sub-004_ses-101_task-s3;sub-004_ses-201_task-s3;sub-004_ses-302_task-s3;sub-004_ses-302_task-s4	403	3	86	sub-004	ses-101	task-s3	1;2;3;3	3;3;3;4
213	214	213	214	3	3	trialwise	1001;2740;4591	1001;2740;4591	7;18;29	50;21;104	sub-004_ses-102_task-s7;sub-004_ses-202_task-s7;sub-004_ses-303_task-s7	1001	7	50	sub-004	ses-102	task-s7	1;2;3	7;7;7
214	215	214	215	4	4	trialwise	356;2124;3857;4029	356;2124;3857;4029	3;14;25;26	39;39;4;17	sub-004_ses-101_task-s3;sub-004_ses-201_task-s3;sub-004_ses-302_task-s3;sub-004_ses-302_task-s4	356	3	39	sub-004	ses-101	task-s3	1;2;3;3	3;3;3;4
215	216	215	216	3	3	trialwise	1127;2982;4725	1127;2982;4725	8;19;30	18;105;80	sub-004_ses-103_task-s8;sub-004_ses-202_task-s8;sub-004_ses-303_task-s8	1127	8	18	sub-004	ses-103	task-s8	1;2;3	8;8;8
216	217	216	217	3	3	trialwise	289;1936;3717	289;1936;3717	2;13;24	131;10;23	sub-004_ses-101_task-s2;sub-004_ses-201_task-s2;sub-004_ses-301_task-s2	289	2	131	sub-004	ses-101	task-s2	1;2;3	2;2;2
217	218	217	218	3	3	trialwise	1132;2991;4688	1132;2991;4688	8;19;30	23;114;43	sub-004_ses-103_task-s8;sub-004_ses-202_task-s8;sub-004_ses-303_task-s8	1132	8	23	sub-004	ses-103	task-s8	1;2;3	8;8;8
218	219	218	219	4	4	trialwise	439;2156;3950;4076	439;2156;3950;4076	3;14;25;26	122;71;97;64	sub-004_ses-101_task-s3;sub-004_ses-201_task-s3;sub-004_ses-302_task-s3;sub-004_ses-302_task-s4	439	3	122	sub-004	ses-101	task-s3	1;2;3;3	3;3;3;4
219	220	219	220	3	3	trialwise	271;1967;3849	271;1967;3849	2;13;24	113;41;155	sub-004_ses-101_task-s2;sub-004_ses-201_task-s2;sub-004_ses-301_task-s2	271	2	113	sub-004	ses-101	task-s2	1;2;3	2;2;2
220	221	220	221	3	3	trialwise	979;2747;4522	979;2747;4522	7;18;29	28;28;35	sub-004_ses-102_task-s7;sub-004_ses-202_task-s7;sub-004_ses-303_task-s7	979	7	28	sub-004	ses-102	task-s7	1;2;3	7;7;7
221	222	221	222	3	3	trialwise	287;2030;3719	287;2030;3719	2;13;24	129;104;25	sub-004_ses-101_task-s2;sub-004_ses-201_task-s2;sub-004_ses-301_task-s2	287	2	129	sub-004	ses-101	task-s2	1;2;3	2;2;2
222	223	222	223	3	3	trialwise	869;2654;4374	869;2654;4374	6;17;28	76;93;45	sub-004_ses-102_task-s6;sub-004_ses-201_task-s6;sub-004_ses-302_task-s6	869	6	76	sub-004	ses-102	task-s6	1;2;3	6;6;6
223	224	223	224	3	3	trialwise	734;2418;4268	734;2418;4268	5;16;27	99;15;97	sub-004_ses-102_task-s5;sub-004_ses-201_task-s5;sub-004_ses-302_task-s5	734	5	99	sub-004	ses-102	task-s5	1;2;3	5;5;5
224	225	224	225	3	3	trialwise	965;2725;4541	965;2725;4541	7;18;29	14;6;54	sub-004_ses-102_task-s7;sub-004_ses-202_task-s7;sub-004_ses-303_task-s7	965	7	14	sub-004	ses-102	task-s7	1;2;3	7;7;7
225	226	225	226	4	4	trialwise	409;2116;3991;4096	409;2116;3991;4096	3;14;25;26	92;31;138;84	sub-004_ses-101_task-s3;sub-004_ses-201_task-s3;sub-004_ses-302_task-s3;sub-004_ses-302_task-s4	409	3	92	sub-004	ses-101	task-s3	1;2;3;3	3;3;3;4
226	227	226	227	3	3	trialwise	1062;2864;4582	1062;2864;4582	7;18;29	111;145;95	sub-004_ses-102_task-s7;sub-004_ses-202_task-s7;sub-004_ses-303_task-s7	1062	7	111	sub-004	ses-102	task-s7	1;2;3	7;7;7
227	228	227	228	3	3	trialwise	193;1973;3809	193;1973;3809	2;13;24	35;47;115	sub-004_ses-101_task-s2;sub-004_ses-201_task-s2;sub-004_ses-301_task-s2	193	2	35	sub-004	ses-101	task-s2	1;2;3	2;2;2
228	229	228	229	3	3	trialwise	712;2453;4272	712;2453;4272	5;16;27	77;50;101	sub-004_ses-102_task-s5;sub-004_ses-201_task-s5;sub-004_ses-302_task-s5	712	5	77	sub-004	ses-102	task-s5	1;2;3	5;5;5
229	230	229	230	3	3	trialwise	1131;2977;4789	1131;2977;4789	8;19;30	22;100;144	sub-004_ses-103_task-s8;sub-004_ses-202_task-s8;sub-004_ses-303_task-s8	1131	8	22	sub-004	ses-103	task-s8	1;2;3	8;8;8
230	231	230	231	3	3	trialwise	1009;2776;4637	1009;2776;4637	7;18;29	58;57;150	sub-004_ses-102_task-s7;sub-004_ses-202_task-s7;sub-004_ses-303_task-s7	1009	7	58	sub-004	ses-102	task-s7	1;2;3	7;7;7
231	232	231	232	3	3	trialwise	1023;2744;4537	1023;2744;4537	7;18;29	72;25;50	sub-004_ses-102_task-s7;sub-004_ses-202_task-s7;sub-004_ses-303_task-s7	1023	7	72	sub-004	ses-102	task-s7	1;2;3	7;7;7
232	233	232	233	3	3	trialwise	874;2700;4395	874;2700;4395	6;17;28	81;139;66	sub-004_ses-102_task-s6;sub-004_ses-201_task-s6;sub-004_ses-302_task-s6	874	6	81	sub-004	ses-102	task-s6	1;2;3	6;6;6
233	234	233	234	3	3	trialwise	1005;2846;4490	1005;2846;4490	7;18;29	54;127;3	sub-004_ses-102_task-s7;sub-004_ses-202_task-s7;sub-004_ses-303_task-s7	1005	7	54	sub-004	ses-102	task-s7	1;2;3	7;7;7
234	235	234	235	3	3	trialwise	1008;2749;4608	1008;2749;4608	7;18;29	57;30;121	sub-004_ses-102_task-s7;sub-004_ses-202_task-s7;sub-004_ses-303_task-s7	1008	7	57	sub-004	ses-102	task-s7	1;2;3	7;7;7
235	236	235	236	4	4	trialwise	359;2091;3978;4092	359;2091;3978;4092	3;14;25;26	42;6;125;80	sub-004_ses-101_task-s3;sub-004_ses-201_task-s3;sub-004_ses-302_task-s3;sub-004_ses-302_task-s4	359	3	42	sub-004	ses-101	task-s3	1;2;3;3	3;3;3;4
236	237	236	237	2	2	trialwise	477;2271	477;2271	4;15	1;27	sub-004_ses-102_task-s4;sub-004_ses-201_task-s4	477	4	1	sub-004	ses-102	task-s4	1;2	4;4
237	238	237	238	3	3	trialwise	1229;2961;4672	1229;2961;4672	8;19;30	120;84;27	sub-004_ses-103_task-s8;sub-004_ses-202_task-s8;sub-004_ses-303_task-s8	1229	8	120	sub-004	ses-103	task-s8	1;2;3	8;8;8
238	239	238	239	3	3	trialwise	928;2586;4406	928;2586;4406	6;17;28	135;25;77	sub-004_ses-102_task-s6;sub-004_ses-201_task-s6;sub-004_ses-302_task-s6	928	6	135	sub-004	ses-102	task-s6	1;2;3	6;6;6
239	240	239	240	3	3	trialwise	1117;2997;4775	1117;2997;4775	8;19;30	8;120;130	sub-004_ses-103_task-s8;sub-004_ses-202_task-s8;sub-004_ses-303_task-s8	1117	8	8	sub-004	ses-103	task-s8	1;2;3	8;8;8
240	241	240	241	3	3	trialwise	1191;2942;4740	1191;2942;4740	8;19;30	82;65;95	sub-004_ses-103_task-s8;sub-004_ses-202_task-s8;sub-004_ses-303_task-s8	1191	8	82	sub-004	ses-103	task-s8	1;2;3	8;8;8
241	242	241	242	4	4	trialwise	354;2133;3915;4135	354;2133;3915;4135	3;14;25;26	37;48;62;123	sub-004_ses-101_task-s3;sub-004_ses-201_task-s3;sub-004_ses-302_task-s3;sub-004_ses-302_task-s4	354	3	37	sub-004	ses-101	task-s3	1;2;3;3	3;3;3;4
242	243	242	243	3	3	trialwise	1089;2815;4641	1089;2815;4641	7;18;29	138;96;154	sub-004_ses-102_task-s7;sub-004_ses-202_task-s7;sub-004_ses-303_task-s7	1089	7	138	sub-004	ses-102	task-s7	1;2;3	7;7;7
243	244	243	244	4	4	trialwise	407;2208;3879;4057	407;2208;3879;4057	3;14;25;26	90;123;26;45	sub-004_ses-101_task-s3;sub-004_ses-201_task-s3;sub-004_ses-302_task-s3;sub-004_ses-302_task-s4	407	3	90	sub-004	ses-101	task-s3	1;2;3;3	3;3;3;4
244	245	244	245	3	3	trialwise	235;2033;3704	235;2033;3704	2;13;24	77;107;10	sub-004_ses-101_task-s2;sub-004_ses-201_task-s2;sub-004_ses-301_task-s2	235	2	77	sub-004	ses-101	task-s2	1;2;3	2;2;2
245	246	245	246	3	3	trialwise	149;1884;3645	149;1884;3645	1;12;23	150;117;110	sub-004_ses-101_task-s1;sub-004_ses-201_task-s1;sub-004_ses-301_task-s1	149	1	150	sub-004	ses-101	task-s1	1;2;3	1;1;1
246	247	246	247	3	3	trialwise	636;2467;4277	636;2467;4277	5;16;27	1;64;106	sub-004_ses-102_task-s5;sub-004_ses-201_task-s5;sub-004_ses-302_task-s5	636	5	1	sub-004	ses-102	task-s5	1;2;3	5;5;5
247	248	247	248	3	3	trialwise	728;2484;4180	728;2484;4180	5;16;27	93;81;9	sub-004_ses-102_task-s5;sub-004_ses-201_task-s5;sub-004_ses-302_task-s5	728	5	93	sub-004	ses-102	task-s5	1;2;3	5;5;5
248	249	248	249	4	4	trialwise	447;2127;3968;4119	447;2127;3968;4119	3;14;25;26	130;42;115;107	sub-004_ses-101_task-s3;sub-004_ses-201_task-s3;sub-004_ses-302_task-s3;sub-004_ses-302_task-s4	447	3	130	sub-004	ses-101	task-s3	1;2;3;3	3;3;3;4
249	250	249	250	3	3	trialwise	22;1878;3636	22;1878;3636	1;12;23	23;111;101	sub-004_ses-101_task-s1;sub-004_ses-201_task-s1;sub-004_ses-301_task-s1	22	1	23	sub-004	ses-101	task-s1	1;2;3	1;1;1
250	251	250	251	2	2	trialwise	564;2282	564;2282	4;15	88;38	sub-004_ses-102_task-s4;sub-004_ses-201_task-s4	564	4	88	sub-004	ses-102	task-s4	1;2	4;4
251	252	251	252	3	3	trialwise	686;2558;4276	686;2558;4276	5;16;27	51;155;105	sub-004_ses-102_task-s5;sub-004_ses-201_task-s5;sub-004_ses-302_task-s5	686	5	51	sub-004	ses-102	task-s5	1;2;3	5;5;5
252	253	252	253	3	3	trialwise	243;2065;3780	243;2065;3780	2;13;24	85;139;86	sub-004_ses-101_task-s2;sub-004_ses-201_task-s2;sub-004_ses-301_task-s2	243	2	85	sub-004	ses-101	task-s2	1;2;3	2;2;2
253	254	253	254	3	3	trialwise	891;2609;4420	891;2609;4420	6;17;28	98;48;91	sub-004_ses-102_task-s6;sub-004_ses-201_task-s6;sub-004_ses-302_task-s6	891	6	98	sub-004	ses-102	task-s6	1;2;3	6;6;6
254	255	254	255	3	3	trialwise	36;1831;3662	36;1831;3662	1;12;23	37;64;127	sub-004_ses-101_task-s1;sub-004_ses-201_task-s1;sub-004_ses-301_task-s1	36	1	37	sub-004	ses-101	task-s1	1;2;3	1;1;1
255	256	255	256	4	4	trialwise	331;2162;3867;4121	331;2162;3867;4121	3;14;25;26	14;77;14;109	sub-004_ses-101_task-s3;sub-004_ses-201_task-s3;sub-004_ses-302_task-s3;sub-004_ses-302_task-s4	331	3	14	sub-004	ses-101	task-s3	1;2;3;3	3;3;3;4
256	257	256	257	3	3	trialwise	820;2614;4429	820;2614;4429	6;17;28	27;53;100	sub-004_ses-102_task-s6;sub-004_ses-201_task-s6;sub-004_ses-302_task-s6	820	6	27	sub-004	ses-102	task-s6	1;2;3	6;6;6
257	258	257	258	3	3	trialwise	1216;2899;4650	1216;2899;4650	8;19;30	107;22;5	sub-004_ses-103_task-s8;sub-004_ses-202_task-s8;sub-004_ses-303_task-s8	1216	8	107	sub-004	ses-103	task-s8	1;2;3	8;8;8
258	259	258	259	2	2	trialwise	605;2246	605;2246	4;15	129;2	sub-004_ses-102_task-s4;sub-004_ses-201_task-s4	605	4	129	sub-004	ses-102	task-s4	1;2	4;4
259	260	259	260	3	3	trialwise	753;2503;4185	753;2503;4185	5;16;27	118;100;14	sub-004_ses-102_task-s5;sub-004_ses-201_task-s5;sub-004_ses-302_task-s5	753	5	118	sub-004	ses-102	task-s5	1;2;3	5;5;5
260	261	260	261	3	3	trialwise	958;2762;4503	958;2762;4503	7;18;29	7;43;16	sub-004_ses-102_task-s7;sub-004_ses-202_task-s7;sub-004_ses-303_task-s7	958	7	7	sub-004	ses-102	task-s7	1;2;3	7;7;7
261	262	261	262	4	4	trialwise	400;2229;3888;4072	400;2229;3888;4072	3;14;25;26	83;144;35;60	sub-004_ses-101_task-s3;sub-004_ses-201_task-s3;sub-004_ses-302_task-s3;sub-004_ses-302_task-s4	400	3	83	sub-004	ses-101	task-s3	1;2;3;3	3;3;3;4
262	263	262	263	2	2	trialwise	581;2365	581;2365	4;15	105;121	sub-004_ses-102_task-s4;sub-004_ses-201_task-s4	581	4	105	sub-004	ses-102	task-s4	1;2	4;4
263	264	263	264	3	3	trialwise	1252;2965;4686	1252;2965;4686	8;19;30	143;88;41	sub-004_ses-103_task-s8;sub-004_ses-202_task-s8;sub-004_ses-303_task-s8	1252	8	143	sub-004	ses-103	task-s8	1;2;3	8;8;8
264	265	264	265	3	3	trialwise	284;1968;3818	284;1968;3818	2;13;24	126;42;124	sub-004_ses-101_task-s2;sub-004_ses-201_task-s2;sub-004_ses-301_task-s2	284	2	126	sub-004	ses-101	task-s2	1;2;3	2;2;2
265	266	265	266	3	3	trialwise	66;1869;3549	66;1869;3549	1;12;23	67;102;14	sub-004_ses-101_task-s1;sub-004_ses-201_task-s1;sub-004_ses-301_task-s1	66	1	67	sub-004	ses-101	task-s1	1;2;3	1;1;1
266	267	266	267	3	3	trialwise	850;2664;4466	850;2664;4466	6;17;28	57;103;137	sub-004_ses-102_task-s6;sub-004_ses-201_task-s6;sub-004_ses-302_task-s6	850	6	57	sub-004	ses-102	task-s6	1;2;3	6;6;6
267	268	267	268	3	3	trialwise	772;2500;4304	772;2500;4304	5;16;27	137;97;133	sub-004_ses-102_task-s5;sub-004_ses-201_task-s5;sub-004_ses-302_task-s5	772	5	137	sub-004	ses-102	task-s5	1;2;3	5;5;5
268	269	268	269	4	4	trialwise	457;2212;4006;4149	457;2212;4006;4149	3;14;25;26	140;127;153;137	sub-004_ses-101_task-s3;sub-004_ses-201_task-s3;sub-004_ses-302_task-s3;sub-004_ses-302_task-s4	457	3	140	sub-004	ses-101	task-s3	1;2;3;3	3;3;3;4
269	270	269	270	3	3	trialwise	879;2608;4414	879;2608;4414	6;17;28	86;47;85	sub-004_ses-102_task-s6;sub-004_ses-201_task-s6;sub-004_ses-302_task-s6	879	6	86	sub-004	ses-102	task-s6	1;2;3	6;6;6
270	271	270	271	3	3	trialwise	19;1799;3670	19;1799;3670	1;12;23	20;32;135	sub-004_ses-101_task-s1;sub-004_ses-201_task-s1;sub-004_ses-301_task-s1	19	1	20	sub-004	ses-101	task-s1	1;2;3	1;1;1
271	272	271	272	3	3	trialwise	228;1977;3816	228;1977;3816	2;13;24	70;51;122	sub-004_ses-101_task-s2;sub-004_ses-201_task-s2;sub-004_ses-301_task-s2	228	2	70	sub-004	ses-101	task-s2	1;2;3	2;2;2
272	273	272	273	3	3	trialwise	1256;3014;4802	1256;3014;4802	8;19;30	147;137;157	sub-004_ses-103_task-s8;sub-004_ses-202_task-s8;sub-004_ses-303_task-s8	1256	8	147	sub-004	ses-103	task-s8	1;2;3	8;8;8
273	274	273	274	3	3	trialwise	1046;2741;4617	1046;2741;4617	7;18;29	95;22;130	sub-004_ses-102_task-s7;sub-004_ses-202_task-s7;sub-004_ses-303_task-s7	1046	7	95	sub-004	ses-102	task-s7	1;2;3	7;7;7
274	275	274	275	3	3	trialwise	1264;3008;4657	1264;3008;4657	8;19;30	155;131;12	sub-004_ses-103_task-s8;sub-004_ses-202_task-s8;sub-004_ses-303_task-s8	1264	8	155	sub-004	ses-103	task-s8	1;2;3	8;8;8
275	276	275	276	3	3	trialwise	20;1876;3555	20;1876;3555	1;12;23	21;109;20	sub-004_ses-101_task-s1;sub-004_ses-201_task-s1;sub-004_ses-301_task-s1	20	1	21	sub-004	ses-101	task-s1	1;2;3	1;1;1
276	277	276	277	3	3	trialwise	925;2641;4485	925;2641;4485	6;17;28	132;80;156	sub-004_ses-102_task-s6;sub-004_ses-201_task-s6;sub-004_ses-302_task-s6	925	6	132	sub-004	ses-102	task-s6	1;2;3	6;6;6
277	278	277	278	3	3	trialwise	665;2456;4251	665;2456;4251	5;16;27	30;53;80	sub-004_ses-102_task-s5;sub-004_ses-201_task-s5;sub-004_ses-302_task-s5	665	5	30	sub-004	ses-102	task-s5	1;2;3	5;5;5
278	279	278	279	3	3	trialwise	922;2605;4458	922;2605;4458	6;17;28	129;44;129	sub-004_ses-102_task-s6;sub-004_ses-201_task-s6;sub-004_ses-302_task-s6	922	6	129	sub-004	ses-102	task-s6	1;2;3	6;6;6
279	280	279	280	3	3	trialwise	279;2011;3802	279;2011;3802	2;13;24	121;85;108	sub-004_ses-101_task-s2;sub-004_ses-201_task-s2;sub-004_ses-301_task-s2	279	2	121	sub-004	ses-101	task-s2	1;2;3	2;2;2
280	281	280	281	4	4	trialwise	448;2144;3905;4116	448;2144;3905;4116	3;14;25;26	131;59;52;104	sub-004_ses-101_task-s3;sub-004_ses-201_task-s3;sub-004_ses-302_task-s3;sub-004_ses-302_task-s4	448	3	131	sub-004	ses-101	task-s3	1;2;3;3	3;3;3;4
281	282	281	282	3	3	trialwise	880;2640;4381	880;2640;4381	6;17;28	87;79;52	sub-004_ses-102_task-s6;sub-004_ses-201_task-s6;sub-004_ses-302_task-s6	880	6	87	sub-004	ses-102	task-s6	1;2;3	6;6;6
282	283	282	283	3	3	trialwise	773;2471;4258	773;2471;4258	5;16;27	138;68;87	sub-004_ses-102_task-s5;sub-004_ses-201_task-s5;sub-004_ses-302_task-s5	773	5	138	sub-004	ses-102	task-s5	1;2;3	5;5;5
283	284	283	284	3	3	trialwise	1110;2962;4756	1110;2962;4756	8;19;30	1;85;111	sub-004_ses-103_task-s8;sub-004_ses-202_task-s8;sub-004_ses-303_task-s8	1110	8	1	sub-004	ses-103	task-s8	1;2;3	8;8;8
284	285	284	285	3	3	trialwise	1243;2914;4762	1243;2914;4762	8;19;30	134;37;117	sub-004_ses-103_task-s8;sub-004_ses-202_task-s8;sub-004_ses-303_task-s8	1243	8	134	sub-004	ses-103	task-s8	1;2;3	8;8;8
285	286	285	286	2	2	trialwise	594;2255	594;2255	4;15	118;11	sub-004_ses-102_task-s4;sub-004_ses-201_task-s4	594	4	118	sub-004	ses-102	task-s4	1;2	4;4
286	287	286	287	3	3	trialwise	748;2541;4254	748;2541;4254	5;16;27	113;138;83	sub-004_ses-102_task-s5;sub-004_ses-201_task-s5;sub-004_ses-302_task-s5	748	5	113	sub-004	ses-102	task-s5	1;2;3	5;5;5
287	288	287	288	3	3	trialwise	39;1770;3690	39;1770;3690	1;12;23	40;3;155	sub-004_ses-101_task-s1;sub-004_ses-201_task-s1;sub-004_ses-301_task-s1	39	1	40	sub-004	ses-101	task-s1	1;2;3	1;1;1
288	289	288	289	4	4	trialwise	428;2128;3887;4132	428;2128;3887;4132	3;14;25;26	111;43;34;120	sub-004_ses-101_task-s3;sub-004_ses-201_task-s3;sub-004_ses-302_task-s3;sub-004_ses-302_task-s4	428	3	111	sub-004	ses-101	task-s3	1;2;3;3	3;3;3;4
289	290	289	290	3	3	trialwise	1024;2822;4494	1024;2822;4494	7;18;29	73;103;7	sub-004_ses-102_task-s7;sub-004_ses-202_task-s7;sub-004_ses-303_task-s7	1024	7	73	sub-004	ses-102	task-s7	1;2;3	7;7;7
290	291	290	291	3	3	trialwise	977;2789;4600	977;2789;4600	7;18;29	26;70;113	sub-004_ses-102_task-s7;sub-004_ses-202_task-s7;sub-004_ses-303_task-s7	977	7	26	sub-004	ses-102	task-s7	1;2;3	7;7;7
291	292	291	292	3	3	trialwise	263;1938;3752	263;1938;3752	2;13;24	105;12;58	sub-004_ses-101_task-s2;sub-004_ses-201_task-s2;sub-004_ses-301_task-s2	263	2	105	sub-004	ses-101	task-s2	1;2;3	2;2;2
292	293	292	293	3	3	trialwise	1011;2801;4604	1011;2801;4604	7;18;29	60;82;117	sub-004_ses-102_task-s7;sub-004_ses-202_task-s7;sub-004_ses-303_task-s7	1011	7	60	sub-004	ses-102	task-s7	1;2;3	7;7;7
293	294	293	294	3	3	trialwise	1043;2739;4513	1043;2739;4513	7;18;29	92;20;26	sub-004_ses-102_task-s7;sub-004_ses-202_task-s7;sub-004_ses-303_task-s7	1043	7	92	sub-004	ses-102	task-s7	1;2;3	7;7;7
294	295	294	295	3	3	trialwise	1010;2759;4644	1010;2759;4644	7;18;29	59;40;157	sub-004_ses-102_task-s7;sub-004_ses-202_task-s7;sub-004_ses-303_task-s7	1010	7	59	sub-004	ses-102	task-s7	1;2;3	7;7;7
295	296	295	296	3	3	trialwise	114;1817;3570	114;1817;3570	1;12;23	115;50;35	sub-004_ses-101_task-s1;sub-004_ses-201_task-s1;sub-004_ses-301_task-s1	114	1	115	sub-004	ses-101	task-s1	1;2;3	1;1;1
296	297	296	297	4	4	trialwise	383;2148;3984;4115	383;2148;3984;4115	3;14;25;26	66;63;131;103	sub-004_ses-101_task-s3;sub-004_ses-201_task-s3;sub-004_ses-302_task-s3;sub-004_ses-302_task-s4	383	3	66	sub-004	ses-101	task-s3	1;2;3;3	3;3;3;4
297	298	297	298	3	3	trialwise	302;1975;3832	302;1975;3832	2;13;24	144;49;138	sub-004_ses-101_task-s2;sub-004_ses-201_task-s2;sub-004_ses-301_task-s2	302	2	144	sub-004	ses-101	task-s2	1;2;3	2;2;2
298	299	298	299	3	3	trialwise	290;1978;3813	290;1978;3813	2;13;24	132;52;119	sub-004_ses-101_task-s2;sub-004_ses-201_task-s2;sub-004_ses-301_task-s2	290	2	132	sub-004	ses-101	task-s2	1;2;3	2;2;2
299	300	299	300	3	3	trialwise	817;2633;4378	817;2633;4378	6;17;28	24;72;49	sub-004_ses-102_task-s6;sub-004_ses-201_task-s6;sub-004_ses-302_task-s6	817	6	24	sub-004	ses-102	task-s6	1;2;3	6;6;6
300	301	300	301	4	4	trialwise	373;2217;3956;4088	373;2217;3956;4088	3;14;25;26	56;132;103;76	sub-004_ses-101_task-s3;sub-004_ses-201_task-s3;sub-004_ses-302_task-s3;sub-004_ses-302_task-s4	373	3	56	sub-004	ses-101	task-s3	1;2;3;3	3;3;3;4
301	302	301	302	3	3	trialwise	1158;2905;4728	1158;2905;4728	8;19;30	49;28;83	sub-004_ses-103_task-s8;sub-004_ses-202_task-s8;sub-004_ses-303_task-s8	1158	8	49	sub-004	ses-103	task-s8	1;2;3	8;8;8
302	303	302	303	3	3	trialwise	152;1773;3571	152;1773;3571	1;12;23	153;6;36	sub-004_ses-101_task-s1;sub-004_ses-201_task-s1;sub-004_ses-301_task-s1	152	1	153	sub-004	ses-101	task-s1	1;2;3	1;1;1
303	304	303	304	4	4	trialwise	349;2140;3962;4139	349;2140;3962;4139	3;14;25;26	32;55;109;127	sub-004_ses-101_task-s3;sub-004_ses-201_task-s3;sub-004_ses-302_task-s3;sub-004_ses-302_task-s4	349	3	32	sub-004	ses-101	task-s3	1;2;3;3	3;3;3;4
304	305	304	305	3	3	trialwise	259;2052;3712	259;2052;3712	2;13;24	101;126;18	sub-004_ses-101_task-s2;sub-004_ses-201_task-s2;sub-004_ses-301_task-s2	259	2	101	sub-004	ses-101	task-s2	1;2;3	2;2;2
305	306	305	306	4	4	trialwise	392;2168;3976;4156	392;2168;3976;4156	3;14;25;26	75;83;123;144	sub-004_ses-101_task-s3;sub-004_ses-201_task-s3;sub-004_ses-302_task-s3;sub-004_ses-302_task-s4	392	3	75	sub-004	ses-101	task-s3	1;2;3;3	3;3;3;4
306	307	306	307	3	3	trialwise	81;1781;3659	81;1781;3659	1;12;23	82;14;124	sub-004_ses-101_task-s1;sub-004_ses-201_task-s1;sub-004_ses-301_task-s1	81	1	82	sub-004	ses-101	task-s1	1;2;3	1;1;1
307	308	307	308	3	3	trialwise	93;1896;3584	93;1896;3584	1;12;23	94;129;49	sub-004_ses-101_task-s1;sub-004_ses-201_task-s1;sub-004_ses-301_task-s1	93	1	94	sub-004	ses-101	task-s1	1;2;3	1;1;1
308	309	308	309	3	3	trialwise	161;2008;3731	161;2008;3731	2;13;24	3;82;37	sub-004_ses-101_task-s2;sub-004_ses-201_task-s2;sub-004_ses-301_task-s2	161	2	3	sub-004	ses-101	task-s2	1;2;3	2;2;2
309	310	309	310	3	3	trialwise	267;1931;3769	267;1931;3769	2;13;24	109;5;75	sub-004_ses-101_task-s2;sub-004_ses-201_task-s2;sub-004_ses-301_task-s2	267	2	109	sub-004	ses-101	task-s2	1;2;3	2;2;2
310	311	310	311	3	3	trialwise	97;1874;3669	97;1874;3669	1;12;23	98;107;134	sub-004_ses-101_task-s1;sub-004_ses-201_task-s1;sub-004_ses-301_task-s1	97	1	98	sub-004	ses-101	task-s1	1;2;3	1;1;1
311	312	311	312	3	3	trialwise	789;2427;4236	789;2427;4236	5;16;27	154;24;65	sub-004_ses-102_task-s5;sub-004_ses-201_task-s5;sub-004_ses-302_task-s5	789	5	154	sub-004	ses-102	task-s5	1;2;3	5;5;5
312	313	312	313	3	3	trialwise	1087;2731;4544	1087;2731;4544	7;18;29	136;12;57	sub-004_ses-102_task-s7;sub-004_ses-202_task-s7;sub-004_ses-303_task-s7	1087	7	136	sub-004	ses-102	task-s7	1;2;3	7;7;7
313	314	313	314	3	3	trialwise	950;2591;4438	950;2591;4438	6;17;28	157;30;109	sub-004_ses-102_task-s6;sub-004_ses-201_task-s6;sub-004_ses-302_task-s6	950	6	157	sub-004	ses-102	task-s6	1;2;3	6;6;6
314	315	314	315	3	3	trialwise	14;1821;3554	14;1821;3554	1;12;23	15;54;19	sub-004_ses-101_task-s1;sub-004_ses-201_task-s1;sub-004_ses-301_task-s1	14	1	15	sub-004	ses-101	task-s1	1;2;3	1;1;1
315	316	315	316	4	4	trialwise	460;2097;3974;4168	460;2097;3974;4168	3;14;25;26	143;12;121;156	sub-004_ses-101_task-s3;sub-004_ses-201_task-s3;sub-004_ses-302_task-s3;sub-004_ses-302_task-s4	460	3	143	sub-004	ses-101	task-s3	1;2;3;3	3;3;3;4
316	317	316	317	3	3	trialwise	700;2424;4296	700;2424;4296	5;16;27	65;21;125	sub-004_ses-102_task-s5;sub-004_ses-201_task-s5;sub-004_ses-302_task-s5	700	5	65	sub-004	ses-102	task-s5	1;2;3	5;5;5
317	318	317	318	3	3	trialwise	137;1917;3561	137;1917;3561	1;12;23	138;150;26	sub-004_ses-101_task-s1;sub-004_ses-201_task-s1;sub-004_ses-301_task-s1	137	1	138	sub-004	ses-101	task-s1	1;2;3	1;1;1
318	319	318	319	3	3	trialwise	138;1771;3552	138;1771;3552	1;12;23	139;4;17	sub-004_ses-101_task-s1;sub-004_ses-201_task-s1;sub-004_ses-301_task-s1	138	1	139	sub-004	ses-101	task-s1	1;2;3	1;1;1
319	320	319	320	3	3	trialwise	1042;2807;4626	1042;2807;4626	7;18;29	91;88;139	sub-004_ses-102_task-s7;sub-004_ses-202_task-s7;sub-004_ses-303_task-s7	1042	7	91	sub-004	ses-102	task-s7	1;2;3	7;7;7
320	321	320	321	4	4	trialwise	385;2164;3982;4110	385;2164;3982;4110	3;14;25;26	68;79;129;98	sub-004_ses-101_task-s3;sub-004_ses-201_task-s3;sub-004_ses-302_task-s3;sub-004_ses-302_task-s4	385	3	68	sub-004	ses-101	task-s3	1;2;3;3	3;3;3;4
321	322	321	322	3	3	trialwise	1157;2937;4798	1157;2937;4798	8;19;30	48;60;153	sub-004_ses-103_task-s8;sub-004_ses-202_task-s8;sub-004_ses-303_task-s8	1157	8	48	sub-004	ses-103	task-s8	1;2;3	8;8;8
322	323	322	323	4	4	trialwise	476;2110;3869;4015	476;2110;3869;4015	3;14;25;26	159;25;16;3	sub-004_ses-101_task-s3;sub-004_ses-201_task-s3;sub-004_ses-302_task-s3;sub-004_ses-302_task-s4	476	3	159	sub-004	ses-101	task-s3	1;2;3;3	3;3;3;4
323	324	323	324	3	3	trialwise	1176;3020;4729	1176;3020;4729	8;19;30	67;143;84	sub-004_ses-103_task-s8;sub-004_ses-202_task-s8;sub-004_ses-303_task-s8	1176	8	67	sub-004	ses-103	task-s8	1;2;3	8;8;8
324	325	324	325	3	3	trialwise	107;1837;3689	107;1837;3689	1;12;23	108;70;154	sub-004_ses-101_task-s1;sub-004_ses-201_task-s1;sub-004_ses-301_task-s1	107	1	108	sub-004	ses-101	task-s1	1;2;3	1;1;1
325	326	325	326	3	3	trialwise	1239;2885;4690	1239;2885;4690	8;19;30	130;8;45	sub-004_ses-103_task-s8;sub-004_ses-202_task-s8;sub-004_ses-303_task-s8	1239	8	130	sub-004	ses-103	task-s8	1;2;3	8;8;8
326	327	326	327	3	3	trialwise	306;1983;3839	306;1983;3839	2;13;24	148;57;145	sub-004_ses-101_task-s2;sub-004_ses-201_task-s2;sub-004_ses-301_task-s2	306	2	148	sub-004	ses-101	task-s2	1;2;3	2;2;2
327	328	327	328	3	3	trialwise	1125;3001;4722	1125;3001;4722	8;19;30	16;124;77	sub-004_ses-103_task-s8;sub-004_ses-202_task-s8;sub-004_ses-303_task-s8	1125	8	16	sub-004	ses-103	task-s8	1;2;3	8;8;8
328	329	328	329	3	3	trialwise	723;2507;4317	723;2507;4317	5;16;27	88;104;146	sub-004_ses-102_task-s5;sub-004_ses-201_task-s5;sub-004_ses-302_task-s5	723	5	88	sub-004	ses-102	task-s5	1;2;3	5;5;5
329	330	329	330	3	3	trialwise	854;2659;4444	854;2659;4444	6;17;28	61;98;115	sub-004_ses-102_task-s6;sub-004_ses-201_task-s6;sub-004_ses-302_task-s6	854	6	61	sub-004	ses-102	task-s6	1;2;3	6;6;6
330	331	330	331	2	2	trialwise	478;2274	478;2274	4;15	2;30	sub-004_ses-102_task-s4;sub-004_ses-201_task-s4	478	4	2	sub-004	ses-102	task-s4	1;2	4;4
331	332	331	332	4	4	trialwise	357;2199;3898;4075	357;2199;3898;4075	3;14;25;26	40;114;45;63	sub-004_ses-101_task-s3;sub-004_ses-201_task-s3;sub-004_ses-302_task-s3;sub-004_ses-302_task-s4	357	3	40	sub-004	ses-101	task-s3	1;2;3;3	3;3;3;4
332	333	332	333	3	3	trialwise	217;2022;3788	217;2022;3788	2;13;24	59;96;94	sub-004_ses-101_task-s2;sub-004_ses-201_task-s2;sub-004_ses-301_task-s2	217	2	59	sub-004	ses-101	task-s2	1;2;3	2;2;2
333	334	333	334	2	2	trialwise	544;2248	544;2248	4;15	68;4	sub-004_ses-102_task-s4;sub-004_ses-201_task-s4	544	4	68	sub-004	ses-102	task-s4	1;2	4;4
334	335	334	335	3	3	trialwise	59;1830;3593	59;1830;3593	1;12;23	60;63;58	sub-004_ses-101_task-s1;sub-004_ses-201_task-s1;sub-004_ses-301_task-s1	59	1	60	sub-004	ses-101	task-s1	1;2;3	1;1;1
335	336	335	336	3	3	trialwise	200;2042;3829	200;2042;3829	2;13;24	42;116;135	sub-004_ses-101_task-s2;sub-004_ses-201_task-s2;sub-004_ses-301_task-s2	200	2	42	sub-004	ses-101	task-s2	1;2;3	2;2;2
336	337	336	337	4	4	trialwise	449;2178;3899;4165	449;2178;3899;4165	3;14;25;26	132;93;46;153	sub-004_ses-101_task-s3;sub-004_ses-201_task-s3;sub-004_ses-302_task-s3;sub-004_ses-302_task-s4	449	3	132	sub-004	ses-101	task-s3	1;2;3;3	3;3;3;4
337	338	337	338	3	3	trialwise	819;2635;4449	819;2635;4449	6;17;28	26;74;120	sub-004_ses-102_task-s6;sub-004_ses-201_task-s6;sub-004_ses-302_task-s6	819	6	26	sub-004	ses-102	task-s6	1;2;3	6;6;6
338	339	338	339	3	3	trialwise	242;1943;3732	242;1943;3732	2;13;24	84;17;38	sub-004_ses-101_task-s2;sub-004_ses-201_task-s2;sub-004_ses-301_task-s2	242	2	84	sub-004	ses-101	task-s2	1;2;3	2;2;2
339	340	339	340	3	3	trialwise	722;2501;4172	722;2501;4172	5;16;27	87;98;1	sub-004_ses-102_task-s5;sub-004_ses-201_task-s5;sub-004_ses-302_task-s5	722	5	87	sub-004	ses-102	task-s5	1;2;3	5;5;5
340	341	340	341	3	3	trialwise	915;2610;4404	915;2610;4404	6;17;28	122;49;75	sub-004_ses-102_task-s6;sub-004_ses-201_task-s6;sub-004_ses-302_task-s6	915	6	122	sub-004	ses-102	task-s6	1;2;3	6;6;6
341	342	341	342	3	3	trialwise	298;2062;3703	298;2062;3703	2;13;24	140;136;9	sub-004_ses-101_task-s2;sub-004_ses-201_task-s2;sub-004_ses-301_task-s2	298	2	140	sub-004	ses-101	task-s2	1;2;3	2;2;2
342	343	342	343	3	3	trialwise	705;2419;4282	705;2419;4282	5;16;27	70;16;111	sub-004_ses-102_task-s5;sub-004_ses-201_task-s5;sub-004_ses-302_task-s5	705	5	70	sub-004	ses-102	task-s5	1;2;3	5;5;5
343	344	343	344	3	3	trialwise	1028;2742;4623	1028;2742;4623	7;18;29	77;23;136	sub-004_ses-102_task-s7;sub-004_ses-202_task-s7;sub-004_ses-303_task-s7	1028	7	77	sub-004	ses-102	task-s7	1;2;3	7;7;7
344	345	344	345	4	4	trialwise	338;2121;3971;4091	338;2121;3971;4091	3;14;25;26	21;36;118;79	sub-004_ses-101_task-s3;sub-004_ses-201_task-s3;sub-004_ses-302_task-s3;sub-004_ses-302_task-s4	338	3	21	sub-004	ses-101	task-s3	1;2;3;3	3;3;3;4
345	346	345	346	2	2	trialwise	589;2355	589;2355	4;15	113;111	sub-004_ses-102_task-s4;sub-004_ses-201_task-s4	589	4	113	sub-004	ses-102	task-s4	1;2	4;4
346	347	346	347	3	3	trialwise	1006;2834;4562	1006;2834;4562	7;18;29	55;115;75	sub-004_ses-102_task-s7;sub-004_ses-202_task-s7;sub-004_ses-303_task-s7	1006	7	55	sub-004	ses-102	task-s7	1;2;3	7;7;7
347	348	347	348	3	3	trialwise	6;1885;3605	6;1885;3605	1;12;23	7;118;70	sub-004_ses-101_task-s1;sub-004_ses-201_task-s1;sub-004_ses-301_task-s1	6	1	7	sub-004	ses-101	task-s1	1;2;3	1;1;1
348	349	348	349	4	4	trialwise	458;2113;3947;4161	458;2113;3947;4161	3;14;25;26	141;28;94;149	sub-004_ses-101_task-s3;sub-004_ses-201_task-s3;sub-004_ses-302_task-s3;sub-004_ses-302_task-s4	458	3	141	sub-004	ses-101	task-s3	1;2;3;3	3;3;3;4
349	350	349	350	3	3	trialwise	150;1890;3543	150;1890;3543	1;12;23	151;123;8	sub-004_ses-101_task-s1;sub-004_ses-201_task-s1;sub-004_ses-301_task-s1	150	1	151	sub-004	ses-101	task-s1	1;2;3	1;1;1
350	351	350	351	3	3	trialwise	232;2025;3709	232;2025;3709	2;13;24	74;99;15	sub-004_ses-101_task-s2;sub-004_ses-201_task-s2;sub-004_ses-301_task-s2	232	2	74	sub-004	ses-101	task-s2	1;2;3	2;2;2
351	352	351	352	4	4	trialwise	438;2089;3861;4160	438;2089;3861;4160	3;14;25;26	121;4;8;148	sub-004_ses-101_task-s3;sub-004_ses-201_task-s3;sub-004_ses-302_task-s3;sub-004_ses-302_task-s4	438	3	121	sub-004	ses-101	task-s3	1;2;3;3	3;3;3;4
352	353	352	353	2	2	trialwise	606;2298	606;2298	4;15	130;54	sub-004_ses-102_task-s4;sub-004_ses-201_task-s4	606	4	130	sub-004	ses-102	task-s4	1;2	4;4
353	354	353	354	3	3	trialwise	716;2509;4237	716;2509;4237	5;16;27	81;106;66	sub-004_ses-102_task-s5;sub-004_ses-201_task-s5;sub-004_ses-302_task-s5	716	5	81	sub-004	ses-102	task-s5	1;2;3	5;5;5
354	355	354	355	3	3	trialwise	725;2454;4324	725;2454;4324	5;16;27	90;51;153	sub-004_ses-102_task-s5;sub-004_ses-201_task-s5;sub-004_ses-302_task-s5	725	5	90	sub-004	ses-102	task-s5	1;2;3	5;5;5
355	356	355	356	3	3	trialwise	674;2476;4184	674;2476;4184	5;16;27	39;73;13	sub-004_ses-102_task-s5;sub-004_ses-201_task-s5;sub-004_ses-302_task-s5	674	5	39	sub-004	ses-102	task-s5	1;2;3	5;5;5
356	357	356	357	3	3	trialwise	801;2596;4425	801;2596;4425	6;17;28	8;35;96	sub-004_ses-102_task-s6;sub-004_ses-201_task-s6;sub-004_ses-302_task-s6	801	6	8	sub-004	ses-102	task-s6	1;2;3	6;6;6
357	358	357	358	2	2	trialwise	537;2335	537;2335	4;15	61;91	sub-004_ses-102_task-s4;sub-004_ses-201_task-s4	537	4	61	sub-004	ses-102	task-s4	1;2	4;4
358	359	358	359	4	4	trialwise	344;2104;3906;4048	344;2104;3906;4048	3;14;25;26	27;19;53;36	sub-004_ses-101_task-s3;sub-004_ses-201_task-s3;sub-004_ses-302_task-s3;sub-004_ses-302_task-s4	344	3	27	sub-004	ses-101	task-s3	1;2;3;3	3;3;3;4
359	360	359	360	3	3	trialwise	877;2600;4450	877;2600;4450	6;17;28	84;39;121	sub-004_ses-102_task-s6;sub-004_ses-201_task-s6;sub-004_ses-302_task-s6	877	6	84	sub-004	ses-102	task-s6	1;2;3	6;6;6
360	361	360	361	3	3	trialwise	11;1802;3581	11;1802;3581	1;12;23	12;35;46	sub-004_ses-101_task-s1;sub-004_ses-201_task-s1;sub-004_ses-301_task-s1	11	1	12	sub-004	ses-101	task-s1	1;2;3	1;1;1
361	362	361	362	4	4	trialwise	361;2195;4000;4042	361;2195;4000;4042	3;14;25;26	44;110;147;30	sub-004_ses-101_task-s3;sub-004_ses-201_task-s3;sub-004_ses-302_task-s3;sub-004_ses-302_task-s4	361	3	44	sub-004	ses-101	task-s3	1;2;3;3	3;3;3;4
362	363	362	363	3	3	trialwise	1246;2925;4656	1246;2925;4656	8;19;30	137;48;11	sub-004_ses-103_task-s8;sub-004_ses-202_task-s8;sub-004_ses-303_task-s8	1246	8	137	sub-004	ses-103	task-s8	1;2;3	8;8;8
363	364	363	364	3	3	trialwise	730;2492;4205	730;2492;4205	5;16;27	95;89;34	sub-004_ses-102_task-s5;sub-004_ses-201_task-s5;sub-004_ses-302_task-s5	730	5	95	sub-004	ses-102	task-s5	1;2;3	5;5;5
364	365	364	365	3	3	trialwise	23;1845;3625	23;1845;3625	1;12;23	24;78;90	sub-004_ses-101_task-s1;sub-004_ses-201_task-s1;sub-004_ses-301_task-s1	23	1	24	sub-004	ses-101	task-s1	1;2;3	1;1;1
365	366	365	366	3	3	trialwise	912;2678;4427	912;2678;4427	6;17;28	119;117;98	sub-004_ses-102_task-s6;sub-004_ses-201_task-s6;sub-004_ses-302_task-s6	912	6	119	sub-004	ses-102	task-s6	1;2;3	6;6;6
366	367	366	367	3	3	trialwise	74;1839;3641	74;1839;3641	1;12;23	75;72;106	sub-004_ses-101_task-s1;sub-004_ses-201_task-s1;sub-004_ses-301_task-s1	74	1	75	sub-004	ses-101	task-s1	1;2;3	1;1;1
367	368	367	368	3	3	trialwise	1133;2911;4699	1133;2911;4699	8;19;30	24;34;54	sub-004_ses-103_task-s8;sub-004_ses-202_task-s8;sub-004_ses-303_task-s8	1133	8	24	sub-004	ses-103	task-s8	1;2;3	8;8;8
368	369	368	369	3	3	trialwise	761;2452;4283	761;2452;4283	5;16;27	126;49;112	sub-004_ses-102_task-s5;sub-004_ses-201_task-s5;sub-004_ses-302_task-s5	761	5	126	sub-004	ses-102	task-s5	1;2;3	5;5;5
369	370	369	370	3	3	trialwise	182;1994;3740	182;1994;3740	2;13;24	24;68;46	sub-004_ses-101_task-s2;sub-004_ses-201_task-s2;sub-004_ses-301_task-s2	182	2	24	sub-004	ses-101	task-s2	1;2;3	2;2;2
370	371	370	371	3	3	trialwise	778;2543;4208	778;2543;4208	5;16;27	143;140;37	sub-004_ses-102_task-s5;sub-004_ses-201_task-s5;sub-004_ses-302_task-s5	778	5	143	sub-004	ses-102	task-s5	1;2;3	5;5;5
371	372	371	372	2	2	trialwise	630;2382	630;2382	4;15	154;138	sub-004_ses-102_task-s4;sub-004_ses-201_task-s4	630	4	154	sub-004	ses-102	task-s4	1;2	4;4
372	373	372	373	3	3	trialwise	1035;2865;4579	1035;2865;4579	7;18;29	84;146;92	sub-004_ses-102_task-s7;sub-004_ses-202_task-s7;sub-004_ses-303_task-s7	1035	7	84	sub-004	ses-102	task-s7	1;2;3	7;7;7
373	374	373	374	3	3	trialwise	1098;2758;4521	1098;2758;4521	7;18;29	147;39;34	sub-004_ses-102_task-s7;sub-004_ses-202_task-s7;sub-004_ses-303_task-s7	1098	7	147	sub-004	ses-102	task-s7	1;2;3	7;7;7
374	375	374	375	3	3	trialwise	254;1965;3843	254;1965;3843	2;13;24	96;39;149	sub-004_ses-101_task-s2;sub-004_ses-201_task-s2;sub-004_ses-301_task-s2	254	2	96	sub-004	ses-101	task-s2	1;2;3	2;2;2
375	376	375	376	2	2	trialwise	625;2345	625;2345	4;15	149;101	sub-004_ses-102_task-s4;sub-004_ses-201_task-s4	625	4	149	sub-004	ses-102	task-s4	1;2	4;4
376	377	376	377	3	3	trialwise	104;1866;3575	104;1866;3575	1;12;23	105;99;40	sub-004_ses-101_task-s1;sub-004_ses-201_task-s1;sub-004_ses-301_task-s1	104	1	105	sub-004	ses-101	task-s1	1;2;3	1;1;1
377	378	377	378	3	3	trialwise	1026;2866;4619	1026;2866;4619	7;18;29	75;147;132	sub-004_ses-102_task-s7;sub-004_ses-202_task-s7;sub-004_ses-303_task-s7	1026	7	75	sub-004	ses-102	task-s7	1;2;3	7;7;7
378	379	378	379	3	3	trialwise	292;2043;3827	292;2043;3827	2;13;24	134;117;133	sub-004_ses-101_task-s2;sub-004_ses-201_task-s2;sub-004_ses-301_task-s2	292	2	134	sub-004	ses-101	task-s2	1;2;3	2;2;2
379	380	379	380	3	3	trialwise	86;1877;3637	86;1877;3637	1;12;23	87;110;102	sub-004_ses-101_task-s1;sub-004_ses-201_task-s1;sub-004_ses-301_task-s1	86	1	87	sub-004	ses-101	task-s1	1;2;3	1;1;1
380	381	380	381	3	3	trialwise	641;2462;4307	641;2462;4307	5;16;27	6;59;136	sub-004_ses-102_task-s5;sub-004_ses-201_task-s5;sub-004_ses-302_task-s5	641	5	6	sub-004	ses-102	task-s5	1;2;3	5;5;5
381	382	381	382	3	3	trialwise	704;2561;4204	704;2561;4204	5;16;27	69;158;33	sub-004_ses-102_task-s5;sub-004_ses-201_task-s5;sub-004_ses-302_task-s5	704	5	69	sub-004	ses-102	task-s5	1;2;3	5;5;5
382	383	382	383	4	4	trialwise	366;2145;3936;4159	366;2145;3936;4159	3;14;25;26	49;60;83;147	sub-004_ses-101_task-s3;sub-004_ses-201_task-s3;sub-004_ses-302_task-s3;sub-004_ses-302_task-s4	366	3	49	sub-004	ses-101	task-s3	1;2;3;3	3;3;3;4
383	384	383	384	3	3	trialwise	1113;2901;4713	1113;2901;4713	8;19;30	4;24;68	sub-004_ses-103_task-s8;sub-004_ses-202_task-s8;sub-004_ses-303_task-s8	1113	8	4	sub-004	ses-103	task-s8	1;2;3	8;8;8
384	385	384	385	3	3	trialwise	163;2044;3711	163;2044;3711	2;13;24	5;118;17	sub-004_ses-101_task-s2;sub-004_ses-201_task-s2;sub-004_ses-301_task-s2	163	2	5	sub-004	ses-101	task-s2	1;2;3	2;2;2
385	386	385	386	3	3	trialwise	1078;2723;4518	1078;2723;4518	7;18;29	127;4;31	sub-004_ses-102_task-s7;sub-004_ses-202_task-s7;sub-004_ses-303_task-s7	1078	7	127	sub-004	ses-102	task-s7	1;2;3	7;7;7
386	387	386	387	3	3	trialwise	739;2425;4315	739;2425;4315	5;16;27	104;22;144	sub-004_ses-102_task-s5;sub-004_ses-201_task-s5;sub-004_ses-302_task-s5	739	5	104	sub-004	ses-102	task-s5	1;2;3	5;5;5
387	388	387	388	3	3	trialwise	1052;2784;4488	1052;2784;4488	7;18;29	101;65;1	sub-004_ses-102_task-s7;sub-004_ses-202_task-s7;sub-004_ses-303_task-s7	1052	7	101	sub-004	ses-102	task-s7	1;2;3	7;7;7
388	389	388	389	2	2	trialwise	515;2257	515;2257	4;15	39;13	sub-004_ses-102_task-s4;sub-004_ses-201_task-s4	515	4	39	sub-004	ses-102	task-s4	1;2	4;4
389	390	389	390	4	4	trialwise	445;2222;3940;4089	445;2222;3940;4089	3;14;25;26	128;137;87;77	sub-004_ses-101_task-s3;sub-004_ses-201_task-s3;sub-004_ses-302_task-s3;sub-004_ses-302_task-s4	445	3	128	sub-004	ses-101	task-s3	1;2;3;3	3;3;3;4
390	391	390	391	3	3	trialwise	73;1882;3601	73;1882;3601	1;12;23	74;115;66	sub-004_ses-101_task-s1;sub-004_ses-201_task-s1;sub-004_ses-301_task-s1	73	1	74	sub-004	ses-101	task-s1	1;2;3	1;1;1
391	392	391	392	2	2	trialwise	572;2253	572;2253	4;15	96;9	sub-004_ses-102_task-s4;sub-004_ses-201_task-s4	572	4	96	sub-004	ses-102	task-s4	1;2	4;4
392	393	392	393	4	4	trialwise	427;2101;3881;4043	427;2101;3881;4043	3;14;25;26	110;16;28;31	sub-004_ses-101_task-s3;sub-004_ses-201_task-s3;sub-004_ses-302_task-s3;sub-004_ses-302_task-s4	427	3	110	sub-004	ses-101	task-s3	1;2;3;3	3;3;3;4
393	394	393	394	2	2	trialwise	569;2339	569;2339	4;15	93;95	sub-004_ses-102_task-s4;sub-004_ses-201_task-s4	569	4	93	sub-004	ses-102	task-s4	1;2	4;4
394	395	394	395	4	4	trialwise	341;2161;3923;4133	341;2161;3923;4133	3;14;25;26	24;76;70;121	sub-004_ses-101_task-s3;sub-004_ses-201_task-s3;sub-004_ses-302_task-s3;sub-004_ses-302_task-s4	341	3	24	sub-004	ses-101	task-s3	1;2;3;3	3;3;3;4
395	396	395	396	3	3	trialwise	1224;2923;4766	1224;2923;4766	8;19;30	115;46;121	sub-004_ses-103_task-s8;sub-004_ses-202_task-s8;sub-004_ses-303_task-s8	1224	8	115	sub-004	ses-103	task-s8	1;2;3	8;8;8
396	397	396	397	3	3	trialwise	1020;2826;4491	1020;2826;4491	7;18;29	69;107;4	sub-004_ses-102_task-s7;sub-004_ses-202_task-s7;sub-004_ses-303_task-s7	1020	7	69	sub-004	ses-102	task-s7	1;2;3	7;7;7
397	398	397	398	3	3	trialwise	660;2466;4305	660;2466;4305	5;16;27	25;63;134	sub-004_ses-102_task-s5;sub-004_ses-201_task-s5;sub-004_ses-302_task-s5	660	5	25	sub-004	ses-102	task-s5	1;2;3	5;5;5
398	399	398	399	3	3	trialwise	999;2816;4551	999;2816;4551	7;18;29	48;97;64	sub-004_ses-102_task-s7;sub-004_ses-202_task-s7;sub-004_ses-303_task-s7	999	7	48	sub-004	ses-102	task-s7	1;2;3	7;7;7
399	400	399	400	3	3	trialwise	1037;2777;4566	1037;2777;4566	7;18;29	86;58;79	sub-004_ses-102_task-s7;sub-004_ses-202_task-s7;sub-004_ses-303_task-s7	1037	7	86	sub-004	ses-102	task-s7	1;2;3	7;7;7
400	401	400	401	3	3	trialwise	1149;2963;4702	1149;2963;4702	8;19;30	40;86;57	sub-004_ses-103_task-s8;sub-004_ses-202_task-s8;sub-004_ses-303_task-s8	1149	8	40	sub-004	ses-103	task-s8	1;2;3	8;8;8
401	402	401	402	2	2	trialwise	547;2377	547;2377	4;15	71;133	sub-004_ses-102_task-s4;sub-004_ses-201_task-s4	547	4	71	sub-004	ses-102	task-s4	1;2	4;4
402	403	402	403	3	3	trialwise	918;2668;4340	918;2668;4340	6;17;28	125;107;11	sub-004_ses-102_task-s6;sub-004_ses-201_task-s6;sub-004_ses-302_task-s6	918	6	125	sub-004	ses-102	task-s6	1;2;3	6;6;6
403	404	403	404	3	3	trialwise	1036;2728;4553	1036;2728;4553	7;18;29	85;9;66	sub-004_ses-102_task-s7;sub-004_ses-202_task-s7;sub-004_ses-303_task-s7	1036	7	85	sub-004	ses-102	task-s7	1;2;3	7;7;7
404	405	404	405	3	3	trialwise	996;2750;4524	996;2750;4524	7;18;29	45;31;37	sub-004_ses-102_task-s7;sub-004_ses-202_task-s7;sub-004_ses-303_task-s7	996	7	45	sub-004	ses-102	task-s7	1;2;3	7;7;7
405	406	405	406	3	3	trialwise	640;2521;4199	640;2521;4199	5;16;27	5;118;28	sub-004_ses-102_task-s5;sub-004_ses-201_task-s5;sub-004_ses-302_task-s5	640	5	5	sub-004	ses-102	task-s5	1;2;3	5;5;5
406	407	406	407	3	3	trialwise	776;2495;4294	776;2495;4294	5;16;27	141;92;123	sub-004_ses-102_task-s5;sub-004_ses-201_task-s5;sub-004_ses-302_task-s5	776	5	141	sub-004	ses-102	task-s5	1;2;3	5;5;5
407	408	407	408	3	3	trialwise	69;1816;3542	69;1816;3542	1;12;23	70;49;7	sub-004_ses-101_task-s1;sub-004_ses-201_task-s1;sub-004_ses-301_task-s1	69	1	70	sub-004	ses-101	task-s1	1;2;3	1;1;1
408	409	408	409	3	3	trialwise	128;1872;3643	128;1872;3643	1;12;23	129;105;108	sub-004_ses-101_task-s1;sub-004_ses-201_task-s1;sub-004_ses-301_task-s1	128	1	129	sub-004	ses-101	task-s1	1;2;3	1;1;1
409	410	409	410	3	3	trialwise	1141;2880;4733	1141;2880;4733	8;19;30	32;3;88	sub-004_ses-103_task-s8;sub-004_ses-202_task-s8;sub-004_ses-303_task-s8	1141	8	32	sub-004	ses-103	task-s8	1;2;3	8;8;8
410	411	410	411	3	3	trialwise	158;1868;3675	158;1868;3675	1;12;23	159;101;140	sub-004_ses-101_task-s1;sub-004_ses-201_task-s1;sub-004_ses-301_task-s1	158	1	159	sub-004	ses-101	task-s1	1;2;3	1;1;1
411	412	411	412	2	2	trialwise	553;2394	553;2394	4;15	77;150	sub-004_ses-102_task-s4;sub-004_ses-201_task-s4	553	4	77	sub-004	ses-102	task-s4	1;2	4;4
412	413	412	413	4	4	trialwise	444;2099;3952;4036	444;2099;3952;4036	3;14;25;26	127;14;99;24	sub-004_ses-101_task-s3;sub-004_ses-201_task-s3;sub-004_ses-302_task-s3;sub-004_ses-302_task-s4	444	3	127	sub-004	ses-101	task-s3	1;2;3;3	3;3;3;4
413	414	413	414	3	3	trialwise	1242;2935;4721	1242;2935;4721	8;19;30	133;58;76	sub-004_ses-103_task-s8;sub-004_ses-202_task-s8;sub-004_ses-303_task-s8	1242	8	133	sub-004	ses-103	task-s8	1;2;3	8;8;8
414	415	414	415	2	2	trialwise	501;2285	501;2285	4;15	25;41	sub-004_ses-102_task-s4;sub-004_ses-201_task-s4	501	4	25	sub-004	ses-102	task-s4	1;2	4;4
415	416	415	416	3	3	trialwise	1203;2973;4758	1203;2973;4758	8;19;30	94;96;113	sub-004_ses-103_task-s8;sub-004_ses-202_task-s8;sub-004_ses-303_task-s8	1203	8	94	sub-004	ses-103	task-s8	1;2;3	8;8;8
416	417	416	417	3	3	trialwise	742;2416;4228	742;2416;4228	5;16;27	107;13;57	sub-004_ses-102_task-s5;sub-004_ses-201_task-s5;sub-004_ses-302_task-s5	742	5	107	sub-004	ses-102	task-s5	1;2;3	5;5;5
417	418	417	418	3	3	trialwise	751;2539;4210	751;2539;4210	5;16;27	116;136;39	sub-004_ses-102_task-s5;sub-004_ses-201_task-s5;sub-004_ses-302_task-s5	751	5	116	sub-004	ses-102	task-s5	1;2;3	5;5;5
418	419	418	419	3	3	trialwise	46;1797;3632	46;1797;3632	1;12;23	47;30;97	sub-004_ses-101_task-s1;sub-004_ses-201_task-s1;sub-004_ses-301_task-s1	46	1	47	sub-004	ses-101	task-s1	1;2;3	1;1;1
419	420	419	420	3	3	trialwise	1247;3031;4772	1247;3031;4772	8;19;30	138;154;127	sub-004_ses-103_task-s8;sub-004_ses-202_task-s8;sub-004_ses-303_task-s8	1247	8	138	sub-004	ses-103	task-s8	1;2;3	8;8;8
420	421	420	421	4	4	trialwise	456;2166;3942;4102	456;2166;3942;4102	3;14;25;26	139;81;89;90	sub-004_ses-101_task-s3;sub-004_ses-201_task-s3;sub-004_ses-302_task-s3;sub-004_ses-302_task-s4	456	3	139	sub-004	ses-101	task-s3	1;2;3;3	3;3;3;4
421	422	421	422	3	3	trialwise	727;2551;4285	727;2551;4285	5;16;27	92;148;114	sub-004_ses-102_task-s5;sub-004_ses-201_task-s5;sub-004_ses-302_task-s5	727	5	92	sub-004	ses-102	task-s5	1;2;3	5;5;5
422	423	422	423	3	3	trialwise	905;2622;4418	905;2622;4418	6;17;28	112;61;89	sub-004_ses-102_task-s6;sub-004_ses-201_task-s6;sub-004_ses-302_task-s6	905	6	112	sub-004	ses-102	task-s6	1;2;3	6;6;6
423	424	423	424	3	3	trialwise	963;2857;4540	963;2857;4540	7;18;29	12;138;53	sub-004_ses-102_task-s7;sub-004_ses-202_task-s7;sub-004_ses-303_task-s7	963	7	12	sub-004	ses-102	task-s7	1;2;3	7;7;7
424	425	424	425	4	4	trialwise	453;2167;3885;4151	453;2167;3885;4151	3;14;25;26	136;82;32;139	sub-004_ses-101_task-s3;sub-004_ses-201_task-s3;sub-004_ses-302_task-s3;sub-004_ses-302_task-s4	453	3	136	sub-004	ses-101	task-s3	1;2;3;3	3;3;3;4
425	426	425	426	3	3	trialwise	651;2414;4278	651;2414;4278	5;16;27	16;11;107	sub-004_ses-102_task-s5;sub-004_ses-201_task-s5;sub-004_ses-302_task-s5	651	5	16	sub-004	ses-102	task-s5	1;2;3	5;5;5
426	427	426	427	3	3	trialwise	26;1784;3614	26;1784;3614	1;12;23	27;17;79	sub-004_ses-101_task-s1;sub-004_ses-201_task-s1;sub-004_ses-301_task-s1	26	1	27	sub-004	ses-101	task-s1	1;2;3	1;1;1
427	428	427	428	3	3	trialwise	995;2775;4554	995;2775;4554	7;18;29	44;56;67	sub-004_ses-102_task-s7;sub-004_ses-202_task-s7;sub-004_ses-303_task-s7	995	7	44	sub-004	ses-102	task-s7	1;2;3	7;7;7
428	429	428	429	3	3	trialwise	673;2537;4257	673;2537;4257	5;16;27	38;134;86	sub-004_ses-102_task-s5;sub-004_ses-201_task-s5;sub-004_ses-302_task-s5	673	5	38	sub-004	ses-102	task-s5	1;2;3	5;5;5
429	430	429	430	3	3	trialwise	1245;2904;4742	1245;2904;4742	8;19;30	136;27;97	sub-004_ses-103_task-s8;sub-004_ses-202_task-s8;sub-004_ses-303_task-s8	1245	8	136	sub-004	ses-103	task-s8	1;2;3	8;8;8
430	431	430	431	4	4	trialwise	377;2177;3990;4060	377;2177;3990;4060	3;14;25;26	60;92;137;48	sub-004_ses-101_task-s3;sub-004_ses-201_task-s3;sub-004_ses-302_task-s3;sub-004_ses-302_task-s4	377	3	60	sub-004	ses-101	task-s3	1;2;3;3	3;3;3;4
431	432	431	432	3	3	trialwise	1173;2988;4661	1173;2988;4661	8;19;30	64;111;16	sub-004_ses-103_task-s8;sub-004_ses-202_task-s8;sub-004_ses-303_task-s8	1173	8	64	sub-004	ses-103	task-s8	1;2;3	8;8;8
432	433	432	433	3	3	trialwise	1083;2827;4545	1083;2827;4545	7;18;29	132;108;58	sub-004_ses-102_task-s7;sub-004_ses-202_task-s7;sub-004_ses-303_task-s7	1083	7	132	sub-004	ses-102	task-s7	1;2;3	7;7;7
433	434	433	434	2	2	trialwise	612;2325	612;2325	4;15	136;81	sub-004_ses-102_task-s4;sub-004_ses-201_task-s4	612	4	136	sub-004	ses-102	task-s4	1;2	4;4
434	435	434	435	4	4	trialwise	423;2223;3875;4050	423;2223;3875;4050	3;14;25;26	106;138;22;38	sub-004_ses-101_task-s3;sub-004_ses-201_task-s3;sub-004_ses-302_task-s3;sub-004_ses-302_task-s4	423	3	106	sub-004	ses-101	task-s3	1;2;3;3	3;3;3;4
435	436	435	436	3	3	trialwise	1071;2720;4627	1071;2720;4627	7;18;29	120;1;140	sub-004_ses-102_task-s7;sub-004_ses-202_task-s7;sub-004_ses-303_task-s7	1071	7	120	sub-004	ses-102	task-s7	1;2;3	7;7;7
436	437	436	437	3	3	trialwise	746;2437;4299	746;2437;4299	5;16;27	111;34;128	sub-004_ses-102_task-s5;sub-004_ses-201_task-s5;sub-004_ses-302_task-s5	746	5	111	sub-004	ses-102	task-s5	1;2;3	5;5;5
437	438	437	438	4	4	trialwise	327;2184;3946;4080	327;2184;3946;4080	3;14;25;26	10;99;93;68	sub-004_ses-101_task-s3;sub-004_ses-201_task-s3;sub-004_ses-302_task-s3;sub-004_ses-302_task-s4	327	3	10	sub-004	ses-101	task-s3	1;2;3;3	3;3;3;4
438	439	438	439	2	2	trialwise	597;2362	597;2362	4;15	121;118	sub-004_ses-102_task-s4;sub-004_ses-201_task-s4	597	4	121	sub-004	ses-102	task-s4	1;2	4;4
439	440	439	440	3	3	trialwise	849;2566;4440	849;2566;4440	6;17;28	56;5;111	sub-004_ses-102_task-s6;sub-004_ses-201_task-s6;sub-004_ses-302_task-s6	849	6	56	sub-004	ses-102	task-s6	1;2;3	6;6;6
440	441	440	441	3	3	trialwise	140;1847;3591	140;1847;3591	1;12;23	141;80;56	sub-004_ses-101_task-s1;sub-004_ses-201_task-s1;sub-004_ses-301_task-s1	140	1	141	sub-004	ses-101	task-s1	1;2;3	1;1;1
441	442	441	442	4	4	trialwise	430;2211;3912;4032	430;2211;3912;4032	3;14;25;26	113;126;59;20	sub-004_ses-101_task-s3;sub-004_ses-201_task-s3;sub-004_ses-302_task-s3;sub-004_ses-302_task-s4	430	3	113	sub-004	ses-101	task-s3	1;2;3;3	3;3;3;4
442	443	442	443	3	3	trialwise	696;2538;4206	696;2538;4206	5;16;27	61;135;35	sub-004_ses-102_task-s5;sub-004_ses-201_task-s5;sub-004_ses-302_task-s5	696	5	61	sub-004	ses-102	task-s5	1;2;3	5;5;5
443	444	443	444	3	3	trialwise	810;2570;4456	810;2570;4456	6;17;28	17;9;127	sub-004_ses-102_task-s6;sub-004_ses-201_task-s6;sub-004_ses-302_task-s6	810	6	17	sub-004	ses-102	task-s6	1;2;3	6;6;6
444	445	444	445	3	3	trialwise	131;1922;3585	131;1922;3585	1;12;23	132;155;50	sub-004_ses-101_task-s1;sub-004_ses-201_task-s1;sub-004_ses-301_task-s1	131	1	132	sub-004	ses-101	task-s1	1;2;3	1;1;1
445	446	445	446	2	2	trialwise	487;2327	487;2327	4;15	11;83	sub-004_ses-102_task-s4;sub-004_ses-201_task-s4	487	4	11	sub-004	ses-102	task-s4	1;2	4;4
446	447	446	447	3	3	trialwise	844;2645;4355	844;2645;4355	6;17;28	51;84;26	sub-004_ses-102_task-s6;sub-004_ses-201_task-s6;sub-004_ses-302_task-s6	844	6	51	sub-004	ses-102	task-s6	1;2;3	6;6;6
447	448	447	448	4	4	trialwise	374;2163;3957;4020	374;2163;3957;4020	3;14;25;26	57;78;104;8	sub-004_ses-101_task-s3;sub-004_ses-201_task-s3;sub-004_ses-302_task-s3;sub-004_ses-302_task-s4	374	3	57	sub-004	ses-101	task-s3	1;2;3;3	3;3;3;4
448	449	448	449	3	3	trialwise	116;1824;3545	116;1824;3545	1;12;23	117;57;10	sub-004_ses-101_task-s1;sub-004_ses-201_task-s1;sub-004_ses-301_task-s1	116	1	117	sub-004	ses-101	task-s1	1;2;3	1;1;1
449	450	449	450	4	4	trialwise	371;2209;3999;4031	371;2209;3999;4031	3;14;25;26	54;124;146;19	sub-004_ses-101_task-s3;sub-004_ses-201_task-s3;sub-004_ses-302_task-s3;sub-004_ses-302_task-s4	371	3	54	sub-004	ses-101	task-s3	1;2;3;3	3;3;3;4
450	451	450	451	3	3	trialwise	649;2472;4256	649;2472;4256	5;16;27	14;69;85	sub-004_ses-102_task-s5;sub-004_ses-201_task-s5;sub-004_ses-302_task-s5	649	5	14	sub-004	ses-102	task-s5	1;2;3	5;5;5
451	452	451	452	2	2	trialwise	551;2324	551;2324	4;15	75;80	sub-004_ses-102_task-s4;sub-004_ses-201_task-s4	551	4	75	sub-004	ses-102	task-s4	1;2	4;4
452	453	452	453	3	3	trialwise	233;1941;3761	233;1941;3761	2;13;24	75;15;67	sub-004_ses-101_task-s2;sub-004_ses-201_task-s2;sub-004_ses-301_task-s2	233	2	75	sub-004	ses-101	task-s2	1;2;3	2;2;2
453	454	453	454	3	3	trialwise	1121;2981;4707	1121;2981;4707	8;19;30	12;104;62	sub-004_ses-103_task-s8;sub-004_ses-202_task-s8;sub-004_ses-303_task-s8	1121	8	12	sub-004	ses-103	task-s8	1;2;3	8;8;8
454	455	454	455	4	4	trialwise	463;2231;4002;4094	463;2231;4002;4094	3;14;25;26	146;146;149;82	sub-004_ses-101_task-s3;sub-004_ses-201_task-s3;sub-004_ses-302_task-s3;sub-004_ses-302_task-s4	463	3	146	sub-004	ses-101	task-s3	1;2;3;3	3;3;3;4
455	456	455	456	3	3	trialwise	183;2051;3735	183;2051;3735	2;13;24	25;125;41	sub-004_ses-101_task-s2;sub-004_ses-201_task-s2;sub-004_ses-301_task-s2	183	2	25	sub-004	ses-101	task-s2	1;2;3	2;2;2
456	457	456	457	3	3	trialwise	15;1861;3572	15;1861;3572	1;12;23	16;94;37	sub-004_ses-101_task-s1;sub-004_ses-201_task-s1;sub-004_ses-301_task-s1	15	1	16	sub-004	ses-101	task-s1	1;2;3	1;1;1
457	458	457	458	2	2	trialwise	503;2392	503;2392	4;15	27;148	sub-004_ses-102_task-s4;sub-004_ses-201_task-s4	503	4	27	sub-004	ses-102	task-s4	1;2	4;4
458	459	458	459	3	3	trialwise	914;2603;4371	914;2603;4371	6;17;28	121;42;42	sub-004_ses-102_task-s6;sub-004_ses-201_task-s6;sub-004_ses-302_task-s6	914	6	121	sub-004	ses-102	task-s6	1;2;3	6;6;6
459	460	459	460	2	2	trialwise	595;2265	595;2265	4;15	119;21	sub-004_ses-102_task-s4;sub-004_ses-201_task-s4	595	4	119	sub-004	ses-102	task-s4	1;2	4;4
460	461	460	461	3	3	trialwise	1182;3018;4790	1182;3018;4790	8;19;30	73;141;145	sub-004_ses-103_task-s8;sub-004_ses-202_task-s8;sub-004_ses-303_task-s8	1182	8	73	sub-004	ses-103	task-s8	1;2;3	8;8;8
461	462	461	462	3	3	trialwise	1193;2944;4768	1193;2944;4768	8;19;30	84;67;123	sub-004_ses-103_task-s8;sub-004_ses-202_task-s8;sub-004_ses-303_task-s8	1193	8	84	sub-004	ses-103	task-s8	1;2;3	8;8;8
462	463	462	463	3	3	trialwise	913;2607;4333	913;2607;4333	6;17;28	120;46;4	sub-004_ses-102_task-s6;sub-004_ses-201_task-s6;sub-004_ses-302_task-s6	913	6	120	sub-004	ses-102	task-s6	1;2;3	6;6;6
463	464	463	464	3	3	trialwise	986;2806;4549	986;2806;4549	7;18;29	35;87;62	sub-004_ses-102_task-s7;sub-004_ses-202_task-s7;sub-004_ses-303_task-s7	986	7	35	sub-004	ses-102	task-s7	1;2;3	7;7;7
464	465	464	465	2	2	trialwise	531;2354	531;2354	4;15	55;110	sub-004_ses-102_task-s4;sub-004_ses-201_task-s4	531	4	55	sub-004	ses-102	task-s4	1;2	4;4
465	466	465	466	3	3	trialwise	1227;2940;4731	1227;2940;4731	8;19;30	118;63;86	sub-004_ses-103_task-s8;sub-004_ses-202_task-s8;sub-004_ses-303_task-s8	1227	8	118	sub-004	ses-103	task-s8	1;2;3	8;8;8
466	467	466	467	3	3	trialwise	297;1982;3811	297;1982;3811	2;13;24	139;56;117	sub-004_ses-101_task-s2;sub-004_ses-201_task-s2;sub-004_ses-301_task-s2	297	2	139	sub-004	ses-101	task-s2	1;2;3	2;2;2
467	468	467	468	3	3	trialwise	136;1804;3553	136;1804;3553	1;12;23	137;37;18	sub-004_ses-101_task-s1;sub-004_ses-201_task-s1;sub-004_ses-301_task-s1	136	1	137	sub-004	ses-101	task-s1	1;2;3	1;1;1
468	469	468	469	4	4	trialwise	391;2227;3929;4017	391;2227;3929;4017	3;14;25;26	74;142;76;5	sub-004_ses-101_task-s3;sub-004_ses-201_task-s3;sub-004_ses-302_task-s3;sub-004_ses-302_task-s4	391	3	74	sub-004	ses-101	task-s3	1;2;3;3	3;3;3;4
469	470	469	470	3	3	trialwise	842;2576;4376	842;2576;4376	6;17;28	49;15;47	sub-004_ses-102_task-s6;sub-004_ses-201_task-s6;sub-004_ses-302_task-s6	842	6	49	sub-004	ses-102	task-s6	1;2;3	6;6;6
470	471	470	471	3	3	trialwise	317;2056;3784	317;2056;3784	2;13;24	159;130;90	sub-004_ses-101_task-s2;sub-004_ses-201_task-s2;sub-004_ses-301_task-s2	317	2	159	sub-004	ses-101	task-s2	1;2;3	2;2;2
471	472	471	472	3	3	trialwise	204;2046;3777	204;2046;3777	2;13;24	46;120;83	sub-004_ses-101_task-s2;sub-004_ses-201_task-s2;sub-004_ses-301_task-s2	204	2	46	sub-004	ses-101	task-s2	1;2;3	2;2;2
472	473	472	473	3	3	trialwise	1168;2968;4687	1168;2968;4687	8;19;30	59;91;42	sub-004_ses-103_task-s8;sub-004_ses-202_task-s8;sub-004_ses-303_task-s8	1168	8	59	sub-004	ses-103	task-s8	1;2;3	8;8;8
473	474	473	474	2	2	trialwise	611;2378	611;2378	4;15	135;134	sub-004_ses-102_task-s4;sub-004_ses-201_task-s4	611	4	135	sub-004	ses-102	task-s4	1;2	4;4
474	475	474	475	4	4	trialwise	320;2122;3909;4052	320;2122;3909;4052	3;14;25;26	3;37;56;40	sub-004_ses-101_task-s3;sub-004_ses-201_task-s3;sub-004_ses-302_task-s3;sub-004_ses-302_task-s4	320	3	3	sub-004	ses-101	task-s3	1;2;3;3	3;3;3;4
475	476	475	476	3	3	trialwise	1140;2953;4685	1140;2953;4685	8;19;30	31;76;40	sub-004_ses-103_task-s8;sub-004_ses-202_task-s8;sub-004_ses-303_task-s8	1140	8	31	sub-004	ses-103	task-s8	1;2;3	8;8;8
476	477	476	477	3	3	trialwise	677;2522;4240	677;2522;4240	5;16;27	42;119;69	sub-004_ses-102_task-s5;sub-004_ses-201_task-s5;sub-004_ses-302_task-s5	677	5	42	sub-004	ses-102	task-s5	1;2;3	5;5;5
477	478	477	478	3	3	trialwise	1099;2860;4529	1099;2860;4529	7;18;29	148;141;42	sub-004_ses-102_task-s7;sub-004_ses-202_task-s7;sub-004_ses-303_task-s7	1099	7	148	sub-004	ses-102	task-s7	1;2;3	7;7;7
478	479	478	479	3	3	trialwise	825;2577;4447	825;2577;4447	6;17;28	32;16;118	sub-004_ses-102_task-s6;sub-004_ses-201_task-s6;sub-004_ses-302_task-s6	825	6	32	sub-004	ses-102	task-s6	1;2;3	6;6;6
479	480	479	480	3	3	trialwise	737;2459;4280	737;2459;4280	5;16;27	102;56;109	sub-004_ses-102_task-s5;sub-004_ses-201_task-s5;sub-004_ses-302_task-s5	737	5	102	sub-004	ses-102	task-s5	1;2;3	5;5;5
480	481	480	481	3	3	trialwise	311;2073;3825	311;2073;3825	2;13;24	153;147;131	sub-004_ses-101_task-s2;sub-004_ses-201_task-s2;sub-004_ses-301_task-s2	311	2	153	sub-004	ses-101	task-s2	1;2;3	2;2;2
481	482	481	482	2	2	trialwise	608;2290	608;2290	4;15	132;46	sub-004_ses-102_task-s4;sub-004_ses-201_task-s4	608	4	132	sub-004	ses-102	task-s4	1;2	4;4
482	483	482	483	3	3	trialwise	1047;2840;4594	1047;2840;4594	7;18;29	96;121;107	sub-004_ses-102_task-s7;sub-004_ses-202_task-s7;sub-004_ses-303_task-s7	1047	7	96	sub-004	ses-102	task-s7	1;2;3	7;7;7
483	484	483	484	3	3	trialwise	860;2599;4419	860;2599;4419	6;17;28	67;38;90	sub-004_ses-102_task-s6;sub-004_ses-201_task-s6;sub-004_ses-302_task-s6	860	6	67	sub-004	ses-102	task-s6	1;2;3	6;6;6
484	485	484	485	4	4	trialwise	397;2220;3959;4138	397;2220;3959;4138	3;14;25;26	80;135;106;126	sub-004_ses-101_task-s3;sub-004_ses-201_task-s3;sub-004_ses-302_task-s3;sub-004_ses-302_task-s4	397	3	80	sub-004	ses-101	task-s3	1;2;3;3	3;3;3;4
485	486	485	486	3	3	trialwise	1194;2952;4660	1194;2952;4660	8;19;30	85;75;15	sub-004_ses-103_task-s8;sub-004_ses-202_task-s8;sub-004_ses-303_task-s8	1194	8	85	sub-004	ses-103	task-s8	1;2;3	8;8;8
486	487	486	487	3	3	trialwise	209;2007;3699	209;2007;3699	2;13;24	51;81;5	sub-004_ses-101_task-s2;sub-004_ses-201_task-s2;sub-004_ses-301_task-s2	209	2	51	sub-004	ses-101	task-s2	1;2;3	2;2;2
487	488	487	488	4	4	trialwise	330;2155;3960;4128	330;2155;3960;4128	3;14;25;26	13;70;107;116	sub-004_ses-101_task-s3;sub-004_ses-201_task-s3;sub-004_ses-302_task-s3;sub-004_ses-302_task-s4	330	3	13	sub-004	ses-101	task-s3	1;2;3;3	3;3;3;4
488	489	488	489	3	3	trialwise	184;2002;3815	184;2002;3815	2;13;24	26;76;121	sub-004_ses-101_task-s2;sub-004_ses-201_task-s2;sub-004_ses-301_task-s2	184	2	26	sub-004	ses-101	task-s2	1;2;3	2;2;2
489	490	489	490	3	3	trialwise	1205;3023;4697	1205;3023;4697	8;19;30	96;146;52	sub-004_ses-103_task-s8;sub-004_ses-202_task-s8;sub-004_ses-303_task-s8	1205	8	96	sub-004	ses-103	task-s8	1;2;3	8;8;8
490	491	490	491	4	4	trialwise	340;2186;3998;4030	340;2186;3998;4030	3;14;25;26	23;101;145;18	sub-004_ses-101_task-s3;sub-004_ses-201_task-s3;sub-004_ses-302_task-s3;sub-004_ses-302_task-s4	340	3	23	sub-004	ses-101	task-s3	1;2;3;3	3;3;3;4
491	492	491	492	3	3	trialwise	1118;2996;4710	1118;2996;4710	8;19;30	9;119;65	sub-004_ses-103_task-s8;sub-004_ses-202_task-s8;sub-004_ses-303_task-s8	1118	8	9	sub-004	ses-103	task-s8	1;2;3	8;8;8
492	493	492	493	3	3	trialwise	694;2491;4191	694;2491;4191	5;16;27	59;88;20	sub-004_ses-102_task-s5;sub-004_ses-201_task-s5;sub-004_ses-302_task-s5	694	5	59	sub-004	ses-102	task-s5	1;2;3	5;5;5
493	494	493	494	3	3	trialwise	1260;2998;4665	1260;2998;4665	8;19;30	151;121;20	sub-004_ses-103_task-s8;sub-004_ses-202_task-s8;sub-004_ses-303_task-s8	1260	8	151	sub-004	ses-103	task-s8	1;2;3	8;8;8
494	495	494	495	3	3	trialwise	806;2630;4463	806;2630;4463	6;17;28	13;69;134	sub-004_ses-102_task-s6;sub-004_ses-201_task-s6;sub-004_ses-302_task-s6	806	6	13	sub-004	ses-102	task-s6	1;2;3	6;6;6
495	496	495	496	3	3	trialwise	972;2769;4565	972;2769;4565	7;18;29	21;50;78	sub-004_ses-102_task-s7;sub-004_ses-202_task-s7;sub-004_ses-303_task-s7	972	7	21	sub-004	ses-102	task-s7	1;2;3	7;7;7
496	497	496	497	3	3	trialwise	153;1880;3664	153;1880;3664	1;12;23	154;113;129	sub-004_ses-101_task-s1;sub-004_ses-201_task-s1;sub-004_ses-301_task-s1	153	1	154	sub-004	ses-101	task-s1	1;2;3	1;1;1
497	498	497	498	2	2	trialwise	626;2280	626;2280	4;15	150;36	sub-004_ses-102_task-s4;sub-004_ses-201_task-s4	626	4	150	sub-004	ses-102	task-s4	1;2	4;4
498	499	498	499	3	3	trialwise	983;2797;4620	983;2797;4620	7;18;29	32;78;133	sub-004_ses-102_task-s7;sub-004_ses-202_task-s7;sub-004_ses-303_task-s7	983	7	32	sub-004	ses-102	task-s7	1;2;3	7;7;7
499	500	499	500	4	4	trialwise	450;2136;3931;4028	450;2136;3931;4028	3;14;25;26	133;51;78;16	sub-004_ses-101_task-s3;sub-004_ses-201_task-s3;sub-004_ses-302_task-s3;sub-004_ses-302_task-s4	450	3	133	sub-004	ses-101	task-s3	1;2;3;3	3;3;3;4
500	501	500	501	4	4	trialwise	435;2098;3932;4067	435;2098;3932;4067	3;14;25;26	118;13;79;55	sub-004_ses-101_task-s3;sub-004_ses-201_task-s3;sub-004_ses-302_task-s3;sub-004_ses-302_task-s4	435	3	118	sub-004	ses-101	task-s3	1;2;3;3	3;3;3;4
501	502	501	502	3	3	trialwise	197;2029;3820	197;2029;3820	2;13;24	39;103;126	sub-004_ses-101_task-s2;sub-004_ses-201_task-s2;sub-004_ses-301_task-s2	197	2	39	sub-004	ses-101	task-s2	1;2;3	2;2;2
502	503	502	503	3	3	trialwise	191;1951;3725	191;1951;3725	2;13;24	33;25;31	sub-004_ses-101_task-s2;sub-004_ses-201_task-s2;sub-004_ses-301_task-s2	191	2	33	sub-004	ses-101	task-s2	1;2;3	2;2;2
503	504	503	504	3	3	trialwise	785;2420;4284	785;2420;4284	5;16;27	150;17;113	sub-004_ses-102_task-s5;sub-004_ses-201_task-s5;sub-004_ses-302_task-s5	785	5	150	sub-004	ses-102	task-s5	1;2;3	5;5;5
504	505	504	505	3	3	trialwise	917;2652;4331	917;2652;4331	6;17;28	124;91;2	sub-004_ses-102_task-s6;sub-004_ses-201_task-s6;sub-004_ses-302_task-s6	917	6	124	sub-004	ses-102	task-s6	1;2;3	6;6;6
505	506	505	506	3	3	trialwise	68;1811;3569	68;1811;3569	1;12;23	69;44;34	sub-004_ses-101_task-s1;sub-004_ses-201_task-s1;sub-004_ses-301_task-s1	68	1	69	sub-004	ses-101	task-s1	1;2;3	1;1;1
506	507	506	507	3	3	trialwise	203;2035;3744	203;2035;3744	2;13;24	45;109;50	sub-004_ses-101_task-s2;sub-004_ses-201_task-s2;sub-004_ses-301_task-s2	203	2	45	sub-004	ses-101	task-s2	1;2;3	2;2;2
507	508	507	508	3	3	trialwise	745;2477;4176	745;2477;4176	5;16;27	110;74;5	sub-004_ses-102_task-s5;sub-004_ses-201_task-s5;sub-004_ses-302_task-s5	745	5	110	sub-004	ses-102	task-s5	1;2;3	5;5;5
508	509	508	509	3	3	trialwise	1021;2745;4530	1021;2745;4530	7;18;29	70;26;43	sub-004_ses-102_task-s7;sub-004_ses-202_task-s7;sub-004_ses-303_task-s7	1021	7	70	sub-004	ses-102	task-s7	1;2;3	7;7;7
509	510	509	510	3	3	trialwise	218;2020;3714	218;2020;3714	2;13;24	60;94;20	sub-004_ses-101_task-s2;sub-004_ses-201_task-s2;sub-004_ses-301_task-s2	218	2	60	sub-004	ses-101	task-s2	1;2;3	2;2;2
510	511	510	511	2	2	trialwise	486;2309	486;2309	4;15	10;65	sub-004_ses-102_task-s4;sub-004_ses-201_task-s4	486	4	10	sub-004	ses-102	task-s4	1;2	4;4
511	512	511	512	3	3	trialwise	231;1946;3801	231;1946;3801	2;13;24	73;20;107	sub-004_ses-101_task-s2;sub-004_ses-201_task-s2;sub-004_ses-301_task-s2	231	2	73	sub-004	ses-101	task-s2	1;2;3	2;2;2
512	513	512	513	3	3	trialwise	783;2480;4219	783;2480;4219	5;16;27	148;77;48	sub-004_ses-102_task-s5;sub-004_ses-201_task-s5;sub-004_ses-302_task-s5	783	5	148	sub-004	ses-102	task-s5	1;2;3	5;5;5
513	514	513	514	2	2	trialwise	540;2336	540;2336	4;15	64;92	sub-004_ses-102_task-s4;sub-004_ses-201_task-s4	540	4	64	sub-004	ses-102	task-s4	1;2	4;4
514	515	514	515	2	2	trialwise	498;2295	498;2295	4;15	22;51	sub-004_ses-102_task-s4;sub-004_ses-201_task-s4	498	4	22	sub-004	ses-102	task-s4	1;2	4;4
515	516	515	516	3	3	trialwise	1126;3017;4786	1126;3017;4786	8;19;30	17;140;141	sub-004_ses-103_task-s8;sub-004_ses-202_task-s8;sub-004_ses-303_task-s8	1126	8	17	sub-004	ses-103	task-s8	1;2;3	8;8;8
516	517	516	517	3	3	trialwise	1222;3002;4714	1222;3002;4714	8;19;30	113;125;69	sub-004_ses-103_task-s8;sub-004_ses-202_task-s8;sub-004_ses-303_task-s8	1222	8	113	sub-004	ses-103	task-s8	1;2;3	8;8;8
517	518	517	518	3	3	trialwise	1192;2974;4737	1192;2974;4737	8;19;30	83;97;92	sub-004_ses-103_task-s8;sub-004_ses-202_task-s8;sub-004_ses-303_task-s8	1192	8	83	sub-004	ses-103	task-s8	1;2;3	8;8;8
518	519	518	519	3	3	trialwise	143;1848;3693	143;1848;3693	1;12;23	144;81;158	sub-004_ses-101_task-s1;sub-004_ses-201_task-s1;sub-004_ses-301_task-s1	143	1	144	sub-004	ses-101	task-s1	1;2;3	1;1;1
519	520	519	520	2	2	trialwise	571;2391	571;2391	4;15	95;147	sub-004_ses-102_task-s4;sub-004_ses-201_task-s4	571	4	95	sub-004	ses-102	task-s4	1;2	4;4
520	521	520	521	3	3	trialwise	755;2489;4183	755;2489;4183	5;16;27	120;86;12	sub-004_ses-102_task-s5;sub-004_ses-201_task-s5;sub-004_ses-302_task-s5	755	5	120	sub-004	ses-102	task-s5	1;2;3	5;5;5
521	522	521	522	3	3	trialwise	863;2619;4437	863;2619;4437	6;17;28	70;58;108	sub-004_ses-102_task-s6;sub-004_ses-201_task-s6;sub-004_ses-302_task-s6	863	6	70	sub-004	ses-102	task-s6	1;2;3	6;6;6
522	523	522	523	3	3	trialwise	1004;2838;4536	1004;2838;4536	7;18;29	53;119;49	sub-004_ses-102_task-s7;sub-004_ses-202_task-s7;sub-004_ses-303_task-s7	1004	7	53	sub-004	ses-102	task-s7	1;2;3	7;7;7
523	524	523	524	3	3	trialwise	903;2685;4416	903;2685;4416	6;17;28	110;124;87	sub-004_ses-102_task-s6;sub-004_ses-201_task-s6;sub-004_ses-302_task-s6	903	6	110	sub-004	ses-102	task-s6	1;2;3	6;6;6
524	525	524	525	3	3	trialwise	890;2574;4467	890;2574;4467	6;17;28	97;13;138	sub-004_ses-102_task-s6;sub-004_ses-201_task-s6;sub-004_ses-302_task-s6	890	6	97	sub-004	ses-102	task-s6	1;2;3	6;6;6
525	526	525	526	3	3	trialwise	1017;2851;4618	1017;2851;4618	7;18;29	66;132;131	sub-004_ses-102_task-s7;sub-004_ses-202_task-s7;sub-004_ses-303_task-s7	1017	7	66	sub-004	ses-102	task-s7	1;2;3	7;7;7
526	527	526	527	4	4	trialwise	333;2241;3864;4059	333;2241;3864;4059	3;14;25;26	16;156;11;47	sub-004_ses-101_task-s3;sub-004_ses-201_task-s3;sub-004_ses-302_task-s3;sub-004_ses-302_task-s4	333	3	16	sub-004	ses-101	task-s3	1;2;3;3	3;3;3;4
527	528	527	528	3	3	trialwise	310;2085;3762	310;2085;3762	2;13;24	152;159;68	sub-004_ses-101_task-s2;sub-004_ses-201_task-s2;sub-004_ses-301_task-s2	310	2	152	sub-004	ses-101	task-s2	1;2;3	2;2;2
528	529	528	529	3	3	trialwise	148;1875;3604	148;1875;3604	1;12;23	149;108;69	sub-004_ses-101_task-s1;sub-004_ses-201_task-s1;sub-004_ses-301_task-s1	148	1	149	sub-004	ses-101	task-s1	1;2;3	1;1;1
529	530	529	530	3	3	trialwise	1114;2890;4750	1114;2890;4750	8;19;30	5;13;105	sub-004_ses-103_task-s8;sub-004_ses-202_task-s8;sub-004_ses-303_task-s8	1114	8	5	sub-004	ses-103	task-s8	1;2;3	8;8;8
530	531	530	531	2	2	trialwise	603;2396	603;2396	4;15	127;152	sub-004_ses-102_task-s4;sub-004_ses-201_task-s4	603	4	127	sub-004	ses-102	task-s4	1;2	4;4
531	532	531	532	3	3	trialwise	1119;2980;4764	1119;2980;4764	8;19;30	10;103;119	sub-004_ses-103_task-s8;sub-004_ses-202_task-s8;sub-004_ses-303_task-s8	1119	8	10	sub-004	ses-103	task-s8	1;2;3	8;8;8
532	533	532	533	3	3	trialwise	1177;2881;4695	1177;2881;4695	8;19;30	68;4;50	sub-004_ses-103_task-s8;sub-004_ses-202_task-s8;sub-004_ses-303_task-s8	1177	8	68	sub-004	ses-103	task-s8	1;2;3	8;8;8
533	534	533	534	3	3	trialwise	1014;2779;4571	1014;2779;4571	7;18;29	63;60;84	sub-004_ses-102_task-s7;sub-004_ses-202_task-s7;sub-004_ses-303_task-s7	1014	7	63	sub-004	ses-102	task-s7	1;2;3	7;7;7
534	535	534	535	3	3	trialwise	1091;2874;4573	1091;2874;4573	7;18;29	140;155;86	sub-004_ses-102_task-s7;sub-004_ses-202_task-s7;sub-004_ses-303_task-s7	1091	7	140	sub-004	ses-102	task-s7	1;2;3	7;7;7
535	536	535	536	3	3	trialwise	815;2593;4353	815;2593;4353	6;17;28	22;32;24	sub-004_ses-102_task-s6;sub-004_ses-201_task-s6;sub-004_ses-302_task-s6	815	6	22	sub-004	ses-102	task-s6	1;2;3	6;6;6
536	537	536	537	3	3	trialwise	689;2432;4312	689;2432;4312	5;16;27	54;29;141	sub-004_ses-102_task-s5;sub-004_ses-201_task-s5;sub-004_ses-302_task-s5	689	5	54	sub-004	ses-102	task-s5	1;2;3	5;5;5
537	538	537	538	2	2	trialwise	586;2340	586;2340	4;15	110;96	sub-004_ses-102_task-s4;sub-004_ses-201_task-s4	586	4	110	sub-004	ses-102	task-s4	1;2	4;4
538	539	538	539	3	3	trialwise	270;2023;3773	270;2023;3773	2;13;24	112;97;79	sub-004_ses-101_task-s2;sub-004_ses-201_task-s2;sub-004_ses-301_task-s2	270	2	112	sub-004	ses-101	task-s2	1;2;3	2;2;2
539	540	539	540	3	3	trialwise	177;2083;3771	177;2083;3771	2;13;24	19;157;77	sub-004_ses-101_task-s2;sub-004_ses-201_task-s2;sub-004_ses-301_task-s2	177	2	19	sub-004	ses-101	task-s2	1;2;3	2;2;2
540	541	540	541	2	2	trialwise	496;2267	496;2267	4;15	20;23	sub-004_ses-102_task-s4;sub-004_ses-201_task-s4	496	4	20	sub-004	ses-102	task-s4	1;2	4;4
541	542	541	542	3	3	trialwise	1226;2906;4718	1226;2906;4718	8;19;30	117;29;73	sub-004_ses-103_task-s8;sub-004_ses-202_task-s8;sub-004_ses-303_task-s8	1226	8	117	sub-004	ses-103	task-s8	1;2;3	8;8;8
542	543	542	543	3	3	trialwise	110;1904;3613	110;1904;3613	1;12;23	111;137;78	sub-004_ses-101_task-s1;sub-004_ses-201_task-s1;sub-004_ses-301_task-s1	110	1	111	sub-004	ses-101	task-s1	1;2;3	1;1;1
543	544	543	544	4	4	trialwise	474;2132;3921;4134	474;2132;3921;4134	3;14;25;26	157;47;68;122	sub-004_ses-101_task-s3;sub-004_ses-201_task-s3;sub-004_ses-302_task-s3;sub-004_ses-302_task-s4	474	3	157	sub-004	ses-101	task-s3	1;2;3;3	3;3;3;4
544	545	544	545	3	3	trialwise	980;2738;4614	980;2738;4614	7;18;29	29;19;127	sub-004_ses-102_task-s7;sub-004_ses-202_task-s7;sub-004_ses-303_task-s7	980	7	29	sub-004	ses-102	task-s7	1;2;3	7;7;7
545	546	545	546	3	3	trialwise	308;1995;3755	308;1995;3755	2;13;24	150;69;61	sub-004_ses-101_task-s2;sub-004_ses-201_task-s2;sub-004_ses-301_task-s2	308	2	150	sub-004	ses-101	task-s2	1;2;3	2;2;2
546	547	546	547	3	3	trialwise	952;2785;4630	952;2785;4630	7;18;29	1;66;143	sub-004_ses-102_task-s7;sub-004_ses-202_task-s7;sub-004_ses-303_task-s7	952	7	1	sub-004	ses-102	task-s7	1;2;3	7;7;7
547	548	547	548	2	2	trialwise	565;2387	565;2387	4;15	89;143	sub-004_ses-102_task-s4;sub-004_ses-201_task-s4	565	4	89	sub-004	ses-102	task-s4	1;2	4;4
548	549	548	549	3	3	trialwise	702;2520;4314	702;2520;4314	5;16;27	67;117;143	sub-004_ses-102_task-s5;sub-004_ses-201_task-s5;sub-004_ses-302_task-s5	702	5	67	sub-004	ses-102	task-s5	1;2;3	5;5;5
549	550	549	550	3	3	trialwise	198;2021;3764	198;2021;3764	2;13;24	40;95;70	sub-004_ses-101_task-s2;sub-004_ses-201_task-s2;sub-004_ses-301_task-s2	198	2	40	sub-004	ses-101	task-s2	1;2;3	2;2;2
550	551	550	551	3	3	trialwise	71;1920;3660	71;1920;3660	1;12;23	72;153;125	sub-004_ses-101_task-s1;sub-004_ses-201_task-s1;sub-004_ses-301_task-s1	71	1	72	sub-004	ses-101	task-s1	1;2;3	1;1;1
551	552	551	552	2	2	trialwise	485;2306	485;2306	4;15	9;62	sub-004_ses-102_task-s4;sub-004_ses-201_task-s4	485	4	9	sub-004	ses-102	task-s4	1;2	4;4
552	553	552	553	4	4	trialwise	467;2214;3894;4014	467;2214;3894;4014	3;14;25;26	150;129;41;2	sub-004_ses-101_task-s3;sub-004_ses-201_task-s3;sub-004_ses-302_task-s3;sub-004_ses-302_task-s4	467	3	150	sub-004	ses-101	task-s3	1;2;3;3	3;3;3;4
553	554	553	554	3	3	trialwise	845;2683;4369	845;2683;4369	6;17;28	52;122;40	sub-004_ses-102_task-s6;sub-004_ses-201_task-s6;sub-004_ses-302_task-s6	845	6	52	sub-004	ses-102	task-s6	1;2;3	6;6;6
554	555	554	555	2	2	trialwise	504;2245	504;2245	4;15	28;1	sub-004_ses-102_task-s4;sub-004_ses-201_task-s4	504	4	28	sub-004	ses-102	task-s4	1;2	4;4
555	556	555	556	3	3	trialwise	1079;2793;4574	1079;2793;4574	7;18;29	128;74;87	sub-004_ses-102_task-s7;sub-004_ses-202_task-s7;sub-004_ses-303_task-s7	1079	7	128	sub-004	ses-102	task-s7	1;2;3	7;7;7
556	557	556	557	3	3	trialwise	52;1854;3567	52;1854;3567	1;12;23	53;87;32	sub-004_ses-101_task-s1;sub-004_ses-201_task-s1;sub-004_ses-301_task-s1	52	1	53	sub-004	ses-101	task-s1	1;2;3	1;1;1
557	558	557	558	3	3	trialwise	1074;2849;4496	1074;2849;4496	7;18;29	123;130;9	sub-004_ses-102_task-s7;sub-004_ses-202_task-s7;sub-004_ses-303_task-s7	1074	7	123	sub-004	ses-102	task-s7	1;2;3	7;7;7
558	559	558	559	3	3	trialwise	162;1988;3785	162;1988;3785	2;13;24	4;62;91	sub-004_ses-101_task-s2;sub-004_ses-201_task-s2;sub-004_ses-301_task-s2	162	2	4	sub-004	ses-101	task-s2	1;2;3	2;2;2
559	560	559	560	2	2	trialwise	528;2321	528;2321	4;15	52;77	sub-004_ses-102_task-s4;sub-004_ses-201_task-s4	528	4	52	sub-004	ses-102	task-s4	1;2	4;4
560	561	560	561	4	4	trialwise	380;2152;4009;4070	380;2152;4009;4070	3;14;25;26	63;67;156;58	sub-004_ses-101_task-s3;sub-004_ses-201_task-s3;sub-004_ses-302_task-s3;sub-004_ses-302_task-s4	380	3	63	sub-004	ses-101	task-s3	1;2;3;3	3;3;3;4
561	562	561	562	3	3	trialwise	1263;3011;4767	1263;3011;4767	8;19;30	154;134;122	sub-004_ses-103_task-s8;sub-004_ses-202_task-s8;sub-004_ses-303_task-s8	1263	8	154	sub-004	ses-103	task-s8	1;2;3	8;8;8
562	563	562	563	3	3	trialwise	695;2527;4175	695;2527;4175	5;16;27	60;124;4	sub-004_ses-102_task-s5;sub-004_ses-201_task-s5;sub-004_ses-302_task-s5	695	5	60	sub-004	ses-102	task-s5	1;2;3	5;5;5
563	564	563	564	3	3	trialwise	1018;2753;4499	1018;2753;4499	7;18;29	67;34;12	sub-004_ses-102_task-s7;sub-004_ses-202_task-s7;sub-004_ses-303_task-s7	1018	7	67	sub-004	ses-102	task-s7	1;2;3	7;7;7
564	565	564	565	3	3	trialwise	932;2705;4388	932;2705;4388	6;17;28	139;144;59	sub-004_ses-102_task-s6;sub-004_ses-201_task-s6;sub-004_ses-302_task-s6	932	6	139	sub-004	ses-102	task-s6	1;2;3	6;6;6
565	566	565	566	3	3	trialwise	1150;2892;4701	1150;2892;4701	8;19;30	41;15;56	sub-004_ses-103_task-s8;sub-004_ses-202_task-s8;sub-004_ses-303_task-s8	1150	8	41	sub-004	ses-103	task-s8	1;2;3	8;8;8
566	567	566	567	4	4	trialwise	319;2120;3919;4118	319;2120;3919;4118	3;14;25;26	2;35;66;106	sub-004_ses-101_task-s3;sub-004_ses-201_task-s3;sub-004_ses-302_task-s3;sub-004_ses-302_task-s4	319	3	2	sub-004	ses-101	task-s3	1;2;3;3	3;3;3;4
567	568	567	568	3	3	trialwise	124;1789;3686	124;1789;3686	1;12;23	125;22;151	sub-004_ses-101_task-s1;sub-004_ses-201_task-s1;sub-004_ses-301_task-s1	124	1	125	sub-004	ses-101	task-s1	1;2;3	1;1;1
568	569	568	569	3	3	trialwise	7;1793;3618	7;1793;3618	1;12;23	8;26;83	sub-004_ses-101_task-s1;sub-004_ses-201_task-s1;sub-004_ses-301_task-s1	7	1	8	sub-004	ses-101	task-s1	1;2;3	1;1;1
569	570	569	570	2	2	trialwise	543;2263	543;2263	4;15	67;19	sub-004_ses-102_task-s4;sub-004_ses-201_task-s4	543	4	67	sub-004	ses-102	task-s4	1;2	4;4
570	571	570	571	3	3	trialwise	1102;2833;4501	1102;2833;4501	7;18;29	151;114;14	sub-004_ses-102_task-s7;sub-004_ses-202_task-s7;sub-004_ses-303_task-s7	1102	7	151	sub-004	ses-102	task-s7	1;2;3	7;7;7
571	572	571	572	4	4	trialwise	402;2123;3925;4154	402;2123;3925;4154	3;14;25;26	85;38;72;142	sub-004_ses-101_task-s3;sub-004_ses-201_task-s3;sub-004_ses-302_task-s3;sub-004_ses-302_task-s4	402	3	85	sub-004	ses-101	task-s3	1;2;3;3	3;3;3;4
572	573	572	573	3	3	trialwise	951;2569;4337	951;2569;4337	6;17;28	158;8;8	sub-004_ses-102_task-s6;sub-004_ses-201_task-s6;sub-004_ses-302_task-s6	951	6	158	sub-004	ses-102	task-s6	1;2;3	6;6;6
573	574	573	574	3	3	trialwise	1250;2883;4747	1250;2883;4747	8;19;30	141;6;102	sub-004_ses-103_task-s8;sub-004_ses-202_task-s8;sub-004_ses-303_task-s8	1250	8	141	sub-004	ses-103	task-s8	1;2;3	8;8;8
574	575	574	575	3	3	trialwise	1164;2928;4735	1164;2928;4735	8;19;30	55;51;90	sub-004_ses-103_task-s8;sub-004_ses-202_task-s8;sub-004_ses-303_task-s8	1164	8	55	sub-004	ses-103	task-s8	1;2;3	8;8;8
575	576	575	576	3	3	trialwise	1197;3022;4759	1197;3022;4759	8;19;30	88;145;114	sub-004_ses-103_task-s8;sub-004_ses-202_task-s8;sub-004_ses-303_task-s8	1197	8	88	sub-004	ses-103	task-s8	1;2;3	8;8;8
576	577	576	577	3	3	trialwise	1064;2821;4581	1064;2821;4581	7;18;29	113;102;94	sub-004_ses-102_task-s7;sub-004_ses-202_task-s7;sub-004_ses-303_task-s7	1064	7	113	sub-004	ses-102	task-s7	1;2;3	7;7;7
577	578	577	578	3	3	trialwise	1040;2755;4570	1040;2755;4570	7;18;29	89;36;83	sub-004_ses-102_task-s7;sub-004_ses-202_task-s7;sub-004_ses-303_task-s7	1040	7	89	sub-004	ses-102	task-s7	1;2;3	7;7;7
578	579	578	579	3	3	trialwise	134;1812;3648	134;1812;3648	1;12;23	135;45;113	sub-004_ses-101_task-s1;sub-004_ses-201_task-s1;sub-004_ses-301_task-s1	134	1	135	sub-004	ses-101	task-s1	1;2;3	1;1;1
579	580	579	580	3	3	trialwise	245;1952;3697	245;1952;3697	2;13;24	87;26;3	sub-004_ses-101_task-s2;sub-004_ses-201_task-s2;sub-004_ses-301_task-s2	245	2	87	sub-004	ses-101	task-s2	1;2;3	2;2;2
580	581	580	581	3	3	trialwise	1073;2855;4572	1073;2855;4572	7;18;29	122;136;85	sub-004_ses-102_task-s7;sub-004_ses-202_task-s7;sub-004_ses-303_task-s7	1073	7	122	sub-004	ses-102	task-s7	1;2;3	7;7;7
581	582	581	582	3	3	trialwise	1096;2811;4575	1096;2811;4575	7;18;29	145;92;88	sub-004_ses-102_task-s7;sub-004_ses-202_task-s7;sub-004_ses-303_task-s7	1096	7	145	sub-004	ses-102	task-s7	1;2;3	7;7;7
582	583	582	583	3	3	trialwise	89;1899;3586	89;1899;3586	1;12;23	90;132;51	sub-004_ses-101_task-s1;sub-004_ses-201_task-s1;sub-004_ses-301_task-s1	89	1	90	sub-004	ses-101	task-s1	1;2;3	1;1;1
583	584	583	584	3	3	trialwise	1;1810;3557	1;1810;3557	1;12;23	2;43;22	sub-004_ses-101_task-s1;sub-004_ses-201_task-s1;sub-004_ses-301_task-s1	1	1	2	sub-004	ses-101	task-s1	1;2;3	1;1;1
584	585	584	585	3	3	trialwise	754;2469;4187	754;2469;4187	5;16;27	119;66;16	sub-004_ses-102_task-s5;sub-004_ses-201_task-s5;sub-004_ses-302_task-s5	754	5	119	sub-004	ses-102	task-s5	1;2;3	5;5;5
585	586	585	586	3	3	trialwise	1169;2978;4711	1169;2978;4711	8;19;30	60;101;66	sub-004_ses-103_task-s8;sub-004_ses-202_task-s8;sub-004_ses-303_task-s8	1169	8	60	sub-004	ses-103	task-s8	1;2;3	8;8;8
586	587	586	587	4	4	trialwise	364;2086;3949;4097	364;2086;3949;4097	3;14;25;26	47;1;96;85	sub-004_ses-101_task-s3;sub-004_ses-201_task-s3;sub-004_ses-302_task-s3;sub-004_ses-302_task-s4	364	3	47	sub-004	ses-101	task-s3	1;2;3;3	3;3;3;4
587	588	587	588	3	3	trialwise	1076;2804;4548	1076;2804;4548	7;18;29	125;85;61	sub-004_ses-102_task-s7;sub-004_ses-202_task-s7;sub-004_ses-303_task-s7	1076	7	125	sub-004	ses-102	task-s7	1;2;3	7;7;7
588	589	588	589	3	3	trialwise	293;1934;3798	293;1934;3798	2;13;24	135;8;104	sub-004_ses-101_task-s2;sub-004_ses-201_task-s2;sub-004_ses-301_task-s2	293	2	135	sub-004	ses-101	task-s2	1;2;3	2;2;2
589	590	589	590	3	3	trialwise	663;2514;4198	663;2514;4198	5;16;27	28;111;27	sub-004_ses-102_task-s5;sub-004_ses-201_task-s5;sub-004_ses-302_task-s5	663	5	28	sub-004	ses-102	task-s5	1;2;3	5;5;5
590	591	590	591	3	3	trialwise	948;2578;4426	948;2578;4426	6;17;28	155;17;97	sub-004_ses-102_task-s6;sub-004_ses-201_task-s6;sub-004_ses-302_task-s6	948	6	155	sub-004	ses-102	task-s6	1;2;3	6;6;6
591	592	591	592	3	3	trialwise	1094;2751;4568	1094;2751;4568	7;18;29	143;32;81	sub-004_ses-102_task-s7;sub-004_ses-202_task-s7;sub-004_ses-303_task-s7	1094	7	143	sub-004	ses-102	task-s7	1;2;3	7;7;7
592	593	592	593	3	3	trialwise	205;2064;3791	205;2064;3791	2;13;24	47;138;97	sub-004_ses-101_task-s2;sub-004_ses-201_task-s2;sub-004_ses-301_task-s2	205	2	47	sub-004	ses-101	task-s2	1;2;3	2;2;2
593	594	593	594	3	3	trialwise	1002;2794;4621	1002;2794;4621	7;18;29	51;75;134	sub-004_ses-102_task-s7;sub-004_ses-202_task-s7;sub-004_ses-303_task-s7	1002	7	51	sub-004	ses-102	task-s7	1;2;3	7;7;7
594	595	594	595	3	3	trialwise	813;2710;4390	813;2710;4390	6;17;28	20;149;61	sub-004_ses-102_task-s6;sub-004_ses-201_task-s6;sub-004_ses-302_task-s6	813	6	20	sub-004	ses-102	task-s6	1;2;3	6;6;6
595	596	595	596	3	3	trialwise	804;2638;4389	804;2638;4389	6;17;28	11;77;60	sub-004_ses-102_task-s6;sub-004_ses-201_task-s6;sub-004_ses-302_task-s6	804	6	11	sub-004	ses-102	task-s6	1;2;3	6;6;6
596	597	596	597	3	3	trialwise	994;2772;4526	994;2772;4526	7;18;29	43;53;39	sub-004_ses-102_task-s7;sub-004_ses-202_task-s7;sub-004_ses-303_task-s7	994	7	43	sub-004	ses-102	task-s7	1;2;3	7;7;7
597	598	597	598	3	3	trialwise	726;2406;4259	726;2406;4259	5;16;27	91;3;88	sub-004_ses-102_task-s5;sub-004_ses-201_task-s5;sub-004_ses-302_task-s5	726	5	91	sub-004	ses-102	task-s5	1;2;3	5;5;5
598	599	598	599	3	3	trialwise	1136;3024;4746	1136;3024;4746	8;19;30	27;147;101	sub-004_ses-103_task-s8;sub-004_ses-202_task-s8;sub-004_ses-303_task-s8	1136	8	27	sub-004	ses-103	task-s8	1;2;3	8;8;8
599	600	599	600	3	3	trialwise	885;2584;4405	885;2584;4405	6;17;28	92;23;76	sub-004_ses-102_task-s6;sub-004_ses-201_task-s6;sub-004_ses-302_task-s6	885	6	92	sub-004	ses-102	task-s6	1;2;3	6;6;6
600	601	600	601	4	4	trialwise	339;2126;3948;4125	339;2126;3948;4125	3;14;25;26	22;41;95;113	sub-004_ses-101_task-s3;sub-004_ses-201_task-s3;sub-004_ses-302_task-s3;sub-004_ses-302_task-s4	339	3	22	sub-004	ses-101	task-s3	1;2;3;3	3;3;3;4
601	602	601	602	2	2	trialwise	497;2292	497;2292	4;15	21;48	sub-004_ses-102_task-s4;sub-004_ses-201_task-s4	497	4	21	sub-004	ses-102	task-s4	1;2	4;4
602	603	602	603	3	3	trialwise	1258;2999;4761	1258;2999;4761	8;19;30	149;122;116	sub-004_ses-103_task-s8;sub-004_ses-202_task-s8;sub-004_ses-303_task-s8	1258	8	149	sub-004	ses-103	task-s8	1;2;3	8;8;8
603	604	603	604	2	2	trialwise	482;2270	482;2270	4;15	6;26	sub-004_ses-102_task-s4;sub-004_ses-201_task-s4	482	4	6	sub-004	ses-102	task-s4	1;2	4;4
604	605	604	605	4	4	trialwise	461;2172;3866;4033	461;2172;3866;4033	3;14;25;26	144;87;13;21	sub-004_ses-101_task-s3;sub-004_ses-201_task-s3;sub-004_ses-302_task-s3;sub-004_ses-302_task-s4	461	3	144	sub-004	ses-101	task-s3	1;2;3;3	3;3;3;4
605	606	605	606	3	3	trialwise	1209;2948;4788	1209;2948;4788	8;19;30	100;71;143	sub-004_ses-103_task-s8;sub-004_ses-202_task-s8;sub-004_ses-303_task-s8	1209	8	100	sub-004	ses-103	task-s8	1;2;3	8;8;8
606	607	606	607	3	3	trialwise	919;2677;4402	919;2677;4402	6;17;28	126;116;73	sub-004_ses-102_task-s6;sub-004_ses-201_task-s6;sub-004_ses-302_task-s6	919	6	126	sub-004	ses-102	task-s6	1;2;3	6;6;6
607	608	607	608	4	4	trialwise	321;2118;3922;4027	321;2118;3922;4027	3;14;25;26	4;33;69;15	sub-004_ses-101_task-s3;sub-004_ses-201_task-s3;sub-004_ses-302_task-s3;sub-004_ses-302_task-s4	321	3	4	sub-004	ses-101	task-s3	1;2;3;3	3;3;3;4
608	609	608	609	3	3	trialwise	793;2438;4190	793;2438;4190	5;16;27	158;35;19	sub-004_ses-102_task-s5;sub-004_ses-201_task-s5;sub-004_ses-302_task-s5	793	5	158	sub-004	ses-102	task-s5	1;2;3	5;5;5
609	610	609	610	3	3	trialwise	1199;3007;4658	1199;3007;4658	8;19;30	90;130;13	sub-004_ses-103_task-s8;sub-004_ses-202_task-s8;sub-004_ses-303_task-s8	1199	8	90	sub-004	ses-103	task-s8	1;2;3	8;8;8
610	611	610	611	3	3	trialwise	779;2490;4271	779;2490;4271	5;16;27	144;87;100	sub-004_ses-102_task-s5;sub-004_ses-201_task-s5;sub-004_ses-302_task-s5	779	5	144	sub-004	ses-102	task-s5	1;2;3	5;5;5
611	612	611	612	2	2	trialwise	623;2287	623;2287	4;15	147;43	sub-004_ses-102_task-s4;sub-004_ses-201_task-s4	623	4	147	sub-004	ses-102	task-s4	1;2	4;4
612	613	612	613	3	3	trialwise	644;2465;4216	644;2465;4216	5;16;27	9;62;45	sub-004_ses-102_task-s5;sub-004_ses-201_task-s5;sub-004_ses-302_task-s5	644	5	9	sub-004	ses-102	task-s5	1;2;3	5;5;5
613	614	613	614	3	3	trialwise	268;1989;3695	268;1989;3695	2;13;24	110;63;1	sub-004_ses-101_task-s2;sub-004_ses-201_task-s2;sub-004_ses-301_task-s2	268	2	110	sub-004	ses-101	task-s2	1;2;3	2;2;2
614	615	614	615	2	2	trialwise	602;2281	602;2281	4;15	126;37	sub-004_ses-102_task-s4;sub-004_ses-201_task-s4	602	4	126	sub-004	ses-102	task-s4	1;2	4;4
615	616	615	616	3	3	trialwise	973;2787;4514	973;2787;4514	7;18;29	22;68;27	sub-004_ses-102_task-s7;sub-004_ses-202_task-s7;sub-004_ses-303_task-s7	973	7	22	sub-004	ses-102	task-s7	1;2;3	7;7;7
616	617	616	617	3	3	trialwise	873;2649;4470	873;2649;4470	6;17;28	80;88;141	sub-004_ses-102_task-s6;sub-004_ses-201_task-s6;sub-004_ses-302_task-s6	873	6	80	sub-004	ses-102	task-s6	1;2;3	6;6;6
617	618	617	618	2	2	trialwise	574;2251	574;2251	4;15	98;7	sub-004_ses-102_task-s4;sub-004_ses-201_task-s4	574	4	98	sub-004	ses-102	task-s4	1;2	4;4
618	619	618	619	3	3	trialwise	687;2455;4329	687;2455;4329	5;16;27	52;52;158	sub-004_ses-102_task-s5;sub-004_ses-201_task-s5;sub-004_ses-302_task-s5	687	5	52	sub-004	ses-102	task-s5	1;2;3	5;5;5
619	620	619	620	2	2	trialwise	610;2328	610;2328	4;15	134;84	sub-004_ses-102_task-s4;sub-004_ses-201_task-s4	610	4	134	sub-004	ses-102	task-s4	1;2	4;4
620	621	620	621	3	3	trialwise	936;2575;4366	936;2575;4366	6;17;28	143;14;37	sub-004_ses-102_task-s6;sub-004_ses-201_task-s6;sub-004_ses-302_task-s6	936	6	143	sub-004	ses-102	task-s6	1;2;3	6;6;6
621	622	621	622	3	3	trialwise	1050;2798;4556	1050;2798;4556	7;18;29	99;79;69	sub-004_ses-102_task-s7;sub-004_ses-202_task-s7;sub-004_ses-303_task-s7	1050	7	99	sub-004	ses-102	task-s7	1;2;3	7;7;7
622	623	622	623	3	3	trialwise	638;2430;4260	638;2430;4260	5;16;27	3;27;89	sub-004_ses-102_task-s5;sub-004_ses-201_task-s5;sub-004_ses-302_task-s5	638	5	3	sub-004	ses-102	task-s5	1;2;3	5;5;5
623	624	623	624	3	3	trialwise	853;2618;4351	853;2618;4351	6;17;28	60;57;22	sub-004_ses-102_task-s6;sub-004_ses-201_task-s6;sub-004_ses-302_task-s6	853	6	60	sub-004	ses-102	task-s6	1;2;3	6;6;6
624	625	624	625	3	3	trialwise	1041;2837;4599	1041;2837;4599	7;18;29	90;118;112	sub-004_ses-102_task-s7;sub-004_ses-202_task-s7;sub-004_ses-303_task-s7	1041	7	90	sub-004	ses-102	task-s7	1;2;3	7;7;7
625	626	625	626	3	3	trialwise	856;2613;4443	856;2613;4443	6;17;28	63;52;114	sub-004_ses-102_task-s6;sub-004_ses-201_task-s6;sub-004_ses-302_task-s6	856	6	63	sub-004	ses-102	task-s6	1;2;3	6;6;6
626	627	626	627	3	3	trialwise	117;1893;3692	117;1893;3692	1;12;23	118;126;157	sub-004_ses-101_task-s1;sub-004_ses-201_task-s1;sub-004_ses-301_task-s1	117	1	118	sub-004	ses-101	task-s1	1;2;3	1;1;1
627	628	627	628	3	3	trialwise	713;2444;4238	713;2444;4238	5;16;27	78;41;67	sub-004_ses-102_task-s5;sub-004_ses-201_task-s5;sub-004_ses-302_task-s5	713	5	78	sub-004	ses-102	task-s5	1;2;3	5;5;5
628	629	628	629	3	3	trialwise	139;1808;3663	139;1808;3663	1;12;23	140;41;128	sub-004_ses-101_task-s1;sub-004_ses-201_task-s1;sub-004_ses-301_task-s1	139	1	140	sub-004	ses-101	task-s1	1;2;3	1;1;1
629	630	629	630	3	3	trialwise	870;2689;4343	870;2689;4343	6;17;28	77;128;14	sub-004_ses-102_task-s6;sub-004_ses-201_task-s6;sub-004_ses-302_task-s6	870	6	77	sub-004	ses-102	task-s6	1;2;3	6;6;6
630	631	630	631	3	3	trialwise	67;1913;3589	67;1913;3589	1;12;23	68;146;54	sub-004_ses-101_task-s1;sub-004_ses-201_task-s1;sub-004_ses-301_task-s1	67	1	68	sub-004	ses-101	task-s1	1;2;3	1;1;1
631	632	631	632	3	3	trialwise	10;1825;3681	10;1825;3681	1;12;23	11;58;146	sub-004_ses-101_task-s1;sub-004_ses-201_task-s1;sub-004_ses-301_task-s1	10	1	11	sub-004	ses-101	task-s1	1;2;3	1;1;1
632	633	632	633	3	3	trialwise	875;2714;4483	875;2714;4483	6;17;28	82;153;154	sub-004_ses-102_task-s6;sub-004_ses-201_task-s6;sub-004_ses-302_task-s6	875	6	82	sub-004	ses-102	task-s6	1;2;3	6;6;6
633	634	633	634	4	4	trialwise	464;2139;3969;4013	464;2139;3969;4013	3;14;25;26	147;54;116;1	sub-004_ses-101_task-s3;sub-004_ses-201_task-s3;sub-004_ses-302_task-s3;sub-004_ses-302_task-s4	464	3	147	sub-004	ses-101	task-s3	1;2;3;3	3;3;3;4
634	635	634	635	3	3	trialwise	909;2620;4417	909;2620;4417	6;17;28	116;59;88	sub-004_ses-102_task-s6;sub-004_ses-201_task-s6;sub-004_ses-302_task-s6	909	6	116	sub-004	ses-102	task-s6	1;2;3	6;6;6
635	636	635	636	4	4	trialwise	468;2213;3975;4066	468;2213;3975;4066	3;14;25;26	151;128;122;54	sub-004_ses-101_task-s3;sub-004_ses-201_task-s3;sub-004_ses-302_task-s3;sub-004_ses-302_task-s4	468	3	151	sub-004	ses-101	task-s3	1;2;3;3	3;3;3;4
636	637	636	637	3	3	trialwise	1155;2926;4653	1155;2926;4653	8;19;30	46;49;8	sub-004_ses-103_task-s8;sub-004_ses-202_task-s8;sub-004_ses-303_task-s8	1155	8	46	sub-004	ses-103	task-s8	1;2;3	8;8;8
637	638	637	638	4	4	trialwise	376;2240;3902;4109	376;2240;3902;4109	3;14;25;26	59;155;49;97	sub-004_ses-101_task-s3;sub-004_ses-201_task-s3;sub-004_ses-302_task-s3;sub-004_ses-302_task-s4	376	3	59	sub-004	ses-101	task-s3	1;2;3;3	3;3;3;4
638	639	638	639	3	3	trialwise	794;2628;4396	794;2628;4396	6;17;28	1;67;67	sub-004_ses-102_task-s6;sub-004_ses-201_task-s6;sub-004_ses-302_task-s6	794	6	1	sub-004	ses-102	task-s6	1;2;3	6;6;6
639	640	639	640	3	3	trialwise	984;2877;4633	984;2877;4633	7;18;29	33;158;146	sub-004_ses-102_task-s7;sub-004_ses-202_task-s7;sub-004_ses-303_task-s7	984	7	33	sub-004	ses-102	task-s7	1;2;3	7;7;7
640	641	640	641	3	3	trialwise	788;2497;4189	788;2497;4189	5;16;27	153;94;18	sub-004_ses-102_task-s5;sub-004_ses-201_task-s5;sub-004_ses-302_task-s5	788	5	153	sub-004	ses-102	task-s5	1;2;3	5;5;5
641	642	641	642	2	2	trialwise	596;2400	596;2400	4;15	120;156	sub-004_ses-102_task-s4;sub-004_ses-201_task-s4	596	4	120	sub-004	ses-102	task-s4	1;2	4;4
642	643	642	643	3	3	trialwise	72;1803;3652	72;1803;3652	1;12;23	73;36;117	sub-004_ses-101_task-s1;sub-004_ses-201_task-s1;sub-004_ses-301_task-s1	72	1	73	sub-004	ses-101	task-s1	1;2;3	1;1;1
643	644	643	644	3	3	trialwise	1053;2726;4502	1053;2726;4502	7;18;29	102;7;15	sub-004_ses-102_task-s7;sub-004_ses-202_task-s7;sub-004_ses-303_task-s7	1053	7	102	sub-004	ses-102	task-s7	1;2;3	7;7;7
644	645	644	645	4	4	trialwise	418;2194;3965;4044	418;2194;3965;4044	3;14;25;26	101;109;112;32	sub-004_ses-101_task-s3;sub-004_ses-201_task-s3;sub-004_ses-302_task-s3;sub-004_ses-302_task-s4	418	3	101	sub-004	ses-101	task-s3	1;2;3;3	3;3;3;4
645	646	645	646	3	3	trialwise	48;1809;3595	48;1809;3595	1;12;23	49;42;60	sub-004_ses-101_task-s1;sub-004_ses-201_task-s1;sub-004_ses-301_task-s1	48	1	49	sub-004	ses-101	task-s1	1;2;3	1;1;1
646	647	646	647	3	3	trialwise	1123;2960;4801	1123;2960;4801	8;19;30	14;83;156	sub-004_ses-103_task-s8;sub-004_ses-202_task-s8;sub-004_ses-303_task-s8	1123	8	14	sub-004	ses-103	task-s8	1;2;3	8;8;8
647	648	647	648	4	4	trialwise	322;2244;3934;4019	322;2244;3934;4019	3;14;25;26	5;159;81;7	sub-004_ses-101_task-s3;sub-004_ses-201_task-s3;sub-004_ses-302_task-s3;sub-004_ses-302_task-s4	322	3	5	sub-004	ses-101	task-s3	1;2;3;3	3;3;3;4
648	649	648	649	3	3	trialwise	1105;2756;4519	1105;2756;4519	7;18;29	154;37;32	sub-004_ses-102_task-s7;sub-004_ses-202_task-s7;sub-004_ses-303_task-s7	1105	7	154	sub-004	ses-102	task-s7	1;2;3	7;7;7
649	650	649	650	3	3	trialwise	894;2568;4433	894;2568;4433	6;17;28	101;7;104	sub-004_ses-102_task-s6;sub-004_ses-201_task-s6;sub-004_ses-302_task-s6	894	6	101	sub-004	ses-102	task-s6	1;2;3	6;6;6
650	651	650	651	4	4	trialwise	454;2232;3893;4167	454;2232;3893;4167	3;14;25;26	137;147;40;155	sub-004_ses-101_task-s3;sub-004_ses-201_task-s3;sub-004_ses-302_task-s3;sub-004_ses-302_task-s4	454	3	137	sub-004	ses-101	task-s3	1;2;3;3	3;3;3;4
651	652	651	652	3	3	trialwise	946;2595;4362	946;2595;4362	6;17;28	153;34;33	sub-004_ses-102_task-s6;sub-004_ses-201_task-s6;sub-004_ses-302_task-s6	946	6	153	sub-004	ses-102	task-s6	1;2;3	6;6;6
652	653	652	653	3	3	trialwise	1147;2993;4785	1147;2993;4785	8;19;30	38;116;140	sub-004_ses-103_task-s8;sub-004_ses-202_task-s8;sub-004_ses-303_task-s8	1147	8	38	sub-004	ses-103	task-s8	1;2;3	8;8;8
653	654	653	654	4	4	trialwise	369;2090;3994;4082	369;2090;3994;4082	3;14;25;26	52;5;141;70	sub-004_ses-101_task-s3;sub-004_ses-201_task-s3;sub-004_ses-302_task-s3;sub-004_ses-302_task-s4	369	3	52	sub-004	ses-101	task-s3	1;2;3;3	3;3;3;4
654	655	654	655	3	3	trialwise	1148;2967;4795	1148;2967;4795	8;19;30	39;90;150	sub-004_ses-103_task-s8;sub-004_ses-202_task-s8;sub-004_ses-303_task-s8	1148	8	39	sub-004	ses-103	task-s8	1;2;3	8;8;8
655	656	655	656	3	3	trialwise	224;2060;3822	224;2060;3822	2;13;24	66;134;128	sub-004_ses-101_task-s2;sub-004_ses-201_task-s2;sub-004_ses-301_task-s2	224	2	66	sub-004	ses-101	task-s2	1;2;3	2;2;2
656	657	656	657	3	3	trialwise	967;2817;4506	967;2817;4506	7;18;29	16;98;19	sub-004_ses-102_task-s7;sub-004_ses-202_task-s7;sub-004_ses-303_task-s7	967	7	16	sub-004	ses-102	task-s7	1;2;3	7;7;7
657	658	657	658	3	3	trialwise	960;2869;4520	960;2869;4520	7;18;29	9;150;33	sub-004_ses-102_task-s7;sub-004_ses-202_task-s7;sub-004_ses-303_task-s7	960	7	9	sub-004	ses-102	task-s7	1;2;3	7;7;7
658	659	658	659	4	4	trialwise	462;2238;3872;4143	462;2238;3872;4143	3;14;25;26	145;153;19;131	sub-004_ses-101_task-s3;sub-004_ses-201_task-s3;sub-004_ses-302_task-s3;sub-004_ses-302_task-s4	462	3	145	sub-004	ses-101	task-s3	1;2;3;3	3;3;3;4
659	660	659	660	3	3	trialwise	658;2464;4244	658;2464;4244	5;16;27	23;61;73	sub-004_ses-102_task-s5;sub-004_ses-201_task-s5;sub-004_ses-302_task-s5	658	5	23	sub-004	ses-102	task-s5	1;2;3	5;5;5
660	661	660	661	3	3	trialwise	278;1990;3836	278;1990;3836	2;13;24	120;64;142	sub-004_ses-101_task-s2;sub-004_ses-201_task-s2;sub-004_ses-301_task-s2	278	2	120	sub-004	ses-101	task-s2	1;2;3	2;2;2
661	662	661	662	3	3	trialwise	900;2682;4361	900;2682;4361	6;17;28	107;121;32	sub-004_ses-102_task-s6;sub-004_ses-201_task-s6;sub-004_ses-302_task-s6	900	6	107	sub-004	ses-102	task-s6	1;2;3	6;6;6
662	663	662	663	3	3	trialwise	135;1863;3563	135;1863;3563	1;12;23	136;96;28	sub-004_ses-101_task-s1;sub-004_ses-201_task-s1;sub-004_ses-301_task-s1	135	1	136	sub-004	ses-101	task-s1	1;2;3	1;1;1
663	664	663	664	3	3	trialwise	690;2441;4300	690;2441;4300	5;16;27	55;38;129	sub-004_ses-102_task-s5;sub-004_ses-201_task-s5;sub-004_ses-302_task-s5	690	5	55	sub-004	ses-102	task-s5	1;2;3	5;5;5
664	665	664	665	3	3	trialwise	895;2592;4445	895;2592;4445	6;17;28	102;31;116	sub-004_ses-102_task-s6;sub-004_ses-201_task-s6;sub-004_ses-302_task-s6	895	6	102	sub-004	ses-102	task-s6	1;2;3	6;6;6
665	666	665	666	2	2	trialwise	555;2261	555;2261	4;15	79;17	sub-004_ses-102_task-s4;sub-004_ses-201_task-s4	555	4	79	sub-004	ses-102	task-s4	1;2	4;4
666	667	666	667	3	3	trialwise	769;2409;4286	769;2409;4286	5;16;27	134;6;115	sub-004_ses-102_task-s5;sub-004_ses-201_task-s5;sub-004_ses-302_task-s5	769	5	134	sub-004	ses-102	task-s5	1;2;3	5;5;5
667	668	667	668	2	2	trialwise	619;2279	619;2279	4;15	143;35	sub-004_ses-102_task-s4;sub-004_ses-201_task-s4	619	4	143	sub-004	ses-102	task-s4	1;2	4;4
668	669	668	669	3	3	trialwise	190;2076;3830	190;2076;3830	2;13;24	32;150;136	sub-004_ses-101_task-s2;sub-004_ses-201_task-s2;sub-004_ses-301_task-s2	190	2	32	sub-004	ses-101	task-s2	1;2;3	2;2;2
669	670	669	670	3	3	trialwise	1106;2760;4586	1106;2760;4586	7;18;29	155;41;99	sub-004_ses-102_task-s7;sub-004_ses-202_task-s7;sub-004_ses-303_task-s7	1106	7	155	sub-004	ses-102	task-s7	1;2;3	7;7;7
670	671	670	671	2	2	trialwise	604;2313	604;2313	4;15	128;69	sub-004_ses-102_task-s4;sub-004_ses-201_task-s4	604	4	128	sub-004	ses-102	task-s4	1;2	4;4
671	672	671	672	3	3	trialwise	935;2661;4363	935;2661;4363	6;17;28	142;100;34	sub-004_ses-102_task-s6;sub-004_ses-201_task-s6;sub-004_ses-302_task-s6	935	6	142	sub-004	ses-102	task-s6	1;2;3	6;6;6
672	673	672	673	3	3	trialwise	1031;2732;4596	1031;2732;4596	7;18;29	80;13;109	sub-004_ses-102_task-s7;sub-004_ses-202_task-s7;sub-004_ses-303_task-s7	1031	7	80	sub-004	ses-102	task-s7	1;2;3	7;7;7
673	674	673	674	3	3	trialwise	122;1842;3559	122;1842;3559	1;12;23	123;75;24	sub-004_ses-101_task-s1;sub-004_ses-201_task-s1;sub-004_ses-301_task-s1	122	1	123	sub-004	ses-101	task-s1	1;2;3	1;1;1
674	675	674	675	3	3	trialwise	970;2861;4528	970;2861;4528	7;18;29	19;142;41	sub-004_ses-102_task-s7;sub-004_ses-202_task-s7;sub-004_ses-303_task-s7	970	7	19	sub-004	ses-102	task-s7	1;2;3	7;7;7
675	676	675	676	3	3	trialwise	146;1827;3624	146;1827;3624	1;12;23	147;60;89	sub-004_ses-101_task-s1;sub-004_ses-201_task-s1;sub-004_ses-301_task-s1	146	1	147	sub-004	ses-101	task-s1	1;2;3	1;1;1
676	677	676	677	3	3	trialwise	112;1898;3682	112;1898;3682	1;12;23	113;131;147	sub-004_ses-101_task-s1;sub-004_ses-201_task-s1;sub-004_ses-301_task-s1	112	1	113	sub-004	ses-101	task-s1	1;2;3	1;1;1
677	678	677	678	3	3	trialwise	1187;3004;4771	1187;3004;4771	8;19;30	78;127;126	sub-004_ses-103_task-s8;sub-004_ses-202_task-s8;sub-004_ses-303_task-s8	1187	8	78	sub-004	ses-103	task-s8	1;2;3	8;8;8
678	679	678	679	2	2	trialwise	542;2311	542;2311	4;15	66;67	sub-004_ses-102_task-s4;sub-004_ses-201_task-s4	542	4	66	sub-004	ses-102	task-s4	1;2	4;4
679	680	679	680	3	3	trialwise	260;2071;3700	260;2071;3700	2;13;24	102;145;6	sub-004_ses-101_task-s2;sub-004_ses-201_task-s2;sub-004_ses-301_task-s2	260	2	102	sub-004	ses-101	task-s2	1;2;3	2;2;2
680	681	680	681	3	3	trialwise	901;2563;4439	901;2563;4439	6;17;28	108;2;110	sub-004_ses-102_task-s6;sub-004_ses-201_task-s6;sub-004_ses-302_task-s6	901	6	108	sub-004	ses-102	task-s6	1;2;3	6;6;6
681	682	681	682	3	3	trialwise	53;1860;3687	53;1860;3687	1;12;23	54;93;152	sub-004_ses-101_task-s1;sub-004_ses-201_task-s1;sub-004_ses-301_task-s1	53	1	54	sub-004	ses-101	task-s1	1;2;3	1;1;1
682	683	682	683	4	4	trialwise	415;2190;3983;4131	415;2190;3983;4131	3;14;25;26	98;105;130;119	sub-004_ses-101_task-s3;sub-004_ses-201_task-s3;sub-004_ses-302_task-s3;sub-004_ses-302_task-s4	415	3	98	sub-004	ses-101	task-s3	1;2;3;3	3;3;3;4
683	684	683	684	3	3	trialwise	729;2426;4235	729;2426;4235	5;16;27	94;23;64	sub-004_ses-102_task-s5;sub-004_ses-201_task-s5;sub-004_ses-302_task-s5	729	5	94	sub-004	ses-102	task-s5	1;2;3	5;5;5
684	685	684	685	3	3	trialwise	797;2564;4479	797;2564;4479	6;17;28	4;3;150	sub-004_ses-102_task-s6;sub-004_ses-201_task-s6;sub-004_ses-302_task-s6	797	6	4	sub-004	ses-102	task-s6	1;2;3	6;6;6
685	686	685	686	2	2	trialwise	505;2268	505;2268	4;15	29;24	sub-004_ses-102_task-s4;sub-004_ses-201_task-s4	505	4	29	sub-004	ses-102	task-s4	1;2	4;4
686	687	686	687	3	3	trialwise	1067;2876;4624	1067;2876;4624	7;18;29	116;157;137	sub-004_ses-102_task-s7;sub-004_ses-202_task-s7;sub-004_ses-303_task-s7	1067	7	116	sub-004	ses-102	task-s7	1;2;3	7;7;7
687	688	687	688	2	2	trialwise	526;2317	526;2317	4;15	50;73	sub-004_ses-102_task-s4;sub-004_ses-201_task-s4	526	4	50	sub-004	ses-102	task-s4	1;2	4;4
688	689	688	689	4	4	trialwise	336;2230;3953;4171	336;2230;3953;4171	3;14;25;26	19;145;100;159	sub-004_ses-101_task-s3;sub-004_ses-201_task-s3;sub-004_ses-302_task-s3;sub-004_ses-302_task-s4	336	3	19	sub-004	ses-101	task-s3	1;2;3;3	3;3;3;4
689	690	689	690	3	3	trialwise	1195;3019;4739	1195;3019;4739	8;19;30	86;142;94	sub-004_ses-103_task-s8;sub-004_ses-202_task-s8;sub-004_ses-303_task-s8	1195	8	86	sub-004	ses-103	task-s8	1;2;3	8;8;8
690	691	690	691	3	3	trialwise	678;2415;4250	678;2415;4250	5;16;27	43;12;79	sub-004_ses-102_task-s5;sub-004_ses-201_task-s5;sub-004_ses-302_task-s5	678	5	43	sub-004	ses-102	task-s5	1;2;3	5;5;5
691	692	691	692	3	3	trialwise	791;2528;4182	791;2528;4182	5;16;27	156;125;11	sub-004_ses-102_task-s5;sub-004_ses-201_task-s5;sub-004_ses-302_task-s5	791	5	156	sub-004	ses-102	task-s5	1;2;3	5;5;5
692	693	692	693	3	3	trialwise	51;1855;3582	51;1855;3582	1;12;23	52;88;47	sub-004_ses-101_task-s1;sub-004_ses-201_task-s1;sub-004_ses-301_task-s1	51	1	52	sub-004	ses-101	task-s1	1;2;3	1;1;1
693	694	693	694	3	3	trialwise	244;2047;3710	244;2047;3710	2;13;24	86;121;16	sub-004_ses-101_task-s2;sub-004_ses-201_task-s2;sub-004_ses-301_task-s2	244	2	86	sub-004	ses-101	task-s2	1;2;3	2;2;2
694	695	694	695	3	3	trialwise	664;2502;4245	664;2502;4245	5;16;27	29;99;74	sub-004_ses-102_task-s5;sub-004_ses-201_task-s5;sub-004_ses-302_task-s5	664	5	29	sub-004	ses-102	task-s5	1;2;3	5;5;5
695	696	695	696	3	3	trialwise	991;2847;4638	991;2847;4638	7;18;29	40;128;151	sub-004_ses-102_task-s7;sub-004_ses-202_task-s7;sub-004_ses-303_task-s7	991	7	40	sub-004	ses-102	task-s7	1;2;3	7;7;7
696	697	696	697	3	3	trialwise	282;2078;3793	282;2078;3793	2;13;24	124;152;99	sub-004_ses-101_task-s2;sub-004_ses-201_task-s2;sub-004_ses-301_task-s2	282	2	124	sub-004	ses-101	task-s2	1;2;3	2;2;2
697	698	697	698	3	3	trialwise	927;2660;4484	927;2660;4484	6;17;28	134;99;155	sub-004_ses-102_task-s6;sub-004_ses-201_task-s6;sub-004_ses-302_task-s6	927	6	134	sub-004	ses-102	task-s6	1;2;3	6;6;6
698	699	698	699	3	3	trialwise	852;2667;4341	852;2667;4341	6;17;28	59;106;12	sub-004_ses-102_task-s6;sub-004_ses-201_task-s6;sub-004_ses-302_task-s6	852	6	59	sub-004	ses-102	task-s6	1;2;3	6;6;6
699	700	699	700	3	3	trialwise	954;2812;4507	954;2812;4507	7;18;29	3;93;20	sub-004_ses-102_task-s7;sub-004_ses-202_task-s7;sub-004_ses-303_task-s7	954	7	3	sub-004	ses-102	task-s7	1;2;3	7;7;7
700	701	700	701	2	2	trialwise	580;2286	580;2286	4;15	104;42	sub-004_ses-102_task-s4;sub-004_ses-201_task-s4	580	4	104	sub-004	ses-102	task-s4	1;2	4;4
701	702	701	702	3	3	trialwise	990;2823;4636	990;2823;4636	7;18;29	39;104;149	sub-004_ses-102_task-s7;sub-004_ses-202_task-s7;sub-004_ses-303_task-s7	990	7	39	sub-004	ses-102	task-s7	1;2;3	7;7;7
702	703	702	703	3	3	trialwise	1249;3029;4693	1249;3029;4693	8;19;30	140;152;48	sub-004_ses-103_task-s8;sub-004_ses-202_task-s8;sub-004_ses-303_task-s8	1249	8	140	sub-004	ses-103	task-s8	1;2;3	8;8;8
703	704	703	704	3	3	trialwise	959;2854;4601	959;2854;4601	7;18;29	8;135;114	sub-004_ses-102_task-s7;sub-004_ses-202_task-s7;sub-004_ses-303_task-s7	959	7	8	sub-004	ses-102	task-s7	1;2;3	7;7;7
704	705	704	705	3	3	trialwise	105;1912;3564	105;1912;3564	1;12;23	106;145;29	sub-004_ses-101_task-s1;sub-004_ses-201_task-s1;sub-004_ses-301_task-s1	105	1	106	sub-004	ses-101	task-s1	1;2;3	1;1;1
705	706	705	706	3	3	trialwise	830;2631;4480	830;2631;4480	6;17;28	37;70;151	sub-004_ses-102_task-s6;sub-004_ses-201_task-s6;sub-004_ses-302_task-s6	830	6	37	sub-004	ses-102	task-s6	1;2;3	6;6;6
706	707	706	707	2	2	trialwise	618;2320	618;2320	4;15	142;76	sub-004_ses-102_task-s4;sub-004_ses-201_task-s4	618	4	142	sub-004	ses-102	task-s4	1;2	4;4
707	708	707	708	3	3	trialwise	213;1957;3808	213;1957;3808	2;13;24	55;31;114	sub-004_ses-101_task-s2;sub-004_ses-201_task-s2;sub-004_ses-301_task-s2	213	2	55	sub-004	ses-101	task-s2	1;2;3	2;2;2
708	709	708	709	3	3	trialwise	893;2680;4410	893;2680;4410	6;17;28	100;119;81	sub-004_ses-102_task-s6;sub-004_ses-201_task-s6;sub-004_ses-302_task-s6	893	6	100	sub-004	ses-102	task-s6	1;2;3	6;6;6
709	710	709	710	3	3	trialwise	786;2555;4220	786;2555;4220	5;16;27	151;152;49	sub-004_ses-102_task-s5;sub-004_ses-201_task-s5;sub-004_ses-302_task-s5	786	5	151	sub-004	ses-102	task-s5	1;2;3	5;5;5
710	711	710	711	4	4	trialwise	355;2185;3900;4108	355;2185;3900;4108	3;14;25;26	38;100;47;96	sub-004_ses-101_task-s3;sub-004_ses-201_task-s3;sub-004_ses-302_task-s3;sub-004_ses-302_task-s4	355	3	38	sub-004	ses-101	task-s3	1;2;3;3	3;3;3;4
711	712	711	712	3	3	trialwise	1090;2786;4592	1090;2786;4592	7;18;29	139;67;105	sub-004_ses-102_task-s7;sub-004_ses-202_task-s7;sub-004_ses-303_task-s7	1090	7	139	sub-004	ses-102	task-s7	1;2;3	7;7;7
712	713	712	713	3	3	trialwise	1230;2938;4669	1230;2938;4669	8;19;30	121;61;24	sub-004_ses-103_task-s8;sub-004_ses-202_task-s8;sub-004_ses-303_task-s8	1230	8	121	sub-004	ses-103	task-s8	1;2;3	8;8;8
713	714	713	714	2	2	trialwise	576;2358	576;2358	4;15	100;114	sub-004_ses-102_task-s4;sub-004_ses-201_task-s4	576	4	100	sub-004	ses-102	task-s4	1;2	4;4
714	715	714	715	3	3	trialwise	80;1819;3651	80;1819;3651	1;12;23	81;52;116	sub-004_ses-101_task-s1;sub-004_ses-201_task-s1;sub-004_ses-301_task-s1	80	1	81	sub-004	ses-101	task-s1	1;2;3	1;1;1
715	716	715	716	4	4	trialwise	342;2181;3938;4122	342;2181;3938;4122	3;14;25;26	25;96;85;110	sub-004_ses-101_task-s3;sub-004_ses-201_task-s3;sub-004_ses-302_task-s3;sub-004_ses-302_task-s4	342	3	25	sub-004	ses-101	task-s3	1;2;3;3	3;3;3;4
716	717	716	717	2	2	trialwise	585;2301	585;2301	4;15	109;57	sub-004_ses-102_task-s4;sub-004_ses-201_task-s4	585	4	109	sub-004	ses-102	task-s4	1;2	4;4
717	718	717	718	3	3	trialwise	795;2611;4482	795;2611;4482	6;17;28	2;50;153	sub-004_ses-102_task-s6;sub-004_ses-201_task-s6;sub-004_ses-302_task-s6	795	6	2	sub-004	ses-102	task-s6	1;2;3	6;6;6
718	719	718	719	3	3	trialwise	170;1985;3770	170;1985;3770	2;13;24	12;59;76	sub-004_ses-101_task-s2;sub-004_ses-201_task-s2;sub-004_ses-301_task-s2	170	2	12	sub-004	ses-101	task-s2	1;2;3	2;2;2
719	720	719	720	3	3	trialwise	1167;2971;4752	1167;2971;4752	8;19;30	58;94;107	sub-004_ses-103_task-s8;sub-004_ses-202_task-s8;sub-004_ses-303_task-s8	1167	8	58	sub-004	ses-103	task-s8	1;2;3	8;8;8
720	721	720	721	2	2	trialwise	483;2278	483;2278	4;15	7;34	sub-004_ses-102_task-s4;sub-004_ses-201_task-s4	483	4	7	sub-004	ses-102	task-s4	1;2	4;4
721	722	721	722	3	3	trialwise	82;1883;3676	82;1883;3676	1;12;23	83;116;141	sub-004_ses-101_task-s1;sub-004_ses-201_task-s1;sub-004_ses-301_task-s1	82	1	83	sub-004	ses-101	task-s1	1;2;3	1;1;1
722	723	722	723	3	3	trialwise	818;2702;4459	818;2702;4459	6;17;28	25;141;130	sub-004_ses-102_task-s6;sub-004_ses-201_task-s6;sub-004_ses-302_task-s6	818	6	25	sub-004	ses-102	task-s6	1;2;3	6;6;6
723	724	723	724	3	3	trialwise	1059;2836;4569	1059;2836;4569	7;18;29	108;117;82	sub-004_ses-102_task-s7;sub-004_ses-202_task-s7;sub-004_ses-303_task-s7	1059	7	108	sub-004	ses-102	task-s7	1;2;3	7;7;7
724	725	724	725	2	2	trialwise	535;2347	535;2347	4;15	59;103	sub-004_ses-102_task-s4;sub-004_ses-201_task-s4	535	4	59	sub-004	ses-102	task-s4	1;2	4;4
725	726	725	726	3	3	trialwise	823;2674;4392	823;2674;4392	6;17;28	30;113;63	sub-004_ses-102_task-s6;sub-004_ses-201_task-s6;sub-004_ses-302_task-s6	823	6	30	sub-004	ses-102	task-s6	1;2;3	6;6;6
726	727	726	727	3	3	trialwise	719;2442;4287	719;2442;4287	5;16;27	84;39;116	sub-004_ses-102_task-s5;sub-004_ses-201_task-s5;sub-004_ses-302_task-s5	719	5	84	sub-004	ses-102	task-s5	1;2;3	5;5;5
727	728	727	728	3	3	trialwise	1084;2727;4590	1084;2727;4590	7;18;29	133;8;103	sub-004_ses-102_task-s7;sub-004_ses-202_task-s7;sub-004_ses-303_task-s7	1084	7	133	sub-004	ses-102	task-s7	1;2;3	7;7;7
728	729	728	729	3	3	trialwise	1153;2889;4777	1153;2889;4777	8;19;30	44;12;132	sub-004_ses-103_task-s8;sub-004_ses-202_task-s8;sub-004_ses-303_task-s8	1153	8	44	sub-004	ses-103	task-s8	1;2;3	8;8;8
729	730	729	730	3	3	trialwise	57;1881;3599	57;1881;3599	1;12;23	58;114;64	sub-004_ses-101_task-s1;sub-004_ses-201_task-s1;sub-004_ses-301_task-s1	57	1	58	sub-004	ses-101	task-s1	1;2;3	1;1;1
730	731	730	731	3	3	trialwise	1030;2809;4567	1030;2809;4567	7;18;29	79;90;80	sub-004_ses-102_task-s7;sub-004_ses-202_task-s7;sub-004_ses-303_task-s7	1030	7	79	sub-004	ses-102	task-s7	1;2;3	7;7;7
731	732	731	732	2	2	trialwise	480;2386	480;2386	4;15	4;142	sub-004_ses-102_task-s4;sub-004_ses-201_task-s4	480	4	4	sub-004	ses-102	task-s4	1;2	4;4
732	733	732	733	2	2	trialwise	490;2369	490;2369	4;15	14;125	sub-004_ses-102_task-s4;sub-004_ses-201_task-s4	490	4	14	sub-004	ses-102	task-s4	1;2	4;4
733	734	733	734	4	4	trialwise	367;2143;4007;4104	367;2143;4007;4104	3;14;25;26	50;58;154;92	sub-004_ses-101_task-s3;sub-004_ses-201_task-s3;sub-004_ses-302_task-s3;sub-004_ses-302_task-s4	367	3	50	sub-004	ses-101	task-s3	1;2;3;3	3;3;3;4
734	735	734	735	3	3	trialwise	676;2525;4306	676;2525;4306	5;16;27	41;122;135	sub-004_ses-102_task-s5;sub-004_ses-201_task-s5;sub-004_ses-302_task-s5	676	5	41	sub-004	ses-102	task-s5	1;2;3	5;5;5
735	736	735	736	3	3	trialwise	1231;2956;4780	1231;2956;4780	8;19;30	122;79;135	sub-004_ses-103_task-s8;sub-004_ses-202_task-s8;sub-004_ses-303_task-s8	1231	8	122	sub-004	ses-103	task-s8	1;2;3	8;8;8
736	737	736	737	3	3	trialwise	262;1987;3707	262;1987;3707	2;13;24	104;61;13	sub-004_ses-101_task-s2;sub-004_ses-201_task-s2;sub-004_ses-301_task-s2	262	2	104	sub-004	ses-101	task-s2	1;2;3	2;2;2
737	738	737	738	3	3	trialwise	822;2696;4338	822;2696;4338	6;17;28	29;135;9	sub-004_ses-102_task-s6;sub-004_ses-201_task-s6;sub-004_ses-302_task-s6	822	6	29	sub-004	ses-102	task-s6	1;2;3	6;6;6
738	739	738	739	4	4	trialwise	436;2243;3935;4130	436;2243;3935;4130	3;14;25;26	119;158;82;118	sub-004_ses-101_task-s3;sub-004_ses-201_task-s3;sub-004_ses-302_task-s3;sub-004_ses-302_task-s4	436	3	119	sub-004	ses-101	task-s3	1;2;3;3	3;3;3;4
739	740	739	740	3	3	trialwise	1146;2957;4744	1146;2957;4744	8;19;30	37;80;99	sub-004_ses-103_task-s8;sub-004_ses-202_task-s8;sub-004_ses-303_task-s8	1146	8	37	sub-004	ses-103	task-s8	1;2;3	8;8;8
740	741	740	741	3	3	trialwise	44;1829;3568	44;1829;3568	1;12;23	45;62;33	sub-004_ses-101_task-s1;sub-004_ses-201_task-s1;sub-004_ses-301_task-s1	44	1	45	sub-004	ses-101	task-s1	1;2;3	1;1;1
741	742	741	742	3	3	trialwise	92;1857;3622	92;1857;3622	1;12;23	93;90;87	sub-004_ses-101_task-s1;sub-004_ses-201_task-s1;sub-004_ses-301_task-s1	92	1	93	sub-004	ses-101	task-s1	1;2;3	1;1;1
742	743	742	743	3	3	trialwise	828;2581;4415	828;2581;4415	6;17;28	35;20;86	sub-004_ses-102_task-s6;sub-004_ses-201_task-s6;sub-004_ses-302_task-s6	828	6	35	sub-004	ses-102	task-s6	1;2;3	6;6;6
743	744	743	744	2	2	trialwise	607;2401	607;2401	4;15	131;157	sub-004_ses-102_task-s4;sub-004_ses-201_task-s4	607	4	131	sub-004	ses-102	task-s4	1;2	4;4
744	745	744	745	3	3	trialwise	1144;2913;4704	1144;2913;4704	8;19;30	35;36;59	sub-004_ses-103_task-s8;sub-004_ses-202_task-s8;sub-004_ses-303_task-s8	1144	8	35	sub-004	ses-103	task-s8	1;2;3	8;8;8
745	746	745	746	3	3	trialwise	281;1971;3848	281;1971;3848	2;13;24	123;45;154	sub-004_ses-101_task-s2;sub-004_ses-201_task-s2;sub-004_ses-301_task-s2	281	2	123	sub-004	ses-101	task-s2	1;2;3	2;2;2
746	747	746	747	3	3	trialwise	747;2523;4230	747;2523;4230	5;16;27	112;120;59	sub-004_ses-102_task-s5;sub-004_ses-201_task-s5;sub-004_ses-302_task-s5	747	5	112	sub-004	ses-102	task-s5	1;2;3	5;5;5
747	748	747	748	3	3	trialwise	37;1776;3556	37;1776;3556	1;12;23	38;9;21	sub-004_ses-101_task-s1;sub-004_ses-201_task-s1;sub-004_ses-301_task-s1	37	1	38	sub-004	ses-101	task-s1	1;2;3	1;1;1
748	749	748	749	3	3	trialwise	8;1775;3640	8;1775;3640	1;12;23	9;8;105	sub-004_ses-101_task-s1;sub-004_ses-201_task-s1;sub-004_ses-301_task-s1	8	1	9	sub-004	ses-101	task-s1	1;2;3	1;1;1
749	750	749	750	4	4	trialwise	348;2125;3967;4137	348;2125;3967;4137	3;14;25;26	31;40;114;125	sub-004_ses-101_task-s3;sub-004_ses-201_task-s3;sub-004_ses-302_task-s3;sub-004_ses-302_task-s4	348	3	31	sub-004	ses-101	task-s3	1;2;3;3	3;3;3;4
750	751	750	751	3	3	trialwise	924;2711;4457	924;2711;4457	6;17;28	131;150;128	sub-004_ses-102_task-s6;sub-004_ses-201_task-s6;sub-004_ses-302_task-s6	924	6	131	sub-004	ses-102	task-s6	1;2;3	6;6;6
751	752	751	752	3	3	trialwise	120;1851;3551	120;1851;3551	1;12;23	121;84;16	sub-004_ses-101_task-s1;sub-004_ses-201_task-s1;sub-004_ses-301_task-s1	120	1	121	sub-004	ses-101	task-s1	1;2;3	1;1;1
752	753	752	753	3	3	trialwise	1060;2730;4563	1060;2730;4563	7;18;29	109;11;76	sub-004_ses-102_task-s7;sub-004_ses-202_task-s7;sub-004_ses-303_task-s7	1060	7	109	sub-004	ses-102	task-s7	1;2;3	7;7;7
753	754	753	754	3	3	trialwise	261;1969;3794	261;1969;3794	2;13;24	103;43;100	sub-004_ses-101_task-s2;sub-004_ses-201_task-s2;sub-004_ses-301_task-s2	261	2	103	sub-004	ses-101	task-s2	1;2;3	2;2;2
754	755	754	755	4	4	trialwise	328;2119;3889;4095	328;2119;3889;4095	3;14;25;26	11;34;36;83	sub-004_ses-101_task-s3;sub-004_ses-201_task-s3;sub-004_ses-302_task-s3;sub-004_ses-302_task-s4	328	3	11	sub-004	ses-101	task-s3	1;2;3;3	3;3;3;4
755	756	755	756	3	3	trialwise	169;1981;3814	169;1981;3814	2;13;24	11;55;120	sub-004_ses-101_task-s2;sub-004_ses-201_task-s2;sub-004_ses-301_task-s2	169	2	11	sub-004	ses-101	task-s2	1;2;3	2;2;2
756	757	756	757	3	3	trialwise	872;2616;4339	872;2616;4339	6;17;28	79;55;10	sub-004_ses-102_task-s6;sub-004_ses-201_task-s6;sub-004_ses-302_task-s6	872	6	79	sub-004	ses-102	task-s6	1;2;3	6;6;6
757	758	757	758	3	3	trialwise	691;2508;4316	691;2508;4316	5;16;27	56;105;145	sub-004_ses-102_task-s5;sub-004_ses-201_task-s5;sub-004_ses-302_task-s5	691	5	56	sub-004	ses-102	task-s5	1;2;3	5;5;5
758	759	758	759	3	3	trialwise	876;2718;4460	876;2718;4460	6;17;28	83;157;131	sub-004_ses-102_task-s6;sub-004_ses-201_task-s6;sub-004_ses-302_task-s6	876	6	83	sub-004	ses-102	task-s6	1;2;3	6;6;6
759	760	759	760	4	4	trialwise	389;2187;3985;4123	389;2187;3985;4123	3;14;25;26	72;102;132;111	sub-004_ses-101_task-s3;sub-004_ses-201_task-s3;sub-004_ses-302_task-s3;sub-004_ses-302_task-s4	389	3	72	sub-004	ses-101	task-s3	1;2;3;3	3;3;3;4
760	761	760	761	2	2	trialwise	615;2351	615;2351	4;15	139;107	sub-004_ses-102_task-s4;sub-004_ses-201_task-s4	615	4	139	sub-004	ses-102	task-s4	1;2	4;4
761	762	761	762	3	3	trialwise	889;2669;4372	889;2669;4372	6;17;28	96;108;43	sub-004_ses-102_task-s6;sub-004_ses-201_task-s6;sub-004_ses-302_task-s6	889	6	96	sub-004	ses-102	task-s6	1;2;3	6;6;6
762	763	762	763	3	3	trialwise	656;2412;4218	656;2412;4218	5;16;27	21;9;47	sub-004_ses-102_task-s5;sub-004_ses-201_task-s5;sub-004_ses-302_task-s5	656	5	21	sub-004	ses-102	task-s5	1;2;3	5;5;5
763	764	763	764	3	3	trialwise	1111;2886;4765	1111;2886;4765	8;19;30	2;9;120	sub-004_ses-103_task-s8;sub-004_ses-202_task-s8;sub-004_ses-303_task-s8	1111	8	2	sub-004	ses-103	task-s8	1;2;3	8;8;8
764	765	764	765	3	3	trialwise	966;2843;4622	966;2843;4622	7;18;29	15;124;135	sub-004_ses-102_task-s7;sub-004_ses-202_task-s7;sub-004_ses-303_task-s7	966	7	15	sub-004	ses-102	task-s7	1;2;3	7;7;7
765	766	765	766	3	3	trialwise	1108;2831;4642	1108;2831;4642	7;18;29	157;112;155	sub-004_ses-102_task-s7;sub-004_ses-202_task-s7;sub-004_ses-303_task-s7	1108	7	157	sub-004	ses-102	task-s7	1;2;3	7;7;7
766	767	766	767	3	3	trialwise	1054;2829;4640	1054;2829;4640	7;18;29	103;110;153	sub-004_ses-102_task-s7;sub-004_ses-202_task-s7;sub-004_ses-303_task-s7	1054	7	103	sub-004	ses-102	task-s7	1;2;3	7;7;7
767	768	767	768	4	4	trialwise	420;2096;3961;4051	420;2096;3961;4051	3;14;25;26	103;11;108;39	sub-004_ses-101_task-s3;sub-004_ses-201_task-s3;sub-004_ses-302_task-s3;sub-004_ses-302_task-s4	420	3	103	sub-004	ses-101	task-s3	1;2;3;3	3;3;3;4
768	769	768	769	4	4	trialwise	401;2137;3880;4112	401;2137;3880;4112	3;14;25;26	84;52;27;100	sub-004_ses-101_task-s3;sub-004_ses-201_task-s3;sub-004_ses-302_task-s3;sub-004_ses-302_task-s4	401	3	84	sub-004	ses-101	task-s3	1;2;3;3	3;3;3;4
769	770	769	770	2	2	trialwise	629;2304	629;2304	4;15	153;60	sub-004_ses-102_task-s4;sub-004_ses-201_task-s4	629	4	153	sub-004	ses-102	task-s4	1;2	4;4
770	771	770	771	3	3	trialwise	956;2783;4635	956;2783;4635	7;18;29	5;64;148	sub-004_ses-102_task-s7;sub-004_ses-202_task-s7;sub-004_ses-303_task-s7	956	7	5	sub-004	ses-102	task-s7	1;2;3	7;7;7
771	772	771	772	3	3	trialwise	829;2572;4403	829;2572;4403	6;17;28	36;11;74	sub-004_ses-102_task-s6;sub-004_ses-201_task-s6;sub-004_ses-302_task-s6	829	6	36	sub-004	ses-102	task-s6	1;2;3	6;6;6
772	773	772	773	3	3	trialwise	1234;2884;4796	1234;2884;4796	8;19;30	125;7;151	sub-004_ses-103_task-s8;sub-004_ses-202_task-s8;sub-004_ses-303_task-s8	1234	8	125	sub-004	ses-103	task-s8	1;2;3	8;8;8
773	774	773	774	4	4	trialwise	329;2169;3854;4146	329;2169;3854;4146	3;14;25;26	12;84;1;134	sub-004_ses-101_task-s3;sub-004_ses-201_task-s3;sub-004_ses-302_task-s3;sub-004_ses-302_task-s4	329	3	12	sub-004	ses-101	task-s3	1;2;3;3	3;3;3;4
774	775	774	775	3	3	trialwise	210;2014;3729	210;2014;3729	2;13;24	52;88;35	sub-004_ses-101_task-s2;sub-004_ses-201_task-s2;sub-004_ses-301_task-s2	210	2	52	sub-004	ses-101	task-s2	1;2;3	2;2;2
775	776	775	776	2	2	trialwise	628;2395	628;2395	4;15	152;151	sub-004_ses-102_task-s4;sub-004_ses-201_task-s4	628	4	152	sub-004	ses-102	task-s4	1;2	4;4
776	777	776	777	3	3	trialwise	831;2681;4382	831;2681;4382	6;17;28	38;120;53	sub-004_ses-102_task-s6;sub-004_ses-201_task-s6;sub-004_ses-302_task-s6	831	6	38	sub-004	ses-102	task-s6	1;2;3	6;6;6
777	778	777	778	3	3	trialwise	1034;2813;4552	1034;2813;4552	7;18;29	83;94;65	sub-004_ses-102_task-s7;sub-004_ses-202_task-s7;sub-004_ses-303_task-s7	1034	7	83	sub-004	ses-102	task-s7	1;2;3	7;7;7
778	779	778	779	3	3	trialwise	833;2583;4448	833;2583;4448	6;17;28	40;22;119	sub-004_ses-102_task-s6;sub-004_ses-201_task-s6;sub-004_ses-302_task-s6	833	6	40	sub-004	ses-102	task-s6	1;2;3	6;6;6
779	780	779	780	3	3	trialwise	1179;2946;4648	1179;2946;4648	8;19;30	70;69;3	sub-004_ses-103_task-s8;sub-004_ses-202_task-s8;sub-004_ses-303_task-s8	1179	8	70	sub-004	ses-103	task-s8	1;2;3	8;8;8
780	781	780	781	3	3	trialwise	838;2703;4367	838;2703;4367	6;17;28	45;142;38	sub-004_ses-102_task-s6;sub-004_ses-201_task-s6;sub-004_ses-302_task-s6	838	6	45	sub-004	ses-102	task-s6	1;2;3	6;6;6
781	782	781	782	3	3	trialwise	1038;2810;4625	1038;2810;4625	7;18;29	87;91;138	sub-004_ses-102_task-s7;sub-004_ses-202_task-s7;sub-004_ses-303_task-s7	1038	7	87	sub-004	ses-102	task-s7	1;2;3	7;7;7
782	783	782	783	3	3	trialwise	9;1887;3635	9;1887;3635	1;12;23	10;120;100	sub-004_ses-101_task-s1;sub-004_ses-201_task-s1;sub-004_ses-301_task-s1	9	1	10	sub-004	ses-101	task-s1	1;2;3	1;1;1
783	784	783	784	3	3	trialwise	30;1915;3540	30;1915;3540	1;12;23	31;148;5	sub-004_ses-101_task-s1;sub-004_ses-201_task-s1;sub-004_ses-301_task-s1	30	1	31	sub-004	ses-101	task-s1	1;2;3	1;1;1
784	785	784	785	3	3	trialwise	864;2651;4465	864;2651;4465	6;17;28	71;90;136	sub-004_ses-102_task-s6;sub-004_ses-201_task-s6;sub-004_ses-302_task-s6	864	6	71	sub-004	ses-102	task-s6	1;2;3	6;6;6
785	786	785	786	3	3	trialwise	283;1939;3833	283;1939;3833	2;13;24	125;13;139	sub-004_ses-101_task-s2;sub-004_ses-201_task-s2;sub-004_ses-301_task-s2	283	2	125	sub-004	ses-101	task-s2	1;2;3	2;2;2
786	787	786	787	3	3	trialwise	1055;2868;4560	1055;2868;4560	7;18;29	104;149;73	sub-004_ses-102_task-s7;sub-004_ses-202_task-s7;sub-004_ses-303_task-s7	1055	7	104	sub-004	ses-102	task-s7	1;2;3	7;7;7
787	788	787	788	3	3	trialwise	226;1984;3713	226;1984;3713	2;13;24	68;58;19	sub-004_ses-101_task-s2;sub-004_ses-201_task-s2;sub-004_ses-301_task-s2	226	2	68	sub-004	ses-101	task-s2	1;2;3	2;2;2
788	789	788	789	2	2	trialwise	546;2333	546;2333	4;15	70;89	sub-004_ses-102_task-s4;sub-004_ses-201_task-s4	546	4	70	sub-004	ses-102	task-s4	1;2	4;4
789	790	789	790	4	4	trialwise	431;2192;3911;4086	431;2192;3911;4086	3;14;25;26	114;107;58;74	sub-004_ses-101_task-s3;sub-004_ses-201_task-s3;sub-004_ses-302_task-s3;sub-004_ses-302_task-s4	431	3	114	sub-004	ses-101	task-s3	1;2;3;3	3;3;3;4
790	791	790	791	4	4	trialwise	412;2141;3874;4053	412;2141;3874;4053	3;14;25;26	95;56;21;41	sub-004_ses-101_task-s3;sub-004_ses-201_task-s3;sub-004_ses-302_task-s3;sub-004_ses-302_task-s4	412	3	95	sub-004	ses-101	task-s3	1;2;3;3	3;3;3;4
791	792	791	792	2	2	trialwise	507;2371	507;2371	4;15	31;127	sub-004_ses-102_task-s4;sub-004_ses-201_task-s4	507	4	31	sub-004	ses-102	task-s4	1;2	4;4
792	793	792	793	3	3	trialwise	1235;2900;4784	1235;2900;4784	8;19;30	126;23;139	sub-004_ses-103_task-s8;sub-004_ses-202_task-s8;sub-004_ses-303_task-s8	1235	8	126	sub-004	ses-103	task-s8	1;2;3	8;8;8
793	794	793	794	3	3	trialwise	291;2057;3743	291;2057;3743	2;13;24	133;131;49	sub-004_ses-101_task-s2;sub-004_ses-201_task-s2;sub-004_ses-301_task-s2	291	2	133	sub-004	ses-101	task-s2	1;2;3	2;2;2
794	795	794	795	3	3	trialwise	215;2032;3733	215;2032;3733	2;13;24	57;106;39	sub-004_ses-101_task-s2;sub-004_ses-201_task-s2;sub-004_ses-301_task-s2	215	2	57	sub-004	ses-101	task-s2	1;2;3	2;2;2
795	796	795	796	2	2	trialwise	634;2256	634;2256	4;15	158;12	sub-004_ses-102_task-s4;sub-004_ses-201_task-s4	634	4	158	sub-004	ses-102	task-s4	1;2	4;4
796	797	796	797	2	2	trialwise	598;2348	598;2348	4;15	122;104	sub-004_ses-102_task-s4;sub-004_ses-201_task-s4	598	4	122	sub-004	ses-102	task-s4	1;2	4;4
797	798	797	798	2	2	trialwise	506;2402	506;2402	4;15	30;158	sub-004_ses-102_task-s4;sub-004_ses-201_task-s4	506	4	30	sub-004	ses-102	task-s4	1;2	4;4
798	799	798	799	3	3	trialwise	953;2803;4504	953;2803;4504	7;18;29	2;84;17	sub-004_ses-102_task-s7;sub-004_ses-202_task-s7;sub-004_ses-303_task-s7	953	7	2	sub-004	ses-102	task-s7	1;2;3	7;7;7
799	800	799	800	3	3	trialwise	1063;2853;4576	1063;2853;4576	7;18;29	112;134;89	sub-004_ses-102_task-s7;sub-004_ses-202_task-s7;sub-004_ses-303_task-s7	1063	7	112	sub-004	ses-102	task-s7	1;2;3	7;7;7
800	801	800	801	3	3	trialwise	790;2486;4265	790;2486;4265	5;16;27	155;83;94	sub-004_ses-102_task-s5;sub-004_ses-201_task-s5;sub-004_ses-302_task-s5	790	5	155	sub-004	ses-102	task-s5	1;2;3	5;5;5
801	802	801	802	3	3	trialwise	34;1787;3654	34;1787;3654	1;12;23	35;20;119	sub-004_ses-101_task-s1;sub-004_ses-201_task-s1;sub-004_ses-301_task-s1	34	1	35	sub-004	ses-101	task-s1	1;2;3	1;1;1
802	803	802	803	3	3	trialwise	1112;2964;4778	1112;2964;4778	8;19;30	3;87;133	sub-004_ses-103_task-s8;sub-004_ses-202_task-s8;sub-004_ses-303_task-s8	1112	8	3	sub-004	ses-103	task-s8	1;2;3	8;8;8
803	804	803	804	3	3	trialwise	309;1999;3831	309;1999;3831	2;13;24	151;73;137	sub-004_ses-101_task-s2;sub-004_ses-201_task-s2;sub-004_ses-301_task-s2	309	2	151	sub-004	ses-101	task-s2	1;2;3	2;2;2
804	805	804	805	3	3	trialwise	171;1954;3754	171;1954;3754	2;13;24	13;28;60	sub-004_ses-101_task-s2;sub-004_ses-201_task-s2;sub-004_ses-301_task-s2	171	2	13	sub-004	ses-101	task-s2	1;2;3	2;2;2
805	806	805	806	3	3	trialwise	646;2451;4215	646;2451;4215	5;16;27	11;48;44	sub-004_ses-102_task-s5;sub-004_ses-201_task-s5;sub-004_ses-302_task-s5	646	5	11	sub-004	ses-102	task-s5	1;2;3	5;5;5
806	807	806	807	3	3	trialwise	63;1858;3668	63;1858;3668	1;12;23	64;91;133	sub-004_ses-101_task-s1;sub-004_ses-201_task-s1;sub-004_ses-301_task-s1	63	1	64	sub-004	ses-101	task-s1	1;2;3	1;1;1
807	808	807	808	3	3	trialwise	1124;2933;4709	1124;2933;4709	8;19;30	15;56;64	sub-004_ses-103_task-s8;sub-004_ses-202_task-s8;sub-004_ses-303_task-s8	1124	8	15	sub-004	ses-103	task-s8	1;2;3	8;8;8
808	809	808	809	4	4	trialwise	470;2107;3883;4099	470;2107;3883;4099	3;14;25;26	153;22;30;87	sub-004_ses-101_task-s3;sub-004_ses-201_task-s3;sub-004_ses-302_task-s3;sub-004_ses-302_task-s4	470	3	153	sub-004	ses-101	task-s3	1;2;3;3	3;3;3;4
809	810	809	810	3	3	trialwise	96;1841;3678	96;1841;3678	1;12;23	97;74;143	sub-004_ses-101_task-s1;sub-004_ses-201_task-s1;sub-004_ses-301_task-s1	96	1	97	sub-004	ses-101	task-s1	1;2;3	1;1;1
810	811	810	811	3	3	trialwise	1088;2820;4607	1088;2820;4607	7;18;29	137;101;120	sub-004_ses-102_task-s7;sub-004_ses-202_task-s7;sub-004_ses-303_task-s7	1088	7	137	sub-004	ses-102	task-s7	1;2;3	7;7;7
811	812	811	812	3	3	trialwise	812;2623;4350	812;2623;4350	6;17;28	19;62;21	sub-004_ses-102_task-s6;sub-004_ses-201_task-s6;sub-004_ses-302_task-s6	812	6	19	sub-004	ses-102	task-s6	1;2;3	6;6;6
812	813	812	813	2	2	trialwise	508;2288	508;2288	4;15	32;44	sub-004_ses-102_task-s4;sub-004_ses-201_task-s4	508	4	32	sub-004	ses-102	task-s4	1;2	4;4
813	814	813	814	3	3	trialwise	1253;2985;4748	1253;2985;4748	8;19;30	144;108;103	sub-004_ses-103_task-s8;sub-004_ses-202_task-s8;sub-004_ses-303_task-s8	1253	8	144	sub-004	ses-103	task-s8	1;2;3	8;8;8
814	815	814	815	2	2	trialwise	534;2289	534;2289	4;15	58;45	sub-004_ses-102_task-s4;sub-004_ses-201_task-s4	534	4	58	sub-004	ses-102	task-s4	1;2	4;4
815	816	815	816	3	3	trialwise	286;2040;3738	286;2040;3738	2;13;24	128;114;44	sub-004_ses-101_task-s2;sub-004_ses-201_task-s2;sub-004_ses-301_task-s2	286	2	128	sub-004	ses-101	task-s2	1;2;3	2;2;2
816	817	816	817	3	3	trialwise	800;2666;4423	800;2666;4423	6;17;28	7;105;94	sub-004_ses-102_task-s6;sub-004_ses-201_task-s6;sub-004_ses-302_task-s6	800	6	7	sub-004	ses-102	task-s6	1;2;3	6;6;6
817	818	817	818	3	3	trialwise	1174;3006;4673	1174;3006;4673	8;19;30	65;129;28	sub-004_ses-103_task-s8;sub-004_ses-202_task-s8;sub-004_ses-303_task-s8	1174	8	65	sub-004	ses-103	task-s8	1;2;3	8;8;8
818	819	818	819	3	3	trialwise	1223;2882;4745	1223;2882;4745	8;19;30	114;5;100	sub-004_ses-103_task-s8;sub-004_ses-202_task-s8;sub-004_ses-303_task-s8	1223	8	114	sub-004	ses-103	task-s8	1;2;3	8;8;8
819	820	819	820	3	3	trialwise	207;1992;3807	207;1992;3807	2;13;24	49;66;113	sub-004_ses-101_task-s2;sub-004_ses-201_task-s2;sub-004_ses-301_task-s2	207	2	49	sub-004	ses-101	task-s2	1;2;3	2;2;2
820	821	820	821	3	3	trialwise	12;1769;3550	12;1769;3550	1;12;23	13;2;15	sub-004_ses-101_task-s1;sub-004_ses-201_task-s1;sub-004_ses-301_task-s1	12	1	13	sub-004	ses-101	task-s1	1;2;3	1;1;1
821	822	821	822	4	4	trialwise	395;2179;3995;4084	395;2179;3995;4084	3;14;25;26	78;94;142;72	sub-004_ses-101_task-s3;sub-004_ses-201_task-s3;sub-004_ses-302_task-s3;sub-004_ses-302_task-s4	395	3	78	sub-004	ses-101	task-s3	1;2;3;3	3;3;3;4
822	823	822	823	3	3	trialwise	288;1993;3853	288;1993;3853	2;13;24	130;67;159	sub-004_ses-101_task-s2;sub-004_ses-201_task-s2;sub-004_ses-301_task-s2	288	2	130	sub-004	ses-101	task-s2	1;2;3	2;2;2
823	824	823	824	4	4	trialwise	393;2151;3997;4144	393;2151;3997;4144	3;14;25;26	76;66;144;132	sub-004_ses-101_task-s3;sub-004_ses-201_task-s3;sub-004_ses-302_task-s3;sub-004_ses-302_task-s4	393	3	76	sub-004	ses-101	task-s3	1;2;3;3	3;3;3;4
824	825	824	825	3	3	trialwise	858;2712;4357	858;2712;4357	6;17;28	65;151;28	sub-004_ses-102_task-s6;sub-004_ses-201_task-s6;sub-004_ses-302_task-s6	858	6	65	sub-004	ses-102	task-s6	1;2;3	6;6;6
825	826	825	826	4	4	trialwise	429;2159;3986;4068	429;2159;3986;4068	3;14;25;26	112;74;133;56	sub-004_ses-101_task-s3;sub-004_ses-201_task-s3;sub-004_ses-302_task-s3;sub-004_ses-302_task-s4	429	3	112	sub-004	ses-101	task-s3	1;2;3;3	3;3;3;4
826	827	826	827	3	3	trialwise	1175;2936;4730	1175;2936;4730	8;19;30	66;59;85	sub-004_ses-103_task-s8;sub-004_ses-202_task-s8;sub-004_ses-303_task-s8	1175	8	66	sub-004	ses-103	task-s8	1;2;3	8;8;8
827	828	827	828	3	3	trialwise	314;2013;3757	314;2013;3757	2;13;24	156;87;63	sub-004_ses-101_task-s2;sub-004_ses-201_task-s2;sub-004_ses-301_task-s2	314	2	156	sub-004	ses-101	task-s2	1;2;3	2;2;2
828	829	828	829	2	2	trialwise	557;2247	557;2247	4;15	81;3	sub-004_ses-102_task-s4;sub-004_ses-201_task-s4	557	4	81	sub-004	ses-102	task-s4	1;2	4;4
829	830	829	830	3	3	trialwise	1139;3016;4783	1139;3016;4783	8;19;30	30;139;138	sub-004_ses-103_task-s8;sub-004_ses-202_task-s8;sub-004_ses-303_task-s8	1139	8	30	sub-004	ses-103	task-s8	1;2;3	8;8;8
830	831	830	831	3	3	trialwise	1027;2852;4500	1027;2852;4500	7;18;29	76;133;13	sub-004_ses-102_task-s7;sub-004_ses-202_task-s7;sub-004_ses-303_task-s7	1027	7	76	sub-004	ses-102	task-s7	1;2;3	7;7;7
831	832	831	832	3	3	trialwise	1151;2903;4692	1151;2903;4692	8;19;30	42;26;47	sub-004_ses-103_task-s8;sub-004_ses-202_task-s8;sub-004_ses-303_task-s8	1151	8	42	sub-004	ses-103	task-s8	1;2;3	8;8;8
832	833	832	833	3	3	trialwise	113;1822;3630	113;1822;3630	1;12;23	114;55;95	sub-004_ses-101_task-s1;sub-004_ses-201_task-s1;sub-004_ses-301_task-s1	113	1	114	sub-004	ses-101	task-s1	1;2;3	1;1;1
833	834	833	834	3	3	trialwise	998;2828;4564	998;2828;4564	7;18;29	47;109;77	sub-004_ses-102_task-s7;sub-004_ses-202_task-s7;sub-004_ses-303_task-s7	998	7	47	sub-004	ses-102	task-s7	1;2;3	7;7;7
834	835	834	835	3	3	trialwise	55;1796;3590	55;1796;3590	1;12;23	56;29;55	sub-004_ses-101_task-s1;sub-004_ses-201_task-s1;sub-004_ses-301_task-s1	55	1	56	sub-004	ses-101	task-s1	1;2;3	1;1;1
835	836	835	836	3	3	trialwise	1116;2943;4679	1116;2943;4679	8;19;30	7;66;34	sub-004_ses-103_task-s8;sub-004_ses-202_task-s8;sub-004_ses-303_task-s8	1116	8	7	sub-004	ses-103	task-s8	1;2;3	8;8;8
836	837	836	837	2	2	trialwise	530;2266	530;2266	4;15	54;22	sub-004_ses-102_task-s4;sub-004_ses-201_task-s4	530	4	54	sub-004	ses-102	task-s4	1;2	4;4
837	838	837	838	2	2	trialwise	533;2352	533;2352	4;15	57;108	sub-004_ses-102_task-s4;sub-004_ses-201_task-s4	533	4	57	sub-004	ses-102	task-s4	1;2	4;4
838	839	838	839	3	3	trialwise	60;1889;3594	60;1889;3594	1;12;23	61;122;59	sub-004_ses-101_task-s1;sub-004_ses-201_task-s1;sub-004_ses-301_task-s1	60	1	61	sub-004	ses-101	task-s1	1;2;3	1;1;1
839	840	839	840	3	3	trialwise	743;2445;4225	743;2445;4225	5;16;27	108;42;54	sub-004_ses-102_task-s5;sub-004_ses-201_task-s5;sub-004_ses-302_task-s5	743	5	108	sub-004	ses-102	task-s5	1;2;3	5;5;5
840	841	840	841	3	3	trialwise	709;2449;4213	709;2449;4213	5;16;27	74;46;42	sub-004_ses-102_task-s5;sub-004_ses-201_task-s5;sub-004_ses-302_task-s5	709	5	74	sub-004	ses-102	task-s5	1;2;3	5;5;5
841	842	841	842	3	3	trialwise	1156;2930;4720	1156;2930;4720	8;19;30	47;53;75	sub-004_ses-103_task-s8;sub-004_ses-202_task-s8;sub-004_ses-303_task-s8	1156	8	47	sub-004	ses-103	task-s8	1;2;3	8;8;8
842	843	842	843	3	3	trialwise	884;2582;4487	884;2582;4487	6;17;28	91;21;158	sub-004_ses-102_task-s6;sub-004_ses-201_task-s6;sub-004_ses-302_task-s6	884	6	91	sub-004	ses-102	task-s6	1;2;3	6;6;6
843	844	843	844	3	3	trialwise	679;2513;4313	679;2513;4313	5;16;27	44;110;142	sub-004_ses-102_task-s5;sub-004_ses-201_task-s5;sub-004_ses-302_task-s5	679	5	44	sub-004	ses-102	task-s5	1;2;3	5;5;5
844	845	844	845	3	3	trialwise	1080;2839;4517	1080;2839;4517	7;18;29	129;120;30	sub-004_ses-102_task-s7;sub-004_ses-202_task-s7;sub-004_ses-303_task-s7	1080	7	129	sub-004	ses-102	task-s7	1;2;3	7;7;7
845	846	845	846	3	3	trialwise	1170;3021;4769	1170;3021;4769	8;19;30	61;144;124	sub-004_ses-103_task-s8;sub-004_ses-202_task-s8;sub-004_ses-303_task-s8	1170	8	61	sub-004	ses-103	task-s8	1;2;3	8;8;8
846	847	846	847	2	2	trialwise	523;2349	523;2349	4;15	47;105	sub-004_ses-102_task-s4;sub-004_ses-201_task-s4	523	4	47	sub-004	ses-102	task-s4	1;2	4;4
847	848	847	848	3	3	trialwise	103;1820;3626	103;1820;3626	1;12;23	104;53;91	sub-004_ses-101_task-s1;sub-004_ses-201_task-s1;sub-004_ses-301_task-s1	103	1	104	sub-004	ses-101	task-s1	1;2;3	1;1;1
848	849	848	849	3	3	trialwise	144;1850;3607	144;1850;3607	1;12;23	145;83;72	sub-004_ses-101_task-s1;sub-004_ses-201_task-s1;sub-004_ses-301_task-s1	144	1	145	sub-004	ses-101	task-s1	1;2;3	1;1;1
849	850	849	850	3	3	trialwise	133;1798;3639	133;1798;3639	1;12;23	134;31;104	sub-004_ses-101_task-s1;sub-004_ses-201_task-s1;sub-004_ses-301_task-s1	133	1	134	sub-004	ses-101	task-s1	1;2;3	1;1;1
850	851	850	851	2	2	trialwise	621;2334	621;2334	4;15	145;90	sub-004_ses-102_task-s4;sub-004_ses-201_task-s4	621	4	145	sub-004	ses-102	task-s4	1;2	4;4
851	852	851	852	3	3	trialwise	824;2675;4401	824;2675;4401	6;17;28	31;114;72	sub-004_ses-102_task-s6;sub-004_ses-201_task-s6;sub-004_ses-302_task-s6	824	6	31	sub-004	ses-102	task-s6	1;2;3	6;6;6
852	853	852	853	3	3	trialwise	826;2670;4399	826;2670;4399	6;17;28	33;109;70	sub-004_ses-102_task-s6;sub-004_ses-201_task-s6;sub-004_ses-302_task-s6	826	6	33	sub-004	ses-102	task-s6	1;2;3	6;6;6
853	854	853	854	3	3	trialwise	744;2524;4269	744;2524;4269	5;16;27	109;121;98	sub-004_ses-102_task-s5;sub-004_ses-201_task-s5;sub-004_ses-302_task-s5	744	5	109	sub-004	ses-102	task-s5	1;2;3	5;5;5
854	855	854	855	3	3	trialwise	1201;2945;4781	1201;2945;4781	8;19;30	92;68;136	sub-004_ses-103_task-s8;sub-004_ses-202_task-s8;sub-004_ses-303_task-s8	1201	8	92	sub-004	ses-103	task-s8	1;2;3	8;8;8
855	856	855	856	3	3	trialwise	1016;2818;4509	1016;2818;4509	7;18;29	65;99;22	sub-004_ses-102_task-s7;sub-004_ses-202_task-s7;sub-004_ses-303_task-s7	1016	7	65	sub-004	ses-102	task-s7	1;2;3	7;7;7
856	857	856	857	2	2	trialwise	525;2275	525;2275	4;15	49;31	sub-004_ses-102_task-s4;sub-004_ses-201_task-s4	525	4	49	sub-004	ses-102	task-s4	1;2	4;4
857	858	857	858	3	3	trialwise	988;2752;4561	988;2752;4561	7;18;29	37;33;74	sub-004_ses-102_task-s7;sub-004_ses-202_task-s7;sub-004_ses-303_task-s7	988	7	37	sub-004	ses-102	task-s7	1;2;3	7;7;7
858	859	858	859	3	3	trialwise	277;1948;3728	277;1948;3728	2;13;24	119;22;34	sub-004_ses-101_task-s2;sub-004_ses-201_task-s2;sub-004_ses-301_task-s2	277	2	119	sub-004	ses-101	task-s2	1;2;3	2;2;2
859	860	859	860	2	2	trialwise	631;2269	631;2269	4;15	155;25	sub-004_ses-102_task-s4;sub-004_ses-201_task-s4	631	4	155	sub-004	ses-102	task-s4	1;2	4;4
860	861	860	861	3	3	trialwise	733;2410;4196	733;2410;4196	5;16;27	98;7;25	sub-004_ses-102_task-s5;sub-004_ses-201_task-s5;sub-004_ses-302_task-s5	733	5	98	sub-004	ses-102	task-s5	1;2;3	5;5;5
861	862	861	862	3	3	trialwise	881;2587;4370	881;2587;4370	6;17;28	88;26;41	sub-004_ses-102_task-s6;sub-004_ses-201_task-s6;sub-004_ses-302_task-s6	881	6	88	sub-004	ses-102	task-s6	1;2;3	6;6;6
862	863	862	863	3	3	trialwise	1142;2990;4716	1142;2990;4716	8;19;30	33;113;71	sub-004_ses-103_task-s8;sub-004_ses-202_task-s8;sub-004_ses-303_task-s8	1142	8	33	sub-004	ses-103	task-s8	1;2;3	8;8;8
863	864	863	864	3	3	trialwise	1218;2976;4649	1218;2976;4649	8;19;30	109;99;4	sub-004_ses-103_task-s8;sub-004_ses-202_task-s8;sub-004_ses-303_task-s8	1218	8	109	sub-004	ses-103	task-s8	1;2;3	8;8;8
864	865	864	865	4	4	trialwise	326;2219;3977;4113	326;2219;3977;4113	3;14;25;26	9;134;124;101	sub-004_ses-101_task-s3;sub-004_ses-201_task-s3;sub-004_ses-302_task-s3;sub-004_ses-302_task-s4	326	3	9	sub-004	ses-101	task-s3	1;2;3;3	3;3;3;4
865	866	865	866	2	2	trialwise	548;2353	548;2353	4;15	72;109	sub-004_ses-102_task-s4;sub-004_ses-201_task-s4	548	4	72	sub-004	ses-102	task-s4	1;2	4;4
866	867	866	867	3	3	trialwise	165;2038;3753	165;2038;3753	2;13;24	7;112;59	sub-004_ses-101_task-s2;sub-004_ses-201_task-s2;sub-004_ses-301_task-s2	165	2	7	sub-004	ses-101	task-s2	1;2;3	2;2;2
867	868	867	868	2	2	trialwise	556;2385	556;2385	4;15	80;141	sub-004_ses-102_task-s4;sub-004_ses-201_task-s4	556	4	80	sub-004	ses-102	task-s4	1;2	4;4
868	869	868	869	3	3	trialwise	1093;2796;4547	1093;2796;4547	7;18;29	142;77;60	sub-004_ses-102_task-s7;sub-004_ses-202_task-s7;sub-004_ses-303_task-s7	1093	7	142	sub-004	ses-102	task-s7	1;2;3	7;7;7
869	870	869	870	3	3	trialwise	221;1966;3774	221;1966;3774	2;13;24	63;40;80	sub-004_ses-101_task-s2;sub-004_ses-201_task-s2;sub-004_ses-301_task-s2	221	2	63	sub-004	ses-101	task-s2	1;2;3	2;2;2
870	871	870	871	4	4	trialwise	382;2160;3987;4026	382;2160;3987;4026	3;14;25;26	65;75;134;14	sub-004_ses-101_task-s3;sub-004_ses-201_task-s3;sub-004_ses-302_task-s3;sub-004_ses-302_task-s4	382	3	65	sub-004	ses-101	task-s3	1;2;3;3	3;3;3;4
871	872	871	872	2	2	trialwise	518;2332	518;2332	4;15	42;88	sub-004_ses-102_task-s4;sub-004_ses-201_task-s4	518	4	42	sub-004	ses-102	task-s4	1;2	4;4
872	873	872	873	3	3	trialwise	1082;2862;4542	1082;2862;4542	7;18;29	131;143;55	sub-004_ses-102_task-s7;sub-004_ses-202_task-s7;sub-004_ses-303_task-s7	1082	7	131	sub-004	ses-102	task-s7	1;2;3	7;7;7
873	874	873	874	3	3	trialwise	735;2408;4297	735;2408;4297	5;16;27	100;5;126	sub-004_ses-102_task-s5;sub-004_ses-201_task-s5;sub-004_ses-302_task-s5	735	5	100	sub-004	ses-102	task-s5	1;2;3	5;5;5
874	875	874	875	4	4	trialwise	334;2226;3884;4157	334;2226;3884;4157	3;14;25;26	17;141;31;145	sub-004_ses-101_task-s3;sub-004_ses-201_task-s3;sub-004_ses-302_task-s3;sub-004_ses-302_task-s4	334	3	17	sub-004	ses-101	task-s3	1;2;3;3	3;3;3;4
875	876	875	876	3	3	trialwise	33;1862;3566	33;1862;3566	1;12;23	34;95;31	sub-004_ses-101_task-s1;sub-004_ses-201_task-s1;sub-004_ses-301_task-s1	33	1	34	sub-004	ses-101	task-s1	1;2;3	1;1;1
876	877	876	877	3	3	trialwise	1019;2872;4539	1019;2872;4539	7;18;29	68;153;52	sub-004_ses-102_task-s7;sub-004_ses-202_task-s7;sub-004_ses-303_task-s7	1019	7	68	sub-004	ses-102	task-s7	1;2;3	7;7;7
877	878	877	878	3	3	trialwise	111;1814;3588	111;1814;3588	1;12;23	112;47;53	sub-004_ses-101_task-s1;sub-004_ses-201_task-s1;sub-004_ses-301_task-s1	111	1	112	sub-004	ses-101	task-s1	1;2;3	1;1;1
878	879	878	879	3	3	trialwise	229;1927;3828	229;1927;3828	2;13;24	71;1;134	sub-004_ses-101_task-s2;sub-004_ses-201_task-s2;sub-004_ses-301_task-s2	229	2	71	sub-004	ses-101	task-s2	1;2;3	2;2;2
879	880	879	880	3	3	trialwise	256;2080;3775	256;2080;3775	2;13;24	98;154;81	sub-004_ses-101_task-s2;sub-004_ses-201_task-s2;sub-004_ses-301_task-s2	256	2	98	sub-004	ses-101	task-s2	1;2;3	2;2;2
880	881	880	881	3	3	trialwise	740;2440;4311	740;2440;4311	5;16;27	105;37;140	sub-004_ses-102_task-s5;sub-004_ses-201_task-s5;sub-004_ses-302_task-s5	740	5	105	sub-004	ses-102	task-s5	1;2;3	5;5;5
881	882	881	882	4	4	trialwise	360;2100;4012;4083	360;2100;4012;4083	3;14;25;26	43;15;159;71	sub-004_ses-101_task-s3;sub-004_ses-201_task-s3;sub-004_ses-302_task-s3;sub-004_ses-302_task-s4	360	3	43	sub-004	ses-101	task-s3	1;2;3;3	3;3;3;4
882	883	882	883	2	2	trialwise	527;2283	527;2283	4;15	51;39	sub-004_ses-102_task-s4;sub-004_ses-201_task-s4	527	4	51	sub-004	ses-102	task-s4	1;2	4;4
883	884	883	884	3	3	trialwise	685;2504;4227	685;2504;4227	5;16;27	50;101;56	sub-004_ses-102_task-s5;sub-004_ses-201_task-s5;sub-004_ses-302_task-s5	685	5	50	sub-004	ses-102	task-s5	1;2;3	5;5;5
884	885	884	885	3	3	trialwise	186;2000;3805	186;2000;3805	2;13;24	28;74;111	sub-004_ses-101_task-s2;sub-004_ses-201_task-s2;sub-004_ses-301_task-s2	186	2	28	sub-004	ses-101	task-s2	1;2;3	2;2;2
885	886	885	886	3	3	trialwise	65;1867;3598	65;1867;3598	1;12;23	66;100;63	sub-004_ses-101_task-s1;sub-004_ses-201_task-s1;sub-004_ses-301_task-s1	65	1	66	sub-004	ses-101	task-s1	1;2;3	1;1;1
886	887	886	887	2	2	trialwise	554;2326	554;2326	4;15	78;82	sub-004_ses-102_task-s4;sub-004_ses-201_task-s4	554	4	78	sub-004	ses-102	task-s4	1;2	4;4
887	888	887	888	3	3	trialwise	701;2458;4226	701;2458;4226	5;16;27	66;55;55	sub-004_ses-102_task-s5;sub-004_ses-201_task-s5;sub-004_ses-302_task-s5	701	5	66	sub-004	ses-102	task-s5	1;2;3	5;5;5
888	889	888	889	2	2	trialwise	582;2297	582;2297	4;15	106;53	sub-004_ses-102_task-s4;sub-004_ses-201_task-s4	582	4	106	sub-004	ses-102	task-s4	1;2	4;4
889	890	889	890	3	3	trialwise	102;1873;3646	102;1873;3646	1;12;23	103;106;111	sub-004_ses-101_task-s1;sub-004_ses-201_task-s1;sub-004_ses-301_task-s1	102	1	103	sub-004	ses-101	task-s1	1;2;3	1;1;1
890	891	890	891	3	3	trialwise	835;2606;4452	835;2606;4452	6;17;28	42;45;123	sub-004_ses-102_task-s6;sub-004_ses-201_task-s6;sub-004_ses-302_task-s6	835	6	42	sub-004	ses-102	task-s6	1;2;3	6;6;6
891	892	891	892	3	3	trialwise	17;1879;3665	17;1879;3665	1;12;23	18;112;130	sub-004_ses-101_task-s1;sub-004_ses-201_task-s1;sub-004_ses-301_task-s1	17	1	18	sub-004	ses-101	task-s1	1;2;3	1;1;1
892	893	892	893	4	4	trialwise	425;2228;3907;4145	425;2228;3907;4145	3;14;25;26	108;143;54;133	sub-004_ses-101_task-s3;sub-004_ses-201_task-s3;sub-004_ses-302_task-s3;sub-004_ses-302_task-s4	425	3	108	sub-004	ses-101	task-s3	1;2;3;3	3;3;3;4
893	894	893	894	3	3	trialwise	1255;2941;4675	1255;2941;4675	8;19;30	146;64;30	sub-004_ses-103_task-s8;sub-004_ses-202_task-s8;sub-004_ses-303_task-s8	1255	8	146	sub-004	ses-103	task-s8	1;2;3	8;8;8
894	895	894	895	3	3	trialwise	862;2658;4364	862;2658;4364	6;17;28	69;97;35	sub-004_ses-102_task-s6;sub-004_ses-201_task-s6;sub-004_ses-302_task-s6	862	6	69	sub-004	ses-102	task-s6	1;2;3	6;6;6
895	896	895	896	3	3	trialwise	49;1840;3560	49;1840;3560	1;12;23	50;73;25	sub-004_ses-101_task-s1;sub-004_ses-201_task-s1;sub-004_ses-301_task-s1	49	1	50	sub-004	ses-101	task-s1	1;2;3	1;1;1
896	897	896	897	3	3	trialwise	1077;2830;4593	1077;2830;4593	7;18;29	126;111;106	sub-004_ses-102_task-s7;sub-004_ses-202_task-s7;sub-004_ses-303_task-s7	1077	7	126	sub-004	ses-102	task-s7	1;2;3	7;7;7
897	898	897	898	4	4	trialwise	325;2200;3943;4055	325;2200;3943;4055	3;14;25;26	8;115;90;43	sub-004_ses-101_task-s3;sub-004_ses-201_task-s3;sub-004_ses-302_task-s3;sub-004_ses-302_task-s4	325	3	8	sub-004	ses-101	task-s3	1;2;3;3	3;3;3;4
898	899	898	899	3	3	trialwise	1210;2929;4726	1210;2929;4726	8;19;30	101;52;81	sub-004_ses-103_task-s8;sub-004_ses-202_task-s8;sub-004_ses-303_task-s8	1210	8	101	sub-004	ses-103	task-s8	1;2;3	8;8;8
899	900	899	900	3	3	trialwise	939;2708;4476	939;2708;4476	6;17;28	146;147;147	sub-004_ses-102_task-s6;sub-004_ses-201_task-s6;sub-004_ses-302_task-s6	939	6	146	sub-004	ses-102	task-s6	1;2;3	6;6;6
900	901	900	901	3	3	trialwise	938;2615;4478	938;2615;4478	6;17;28	145;54;149	sub-004_ses-102_task-s6;sub-004_ses-201_task-s6;sub-004_ses-302_task-s6	938	6	145	sub-004	ses-102	task-s6	1;2;3	6;6;6
901	902	901	902	3	3	trialwise	156;1779;3541	156;1779;3541	1;12;23	157;12;6	sub-004_ses-101_task-s1;sub-004_ses-201_task-s1;sub-004_ses-301_task-s1	156	1	157	sub-004	ses-101	task-s1	1;2;3	1;1;1
902	903	902	903	3	3	trialwise	715;2450;4229	715;2450;4229	5;16;27	80;47;58	sub-004_ses-102_task-s5;sub-004_ses-201_task-s5;sub-004_ses-302_task-s5	715	5	80	sub-004	ses-102	task-s5	1;2;3	5;5;5
903	904	903	904	3	3	trialwise	1240;2939;4794	1240;2939;4794	8;19;30	131;62;149	sub-004_ses-103_task-s8;sub-004_ses-202_task-s8;sub-004_ses-303_task-s8	1240	8	131	sub-004	ses-103	task-s8	1;2;3	8;8;8
904	905	904	905	3	3	trialwise	699;2482;4223	699;2482;4223	5;16;27	64;79;52	sub-004_ses-102_task-s5;sub-004_ses-201_task-s5;sub-004_ses-302_task-s5	699	5	64	sub-004	ses-102	task-s5	1;2;3	5;5;5
905	906	905	906	3	3	trialwise	697;2532;4319	697;2532;4319	5;16;27	62;129;148	sub-004_ses-102_task-s5;sub-004_ses-201_task-s5;sub-004_ses-302_task-s5	697	5	62	sub-004	ses-102	task-s5	1;2;3	5;5;5
906	907	906	907	3	3	trialwise	908;2565;4413	908;2565;4413	6;17;28	115;4;84	sub-004_ses-102_task-s6;sub-004_ses-201_task-s6;sub-004_ses-302_task-s6	908	6	115	sub-004	ses-102	task-s6	1;2;3	6;6;6
907	908	907	908	2	2	trialwise	587;2310	587;2310	4;15	111;66	sub-004_ses-102_task-s4;sub-004_ses-201_task-s4	587	4	111	sub-004	ses-102	task-s4	1;2	4;4
908	909	908	909	3	3	trialwise	1220;2987;4723	1220;2987;4723	8;19;30	111;110;78	sub-004_ses-103_task-s8;sub-004_ses-202_task-s8;sub-004_ses-303_task-s8	1220	8	111	sub-004	ses-103	task-s8	1;2;3	8;8;8
909	910	909	910	3	3	trialwise	1190;2891;4799	1190;2891;4799	8;19;30	81;14;154	sub-004_ses-103_task-s8;sub-004_ses-202_task-s8;sub-004_ses-303_task-s8	1190	8	81	sub-004	ses-103	task-s8	1;2;3	8;8;8
910	911	910	911	3	3	trialwise	266;2075;3804	266;2075;3804	2;13;24	108;149;110	sub-004_ses-101_task-s2;sub-004_ses-201_task-s2;sub-004_ses-301_task-s2	266	2	108	sub-004	ses-101	task-s2	1;2;3	2;2;2
911	912	911	912	4	4	trialwise	387;2175;3917;4025	387;2175;3917;4025	3;14;25;26	70;90;64;13	sub-004_ses-101_task-s3;sub-004_ses-201_task-s3;sub-004_ses-302_task-s3;sub-004_ses-302_task-s4	387	3	70	sub-004	ses-101	task-s3	1;2;3;3	3;3;3;4
912	913	912	913	3	3	trialwise	1248;3034;4652	1248;3034;4652	8;19;30	139;157;7	sub-004_ses-103_task-s8;sub-004_ses-202_task-s8;sub-004_ses-303_task-s8	1248	8	139	sub-004	ses-103	task-s8	1;2;3	8;8;8
913	914	913	914	3	3	trialwise	1236;2896;4680	1236;2896;4680	8;19;30	127;19;35	sub-004_ses-103_task-s8;sub-004_ses-202_task-s8;sub-004_ses-303_task-s8	1236	8	127	sub-004	ses-103	task-s8	1;2;3	8;8;8
914	915	914	915	3	3	trialwise	312;2082;3716	312;2082;3716	2;13;24	154;156;22	sub-004_ses-101_task-s2;sub-004_ses-201_task-s2;sub-004_ses-301_task-s2	312	2	154	sub-004	ses-101	task-s2	1;2;3	2;2;2
915	916	915	916	3	3	trialwise	1135;2989;4689	1135;2989;4689	8;19;30	26;112;44	sub-004_ses-103_task-s8;sub-004_ses-202_task-s8;sub-004_ses-303_task-s8	1135	8	26	sub-004	ses-103	task-s8	1;2;3	8;8;8
916	917	916	917	3	3	trialwise	1267;2895;4763	1267;2895;4763	8;19;30	158;18;118	sub-004_ses-103_task-s8;sub-004_ses-202_task-s8;sub-004_ses-303_task-s8	1267	8	158	sub-004	ses-103	task-s8	1;2;3	8;8;8
917	918	917	918	2	2	trialwise	577;2357	577;2357	4;15	101;113	sub-004_ses-102_task-s4;sub-004_ses-201_task-s4	577	4	101	sub-004	ses-102	task-s4	1;2	4;4
918	919	918	919	2	2	trialwise	517;2305	517;2305	4;15	41;61	sub-004_ses-102_task-s4;sub-004_ses-201_task-s4	517	4	41	sub-004	ses-102	task-s4	1;2	4;4
919	920	919	920	3	3	trialwise	127;1805;3634	127;1805;3634	1;12;23	128;38;99	sub-004_ses-101_task-s1;sub-004_ses-201_task-s1;sub-004_ses-301_task-s1	127	1	128	sub-004	ses-101	task-s1	1;2;3	1;1;1
920	921	920	921	3	3	trialwise	1166;3027;4683	1166;3027;4683	8;19;30	57;150;38	sub-004_ses-103_task-s8;sub-004_ses-202_task-s8;sub-004_ses-303_task-s8	1166	8	57	sub-004	ses-103	task-s8	1;2;3	8;8;8
921	922	921	922	3	3	trialwise	945;2648;4462	945;2648;4462	6;17;28	152;87;133	sub-004_ses-102_task-s6;sub-004_ses-201_task-s6;sub-004_ses-302_task-s6	945	6	152	sub-004	ses-102	task-s6	1;2;3	6;6;6
922	923	922	923	3	3	trialwise	1128;3028;4757	1128;3028;4757	8;19;30	19;151;112	sub-004_ses-103_task-s8;sub-004_ses-202_task-s8;sub-004_ses-303_task-s8	1128	8	19	sub-004	ses-103	task-s8	1;2;3	8;8;8
923	924	923	924	4	4	trialwise	381;2236;3973;4093	381;2236;3973;4093	3;14;25;26	64;151;120;81	sub-004_ses-101_task-s3;sub-004_ses-201_task-s3;sub-004_ses-302_task-s3;sub-004_ses-302_task-s4	381	3	64	sub-004	ses-101	task-s3	1;2;3;3	3;3;3;4
924	925	924	925	3	3	trialwise	87;1909;3600	87;1909;3600	1;12;23	88;142;65	sub-004_ses-101_task-s1;sub-004_ses-201_task-s1;sub-004_ses-301_task-s1	87	1	88	sub-004	ses-101	task-s1	1;2;3	1;1;1
925	926	925	926	4	4	trialwise	455;2180;3937;4039	455;2180;3937;4039	3;14;25;26	138;95;84;27	sub-004_ses-101_task-s3;sub-004_ses-201_task-s3;sub-004_ses-302_task-s3;sub-004_ses-302_task-s4	455	3	138	sub-004	ses-101	task-s3	1;2;3;3	3;3;3;4
926	927	926	927	3	3	trialwise	882;2597;4455	882;2597;4455	6;17;28	89;36;126	sub-004_ses-102_task-s6;sub-004_ses-201_task-s6;sub-004_ses-302_task-s6	882	6	89	sub-004	ses-102	task-s6	1;2;3	6;6;6
927	928	927	928	4	4	trialwise	343;2215;3901;4023	343;2215;3901;4023	3;14;25;26	26;130;48;11	sub-004_ses-101_task-s3;sub-004_ses-201_task-s3;sub-004_ses-302_task-s3;sub-004_ses-302_task-s4	343	3	26	sub-004	ses-101	task-s3	1;2;3;3	3;3;3;4
928	929	928	929	2	2	trialwise	578;2300	578;2300	4;15	102;56	sub-004_ses-102_task-s4;sub-004_ses-201_task-s4	578	4	102	sub-004	ses-102	task-s4	1;2	4;4
929	930	929	930	3	3	trialwise	189;2041;3730	189;2041;3730	2;13;24	31;115;36	sub-004_ses-101_task-s2;sub-004_ses-201_task-s2;sub-004_ses-301_task-s2	189	2	31	sub-004	ses-101	task-s2	1;2;3	2;2;2
930	931	930	931	3	3	trialwise	855;2639;4387	855;2639;4387	6;17;28	62;78;58	sub-004_ses-102_task-s6;sub-004_ses-201_task-s6;sub-004_ses-302_task-s6	855	6	62	sub-004	ses-102	task-s6	1;2;3	6;6;6
931	932	931	932	3	3	trialwise	782;2421;4222	782;2421;4222	5;16;27	147;18;51	sub-004_ses-102_task-s5;sub-004_ses-201_task-s5;sub-004_ses-302_task-s5	782	5	147	sub-004	ses-102	task-s5	1;2;3	5;5;5
932	933	932	933	3	3	trialwise	650;2457;4288	650;2457;4288	5;16;27	15;54;117	sub-004_ses-102_task-s5;sub-004_ses-201_task-s5;sub-004_ses-302_task-s5	650	5	15	sub-004	ses-102	task-s5	1;2;3	5;5;5
933	934	933	934	2	2	trialwise	550;2368	550;2368	4;15	74;124	sub-004_ses-102_task-s4;sub-004_ses-201_task-s4	550	4	74	sub-004	ses-102	task-s4	1;2	4;4
934	935	934	935	3	3	trialwise	188;1958;3722	188;1958;3722	2;13;24	30;32;28	sub-004_ses-101_task-s2;sub-004_ses-201_task-s2;sub-004_ses-301_task-s2	188	2	30	sub-004	ses-101	task-s2	1;2;3	2;2;2
935	936	935	936	3	3	trialwise	276;2010;3847	276;2010;3847	2;13;24	118;84;153	sub-004_ses-101_task-s2;sub-004_ses-201_task-s2;sub-004_ses-301_task-s2	276	2	118	sub-004	ses-101	task-s2	1;2;3	2;2;2
936	937	936	937	3	3	trialwise	304;2024;3734	304;2024;3734	2;13;24	146;98;40	sub-004_ses-101_task-s2;sub-004_ses-201_task-s2;sub-004_ses-301_task-s2	304	2	146	sub-004	ses-101	task-s2	1;2;3	2;2;2
937	938	937	938	3	3	trialwise	989;2788;4606	989;2788;4606	7;18;29	38;69;119	sub-004_ses-102_task-s7;sub-004_ses-202_task-s7;sub-004_ses-303_task-s7	989	7	38	sub-004	ses-102	task-s7	1;2;3	7;7;7
938	939	938	939	3	3	trialwise	1107;2778;4598	1107;2778;4598	7;18;29	156;59;111	sub-004_ses-102_task-s7;sub-004_ses-202_task-s7;sub-004_ses-303_task-s7	1107	7	156	sub-004	ses-102	task-s7	1;2;3	7;7;7
939	940	939	940	2	2	trialwise	491;2262	491;2262	4;15	15;18	sub-004_ses-102_task-s4;sub-004_ses-201_task-s4	491	4	15	sub-004	ses-102	task-s4	1;2	4;4
940	941	940	941	3	3	trialwise	159;2053;3748	159;2053;3748	2;13;24	1;127;54	sub-004_ses-101_task-s2;sub-004_ses-201_task-s2;sub-004_ses-301_task-s2	159	2	1	sub-004	ses-101	task-s2	1;2;3	2;2;2
941	942	941	942	2	2	trialwise	561;2296	561;2296	4;15	85;52	sub-004_ses-102_task-s4;sub-004_ses-201_task-s4	561	4	85	sub-004	ses-102	task-s4	1;2	4;4
942	943	942	943	3	3	trialwise	1143;3013;4676	1143;3013;4676	8;19;30	34;136;31	sub-004_ses-103_task-s8;sub-004_ses-202_task-s8;sub-004_ses-303_task-s8	1143	8	34	sub-004	ses-103	task-s8	1;2;3	8;8;8
943	944	943	944	3	3	trialwise	698;2460;4293	698;2460;4293	5;16;27	63;57;122	sub-004_ses-102_task-s5;sub-004_ses-201_task-s5;sub-004_ses-302_task-s5	698	5	63	sub-004	ses-102	task-s5	1;2;3	5;5;5
944	945	944	945	2	2	trialwise	573;2383	573;2383	4;15	97;139	sub-004_ses-102_task-s4;sub-004_ses-201_task-s4	573	4	97	sub-004	ses-102	task-s4	1;2	4;4
945	946	945	946	3	3	trialwise	921;2653;4352	921;2653;4352	6;17;28	128;92;23	sub-004_ses-102_task-s6;sub-004_ses-201_task-s6;sub-004_ses-302_task-s6	921	6	128	sub-004	ses-102	task-s6	1;2;3	6;6;6
946	947	946	947	3	3	trialwise	316;1949;3708	316;1949;3708	2;13;24	158;23;14	sub-004_ses-101_task-s2;sub-004_ses-201_task-s2;sub-004_ses-301_task-s2	316	2	158	sub-004	ses-101	task-s2	1;2;3	2;2;2
947	948	947	948	3	3	trialwise	1066;2871;4609	1066;2871;4609	7;18;29	115;152;122	sub-004_ses-102_task-s7;sub-004_ses-202_task-s7;sub-004_ses-303_task-s7	1066	7	115	sub-004	ses-102	task-s7	1;2;3	7;7;7
948	949	948	949	2	2	trialwise	575;2360	575;2360	4;15	99;116	sub-004_ses-102_task-s4;sub-004_ses-201_task-s4	575	4	99	sub-004	ses-102	task-s4	1;2	4;4
949	950	949	950	4	4	trialwise	399;2237;3882;4065	399;2237;3882;4065	3;14;25;26	82;152;29;53	sub-004_ses-101_task-s3;sub-004_ses-201_task-s3;sub-004_ses-302_task-s3;sub-004_ses-302_task-s4	399	3	82	sub-004	ses-101	task-s3	1;2;3;3	3;3;3;4
950	951	950	951	3	3	trialwise	669;2439;4202	669;2439;4202	5;16;27	34;36;31	sub-004_ses-102_task-s5;sub-004_ses-201_task-s5;sub-004_ses-302_task-s5	669	5	34	sub-004	ses-102	task-s5	1;2;3	5;5;5
951	952	951	952	2	2	trialwise	494;2330	494;2330	4;15	18;86	sub-004_ses-102_task-s4;sub-004_ses-201_task-s4	494	4	18	sub-004	ses-102	task-s4	1;2	4;4
952	953	952	953	3	3	trialwise	752;2516;4193	752;2516;4193	5;16;27	117;113;22	sub-004_ses-102_task-s5;sub-004_ses-201_task-s5;sub-004_ses-302_task-s5	752	5	117	sub-004	ses-102	task-s5	1;2;3	5;5;5
953	954	953	954	3	3	trialwise	202;1935;3705	202;1935;3705	2;13;24	44;9;11	sub-004_ses-101_task-s2;sub-004_ses-201_task-s2;sub-004_ses-301_task-s2	202	2	44	sub-004	ses-101	task-s2	1;2;3	2;2;2
954	955	954	955	3	3	trialwise	1208;2919;4732	1208;2919;4732	8;19;30	99;42;87	sub-004_ses-103_task-s8;sub-004_ses-202_task-s8;sub-004_ses-303_task-s8	1208	8	99	sub-004	ses-103	task-s8	1;2;3	8;8;8
955	956	955	956	3	3	trialwise	1138;2959;4681	1138;2959;4681	8;19;30	29;82;36	sub-004_ses-103_task-s8;sub-004_ses-202_task-s8;sub-004_ses-303_task-s8	1138	8	29	sub-004	ses-103	task-s8	1;2;3	8;8;8
956	957	956	957	3	3	trialwise	662;2436;4197	662;2436;4197	5;16;27	27;33;26	sub-004_ses-102_task-s5;sub-004_ses-201_task-s5;sub-004_ses-302_task-s5	662	5	27	sub-004	ses-102	task-s5	1;2;3	5;5;5
957	958	957	958	3	3	trialwise	141;1794;3674	141;1794;3674	1;12;23	142;27;139	sub-004_ses-101_task-s1;sub-004_ses-201_task-s1;sub-004_ses-301_task-s1	141	1	142	sub-004	ses-101	task-s1	1;2;3	1;1;1
958	959	958	959	3	3	trialwise	241;2003;3759	241;2003;3759	2;13;24	83;77;65	sub-004_ses-101_task-s2;sub-004_ses-201_task-s2;sub-004_ses-301_task-s2	241	2	83	sub-004	ses-101	task-s2	1;2;3	2;2;2
959	960	959	960	3	3	trialwise	1120;2916;4684	1120;2916;4684	8;19;30	11;39;39	sub-004_ses-103_task-s8;sub-004_ses-202_task-s8;sub-004_ses-303_task-s8	1120	8	11	sub-004	ses-103	task-s8	1;2;3	8;8;8
960	961	960	961	2	2	trialwise	545;2364	545;2364	4;15	69;120	sub-004_ses-102_task-s4;sub-004_ses-201_task-s4	545	4	69	sub-004	ses-102	task-s4	1;2	4;4
961	962	961	962	3	3	trialwise	199;2054;3840	199;2054;3840	2;13;24	41;128;146	sub-004_ses-101_task-s2;sub-004_ses-201_task-s2;sub-004_ses-301_task-s2	199	2	41	sub-004	ses-101	task-s2	1;2;3	2;2;2
962	963	962	963	3	3	trialwise	774;2473;4211	774;2473;4211	5;16;27	139;70;40	sub-004_ses-102_task-s5;sub-004_ses-201_task-s5;sub-004_ses-302_task-s5	774	5	139	sub-004	ses-102	task-s5	1;2;3	5;5;5
963	964	963	964	3	3	trialwise	867;2612;4393	867;2612;4393	6;17;28	74;51;64	sub-004_ses-102_task-s6;sub-004_ses-201_task-s6;sub-004_ses-302_task-s6	867	6	74	sub-004	ses-102	task-s6	1;2;3	6;6;6
964	965	964	965	4	4	trialwise	419;2106;3970;4142	419;2106;3970;4142	3;14;25;26	102;21;117;130	sub-004_ses-101_task-s3;sub-004_ses-201_task-s3;sub-004_ses-302_task-s3;sub-004_ses-302_task-s4	419	3	102	sub-004	ses-101	task-s3	1;2;3;3	3;3;3;4
965	966	965	966	3	3	trialwise	265;1942;3760	265;1942;3760	2;13;24	107;16;66	sub-004_ses-101_task-s2;sub-004_ses-201_task-s2;sub-004_ses-301_task-s2	265	2	107	sub-004	ses-101	task-s2	1;2;3	2;2;2
966	967	966	967	3	3	trialwise	792;2488;4328	792;2488;4328	5;16;27	157;85;157	sub-004_ses-102_task-s5;sub-004_ses-201_task-s5;sub-004_ses-302_task-s5	792	5	157	sub-004	ses-102	task-s5	1;2;3	5;5;5
967	968	967	968	2	2	trialwise	521;2315	521;2315	4;15	45;71	sub-004_ses-102_task-s4;sub-004_ses-201_task-s4	521	4	45	sub-004	ses-102	task-s4	1;2	4;4
968	969	968	969	2	2	trialwise	516;2381	516;2381	4;15	40;137	sub-004_ses-102_task-s4;sub-004_ses-201_task-s4	516	4	40	sub-004	ses-102	task-s4	1;2	4;4
969	970	969	970	3	3	trialwise	1032;2824;4643	1032;2824;4643	7;18;29	81;105;156	sub-004_ses-102_task-s7;sub-004_ses-202_task-s7;sub-004_ses-303_task-s7	1032	7	81	sub-004	ses-102	task-s7	1;2;3	7;7;7
970	971	970	971	2	2	trialwise	566;2302	566;2302	4;15	90;58	sub-004_ses-102_task-s4;sub-004_ses-201_task-s4	566	4	90	sub-004	ses-102	task-s4	1;2	4;4
971	972	971	972	3	3	trialwise	839;2636;4349	839;2636;4349	6;17;28	46;75;20	sub-004_ses-102_task-s6;sub-004_ses-201_task-s6;sub-004_ses-302_task-s6	839	6	46	sub-004	ses-102	task-s6	1;2;3	6;6;6
972	973	972	973	3	3	trialwise	708;2556;4281	708;2556;4281	5;16;27	73;153;110	sub-004_ses-102_task-s5;sub-004_ses-201_task-s5;sub-004_ses-302_task-s5	708	5	73	sub-004	ses-102	task-s5	1;2;3	5;5;5
973	974	973	974	4	4	trialwise	442;2204;3904;4079	442;2204;3904;4079	3;14;25;26	125;119;51;67	sub-004_ses-101_task-s3;sub-004_ses-201_task-s3;sub-004_ses-302_task-s3;sub-004_ses-302_task-s4	442	3	125	sub-004	ses-101	task-s3	1;2;3;3	3;3;3;4
974	975	974	975	3	3	trialwise	123;1897;3548	123;1897;3548	1;12;23	124;130;13	sub-004_ses-101_task-s1;sub-004_ses-201_task-s1;sub-004_ses-301_task-s1	123	1	124	sub-004	ses-101	task-s1	1;2;3	1;1;1
975	976	975	976	2	2	trialwise	552;2366	552;2366	4;15	76;122	sub-004_ses-102_task-s4;sub-004_ses-201_task-s4	552	4	76	sub-004	ses-102	task-s4	1;2	4;4
976	977	976	977	2	2	trialwise	520;2384	520;2384	4;15	44;140	sub-004_ses-102_task-s4;sub-004_ses-201_task-s4	520	4	44	sub-004	ses-102	task-s4	1;2	4;4
977	978	977	978	3	3	trialwise	132;1852;3680	132;1852;3680	1;12;23	133;85;145	sub-004_ses-101_task-s1;sub-004_ses-201_task-s1;sub-004_ses-301_task-s1	132	1	133	sub-004	ses-101	task-s1	1;2;3	1;1;1
978	979	978	979	3	3	trialwise	1160;2979;4662	1160;2979;4662	8;19;30	51;102;17	sub-004_ses-103_task-s8;sub-004_ses-202_task-s8;sub-004_ses-303_task-s8	1160	8	51	sub-004	ses-103	task-s8	1;2;3	8;8;8
979	980	979	980	3	3	trialwise	79;1926;3538	79;1926;3538	1;12;23	80;159;3	sub-004_ses-101_task-s1;sub-004_ses-201_task-s1;sub-004_ses-301_task-s1	79	1	80	sub-004	ses-101	task-s1	1;2;3	1;1;1
980	981	980	981	3	3	trialwise	13;1778;3688	13;1778;3688	1;12;23	14;11;153	sub-004_ses-101_task-s1;sub-004_ses-201_task-s1;sub-004_ses-301_task-s1	13	1	14	sub-004	ses-101	task-s1	1;2;3	1;1;1
981	982	981	982	3	3	trialwise	24;1838;3574	24;1838;3574	1;12;23	25;71;39	sub-004_ses-101_task-s1;sub-004_ses-201_task-s1;sub-004_ses-301_task-s1	24	1	25	sub-004	ses-101	task-s1	1;2;3	1;1;1
982	983	982	983	3	3	trialwise	707;2474;4194	707;2474;4194	5;16;27	72;71;23	sub-004_ses-102_task-s5;sub-004_ses-201_task-s5;sub-004_ses-302_task-s5	707	5	72	sub-004	ses-102	task-s5	1;2;3	5;5;5
983	984	983	984	3	3	trialwise	942;2643;4354	942;2643;4354	6;17;28	149;82;25	sub-004_ses-102_task-s6;sub-004_ses-201_task-s6;sub-004_ses-302_task-s6	942	6	149	sub-004	ses-102	task-s6	1;2;3	6;6;6
984	985	984	985	4	4	trialwise	394;2165;3996;4150	394;2165;3996;4150	3;14;25;26	77;80;143;138	sub-004_ses-101_task-s3;sub-004_ses-201_task-s3;sub-004_ses-302_task-s3;sub-004_ses-302_task-s4	394	3	77	sub-004	ses-101	task-s3	1;2;3;3	3;3;3;4
985	986	985	986	3	3	trialwise	732;2526;4320	732;2526;4320	5;16;27	97;123;149	sub-004_ses-102_task-s5;sub-004_ses-201_task-s5;sub-004_ses-302_task-s5	732	5	97	sub-004	ses-102	task-s5	1;2;3	5;5;5
986	987	986	987	2	2	trialwise	616;2312	616;2312	4;15	140;68	sub-004_ses-102_task-s4;sub-004_ses-201_task-s4	616	4	140	sub-004	ses-102	task-s4	1;2	4;4
987	988	987	988	4	4	trialwise	345;2182;4004;4061	345;2182;4004;4061	3;14;25;26	28;97;151;49	sub-004_ses-101_task-s3;sub-004_ses-201_task-s3;sub-004_ses-302_task-s3;sub-004_ses-302_task-s4	345	3	28	sub-004	ses-101	task-s3	1;2;3;3	3;3;3;4
988	989	988	989	3	3	trialwise	883;2709;4477	883;2709;4477	6;17;28	90;148;148	sub-004_ses-102_task-s6;sub-004_ses-201_task-s6;sub-004_ses-302_task-s6	883	6	90	sub-004	ses-102	task-s6	1;2;3	6;6;6
989	990	989	990	3	3	trialwise	961;2782;4610	961;2782;4610	7;18;29	10;63;123	sub-004_ses-102_task-s7;sub-004_ses-202_task-s7;sub-004_ses-303_task-s7	961	7	10	sub-004	ses-102	task-s7	1;2;3	7;7;7
990	991	990	991	3	3	trialwise	1204;2924;4667	1204;2924;4667	8;19;30	95;47;22	sub-004_ses-103_task-s8;sub-004_ses-202_task-s8;sub-004_ses-303_task-s8	1204	8	95	sub-004	ses-103	task-s8	1;2;3	8;8;8
991	992	991	992	3	3	trialwise	1185;2878;4734	1185;2878;4734	8;19;30	76;1;89	sub-004_ses-103_task-s8;sub-004_ses-202_task-s8;sub-004_ses-303_task-s8	1185	8	76	sub-004	ses-103	task-s8	1;2;3	8;8;8
992	993	992	993	3	3	trialwise	657;2429;4275	657;2429;4275	5;16;27	22;26;104	sub-004_ses-102_task-s5;sub-004_ses-201_task-s5;sub-004_ses-302_task-s5	657	5	22	sub-004	ses-102	task-s5	1;2;3	5;5;5
993	994	993	994	3	3	trialwise	906;2688;4365	906;2688;4365	6;17;28	113;127;36	sub-004_ses-102_task-s6;sub-004_ses-201_task-s6;sub-004_ses-302_task-s6	906	6	113	sub-004	ses-102	task-s6	1;2;3	6;6;6
994	995	994	995	3	3	trialwise	1025;2724;4511	1025;2724;4511	7;18;29	74;5;24	sub-004_ses-102_task-s7;sub-004_ses-202_task-s7;sub-004_ses-303_task-s7	1025	7	74	sub-004	ses-102	task-s7	1;2;3	7;7;7
995	996	995	996	3	3	trialwise	781;2546;4221	781;2546;4221	5;16;27	146;143;50	sub-004_ses-102_task-s5;sub-004_ses-201_task-s5;sub-004_ses-302_task-s5	781	5	146	sub-004	ses-102	task-s5	1;2;3	5;5;5
996	997	996	997	3	3	trialwise	1129;2969;4703	1129;2969;4703	8;19;30	20;92;58	sub-004_ses-103_task-s8;sub-004_ses-202_task-s8;sub-004_ses-303_task-s8	1129	8	20	sub-004	ses-103	task-s8	1;2;3	8;8;8
997	998	997	998	4	4	trialwise	388;2158;4011;4101	388;2158;4011;4101	3;14;25;26	71;73;158;89	sub-004_ses-101_task-s3;sub-004_ses-201_task-s3;sub-004_ses-302_task-s3;sub-004_ses-302_task-s4	388	3	71	sub-004	ses-101	task-s3	1;2;3;3	3;3;3;4
998	999	998	999	2	2	trialwise	562;2390	562;2390	4;15	86;146	sub-004_ses-102_task-s4;sub-004_ses-201_task-s4	562	4	86	sub-004	ses-102	task-s4	1;2	4;4
999	1000	999	1000	3	3	trialwise	1029;2825;4631	1029;2825;4631	7;18;29	78;106;144	sub-004_ses-102_task-s7;sub-004_ses-202_task-s7;sub-004_ses-303_task-s7	1029	7	78	sub-004	ses-102	task-s7	1;2;3	7;7;7
1000	1001	1000	1001	2	2	trialwise	513;2252	513;2252	4;15	37;8	sub-004_ses-102_task-s4;sub-004_ses-201_task-s4	513	4	37	sub-004	ses-102	task-s4	1;2	4;4
1001	1002	1001	1002	3	3	trialwise	1075;2795;4628	1075;2795;4628	7;18;29	124;76;141	sub-004_ses-102_task-s7;sub-004_ses-202_task-s7;sub-004_ses-303_task-s7	1075	7	124	sub-004	ses-102	task-s7	1;2;3	7;7;7
1002	1003	1002	1003	4	4	trialwise	363;2205;3918;4120	363;2205;3918;4120	3;14;25;26	46;120;65;108	sub-004_ses-101_task-s3;sub-004_ses-201_task-s3;sub-004_ses-302_task-s3;sub-004_ses-302_task-s4	363	3	46	sub-004	ses-101	task-s3	1;2;3;3	3;3;3;4
1003	1004	1003	1004	2	2	trialwise	489;2344	489;2344	4;15	13;100	sub-004_ses-102_task-s4;sub-004_ses-201_task-s4	489	4	13	sub-004	ses-102	task-s4	1;2	4;4
1004	1005	1004	1005	3	3	trialwise	848;2716;4385	848;2716;4385	6;17;28	55;155;56	sub-004_ses-102_task-s6;sub-004_ses-201_task-s6;sub-004_ses-302_task-s6	848	6	55	sub-004	ses-102	task-s6	1;2;3	6;6;6
1005	1006	1005	1006	2	2	trialwise	584;2393	584;2393	4;15	108;149	sub-004_ses-102_task-s4;sub-004_ses-201_task-s4	584	4	108	sub-004	ses-102	task-s4	1;2	4;4
1006	1007	1006	1007	3	3	trialwise	731;2499;4321	731;2499;4321	5;16;27	96;96;150	sub-004_ses-102_task-s5;sub-004_ses-201_task-s5;sub-004_ses-302_task-s5	731	5	96	sub-004	ses-102	task-s5	1;2;3	5;5;5
1007	1008	1007	1008	4	4	trialwise	404;2216;3930;4170	404;2216;3930;4170	3;14;25;26	87;131;77;158	sub-004_ses-101_task-s3;sub-004_ses-201_task-s3;sub-004_ses-302_task-s3;sub-004_ses-302_task-s4	404	3	87	sub-004	ses-101	task-s3	1;2;3;3	3;3;3;4
1008	1009	1008	1009	2	2	trialwise	558;2403	558;2403	4;15	82;159	sub-004_ses-102_task-s4;sub-004_ses-201_task-s4	558	4	82	sub-004	ses-102	task-s4	1;2	4;4
1009	1010	1009	1010	3	3	trialwise	95;1783;3577	95;1783;3577	1;12;23	96;16;42	sub-004_ses-101_task-s1;sub-004_ses-201_task-s1;sub-004_ses-301_task-s1	95	1	96	sub-004	ses-101	task-s1	1;2;3	1;1;1
1010	1011	1010	1011	3	3	trialwise	1085;2790;4531	1085;2790;4531	7;18;29	134;71;44	sub-004_ses-102_task-s7;sub-004_ses-202_task-s7;sub-004_ses-303_task-s7	1085	7	134	sub-004	ses-102	task-s7	1;2;3	7;7;7
1011	1012	1011	1012	3	3	trialwise	749;2446;4327	749;2446;4327	5;16;27	114;43;156	sub-004_ses-102_task-s5;sub-004_ses-201_task-s5;sub-004_ses-302_task-s5	749	5	114	sub-004	ses-102	task-s5	1;2;3	5;5;5
1012	1013	1012	1013	3	3	trialwise	1152;3033;4670	1152;3033;4670	8;19;30	43;156;25	sub-004_ses-103_task-s8;sub-004_ses-202_task-s8;sub-004_ses-303_task-s8	1152	8	43	sub-004	ses-103	task-s8	1;2;3	8;8;8
1013	1014	1013	1014	3	3	trialwise	178;2019;3746	178;2019;3746	2;13;24	20;93;52	sub-004_ses-101_task-s2;sub-004_ses-201_task-s2;sub-004_ses-301_task-s2	178	2	20	sub-004	ses-101	task-s2	1;2;3	2;2;2
1014	1015	1014	1015	4	4	trialwise	408;2114;4005;4126	408;2114;4005;4126	3;14;25;26	91;29;152;114	sub-004_ses-101_task-s3;sub-004_ses-201_task-s3;sub-004_ses-302_task-s3;sub-004_ses-302_task-s4	408	3	91	sub-004	ses-101	task-s3	1;2;3;3	3;3;3;4
1015	1016	1015	1016	3	3	trialwise	770;2559;4181	770;2559;4181	5;16;27	135;156;10	sub-004_ses-102_task-s5;sub-004_ses-201_task-s5;sub-004_ses-302_task-s5	770	5	135	sub-004	ses-102	task-s5	1;2;3	5;5;5
1016	1017	1016	1017	3	3	trialwise	88;1923;3544	88;1923;3544	1;12;23	89;156;9	sub-004_ses-101_task-s1;sub-004_ses-201_task-s1;sub-004_ses-301_task-s1	88	1	89	sub-004	ses-101	task-s1	1;2;3	1;1;1
1017	1018	1017	1018	3	3	trialwise	1051;2873;4550	1051;2873;4550	7;18;29	100;154;63	sub-004_ses-102_task-s7;sub-004_ses-202_task-s7;sub-004_ses-303_task-s7	1051	7	100	sub-004	ses-102	task-s7	1;2;3	7;7;7
1018	1019	1018	1019	2	2	trialwise	593;2331	593;2331	4;15	117;87	sub-004_ses-102_task-s4;sub-004_ses-201_task-s4	593	4	117	sub-004	ses-102	task-s4	1;2	4;4
1019	1020	1019	1020	3	3	trialwise	1241;2932;4647	1241;2932;4647	8;19;30	132;55;2	sub-004_ses-103_task-s8;sub-004_ses-202_task-s8;sub-004_ses-303_task-s8	1241	8	132	sub-004	ses-103	task-s8	1;2;3	8;8;8
1020	1021	1020	1021	3	3	trialwise	840;2656;4336	840;2656;4336	6;17;28	47;95;7	sub-004_ses-102_task-s6;sub-004_ses-201_task-s6;sub-004_ses-302_task-s6	840	6	47	sub-004	ses-102	task-s6	1;2;3	6;6;6
1021	1022	1021	1022	3	3	trialwise	827;2571;4461	827;2571;4461	6;17;28	34;10;132	sub-004_ses-102_task-s6;sub-004_ses-201_task-s6;sub-004_ses-302_task-s6	827	6	34	sub-004	ses-102	task-s6	1;2;3	6;6;6
1022	1023	1022	1023	3	3	trialwise	154;1768;3638	154;1768;3638	1;12;23	155;1;103	sub-004_ses-101_task-s1;sub-004_ses-201_task-s1;sub-004_ses-301_task-s1	154	1	155	sub-004	ses-101	task-s1	1;2;3	1;1;1
1023	1024	1023	1024	3	3	trialwise	1134;2898;4800	1134;2898;4800	8;19;30	25;21;155	sub-004_ses-103_task-s8;sub-004_ses-202_task-s8;sub-004_ses-303_task-s8	1134	8	25	sub-004	ses-103	task-s8	1;2;3	8;8;8
1024	1025	1024	1025	3	3	trialwise	201;2012;3742	201;2012;3742	2;13;24	43;86;48	sub-004_ses-101_task-s2;sub-004_ses-201_task-s2;sub-004_ses-301_task-s2	201	2	43	sub-004	ses-101	task-s2	1;2;3	2;2;2
1025	1026	1025	1026	3	3	trialwise	871;2625;4400	871;2625;4400	6;17;28	78;64;71	sub-004_ses-102_task-s6;sub-004_ses-201_task-s6;sub-004_ses-302_task-s6	871	6	78	sub-004	ses-102	task-s6	1;2;3	6;6;6
1026	1027	1026	1027	3	3	trialwise	981;2856;4595	981;2856;4595	7;18;29	30;137;108	sub-004_ses-102_task-s7;sub-004_ses-202_task-s7;sub-004_ses-303_task-s7	981	7	30	sub-004	ses-102	task-s7	1;2;3	7;7;7
1027	1028	1027	1028	2	2	trialwise	519;2398	519;2398	4;15	43;154	sub-004_ses-102_task-s4;sub-004_ses-201_task-s4	519	4	43	sub-004	ses-102	task-s4	1;2	4;4
1028	1029	1028	1029	3	3	trialwise	75;1886;3647	75;1886;3647	1;12;23	76;119;112	sub-004_ses-101_task-s1;sub-004_ses-201_task-s1;sub-004_ses-301_task-s1	75	1	76	sub-004	ses-101	task-s1	1;2;3	1;1;1
1029	1030	1029	1030	3	3	trialwise	682;2560;4242	682;2560;4242	5;16;27	47;157;71	sub-004_ses-102_task-s5;sub-004_ses-201_task-s5;sub-004_ses-302_task-s5	682	5	47	sub-004	ses-102	task-s5	1;2;3	5;5;5
1030	1031	1030	1031	4	4	trialwise	379;2203;3980;4058	379;2203;3980;4058	3;14;25;26	62;118;127;46	sub-004_ses-101_task-s3;sub-004_ses-201_task-s3;sub-004_ses-302_task-s3;sub-004_ses-302_task-s4	379	3	62	sub-004	ses-101	task-s3	1;2;3;3	3;3;3;4
1031	1032	1031	1032	3	3	trialwise	142;1895;3603	142;1895;3603	1;12;23	143;128;68	sub-004_ses-101_task-s1;sub-004_ses-201_task-s1;sub-004_ses-301_task-s1	142	1	143	sub-004	ses-101	task-s1	1;2;3	1;1;1
1032	1033	1032	1033	3	3	trialwise	50;1902;3617	50;1902;3617	1;12;23	51;135;82	sub-004_ses-101_task-s1;sub-004_ses-201_task-s1;sub-004_ses-301_task-s1	50	1	51	sub-004	ses-101	task-s1	1;2;3	1;1;1
1033	1034	1033	1034	3	3	trialwise	777;2544;4309	777;2544;4309	5;16;27	142;141;138	sub-004_ses-102_task-s5;sub-004_ses-201_task-s5;sub-004_ses-302_task-s5	777	5	142	sub-004	ses-102	task-s5	1;2;3	5;5;5
1034	1035	1034	1035	4	4	trialwise	413;2174;3989;4035	413;2174;3989;4035	3;14;25;26	96;89;136;23	sub-004_ses-101_task-s3;sub-004_ses-201_task-s3;sub-004_ses-302_task-s3;sub-004_ses-302_task-s4	413	3	96	sub-004	ses-101	task-s3	1;2;3;3	3;3;3;4
1035	1036	1035	1036	3	3	trialwise	247;1956;3782	247;1956;3782	2;13;24	89;30;88	sub-004_ses-101_task-s2;sub-004_ses-201_task-s2;sub-004_ses-301_task-s2	247	2	89	sub-004	ses-101	task-s2	1;2;3	2;2;2
1036	1037	1036	1037	3	3	trialwise	1221;2955;4664	1221;2955;4664	8;19;30	112;78;19	sub-004_ses-103_task-s8;sub-004_ses-202_task-s8;sub-004_ses-303_task-s8	1221	8	112	sub-004	ses-103	task-s8	1;2;3	8;8;8
1037	1038	1037	1038	3	3	trialwise	250;2066;3737	250;2066;3737	2;13;24	92;140;43	sub-004_ses-101_task-s2;sub-004_ses-201_task-s2;sub-004_ses-301_task-s2	250	2	92	sub-004	ses-101	task-s2	1;2;3	2;2;2
1038	1039	1038	1039	3	3	trialwise	861;2671;4379	861;2671;4379	6;17;28	68;110;50	sub-004_ses-102_task-s6;sub-004_ses-201_task-s6;sub-004_ses-302_task-s6	861	6	68	sub-004	ses-102	task-s6	1;2;3	6;6;6
1039	1040	1039	1040	3	3	trialwise	944;2699;4471	944;2699;4471	6;17;28	151;138;142	sub-004_ses-102_task-s6;sub-004_ses-201_task-s6;sub-004_ses-302_task-s6	944	6	151	sub-004	ses-102	task-s6	1;2;3	6;6;6
1040	1041	1040	1041	2	2	trialwise	601;2389	601;2389	4;15	125;145	sub-004_ses-102_task-s4;sub-004_ses-201_task-s4	601	4	125	sub-004	ses-102	task-s4	1;2	4;4
1041	1042	1041	1042	3	3	trialwise	957;2757;4629	957;2757;4629	7;18;29	6;38;142	sub-004_ses-102_task-s7;sub-004_ses-202_task-s7;sub-004_ses-303_task-s7	957	7	6	sub-004	ses-102	task-s7	1;2;3	7;7;7
1042	1043	1042	1043	3	3	trialwise	1130;2934;4770	1130;2934;4770	8;19;30	21;57;125	sub-004_ses-103_task-s8;sub-004_ses-202_task-s8;sub-004_ses-303_task-s8	1130	8	21	sub-004	ses-103	task-s8	1;2;3	8;8;8
1043	1044	1043	1044	3	3	trialwise	157;1780;3621	157;1780;3621	1;12;23	158;13;86	sub-004_ses-101_task-s1;sub-004_ses-201_task-s1;sub-004_ses-301_task-s1	157	1	158	sub-004	ses-101	task-s1	1;2;3	1;1;1
1044	1045	1044	1045	3	3	trialwise	206;1932;3721	206;1932;3721	2;13;24	48;6;27	sub-004_ses-101_task-s2;sub-004_ses-201_task-s2;sub-004_ses-301_task-s2	206	2	48	sub-004	ses-101	task-s2	1;2;3	2;2;2
1045	1046	1045	1046	2	2	trialwise	524;2277	524;2277	4;15	48;33	sub-004_ses-102_task-s4;sub-004_ses-201_task-s4	524	4	48	sub-004	ses-102	task-s4	1;2	4;4
1046	1047	1046	1047	4	4	trialwise	405;2108;3858;4111	405;2108;3858;4111	3;14;25;26	88;23;5;99	sub-004_ses-101_task-s3;sub-004_ses-201_task-s3;sub-004_ses-302_task-s3;sub-004_ses-302_task-s4	405	3	88	sub-004	ses-101	task-s3	1;2;3;3	3;3;3;4
1047	1048	1047	1048	2	2	trialwise	592;2323	592;2323	4;15	116;79	sub-004_ses-102_task-s4;sub-004_ses-201_task-s4	592	4	116	sub-004	ses-102	task-s4	1;2	4;4
1048	1049	1048	1049	4	4	trialwise	396;2146;3981;4162	396;2146;3981;4162	3;14;25;26	79;61;128;150	sub-004_ses-101_task-s3;sub-004_ses-201_task-s3;sub-004_ses-302_task-s3;sub-004_ses-302_task-s4	396	3	79	sub-004	ses-101	task-s3	1;2;3;3	3;3;3;4
1049	1050	1049	1050	3	3	trialwise	647;2447;4212	647;2447;4212	5;16;27	12;44;41	sub-004_ses-102_task-s5;sub-004_ses-201_task-s5;sub-004_ses-302_task-s5	647	5	12	sub-004	ses-102	task-s5	1;2;3	5;5;5
1050	1051	1050	1051	3	3	trialwise	18;1832;3655	18;1832;3655	1;12;23	19;65;120	sub-004_ses-101_task-s1;sub-004_ses-201_task-s1;sub-004_ses-301_task-s1	18	1	19	sub-004	ses-101	task-s1	1;2;3	1;1;1
1051	1052	1051	1052	3	3	trialwise	949;2621;4468	949;2621;4468	6;17;28	156;60;139	sub-004_ses-102_task-s6;sub-004_ses-201_task-s6;sub-004_ses-302_task-s6	949	6	156	sub-004	ses-102	task-s6	1;2;3	6;6;6
1052	1053	1052	1053	3	3	trialwise	225;1964;3776	225;1964;3776	2;13;24	67;38;82	sub-004_ses-101_task-s2;sub-004_ses-201_task-s2;sub-004_ses-301_task-s2	225	2	67	sub-004	ses-101	task-s2	1;2;3	2;2;2
1053	1054	1053	1054	3	3	trialwise	249;2050;3702	249;2050;3702	2;13;24	91;124;8	sub-004_ses-101_task-s2;sub-004_ses-201_task-s2;sub-004_ses-301_task-s2	249	2	91	sub-004	ses-101	task-s2	1;2;3	2;2;2
1054	1055	1054	1055	3	3	trialwise	940;2567;4435	940;2567;4435	6;17;28	147;6;106	sub-004_ses-102_task-s6;sub-004_ses-201_task-s6;sub-004_ses-302_task-s6	940	6	147	sub-004	ses-102	task-s6	1;2;3	6;6;6
1055	1056	1055	1056	3	3	trialwise	899;2701;4384	899;2701;4384	6;17;28	106;140;55	sub-004_ses-102_task-s6;sub-004_ses-201_task-s6;sub-004_ses-302_task-s6	899	6	106	sub-004	ses-102	task-s6	1;2;3	6;6;6
1056	1057	1056	1057	3	3	trialwise	251;2001;3796	251;2001;3796	2;13;24	93;75;102	sub-004_ses-101_task-s2;sub-004_ses-201_task-s2;sub-004_ses-301_task-s2	251	2	93	sub-004	ses-101	task-s2	1;2;3	2;2;2
1057	1058	1057	1058	3	3	trialwise	1233;2994;4754	1233;2994;4754	8;19;30	124;117;109	sub-004_ses-103_task-s8;sub-004_ses-202_task-s8;sub-004_ses-303_task-s8	1233	8	124	sub-004	ses-103	task-s8	1;2;3	8;8;8
1058	1059	1058	1059	4	4	trialwise	441;2170;3897;4090	441;2170;3897;4090	3;14;25;26	124;85;44;78	sub-004_ses-101_task-s3;sub-004_ses-201_task-s3;sub-004_ses-302_task-s3;sub-004_ses-302_task-s4	441	3	124	sub-004	ses-101	task-s3	1;2;3;3	3;3;3;4
1059	1060	1059	1060	3	3	trialwise	993;2802;4605	993;2802;4605	7;18;29	42;83;118	sub-004_ses-102_task-s7;sub-004_ses-202_task-s7;sub-004_ses-303_task-s7	993	7	42	sub-004	ses-102	task-s7	1;2;3	7;7;7
1060	1061	1060	1061	3	3	trialwise	174;1979;3797	174;1979;3797	2;13;24	16;53;103	sub-004_ses-101_task-s2;sub-004_ses-201_task-s2;sub-004_ses-301_task-s2	174	2	16	sub-004	ses-101	task-s2	1;2;3	2;2;2
1061	1062	1061	1062	3	3	trialwise	710;2483;4177	710;2483;4177	5;16;27	75;80;6	sub-004_ses-102_task-s5;sub-004_ses-201_task-s5;sub-004_ses-302_task-s5	710	5	75	sub-004	ses-102	task-s5	1;2;3	5;5;5
1062	1063	1062	1063	3	3	trialwise	43;1813;3536	43;1813;3536	1;12;23	44;46;1	sub-004_ses-101_task-s1;sub-004_ses-201_task-s1;sub-004_ses-301_task-s1	43	1	44	sub-004	ses-101	task-s1	1;2;3	1;1;1
1063	1064	1063	1064	3	3	trialwise	1115;3003;4708	1115;3003;4708	8;19;30	6;126;63	sub-004_ses-103_task-s8;sub-004_ses-202_task-s8;sub-004_ses-303_task-s8	1115	8	6	sub-004	ses-103	task-s8	1;2;3	8;8;8
1064	1065	1064	1065	3	3	trialwise	223;1961;3842	223;1961;3842	2;13;24	65;35;148	sub-004_ses-101_task-s2;sub-004_ses-201_task-s2;sub-004_ses-301_task-s2	223	2	65	sub-004	ses-101	task-s2	1;2;3	2;2;2
1065	1066	1065	1066	3	3	trialwise	1165;2970;4738	1165;2970;4738	8;19;30	56;93;93	sub-004_ses-103_task-s8;sub-004_ses-202_task-s8;sub-004_ses-303_task-s8	1165	8	56	sub-004	ses-103	task-s8	1;2;3	8;8;8
1066	1067	1066	1067	3	3	trialwise	886;2684;4383	886;2684;4383	6;17;28	93;123;54	sub-004_ses-102_task-s6;sub-004_ses-201_task-s6;sub-004_ses-302_task-s6	886	6	93	sub-004	ses-102	task-s6	1;2;3	6;6;6
1067	1068	1067	1068	2	2	trialwise	529;2367	529;2367	4;15	53;123	sub-004_ses-102_task-s4;sub-004_ses-201_task-s4	529	4	53	sub-004	ses-102	task-s4	1;2	4;4
1068	1069	1068	1069	3	3	trialwise	91;1891;3578	91;1891;3578	1;12;23	92;124;43	sub-004_ses-101_task-s1;sub-004_ses-201_task-s1;sub-004_ses-301_task-s1	91	1	92	sub-004	ses-101	task-s1	1;2;3	1;1;1
1069	1070	1069	1070	4	4	trialwise	414;2154;3890;4117	414;2154;3890;4117	3;14;25;26	97;69;37;105	sub-004_ses-101_task-s3;sub-004_ses-201_task-s3;sub-004_ses-302_task-s3;sub-004_ses-302_task-s4	414	3	97	sub-004	ses-101	task-s3	1;2;3;3	3;3;3;4
1070	1071	1070	1071	3	3	trialwise	923;2665;4359	923;2665;4359	6;17;28	130;104;30	sub-004_ses-102_task-s6;sub-004_ses-201_task-s6;sub-004_ses-302_task-s6	923	6	130	sub-004	ses-102	task-s6	1;2;3	6;6;6
1071	1072	1071	1072	3	3	trialwise	269;1929;3817	269;1929;3817	2;13;24	111;3;123	sub-004_ses-101_task-s2;sub-004_ses-201_task-s2;sub-004_ses-301_task-s2	269	2	111	sub-004	ses-101	task-s2	1;2;3	2;2;2
1072	1073	1072	1073	3	3	trialwise	843;2706;4347	843;2706;4347	6;17;28	50;145;18	sub-004_ses-102_task-s6;sub-004_ses-201_task-s6;sub-004_ses-302_task-s6	843	6	50	sub-004	ses-102	task-s6	1;2;3	6;6;6
1073	1074	1073	1074	3	3	trialwise	920;2695;4432	920;2695;4432	6;17;28	127;134;103	sub-004_ses-102_task-s6;sub-004_ses-201_task-s6;sub-004_ses-302_task-s6	920	6	127	sub-004	ses-102	task-s6	1;2;3	6;6;6
1074	1075	1074	1075	3	3	trialwise	681;2536;4266	681;2536;4266	5;16;27	46;133;95	sub-004_ses-102_task-s5;sub-004_ses-201_task-s5;sub-004_ses-302_task-s5	681	5	46	sub-004	ses-102	task-s5	1;2;3	5;5;5
1075	1076	1075	1076	3	3	trialwise	1184;2931;4755	1184;2931;4755	8;19;30	75;54;110	sub-004_ses-103_task-s8;sub-004_ses-202_task-s8;sub-004_ses-303_task-s8	1184	8	75	sub-004	ses-103	task-s8	1;2;3	8;8;8
1076	1077	1076	1077	3	3	trialwise	1202;3009;4696	1202;3009;4696	8;19;30	93;132;51	sub-004_ses-103_task-s8;sub-004_ses-202_task-s8;sub-004_ses-303_task-s8	1202	8	93	sub-004	ses-103	task-s8	1;2;3	8;8;8
1077	1078	1077	1078	3	3	trialwise	837;2602;4397	837;2602;4397	6;17;28	44;41;68	sub-004_ses-102_task-s6;sub-004_ses-201_task-s6;sub-004_ses-302_task-s6	837	6	44	sub-004	ses-102	task-s6	1;2;3	6;6;6
1078	1079	1078	1079	2	2	trialwise	493;2318	493;2318	4;15	17;74	sub-004_ses-102_task-s4;sub-004_ses-201_task-s4	493	4	17	sub-004	ses-102	task-s4	1;2	4;4
1079	1080	1079	1080	3	3	trialwise	1065;2773;4493	1065;2773;4493	7;18;29	114;54;6	sub-004_ses-102_task-s7;sub-004_ses-202_task-s7;sub-004_ses-303_task-s7	1065	7	114	sub-004	ses-102	task-s7	1;2;3	7;7;7
1080	1081	1080	1081	3	3	trialwise	1162;2897;4760	1162;2897;4760	8;19;30	53;20;115	sub-004_ses-103_task-s8;sub-004_ses-202_task-s8;sub-004_ses-303_task-s8	1162	8	53	sub-004	ses-103	task-s8	1;2;3	8;8;8
1081	1082	1081	1082	3	3	trialwise	688;2423;4291	688;2423;4291	5;16;27	53;20;120	sub-004_ses-102_task-s5;sub-004_ses-201_task-s5;sub-004_ses-302_task-s5	688	5	53	sub-004	ses-102	task-s5	1;2;3	5;5;5
1082	1083	1082	1083	3	3	trialwise	916;2644;4428	916;2644;4428	6;17;28	123;83;99	sub-004_ses-102_task-s6;sub-004_ses-201_task-s6;sub-004_ses-302_task-s6	916	6	123	sub-004	ses-102	task-s6	1;2;3	6;6;6
1083	1084	1083	1084	3	3	trialwise	295;1976;3837	295;1976;3837	2;13;24	137;50;143	sub-004_ses-101_task-s2;sub-004_ses-201_task-s2;sub-004_ses-301_task-s2	295	2	137	sub-004	ses-101	task-s2	1;2;3	2;2;2
1084	1085	1084	1085	3	3	trialwise	976;2805;4603	976;2805;4603	7;18;29	25;86;116	sub-004_ses-102_task-s7;sub-004_ses-202_task-s7;sub-004_ses-303_task-s7	976	7	25	sub-004	ses-102	task-s7	1;2;3	7;7;7
1085	1086	1085	1086	3	3	trialwise	771;2506;4186	771;2506;4186	5;16;27	136;103;15	sub-004_ses-102_task-s5;sub-004_ses-201_task-s5;sub-004_ses-302_task-s5	771	5	136	sub-004	ses-102	task-s5	1;2;3	5;5;5
1086	1087	1086	1087	3	3	trialwise	164;2055;3850	164;2055;3850	2;13;24	6;129;156	sub-004_ses-101_task-s2;sub-004_ses-201_task-s2;sub-004_ses-301_task-s2	164	2	6	sub-004	ses-101	task-s2	1;2;3	2;2;2
1087	1088	1087	1088	3	3	trialwise	230;1933;3765	230;1933;3765	2;13;24	72;7;71	sub-004_ses-101_task-s2;sub-004_ses-201_task-s2;sub-004_ses-301_task-s2	230	2	72	sub-004	ses-101	task-s2	1;2;3	2;2;2
1088	1089	1088	1089	3	3	trialwise	227;1937;3844	227;1937;3844	2;13;24	69;11;150	sub-004_ses-101_task-s2;sub-004_ses-201_task-s2;sub-004_ses-301_task-s2	227	2	69	sub-004	ses-101	task-s2	1;2;3	2;2;2
1089	1090	1089	1090	3	3	trialwise	176;1998;3696	176;1998;3696	2;13;24	18;72;2	sub-004_ses-101_task-s2;sub-004_ses-201_task-s2;sub-004_ses-301_task-s2	176	2	18	sub-004	ses-101	task-s2	1;2;3	2;2;2
1090	1091	1090	1091	3	3	trialwise	1232;2888;4774	1232;2888;4774	8;19;30	123;11;129	sub-004_ses-103_task-s8;sub-004_ses-202_task-s8;sub-004_ses-303_task-s8	1232	8	123	sub-004	ses-103	task-s8	1;2;3	8;8;8
1091	1092	1091	1092	3	3	trialwise	31;1836;3612	31;1836;3612	1;12;23	32;69;77	sub-004_ses-101_task-s1;sub-004_ses-201_task-s1;sub-004_ses-301_task-s1	31	1	32	sub-004	ses-101	task-s1	1;2;3	1;1;1
1092	1093	1092	1093	3	3	trialwise	16;1908;3691	16;1908;3691	1;12;23	17;141;156	sub-004_ses-101_task-s1;sub-004_ses-201_task-s1;sub-004_ses-301_task-s1	16	1	17	sub-004	ses-101	task-s1	1;2;3	1;1;1
1093	1094	1093	1094	3	3	trialwise	1196;2951;4682	1196;2951;4682	8;19;30	87;74;37	sub-004_ses-103_task-s8;sub-004_ses-202_task-s8;sub-004_ses-303_task-s8	1196	8	87	sub-004	ses-103	task-s8	1;2;3	8;8;8
1094	1095	1094	1095	3	3	trialwise	902;2663;4398	902;2663;4398	6;17;28	109;102;69	sub-004_ses-102_task-s6;sub-004_ses-201_task-s6;sub-004_ses-302_task-s6	902	6	109	sub-004	ses-102	task-s6	1;2;3	6;6;6
1095	1096	1095	1096	3	3	trialwise	834;2637;4442	834;2637;4442	6;17;28	41;76;113	sub-004_ses-102_task-s6;sub-004_ses-201_task-s6;sub-004_ses-302_task-s6	834	6	41	sub-004	ses-102	task-s6	1;2;3	6;6;6
1096	1097	1096	1097	3	3	trialwise	100;1800;3596	100;1800;3596	1;12;23	101;33;61	sub-004_ses-101_task-s1;sub-004_ses-201_task-s1;sub-004_ses-301_task-s1	100	1	101	sub-004	ses-101	task-s1	1;2;3	1;1;1
1097	1098	1097	1098	3	3	trialwise	847;2590;4474	847;2590;4474	6;17;28	54;29;145	sub-004_ses-102_task-s6;sub-004_ses-201_task-s6;sub-004_ses-302_task-s6	847	6	54	sub-004	ses-102	task-s6	1;2;3	6;6;6
1098	1099	1098	1099	3	3	trialwise	109;1815;3683	109;1815;3683	1;12;23	110;48;148	sub-004_ses-101_task-s1;sub-004_ses-201_task-s1;sub-004_ses-301_task-s1	109	1	110	sub-004	ses-101	task-s1	1;2;3	1;1;1
1099	1100	1099	1100	2	2	trialwise	499;2350	499;2350	4;15	23;106	sub-004_ses-102_task-s4;sub-004_ses-201_task-s4	499	4	23	sub-004	ses-102	task-s4	1;2	4;4
1100	1101	1100	1101	3	3	trialwise	758;2475;4264	758;2475;4264	5;16;27	123;72;93	sub-004_ses-102_task-s5;sub-004_ses-201_task-s5;sub-004_ses-302_task-s5	758	5	123	sub-004	ses-102	task-s5	1;2;3	5;5;5
1101	1102	1101	1102	3	3	trialwise	1181;2983;4706	1181;2983;4706	8;19;30	72;106;61	sub-004_ses-103_task-s8;sub-004_ses-202_task-s8;sub-004_ses-303_task-s8	1181	8	72	sub-004	ses-103	task-s8	1;2;3	8;8;8
1102	1103	1102	1103	3	3	trialwise	868;2646;4424	868;2646;4424	6;17;28	75;85;95	sub-004_ses-102_task-s6;sub-004_ses-201_task-s6;sub-004_ses-302_task-s6	868	6	75	sub-004	ses-102	task-s6	1;2;3	6;6;6
1103	1104	1103	1104	4	4	trialwise	475;2135;4010;4158	475;2135;4010;4158	3;14;25;26	158;50;157;146	sub-004_ses-101_task-s3;sub-004_ses-201_task-s3;sub-004_ses-302_task-s3;sub-004_ses-302_task-s4	475	3	158	sub-004	ses-101	task-s3	1;2;3;3	3;3;3;4
1104	1105	1104	1105	3	3	trialwise	272;2048;3739	272;2048;3739	2;13;24	114;122;45	sub-004_ses-101_task-s2;sub-004_ses-201_task-s2;sub-004_ses-301_task-s2	272	2	114	sub-004	ses-101	task-s2	1;2;3	2;2;2
1105	1106	1105	1106	3	3	trialwise	757;2417;4247	757;2417;4247	5;16;27	122;14;76	sub-004_ses-102_task-s5;sub-004_ses-201_task-s5;sub-004_ses-302_task-s5	757	5	122	sub-004	ses-102	task-s5	1;2;3	5;5;5
1106	1107	1106	1107	3	3	trialwise	1259;2950;4779	1259;2950;4779	8;19;30	150;73;134	sub-004_ses-103_task-s8;sub-004_ses-202_task-s8;sub-004_ses-303_task-s8	1259	8	150	sub-004	ses-103	task-s8	1;2;3	8;8;8
1107	1108	1107	1108	3	3	trialwise	1072;2733;4508	1072;2733;4508	7;18;29	121;14;21	sub-004_ses-102_task-s7;sub-004_ses-202_task-s7;sub-004_ses-303_task-s7	1072	7	121	sub-004	ses-102	task-s7	1;2;3	7;7;7
1108	1109	1108	1109	3	3	trialwise	167;2028;3783	167;2028;3783	2;13;24	9;102;89	sub-004_ses-101_task-s2;sub-004_ses-201_task-s2;sub-004_ses-301_task-s2	167	2	9	sub-004	ses-101	task-s2	1;2;3	2;2;2
1109	1110	1109	1110	3	3	trialwise	106;1792;3667	106;1792;3667	1;12;23	107;25;132	sub-004_ses-101_task-s1;sub-004_ses-201_task-s1;sub-004_ses-301_task-s1	106	1	107	sub-004	ses-101	task-s1	1;2;3	1;1;1
1110	1111	1110	1111	2	2	trialwise	609;2388	609;2388	4;15	133;144	sub-004_ses-102_task-s4;sub-004_ses-201_task-s4	609	4	133	sub-004	ses-102	task-s4	1;2	4;4
1111	1112	1111	1112	3	3	trialwise	888;2642;4434	888;2642;4434	6;17;28	95;81;105	sub-004_ses-102_task-s6;sub-004_ses-201_task-s6;sub-004_ses-302_task-s6	888	6	95	sub-004	ses-102	task-s6	1;2;3	6;6;6
1112	1113	1112	1113	4	4	trialwise	358;2233;4008;4148	358;2233;4008;4148	3;14;25;26	41;148;155;136	sub-004_ses-101_task-s3;sub-004_ses-201_task-s3;sub-004_ses-302_task-s3;sub-004_ses-302_task-s4	358	3	41	sub-004	ses-101	task-s3	1;2;3;3	3;3;3;4
1113	1114	1113	1114	2	2	trialwise	532;2250	532;2250	4;15	56;6	sub-004_ses-102_task-s4;sub-004_ses-201_task-s4	532	4	56	sub-004	ses-102	task-s4	1;2	4;4
1114	1115	1114	1115	2	2	trialwise	495;2346	495;2346	4;15	19;102	sub-004_ses-102_task-s4;sub-004_ses-201_task-s4	495	4	19	sub-004	ses-102	task-s4	1;2	4;4
1115	1116	1115	1116	3	3	trialwise	299;1950;3789	299;1950;3789	2;13;24	141;24;95	sub-004_ses-101_task-s2;sub-004_ses-201_task-s2;sub-004_ses-301_task-s2	299	2	141	sub-004	ses-101	task-s2	1;2;3	2;2;2
1116	1117	1116	1117	3	3	trialwise	756;2510;4279	756;2510;4279	5;16;27	121;107;108	sub-004_ses-102_task-s5;sub-004_ses-201_task-s5;sub-004_ses-302_task-s5	756	5	121	sub-004	ses-102	task-s5	1;2;3	5;5;5
1117	1118	1117	1118	3	3	trialwise	718;2505;4326	718;2505;4326	5;16;27	83;102;155	sub-004_ses-102_task-s5;sub-004_ses-201_task-s5;sub-004_ses-302_task-s5	718	5	83	sub-004	ses-102	task-s5	1;2;3	5;5;5
1118	1119	1118	1119	2	2	trialwise	549;2343	549;2343	4;15	73;99	sub-004_ses-102_task-s4;sub-004_ses-201_task-s4	549	4	73	sub-004	ses-102	task-s4	1;2	4;4
1119	1120	1119	1120	3	3	trialwise	1048;2722;4587	1048;2722;4587	7;18;29	97;3;100	sub-004_ses-102_task-s7;sub-004_ses-202_task-s7;sub-004_ses-303_task-s7	1048	7	97	sub-004	ses-102	task-s7	1;2;3	7;7;7
1120	1123	1120	1121	3	3	trialwise	1297;3121;4805	1297;3121;4805	9;20;31	30;86;2	sub-004_ses-104_task-s9;sub-004_ses-202_task-s9;sub-004_ses-303_task-s9	1297	9	30	sub-004	ses-104	task-s9	1;2;3	9;9;9
1121	1134	1121	1122	3	3	trialwise	1287;3063;4814	1287;3063;4814	9;20;31	20;28;11	sub-004_ses-104_task-s9;sub-004_ses-202_task-s9;sub-004_ses-303_task-s9	1287	9	20	sub-004	ses-104	task-s9	1;2;3	9;9;9
1122	1168	1122	1123	3	3	trialwise	1291;3134;4909	1291;3134;4909	9;20;31	24;99;106	sub-004_ses-104_task-s9;sub-004_ses-202_task-s9;sub-004_ses-303_task-s9	1291	9	24	sub-004	ses-104	task-s9	1;2;3	9;9;9
1123	1189	1123	1124	3	3	trialwise	1468;3280;5037	1468;3280;5037	10;21;32	34;78;67	sub-004_ses-103_task-s10;sub-004_ses-202_task-s10;sub-004_ses-303_task-s10	1468	10	34	sub-004	ses-103	task-s10	1;2;3	10;10;10
1124	1220	1124	1125	3	3	trialwise	1390;3195;4901	1390;3195;4901	9;20;31	123;160;98	sub-004_ses-104_task-s9;sub-004_ses-202_task-s9;sub-004_ses-303_task-s9	1390	9	123	sub-004	ses-104	task-s9	1;2;3	9;9;9
1125	1238	1125	1126	3	3	trialwise	1505;3361;4973	1505;3361;4973	10;21;32	71;159;3	sub-004_ses-103_task-s10;sub-004_ses-202_task-s10;sub-004_ses-303_task-s10	1505	10	71	sub-004	ses-103	task-s10	1;2;3	10;10;10
1126	1244	1126	1127	3	3	trialwise	1439;3300;5132	1439;3300;5132	10;21;32	5;98;162	sub-004_ses-103_task-s10;sub-004_ses-202_task-s10;sub-004_ses-303_task-s10	1439	10	5	sub-004	ses-103	task-s10	1;2;3	10;10;10
1127	1264	1127	1128	3	3	trialwise	1563;3230;4991	1563;3230;4991	10;21;32	129;28;21	sub-004_ses-103_task-s10;sub-004_ses-202_task-s10;sub-004_ses-303_task-s10	1563	10	129	sub-004	ses-103	task-s10	1;2;3	10;10;10
1128	1281	1128	1129	3	3	trialwise	1544;3348;5106	1544;3348;5106	10;21;32	110;146;136	sub-004_ses-103_task-s10;sub-004_ses-202_task-s10;sub-004_ses-303_task-s10	1544	10	110	sub-004	ses-103	task-s10	1;2;3	10;10;10
1129	1295	1129	1130	3	3	trialwise	1432;3052;4829	1432;3052;4829	9;20;31	165;17;26	sub-004_ses-104_task-s9;sub-004_ses-202_task-s9;sub-004_ses-303_task-s9	1432	9	165	sub-004	ses-104	task-s9	1;2;3	9;9;9
1130	1340	1130	1131	3	3	trialwise	1268;3177;4813	1268;3177;4813	9;20;31	1;142;10	sub-004_ses-104_task-s9;sub-004_ses-202_task-s9;sub-004_ses-303_task-s9	1268	9	1	sub-004	ses-104	task-s9	1;2;3	9;9;9
1131	1352	1131	1132	3	3	trialwise	1341;3174;4885	1341;3174;4885	9;20;31	74;139;82	sub-004_ses-104_task-s9;sub-004_ses-202_task-s9;sub-004_ses-303_task-s9	1341	9	74	sub-004	ses-104	task-s9	1;2;3	9;9;9
1132	1369	1132	1133	3	3	trialwise	1470;3368;5029	1470;3368;5029	10;21;32	36;166;59	sub-004_ses-103_task-s10;sub-004_ses-202_task-s10;sub-004_ses-303_task-s10	1470	10	36	sub-004	ses-103	task-s10	1;2;3	10;10;10
1133	1388	1133	1134	3	3	trialwise	1590;3333;5124	1590;3333;5124	10;21;32	156;131;154	sub-004_ses-103_task-s10;sub-004_ses-202_task-s10;sub-004_ses-303_task-s10	1590	10	156	sub-004	ses-103	task-s10	1;2;3	10;10;10
1134	1421	1134	1135	3	3	trialwise	1355;3136;4849	1355;3136;4849	9;20;31	88;101;46	sub-004_ses-104_task-s9;sub-004_ses-202_task-s9;sub-004_ses-303_task-s9	1355	9	88	sub-004	ses-104	task-s9	1;2;3	9;9;9
1135	1434	1135	1136	3	3	trialwise	1713;3376;5173	1713;3376;5173	11;22;33	112;7;36	sub-004_ses-103_task-s11;sub-004_ses-202_task-s11;sub-004_ses-303_task-s11	1713	11	112	sub-004	ses-103	task-s11	1;2;3	11;11;11
1136	1464	1136	1137	3	3	trialwise	1524;3304;5017	1524;3304;5017	10;21;32	90;102;47	sub-004_ses-103_task-s10;sub-004_ses-202_task-s10;sub-004_ses-303_task-s10	1524	10	90	sub-004	ses-103	task-s10	1;2;3	10;10;10
1137	1468	1137	1138	3	3	trialwise	1573;3234;5009	1573;3234;5009	10;21;32	139;32;39	sub-004_ses-103_task-s10;sub-004_ses-202_task-s10;sub-004_ses-303_task-s10	1573	10	139	sub-004	ses-103	task-s10	1;2;3	10;10;10
1138	1509	1138	1139	3	3	trialwise	1565;3258;4998	1565;3258;4998	10;21;32	131;56;28	sub-004_ses-103_task-s10;sub-004_ses-202_task-s10;sub-004_ses-303_task-s10	1565	10	131	sub-004	ses-103	task-s10	1;2;3	10;10;10
1139	1519	1139	1140	3	3	trialwise	1477;3281;4980	1477;3281;4980	10;21;32	43;79;10	sub-004_ses-103_task-s10;sub-004_ses-202_task-s10;sub-004_ses-303_task-s10	1477	10	43	sub-004	ses-103	task-s10	1;2;3	10;10;10
1140	1523	1140	1141	3	3	trialwise	1710;3438;5253	1710;3438;5253	11;22;33	109;69;116	sub-004_ses-103_task-s11;sub-004_ses-202_task-s11;sub-004_ses-303_task-s11	1710	11	109	sub-004	ses-103	task-s11	1;2;3	11;11;11
1141	1557	1141	1142	3	3	trialwise	1730;3470;5290	1730;3470;5290	11;22;33	129;101;153	sub-004_ses-103_task-s11;sub-004_ses-202_task-s11;sub-004_ses-303_task-s11	1730	11	129	sub-004	ses-103	task-s11	1;2;3	11;11;11
1142	1573	1142	1143	3	3	trialwise	1617;3412;5286	1617;3412;5286	11;22;33	16;43;149	sub-004_ses-103_task-s11;sub-004_ses-202_task-s11;sub-004_ses-303_task-s11	1617	11	16	sub-004	ses-103	task-s11	1;2;3	11;11;11
1143	1582	1143	1144	3	3	trialwise	1499;3317;5055	1499;3317;5055	10;21;32	65;115;85	sub-004_ses-103_task-s10;sub-004_ses-202_task-s10;sub-004_ses-303_task-s10	1499	10	65	sub-004	ses-103	task-s10	1;2;3	10;10;10
1144	1602	1144	1145	3	3	trialwise	1494;3297;4992	1494;3297;4992	10;21;32	60;95;22	sub-004_ses-103_task-s10;sub-004_ses-202_task-s10;sub-004_ses-303_task-s10	1494	10	60	sub-004	ses-103	task-s10	1;2;3	10;10;10
1145	1609	1145	1146	3	3	trialwise	1307;3122;4857	1307;3122;4857	9;20;31	40;87;54	sub-004_ses-104_task-s9;sub-004_ses-202_task-s9;sub-004_ses-303_task-s9	1307	9	40	sub-004	ses-104	task-s9	1;2;3	9;9;9
1146	1669	1146	1147	3	3	trialwise	1465;3212;4984	1465;3212;4984	10;21;32	31;10;14	sub-004_ses-103_task-s10;sub-004_ses-202_task-s10;sub-004_ses-303_task-s10	1465	10	31	sub-004	ses-103	task-s10	1;2;3	10;10;10
1147	1670	1147	1148	3	3	trialwise	1438;3213;5026	1438;3213;5026	10;21;32	4;11;56	sub-004_ses-103_task-s10;sub-004_ses-202_task-s10;sub-004_ses-303_task-s10	1438	10	4	sub-004	ses-103	task-s10	1;2;3	10;10;10
1148	1718	1148	1149	3	3	trialwise	1501;3345;5064	1501;3345;5064	10;21;32	67;143;94	sub-004_ses-103_task-s10;sub-004_ses-202_task-s10;sub-004_ses-303_task-s10	1501	10	67	sub-004	ses-103	task-s10	1;2;3	10;10;10
1149	1719	1149	1150	3	3	trialwise	1631;3381;5175	1631;3381;5175	11;22;33	30;12;38	sub-004_ses-103_task-s11;sub-004_ses-202_task-s11;sub-004_ses-303_task-s11	1631	11	30	sub-004	ses-103	task-s11	1;2;3	11;11;11
1150	1733	1150	1151	3	3	trialwise	1650;3418;5248	1650;3418;5248	11;22;33	49;49;111	sub-004_ses-103_task-s11;sub-004_ses-202_task-s11;sub-004_ses-303_task-s11	1650	11	49	sub-004	ses-103	task-s11	1;2;3	11;11;11
1151	1755	1151	1152	3	3	trialwise	1412;3168;4878	1412;3168;4878	9;20;31	145;133;75	sub-004_ses-104_task-s9;sub-004_ses-202_task-s9;sub-004_ses-303_task-s9	1412	9	145	sub-004	ses-104	task-s9	1;2;3	9;9;9
1152	1769	1152	1153	3	3	trialwise	1478;3225;5120	1478;3225;5120	10;21;32	44;23;150	sub-004_ses-103_task-s10;sub-004_ses-202_task-s10;sub-004_ses-303_task-s10	1478	10	44	sub-004	ses-103	task-s10	1;2;3	10;10;10
1153	1796	1153	1154	3	3	trialwise	1502;3276;5119	1502;3276;5119	10;21;32	68;74;149	sub-004_ses-103_task-s10;sub-004_ses-202_task-s10;sub-004_ses-303_task-s10	1502	10	68	sub-004	ses-103	task-s10	1;2;3	10;10;10
1154	1807	1154	1155	3	3	trialwise	1292;3117;4832	1292;3117;4832	9;20;31	25;82;29	sub-004_ses-104_task-s9;sub-004_ses-202_task-s9;sub-004_ses-303_task-s9	1292	9	25	sub-004	ses-104	task-s9	1;2;3	9;9;9
1155	1819	1155	1156	3	3	trialwise	1621;3413;5185	1621;3413;5185	11;22;33	20;44;48	sub-004_ses-103_task-s11;sub-004_ses-202_task-s11;sub-004_ses-303_task-s11	1621	11	20	sub-004	ses-103	task-s11	1;2;3	11;11;11
1156	1860	1156	1157	3	3	trialwise	1463;3341;4986	1463;3341;4986	10;21;32	29;139;16	sub-004_ses-103_task-s10;sub-004_ses-202_task-s10;sub-004_ses-303_task-s10	1463	10	29	sub-004	ses-103	task-s10	1;2;3	10;10;10
1157	1875	1157	1158	3	3	trialwise	1597;3252;5060	1597;3252;5060	10;21;32	163;50;90	sub-004_ses-103_task-s10;sub-004_ses-202_task-s10;sub-004_ses-303_task-s10	1597	10	163	sub-004	ses-103	task-s10	1;2;3	10;10;10
1158	1882	1158	1159	3	3	trialwise	1620;3393;5211	1620;3393;5211	11;22;33	19;24;74	sub-004_ses-103_task-s11;sub-004_ses-202_task-s11;sub-004_ses-303_task-s11	1620	11	19	sub-004	ses-103	task-s11	1;2;3	11;11;11
1159	1901	1159	1160	3	3	trialwise	1577;3224;5065	1577;3224;5065	10;21;32	143;22;95	sub-004_ses-103_task-s10;sub-004_ses-202_task-s10;sub-004_ses-303_task-s10	1577	10	143	sub-004	ses-103	task-s10	1;2;3	10;10;10
1160	1929	1160	1161	3	3	trialwise	1614;3476;5198	1614;3476;5198	11;22;33	13;107;61	sub-004_ses-103_task-s11;sub-004_ses-202_task-s11;sub-004_ses-303_task-s11	1614	11	13	sub-004	ses-103	task-s11	1;2;3	11;11;11
1161	1939	1161	1162	3	3	trialwise	1634;3528;5259	1634;3528;5259	11;22;33	33;159;122	sub-004_ses-103_task-s11;sub-004_ses-202_task-s11;sub-004_ses-303_task-s11	1634	11	33	sub-004	ses-103	task-s11	1;2;3	11;11;11
1162	1978	1162	1163	3	3	trialwise	1755;3449;5298	1755;3449;5298	11;22;33	154;80;161	sub-004_ses-103_task-s11;sub-004_ses-202_task-s11;sub-004_ses-303_task-s11	1755	11	154	sub-004	ses-103	task-s11	1;2;3	11;11;11
1163	1983	1163	1164	3	3	trialwise	1369;3131;4809	1369;3131;4809	9;20;31	102;96;6	sub-004_ses-104_task-s9;sub-004_ses-202_task-s9;sub-004_ses-303_task-s9	1369	9	102	sub-004	ses-104	task-s9	1;2;3	9;9;9
1164	2003	1164	1165	3	3	trialwise	1277;3079;4951	1277;3079;4951	9;20;31	10;44;148	sub-004_ses-104_task-s9;sub-004_ses-202_task-s9;sub-004_ses-303_task-s9	1277	9	10	sub-004	ses-104	task-s9	1;2;3	9;9;9
1165	2010	1165	1166	3	3	trialwise	1714;3446;5150	1714;3446;5150	11;22;33	113;77;13	sub-004_ses-103_task-s11;sub-004_ses-202_task-s11;sub-004_ses-303_task-s11	1714	11	113	sub-004	ses-103	task-s11	1;2;3	11;11;11
1166	2078	1166	1167	3	3	trialwise	1697;3390;5146	1697;3390;5146	11;22;33	96;21;9	sub-004_ses-103_task-s11;sub-004_ses-202_task-s11;sub-004_ses-303_task-s11	1697	11	96	sub-004	ses-103	task-s11	1;2;3	11;11;11
1167	2079	1167	1168	3	3	trialwise	1363;3100;4830	1363;3100;4830	9;20;31	96;65;27	sub-004_ses-104_task-s9;sub-004_ses-202_task-s9;sub-004_ses-303_task-s9	1363	9	96	sub-004	ses-104	task-s9	1;2;3	9;9;9
1168	2081	1168	1169	3	3	trialwise	1560;3240;5107	1560;3240;5107	10;21;32	126;38;137	sub-004_ses-103_task-s10;sub-004_ses-202_task-s10;sub-004_ses-303_task-s10	1560	10	126	sub-004	ses-103	task-s10	1;2;3	10;10;10
1169	2114	1169	1170	3	3	trialwise	1431;3159;4945	1431;3159;4945	9;20;31	164;124;142	sub-004_ses-104_task-s9;sub-004_ses-202_task-s9;sub-004_ses-303_task-s9	1431	9	164	sub-004	ses-104	task-s9	1;2;3	9;9;9
1170	2141	1170	1171	3	3	trialwise	1767;3524;5178	1767;3524;5178	11;22;33	166;155;41	sub-004_ses-103_task-s11;sub-004_ses-202_task-s11;sub-004_ses-303_task-s11	1767	11	166	sub-004	ses-103	task-s11	1;2;3	11;11;11
1171	2153	1171	1172	3	3	trialwise	1387;3088;4876	1387;3088;4876	9;20;31	120;53;73	sub-004_ses-104_task-s9;sub-004_ses-202_task-s9;sub-004_ses-303_task-s9	1387	9	120	sub-004	ses-104	task-s9	1;2;3	9;9;9
1172	2161	1172	1173	3	3	trialwise	1555;3359;5034	1555;3359;5034	10;21;32	121;157;64	sub-004_ses-103_task-s10;sub-004_ses-202_task-s10;sub-004_ses-303_task-s10	1555	10	121	sub-004	ses-103	task-s10	1;2;3	10;10;10
1173	2183	1173	1174	3	3	trialwise	1333;3197;4952	1333;3197;4952	9;20;31	66;162;149	sub-004_ses-104_task-s9;sub-004_ses-202_task-s9;sub-004_ses-303_task-s9	1333	9	66	sub-004	ses-104	task-s9	1;2;3	9;9;9
1174	2201	1174	1175	3	3	trialwise	1385;3047;4808	1385;3047;4808	9;20;31	118;12;5	sub-004_ses-104_task-s9;sub-004_ses-202_task-s9;sub-004_ses-303_task-s9	1385	9	118	sub-004	ses-104	task-s9	1;2;3	9;9;9
1175	2233	1175	1176	3	3	trialwise	1545;3278;5111	1545;3278;5111	10;21;32	111;76;141	sub-004_ses-103_task-s10;sub-004_ses-202_task-s10;sub-004_ses-303_task-s10	1545	10	111	sub-004	ses-103	task-s10	1;2;3	10;10;10
1176	2242	1176	1177	3	3	trialwise	1700;3422;5295	1700;3422;5295	11;22;33	99;53;158	sub-004_ses-103_task-s11;sub-004_ses-202_task-s11;sub-004_ses-303_task-s11	1700	11	99	sub-004	ses-103	task-s11	1;2;3	11;11;11
1177	2247	1177	1178	3	3	trialwise	1366;3092;4822	1366;3092;4822	9;20;31	99;57;19	sub-004_ses-104_task-s9;sub-004_ses-202_task-s9;sub-004_ses-303_task-s9	1366	9	99	sub-004	ses-104	task-s9	1;2;3	9;9;9
1178	2314	1178	1179	3	3	trialwise	1569;3228;5013	1569;3228;5013	10;21;32	135;26;43	sub-004_ses-103_task-s10;sub-004_ses-202_task-s10;sub-004_ses-303_task-s10	1569	10	135	sub-004	ses-103	task-s10	1;2;3	10;10;10
1179	2319	1179	1180	3	3	trialwise	1536;3365;4979	1536;3365;4979	10;21;32	102;163;9	sub-004_ses-103_task-s10;sub-004_ses-202_task-s10;sub-004_ses-303_task-s10	1536	10	102	sub-004	ses-103	task-s10	1;2;3	10;10;10
1180	2339	1180	1181	3	3	trialwise	1735;3374;5245	1735;3374;5245	11;22;33	134;5;108	sub-004_ses-103_task-s11;sub-004_ses-202_task-s11;sub-004_ses-303_task-s11	1735	11	134	sub-004	ses-103	task-s11	1;2;3	11;11;11
1181	2350	1181	1182	3	3	trialwise	1584;3287;5062	1584;3287;5062	10;21;32	150;85;92	sub-004_ses-103_task-s10;sub-004_ses-202_task-s10;sub-004_ses-303_task-s10	1584	10	150	sub-004	ses-103	task-s10	1;2;3	10;10;10
1182	2384	1182	1183	3	3	trialwise	1636;3512;5281	1636;3512;5281	11;22;33	35;143;144	sub-004_ses-103_task-s11;sub-004_ses-202_task-s11;sub-004_ses-303_task-s11	1636	11	35	sub-004	ses-103	task-s11	1;2;3	11;11;11
1183	2387	1183	1184	3	3	trialwise	1702;3402;5256	1702;3402;5256	11;22;33	101;33;119	sub-004_ses-103_task-s11;sub-004_ses-202_task-s11;sub-004_ses-303_task-s11	1702	11	101	sub-004	ses-103	task-s11	1;2;3	11;11;11
1184	2423	1184	1185	3	3	trialwise	1546;3256;5024	1546;3256;5024	10;21;32	112;54;54	sub-004_ses-103_task-s10;sub-004_ses-202_task-s10;sub-004_ses-303_task-s10	1546	10	112	sub-004	ses-103	task-s10	1;2;3	10;10;10
1185	2429	1185	1186	3	3	trialwise	1564;3362;5021	1564;3362;5021	10;21;32	130;160;51	sub-004_ses-103_task-s10;sub-004_ses-202_task-s10;sub-004_ses-303_task-s10	1564	10	130	sub-004	ses-103	task-s10	1;2;3	10;10;10
1186	2454	1186	1187	3	3	trialwise	1746;3521;5200	1746;3521;5200	11;22;33	145;152;63	sub-004_ses-103_task-s11;sub-004_ses-202_task-s11;sub-004_ses-303_task-s11	1746	11	145	sub-004	ses-103	task-s11	1;2;3	11;11;11
1187	2479	1187	1188	3	3	trialwise	1551;3320;5090	1551;3320;5090	10;21;32	117;118;120	sub-004_ses-103_task-s10;sub-004_ses-202_task-s10;sub-004_ses-303_task-s10	1551	10	117	sub-004	ses-103	task-s10	1;2;3	10;10;10
1188	2501	1188	1189	3	3	trialwise	1719;3502;5267	1719;3502;5267	11;22;33	118;133;130	sub-004_ses-103_task-s11;sub-004_ses-202_task-s11;sub-004_ses-303_task-s11	1719	11	118	sub-004	ses-103	task-s11	1;2;3	11;11;11
1189	2519	1189	1190	3	3	trialwise	1624;3529;5176	1624;3529;5176	11;22;33	23;160;39	sub-004_ses-103_task-s11;sub-004_ses-202_task-s11;sub-004_ses-303_task-s11	1624	11	23	sub-004	ses-103	task-s11	1;2;3	11;11;11
1190	2541	1190	1191	3	3	trialwise	1651;3407;5275	1651;3407;5275	11;22;33	50;38;138	sub-004_ses-103_task-s11;sub-004_ses-202_task-s11;sub-004_ses-303_task-s11	1651	11	50	sub-004	ses-103	task-s11	1;2;3	11;11;11
1191	2551	1191	1192	3	3	trialwise	1673;3486;5206	1673;3486;5206	11;22;33	72;117;69	sub-004_ses-103_task-s11;sub-004_ses-202_task-s11;sub-004_ses-303_task-s11	1673	11	72	sub-004	ses-103	task-s11	1;2;3	11;11;11
1192	2561	1192	1193	3	3	trialwise	1280;3082;4944	1280;3082;4944	9;20;31	13;47;141	sub-004_ses-104_task-s9;sub-004_ses-202_task-s9;sub-004_ses-303_task-s9	1280	9	13	sub-004	ses-104	task-s9	1;2;3	9;9;9
1193	2584	1193	1194	3	3	trialwise	1394;3182;4875	1394;3182;4875	9;20;31	127;147;72	sub-004_ses-104_task-s9;sub-004_ses-202_task-s9;sub-004_ses-303_task-s9	1394	9	127	sub-004	ses-104	task-s9	1;2;3	9;9;9
1194	2629	1194	1195	3	3	trialwise	1642;3472;5293	1642;3472;5293	11;22;33	41;103;156	sub-004_ses-103_task-s11;sub-004_ses-202_task-s11;sub-004_ses-303_task-s11	1642	11	41	sub-004	ses-103	task-s11	1;2;3	11;11;11
1195	2639	1195	1196	3	3	trialwise	1568;3205;5006	1568;3205;5006	10;21;32	134;3;36	sub-004_ses-103_task-s10;sub-004_ses-202_task-s10;sub-004_ses-303_task-s10	1568	10	134	sub-004	ses-103	task-s10	1;2;3	10;10;10
1196	2650	1196	1197	3	3	trialwise	1357;3140;4895	1357;3140;4895	9;20;31	90;105;92	sub-004_ses-104_task-s9;sub-004_ses-202_task-s9;sub-004_ses-303_task-s9	1357	9	90	sub-004	ses-104	task-s9	1;2;3	9;9;9
1197	2656	1197	1198	3	3	trialwise	1338;3081;4924	1338;3081;4924	9;20;31	71;46;121	sub-004_ses-104_task-s9;sub-004_ses-202_task-s9;sub-004_ses-303_task-s9	1338	9	71	sub-004	ses-104	task-s9	1;2;3	9;9;9
1198	2695	1198	1199	3	3	trialwise	1679;3450;5214	1679;3450;5214	11;22;33	78;81;77	sub-004_ses-103_task-s11;sub-004_ses-202_task-s11;sub-004_ses-303_task-s11	1679	11	78	sub-004	ses-103	task-s11	1;2;3	11;11;11
1199	2712	1199	1200	3	3	trialwise	1365;3059;4897	1365;3059;4897	9;20;31	98;24;94	sub-004_ses-104_task-s9;sub-004_ses-202_task-s9;sub-004_ses-303_task-s9	1365	9	98	sub-004	ses-104	task-s9	1;2;3	9;9;9
1200	2730	1200	1201	3	3	trialwise	1721;3452;5192	1721;3452;5192	11;22;33	120;83;55	sub-004_ses-103_task-s11;sub-004_ses-202_task-s11;sub-004_ses-303_task-s11	1721	11	120	sub-004	ses-103	task-s11	1;2;3	11;11;11
1201	2747	1201	1202	3	3	trialwise	1728;3494;5190	1728;3494;5190	11;22;33	127;125;53	sub-004_ses-103_task-s11;sub-004_ses-202_task-s11;sub-004_ses-303_task-s11	1728	11	127	sub-004	ses-103	task-s11	1;2;3	11;11;11
1202	2785	1202	1203	3	3	trialwise	1734;3431;5207	1734;3431;5207	11;22;33	133;62;70	sub-004_ses-103_task-s11;sub-004_ses-202_task-s11;sub-004_ses-303_task-s11	1734	11	133	sub-004	ses-103	task-s11	1;2;3	11;11;11
1203	2786	1203	1204	3	3	trialwise	1504;3269;5088	1504;3269;5088	10;21;32	70;67;118	sub-004_ses-103_task-s10;sub-004_ses-202_task-s10;sub-004_ses-303_task-s10	1504	10	70	sub-004	ses-103	task-s10	1;2;3	10;10;10
1204	2825	1204	1205	3	3	trialwise	1346;3061;4940	1346;3061;4940	9;20;31	79;26;137	sub-004_ses-104_task-s9;sub-004_ses-202_task-s9;sub-004_ses-303_task-s9	1346	9	79	sub-004	ses-104	task-s9	1;2;3	9;9;9
1205	2829	1205	1206	3	3	trialwise	1271;3147;4881	1271;3147;4881	9;20;31	4;112;78	sub-004_ses-104_task-s9;sub-004_ses-202_task-s9;sub-004_ses-303_task-s9	1271	9	4	sub-004	ses-104	task-s9	1;2;3	9;9;9
1206	2848	1206	1207	3	3	trialwise	1540;3343;5109	1540;3343;5109	10;21;32	106;141;139	sub-004_ses-103_task-s10;sub-004_ses-202_task-s10;sub-004_ses-303_task-s10	1540	10	106	sub-004	ses-103	task-s10	1;2;3	10;10;10
1207	2865	1207	1208	3	3	trialwise	1678;3462;5266	1678;3462;5266	11;22;33	77;93;129	sub-004_ses-103_task-s11;sub-004_ses-202_task-s11;sub-004_ses-303_task-s11	1678	11	77	sub-004	ses-103	task-s11	1;2;3	11;11;11
1208	2882	1208	1209	3	3	trialwise	1764;3481;5303	1764;3481;5303	11;22;33	163;112;166	sub-004_ses-103_task-s11;sub-004_ses-202_task-s11;sub-004_ses-303_task-s11	1764	11	163	sub-004	ses-103	task-s11	1;2;3	11;11;11
1209	2893	1209	1210	3	3	trialwise	1284;3183;4880	1284;3183;4880	9;20;31	17;148;77	sub-004_ses-104_task-s9;sub-004_ses-202_task-s9;sub-004_ses-303_task-s9	1284	9	17	sub-004	ses-104	task-s9	1;2;3	9;9;9
1210	2926	1210	1211	3	3	trialwise	1304;3109;4896	1304;3109;4896	9;20;31	37;74;93	sub-004_ses-104_task-s9;sub-004_ses-202_task-s9;sub-004_ses-303_task-s9	1304	9	37	sub-004	ses-104	task-s9	1;2;3	9;9;9
1211	2958	1211	1212	3	3	trialwise	1288;3170;4868	1288;3170;4868	9;20;31	21;135;65	sub-004_ses-104_task-s9;sub-004_ses-202_task-s9;sub-004_ses-303_task-s9	1288	9	21	sub-004	ses-104	task-s9	1;2;3	9;9;9
1212	2979	1212	1213	3	3	trialwise	1741;3516;5199	1741;3516;5199	11;22;33	140;147;62	sub-004_ses-103_task-s11;sub-004_ses-202_task-s11;sub-004_ses-303_task-s11	1741	11	140	sub-004	ses-103	task-s11	1;2;3	11;11;11
1213	2984	1213	1214	3	3	trialwise	1541;3218;5096	1541;3218;5096	10;21;32	107;16;126	sub-004_ses-103_task-s10;sub-004_ses-202_task-s10;sub-004_ses-303_task-s10	1541	10	107	sub-004	ses-103	task-s10	1;2;3	10;10;10
1214	3013	1214	1215	3	3	trialwise	1479;3237;5122	1479;3237;5122	10;21;32	45;35;152	sub-004_ses-103_task-s10;sub-004_ses-202_task-s10;sub-004_ses-303_task-s10	1479	10	45	sub-004	ses-103	task-s10	1;2;3	10;10;10
1215	3033	1215	1216	3	3	trialwise	1701;3451;5246	1701;3451;5246	11;22;33	100;82;109	sub-004_ses-103_task-s11;sub-004_ses-202_task-s11;sub-004_ses-303_task-s11	1701	11	100	sub-004	ses-103	task-s11	1;2;3	11;11;11
1216	3068	1216	1217	3	3	trialwise	1495;3360;5083	1495;3360;5083	10;21;32	61;158;113	sub-004_ses-103_task-s10;sub-004_ses-202_task-s10;sub-004_ses-303_task-s10	1495	10	61	sub-004	ses-103	task-s10	1;2;3	10;10;10
1217	3075	1217	1218	3	3	trialwise	1370;3118;4835	1370;3118;4835	9;20;31	103;83;32	sub-004_ses-104_task-s9;sub-004_ses-202_task-s9;sub-004_ses-303_task-s9	1370	9	103	sub-004	ses-104	task-s9	1;2;3	9;9;9
1218	3088	1218	1219	3	3	trialwise	1669;3420;5269	1669;3420;5269	11;22;33	68;51;132	sub-004_ses-103_task-s11;sub-004_ses-202_task-s11;sub-004_ses-303_task-s11	1669	11	68	sub-004	ses-103	task-s11	1;2;3	11;11;11
1219	3112	1219	1220	3	3	trialwise	1402;3165;4911	1402;3165;4911	9;20;31	135;130;108	sub-004_ses-104_task-s9;sub-004_ses-202_task-s9;sub-004_ses-303_task-s9	1402	9	135	sub-004	ses-104	task-s9	1;2;3	9;9;9
1220	3144	1220	1221	3	3	trialwise	1750;3461;5157	1750;3461;5157	11;22;33	149;92;20	sub-004_ses-103_task-s11;sub-004_ses-202_task-s11;sub-004_ses-303_task-s11	1750	11	149	sub-004	ses-103	task-s11	1;2;3	11;11;11
1221	3157	1221	1222	3	3	trialwise	1518;3245;5097	1518;3245;5097	10;21;32	84;43;127	sub-004_ses-103_task-s10;sub-004_ses-202_task-s10;sub-004_ses-303_task-s10	1518	10	84	sub-004	ses-103	task-s10	1;2;3	10;10;10
1222	3188	1222	1223	3	3	trialwise	1527;3253;5099	1527;3253;5099	10;21;32	93;51;129	sub-004_ses-103_task-s10;sub-004_ses-202_task-s10;sub-004_ses-303_task-s10	1527	10	93	sub-004	ses-103	task-s10	1;2;3	10;10;10
1223	3199	1223	1224	3	3	trialwise	1294;3143;4930	1294;3143;4930	9;20;31	27;108;127	sub-004_ses-104_task-s9;sub-004_ses-202_task-s9;sub-004_ses-303_task-s9	1294	9	27	sub-004	ses-104	task-s9	1;2;3	9;9;9
1224	3212	1224	1225	3	3	trialwise	1694;3427;5288	1694;3427;5288	11;22;33	93;58;151	sub-004_ses-103_task-s11;sub-004_ses-202_task-s11;sub-004_ses-303_task-s11	1694	11	93	sub-004	ses-103	task-s11	1;2;3	11;11;11
1225	3213	1225	1226	3	3	trialwise	1537;3352;5039	1537;3352;5039	10;21;32	103;150;69	sub-004_ses-103_task-s10;sub-004_ses-202_task-s10;sub-004_ses-303_task-s10	1537	10	103	sub-004	ses-103	task-s10	1;2;3	10;10;10
1226	3254	1226	1227	3	3	trialwise	1340;3154;4838	1340;3154;4838	9;20;31	73;119;35	sub-004_ses-104_task-s9;sub-004_ses-202_task-s9;sub-004_ses-303_task-s9	1340	9	73	sub-004	ses-104	task-s9	1;2;3	9;9;9
1227	3267	1227	1228	3	3	trialwise	1686;3380;5182	1686;3380;5182	11;22;33	85;11;45	sub-004_ses-103_task-s11;sub-004_ses-202_task-s11;sub-004_ses-303_task-s11	1686	11	85	sub-004	ses-103	task-s11	1;2;3	11;11;11
1228	3314	1228	1229	3	3	trialwise	1388;3156;4929	1388;3156;4929	9;20;31	121;121;126	sub-004_ses-104_task-s9;sub-004_ses-202_task-s9;sub-004_ses-303_task-s9	1388	9	121	sub-004	ses-104	task-s9	1;2;3	9;9;9
1229	3318	1229	1230	3	3	trialwise	1704;3499;5239	1704;3499;5239	11;22;33	103;130;102	sub-004_ses-103_task-s11;sub-004_ses-202_task-s11;sub-004_ses-303_task-s11	1704	11	103	sub-004	ses-103	task-s11	1;2;3	11;11;11
1230	3322	1230	1231	3	3	trialwise	1706;3375;5233	1706;3375;5233	11;22;33	105;6;96	sub-004_ses-103_task-s11;sub-004_ses-202_task-s11;sub-004_ses-303_task-s11	1706	11	105	sub-004	ses-103	task-s11	1;2;3	11;11;11
1231	3336	1231	1232	3	3	trialwise	1305;3102;4812	1305;3102;4812	9;20;31	38;67;9	sub-004_ses-104_task-s9;sub-004_ses-202_task-s9;sub-004_ses-303_task-s9	1305	9	38	sub-004	ses-104	task-s9	1;2;3	9;9;9
1232	3366	1232	1233	3	3	trialwise	1737;3527;5170	1737;3527;5170	11;22;33	136;158;33	sub-004_ses-103_task-s11;sub-004_ses-202_task-s11;sub-004_ses-303_task-s11	1737	11	136	sub-004	ses-103	task-s11	1;2;3	11;11;11
1233	3381	1233	1234	3	3	trialwise	1539;3254;5118	1539;3254;5118	10;21;32	105;52;148	sub-004_ses-103_task-s10;sub-004_ses-202_task-s10;sub-004_ses-303_task-s10	1539	10	105	sub-004	ses-103	task-s10	1;2;3	10;10;10
1234	3412	1234	1235	3	3	trialwise	1688;3526;5223	1688;3526;5223	11;22;33	87;157;86	sub-004_ses-103_task-s11;sub-004_ses-202_task-s11;sub-004_ses-303_task-s11	1688	11	87	sub-004	ses-103	task-s11	1;2;3	11;11;11
1235	3415	1235	1236	3	3	trialwise	1379;3172;4892	1379;3172;4892	9;20;31	112;137;89	sub-004_ses-104_task-s9;sub-004_ses-202_task-s9;sub-004_ses-303_task-s9	1379	9	112	sub-004	ses-104	task-s9	1;2;3	9;9;9
1236	3450	1236	1237	3	3	trialwise	1758;3495;5242	1758;3495;5242	11;22;33	157;126;105	sub-004_ses-103_task-s11;sub-004_ses-202_task-s11;sub-004_ses-303_task-s11	1758	11	157	sub-004	ses-103	task-s11	1;2;3	11;11;11
1237	3456	1237	1238	3	3	trialwise	1389;3111;4883	1389;3111;4883	9;20;31	122;76;80	sub-004_ses-104_task-s9;sub-004_ses-202_task-s9;sub-004_ses-303_task-s9	1389	9	122	sub-004	ses-104	task-s9	1;2;3	9;9;9
1238	3505	1238	1239	3	3	trialwise	1649;3506;5276	1649;3506;5276	11;22;33	48;137;139	sub-004_ses-103_task-s11;sub-004_ses-202_task-s11;sub-004_ses-303_task-s11	1649	11	48	sub-004	ses-103	task-s11	1;2;3	11;11;11
1239	3513	1239	1240	3	3	trialwise	1745;3456;5161	1745;3456;5161	11;22;33	144;87;24	sub-004_ses-103_task-s11;sub-004_ses-202_task-s11;sub-004_ses-303_task-s11	1745	11	144	sub-004	ses-103	task-s11	1;2;3	11;11;11
1240	3538	1240	1241	3	3	trialwise	1467;3267;4975	1467;3267;4975	10;21;32	33;65;5	sub-004_ses-103_task-s10;sub-004_ses-202_task-s10;sub-004_ses-303_task-s10	1467	10	33	sub-004	ses-103	task-s10	1;2;3	10;10;10
1241	3546	1241	1242	3	3	trialwise	1656;3419;5254	1656;3419;5254	11;22;33	55;50;117	sub-004_ses-103_task-s11;sub-004_ses-202_task-s11;sub-004_ses-303_task-s11	1656	11	55	sub-004	ses-103	task-s11	1;2;3	11;11;11
1242	3569	1242	1243	3	3	trialwise	1513;3262;5072	1513;3262;5072	10;21;32	79;60;102	sub-004_ses-103_task-s10;sub-004_ses-202_task-s10;sub-004_ses-303_task-s10	1513	10	79	sub-004	ses-103	task-s10	1;2;3	10;10;10
1243	3595	1243	1244	3	3	trialwise	1300;3149;4969	1300;3149;4969	9;20;31	33;114;166	sub-004_ses-104_task-s9;sub-004_ses-202_task-s9;sub-004_ses-303_task-s9	1300	9	33	sub-004	ses-104	task-s9	1;2;3	9;9;9
1244	3621	1244	1245	3	3	trialwise	1488;3204;5003	1488;3204;5003	10;21;32	54;2;33	sub-004_ses-103_task-s10;sub-004_ses-202_task-s10;sub-004_ses-303_task-s10	1488	10	54	sub-004	ses-103	task-s10	1;2;3	10;10;10
1245	3635	1245	1246	3	3	trialwise	1703;3373;5140	1703;3373;5140	11;22;33	102;4;3	sub-004_ses-103_task-s11;sub-004_ses-202_task-s11;sub-004_ses-303_task-s11	1703	11	102	sub-004	ses-103	task-s11	1;2;3	11;11;11
1246	3653	1246	1247	3	3	trialwise	1429;3054;4823	1429;3054;4823	9;20;31	162;19;20	sub-004_ses-104_task-s9;sub-004_ses-202_task-s9;sub-004_ses-303_task-s9	1429	9	162	sub-004	ses-104	task-s9	1;2;3	9;9;9
1247	3671	1247	1248	3	3	trialwise	1738;3469;5237	1738;3469;5237	11;22;33	137;100;100	sub-004_ses-103_task-s11;sub-004_ses-202_task-s11;sub-004_ses-303_task-s11	1738	11	137	sub-004	ses-103	task-s11	1;2;3	11;11;11
1248	3703	1248	1249	3	3	trialwise	1628;3468;5180	1628;3468;5180	11;22;33	27;99;43	sub-004_ses-103_task-s11;sub-004_ses-202_task-s11;sub-004_ses-303_task-s11	1628	11	27	sub-004	ses-103	task-s11	1;2;3	11;11;11
1249	3720	1249	1250	3	3	trialwise	1434;3180;4836	1434;3180;4836	9;20;31	167;145;33	sub-004_ses-104_task-s9;sub-004_ses-202_task-s9;sub-004_ses-303_task-s9	1434	9	167	sub-004	ses-104	task-s9	1;2;3	9;9;9
1250	3734	1250	1251	3	3	trialwise	1609;3394;5202	1609;3394;5202	11;22;33	8;25;65	sub-004_ses-103_task-s11;sub-004_ses-202_task-s11;sub-004_ses-303_task-s11	1609	11	8	sub-004	ses-103	task-s11	1;2;3	11;11;11
1251	3738	1251	1252	3	3	trialwise	1398;3158;4877	1398;3158;4877	9;20;31	131;123;74	sub-004_ses-104_task-s9;sub-004_ses-202_task-s9;sub-004_ses-303_task-s9	1398	9	131	sub-004	ses-104	task-s9	1;2;3	9;9;9
1252	3761	1252	1253	3	3	trialwise	1641;3485;5262	1641;3485;5262	11;22;33	40;116;125	sub-004_ses-103_task-s11;sub-004_ses-202_task-s11;sub-004_ses-303_task-s11	1641	11	40	sub-004	ses-103	task-s11	1;2;3	11;11;11
1253	3784	1253	1254	3	3	trialwise	1554;3291;5092	1554;3291;5092	10;21;32	120;89;122	sub-004_ses-103_task-s10;sub-004_ses-202_task-s10;sub-004_ses-303_task-s10	1554	10	120	sub-004	ses-103	task-s10	1;2;3	10;10;10
1254	3802	1254	1255	3	3	trialwise	1547;3340;5048	1547;3340;5048	10;21;32	113;138;78	sub-004_ses-103_task-s10;sub-004_ses-202_task-s10;sub-004_ses-303_task-s10	1547	10	113	sub-004	ses-103	task-s10	1;2;3	10;10;10
1255	3824	1255	1256	3	3	trialwise	1482;3325;5005	1482;3325;5005	10;21;32	48;123;35	sub-004_ses-103_task-s10;sub-004_ses-202_task-s10;sub-004_ses-303_task-s10	1482	10	48	sub-004	ses-103	task-s10	1;2;3	10;10;10
1256	3847	1256	1257	3	3	trialwise	1672;3397;5291	1672;3397;5291	11;22;33	71;28;154	sub-004_ses-103_task-s11;sub-004_ses-202_task-s11;sub-004_ses-303_task-s11	1672	11	71	sub-004	ses-103	task-s11	1;2;3	11;11;11
1257	3879	1257	1258	3	3	trialwise	1599;3296;5129	1599;3296;5129	10;21;32	165;94;159	sub-004_ses-103_task-s10;sub-004_ses-202_task-s10;sub-004_ses-303_task-s10	1599	10	165	sub-004	ses-103	task-s10	1;2;3	10;10;10
1258	3887	1258	1259	3	3	trialwise	1342;3138;4970	1342;3138;4970	9;20;31	75;103;167	sub-004_ses-104_task-s9;sub-004_ses-202_task-s9;sub-004_ses-303_task-s9	1342	9	75	sub-004	ses-104	task-s9	1;2;3	9;9;9
1259	3892	1259	1260	3	3	trialwise	1423;3076;4925	1423;3076;4925	9;20;31	156;41;122	sub-004_ses-104_task-s9;sub-004_ses-202_task-s9;sub-004_ses-303_task-s9	1423	9	156	sub-004	ses-104	task-s9	1;2;3	9;9;9
1260	3943	1260	1261	3	3	trialwise	1270;3053;4889	1270;3053;4889	9;20;31	3;18;86	sub-004_ses-104_task-s9;sub-004_ses-202_task-s9;sub-004_ses-303_task-s9	1270	9	3	sub-004	ses-104	task-s9	1;2;3	9;9;9
1261	3952	1261	1262	3	3	trialwise	1725;3510;5285	1725;3510;5285	11;22;33	124;141;148	sub-004_ses-103_task-s11;sub-004_ses-202_task-s11;sub-004_ses-303_task-s11	1725	11	124	sub-004	ses-103	task-s11	1;2;3	11;11;11
1262	3994	1262	1263	3	3	trialwise	1362;3161;4887	1362;3161;4887	9;20;31	95;126;84	sub-004_ses-104_task-s9;sub-004_ses-202_task-s9;sub-004_ses-303_task-s9	1362	9	95	sub-004	ses-104	task-s9	1;2;3	9;9;9
1263	4000	1263	1264	3	3	trialwise	1543;3358;5126	1543;3358;5126	10;21;32	109;156;156	sub-004_ses-103_task-s10;sub-004_ses-202_task-s10;sub-004_ses-303_task-s10	1543	10	109	sub-004	ses-103	task-s10	1;2;3	10;10;10
1264	4026	1264	1265	3	3	trialwise	1510;3354;5089	1510;3354;5089	10;21;32	76;152;119	sub-004_ses-103_task-s10;sub-004_ses-202_task-s10;sub-004_ses-303_task-s10	1510	10	76	sub-004	ses-103	task-s10	1;2;3	10;10;10
1265	4036	1265	1266	3	3	trialwise	1313;3089;4848	1313;3089;4848	9;20;31	46;54;45	sub-004_ses-104_task-s9;sub-004_ses-202_task-s9;sub-004_ses-303_task-s9	1313	9	46	sub-004	ses-104	task-s9	1;2;3	9;9;9
1266	4068	1266	1267	3	3	trialwise	1386;3116;4967	1386;3116;4967	9;20;31	119;81;164	sub-004_ses-104_task-s9;sub-004_ses-202_task-s9;sub-004_ses-303_task-s9	1386	9	119	sub-004	ses-104	task-s9	1;2;3	9;9;9
1267	4074	1267	1268	3	3	trialwise	1396;3191;4957	1396;3191;4957	9;20;31	129;156;154	sub-004_ses-104_task-s9;sub-004_ses-202_task-s9;sub-004_ses-303_task-s9	1396	9	129	sub-004	ses-104	task-s9	1;2;3	9;9;9
1268	4082	1268	1269	3	3	trialwise	1317;3108;4923	1317;3108;4923	9;20;31	50;73;120	sub-004_ses-104_task-s9;sub-004_ses-202_task-s9;sub-004_ses-303_task-s9	1317	9	50	sub-004	ses-104	task-s9	1;2;3	9;9;9
1269	4110	1269	1270	3	3	trialwise	1699;3515;5244	1699;3515;5244	11;22;33	98;146;107	sub-004_ses-103_task-s11;sub-004_ses-202_task-s11;sub-004_ses-303_task-s11	1699	11	98	sub-004	ses-103	task-s11	1;2;3	11;11;11
1270	4131	1270	1271	3	3	trialwise	1328;3037;4867	1328;3037;4867	9;20;31	61;2;64	sub-004_ses-104_task-s9;sub-004_ses-202_task-s9;sub-004_ses-303_task-s9	1328	9	61	sub-004	ses-104	task-s9	1;2;3	9;9;9
1271	4140	1271	1272	3	3	trialwise	1311;3151;4968	1311;3151;4968	9;20;31	44;116;165	sub-004_ses-104_task-s9;sub-004_ses-202_task-s9;sub-004_ses-303_task-s9	1311	9	44	sub-004	ses-104	task-s9	1;2;3	9;9;9
1272	4172	1272	1273	3	3	trialwise	1435;3332;5010	1435;3332;5010	10;21;32	1;130;40	sub-004_ses-103_task-s10;sub-004_ses-202_task-s10;sub-004_ses-303_task-s10	1435	10	1	sub-004	ses-103	task-s10	1;2;3	10;10;10
1273	4189	1273	1274	3	3	trialwise	1692;3525;5210	1692;3525;5210	11;22;33	91;156;73	sub-004_ses-103_task-s11;sub-004_ses-202_task-s11;sub-004_ses-303_task-s11	1692	11	91	sub-004	ses-103	task-s11	1;2;3	11;11;11
1274	4230	1274	1275	3	3	trialwise	1570;3312;5127	1570;3312;5127	10;21;32	136;110;157	sub-004_ses-103_task-s10;sub-004_ses-202_task-s10;sub-004_ses-303_task-s10	1570	10	136	sub-004	ses-103	task-s10	1;2;3	10;10;10
1275	4236	1275	1276	3	3	trialwise	1444;3272;5049	1444;3272;5049	10;21;32	10;70;79	sub-004_ses-103_task-s10;sub-004_ses-202_task-s10;sub-004_ses-303_task-s10	1444	10	10	sub-004	ses-103	task-s10	1;2;3	10;10;10
1276	4244	1276	1277	3	3	trialwise	1591;3284;4995	1591;3284;4995	10;21;32	157;82;25	sub-004_ses-103_task-s10;sub-004_ses-202_task-s10;sub-004_ses-303_task-s10	1591	10	157	sub-004	ses-103	task-s10	1;2;3	10;10;10
1277	4249	1277	1278	3	3	trialwise	1322;3186;4934	1322;3186;4934	9;20;31	55;151;131	sub-004_ses-104_task-s9;sub-004_ses-202_task-s9;sub-004_ses-303_task-s9	1322	9	55	sub-004	ses-104	task-s9	1;2;3	9;9;9
1278	4286	1278	1279	3	3	trialwise	1475;3350;5052	1475;3350;5052	10;21;32	41;148;82	sub-004_ses-103_task-s10;sub-004_ses-202_task-s10;sub-004_ses-303_task-s10	1475	10	41	sub-004	ses-103	task-s10	1;2;3	10;10;10
1279	4289	1279	1280	3	3	trialwise	1399;3200;4855	1399;3200;4855	9;20;31	132;165;52	sub-004_ses-104_task-s9;sub-004_ses-202_task-s9;sub-004_ses-303_task-s9	1399	9	132	sub-004	ses-104	task-s9	1;2;3	9;9;9
1280	4322	1280	1281	3	3	trialwise	1585;3288;4981	1585;3288;4981	10;21;32	151;86;11	sub-004_ses-103_task-s10;sub-004_ses-202_task-s10;sub-004_ses-303_task-s10	1585	10	151	sub-004	ses-103	task-s10	1;2;3	10;10;10
1281	4352	1281	1282	3	3	trialwise	1440;3264;5085	1440;3264;5085	10;21;32	6;62;115	sub-004_ses-103_task-s10;sub-004_ses-202_task-s10;sub-004_ses-303_task-s10	1440	10	6	sub-004	ses-103	task-s10	1;2;3	10;10;10
1282	4366	1282	1283	3	3	trialwise	1382;3194;4916	1382;3194;4916	9;20;31	115;159;113	sub-004_ses-104_task-s9;sub-004_ses-202_task-s9;sub-004_ses-303_task-s9	1382	9	115	sub-004	ses-104	task-s9	1;2;3	9;9;9
1283	4388	1283	1284	3	3	trialwise	1272;3095;4882	1272;3095;4882	9;20;31	5;60;79	sub-004_ses-104_task-s9;sub-004_ses-202_task-s9;sub-004_ses-303_task-s9	1272	9	5	sub-004	ses-104	task-s9	1;2;3	9;9;9
1284	4421	1284	1285	3	3	trialwise	1393;3152;4932	1393;3152;4932	9;20;31	126;117;129	sub-004_ses-104_task-s9;sub-004_ses-202_task-s9;sub-004_ses-303_task-s9	1393	9	126	sub-004	ses-104	task-s9	1;2;3	9;9;9
1285	4431	1285	1286	3	3	trialwise	1643;3432;5241	1643;3432;5241	11;22;33	42;63;104	sub-004_ses-103_task-s11;sub-004_ses-202_task-s11;sub-004_ses-303_task-s11	1643	11	42	sub-004	ses-103	task-s11	1;2;3	11;11;11
1286	4447	1286	1287	3	3	trialwise	1749;3411;5226	1749;3411;5226	11;22;33	148;42;89	sub-004_ses-103_task-s11;sub-004_ses-202_task-s11;sub-004_ses-303_task-s11	1749	11	148	sub-004	ses-103	task-s11	1;2;3	11;11;11
1287	4460	1287	1288	3	3	trialwise	1521;3315;5116	1521;3315;5116	10;21;32	87;113;146	sub-004_ses-103_task-s10;sub-004_ses-202_task-s10;sub-004_ses-303_task-s10	1521	10	87	sub-004	ses-103	task-s10	1;2;3	10;10;10
1288	4501	1288	1289	3	3	trialwise	1674;3399;5230	1674;3399;5230	11;22;33	73;30;93	sub-004_ses-103_task-s11;sub-004_ses-202_task-s11;sub-004_ses-303_task-s11	1674	11	73	sub-004	ses-103	task-s11	1;2;3	11;11;11
1289	4520	1289	1290	3	3	trialwise	1407;3105;4931	1407;3105;4931	9;20;31	140;70;128	sub-004_ses-104_task-s9;sub-004_ses-202_task-s9;sub-004_ses-303_task-s9	1407	9	140	sub-004	ses-104	task-s9	1;2;3	9;9;9
1290	4527	1290	1291	3	3	trialwise	1464;3313;5038	1464;3313;5038	10;21;32	30;111;68	sub-004_ses-103_task-s10;sub-004_ses-202_task-s10;sub-004_ses-303_task-s10	1464	10	30	sub-004	ses-103	task-s10	1;2;3	10;10;10
1291	4543	1291	1292	3	3	trialwise	1460;3316;5040	1460;3316;5040	10;21;32	26;114;70	sub-004_ses-103_task-s10;sub-004_ses-202_task-s10;sub-004_ses-303_task-s10	1460	10	26	sub-004	ses-103	task-s10	1;2;3	10;10;10
1292	4586	1292	1293	3	3	trialwise	1371;3064;4920	1371;3064;4920	9;20;31	104;29;117	sub-004_ses-104_task-s9;sub-004_ses-202_task-s9;sub-004_ses-303_task-s9	1371	9	104	sub-004	ses-104	task-s9	1;2;3	9;9;9
1293	4587	1293	1294	3	3	trialwise	1630;3448;5162	1630;3448;5162	11;22;33	29;79;25	sub-004_ses-103_task-s11;sub-004_ses-202_task-s11;sub-004_ses-303_task-s11	1630	11	29	sub-004	ses-103	task-s11	1;2;3	11;11;11
1294	4614	1294	1295	3	3	trialwise	1695;3440;5165	1695;3440;5165	11;22;33	94;71;28	sub-004_ses-103_task-s11;sub-004_ses-202_task-s11;sub-004_ses-303_task-s11	1695	11	94	sub-004	ses-103	task-s11	1;2;3	11;11;11
1295	4632	1295	1296	3	3	trialwise	1739;3408;5187	1739;3408;5187	11;22;33	138;39;50	sub-004_ses-103_task-s11;sub-004_ses-202_task-s11;sub-004_ses-303_task-s11	1739	11	138	sub-004	ses-103	task-s11	1;2;3	11;11;11
1296	4642	1296	1297	3	3	trialwise	1301;3125;4958	1301;3125;4958	9;20;31	34;90;155	sub-004_ses-104_task-s9;sub-004_ses-202_task-s9;sub-004_ses-303_task-s9	1301	9	34	sub-004	ses-104	task-s9	1;2;3	9;9;9
1297	4658	1297	1298	3	3	trialwise	1274;3101;4891	1274;3101;4891	9;20;31	7;66;88	sub-004_ses-104_task-s9;sub-004_ses-202_task-s9;sub-004_ses-303_task-s9	1274	9	7	sub-004	ses-104	task-s9	1;2;3	9;9;9
1298	4711	1298	1299	3	3	trialwise	1413;3130;4817	1413;3130;4817	9;20;31	146;95;14	sub-004_ses-104_task-s9;sub-004_ses-202_task-s9;sub-004_ses-303_task-s9	1413	9	146	sub-004	ses-104	task-s9	1;2;3	9;9;9
1299	4713	1299	1300	3	3	trialwise	1481;3321;5115	1481;3321;5115	10;21;32	47;119;145	sub-004_ses-103_task-s10;sub-004_ses-202_task-s10;sub-004_ses-303_task-s10	1481	10	47	sub-004	ses-103	task-s10	1;2;3	10;10;10
1300	4732	1300	1301	3	3	trialwise	1655;3454;5154	1655;3454;5154	11;22;33	54;85;17	sub-004_ses-103_task-s11;sub-004_ses-202_task-s11;sub-004_ses-303_task-s11	1655	11	54	sub-004	ses-103	task-s11	1;2;3	11;11;11
1301	4740	1301	1302	3	3	trialwise	1419;3164;4839	1419;3164;4839	9;20;31	152;129;36	sub-004_ses-104_task-s9;sub-004_ses-202_task-s9;sub-004_ses-303_task-s9	1419	9	152	sub-004	ses-104	task-s9	1;2;3	9;9;9
1302	4762	1302	1303	3	3	trialwise	1339;3104;4853	1339;3104;4853	9;20;31	72;69;50	sub-004_ses-104_task-s9;sub-004_ses-202_task-s9;sub-004_ses-303_task-s9	1339	9	72	sub-004	ses-104	task-s9	1;2;3	9;9;9
1303	4775	1303	1304	3	3	trialwise	1400;3107;4956	1400;3107;4956	9;20;31	133;72;153	sub-004_ses-104_task-s9;sub-004_ses-202_task-s9;sub-004_ses-303_task-s9	1400	9	133	sub-004	ses-104	task-s9	1;2;3	9;9;9
1304	4814	1304	1305	3	3	trialwise	1592;3217;5100	1592;3217;5100	10;21;32	158;15;130	sub-004_ses-103_task-s10;sub-004_ses-202_task-s10;sub-004_ses-303_task-s10	1592	10	158	sub-004	ses-103	task-s10	1;2;3	10;10;10
1305	4834	1305	1306	3	3	trialwise	1285;3171;4870	1285;3171;4870	9;20;31	18;136;67	sub-004_ses-104_task-s9;sub-004_ses-202_task-s9;sub-004_ses-303_task-s9	1285	9	18	sub-004	ses-104	task-s9	1;2;3	9;9;9
1306	4854	1306	1307	3	3	trialwise	1689;3484;5278	1689;3484;5278	11;22;33	88;115;141	sub-004_ses-103_task-s11;sub-004_ses-202_task-s11;sub-004_ses-303_task-s11	1689	11	88	sub-004	ses-103	task-s11	1;2;3	11;11;11
1307	4860	1307	1308	3	3	trialwise	1350;3068;4815	1350;3068;4815	9;20;31	83;33;12	sub-004_ses-104_task-s9;sub-004_ses-202_task-s9;sub-004_ses-303_task-s9	1350	9	83	sub-004	ses-104	task-s9	1;2;3	9;9;9
1308	4914	1308	1309	3	3	trialwise	1611;3379;5249	1611;3379;5249	11;22;33	10;10;112	sub-004_ses-103_task-s11;sub-004_ses-202_task-s11;sub-004_ses-303_task-s11	1611	11	10	sub-004	ses-103	task-s11	1;2;3	11;11;11
1309	4915	1309	1310	3	3	trialwise	1662;3489;5147	1662;3489;5147	11;22;33	61;120;10	sub-004_ses-103_task-s11;sub-004_ses-202_task-s11;sub-004_ses-303_task-s11	1662	11	61	sub-004	ses-103	task-s11	1;2;3	11;11;11
1310	4929	1310	1311	3	3	trialwise	1314;3087;4858	1314;3087;4858	9;20;31	47;52;55	sub-004_ses-104_task-s9;sub-004_ses-202_task-s9;sub-004_ses-303_task-s9	1314	9	47	sub-004	ses-104	task-s9	1;2;3	9;9;9
1311	4948	1311	1312	3	3	trialwise	1724;3385;5296	1724;3385;5296	11;22;33	123;16;159	sub-004_ses-103_task-s11;sub-004_ses-202_task-s11;sub-004_ses-303_task-s11	1724	11	123	sub-004	ses-103	task-s11	1;2;3	11;11;11
1312	4982	1312	1313	3	3	trialwise	1296;3038;4935	1296;3038;4935	9;20;31	29;3;132	sub-004_ses-104_task-s9;sub-004_ses-202_task-s9;sub-004_ses-303_task-s9	1296	9	29	sub-004	ses-104	task-s9	1;2;3	9;9;9
1313	4993	1313	1314	3	3	trialwise	1295;3077;4819	1295;3077;4819	9;20;31	28;42;16	sub-004_ses-104_task-s9;sub-004_ses-202_task-s9;sub-004_ses-303_task-s9	1295	9	28	sub-004	ses-104	task-s9	1;2;3	9;9;9
1314	5023	1314	1315	3	3	trialwise	1519;3223;5113	1519;3223;5113	10;21;32	85;21;143	sub-004_ses-103_task-s10;sub-004_ses-202_task-s10;sub-004_ses-303_task-s10	1519	10	85	sub-004	ses-103	task-s10	1;2;3	10;10;10
1315	5029	1315	1316	3	3	trialwise	1512;3211;5114	1512;3211;5114	10;21;32	78;9;144	sub-004_ses-103_task-s10;sub-004_ses-202_task-s10;sub-004_ses-303_task-s10	1512	10	78	sub-004	ses-103	task-s10	1;2;3	10;10;10
1316	5050	1316	1317	3	3	trialwise	1424;3078;4910	1424;3078;4910	9;20;31	157;43;107	sub-004_ses-104_task-s9;sub-004_ses-202_task-s9;sub-004_ses-303_task-s9	1424	9	157	sub-004	ses-104	task-s9	1;2;3	9;9;9
1317	5059	1317	1318	3	3	trialwise	1397;3072;4821	1397;3072;4821	9;20;31	130;37;18	sub-004_ses-104_task-s9;sub-004_ses-202_task-s9;sub-004_ses-303_task-s9	1397	9	130	sub-004	ses-104	task-s9	1;2;3	9;9;9
1318	5083	1318	1319	3	3	trialwise	1690;3443;5260	1690;3443;5260	11;22;33	89;74;123	sub-004_ses-103_task-s11;sub-004_ses-202_task-s11;sub-004_ses-303_task-s11	1690	11	89	sub-004	ses-103	task-s11	1;2;3	11;11;11
1319	5112	1319	1320	3	3	trialwise	1410;3133;4804	1410;3133;4804	9;20;31	143;98;1	sub-004_ses-104_task-s9;sub-004_ses-202_task-s9;sub-004_ses-303_task-s9	1410	9	143	sub-004	ses-104	task-s9	1;2;3	9;9;9
1320	5145	1320	1321	3	3	trialwise	1596;3277;5133	1596;3277;5133	10;21;32	162;75;163	sub-004_ses-103_task-s10;sub-004_ses-202_task-s10;sub-004_ses-303_task-s10	1596	10	162	sub-004	ses-103	task-s10	1;2;3	10;10;10
1321	5160	1321	1322	3	3	trialwise	1336;3073;4917	1336;3073;4917	9;20;31	69;38;114	sub-004_ses-104_task-s9;sub-004_ses-202_task-s9;sub-004_ses-303_task-s9	1336	9	69	sub-004	ses-104	task-s9	1;2;3	9;9;9
1322	5174	1322	1323	3	3	trialwise	1632;3455;5240	1632;3455;5240	11;22;33	31;86;103	sub-004_ses-103_task-s11;sub-004_ses-202_task-s11;sub-004_ses-303_task-s11	1632	11	31	sub-004	ses-103	task-s11	1;2;3	11;11;11
1323	5178	1323	1324	3	3	trialwise	1377;3110;4833	1377;3110;4833	9;20;31	110;75;30	sub-004_ses-104_task-s9;sub-004_ses-202_task-s9;sub-004_ses-303_task-s9	1377	9	110	sub-004	ses-104	task-s9	1;2;3	9;9;9
1324	5202	1324	1325	3	3	trialwise	1648;3533;5217	1648;3533;5217	11;22;33	47;164;80	sub-004_ses-103_task-s11;sub-004_ses-202_task-s11;sub-004_ses-303_task-s11	1648	11	47	sub-004	ses-103	task-s11	1;2;3	11;11;11
1325	5233	1325	1326	3	3	trialwise	1416;3126;4902	1416;3126;4902	9;20;31	149;91;99	sub-004_ses-104_task-s9;sub-004_ses-202_task-s9;sub-004_ses-303_task-s9	1416	9	149	sub-004	ses-104	task-s9	1;2;3	9;9;9
1326	5245	1326	1327	3	3	trialwise	1293;3157;4939	1293;3157;4939	9;20;31	26;122;136	sub-004_ses-104_task-s9;sub-004_ses-202_task-s9;sub-004_ses-303_task-s9	1293	9	26	sub-004	ses-104	task-s9	1;2;3	9;9;9
1327	5279	1327	1328	3	3	trialwise	1619;3435;5261	1619;3435;5261	11;22;33	18;66;124	sub-004_ses-103_task-s11;sub-004_ses-202_task-s11;sub-004_ses-303_task-s11	1619	11	18	sub-004	ses-103	task-s11	1;2;3	11;11;11
1328	5297	1328	1329	3	3	trialwise	1405;3099;4937	1405;3099;4937	9;20;31	138;64;134	sub-004_ses-104_task-s9;sub-004_ses-202_task-s9;sub-004_ses-303_task-s9	1405	9	138	sub-004	ses-104	task-s9	1;2;3	9;9;9
1329	5309	1329	1330	3	3	trialwise	1422;3097;4890	1422;3097;4890	9;20;31	155;62;87	sub-004_ses-104_task-s9;sub-004_ses-202_task-s9;sub-004_ses-303_task-s9	1422	9	155	sub-004	ses-104	task-s9	1;2;3	9;9;9
1330	5323	1330	1331	3	3	trialwise	1436;3351;5043	1436;3351;5043	10;21;32	2;149;73	sub-004_ses-103_task-s10;sub-004_ses-202_task-s10;sub-004_ses-303_task-s10	1436	10	2	sub-004	ses-103	task-s10	1;2;3	10;10;10
1331	5347	1331	1332	3	3	trialwise	1474;3328;5098	1474;3328;5098	10;21;32	40;126;128	sub-004_ses-103_task-s10;sub-004_ses-202_task-s10;sub-004_ses-303_task-s10	1474	10	40	sub-004	ses-103	task-s10	1;2;3	10;10;10
1332	5384	1332	1333	3	3	trialwise	1306;3135;4866	1306;3135;4866	9;20;31	39;100;63	sub-004_ses-104_task-s9;sub-004_ses-202_task-s9;sub-004_ses-303_task-s9	1306	9	39	sub-004	ses-104	task-s9	1;2;3	9;9;9
1333	5397	1333	1334	3	3	trialwise	1601;3279;5108	1601;3279;5108	10;21;32	167;77;138	sub-004_ses-103_task-s10;sub-004_ses-202_task-s10;sub-004_ses-303_task-s10	1601	10	167	sub-004	ses-103	task-s10	1;2;3	10;10;10
1334	5407	1334	1335	3	3	trialwise	1666;3518;5153	1666;3518;5153	11;22;33	65;149;16	sub-004_ses-103_task-s11;sub-004_ses-202_task-s11;sub-004_ses-303_task-s11	1666	11	65	sub-004	ses-103	task-s11	1;2;3	11;11;11
1335	5424	1335	1336	3	3	trialwise	1517;3214;5075	1517;3214;5075	10;21;32	83;12;105	sub-004_ses-103_task-s10;sub-004_ses-202_task-s10;sub-004_ses-303_task-s10	1517	10	83	sub-004	ses-103	task-s10	1;2;3	10;10;10
1336	5447	1336	1337	3	3	trialwise	1309;3129;4826	1309;3129;4826	9;20;31	42;94;23	sub-004_ses-104_task-s9;sub-004_ses-202_task-s9;sub-004_ses-303_task-s9	1309	9	42	sub-004	ses-104	task-s9	1;2;3	9;9;9
1337	5478	1337	1338	3	3	trialwise	1535;3336;5028	1535;3336;5028	10;21;32	101;134;58	sub-004_ses-103_task-s10;sub-004_ses-202_task-s10;sub-004_ses-303_task-s10	1535	10	101	sub-004	ses-103	task-s10	1;2;3	10;10;10
1338	5482	1338	1339	3	3	trialwise	1618;3370;5299	1618;3370;5299	11;22;33	17;1;162	sub-004_ses-103_task-s11;sub-004_ses-202_task-s11;sub-004_ses-303_task-s11	1618	11	17	sub-004	ses-103	task-s11	1;2;3	11;11;11
1339	5509	1339	1340	3	3	trialwise	1522;3210;5081	1522;3210;5081	10;21;32	88;8;111	sub-004_ses-103_task-s10;sub-004_ses-202_task-s10;sub-004_ses-303_task-s10	1522	10	88	sub-004	ses-103	task-s10	1;2;3	10;10;10
1340	5545	1340	1341	3	3	trialwise	1279;3055;4912	1279;3055;4912	9;20;31	12;20;109	sub-004_ses-104_task-s9;sub-004_ses-202_task-s9;sub-004_ses-303_task-s9	1279	9	12	sub-004	ses-104	task-s9	1;2;3	9;9;9
1341	5556	1341	1342	3	3	trialwise	1726;3409;5171	1726;3409;5171	11;22;33	125;40;34	sub-004_ses-103_task-s11;sub-004_ses-202_task-s11;sub-004_ses-303_task-s11	1726	11	125	sub-004	ses-103	task-s11	1;2;3	11;11;11
1342	5561	1342	1343	3	3	trialwise	1627;3477;5292	1627;3477;5292	11;22;33	26;108;155	sub-004_ses-103_task-s11;sub-004_ses-202_task-s11;sub-004_ses-303_task-s11	1627	11	26	sub-004	ses-103	task-s11	1;2;3	11;11;11
1343	5590	1343	1344	3	3	trialwise	1638;3382;5279	1638;3382;5279	11;22;33	37;13;142	sub-004_ses-103_task-s11;sub-004_ses-202_task-s11;sub-004_ses-303_task-s11	1638	11	37	sub-004	ses-103	task-s11	1;2;3	11;11;11
1344	5613	1344	1345	3	3	trialwise	1273;3071;4884	1273;3071;4884	9;20;31	6;36;81	sub-004_ses-104_task-s9;sub-004_ses-202_task-s9;sub-004_ses-303_task-s9	1273	9	6	sub-004	ses-104	task-s9	1;2;3	9;9;9
1345	5637	1345	1346	3	3	trialwise	1762;3430;5143	1762;3430;5143	11;22;33	161;61;6	sub-004_ses-103_task-s11;sub-004_ses-202_task-s11;sub-004_ses-303_task-s11	1762	11	161	sub-004	ses-103	task-s11	1;2;3	11;11;11
1346	5661	1346	1347	3	3	trialwise	1685;3532;5204	1685;3532;5204	11;22;33	84;163;67	sub-004_ses-103_task-s11;sub-004_ses-202_task-s11;sub-004_ses-303_task-s11	1685	11	84	sub-004	ses-103	task-s11	1;2;3	11;11;11
1347	5662	1347	1348	3	3	trialwise	1675;3482;5179	1675;3482;5179	11;22;33	74;113;42	sub-004_ses-103_task-s11;sub-004_ses-202_task-s11;sub-004_ses-303_task-s11	1675	11	74	sub-004	ses-103	task-s11	1;2;3	11;11;11
1348	5702	1348	1349	3	3	trialwise	1380;3198;4851	1380;3198;4851	9;20;31	113;163;48	sub-004_ses-104_task-s9;sub-004_ses-202_task-s9;sub-004_ses-303_task-s9	1380	9	113	sub-004	ses-104	task-s9	1;2;3	9;9;9
1349	5703	1349	1350	3	3	trialwise	1457;3247;5112	1457;3247;5112	10;21;32	23;45;142	sub-004_ses-103_task-s10;sub-004_ses-202_task-s10;sub-004_ses-303_task-s10	1457	10	23	sub-004	ses-103	task-s10	1;2;3	10;10;10
1350	5745	1350	1351	3	3	trialwise	1693;3441;5160	1693;3441;5160	11;22;33	92;72;23	sub-004_ses-103_task-s11;sub-004_ses-202_task-s11;sub-004_ses-303_task-s11	1693	11	92	sub-004	ses-103	task-s11	1;2;3	11;11;11
1351	5760	1351	1352	3	3	trialwise	1707;3459;5193	1707;3459;5193	11;22;33	106;90;56	sub-004_ses-103_task-s11;sub-004_ses-202_task-s11;sub-004_ses-303_task-s11	1707	11	106	sub-004	ses-103	task-s11	1;2;3	11;11;11
1352	5762	1352	1353	3	3	trialwise	1433;3039;4961	1433;3039;4961	9;20;31	166;4;158	sub-004_ses-104_task-s9;sub-004_ses-202_task-s9;sub-004_ses-303_task-s9	1433	9	166	sub-004	ses-104	task-s9	1;2;3	9;9;9
1353	5768	1353	1354	3	3	trialwise	1748;3388;5284	1748;3388;5284	11;22;33	147;19;147	sub-004_ses-103_task-s11;sub-004_ses-202_task-s11;sub-004_ses-303_task-s11	1748	11	147	sub-004	ses-103	task-s11	1;2;3	11;11;11
1354	5831	1354	1355	3	3	trialwise	1567;3301;5036	1567;3301;5036	10;21;32	133;99;66	sub-004_ses-103_task-s10;sub-004_ses-202_task-s10;sub-004_ses-303_task-s10	1567	10	133	sub-004	ses-103	task-s10	1;2;3	10;10;10
1355	5837	1355	1356	3	3	trialwise	1587;3290;4987	1587;3290;4987	10;21;32	153;88;17	sub-004_ses-103_task-s10;sub-004_ses-202_task-s10;sub-004_ses-303_task-s10	1587	10	153	sub-004	ses-103	task-s10	1;2;3	10;10;10
1356	5854	1356	1357	3	3	trialwise	1658;3498;5148	1658;3498;5148	11;22;33	57;129;11	sub-004_ses-103_task-s11;sub-004_ses-202_task-s11;sub-004_ses-303_task-s11	1658	11	57	sub-004	ses-103	task-s11	1;2;3	11;11;11
1357	5864	1357	1358	3	3	trialwise	1640;3401;5188	1640;3401;5188	11;22;33	39;32;51	sub-004_ses-103_task-s11;sub-004_ses-202_task-s11;sub-004_ses-303_task-s11	1640	11	39	sub-004	ses-103	task-s11	1;2;3	11;11;11
1358	5891	1358	1359	3	3	trialwise	1415;3093;4965	1415;3093;4965	9;20;31	148;58;162	sub-004_ses-104_task-s9;sub-004_ses-202_task-s9;sub-004_ses-303_task-s9	1415	9	148	sub-004	ses-104	task-s9	1;2;3	9;9;9
1359	5913	1359	1360	3	3	trialwise	1417;3058;4905	1417;3058;4905	9;20;31	150;23;102	sub-004_ses-104_task-s9;sub-004_ses-202_task-s9;sub-004_ses-303_task-s9	1417	9	150	sub-004	ses-104	task-s9	1;2;3	9;9;9
1360	5958	1360	1361	3	3	trialwise	1473;3220;4978	1473;3220;4978	10;21;32	39;18;8	sub-004_ses-103_task-s10;sub-004_ses-202_task-s10;sub-004_ses-303_task-s10	1473	10	39	sub-004	ses-103	task-s10	1;2;3	10;10;10
1361	5959	1361	1362	3	3	trialwise	1566;3259;5030	1566;3259;5030	10;21;32	132;57;60	sub-004_ses-103_task-s10;sub-004_ses-202_task-s10;sub-004_ses-303_task-s10	1566	10	132	sub-004	ses-103	task-s10	1;2;3	10;10;10
1362	5964	1362	1363	3	3	trialwise	1538;3286;5093	1538;3286;5093	10;21;32	104;84;123	sub-004_ses-103_task-s10;sub-004_ses-202_task-s10;sub-004_ses-303_task-s10	1538	10	104	sub-004	ses-103	task-s10	1;2;3	10;10;10
1363	5998	1363	1364	3	3	trialwise	1602;3478;5232	1602;3478;5232	11;22;33	1;109;95	sub-004_ses-103_task-s11;sub-004_ses-202_task-s11;sub-004_ses-303_task-s11	1602	11	1	sub-004	ses-103	task-s11	1;2;3	11;11;11
1364	6006	1364	1365	3	3	trialwise	1760;3519;5257	1760;3519;5257	11;22;33	159;150;120	sub-004_ses-103_task-s11;sub-004_ses-202_task-s11;sub-004_ses-303_task-s11	1760	11	159	sub-004	ses-103	task-s11	1;2;3	11;11;11
1365	6015	1365	1366	3	3	trialwise	1677;3395;5215	1677;3395;5215	11;22;33	76;26;78	sub-004_ses-103_task-s11;sub-004_ses-202_task-s11;sub-004_ses-303_task-s11	1677	11	76	sub-004	ses-103	task-s11	1;2;3	11;11;11
1366	6049	1366	1367	3	3	trialwise	1759;3433;5158	1759;3433;5158	11;22;33	158;64;21	sub-004_ses-103_task-s11;sub-004_ses-202_task-s11;sub-004_ses-303_task-s11	1759	11	158	sub-004	ses-103	task-s11	1;2;3	11;11;11
1367	6054	1367	1368	3	3	trialwise	1352;3083;4949	1352;3083;4949	9;20;31	85;48;146	sub-004_ses-104_task-s9;sub-004_ses-202_task-s9;sub-004_ses-303_task-s9	1352	9	85	sub-004	ses-104	task-s9	1;2;3	9;9;9
1368	6092	1368	1369	3	3	trialwise	1715;3429;5224	1715;3429;5224	11;22;33	114;60;87	sub-004_ses-103_task-s11;sub-004_ses-202_task-s11;sub-004_ses-303_task-s11	1715	11	114	sub-004	ses-103	task-s11	1;2;3	11;11;11
1369	6097	1369	1370	3	3	trialwise	1671;3403;5218	1671;3403;5218	11;22;33	70;34;81	sub-004_ses-103_task-s11;sub-004_ses-202_task-s11;sub-004_ses-303_task-s11	1671	11	70	sub-004	ses-103	task-s11	1;2;3	11;11;11
1370	6124	1370	1371	3	3	trialwise	1491;3324;4999	1491;3324;4999	10;21;32	57;122;29	sub-004_ses-103_task-s10;sub-004_ses-202_task-s10;sub-004_ses-303_task-s10	1491	10	57	sub-004	ses-103	task-s10	1;2;3	10;10;10
1371	6127	1371	1372	3	3	trialwise	1595;3232;4997	1595;3232;4997	10;21;32	161;30;27	sub-004_ses-103_task-s10;sub-004_ses-202_task-s10;sub-004_ses-303_task-s10	1595	10	161	sub-004	ses-103	task-s10	1;2;3	10;10;10
1372	6173	1372	1373	3	3	trialwise	1484;3273;4994	1484;3273;4994	10;21;32	50;71;24	sub-004_ses-103_task-s10;sub-004_ses-202_task-s10;sub-004_ses-303_task-s10	1484	10	50	sub-004	ses-103	task-s10	1;2;3	10;10;10
1373	6178	1373	1374	3	3	trialwise	1572;3215;5031	1572;3215;5031	10;21;32	138;13;61	sub-004_ses-103_task-s10;sub-004_ses-202_task-s10;sub-004_ses-303_task-s10	1572	10	138	sub-004	ses-103	task-s10	1;2;3	10;10;10
1374	6208	1374	1375	3	3	trialwise	1418;3127;4955	1418;3127;4955	9;20;31	151;92;152	sub-004_ses-104_task-s9;sub-004_ses-202_task-s9;sub-004_ses-303_task-s9	1418	9	151	sub-004	ses-104	task-s9	1;2;3	9;9;9
1375	6218	1375	1376	3	3	trialwise	1450;3275;5019	1450;3275;5019	10;21;32	16;73;49	sub-004_ses-103_task-s10;sub-004_ses-202_task-s10;sub-004_ses-303_task-s10	1450	10	16	sub-004	ses-103	task-s10	1;2;3	10;10;10
1376	6241	1376	1377	3	3	trialwise	1757;3517;5283	1757;3517;5283	11;22;33	156;148;146	sub-004_ses-103_task-s11;sub-004_ses-202_task-s11;sub-004_ses-303_task-s11	1757	11	156	sub-004	ses-103	task-s11	1;2;3	11;11;11
1377	6242	1377	1378	3	3	trialwise	1462;3229;5066	1462;3229;5066	10;21;32	28;27;96	sub-004_ses-103_task-s10;sub-004_ses-202_task-s10;sub-004_ses-303_task-s10	1462	10	28	sub-004	ses-103	task-s10	1;2;3	10;10;10
1378	6300	1378	1379	3	3	trialwise	1660;3480;5186	1660;3480;5186	11;22;33	59;111;49	sub-004_ses-103_task-s11;sub-004_ses-202_task-s11;sub-004_ses-303_task-s11	1660	11	59	sub-004	ses-103	task-s11	1;2;3	11;11;11
1379	6307	1379	1380	3	3	trialwise	1381;3167;4918	1381;3167;4918	9;20;31	114;132;115	sub-004_ses-104_task-s9;sub-004_ses-202_task-s9;sub-004_ses-303_task-s9	1381	9	114	sub-004	ses-104	task-s9	1;2;3	9;9;9
1380	6321	1380	1381	3	3	trialwise	1367;3041;4914	1367;3041;4914	9;20;31	100;6;111	sub-004_ses-104_task-s9;sub-004_ses-202_task-s9;sub-004_ses-303_task-s9	1367	9	100	sub-004	ses-104	task-s9	1;2;3	9;9;9
1381	6333	1381	1382	3	3	trialwise	1574;3326;5095	1574;3326;5095	10;21;32	140;124;125	sub-004_ses-103_task-s10;sub-004_ses-202_task-s10;sub-004_ses-303_task-s10	1574	10	140	sub-004	ses-103	task-s10	1;2;3	10;10;10
1382	6381	1382	1383	3	3	trialwise	1687;3444;5138	1687;3444;5138	11;22;33	86;75;1	sub-004_ses-103_task-s11;sub-004_ses-202_task-s11;sub-004_ses-303_task-s11	1687	11	86	sub-004	ses-103	task-s11	1;2;3	11;11;11
1383	6389	1383	1384	3	3	trialwise	1427;3045;4843	1427;3045;4843	9;20;31	160;10;40	sub-004_ses-104_task-s9;sub-004_ses-202_task-s9;sub-004_ses-303_task-s9	1427	9	160	sub-004	ses-104	task-s9	1;2;3	9;9;9
1384	6413	1384	1385	3	3	trialwise	1323;3067;4886	1323;3067;4886	9;20;31	56;32;83	sub-004_ses-104_task-s9;sub-004_ses-202_task-s9;sub-004_ses-303_task-s9	1323	9	56	sub-004	ses-104	task-s9	1;2;3	9;9;9
1385	6419	1385	1386	3	3	trialwise	1445;3289;5032	1445;3289;5032	10;21;32	11;87;62	sub-004_ses-103_task-s10;sub-004_ses-202_task-s10;sub-004_ses-303_task-s10	1445	10	11	sub-004	ses-103	task-s10	1;2;3	10;10;10
1386	6443	1386	1387	3	3	trialwise	1320;3050;4908	1320;3050;4908	9;20;31	53;15;105	sub-004_ses-104_task-s9;sub-004_ses-202_task-s9;sub-004_ses-303_task-s9	1320	9	53	sub-004	ses-104	task-s9	1;2;3	9;9;9
1387	6445	1387	1388	3	3	trialwise	1644;3487;5155	1644;3487;5155	11;22;33	43;118;18	sub-004_ses-103_task-s11;sub-004_ses-202_task-s11;sub-004_ses-303_task-s11	1644	11	43	sub-004	ses-103	task-s11	1;2;3	11;11;11
1388	6494	1388	1389	3	3	trialwise	1375;3066;4926	1375;3066;4926	9;20;31	108;31;123	sub-004_ses-104_task-s9;sub-004_ses-202_task-s9;sub-004_ses-303_task-s9	1375	9	108	sub-004	ses-104	task-s9	1;2;3	9;9;9
1389	6519	1389	1390	3	3	trialwise	1727;3467;5203	1727;3467;5203	11;22;33	126;98;66	sub-004_ses-103_task-s11;sub-004_ses-202_task-s11;sub-004_ses-303_task-s11	1727	11	126	sub-004	ses-103	task-s11	1;2;3	11;11;11
1390	6551	1390	1391	3	3	trialwise	1744;3463;5197	1744;3463;5197	11;22;33	143;94;60	sub-004_ses-103_task-s11;sub-004_ses-202_task-s11;sub-004_ses-303_task-s11	1744	11	143	sub-004	ses-103	task-s11	1;2;3	11;11;11
1391	6553	1391	1392	3	3	trialwise	1411;3144;4904	1411;3144;4904	9;20;31	144;109;101	sub-004_ses-104_task-s9;sub-004_ses-202_task-s9;sub-004_ses-303_task-s9	1411	9	144	sub-004	ses-104	task-s9	1;2;3	9;9;9
1392	6564	1392	1393	3	3	trialwise	1507;3305;5131	1507;3305;5131	10;21;32	73;103;161	sub-004_ses-103_task-s10;sub-004_ses-202_task-s10;sub-004_ses-303_task-s10	1507	10	73	sub-004	ses-103	task-s10	1;2;3	10;10;10
1393	6598	1393	1394	3	3	trialwise	1542;3357;5033	1542;3357;5033	10;21;32	108;155;63	sub-004_ses-103_task-s10;sub-004_ses-202_task-s10;sub-004_ses-303_task-s10	1542	10	108	sub-004	ses-103	task-s10	1;2;3	10;10;10
1394	6603	1394	1395	3	3	trialwise	1331;3193;4842	1331;3193;4842	9;20;31	64;158;39	sub-004_ses-104_task-s9;sub-004_ses-202_task-s9;sub-004_ses-303_task-s9	1331	9	64	sub-004	ses-104	task-s9	1;2;3	9;9;9
1395	6624	1395	1396	3	3	trialwise	1426;3074;4874	1426;3074;4874	9;20;31	159;39;71	sub-004_ses-104_task-s9;sub-004_ses-202_task-s9;sub-004_ses-303_task-s9	1426	9	159	sub-004	ses-104	task-s9	1;2;3	9;9;9
1396	6647	1396	1397	3	3	trialwise	1722;3479;5139	1722;3479;5139	11;22;33	121;110;2	sub-004_ses-103_task-s11;sub-004_ses-202_task-s11;sub-004_ses-303_task-s11	1722	11	121	sub-004	ses-103	task-s11	1;2;3	11;11;11
1397	6673	1397	1398	3	3	trialwise	1428;3048;4827	1428;3048;4827	9;20;31	161;13;24	sub-004_ses-104_task-s9;sub-004_ses-202_task-s9;sub-004_ses-303_task-s9	1428	9	161	sub-004	ses-104	task-s9	1;2;3	9;9;9
1398	6695	1398	1399	3	3	trialwise	1575;3207;4971	1575;3207;4971	10;21;32	141;5;1	sub-004_ses-103_task-s10;sub-004_ses-202_task-s10;sub-004_ses-303_task-s10	1575	10	141	sub-004	ses-103	task-s10	1;2;3	10;10;10
1399	6699	1399	1400	3	3	trialwise	1378;3201;4946	1378;3201;4946	9;20;31	111;166;143	sub-004_ses-104_task-s9;sub-004_ses-202_task-s9;sub-004_ses-303_task-s9	1378	9	111	sub-004	ses-104	task-s9	1;2;3	9;9;9
1400	6748	1400	1401	3	3	trialwise	1708;3503;5205	1708;3503;5205	11;22;33	107;134;68	sub-004_ses-103_task-s11;sub-004_ses-202_task-s11;sub-004_ses-303_task-s11	1708	11	107	sub-004	ses-103	task-s11	1;2;3	11;11;11
1401	6755	1401	1402	3	3	trialwise	1500;3355;5135	1500;3355;5135	10;21;32	66;153;165	sub-004_ses-103_task-s10;sub-004_ses-202_task-s10;sub-004_ses-303_task-s10	1500	10	66	sub-004	ses-103	task-s10	1;2;3	10;10;10
1402	6764	1402	1403	3	3	trialwise	1454;3235;5128	1454;3235;5128	10;21;32	20;33;158	sub-004_ses-103_task-s10;sub-004_ses-202_task-s10;sub-004_ses-303_task-s10	1454	10	20	sub-004	ses-103	task-s10	1;2;3	10;10;10
1403	6794	1403	1404	3	3	trialwise	1449;3363;5044	1449;3363;5044	10;21;32	15;161;74	sub-004_ses-103_task-s10;sub-004_ses-202_task-s10;sub-004_ses-303_task-s10	1449	10	15	sub-004	ses-103	task-s10	1;2;3	10;10;10
1404	6797	1404	1405	3	3	trialwise	1652;3421;5252	1652;3421;5252	11;22;33	51;52;115	sub-004_ses-103_task-s11;sub-004_ses-202_task-s11;sub-004_ses-303_task-s11	1652	11	51	sub-004	ses-103	task-s11	1;2;3	11;11;11
1405	6826	1405	1406	3	3	trialwise	1763;3415;5209	1763;3415;5209	11;22;33	162;46;72	sub-004_ses-103_task-s11;sub-004_ses-202_task-s11;sub-004_ses-303_task-s11	1763	11	162	sub-004	ses-103	task-s11	1;2;3	11;11;11
1406	6844	1406	1407	3	3	trialwise	1550;3265;5007	1550;3265;5007	10;21;32	116;63;37	sub-004_ses-103_task-s10;sub-004_ses-202_task-s10;sub-004_ses-303_task-s10	1550	10	116	sub-004	ses-103	task-s10	1;2;3	10;10;10
1407	6853	1407	1408	3	3	trialwise	1490;3310;4996	1490;3310;4996	10;21;32	56;108;26	sub-004_ses-103_task-s10;sub-004_ses-202_task-s10;sub-004_ses-303_task-s10	1490	10	56	sub-004	ses-103	task-s10	1;2;3	10;10;10
1408	6904	1408	1409	3	3	trialwise	1742;3372;5247	1742;3372;5247	11;22;33	141;3;110	sub-004_ses-103_task-s11;sub-004_ses-202_task-s11;sub-004_ses-303_task-s11	1742	11	141	sub-004	ses-103	task-s11	1;2;3	11;11;11
1409	6907	1409	1410	3	3	trialwise	1269;3120;4893	1269;3120;4893	9;20;31	2;85;90	sub-004_ses-104_task-s9;sub-004_ses-202_task-s9;sub-004_ses-303_task-s9	1269	9	2	sub-004	ses-104	task-s9	1;2;3	9;9;9
1410	6925	1410	1411	3	3	trialwise	1442;3243;5073	1442;3243;5073	10;21;32	8;41;103	sub-004_ses-103_task-s10;sub-004_ses-202_task-s10;sub-004_ses-303_task-s10	1442	10	8	sub-004	ses-103	task-s10	1;2;3	10;10;10
1411	6946	1411	1412	3	3	trialwise	1625;3391;5141	1625;3391;5141	11;22;33	24;22;4	sub-004_ses-103_task-s11;sub-004_ses-202_task-s11;sub-004_ses-303_task-s11	1625	11	24	sub-004	ses-103	task-s11	1;2;3	11;11;11
1412	6966	1412	1413	3	3	trialwise	1319;3106;4963	1319;3106;4963	9;20;31	52;71;160	sub-004_ses-104_task-s9;sub-004_ses-202_task-s9;sub-004_ses-303_task-s9	1319	9	52	sub-004	ses-104	task-s9	1;2;3	9;9;9
1413	6976	1413	1414	3	3	trialwise	1579;3271;5134	1579;3271;5134	10;21;32	145;69;164	sub-004_ses-103_task-s10;sub-004_ses-202_task-s10;sub-004_ses-303_task-s10	1579	10	145	sub-004	ses-103	task-s10	1;2;3	10;10;10
1414	7002	1414	1415	3	3	trialwise	1337;3069;4846	1337;3069;4846	9;20;31	70;34;43	sub-004_ses-104_task-s9;sub-004_ses-202_task-s9;sub-004_ses-303_task-s9	1337	9	70	sub-004	ses-104	task-s9	1;2;3	9;9;9
1415	7004	1415	1416	3	3	trialwise	1278;3070;4854	1278;3070;4854	9;20;31	11;35;51	sub-004_ses-104_task-s9;sub-004_ses-202_task-s9;sub-004_ses-303_task-s9	1278	9	11	sub-004	ses-104	task-s9	1;2;3	9;9;9
1416	7042	1416	1417	3	3	trialwise	1498;3231;5074	1498;3231;5074	10;21;32	64;29;104	sub-004_ses-103_task-s10;sub-004_ses-202_task-s10;sub-004_ses-303_task-s10	1498	10	64	sub-004	ses-103	task-s10	1;2;3	10;10;10
1417	7057	1417	1418	3	3	trialwise	1604;3439;5159	1604;3439;5159	11;22;33	3;70;22	sub-004_ses-103_task-s11;sub-004_ses-202_task-s11;sub-004_ses-303_task-s11	1604	11	3	sub-004	ses-103	task-s11	1;2;3	11;11;11
1418	7086	1418	1419	3	3	trialwise	1318;3086;4825	1318;3086;4825	9;20;31	51;51;22	sub-004_ses-104_task-s9;sub-004_ses-202_task-s9;sub-004_ses-303_task-s9	1318	9	51	sub-004	ses-104	task-s9	1;2;3	9;9;9
1419	7116	1419	1420	3	3	trialwise	1335;3187;4898	1335;3187;4898	9;20;31	68;152;95	sub-004_ses-104_task-s9;sub-004_ses-202_task-s9;sub-004_ses-303_task-s9	1335	9	68	sub-004	ses-104	task-s9	1;2;3	9;9;9
1420	7121	1420	1421	3	3	trialwise	1583;3323;5061	1583;3323;5061	10;21;32	149;121;91	sub-004_ses-103_task-s10;sub-004_ses-202_task-s10;sub-004_ses-303_task-s10	1583	10	149	sub-004	ses-103	task-s10	1;2;3	10;10;10
1421	7146	1421	1422	3	3	trialwise	1747;3414;5272	1747;3414;5272	11;22;33	146;45;135	sub-004_ses-103_task-s11;sub-004_ses-202_task-s11;sub-004_ses-303_task-s11	1747	11	146	sub-004	ses-103	task-s11	1;2;3	11;11;11
1422	7163	1422	1423	3	3	trialwise	1282;3094;4959	1282;3094;4959	9;20;31	15;59;156	sub-004_ses-104_task-s9;sub-004_ses-202_task-s9;sub-004_ses-303_task-s9	1282	9	15	sub-004	ses-104	task-s9	1;2;3	9;9;9
1423	7172	1423	1424	3	3	trialwise	1633;3513;5258	1633;3513;5258	11;22;33	32;144;121	sub-004_ses-103_task-s11;sub-004_ses-202_task-s11;sub-004_ses-303_task-s11	1633	11	32	sub-004	ses-103	task-s11	1;2;3	11;11;11
1424	7210	1424	1425	3	3	trialwise	1718;3383;5195	1718;3383;5195	11;22;33	117;14;58	sub-004_ses-103_task-s11;sub-004_ses-202_task-s11;sub-004_ses-303_task-s11	1718	11	117	sub-004	ses-103	task-s11	1;2;3	11;11;11
1425	7229	1425	1426	3	3	trialwise	1480;3206;5067	1480;3206;5067	10;21;32	46;4;97	sub-004_ses-103_task-s10;sub-004_ses-202_task-s10;sub-004_ses-303_task-s10	1480	10	46	sub-004	ses-103	task-s10	1;2;3	10;10;10
1426	7245	1426	1427	3	3	trialwise	1561;3369;5041	1561;3369;5041	10;21;32	127;167;71	sub-004_ses-103_task-s10;sub-004_ses-202_task-s10;sub-004_ses-303_task-s10	1561	10	127	sub-004	ses-103	task-s10	1;2;3	10;10;10
1427	7265	1427	1428	3	3	trialwise	1680;3507;5174	1680;3507;5174	11;22;33	79;138;37	sub-004_ses-103_task-s11;sub-004_ses-202_task-s11;sub-004_ses-303_task-s11	1680	11	79	sub-004	ses-103	task-s11	1;2;3	11;11;11
1428	7282	1428	1429	3	3	trialwise	1414;3114;4831	1414;3114;4831	9;20;31	147;79;28	sub-004_ses-104_task-s9;sub-004_ses-202_task-s9;sub-004_ses-303_task-s9	1414	9	147	sub-004	ses-104	task-s9	1;2;3	9;9;9
1429	7289	1429	1430	3	3	trialwise	1456;3347;4972	1456;3347;4972	10;21;32	22;145;2	sub-004_ses-103_task-s10;sub-004_ses-202_task-s10;sub-004_ses-303_task-s10	1456	10	22	sub-004	ses-103	task-s10	1;2;3	10;10;10
1430	7330	1430	1431	3	3	trialwise	1766;3488;5189	1766;3488;5189	11;22;33	165;119;52	sub-004_ses-103_task-s11;sub-004_ses-202_task-s11;sub-004_ses-303_task-s11	1766	11	165	sub-004	ses-103	task-s11	1;2;3	11;11;11
1431	7339	1431	1432	3	3	trialwise	1661;3400;5225	1661;3400;5225	11;22;33	60;31;88	sub-004_ses-103_task-s11;sub-004_ses-202_task-s11;sub-004_ses-303_task-s11	1661	11	60	sub-004	ses-103	task-s11	1;2;3	11;11;11
1432	7370	1432	1433	3	3	trialwise	1691;3530;5289	1691;3530;5289	11;22;33	90;161;152	sub-004_ses-103_task-s11;sub-004_ses-202_task-s11;sub-004_ses-303_task-s11	1691	11	90	sub-004	ses-103	task-s11	1;2;3	11;11;11
1433	7381	1433	1434	3	3	trialwise	1756;3504;5201	1756;3504;5201	11;22;33	155;135;64	sub-004_ses-103_task-s11;sub-004_ses-202_task-s11;sub-004_ses-303_task-s11	1756	11	155	sub-004	ses-103	task-s11	1;2;3	11;11;11
1434	7408	1434	1435	3	3	trialwise	1476;3331;5071	1476;3331;5071	10;21;32	42;129;101	sub-004_ses-103_task-s10;sub-004_ses-202_task-s10;sub-004_ses-303_task-s10	1476	10	42	sub-004	ses-103	task-s10	1;2;3	10;10;10
1435	7420	1435	1436	3	3	trialwise	1581;3293;5008	1581;3293;5008	10;21;32	147;91;38	sub-004_ses-103_task-s10;sub-004_ses-202_task-s10;sub-004_ses-303_task-s10	1581	10	147	sub-004	ses-103	task-s10	1;2;3	10;10;10
1436	7476	1436	1437	3	3	trialwise	1612;3457;5265	1612;3457;5265	11;22;33	11;88;128	sub-004_ses-103_task-s11;sub-004_ses-202_task-s11;sub-004_ses-303_task-s11	1612	11	11	sub-004	ses-103	task-s11	1;2;3	11;11;11
1437	7479	1437	1438	3	3	trialwise	1576;3248;5087	1576;3248;5087	10;21;32	142;46;117	sub-004_ses-103_task-s10;sub-004_ses-202_task-s10;sub-004_ses-303_task-s10	1576	10	142	sub-004	ses-103	task-s10	1;2;3	10;10;10
1438	7481	1438	1439	3	3	trialwise	1404;3189;4824	1404;3189;4824	9;20;31	137;154;21	sub-004_ses-104_task-s9;sub-004_ses-202_task-s9;sub-004_ses-303_task-s9	1404	9	137	sub-004	ses-104	task-s9	1;2;3	9;9;9
1439	7517	1439	1440	3	3	trialwise	1696;3386;5156	1696;3386;5156	11;22;33	95;17;19	sub-004_ses-103_task-s11;sub-004_ses-202_task-s11;sub-004_ses-303_task-s11	1696	11	95	sub-004	ses-103	task-s11	1;2;3	11;11;11
1440	7522	1440	1441	3	3	trialwise	1324;3091;4888	1324;3091;4888	9;20;31	57;56;85	sub-004_ses-104_task-s9;sub-004_ses-202_task-s9;sub-004_ses-303_task-s9	1324	9	57	sub-004	ses-104	task-s9	1;2;3	9;9;9
1441	7544	1441	1442	3	3	trialwise	1452;3209;5000	1452;3209;5000	10;21;32	18;7;30	sub-004_ses-103_task-s10;sub-004_ses-202_task-s10;sub-004_ses-303_task-s10	1452	10	18	sub-004	ses-103	task-s10	1;2;3	10;10;10
1442	7571	1442	1443	3	3	trialwise	1553;3250;5014	1553;3250;5014	10;21;32	119;48;44	sub-004_ses-103_task-s10;sub-004_ses-202_task-s10;sub-004_ses-303_task-s10	1553	10	119	sub-004	ses-103	task-s10	1;2;3	10;10;10
1443	7586	1443	1444	3	3	trialwise	1610;3464;5302	1610;3464;5302	11;22;33	9;95;165	sub-004_ses-103_task-s11;sub-004_ses-202_task-s11;sub-004_ses-303_task-s11	1610	11	9	sub-004	ses-103	task-s11	1;2;3	11;11;11
1444	7603	1444	1445	3	3	trialwise	1562;3303;5016	1562;3303;5016	10;21;32	128;101;46	sub-004_ses-103_task-s10;sub-004_ses-202_task-s10;sub-004_ses-303_task-s10	1562	10	128	sub-004	ses-103	task-s10	1;2;3	10;10;10
1445	7631	1445	1446	3	3	trialwise	1289;3124;4871	1289;3124;4871	9;20;31	22;89;68	sub-004_ses-104_task-s9;sub-004_ses-202_task-s9;sub-004_ses-303_task-s9	1289	9	22	sub-004	ses-104	task-s9	1;2;3	9;9;9
1446	7641	1446	1447	3	3	trialwise	1608;3423;5151	1608;3423;5151	11;22;33	7;54;14	sub-004_ses-103_task-s11;sub-004_ses-202_task-s11;sub-004_ses-303_task-s11	1608	11	7	sub-004	ses-103	task-s11	1;2;3	11;11;11
1447	7664	1447	1448	3	3	trialwise	1682;3490;5273	1682;3490;5273	11;22;33	81;121;136	sub-004_ses-103_task-s11;sub-004_ses-202_task-s11;sub-004_ses-303_task-s11	1682	11	81	sub-004	ses-103	task-s11	1;2;3	11;11;11
1448	7694	1448	1449	3	3	trialwise	1372;3112;4915	1372;3112;4915	9;20;31	105;77;112	sub-004_ses-104_task-s9;sub-004_ses-202_task-s9;sub-004_ses-303_task-s9	1372	9	105	sub-004	ses-104	task-s9	1;2;3	9;9;9
1449	7695	1449	1450	3	3	trialwise	1526;3266;5054	1526;3266;5054	10;21;32	92;64;84	sub-004_ses-103_task-s10;sub-004_ses-202_task-s10;sub-004_ses-303_task-s10	1526	10	92	sub-004	ses-103	task-s10	1;2;3	10;10;10
1450	7728	1450	1451	3	3	trialwise	1308;3057;4922	1308;3057;4922	9;20;31	41;22;119	sub-004_ses-104_task-s9;sub-004_ses-202_task-s9;sub-004_ses-303_task-s9	1308	9	41	sub-004	ses-104	task-s9	1;2;3	9;9;9
1451	7733	1451	1452	3	3	trialwise	1525;3318;5046	1525;3318;5046	10;21;32	91;116;76	sub-004_ses-103_task-s10;sub-004_ses-202_task-s10;sub-004_ses-303_task-s10	1525	10	91	sub-004	ses-103	task-s10	1;2;3	10;10;10
1452	7788	1452	1453	3	3	trialwise	1752;3509;5294	1752;3509;5294	11;22;33	151;140;157	sub-004_ses-103_task-s11;sub-004_ses-202_task-s11;sub-004_ses-303_task-s11	1752	11	151	sub-004	ses-103	task-s11	1;2;3	11;11;11
1453	7793	1453	1454	3	3	trialwise	1594;3364;5053	1594;3364;5053	10;21;32	160;162;83	sub-004_ses-103_task-s10;sub-004_ses-202_task-s10;sub-004_ses-303_task-s10	1594	10	160	sub-004	ses-103	task-s10	1;2;3	10;10;10
1454	7825	1454	1455	3	3	trialwise	1733;3445;5194	1733;3445;5194	11;22;33	132;76;57	sub-004_ses-103_task-s11;sub-004_ses-202_task-s11;sub-004_ses-303_task-s11	1733	11	132	sub-004	ses-103	task-s11	1;2;3	11;11;11
1455	7828	1455	1456	3	3	trialwise	1358;3181;4806	1358;3181;4806	9;20;31	91;146;3	sub-004_ses-104_task-s9;sub-004_ses-202_task-s9;sub-004_ses-303_task-s9	1358	9	91	sub-004	ses-104	task-s9	1;2;3	9;9;9
1456	7848	1456	1457	3	3	trialwise	1711;3474;5164	1711;3474;5164	11;22;33	110;105;27	sub-004_ses-103_task-s11;sub-004_ses-202_task-s11;sub-004_ses-303_task-s11	1711	11	110	sub-004	ses-103	task-s11	1;2;3	11;11;11
1457	7865	1457	1458	3	3	trialwise	1496;3222;5002	1496;3222;5002	10;21;32	62;20;32	sub-004_ses-103_task-s10;sub-004_ses-202_task-s10;sub-004_ses-303_task-s10	1496	10	62	sub-004	ses-103	task-s10	1;2;3	10;10;10
1458	7909	1458	1459	3	3	trialwise	1472;3367;5103	1472;3367;5103	10;21;32	38;165;133	sub-004_ses-103_task-s10;sub-004_ses-202_task-s10;sub-004_ses-303_task-s10	1472	10	38	sub-004	ses-103	task-s10	1;2;3	10;10;10
1459	7916	1459	1460	3	3	trialwise	1343;3190;4966	1343;3190;4966	9;20;31	76;155;163	sub-004_ses-104_task-s9;sub-004_ses-202_task-s9;sub-004_ses-303_task-s9	1343	9	76	sub-004	ses-104	task-s9	1;2;3	9;9;9
1460	7923	1460	1461	3	3	trialwise	1359;3096;4850	1359;3096;4850	9;20;31	92;61;47	sub-004_ses-104_task-s9;sub-004_ses-202_task-s9;sub-004_ses-303_task-s9	1359	9	92	sub-004	ses-104	task-s9	1;2;3	9;9;9
1461	7936	1461	1462	3	3	trialwise	1637;3508;5287	1637;3508;5287	11;22;33	36;139;150	sub-004_ses-103_task-s11;sub-004_ses-202_task-s11;sub-004_ses-303_task-s11	1637	11	36	sub-004	ses-103	task-s11	1;2;3	11;11;11
1462	7968	1462	1463	3	3	trialwise	1676;3424;5184	1676;3424;5184	11;22;33	75;55;47	sub-004_ses-103_task-s11;sub-004_ses-202_task-s11;sub-004_ses-303_task-s11	1676	11	75	sub-004	ses-103	task-s11	1;2;3	11;11;11
1463	7994	1463	1464	3	3	trialwise	1486;3337;4988	1486;3337;4988	10;21;32	52;135;18	sub-004_ses-103_task-s10;sub-004_ses-202_task-s10;sub-004_ses-303_task-s10	1486	10	52	sub-004	ses-103	task-s10	1;2;3	10;10;10
1464	8006	1464	1465	3	3	trialwise	1516;3236;5020	1516;3236;5020	10;21;32	82;34;50	sub-004_ses-103_task-s10;sub-004_ses-202_task-s10;sub-004_ses-303_task-s10	1516	10	82	sub-004	ses-103	task-s10	1;2;3	10;10;10
1465	8014	1465	1466	3	3	trialwise	1487;3295;5105	1487;3295;5105	10;21;32	53;93;135	sub-004_ses-103_task-s10;sub-004_ses-202_task-s10;sub-004_ses-303_task-s10	1487	10	53	sub-004	ses-103	task-s10	1;2;3	10;10;10
1466	8057	1466	1467	3	3	trialwise	1361;3162;4865	1361;3162;4865	9;20;31	94;127;62	sub-004_ses-104_task-s9;sub-004_ses-202_task-s9;sub-004_ses-303_task-s9	1361	9	94	sub-004	ses-104	task-s9	1;2;3	9;9;9
1467	8067	1467	1468	3	3	trialwise	1275;3155;4841	1275;3155;4841	9;20;31	8;120;38	sub-004_ses-104_task-s9;sub-004_ses-202_task-s9;sub-004_ses-303_task-s9	1275	9	8	sub-004	ses-104	task-s9	1;2;3	9;9;9
1468	8113	1468	1469	3	3	trialwise	1334;3075;4845	1334;3075;4845	9;20;31	67;40;42	sub-004_ses-104_task-s9;sub-004_ses-202_task-s9;sub-004_ses-303_task-s9	1334	9	67	sub-004	ses-104	task-s9	1;2;3	9;9;9
1469	8114	1469	1470	3	3	trialwise	1354;3150;4847	1354;3150;4847	9;20;31	87;115;44	sub-004_ses-104_task-s9;sub-004_ses-202_task-s9;sub-004_ses-303_task-s9	1354	9	87	sub-004	ses-104	task-s9	1;2;3	9;9;9
1470	8150	1470	1471	3	3	trialwise	1743;3406;5167	1743;3406;5167	11;22;33	142;37;30	sub-004_ses-103_task-s11;sub-004_ses-202_task-s11;sub-004_ses-303_task-s11	1743	11	142	sub-004	ses-103	task-s11	1;2;3	11;11;11
1471	8160	1471	1472	3	3	trialwise	1626;3404;5238	1626;3404;5238	11;22;33	25;35;101	sub-004_ses-103_task-s11;sub-004_ses-202_task-s11;sub-004_ses-303_task-s11	1626	11	25	sub-004	ses-103	task-s11	1;2;3	11;11;11
1472	8165	1472	1473	3	3	trialwise	1639;3437;5168	1639;3437;5168	11;22;33	38;68;31	sub-004_ses-103_task-s11;sub-004_ses-202_task-s11;sub-004_ses-303_task-s11	1639	11	38	sub-004	ses-103	task-s11	1;2;3	11;11;11
1473	8189	1473	1474	3	3	trialwise	1754;3520;5216	1754;3520;5216	11;22;33	153;151;79	sub-004_ses-103_task-s11;sub-004_ses-202_task-s11;sub-004_ses-303_task-s11	1754	11	153	sub-004	ses-103	task-s11	1;2;3	11;11;11
1474	8207	1474	1475	3	3	trialwise	1383;3184;4964	1383;3184;4964	9;20;31	116;149;161	sub-004_ses-104_task-s9;sub-004_ses-202_task-s9;sub-004_ses-303_task-s9	1383	9	116	sub-004	ses-104	task-s9	1;2;3	9;9;9
1475	8240	1475	1476	3	3	trialwise	1586;3238;5051	1586;3238;5051	10;21;32	152;36;81	sub-004_ses-103_task-s10;sub-004_ses-202_task-s10;sub-004_ses-303_task-s10	1586	10	152	sub-004	ses-103	task-s10	1;2;3	10;10;10
1476	8250	1476	1477	3	3	trialwise	1360;3153;4869	1360;3153;4869	9;20;31	93;118;66	sub-004_ses-104_task-s9;sub-004_ses-202_task-s9;sub-004_ses-303_task-s9	1360	9	93	sub-004	ses-104	task-s9	1;2;3	9;9;9
1477	8274	1477	1478	3	3	trialwise	1489;3226;5125	1489;3226;5125	10;21;32	55;24;155	sub-004_ses-103_task-s10;sub-004_ses-202_task-s10;sub-004_ses-303_task-s10	1489	10	55	sub-004	ses-103	task-s10	1;2;3	10;10;10
1478	8302	1478	1479	3	3	trialwise	1720;3473;5166	1720;3473;5166	11;22;33	119;104;29	sub-004_ses-103_task-s11;sub-004_ses-202_task-s11;sub-004_ses-303_task-s11	1720	11	119	sub-004	ses-103	task-s11	1;2;3	11;11;11
1479	8307	1479	1480	3	3	trialwise	1364;3119;4864	1364;3119;4864	9;20;31	97;84;61	sub-004_ses-104_task-s9;sub-004_ses-202_task-s9;sub-004_ses-303_task-s9	1364	9	97	sub-004	ses-104	task-s9	1;2;3	9;9;9
1480	8344	1480	1481	3	3	trialwise	1443;3356;5080	1443;3356;5080	10;21;32	9;154;110	sub-004_ses-103_task-s10;sub-004_ses-202_task-s10;sub-004_ses-303_task-s10	1443	10	9	sub-004	ses-103	task-s10	1;2;3	10;10;10
1481	8345	1481	1482	3	3	trialwise	1667;3436;5163	1667;3436;5163	11;22;33	66;67;26	sub-004_ses-103_task-s11;sub-004_ses-202_task-s11;sub-004_ses-303_task-s11	1667	11	66	sub-004	ses-103	task-s11	1;2;3	11;11;11
1482	8395	1482	1483	3	3	trialwise	1605;3410;5236	1605;3410;5236	11;22;33	4;41;99	sub-004_ses-103_task-s11;sub-004_ses-202_task-s11;sub-004_ses-303_task-s11	1605	11	4	sub-004	ses-103	task-s11	1;2;3	11;11;11
1483	8396	1483	1484	3	3	trialwise	1401;3084;4861	1401;3084;4861	9;20;31	134;49;58	sub-004_ses-104_task-s9;sub-004_ses-202_task-s9;sub-004_ses-303_task-s9	1401	9	134	sub-004	ses-104	task-s9	1;2;3	9;9;9
1484	8404	1484	1485	3	3	trialwise	1593;3298;5011	1593;3298;5011	10;21;32	159;96;41	sub-004_ses-103_task-s10;sub-004_ses-202_task-s10;sub-004_ses-303_task-s10	1593	10	159	sub-004	ses-103	task-s10	1;2;3	10;10;10
1485	8416	1485	1486	3	3	trialwise	1406;3123;4943	1406;3123;4943	9;20;31	139;88;140	sub-004_ses-104_task-s9;sub-004_ses-202_task-s9;sub-004_ses-303_task-s9	1406	9	139	sub-004	ses-104	task-s9	1;2;3	9;9;9
1486	8443	1486	1487	3	3	trialwise	1409;3163;4933	1409;3163;4933	9;20;31	142;128;130	sub-004_ses-104_task-s9;sub-004_ses-202_task-s9;sub-004_ses-303_task-s9	1409	9	142	sub-004	ses-104	task-s9	1;2;3	9;9;9
1487	8471	1487	1488	3	3	trialwise	1469;3302;4974	1469;3302;4974	10;21;32	35;100;4	sub-004_ses-103_task-s10;sub-004_ses-202_task-s10;sub-004_ses-303_task-s10	1469	10	35	sub-004	ses-103	task-s10	1;2;3	10;10;10
1488	8506	1488	1489	3	3	trialwise	1312;3175;4810	1312;3175;4810	9;20;31	45;140;7	sub-004_ses-104_task-s9;sub-004_ses-202_task-s9;sub-004_ses-303_task-s9	1312	9	45	sub-004	ses-104	task-s9	1;2;3	9;9;9
1489	8519	1489	1490	3	3	trialwise	1441;3261;4989	1441;3261;4989	10;21;32	7;59;19	sub-004_ses-103_task-s10;sub-004_ses-202_task-s10;sub-004_ses-303_task-s10	1441	10	7	sub-004	ses-103	task-s10	1;2;3	10;10;10
1490	8529	1490	1491	3	3	trialwise	1603;3465;5277	1603;3465;5277	11;22;33	2;96;140	sub-004_ses-103_task-s11;sub-004_ses-202_task-s11;sub-004_ses-303_task-s11	1603	11	2	sub-004	ses-103	task-s11	1;2;3	11;11;11
1491	8551	1491	1492	3	3	trialwise	1515;3239;5063	1515;3239;5063	10;21;32	81;37;93	sub-004_ses-103_task-s10;sub-004_ses-202_task-s10;sub-004_ses-303_task-s10	1515	10	81	sub-004	ses-103	task-s10	1;2;3	10;10;10
1492	8571	1492	1493	3	3	trialwise	1485;3346;5130	1485;3346;5130	10;21;32	51;144;160	sub-004_ses-103_task-s10;sub-004_ses-202_task-s10;sub-004_ses-303_task-s10	1485	10	51	sub-004	ses-103	task-s10	1;2;3	10;10;10
1493	8580	1493	1494	3	3	trialwise	1616;3491;5196	1616;3491;5196	11;22;33	15;122;59	sub-004_ses-103_task-s11;sub-004_ses-202_task-s11;sub-004_ses-303_task-s11	1616	11	15	sub-004	ses-103	task-s11	1;2;3	11;11;11
1494	8607	1494	1495	3	3	trialwise	1645;3378;5274	1645;3378;5274	11;22;33	44;9;137	sub-004_ses-103_task-s11;sub-004_ses-202_task-s11;sub-004_ses-303_task-s11	1645	11	44	sub-004	ses-103	task-s11	1;2;3	11;11;11
1495	8613	1495	1496	3	3	trialwise	1466;3353;5018	1466;3353;5018	10;21;32	32;151;48	sub-004_ses-103_task-s10;sub-004_ses-202_task-s10;sub-004_ses-303_task-s10	1466	10	32	sub-004	ses-103	task-s10	1;2;3	10;10;10
1496	8654	1496	1497	3	3	trialwise	1391;3148;4928	1391;3148;4928	9;20;31	124;113;125	sub-004_ses-104_task-s9;sub-004_ses-202_task-s9;sub-004_ses-303_task-s9	1391	9	124	sub-004	ses-104	task-s9	1;2;3	9;9;9
1497	8679	1497	1498	3	3	trialwise	1753;3434;5250	1753;3434;5250	11;22;33	152;65;113	sub-004_ses-103_task-s11;sub-004_ses-202_task-s11;sub-004_ses-303_task-s11	1753	11	152	sub-004	ses-103	task-s11	1;2;3	11;11;11
1498	8681	1498	1499	3	3	trialwise	1316;3056;4818	1316;3056;4818	9;20;31	49;21;15	sub-004_ses-104_task-s9;sub-004_ses-202_task-s9;sub-004_ses-303_task-s9	1316	9	49	sub-004	ses-104	task-s9	1;2;3	9;9;9
1499	8720	1499	1500	3	3	trialwise	1290;3103;4840	1290;3103;4840	9;20;31	23;68;37	sub-004_ses-104_task-s9;sub-004_ses-202_task-s9;sub-004_ses-303_task-s9	1290	9	23	sub-004	ses-104	task-s9	1;2;3	9;9;9
1500	8747	1500	1501	3	3	trialwise	1497;3322;5057	1497;3322;5057	10;21;32	63;120;87	sub-004_ses-103_task-s10;sub-004_ses-202_task-s10;sub-004_ses-303_task-s10	1497	10	63	sub-004	ses-103	task-s10	1;2;3	10;10;10
1501	8760	1501	1502	3	3	trialwise	1458;3292;4976	1458;3292;4976	10;21;32	24;90;6	sub-004_ses-103_task-s10;sub-004_ses-202_task-s10;sub-004_ses-303_task-s10	1458	10	24	sub-004	ses-103	task-s10	1;2;3	10;10;10
1502	8763	1502	1503	3	3	trialwise	1598;3314;5035	1598;3314;5035	10;21;32	164;112;65	sub-004_ses-103_task-s10;sub-004_ses-202_task-s10;sub-004_ses-303_task-s10	1598	10	164	sub-004	ses-103	task-s10	1;2;3	10;10;10
1503	8792	1503	1504	3	3	trialwise	1729;3453;5301	1729;3453;5301	11;22;33	128;84;164	sub-004_ses-103_task-s11;sub-004_ses-202_task-s11;sub-004_ses-303_task-s11	1729	11	128	sub-004	ses-103	task-s11	1;2;3	11;11;11
1504	8837	1504	1505	3	3	trialwise	1461;3344;5059	1461;3344;5059	10;21;32	27;142;89	sub-004_ses-103_task-s10;sub-004_ses-202_task-s10;sub-004_ses-303_task-s10	1461	10	27	sub-004	ses-103	task-s10	1;2;3	10;10;10
1505	8839	1505	1506	3	3	trialwise	1329;3080;4852	1329;3080;4852	9;20;31	62;45;49	sub-004_ses-104_task-s9;sub-004_ses-202_task-s9;sub-004_ses-303_task-s9	1329	9	62	sub-004	ses-104	task-s9	1;2;3	9;9;9
1506	8861	1506	1507	3	3	trialwise	1646;3523;5231	1646;3523;5231	11;22;33	45;154;94	sub-004_ses-103_task-s11;sub-004_ses-202_task-s11;sub-004_ses-303_task-s11	1646	11	45	sub-004	ses-103	task-s11	1;2;3	11;11;11
1507	8862	1507	1508	3	3	trialwise	1302;3043;4856	1302;3043;4856	9;20;31	35;8;53	sub-004_ses-104_task-s9;sub-004_ses-202_task-s9;sub-004_ses-303_task-s9	1302	9	35	sub-004	ses-104	task-s9	1;2;3	9;9;9
1508	8895	1508	1509	3	3	trialwise	1286;3085;4900	1286;3085;4900	9;20;31	19;50;97	sub-004_ses-104_task-s9;sub-004_ses-202_task-s9;sub-004_ses-303_task-s9	1286	9	19	sub-004	ses-104	task-s9	1;2;3	9;9;9
1509	8920	1509	1510	3	3	trialwise	1571;3338;5121	1571;3338;5121	10;21;32	137;136;151	sub-004_ses-103_task-s10;sub-004_ses-202_task-s10;sub-004_ses-303_task-s10	1571	10	137	sub-004	ses-103	task-s10	1;2;3	10;10;10
1510	8932	1510	1511	3	3	trialwise	1327;3146;4872	1327;3146;4872	9;20;31	60;111;69	sub-004_ses-104_task-s9;sub-004_ses-202_task-s9;sub-004_ses-303_task-s9	1327	9	60	sub-004	ses-104	task-s9	1;2;3	9;9;9
1511	8934	1511	1512	3	3	trialwise	1347;3051;4960	1347;3051;4960	9;20;31	80;16;157	sub-004_ses-104_task-s9;sub-004_ses-202_task-s9;sub-004_ses-303_task-s9	1347	9	80	sub-004	ses-104	task-s9	1;2;3	9;9;9
1512	8963	1512	1513	3	3	trialwise	1392;3065;4837	1392;3065;4837	9;20;31	125;30;34	sub-004_ses-104_task-s9;sub-004_ses-202_task-s9;sub-004_ses-303_task-s9	1392	9	125	sub-004	ses-104	task-s9	1;2;3	9;9;9
1513	8989	1513	1514	3	3	trialwise	1665;3398;5268	1665;3398;5268	11;22;33	64;29;131	sub-004_ses-103_task-s11;sub-004_ses-202_task-s11;sub-004_ses-303_task-s11	1665	11	64	sub-004	ses-103	task-s11	1;2;3	11;11;11
1514	9015	1514	1515	3	3	trialwise	1283;3145;4899	1283;3145;4899	9;20;31	16;110;96	sub-004_ses-104_task-s9;sub-004_ses-202_task-s9;sub-004_ses-303_task-s9	1283	9	16	sub-004	ses-104	task-s9	1;2;3	9;9;9
1515	9016	1515	1516	3	3	trialwise	1483;3251;5004	1483;3251;5004	10;21;32	49;49;34	sub-004_ses-103_task-s10;sub-004_ses-202_task-s10;sub-004_ses-303_task-s10	1483	10	49	sub-004	ses-103	task-s10	1;2;3	10;10;10
1516	9044	1516	1517	3	3	trialwise	1374;3179;4844	1374;3179;4844	9;20;31	107;144;41	sub-004_ses-104_task-s9;sub-004_ses-202_task-s9;sub-004_ses-303_task-s9	1374	9	107	sub-004	ses-104	task-s9	1;2;3	9;9;9
1517	9080	1517	1518	3	3	trialwise	1299;3115;4816	1299;3115;4816	9;20;31	32;80;13	sub-004_ses-104_task-s9;sub-004_ses-202_task-s9;sub-004_ses-303_task-s9	1299	9	32	sub-004	ses-104	task-s9	1;2;3	9;9;9
1518	9092	1518	1519	3	3	trialwise	1723;3471;5227	1723;3471;5227	11;22;33	122;102;90	sub-004_ses-103_task-s11;sub-004_ses-202_task-s11;sub-004_ses-303_task-s11	1723	11	122	sub-004	ses-103	task-s11	1;2;3	11;11;11
1519	9111	1519	1520	3	3	trialwise	1514;3283;5084	1514;3283;5084	10;21;32	80;81;114	sub-004_ses-103_task-s10;sub-004_ses-202_task-s10;sub-004_ses-303_task-s10	1514	10	80	sub-004	ses-103	task-s10	1;2;3	10;10;10
1520	9125	1520	1521	3	3	trialwise	1558;3268;5117	1558;3268;5117	10;21;32	124;66;147	sub-004_ses-103_task-s10;sub-004_ses-202_task-s10;sub-004_ses-303_task-s10	1558	10	124	sub-004	ses-103	task-s10	1;2;3	10;10;10
1521	9135	1521	1522	3	3	trialwise	1395;3044;4807	1395;3044;4807	9;20;31	128;9;4	sub-004_ses-104_task-s9;sub-004_ses-202_task-s9;sub-004_ses-303_task-s9	1395	9	128	sub-004	ses-104	task-s9	1;2;3	9;9;9
1522	9162	1522	1523	3	3	trialwise	1298;3128;4907	1298;3128;4907	9;20;31	31;93;104	sub-004_ses-104_task-s9;sub-004_ses-202_task-s9;sub-004_ses-303_task-s9	1298	9	31	sub-004	ses-104	task-s9	1;2;3	9;9;9
1523	9175	1523	1524	3	3	trialwise	1471;3208;4990	1471;3208;4990	10;21;32	37;6;20	sub-004_ses-103_task-s10;sub-004_ses-202_task-s10;sub-004_ses-303_task-s10	1471	10	37	sub-004	ses-103	task-s10	1;2;3	10;10;10
1524	9214	1524	1525	3	3	trialwise	1600;3311;5123	1600;3311;5123	10;21;32	166;109;153	sub-004_ses-103_task-s10;sub-004_ses-202_task-s10;sub-004_ses-303_task-s10	1600	10	166	sub-004	ses-103	task-s10	1;2;3	10;10;10
1525	9230	1525	1526	3	3	trialwise	1506;3241;5069	1506;3241;5069	10;21;32	72;39;99	sub-004_ses-103_task-s10;sub-004_ses-202_task-s10;sub-004_ses-303_task-s10	1506	10	72	sub-004	ses-103	task-s10	1;2;3	10;10;10
1526	9249	1526	1527	3	3	trialwise	1446;3366;5091	1446;3366;5091	10;21;32	12;164;121	sub-004_ses-103_task-s10;sub-004_ses-202_task-s10;sub-004_ses-303_task-s10	1446	10	12	sub-004	ses-103	task-s10	1;2;3	10;10;10
1527	9252	1527	1528	3	3	trialwise	1533;3335;5102	1533;3335;5102	10;21;32	99;133;132	sub-004_ses-103_task-s10;sub-004_ses-202_task-s10;sub-004_ses-303_task-s10	1533	10	99	sub-004	ses-103	task-s10	1;2;3	10;10;10
1528	9291	1528	1529	3	3	trialwise	1647;3387;5183	1647;3387;5183	11;22;33	46;18;46	sub-004_ses-103_task-s11;sub-004_ses-202_task-s11;sub-004_ses-303_task-s11	1647	11	46	sub-004	ses-103	task-s11	1;2;3	11;11;11
1529	9301	1529	1530	3	3	trialwise	1580;3342;5070	1580;3342;5070	10;21;32	146;140;100	sub-004_ses-103_task-s10;sub-004_ses-202_task-s10;sub-004_ses-303_task-s10	1580	10	146	sub-004	ses-103	task-s10	1;2;3	10;10;10
1530	9325	1530	1531	3	3	trialwise	1552;3255;5015	1552;3255;5015	10;21;32	118;53;45	sub-004_ses-103_task-s10;sub-004_ses-202_task-s10;sub-004_ses-303_task-s10	1552	10	118	sub-004	ses-103	task-s10	1;2;3	10;10;10
1531	9335	1531	1532	3	3	trialwise	1736;3511;5228	1736;3511;5228	11;22;33	135;142;91	sub-004_ses-103_task-s11;sub-004_ses-202_task-s11;sub-004_ses-303_task-s11	1736	11	135	sub-004	ses-103	task-s11	1;2;3	11;11;11
1532	9379	1532	1533	3	3	trialwise	1709;3535;5235	1709;3535;5235	11;22;33	108;166;98	sub-004_ses-103_task-s11;sub-004_ses-202_task-s11;sub-004_ses-303_task-s11	1709	11	108	sub-004	ses-103	task-s11	1;2;3	11;11;11
1533	9386	1533	1534	3	3	trialwise	1356;3173;4834	1356;3173;4834	9;20;31	89;138;31	sub-004_ses-104_task-s9;sub-004_ses-202_task-s9;sub-004_ses-303_task-s9	1356	9	89	sub-004	ses-104	task-s9	1;2;3	9;9;9
1534	9407	1534	1535	3	3	trialwise	1348;3192;4811	1348;3192;4811	9;20;31	81;157;8	sub-004_ses-104_task-s9;sub-004_ses-202_task-s9;sub-004_ses-303_task-s9	1348	9	81	sub-004	ses-104	task-s9	1;2;3	9;9;9
1535	9410	1535	1536	3	3	trialwise	1635;3501;5172	1635;3501;5172	11;22;33	34;132;35	sub-004_ses-103_task-s11;sub-004_ses-202_task-s11;sub-004_ses-303_task-s11	1635	11	34	sub-004	ses-103	task-s11	1;2;3	11;11;11
1536	9462	1536	1537	3	3	trialwise	1717;3475;5213	1717;3475;5213	11;22;33	116;106;76	sub-004_ses-103_task-s11;sub-004_ses-202_task-s11;sub-004_ses-303_task-s11	1717	11	116	sub-004	ses-103	task-s11	1;2;3	11;11;11
1537	9467	1537	1538	3	3	trialwise	1607;3522;5282	1607;3522;5282	11;22;33	6;153;145	sub-004_ses-103_task-s11;sub-004_ses-202_task-s11;sub-004_ses-303_task-s11	1607	11	6	sub-004	ses-103	task-s11	1;2;3	11;11;11
1538	9487	1538	1539	3	3	trialwise	1437;3334;4993	1437;3334;4993	10;21;32	3;132;23	sub-004_ses-103_task-s10;sub-004_ses-202_task-s10;sub-004_ses-303_task-s10	1437	10	3	sub-004	ses-103	task-s10	1;2;3	10;10;10
1539	9516	1539	1540	3	3	trialwise	1523;3285;5047	1523;3285;5047	10;21;32	89;83;77	sub-004_ses-103_task-s10;sub-004_ses-202_task-s10;sub-004_ses-303_task-s10	1523	10	89	sub-004	ses-103	task-s10	1;2;3	10;10;10
1540	9546	1540	1541	3	3	trialwise	1698;3500;5169	1698;3500;5169	11;22;33	97;131;32	sub-004_ses-103_task-s11;sub-004_ses-202_task-s11;sub-004_ses-303_task-s11	1698	11	97	sub-004	ses-103	task-s11	1;2;3	11;11;11
1541	9554	1541	1542	3	3	trialwise	1705;3483;5221	1705;3483;5221	11;22;33	104;114;84	sub-004_ses-103_task-s11;sub-004_ses-202_task-s11;sub-004_ses-303_task-s11	1705	11	104	sub-004	ses-103	task-s11	1;2;3	11;11;11
1542	9580	1542	1543	3	3	trialwise	1529;3307;5058	1529;3307;5058	10;21;32	95;105;88	sub-004_ses-103_task-s10;sub-004_ses-202_task-s10;sub-004_ses-303_task-s10	1529	10	95	sub-004	ses-103	task-s10	1;2;3	10;10;10
1543	9597	1543	1544	3	3	trialwise	1556;3274;5137	1556;3274;5137	10;21;32	122;72;167	sub-004_ses-103_task-s10;sub-004_ses-202_task-s10;sub-004_ses-303_task-s10	1556	10	122	sub-004	ses-103	task-s10	1;2;3	10;10;10
1544	9629	1544	1545	3	3	trialwise	1459;3219;5136	1459;3219;5136	10;21;32	25;17;166	sub-004_ses-103_task-s10;sub-004_ses-202_task-s10;sub-004_ses-303_task-s10	1459	10	25	sub-004	ses-103	task-s10	1;2;3	10;10;10
1545	9639	1545	1546	3	3	trialwise	1430;3060;4873	1430;3060;4873	9;20;31	163;25;70	sub-004_ses-104_task-s9;sub-004_ses-202_task-s9;sub-004_ses-303_task-s9	1430	9	163	sub-004	ses-104	task-s9	1;2;3	9;9;9
1546	9672	1546	1547	3	3	trialwise	1508;3257;5110	1508;3257;5110	10;21;32	74;55;140	sub-004_ses-103_task-s10;sub-004_ses-202_task-s10;sub-004_ses-303_task-s10	1508	10	74	sub-004	ses-103	task-s10	1;2;3	10;10;10
1547	9679	1547	1548	3	3	trialwise	1384;3062;4941	1384;3062;4941	9;20;31	117;27;138	sub-004_ses-104_task-s9;sub-004_ses-202_task-s9;sub-004_ses-303_task-s9	1384	9	117	sub-004	ses-104	task-s9	1;2;3	9;9;9
1548	9695	1548	1549	3	3	trialwise	1623;3396;5263	1623;3396;5263	11;22;33	22;27;126	sub-004_ses-103_task-s11;sub-004_ses-202_task-s11;sub-004_ses-303_task-s11	1623	11	22	sub-004	ses-103	task-s11	1;2;3	11;11;11
1549	9704	1549	1550	3	3	trialwise	1520;3299;4985	1520;3299;4985	10;21;32	86;97;15	sub-004_ses-103_task-s10;sub-004_ses-202_task-s10;sub-004_ses-303_task-s10	1520	10	86	sub-004	ses-103	task-s10	1;2;3	10;10;10
1550	9729	1550	1551	3	3	trialwise	1281;3188;4938	1281;3188;4938	9;20;31	14;153;135	sub-004_ses-104_task-s9;sub-004_ses-202_task-s9;sub-004_ses-303_task-s9	1281	9	14	sub-004	ses-104	task-s9	1;2;3	9;9;9
1551	9734	1551	1552	3	3	trialwise	1582;3260;4982	1582;3260;4982	10;21;32	148;58;12	sub-004_ses-103_task-s10;sub-004_ses-202_task-s10;sub-004_ses-303_task-s10	1582	10	148	sub-004	ses-103	task-s10	1;2;3	10;10;10
1552	9764	1552	1553	3	3	trialwise	1349;3042;4820	1349;3042;4820	9;20;31	82;7;17	sub-004_ses-104_task-s9;sub-004_ses-202_task-s9;sub-004_ses-303_task-s9	1349	9	82	sub-004	ses-104	task-s9	1;2;3	9;9;9
1553	9777	1553	1554	3	3	trialwise	1664;3496;5264	1664;3496;5264	11;22;33	63;127;127	sub-004_ses-103_task-s11;sub-004_ses-202_task-s11;sub-004_ses-303_task-s11	1664	11	63	sub-004	ses-103	task-s11	1;2;3	11;11;11
1554	9806	1554	1555	3	3	trialwise	1668;3384;5149	1668;3384;5149	11;22;33	67;15;12	sub-004_ses-103_task-s11;sub-004_ses-202_task-s11;sub-004_ses-303_task-s11	1668	11	67	sub-004	ses-103	task-s11	1;2;3	11;11;11
1555	9810	1555	1556	3	3	trialwise	1684;3493;5145	1684;3493;5145	11;22;33	83;124;8	sub-004_ses-103_task-s11;sub-004_ses-202_task-s11;sub-004_ses-303_task-s11	1684	11	83	sub-004	ses-103	task-s11	1;2;3	11;11;11
1556	9845	1556	1557	3	3	trialwise	1588;3203;5078	1588;3203;5078	10;21;32	154;1;108	sub-004_ses-103_task-s10;sub-004_ses-202_task-s10;sub-004_ses-303_task-s10	1588	10	154	sub-004	ses-103	task-s10	1;2;3	10;10;10
1557	9848	1557	1558	3	3	trialwise	1606;3514;5177	1606;3514;5177	11;22;33	5;145;40	sub-004_ses-103_task-s11;sub-004_ses-202_task-s11;sub-004_ses-303_task-s11	1606	11	5	sub-004	ses-103	task-s11	1;2;3	11;11;11
1558	9919	1558	1559	3	3	trialwise	1503;3327;5104	1503;3327;5104	10;21;32	69;125;134	sub-004_ses-103_task-s10;sub-004_ses-202_task-s10;sub-004_ses-303_task-s10	1503	10	69	sub-004	ses-103	task-s10	1;2;3	10;10;10
1559	9920	1559	1560	3	3	trialwise	1629;3371;5142	1629;3371;5142	11;22;33	28;2;5	sub-004_ses-103_task-s11;sub-004_ses-202_task-s11;sub-004_ses-303_task-s11	1629	11	28	sub-004	ses-103	task-s11	1;2;3	11;11;11
1560	9925	1560	1561	3	3	trialwise	1712;3531;5297	1712;3531;5297	11;22;33	111;162;160	sub-004_ses-103_task-s11;sub-004_ses-202_task-s11;sub-004_ses-303_task-s11	1712	11	111	sub-004	ses-103	task-s11	1;2;3	11;11;11
1561	9941	1561	1562	3	3	trialwise	1653;3466;5271	1653;3466;5271	11;22;33	52;97;134	sub-004_ses-103_task-s11;sub-004_ses-202_task-s11;sub-004_ses-303_task-s11	1653	11	52	sub-004	ses-103	task-s11	1;2;3	11;11;11
1562	9967	1562	1563	3	3	trialwise	1353;3142;4879	1353;3142;4879	9;20;31	86;107;76	sub-004_ses-104_task-s9;sub-004_ses-202_task-s9;sub-004_ses-303_task-s9	1353	9	86	sub-004	ses-104	task-s9	1;2;3	9;9;9
1563	9969	1563	1564	3	3	trialwise	1765;3416;5191	1765;3416;5191	11;22;33	164;47;54	sub-004_ses-103_task-s11;sub-004_ses-202_task-s11;sub-004_ses-303_task-s11	1765	11	164	sub-004	ses-103	task-s11	1;2;3	11;11;11
1564	10008	1564	1565	3	3	trialwise	1408;3185;4894	1408;3185;4894	9;20;31	141;150;91	sub-004_ses-104_task-s9;sub-004_ses-202_task-s9;sub-004_ses-303_task-s9	1408	9	141	sub-004	ses-104	task-s9	1;2;3	9;9;9
1565	10032	1565	1566	3	3	trialwise	1368;3113;4953	1368;3113;4953	9;20;31	101;78;150	sub-004_ses-104_task-s9;sub-004_ses-202_task-s9;sub-004_ses-303_task-s9	1368	9	101	sub-004	ses-104	task-s9	1;2;3	9;9;9
1566	10054	1566	1567	3	3	trialwise	1344;3160;4962	1344;3160;4962	9;20;31	77;125;159	sub-004_ses-104_task-s9;sub-004_ses-202_task-s9;sub-004_ses-303_task-s9	1344	9	77	sub-004	ses-104	task-s9	1;2;3	9;9;9
1567	10064	1567	1568	3	3	trialwise	1447;3319;5022	1447;3319;5022	10;21;32	13;117;52	sub-004_ses-103_task-s10;sub-004_ses-202_task-s10;sub-004_ses-303_task-s10	1447	10	13	sub-004	ses-103	task-s10	1;2;3	10;10;10
1568	10087	1568	1569	3	3	trialwise	1683;3447;5255	1683;3447;5255	11;22;33	82;78;118	sub-004_ses-103_task-s11;sub-004_ses-202_task-s11;sub-004_ses-303_task-s11	1683	11	82	sub-004	ses-103	task-s11	1;2;3	11;11;11
1569	10108	1569	1570	3	3	trialwise	1615;3460;5270	1615;3460;5270	11;22;33	14;91;133	sub-004_ses-103_task-s11;sub-004_ses-202_task-s11;sub-004_ses-303_task-s11	1615	11	14	sub-004	ses-103	task-s11	1;2;3	11;11;11
1570	10145	1570	1571	3	3	trialwise	1315;3090;4863	1315;3090;4863	9;20;31	48;55;60	sub-004_ses-104_task-s9;sub-004_ses-202_task-s9;sub-004_ses-303_task-s9	1315	9	48	sub-004	ses-104	task-s9	1;2;3	9;9;9
1571	10157	1571	1572	3	3	trialwise	1455;3270;5056	1455;3270;5056	10;21;32	21;68;86	sub-004_ses-103_task-s10;sub-004_ses-202_task-s10;sub-004_ses-303_task-s10	1455	10	21	sub-004	ses-103	task-s10	1;2;3	10;10;10
1572	10187	1572	1573	3	3	trialwise	1589;3242;4977	1589;3242;4977	10;21;32	155;40;7	sub-004_ses-103_task-s10;sub-004_ses-202_task-s10;sub-004_ses-303_task-s10	1589	10	155	sub-004	ses-103	task-s10	1;2;3	10;10;10
1573	10190	1573	1574	3	3	trialwise	1531;3263;5025	1531;3263;5025	10;21;32	97;61;55	sub-004_ses-103_task-s10;sub-004_ses-202_task-s10;sub-004_ses-303_task-s10	1531	10	97	sub-004	ses-103	task-s10	1;2;3	10;10;10
1574	10219	1574	1575	3	3	trialwise	1549;3227;5027	1549;3227;5027	10;21;32	115;25;57	sub-004_ses-103_task-s10;sub-004_ses-202_task-s10;sub-004_ses-303_task-s10	1549	10	115	sub-004	ses-103	task-s10	1;2;3	10;10;10
1575	10237	1575	1576	3	3	trialwise	1557;3246;5082	1557;3246;5082	10;21;32	123;44;112	sub-004_ses-103_task-s10;sub-004_ses-202_task-s10;sub-004_ses-303_task-s10	1557	10	123	sub-004	ses-103	task-s10	1;2;3	10;10;10
1576	10241	1576	1577	3	3	trialwise	1716;3497;5234	1716;3497;5234	11;22;33	115;128;97	sub-004_ses-103_task-s11;sub-004_ses-202_task-s11;sub-004_ses-303_task-s11	1716	11	115	sub-004	ses-103	task-s11	1;2;3	11;11;11
1577	10248	1577	1578	3	3	trialwise	1732;3534;5152	1732;3534;5152	11;22;33	131;165;15	sub-004_ses-103_task-s11;sub-004_ses-202_task-s11;sub-004_ses-303_task-s11	1732	11	131	sub-004	ses-103	task-s11	1;2;3	11;11;11
1578	10289	1578	1579	3	3	trialwise	1670;3389;5181	1670;3389;5181	11;22;33	69;20;44	sub-004_ses-103_task-s11;sub-004_ses-202_task-s11;sub-004_ses-303_task-s11	1670	11	69	sub-004	ses-103	task-s11	1;2;3	11;11;11
1579	10314	1579	1580	3	3	trialwise	1761;3392;5251	1761;3392;5251	11;22;33	160;23;114	sub-004_ses-103_task-s11;sub-004_ses-202_task-s11;sub-004_ses-303_task-s11	1761	11	160	sub-004	ses-103	task-s11	1;2;3	11;11;11
1580	10329	1580	1581	3	3	trialwise	1548;3216;5050	1548;3216;5050	10;21;32	114;14;80	sub-004_ses-103_task-s10;sub-004_ses-202_task-s10;sub-004_ses-303_task-s10	1548	10	114	sub-004	ses-103	task-s10	1;2;3	10;10;10
1581	10336	1581	1582	3	3	trialwise	1559;3306;5101	1559;3306;5101	10;21;32	125;104;131	sub-004_ses-103_task-s10;sub-004_ses-202_task-s10;sub-004_ses-303_task-s10	1559	10	125	sub-004	ses-103	task-s10	1;2;3	10;10;10
1582	10365	1582	1583	3	3	trialwise	1326;3141;4947	1326;3141;4947	9;20;31	59;106;144	sub-004_ses-104_task-s9;sub-004_ses-202_task-s9;sub-004_ses-303_task-s9	1326	9	59	sub-004	ses-104	task-s9	1;2;3	9;9;9
1583	10366	1583	1584	3	3	trialwise	1613;3492;5229	1613;3492;5229	11;22;33	12;123;92	sub-004_ses-103_task-s11;sub-004_ses-202_task-s11;sub-004_ses-303_task-s11	1613	11	12	sub-004	ses-103	task-s11	1;2;3	11;11;11
1584	10426	1584	1585	3	3	trialwise	1731;3426;5280	1731;3426;5280	11;22;33	130;57;143	sub-004_ses-103_task-s11;sub-004_ses-202_task-s11;sub-004_ses-303_task-s11	1731	11	130	sub-004	ses-103	task-s11	1;2;3	11;11;11
1585	10437	1585	1586	3	3	trialwise	1492;3329;5012	1492;3329;5012	10;21;32	58;127;42	sub-004_ses-103_task-s10;sub-004_ses-202_task-s10;sub-004_ses-303_task-s10	1492	10	58	sub-004	ses-103	task-s10	1;2;3	10;10;10
1586	10459	1586	1587	3	3	trialwise	1330;3169;4903	1330;3169;4903	9;20;31	63;134;100	sub-004_ses-104_task-s9;sub-004_ses-202_task-s9;sub-004_ses-303_task-s9	1330	9	63	sub-004	ses-104	task-s9	1;2;3	9;9;9
1587	10473	1587	1588	3	3	trialwise	1421;3166;4936	1421;3166;4936	9;20;31	154;131;133	sub-004_ses-104_task-s9;sub-004_ses-202_task-s9;sub-004_ses-303_task-s9	1421	9	154	sub-004	ses-104	task-s9	1;2;3	9;9;9
1588	10493	1588	1589	3	3	trialwise	1530;3294;5077	1530;3294;5077	10;21;32	96;92;107	sub-004_ses-103_task-s10;sub-004_ses-202_task-s10;sub-004_ses-303_task-s10	1530	10	96	sub-004	ses-103	task-s10	1;2;3	10;10;10
1589	10518	1589	1590	3	3	trialwise	1276;3098;4862	1276;3098;4862	9;20;31	9;63;59	sub-004_ses-104_task-s9;sub-004_ses-202_task-s9;sub-004_ses-303_task-s9	1276	9	9	sub-004	ses-104	task-s9	1;2;3	9;9;9
1590	10531	1590	1591	3	3	trialwise	1345;3132;4921	1345;3132;4921	9;20;31	78;97;118	sub-004_ses-104_task-s9;sub-004_ses-202_task-s9;sub-004_ses-303_task-s9	1345	9	78	sub-004	ses-104	task-s9	1;2;3	9;9;9
1591	10540	1591	1592	3	3	trialwise	1578;3309;5086	1578;3309;5086	10;21;32	144;107;116	sub-004_ses-103_task-s10;sub-004_ses-202_task-s10;sub-004_ses-303_task-s10	1578	10	144	sub-004	ses-103	task-s10	1;2;3	10;10;10
1592	10567	1592	1593	3	3	trialwise	1659;3505;5212	1659;3505;5212	11;22;33	58;136;75	sub-004_ses-103_task-s11;sub-004_ses-202_task-s11;sub-004_ses-303_task-s11	1659	11	58	sub-004	ses-103	task-s11	1;2;3	11;11;11
1593	10595	1593	1594	3	3	trialwise	1681;3458;5222	1681;3458;5222	11;22;33	80;89;85	sub-004_ses-103_task-s11;sub-004_ses-202_task-s11;sub-004_ses-303_task-s11	1681	11	80	sub-004	ses-103	task-s11	1;2;3	11;11;11
1594	10608	1594	1595	3	3	trialwise	1321;3139;4942	1321;3139;4942	9;20;31	54;104;139	sub-004_ses-104_task-s9;sub-004_ses-202_task-s9;sub-004_ses-303_task-s9	1321	9	54	sub-004	ses-104	task-s9	1;2;3	9;9;9
1595	10616	1595	1596	3	3	trialwise	1376;3036;4927	1376;3036;4927	9;20;31	109;1;124	sub-004_ses-104_task-s9;sub-004_ses-202_task-s9;sub-004_ses-303_task-s9	1376	9	109	sub-004	ses-104	task-s9	1;2;3	9;9;9
1596	10649	1596	1597	3	3	trialwise	1511;3233;5042	1511;3233;5042	10;21;32	77;31;72	sub-004_ses-103_task-s10;sub-004_ses-202_task-s10;sub-004_ses-303_task-s10	1511	10	77	sub-004	ses-103	task-s10	1;2;3	10;10;10
1597	10671	1597	1598	3	3	trialwise	1657;3417;5300	1657;3417;5300	11;22;33	56;48;163	sub-004_ses-103_task-s11;sub-004_ses-202_task-s11;sub-004_ses-303_task-s11	1657	11	56	sub-004	ses-103	task-s11	1;2;3	11;11;11
1598	10695	1598	1599	3	3	trialwise	1493;3349;5076	1493;3349;5076	10;21;32	59;147;106	sub-004_ses-103_task-s10;sub-004_ses-202_task-s10;sub-004_ses-303_task-s10	1493	10	59	sub-004	ses-103	task-s10	1;2;3	10;10;10
1599	10701	1599	1600	3	3	trialwise	1528;3308;5001	1528;3308;5001	10;21;32	94;106;31	sub-004_ses-103_task-s10;sub-004_ses-202_task-s10;sub-004_ses-303_task-s10	1528	10	94	sub-004	ses-103	task-s10	1;2;3	10;10;10
1600	10743	1600	1601	3	3	trialwise	1373;3176;4860	1373;3176;4860	9;20;31	106;141;57	sub-004_ses-104_task-s9;sub-004_ses-202_task-s9;sub-004_ses-303_task-s9	1373	9	106	sub-004	ses-104	task-s9	1;2;3	9;9;9
1601	10749	1601	1602	3	3	trialwise	1310;3178;4859	1310;3178;4859	9;20;31	43;143;56	sub-004_ses-104_task-s9;sub-004_ses-202_task-s9;sub-004_ses-303_task-s9	1310	9	43	sub-004	ses-104	task-s9	1;2;3	9;9;9
1602	10791	1602	1603	3	3	trialwise	1451;3221;5068	1451;3221;5068	10;21;32	17;19;98	sub-004_ses-103_task-s10;sub-004_ses-202_task-s10;sub-004_ses-303_task-s10	1451	10	17	sub-004	ses-103	task-s10	1;2;3	10;10;10
1603	10799	1603	1604	3	3	trialwise	1509;3244;5023	1509;3244;5023	10;21;32	75;42;53	sub-004_ses-103_task-s10;sub-004_ses-202_task-s10;sub-004_ses-303_task-s10	1509	10	75	sub-004	ses-103	task-s10	1;2;3	10;10;10
1604	10806	1604	1605	3	3	trialwise	1332;3196;4950	1332;3196;4950	9;20;31	65;161;147	sub-004_ses-104_task-s9;sub-004_ses-202_task-s9;sub-004_ses-303_task-s9	1332	9	65	sub-004	ses-104	task-s9	1;2;3	9;9;9
1605	10822	1605	1606	3	3	trialwise	1303;3202;4828	1303;3202;4828	9;20;31	36;167;25	sub-004_ses-104_task-s9;sub-004_ses-202_task-s9;sub-004_ses-303_task-s9	1303	9	36	sub-004	ses-104	task-s9	1;2;3	9;9;9
1606	10876	1606	1607	3	3	trialwise	1622;3428;5144	1622;3428;5144	11;22;33	21;59;7	sub-004_ses-103_task-s11;sub-004_ses-202_task-s11;sub-004_ses-303_task-s11	1622	11	21	sub-004	ses-103	task-s11	1;2;3	11;11;11
1607	10877	1607	1608	3	3	trialwise	1453;3339;5079	1453;3339;5079	10;21;32	19;137;109	sub-004_ses-103_task-s10;sub-004_ses-202_task-s10;sub-004_ses-303_task-s10	1453	10	19	sub-004	ses-103	task-s10	1;2;3	10;10;10
1608	10884	1608	1609	3	3	trialwise	1325;3049;4913	1325;3049;4913	9;20;31	58;14;110	sub-004_ses-104_task-s9;sub-004_ses-202_task-s9;sub-004_ses-303_task-s9	1325	9	58	sub-004	ses-104	task-s9	1;2;3	9;9;9
1609	10900	1609	1610	3	3	trialwise	1420;3040;4948	1420;3040;4948	9;20;31	153;5;145	sub-004_ses-104_task-s9;sub-004_ses-202_task-s9;sub-004_ses-303_task-s9	1420	9	153	sub-004	ses-104	task-s9	1;2;3	9;9;9
1610	10948	1610	1611	3	3	trialwise	1534;3330;5045	1534;3330;5045	10;21;32	100;128;75	sub-004_ses-103_task-s10;sub-004_ses-202_task-s10;sub-004_ses-303_task-s10	1534	10	100	sub-004	ses-103	task-s10	1;2;3	10;10;10
1611	10959	1611	1612	3	3	trialwise	1663;3377;5243	1663;3377;5243	11;22;33	62;8;106	sub-004_ses-103_task-s11;sub-004_ses-202_task-s11;sub-004_ses-303_task-s11	1663	11	62	sub-004	ses-103	task-s11	1;2;3	11;11;11
1612	10961	1612	1613	3	3	trialwise	1654;3405;5219	1654;3405;5219	11;22;33	53;36;82	sub-004_ses-103_task-s11;sub-004_ses-202_task-s11;sub-004_ses-303_task-s11	1654	11	53	sub-004	ses-103	task-s11	1;2;3	11;11;11
1613	10970	1613	1614	3	3	trialwise	1425;3046;4954	1425;3046;4954	9;20;31	158;11;151	sub-004_ses-104_task-s9;sub-004_ses-202_task-s9;sub-004_ses-303_task-s9	1425	9	158	sub-004	ses-104	task-s9	1;2;3	9;9;9
1614	11035	1614	1615	3	3	trialwise	1740;3442;5220	1740;3442;5220	11;22;33	139;73;83	sub-004_ses-103_task-s11;sub-004_ses-202_task-s11;sub-004_ses-303_task-s11	1740	11	139	sub-004	ses-103	task-s11	1;2;3	11;11;11
1615	11039	1615	1616	3	3	trialwise	1403;3137;4919	1403;3137;4919	9;20;31	136;102;116	sub-004_ses-104_task-s9;sub-004_ses-202_task-s9;sub-004_ses-303_task-s9	1403	9	136	sub-004	ses-104	task-s9	1;2;3	9;9;9
1616	11051	1616	1617	3	3	trialwise	1351;3199;4906	1351;3199;4906	9;20;31	84;164;103	sub-004_ses-104_task-s9;sub-004_ses-202_task-s9;sub-004_ses-303_task-s9	1351	9	84	sub-004	ses-104	task-s9	1;2;3	9;9;9
1617	11058	1617	1618	3	3	trialwise	1532;3282;5094	1532;3282;5094	10;21;32	98;80;124	sub-004_ses-103_task-s10;sub-004_ses-202_task-s10;sub-004_ses-303_task-s10	1532	10	98	sub-004	ses-103	task-s10	1;2;3	10;10;10
1618	11084	1618	1619	3	3	trialwise	1448;3249;4983	1448;3249;4983	10;21;32	14;47;13	sub-004_ses-103_task-s10;sub-004_ses-202_task-s10;sub-004_ses-303_task-s10	1448	10	14	sub-004	ses-103	task-s10	1;2;3	10;10;10
1619	11111	1619	1620	3	3	trialwise	1751;3425;5208	1751;3425;5208	11;22;33	150;56;71	sub-004_ses-103_task-s11;sub-004_ses-202_task-s11;sub-004_ses-303_task-s11	1751	11	150	sub-004	ses-103	task-s11	1;2;3	11;11;11
1620	11121	1620	1621	3	3	trialwise	1161;3012;4803	1161;3012;4803	8;19;30	52;135;158	sub-004_ses-103_task-s8;sub-004_ses-202_task-s8;sub-004_ses-303_task-s8	1161	8	52	sub-004	ses-103	task-s8	1;2;3	8;8;8
1621	11122	1621	1622	3	3	trialwise	759;2478;4174	759;2478;4174	5;16;27	124;75;3	sub-004_ses-102_task-s5;sub-004_ses-201_task-s5;sub-004_ses-302_task-s5	759	5	124	sub-004	ses-102	task-s5	1;2;3	5;5;5
1622	11123	1622	1623	3	3	trialwise	212;1972;3779	212;1972;3779	2;13;24	54;46;85	sub-004_ses-101_task-s2;sub-004_ses-201_task-s2;sub-004_ses-301_task-s2	212	2	54	sub-004	ses-101	task-s2	1;2;3	2;2;2
1623	11124	1623	1624	3	3	trialwise	126;1788;3656	126;1788;3656	1;12;23	127;21;121	sub-004_ses-101_task-s1;sub-004_ses-201_task-s1;sub-004_ses-301_task-s1	126	1	127	sub-004	ses-101	task-s1	1;2;3	1;1;1
1624	11125	1624	1625	3	3	trialwise	841;2655;4368	841;2655;4368	6;17;28	48;94;39	sub-004_ses-102_task-s6;sub-004_ses-201_task-s6;sub-004_ses-302_task-s6	841	6	48	sub-004	ses-102	task-s6	1;2;3	6;6;6
1625	11126	1625	1626	3	3	trialwise	1219;2920;4717	1219;2920;4717	8;19;30	110;43;72	sub-004_ses-103_task-s8;sub-004_ses-202_task-s8;sub-004_ses-303_task-s8	1219	8	110	sub-004	ses-103	task-s8	1;2;3	8;8;8
1626	11127	1626	1627	2	2	trialwise	568;2322	568;2322	4;15	92;78	sub-004_ses-102_task-s4;sub-004_ses-201_task-s4	568	4	92	sub-004	ses-102	task-s4	1;2	4;4
1627	11128	1627	1628	3	3	trialwise	130;1903;3677	130;1903;3677	1;12;23	131;136;142	sub-004_ses-101_task-s1;sub-004_ses-201_task-s1;sub-004_ses-301_task-s1	130	1	131	sub-004	ses-101	task-s1	1;2;3	1;1;1
1628	11129	1628	1629	3	3	trialwise	832;2588;4430	832;2588;4430	6;17;28	39;27;101	sub-004_ses-102_task-s6;sub-004_ses-201_task-s6;sub-004_ses-302_task-s6	832	6	39	sub-004	ses-102	task-s6	1;2;3	6;6;6
1629	11130	1629	1630	3	3	trialwise	119;1859;3620	119;1859;3620	1;12;23	120;92;85	sub-004_ses-101_task-s1;sub-004_ses-201_task-s1;sub-004_ses-301_task-s1	119	1	120	sub-004	ses-101	task-s1	1;2;3	1;1;1
1630	11131	1630	1631	3	3	trialwise	147;1856;3673	147;1856;3673	1;12;23	148;89;138	sub-004_ses-101_task-s1;sub-004_ses-201_task-s1;sub-004_ses-301_task-s1	147	1	148	sub-004	ses-101	task-s1	1;2;3	1;1;1
1631	11132	1631	1632	3	3	trialwise	911;2676;4464	911;2676;4464	6;17;28	118;115;135	sub-004_ses-102_task-s6;sub-004_ses-201_task-s6;sub-004_ses-302_task-s6	911	6	118	sub-004	ses-102	task-s6	1;2;3	6;6;6
1632	11133	1632	1633	3	3	trialwise	185;1991;3736	185;1991;3736	2;13;24	27;65;42	sub-004_ses-101_task-s2;sub-004_ses-201_task-s2;sub-004_ses-301_task-s2	185	2	27	sub-004	ses-101	task-s2	1;2;3	2;2;2
1633	11134	1633	1634	3	3	trialwise	240;1953;3841	240;1953;3841	2;13;24	82;27;147	sub-004_ses-101_task-s2;sub-004_ses-201_task-s2;sub-004_ses-301_task-s2	240	2	82	sub-004	ses-101	task-s2	1;2;3	2;2;2
1634	11135	1634	1635	3	3	trialwise	943;2585;4391	943;2585;4391	6;17;28	150;24;62	sub-004_ses-102_task-s6;sub-004_ses-201_task-s6;sub-004_ses-302_task-s6	943	6	150	sub-004	ses-102	task-s6	1;2;3	6;6;6
1635	11136	1635	1636	2	2	trialwise	635;2254	635;2254	4;15	159;10	sub-004_ses-102_task-s4;sub-004_ses-201_task-s4	635	4	159	sub-004	ses-102	task-s4	1;2	4;4
1636	11137	1636	1637	3	3	trialwise	32;1791;3579	32;1791;3579	1;12;23	33;24;44	sub-004_ses-101_task-s1;sub-004_ses-201_task-s1;sub-004_ses-301_task-s1	32	1	33	sub-004	ses-101	task-s1	1;2;3	1;1;1
1637	11138	1637	1638	4	4	trialwise	443;2111;3926;4114	443;2111;3926;4114	3;14;25;26	126;26;73;102	sub-004_ses-101_task-s3;sub-004_ses-201_task-s3;sub-004_ses-302_task-s3;sub-004_ses-302_task-s4	443	3	126	sub-004	ses-101	task-s3	1;2;3;3	3;3;3;4
1638	11139	1638	1639	3	3	trialwise	145;1901;3642	145;1901;3642	1;12;23	146;134;107	sub-004_ses-101_task-s1;sub-004_ses-201_task-s1;sub-004_ses-301_task-s1	145	1	146	sub-004	ses-101	task-s1	1;2;3	1;1;1
1639	11140	1639	1640	3	3	trialwise	653;2549;4231	653;2549;4231	5;16;27	18;146;60	sub-004_ses-102_task-s5;sub-004_ses-201_task-s5;sub-004_ses-302_task-s5	653	5	18	sub-004	ses-102	task-s5	1;2;3	5;5;5
1640	11141	1640	1641	3	3	trialwise	208;2061;3800	208;2061;3800	2;13;24	50;135;106	sub-004_ses-101_task-s2;sub-004_ses-201_task-s2;sub-004_ses-301_task-s2	208	2	50	sub-004	ses-101	task-s2	1;2;3	2;2;2
1641	11142	1641	1642	3	3	trialwise	808;2629;4377	808;2629;4377	6;17;28	15;68;48	sub-004_ses-102_task-s6;sub-004_ses-201_task-s6;sub-004_ses-302_task-s6	808	6	15	sub-004	ses-102	task-s6	1;2;3	6;6;6
1642	11143	1642	1643	4	4	trialwise	324;2202;3933;4073	324;2202;3933;4073	3;14;25;26	7;117;80;61	sub-004_ses-101_task-s3;sub-004_ses-201_task-s3;sub-004_ses-302_task-s3;sub-004_ses-302_task-s4	324	3	7	sub-004	ses-101	task-s3	1;2;3;3	3;3;3;4
1643	11144	1643	1644	3	3	trialwise	717;2487;4261	717;2487;4261	5;16;27	82;84;90	sub-004_ses-102_task-s5;sub-004_ses-201_task-s5;sub-004_ses-302_task-s5	717	5	82	sub-004	ses-102	task-s5	1;2;3	5;5;5
1644	11145	1644	1645	3	3	trialwise	1172;3015;4793	1172;3015;4793	8;19;30	63;138;148	sub-004_ses-103_task-s8;sub-004_ses-202_task-s8;sub-004_ses-303_task-s8	1172	8	63	sub-004	ses-103	task-s8	1;2;3	8;8;8
1645	11146	1645	1646	3	3	trialwise	85;1864;3610	85;1864;3610	1;12;23	86;97;75	sub-004_ses-101_task-s1;sub-004_ses-201_task-s1;sub-004_ses-301_task-s1	85	1	86	sub-004	ses-101	task-s1	1;2;3	1;1;1
1646	11147	1646	1647	4	4	trialwise	365;2138;3878;4047	365;2138;3878;4047	3;14;25;26	48;53;25;35	sub-004_ses-101_task-s3;sub-004_ses-201_task-s3;sub-004_ses-302_task-s3;sub-004_ses-302_task-s4	365	3	48	sub-004	ses-101	task-s3	1;2;3;3	3;3;3;4
1647	11148	1647	1648	3	3	trialwise	807;2562;4375	807;2562;4375	6;17;28	14;1;46	sub-004_ses-102_task-s6;sub-004_ses-201_task-s6;sub-004_ses-302_task-s6	807	6	14	sub-004	ses-102	task-s6	1;2;3	6;6;6
1648	11149	1648	1649	3	3	trialwise	667;2493;4203	667;2493;4203	5;16;27	32;90;32	sub-004_ses-102_task-s5;sub-004_ses-201_task-s5;sub-004_ses-302_task-s5	667	5	32	sub-004	ses-102	task-s5	1;2;3	5;5;5
1649	11150	1649	1650	3	3	trialwise	27;1826;3650	27;1826;3650	1;12;23	28;59;115	sub-004_ses-101_task-s1;sub-004_ses-201_task-s1;sub-004_ses-301_task-s1	27	1	28	sub-004	ses-101	task-s1	1;2;3	1;1;1
1650	11151	1650	1651	3	3	trialwise	78;1849;3602	78;1849;3602	1;12;23	79;82;67	sub-004_ses-101_task-s1;sub-004_ses-201_task-s1;sub-004_ses-301_task-s1	78	1	79	sub-004	ses-101	task-s1	1;2;3	1;1;1
1651	11152	1651	1652	3	3	trialwise	971;2800;4584	971;2800;4584	7;18;29	20;81;97	sub-004_ses-102_task-s7;sub-004_ses-202_task-s7;sub-004_ses-303_task-s7	971	7	20	sub-004	ses-102	task-s7	1;2;3	7;7;7
1652	11153	1652	1653	3	3	trialwise	680;2540;4217	680;2540;4217	5;16;27	45;137;46	sub-004_ses-102_task-s5;sub-004_ses-201_task-s5;sub-004_ses-302_task-s5	680	5	45	sub-004	ses-102	task-s5	1;2;3	5;5;5
1653	11154	1653	1654	3	3	trialwise	40;1833;3609	40;1833;3609	1;12;23	41;66;74	sub-004_ses-101_task-s1;sub-004_ses-201_task-s1;sub-004_ses-301_task-s1	40	1	41	sub-004	ses-101	task-s1	1;2;3	1;1;1
1654	11155	1654	1655	4	4	trialwise	440;2210;3896;4100	440;2210;3896;4100	3;14;25;26	123;125;43;88	sub-004_ses-101_task-s3;sub-004_ses-201_task-s3;sub-004_ses-302_task-s3;sub-004_ses-302_task-s4	440	3	123	sub-004	ses-101	task-s3	1;2;3;3	3;3;3;4
1655	11156	1655	1656	3	3	trialwise	654;2531;4253	654;2531;4253	5;16;27	19;128;82	sub-004_ses-102_task-s5;sub-004_ses-201_task-s5;sub-004_ses-302_task-s5	654	5	19	sub-004	ses-102	task-s5	1;2;3	5;5;5
1656	11157	1656	1657	3	3	trialwise	738;2533;4178	738;2533;4178	5;16;27	103;130;7	sub-004_ses-102_task-s5;sub-004_ses-201_task-s5;sub-004_ses-302_task-s5	738	5	103	sub-004	ses-102	task-s5	1;2;3	5;5;5
1657	11158	1657	1658	3	3	trialwise	904;2647;4412	904;2647;4412	6;17;28	111;86;83	sub-004_ses-102_task-s6;sub-004_ses-201_task-s6;sub-004_ses-302_task-s6	904	6	111	sub-004	ses-102	task-s6	1;2;3	6;6;6
1658	11159	1658	1659	2	2	trialwise	502;2337	502;2337	4;15	26;93	sub-004_ses-102_task-s4;sub-004_ses-201_task-s4	502	4	26	sub-004	ses-102	task-s4	1;2	4;4
1659	11160	1659	1660	3	3	trialwise	180;2034;3763	180;2034;3763	2;13;24	22;108;69	sub-004_ses-101_task-s2;sub-004_ses-201_task-s2;sub-004_ses-301_task-s2	180	2	22	sub-004	ses-101	task-s2	1;2;3	2;2;2
1660	11161	1660	1661	2	2	trialwise	512;2273	512;2273	4;15	36;29	sub-004_ses-102_task-s4;sub-004_ses-201_task-s4	512	4	36	sub-004	ses-102	task-s4	1;2	4;4
1661	11162	1661	1662	3	3	trialwise	274;1997;3756	274;1997;3756	2;13;24	116;71;62	sub-004_ses-101_task-s2;sub-004_ses-201_task-s2;sub-004_ses-301_task-s2	274	2	116	sub-004	ses-101	task-s2	1;2;3	2;2;2
1662	11163	1662	1663	4	4	trialwise	426;2188;3979;4063	426;2188;3979;4063	3;14;25;26	109;103;126;51	sub-004_ses-101_task-s3;sub-004_ses-201_task-s3;sub-004_ses-302_task-s3;sub-004_ses-302_task-s4	426	3	109	sub-004	ses-101	task-s3	1;2;3;3	3;3;3;4
1663	11164	1663	1664	3	3	trialwise	670;2550;4214	670;2550;4214	5;16;27	35;147;43	sub-004_ses-102_task-s5;sub-004_ses-201_task-s5;sub-004_ses-302_task-s5	670	5	35	sub-004	ses-102	task-s5	1;2;3	5;5;5
1664	11165	1664	1665	4	4	trialwise	347;2087;3963;4147	347;2087;3963;4147	3;14;25;26	30;2;110;135	sub-004_ses-101_task-s3;sub-004_ses-201_task-s3;sub-004_ses-302_task-s3;sub-004_ses-302_task-s4	347	3	30	sub-004	ses-101	task-s3	1;2;3;3	3;3;3;4
1665	11166	1665	1666	3	3	trialwise	1257;2972;4753	1257;2972;4753	8;19;30	148;95;108	sub-004_ses-103_task-s8;sub-004_ses-202_task-s8;sub-004_ses-303_task-s8	1257	8	148	sub-004	ses-103	task-s8	1;2;3	8;8;8
1666	11167	1666	1667	3	3	trialwise	252;2027;3724	252;2027;3724	2;13;24	94;101;30	sub-004_ses-101_task-s2;sub-004_ses-201_task-s2;sub-004_ses-301_task-s2	252	2	94	sub-004	ses-101	task-s2	1;2;3	2;2;2
1667	11168	1667	1668	4	4	trialwise	421;2095;3895;4127	421;2095;3895;4127	3;14;25;26	104;10;42;115	sub-004_ses-101_task-s3;sub-004_ses-201_task-s3;sub-004_ses-302_task-s3;sub-004_ses-302_task-s4	421	3	104	sub-004	ses-101	task-s3	1;2;3;3	3;3;3;4
1668	11169	1668	1669	3	3	trialwise	866;2713;4342	866;2713;4342	6;17;28	73;152;13	sub-004_ses-102_task-s6;sub-004_ses-201_task-s6;sub-004_ses-302_task-s6	866	6	73	sub-004	ses-102	task-s6	1;2;3	6;6;6
1669	11170	1669	1670	4	4	trialwise	384;2153;3865;4098	384;2153;3865;4098	3;14;25;26	67;68;12;86	sub-004_ses-101_task-s3;sub-004_ses-201_task-s3;sub-004_ses-302_task-s3;sub-004_ses-302_task-s4	384	3	67	sub-004	ses-101	task-s3	1;2;3;3	3;3;3;4
1670	11171	1670	1671	2	2	trialwise	488;2379	488;2379	4;15	12;135	sub-004_ses-102_task-s4;sub-004_ses-201_task-s4	488	4	12	sub-004	ses-102	task-s4	1;2	4;4
1671	11172	1671	1672	3	3	trialwise	1262;3030;4715	1262;3030;4715	8;19;30	153;153;70	sub-004_ses-103_task-s8;sub-004_ses-202_task-s8;sub-004_ses-303_task-s8	1262	8	153	sub-004	ses-103	task-s8	1;2;3	8;8;8
1672	11173	1672	1673	3	3	trialwise	90;1777;3539	90;1777;3539	1;12;23	91;10;4	sub-004_ses-101_task-s1;sub-004_ses-201_task-s1;sub-004_ses-301_task-s1	90	1	91	sub-004	ses-101	task-s1	1;2;3	1;1;1
1673	11174	1673	1674	3	3	trialwise	985;2774;4613	985;2774;4613	7;18;29	34;55;126	sub-004_ses-102_task-s7;sub-004_ses-202_task-s7;sub-004_ses-303_task-s7	985	7	34	sub-004	ses-102	task-s7	1;2;3	7;7;7
1674	11175	1674	1675	4	4	trialwise	406;2171;3941;4077	406;2171;3941;4077	3;14;25;26	89;86;88;65	sub-004_ses-101_task-s3;sub-004_ses-201_task-s3;sub-004_ses-302_task-s3;sub-004_ses-302_task-s4	406	3	89	sub-004	ses-101	task-s3	1;2;3;3	3;3;3;4
1675	11176	1675	1676	3	3	trialwise	764;2470;4292	764;2470;4292	5;16;27	129;67;121	sub-004_ses-102_task-s5;sub-004_ses-201_task-s5;sub-004_ses-302_task-s5	764	5	129	sub-004	ses-102	task-s5	1;2;3	5;5;5
1676	11177	1676	1677	4	4	trialwise	410;2094;3951;4105	410;2094;3951;4105	3;14;25;26	93;9;98;93	sub-004_ses-101_task-s3;sub-004_ses-201_task-s3;sub-004_ses-302_task-s3;sub-004_ses-302_task-s4	410	3	93	sub-004	ses-101	task-s3	1;2;3;3	3;3;3;4
1677	11178	1677	1678	2	2	trialwise	579;2374	579;2374	4;15	103;130	sub-004_ses-102_task-s4;sub-004_ses-201_task-s4	579	4	103	sub-004	ses-102	task-s4	1;2	4;4
1678	11179	1678	1679	4	4	trialwise	375;2129;3870;4140	375;2129;3870;4140	3;14;25;26	58;44;17;128	sub-004_ses-101_task-s3;sub-004_ses-201_task-s3;sub-004_ses-302_task-s3;sub-004_ses-302_task-s4	375	3	58	sub-004	ses-101	task-s3	1;2;3;3	3;3;3;4
1679	11180	1679	1680	3	3	trialwise	1178;3005;4719	1178;3005;4719	8;19;30	69;128;74	sub-004_ses-103_task-s8;sub-004_ses-202_task-s8;sub-004_ses-303_task-s8	1178	8	69	sub-004	ses-103	task-s8	1;2;3	8;8;8
1680	11181	1680	1681	3	3	trialwise	1092;2746;4580	1092;2746;4580	7;18;29	141;27;93	sub-004_ses-102_task-s7;sub-004_ses-202_task-s7;sub-004_ses-303_task-s7	1092	7	141	sub-004	ses-102	task-s7	1;2;3	7;7;7
1681	11182	1681	1682	3	3	trialwise	768;2512;4188	768;2512;4188	5;16;27	133;109;17	sub-004_ses-102_task-s5;sub-004_ses-201_task-s5;sub-004_ses-302_task-s5	768	5	133	sub-004	ses-102	task-s5	1;2;3	5;5;5
1682	11183	1682	1683	3	3	trialwise	0;1806;3666	0;1806;3666	1;12;23	1;39;131	sub-004_ses-101_task-s1;sub-004_ses-201_task-s1;sub-004_ses-301_task-s1	0	1	1	sub-004	ses-101	task-s1	1;2;3	1;1;1
1683	11184	1683	1684	3	3	trialwise	151;1785;3576	151;1785;3576	1;12;23	152;18;41	sub-004_ses-101_task-s1;sub-004_ses-201_task-s1;sub-004_ses-301_task-s1	151	1	152	sub-004	ses-101	task-s1	1;2;3	1;1;1
1684	11185	1684	1685	4	4	trialwise	362;2147;3927;4136	362;2147;3927;4136	3;14;25;26	45;62;74;124	sub-004_ses-101_task-s3;sub-004_ses-201_task-s3;sub-004_ses-302_task-s3;sub-004_ses-302_task-s4	362	3	45	sub-004	ses-101	task-s3	1;2;3;3	3;3;3;4
1685	11186	1685	1686	3	3	trialwise	775;2407;4270	775;2407;4270	5;16;27	140;4;99	sub-004_ses-102_task-s5;sub-004_ses-201_task-s5;sub-004_ses-302_task-s5	775	5	140	sub-004	ses-102	task-s5	1;2;3	5;5;5
1686	11187	1686	1687	3	3	trialwise	1228;2927;4727	1228;2927;4727	8;19;30	119;50;82	sub-004_ses-103_task-s8;sub-004_ses-202_task-s8;sub-004_ses-303_task-s8	1228	8	119	sub-004	ses-103	task-s8	1;2;3	8;8;8
1687	11188	1687	1688	3	3	trialwise	1033;2771;4583	1033;2771;4583	7;18;29	82;52;96	sub-004_ses-102_task-s7;sub-004_ses-202_task-s7;sub-004_ses-303_task-s7	1033	7	82	sub-004	ses-102	task-s7	1;2;3	7;7;7
1688	11189	1688	1689	3	3	trialwise	648;2534;4274	648;2534;4274	5;16;27	13;131;103	sub-004_ses-102_task-s5;sub-004_ses-201_task-s5;sub-004_ses-302_task-s5	648	5	13	sub-004	ses-102	task-s5	1;2;3	5;5;5
1689	11190	1689	1690	3	3	trialwise	237;1970;3745	237;1970;3745	2;13;24	79;44;51	sub-004_ses-101_task-s2;sub-004_ses-201_task-s2;sub-004_ses-301_task-s2	237	2	79	sub-004	ses-101	task-s2	1;2;3	2;2;2
1690	11191	1690	1691	2	2	trialwise	559;2329	559;2329	4;15	83;85	sub-004_ses-102_task-s4;sub-004_ses-201_task-s4	559	4	83	sub-004	ses-102	task-s4	1;2	4;4
1691	11192	1691	1692	3	3	trialwise	84;1801;3619	84;1801;3619	1;12;23	85;34;84	sub-004_ses-101_task-s1;sub-004_ses-201_task-s1;sub-004_ses-301_task-s1	84	1	85	sub-004	ses-101	task-s1	1;2;3	1;1;1
1692	11193	1692	1693	3	3	trialwise	762;2517;4234	762;2517;4234	5;16;27	127;114;63	sub-004_ses-102_task-s5;sub-004_ses-201_task-s5;sub-004_ses-302_task-s5	762	5	127	sub-004	ses-102	task-s5	1;2;3	5;5;5
1693	11194	1693	1694	2	2	trialwise	510;2259	510;2259	4;15	34;15	sub-004_ses-102_task-s4;sub-004_ses-201_task-s4	510	4	34	sub-004	ses-102	task-s4	1;2	4;4
1694	11195	1694	1695	3	3	trialwise	220;1928;3838	220;1928;3838	2;13;24	62;2;144	sub-004_ses-101_task-s2;sub-004_ses-201_task-s2;sub-004_ses-301_task-s2	220	2	62	sub-004	ses-101	task-s2	1;2;3	2;2;2
1695	11196	1695	1696	3	3	trialwise	236;2074;3786	236;2074;3786	2;13;24	78;148;92	sub-004_ses-101_task-s2;sub-004_ses-201_task-s2;sub-004_ses-301_task-s2	236	2	78	sub-004	ses-101	task-s2	1;2;3	2;2;2
1696	11197	1696	1697	3	3	trialwise	1068;2814;4588	1068;2814;4588	7;18;29	117;95;101	sub-004_ses-102_task-s7;sub-004_ses-202_task-s7;sub-004_ses-303_task-s7	1068	7	117	sub-004	ses-102	task-s7	1;2;3	7;7;7
1697	11198	1697	1698	3	3	trialwise	1104;2748;4525	1104;2748;4525	7;18;29	153;29;38	sub-004_ses-102_task-s7;sub-004_ses-202_task-s7;sub-004_ses-303_task-s7	1104	7	153	sub-004	ses-102	task-s7	1;2;3	7;7;7
1698	11199	1698	1699	3	3	trialwise	1207;2992;4646	1207;2992;4646	8;19;30	98;115;1	sub-004_ses-103_task-s8;sub-004_ses-202_task-s8;sub-004_ses-303_task-s8	1207	8	98	sub-004	ses-103	task-s8	1;2;3	8;8;8
1699	11200	1699	1700	3	3	trialwise	47;1807;3537	47;1807;3537	1;12;23	48;40;2	sub-004_ses-101_task-s1;sub-004_ses-201_task-s1;sub-004_ses-301_task-s1	47	1	48	sub-004	ses-101	task-s1	1;2;3	1;1;1
1700	11201	1700	1701	3	3	trialwise	1238;2958;4736	1238;2958;4736	8;19;30	129;81;91	sub-004_ses-103_task-s8;sub-004_ses-202_task-s8;sub-004_ses-303_task-s8	1238	8	129	sub-004	ses-103	task-s8	1;2;3	8;8;8
1701	11202	1701	1702	3	3	trialwise	1189;3035;4655	1189;3035;4655	8;19;30	80;158;10	sub-004_ses-103_task-s8;sub-004_ses-202_task-s8;sub-004_ses-303_task-s8	1189	8	80	sub-004	ses-103	task-s8	1;2;3	8;8;8
1702	11203	1702	1703	3	3	trialwise	1183;2908;4712	1183;2908;4712	8;19;30	74;31;67	sub-004_ses-103_task-s8;sub-004_ses-202_task-s8;sub-004_ses-303_task-s8	1183	8	74	sub-004	ses-103	task-s8	1;2;3	8;8;8
1703	11204	1703	1704	2	2	trialwise	613;2260	613;2260	4;15	137;16	sub-004_ses-102_task-s4;sub-004_ses-201_task-s4	613	4	137	sub-004	ses-102	task-s4	1;2	4;4
1704	11205	1704	1705	3	3	trialwise	898;2698;4344	898;2698;4344	6;17;28	105;137;15	sub-004_ses-102_task-s6;sub-004_ses-201_task-s6;sub-004_ses-302_task-s6	898	6	105	sub-004	ses-102	task-s6	1;2;3	6;6;6
1705	11206	1705	1706	2	2	trialwise	633;2380	633;2380	4;15	157;136	sub-004_ses-102_task-s4;sub-004_ses-201_task-s4	633	4	157	sub-004	ses-102	task-s4	1;2	4;4
1706	11207	1706	1707	3	3	trialwise	166;2081;3723	166;2081;3723	2;13;24	8;155;29	sub-004_ses-101_task-s2;sub-004_ses-201_task-s2;sub-004_ses-301_task-s2	166	2	8	sub-004	ses-101	task-s2	1;2;3	2;2;2
1707	11208	1707	1708	4	4	trialwise	466;2197;3859;4034	466;2197;3859;4034	3;14;25;26	149;112;6;22	sub-004_ses-101_task-s3;sub-004_ses-201_task-s3;sub-004_ses-302_task-s3;sub-004_ses-302_task-s4	466	3	149	sub-004	ses-101	task-s3	1;2;3;3	3;3;3;4
1708	11209	1708	1709	3	3	trialwise	1211;2984;4724	1211;2984;4724	8;19;30	102;107;79	sub-004_ses-103_task-s8;sub-004_ses-202_task-s8;sub-004_ses-303_task-s8	1211	8	102	sub-004	ses-103	task-s8	1;2;3	8;8;8
1709	11210	1709	1710	3	3	trialwise	285;1945;3750	285;1945;3750	2;13;24	127;19;56	sub-004_ses-101_task-s2;sub-004_ses-201_task-s2;sub-004_ses-301_task-s2	285	2	127	sub-004	ses-101	task-s2	1;2;3	2;2;2
1710	11211	1710	1711	2	2	trialwise	567;2319	567;2319	4;15	91;75	sub-004_ses-102_task-s4;sub-004_ses-201_task-s4	567	4	91	sub-004	ses-102	task-s4	1;2	4;4
1711	11212	1711	1712	4	4	trialwise	353;2134;3863;4152	353;2134;3863;4152	3;14;25;26	36;49;10;140	sub-004_ses-101_task-s3;sub-004_ses-201_task-s3;sub-004_ses-302_task-s3;sub-004_ses-302_task-s4	353	3	36	sub-004	ses-101	task-s3	1;2;3;3	3;3;3;4
1712	11213	1712	1713	3	3	trialwise	784;2535;4195	784;2535;4195	5;16;27	149;132;24	sub-004_ses-102_task-s5;sub-004_ses-201_task-s5;sub-004_ses-302_task-s5	784	5	149	sub-004	ses-102	task-s5	1;2;3	5;5;5
1713	11214	1713	1714	3	3	trialwise	642;2557;4310	642;2557;4310	5;16;27	7;154;139	sub-004_ses-102_task-s5;sub-004_ses-201_task-s5;sub-004_ses-302_task-s5	642	5	7	sub-004	ses-102	task-s5	1;2;3	5;5;5
1714	11215	1714	1715	3	3	trialwise	1206;2902;4705	1206;2902;4705	8;19;30	97;25;60	sub-004_ses-103_task-s8;sub-004_ses-202_task-s8;sub-004_ses-303_task-s8	1206	8	97	sub-004	ses-103	task-s8	1;2;3	8;8;8
1715	11216	1715	1716	3	3	trialwise	1186;2995;4797	1186;2995;4797	8;19;30	77;118;152	sub-004_ses-103_task-s8;sub-004_ses-202_task-s8;sub-004_ses-303_task-s8	1186	8	77	sub-004	ses-103	task-s8	1;2;3	8;8;8
1716	11217	1716	1717	2	2	trialwise	563;2284	563;2284	4;15	87;40	sub-004_ses-102_task-s4;sub-004_ses-201_task-s4	563	4	87	sub-004	ses-102	task-s4	1;2	4;4
1717	11218	1717	1718	3	3	trialwise	760;2511;4233	760;2511;4233	5;16;27	125;108;62	sub-004_ses-102_task-s5;sub-004_ses-201_task-s5;sub-004_ses-302_task-s5	760	5	125	sub-004	ses-102	task-s5	1;2;3	5;5;5
1718	11219	1718	1719	3	3	trialwise	2;1834;3657	2;1834;3657	1;12;23	3;67;122	sub-004_ses-101_task-s1;sub-004_ses-201_task-s1;sub-004_ses-301_task-s1	2	1	3	sub-004	ses-101	task-s1	1;2;3	1;1;1
1719	11220	1719	1720	3	3	trialwise	1100;2875;4602	1100;2875;4602	7;18;29	149;156;115	sub-004_ses-102_task-s7;sub-004_ses-202_task-s7;sub-004_ses-303_task-s7	1100	7	149	sub-004	ses-102	task-s7	1;2;3	7;7;7
1720	11221	1720	1721	2	2	trialwise	509;2342	509;2342	4;15	33;98	sub-004_ses-102_task-s4;sub-004_ses-201_task-s4	509	4	33	sub-004	ses-102	task-s4	1;2	4;4
1721	11222	1721	1722	4	4	trialwise	323;2221;3988;4046	323;2221;3988;4046	3;14;25;26	6;136;135;34	sub-004_ses-101_task-s3;sub-004_ses-201_task-s3;sub-004_ses-302_task-s3;sub-004_ses-302_task-s4	323	3	6	sub-004	ses-101	task-s3	1;2;3;3	3;3;3;4
1722	11223	1722	1723	4	4	trialwise	417;2201;3903;4166	417;2201;3903;4166	3;14;25;26	100;116;50;154	sub-004_ses-101_task-s3;sub-004_ses-201_task-s3;sub-004_ses-302_task-s3;sub-004_ses-302_task-s4	417	3	100	sub-004	ses-101	task-s3	1;2;3;3	3;3;3;4
1723	11224	1723	1724	3	3	trialwise	1003;2721;4577	1003;2721;4577	7;18;29	52;2;90	sub-004_ses-102_task-s7;sub-004_ses-202_task-s7;sub-004_ses-303_task-s7	1003	7	52	sub-004	ses-102	task-s7	1;2;3	7;7;7
1724	11225	1724	1725	3	3	trialwise	798;2719;4436	798;2719;4436	6;17;28	5;158;107	sub-004_ses-102_task-s6;sub-004_ses-201_task-s6;sub-004_ses-302_task-s6	798	6	5	sub-004	ses-102	task-s6	1;2;3	6;6;6
1725	11226	1725	1726	3	3	trialwise	978;2765;4559	978;2765;4559	7;18;29	27;46;72	sub-004_ses-102_task-s7;sub-004_ses-202_task-s7;sub-004_ses-303_task-s7	978	7	27	sub-004	ses-102	task-s7	1;2;3	7;7;7
1726	11227	1726	1727	3	3	trialwise	273;2017;3751	273;2017;3751	2;13;24	115;91;57	sub-004_ses-101_task-s2;sub-004_ses-201_task-s2;sub-004_ses-301_task-s2	273	2	115	sub-004	ses-101	task-s2	1;2;3	2;2;2
1727	11228	1727	1728	3	3	trialwise	29;1774;3629	29;1774;3629	1;12;23	30;7;94	sub-004_ses-101_task-s1;sub-004_ses-201_task-s1;sub-004_ses-301_task-s1	29	1	30	sub-004	ses-101	task-s1	1;2;3	1;1;1
1728	11229	1728	1729	3	3	trialwise	56;1906;3565	56;1906;3565	1;12;23	57;139;30	sub-004_ses-101_task-s1;sub-004_ses-201_task-s1;sub-004_ses-301_task-s1	56	1	57	sub-004	ses-101	task-s1	1;2;3	1;1;1
1729	11230	1729	1730	3	3	trialwise	64;1916;3592	64;1916;3592	1;12;23	65;149;57	sub-004_ses-101_task-s1;sub-004_ses-201_task-s1;sub-004_ses-301_task-s1	64	1	65	sub-004	ses-101	task-s1	1;2;3	1;1;1
1730	11231	1730	1731	3	3	trialwise	195;2015;3718	195;2015;3718	2;13;24	37;89;24	sub-004_ses-101_task-s2;sub-004_ses-201_task-s2;sub-004_ses-301_task-s2	195	2	37	sub-004	ses-101	task-s2	1;2;3	2;2;2
1731	11232	1731	1732	3	3	trialwise	313;2037;3706	313;2037;3706	2;13;24	155;111;12	sub-004_ses-101_task-s2;sub-004_ses-201_task-s2;sub-004_ses-301_task-s2	313	2	155	sub-004	ses-101	task-s2	1;2;3	2;2;2
1732	11233	1732	1733	3	3	trialwise	639;2431;4209	639;2431;4209	5;16;27	4;28;38	sub-004_ses-102_task-s5;sub-004_ses-201_task-s5;sub-004_ses-302_task-s5	639	5	4	sub-004	ses-102	task-s5	1;2;3	5;5;5
1733	11234	1733	1734	4	4	trialwise	390;2224;3886;4074	390;2224;3886;4074	3;14;25;26	73;139;33;62	sub-004_ses-101_task-s3;sub-004_ses-201_task-s3;sub-004_ses-302_task-s3;sub-004_ses-302_task-s4	390	3	73	sub-004	ses-101	task-s3	1;2;3;3	3;3;3;4
1734	11235	1734	1735	3	3	trialwise	1070;2808;4589	1070;2808;4589	7;18;29	119;89;102	sub-004_ses-102_task-s7;sub-004_ses-202_task-s7;sub-004_ses-303_task-s7	1070	7	119	sub-004	ses-102	task-s7	1;2;3	7;7;7
1735	11236	1735	1736	3	3	trialwise	108;1846;3627	108;1846;3627	1;12;23	109;79;92	sub-004_ses-101_task-s1;sub-004_ses-201_task-s1;sub-004_ses-301_task-s1	108	1	109	sub-004	ses-101	task-s1	1;2;3	1;1;1
1736	11237	1736	1737	2	2	trialwise	622;2308	622;2308	4;15	146;64	sub-004_ses-102_task-s4;sub-004_ses-201_task-s4	622	4	146	sub-004	ses-102	task-s4	1;2	4;4
1737	11238	1737	1738	3	3	trialwise	720;2529;4200	720;2529;4200	5;16;27	85;126;29	sub-004_ses-102_task-s5;sub-004_ses-201_task-s5;sub-004_ses-302_task-s5	720	5	85	sub-004	ses-102	task-s5	1;2;3	5;5;5
1738	11239	1738	1739	3	3	trialwise	275;1980;3819	275;1980;3819	2;13;24	117;54;125	sub-004_ses-101_task-s2;sub-004_ses-201_task-s2;sub-004_ses-301_task-s2	275	2	117	sub-004	ses-101	task-s2	1;2;3	2;2;2
1739	11240	1739	1740	3	3	trialwise	1057;2736;4585	1057;2736;4585	7;18;29	106;17;98	sub-004_ses-102_task-s7;sub-004_ses-202_task-s7;sub-004_ses-303_task-s7	1057	7	106	sub-004	ses-102	task-s7	1;2;3	7;7;7
1740	11241	1740	1741	3	3	trialwise	1095;2792;4558	1095;2792;4558	7;18;29	144;73;71	sub-004_ses-102_task-s7;sub-004_ses-202_task-s7;sub-004_ses-303_task-s7	1095	7	144	sub-004	ses-102	task-s7	1;2;3	7;7;7
1741	11242	1741	1742	2	2	trialwise	511;2376	511;2376	4;15	35;132	sub-004_ses-102_task-s4;sub-004_ses-201_task-s4	511	4	35	sub-004	ses-102	task-s4	1;2	4;4
1742	11243	1742	1743	3	3	trialwise	70;1844;3616	70;1844;3616	1;12;23	71;77;81	sub-004_ses-101_task-s1;sub-004_ses-201_task-s1;sub-004_ses-301_task-s1	70	1	71	sub-004	ses-101	task-s1	1;2;3	1;1;1
1743	11244	1743	1744	3	3	trialwise	211;1930;3790	211;1930;3790	2;13;24	53;4;96	sub-004_ses-101_task-s2;sub-004_ses-201_task-s2;sub-004_ses-301_task-s2	211	2	53	sub-004	ses-101	task-s2	1;2;3	2;2;2
1744	11245	1744	1745	2	2	trialwise	560;2361	560;2361	4;15	84;117	sub-004_ses-102_task-s4;sub-004_ses-201_task-s4	560	4	84	sub-004	ses-102	task-s4	1;2	4;4
1745	11246	1745	1746	3	3	trialwise	1251;2912;4787	1251;2912;4787	8;19;30	142;35;142	sub-004_ses-103_task-s8;sub-004_ses-202_task-s8;sub-004_ses-303_task-s8	1251	8	142	sub-004	ses-103	task-s8	1;2;3	8;8;8
1746	11247	1746	1747	3	3	trialwise	652;2496;4224	652;2496;4224	5;16;27	17;93;53	sub-004_ses-102_task-s5;sub-004_ses-201_task-s5;sub-004_ses-302_task-s5	652	5	17	sub-004	ses-102	task-s5	1;2;3	5;5;5
1747	11248	1747	1748	3	3	trialwise	1109;2867;4505	1109;2867;4505	7;18;29	158;148;18	sub-004_ses-102_task-s7;sub-004_ses-202_task-s7;sub-004_ses-303_task-s7	1109	7	158	sub-004	ses-102	task-s7	1;2;3	7;7;7
1748	11249	1748	1749	3	3	trialwise	196;2026;3698	196;2026;3698	2;13;24	38;100;4	sub-004_ses-101_task-s2;sub-004_ses-201_task-s2;sub-004_ses-301_task-s2	196	2	38	sub-004	ses-101	task-s2	1;2;3	2;2;2
1749	11250	1749	1750	4	4	trialwise	351;2206;3862;4021	351;2206;3862;4021	3;14;25;26	34;121;9;9	sub-004_ses-101_task-s3;sub-004_ses-201_task-s3;sub-004_ses-302_task-s3;sub-004_ses-302_task-s4	351	3	34	sub-004	ses-101	task-s3	1;2;3;3	3;3;3;4
1750	11251	1750	1751	2	2	trialwise	600;2291	600;2291	4;15	124;47	sub-004_ses-102_task-s4;sub-004_ses-201_task-s4	600	4	124	sub-004	ses-102	task-s4	1;2	4;4
1751	11252	1751	1752	3	3	trialwise	846;2686;4431	846;2686;4431	6;17;28	53;125;102	sub-004_ses-102_task-s6;sub-004_ses-201_task-s6;sub-004_ses-302_task-s6	846	6	53	sub-004	ses-102	task-s6	1;2;3	6;6;6
1752	11253	1752	1753	3	3	trialwise	25;1823;3558	25;1823;3558	1;12;23	26;56;23	sub-004_ses-101_task-s1;sub-004_ses-201_task-s1;sub-004_ses-301_task-s1	25	1	26	sub-004	ses-101	task-s1	1;2;3	1;1;1
1753	11254	1753	1754	3	3	trialwise	58;1905;3671	58;1905;3671	1;12;23	59;138;136	sub-004_ses-101_task-s1;sub-004_ses-201_task-s1;sub-004_ses-301_task-s1	58	1	59	sub-004	ses-101	task-s1	1;2;3	1;1;1
1754	11255	1754	1755	3	3	trialwise	947;2694;4486	947;2694;4486	6;17;28	154;133;157	sub-004_ses-102_task-s6;sub-004_ses-201_task-s6;sub-004_ses-302_task-s6	947	6	154	sub-004	ses-102	task-s6	1;2;3	6;6;6
1755	11256	1755	1756	3	3	trialwise	253;2072;3768	253;2072;3768	2;13;24	95;146;74	sub-004_ses-101_task-s2;sub-004_ses-201_task-s2;sub-004_ses-301_task-s2	253	2	95	sub-004	ses-101	task-s2	1;2;3	2;2;2
1756	11257	1756	1757	3	3	trialwise	1069;2842;4578	1069;2842;4578	7;18;29	118;123;91	sub-004_ses-102_task-s7;sub-004_ses-202_task-s7;sub-004_ses-303_task-s7	1069	7	118	sub-004	ses-102	task-s7	1;2;3	7;7;7
1757	11258	1757	1758	3	3	trialwise	129;1828;3661	129;1828;3661	1;12;23	130;61;126	sub-004_ses-101_task-s1;sub-004_ses-201_task-s1;sub-004_ses-301_task-s1	129	1	130	sub-004	ses-101	task-s1	1;2;3	1;1;1
1758	11259	1758	1759	3	3	trialwise	168;2068;3727	168;2068;3727	2;13;24	10;142;33	sub-004_ses-101_task-s2;sub-004_ses-201_task-s2;sub-004_ses-301_task-s2	168	2	10	sub-004	ses-101	task-s2	1;2;3	2;2;2
1759	11260	1759	1760	4	4	trialwise	452;2117;3992;4107	452;2117;3992;4107	3;14;25;26	135;32;139;95	sub-004_ses-101_task-s3;sub-004_ses-201_task-s3;sub-004_ses-302_task-s3;sub-004_ses-302_task-s4	452	3	135	sub-004	ses-101	task-s3	1;2;3;3	3;3;3;4
1760	11261	1760	1761	3	3	trialwise	238;1974;3741	238;1974;3741	2;13;24	80;48;47	sub-004_ses-101_task-s2;sub-004_ses-201_task-s2;sub-004_ses-301_task-s2	238	2	80	sub-004	ses-101	task-s2	1;2;3	2;2;2
1761	11262	1761	1762	3	3	trialwise	1137;3026;4700	1137;3026;4700	8;19;30	28;149;55	sub-004_ses-103_task-s8;sub-004_ses-202_task-s8;sub-004_ses-303_task-s8	1137	8	28	sub-004	ses-103	task-s8	1;2;3	8;8;8
1762	11263	1762	1763	3	3	trialwise	179;2009;3778	179;2009;3778	2;13;24	21;83;84	sub-004_ses-101_task-s2;sub-004_ses-201_task-s2;sub-004_ses-301_task-s2	179	2	21	sub-004	ses-101	task-s2	1;2;3	2;2;2
1763	11264	1763	1764	2	2	trialwise	484;2276	484;2276	4;15	8;32	sub-004_ses-102_task-s4;sub-004_ses-201_task-s4	484	4	8	sub-004	ses-102	task-s4	1;2	4;4
1764	11265	1764	1765	3	3	trialwise	851;2673;4358	851;2673;4358	6;17;28	58;112;29	sub-004_ses-102_task-s6;sub-004_ses-201_task-s6;sub-004_ses-302_task-s6	851	6	58	sub-004	ses-102	task-s6	1;2;3	6;6;6
1765	11266	1765	1766	2	2	trialwise	632;2338	632;2338	4;15	156;94	sub-004_ses-102_task-s4;sub-004_ses-201_task-s4	632	4	156	sub-004	ses-102	task-s4	1;2	4;4
1766	11267	1766	1767	4	4	trialwise	433;2115;4003;4049	433;2115;4003;4049	3;14;25;26	116;30;150;37	sub-004_ses-101_task-s3;sub-004_ses-201_task-s3;sub-004_ses-302_task-s3;sub-004_ses-302_task-s4	433	3	116	sub-004	ses-101	task-s3	1;2;3;3	3;3;3;4
1767	11268	1767	1768	4	4	trialwise	398;2131;3954;4087	398;2131;3954;4087	3;14;25;26	81;46;101;75	sub-004_ses-101_task-s3;sub-004_ses-201_task-s3;sub-004_ses-302_task-s3;sub-004_ses-302_task-s4	398	3	81	sub-004	ses-101	task-s3	1;2;3;3	3;3;3;4
