scalar_index_0based	condition_id	condition_col_0based	condition_col_1based	n_trials_presented	n_betas_averaged	beta_index_mode	source_beta_rows_0based	trial_indices_0based	run_indices_1based	local_trial_indices	run_stems	first_trial_index_0based	first_run_index_1based	first_local_trial_index	first_sub	first_ses	first_task	repeat_indices	task_indices
0	1	0	1	3	3	trialwise	430;2110;3981	430;2110;3981	3;14;25	113;25;128	sub-011_ses-102_task-s3;sub-011_ses-201_task-s3;sub-011_ses-305_task-s3	430	3	113	sub-011	ses-102	task-s3	1;2;3	3;3;3
1	2	1	2	3	3	trialwise	54;1905;3686	54;1905;3686	1;12;23	55;138;151	sub-011_ses-105_task-s1;sub-011_ses-201_task-s1;sub-011_ses-301_task-s1	54	1	55	sub-011	ses-105	task-s1	1;2;3	1;1;1
2	3	2	3	3	3	trialwise	180;1988;3819	180;1988;3819	2;13;24	22;62;125	sub-011_ses-105_task-s2;sub-011_ses-201_task-s2;sub-011_ses-301_task-s2	180	2	22	sub-011	ses-105	task-s2	1;2;3	2;2;2
3	4	3	4	3	3	trialwise	555;2371;4139	555;2371;4139	4;15;26	79;127;127	sub-011_ses-102_task-s4;sub-011_ses-202_task-s4;sub-011_ses-302_task-s4	555	4	79	sub-011	ses-102	task-s4	1;2;3	4;4;4
4	5	4	5	3	3	trialwise	896;2647;4346	896;2647;4346	6;17;28	103;86;17	sub-011_ses-103_task-s6;sub-011_ses-202_task-s6;sub-011_ses-302_task-s6	896	6	103	sub-011	ses-103	task-s6	1;2;3	6;6;6
5	6	5	6	3	3	trialwise	851;2599;4358	851;2599;4358	6;17;28	58;38;29	sub-011_ses-103_task-s6;sub-011_ses-202_task-s6;sub-011_ses-302_task-s6	851	6	58	sub-011	ses-103	task-s6	1;2;3	6;6;6
6	7	6	7	3	3	trialwise	962;2825;4644	962;2825;4644	7;18;29	11;106;157	sub-011_ses-104_task-s7;sub-011_ses-203_task-s7;sub-011_ses-304_task-s7	962	7	11	sub-011	ses-104	task-s7	1;2;3	7;7;7
7	8	7	8	3	3	trialwise	1160;3024;4771	1160;3024;4771	8;19;30	51;147;126	sub-011_ses-104_task-s8;sub-011_ses-203_task-s8;sub-011_ses-303_task-s8	1160	8	51	sub-011	ses-104	task-s8	1;2;3	8;8;8
8	9	8	9	3	3	trialwise	1096;2814;4593	1096;2814;4593	7;18;29	145;95;106	sub-011_ses-104_task-s7;sub-011_ses-203_task-s7;sub-011_ses-304_task-s7	1096	7	145	sub-011	ses-104	task-s7	1;2;3	7;7;7
9	10	9	10	3	3	trialwise	974;2750;4608	974;2750;4608	7;18;29	23;31;121	sub-011_ses-104_task-s7;sub-011_ses-203_task-s7;sub-011_ses-304_task-s7	974	7	23	sub-011	ses-104	task-s7	1;2;3	7;7;7
10	11	10	11	3	3	trialwise	95;1797;3567	95;1797;3567	1;12;23	96;30;32	sub-011_ses-105_task-s1;sub-011_ses-201_task-s1;sub-011_ses-301_task-s1	95	1	96	sub-011	ses-105	task-s1	1;2;3	1;1;1
11	12	11	12	3	3	trialwise	96;1883;3658	96;1883;3658	1;12;23	97;116;123	sub-011_ses-105_task-s1;sub-011_ses-201_task-s1;sub-011_ses-301_task-s1	96	1	97	sub-011	ses-105	task-s1	1;2;3	1;1;1
12	13	12	13	3	3	trialwise	925;2575;4386	925;2575;4386	6;17;28	132;14;57	sub-011_ses-103_task-s6;sub-011_ses-202_task-s6;sub-011_ses-302_task-s6	925	6	132	sub-011	ses-103	task-s6	1;2;3	6;6;6
13	14	13	14	3	3	trialwise	411;2141;3881	411;2141;3881	3;14;25	94;56;28	sub-011_ses-102_task-s3;sub-011_ses-201_task-s3;sub-011_ses-305_task-s3	411	3	94	sub-011	ses-102	task-s3	1;2;3	3;3;3
14	15	14	15	3	3	trialwise	1227;3032;4784	1227;3032;4784	8;19;30	118;155;139	sub-011_ses-104_task-s8;sub-011_ses-203_task-s8;sub-011_ses-303_task-s8	1227	8	118	sub-011	ses-104	task-s8	1;2;3	8;8;8
15	16	15	16	3	3	trialwise	763;2495;4204	763;2495;4204	5;16;27	128;92;33	sub-011_ses-103_task-s5;sub-011_ses-202_task-s5;sub-011_ses-302_task-s5	763	5	128	sub-011	ses-103	task-s5	1;2;3	5;5;5
16	17	16	17	3	3	trialwise	377;2221;3913	377;2221;3913	3;14;25	60;136;60	sub-011_ses-102_task-s3;sub-011_ses-201_task-s3;sub-011_ses-305_task-s3	377	3	60	sub-011	ses-102	task-s3	1;2;3	3;3;3
17	18	17	18	3	3	trialwise	1157;2964;4664	1157;2964;4664	8;19;30	48;87;19	sub-011_ses-104_task-s8;sub-011_ses-203_task-s8;sub-011_ses-303_task-s8	1157	8	48	sub-011	ses-104	task-s8	1;2;3	8;8;8
18	19	18	19	3	3	trialwise	944;2687;4472	944;2687;4472	6;17;28	151;126;143	sub-011_ses-103_task-s6;sub-011_ses-202_task-s6;sub-011_ses-302_task-s6	944	6	151	sub-011	ses-103	task-s6	1;2;3	6;6;6
19	20	19	20	3	3	trialwise	885;2652;4444	885;2652;4444	6;17;28	92;91;115	sub-011_ses-103_task-s6;sub-011_ses-202_task-s6;sub-011_ses-302_task-s6	885	6	92	sub-011	ses-103	task-s6	1;2;3	6;6;6
20	21	20	21	3	3	trialwise	432;2178;3915	432;2178;3915	3;14;25	115;93;62	sub-011_ses-102_task-s3;sub-011_ses-201_task-s3;sub-011_ses-305_task-s3	432	3	115	sub-011	ses-102	task-s3	1;2;3	3;3;3
21	22	21	22	3	3	trialwise	752;2453;4286	752;2453;4286	5;16;27	117;50;115	sub-011_ses-103_task-s5;sub-011_ses-202_task-s5;sub-011_ses-302_task-s5	752	5	117	sub-011	ses-103	task-s5	1;2;3	5;5;5
22	23	22	23	3	3	trialwise	750;2438;4254	750;2438;4254	5;16;27	115;35;83	sub-011_ses-103_task-s5;sub-011_ses-202_task-s5;sub-011_ses-302_task-s5	750	5	115	sub-011	ses-103	task-s5	1;2;3	5;5;5
23	24	23	24	3	3	trialwise	208;1973;3763	208;1973;3763	2;13;24	50;47;69	sub-011_ses-105_task-s2;sub-011_ses-201_task-s2;sub-011_ses-301_task-s2	208	2	50	sub-011	ses-105	task-s2	1;2;3	2;2;2
24	25	24	25	3	3	trialwise	68;1824;3583	68;1824;3583	1;12;23	69;57;48	sub-011_ses-105_task-s1;sub-011_ses-201_task-s1;sub-011_ses-301_task-s1	68	1	69	sub-011	ses-105	task-s1	1;2;3	1;1;1
25	26	25	26	3	3	trialwise	226;2059;3853	226;2059;3853	2;13;24	68;133;159	sub-011_ses-105_task-s2;sub-011_ses-201_task-s2;sub-011_ses-301_task-s2	226	2	68	sub-011	ses-105	task-s2	1;2;3	2;2;2
26	27	26	27	3	3	trialwise	1039;2854;4635	1039;2854;4635	7;18;29	88;135;148	sub-011_ses-104_task-s7;sub-011_ses-203_task-s7;sub-011_ses-304_task-s7	1039	7	88	sub-011	ses-104	task-s7	1;2;3	7;7;7
27	28	27	28	3	3	trialwise	328;2192;3991	328;2192;3991	3;14;25	11;107;138	sub-011_ses-102_task-s3;sub-011_ses-201_task-s3;sub-011_ses-305_task-s3	328	3	11	sub-011	ses-102	task-s3	1;2;3	3;3;3
28	29	28	29	3	3	trialwise	624;2384;4152	624;2384;4152	4;15;26	148;140;140	sub-011_ses-102_task-s4;sub-011_ses-202_task-s4;sub-011_ses-302_task-s4	624	4	148	sub-011	ses-102	task-s4	1;2;3	4;4;4
29	30	29	30	3	3	trialwise	774;2435;4180	774;2435;4180	5;16;27	139;32;9	sub-011_ses-103_task-s5;sub-011_ses-202_task-s5;sub-011_ses-302_task-s5	774	5	139	sub-011	ses-103	task-s5	1;2;3	5;5;5
30	31	30	31	3	3	trialwise	238;1946;3843	238;1946;3843	2;13;24	80;20;149	sub-011_ses-105_task-s2;sub-011_ses-201_task-s2;sub-011_ses-301_task-s2	238	2	80	sub-011	ses-105	task-s2	1;2;3	2;2;2
31	32	31	32	3	3	trialwise	968;2770;4510	968;2770;4510	7;18;29	17;51;23	sub-011_ses-104_task-s7;sub-011_ses-203_task-s7;sub-011_ses-304_task-s7	968	7	17	sub-011	ses-104	task-s7	1;2;3	7;7;7
32	33	32	33	3	3	trialwise	1011;2797;4592	1011;2797;4592	7;18;29	60;78;105	sub-011_ses-104_task-s7;sub-011_ses-203_task-s7;sub-011_ses-304_task-s7	1011	7	60	sub-011	ses-104	task-s7	1;2;3	7;7;7
33	34	33	34	3	3	trialwise	1108;2737;4627	1108;2737;4627	7;18;29	157;18;140	sub-011_ses-104_task-s7;sub-011_ses-203_task-s7;sub-011_ses-304_task-s7	1108	7	157	sub-011	ses-104	task-s7	1;2;3	7;7;7
34	35	34	35	3	3	trialwise	651;2522;4302	651;2522;4302	5;16;27	16;119;131	sub-011_ses-103_task-s5;sub-011_ses-202_task-s5;sub-011_ses-302_task-s5	651	5	16	sub-011	ses-103	task-s5	1;2;3	5;5;5
35	36	35	36	3	3	trialwise	587;2263;4031	587;2263;4031	4;15;26	111;19;19	sub-011_ses-102_task-s4;sub-011_ses-202_task-s4;sub-011_ses-302_task-s4	587	4	111	sub-011	ses-102	task-s4	1;2;3	4;4;4
36	37	36	37	3	3	trialwise	200;1985;3800	200;1985;3800	2;13;24	42;59;106	sub-011_ses-105_task-s2;sub-011_ses-201_task-s2;sub-011_ses-301_task-s2	200	2	42	sub-011	ses-105	task-s2	1;2;3	2;2;2
37	38	37	38	3	3	trialwise	1153;2894;4787	1153;2894;4787	8;19;30	44;17;142	sub-011_ses-104_task-s8;sub-011_ses-203_task-s8;sub-011_ses-303_task-s8	1153	8	44	sub-011	ses-104	task-s8	1;2;3	8;8;8
38	39	38	39	3	3	trialwise	917;2631;4456	917;2631;4456	6;17;28	124;70;127	sub-011_ses-103_task-s6;sub-011_ses-202_task-s6;sub-011_ses-302_task-s6	917	6	124	sub-011	ses-103	task-s6	1;2;3	6;6;6
39	40	39	40	3	3	trialwise	1161;2924;4742	1161;2924;4742	8;19;30	52;47;97	sub-011_ses-104_task-s8;sub-011_ses-203_task-s8;sub-011_ses-303_task-s8	1161	8	52	sub-011	ses-104	task-s8	1;2;3	8;8;8
40	41	40	41	3	3	trialwise	1267;2989;4660	1267;2989;4660	8;19;30	158;112;15	sub-011_ses-104_task-s8;sub-011_ses-203_task-s8;sub-011_ses-303_task-s8	1267	8	158	sub-011	ses-104	task-s8	1;2;3	8;8;8
41	42	41	42	3	3	trialwise	392;2120;4007	392;2120;4007	3;14;25	75;35;154	sub-011_ses-102_task-s3;sub-011_ses-201_task-s3;sub-011_ses-305_task-s3	392	3	75	sub-011	ses-102	task-s3	1;2;3	3;3;3
42	43	42	43	3	3	trialwise	75;1775;3544	75;1775;3544	1;12;23	76;8;9	sub-011_ses-105_task-s1;sub-011_ses-201_task-s1;sub-011_ses-301_task-s1	75	1	76	sub-011	ses-105	task-s1	1;2;3	1;1;1
43	44	43	44	3	3	trialwise	212;2072;3809	212;2072;3809	2;13;24	54;146;115	sub-011_ses-105_task-s2;sub-011_ses-201_task-s2;sub-011_ses-301_task-s2	212	2	54	sub-011	ses-105	task-s2	1;2;3	2;2;2
44	45	44	45	3	3	trialwise	468;2211;3874	468;2211;3874	3;14;25	151;126;21	sub-011_ses-102_task-s3;sub-011_ses-201_task-s3;sub-011_ses-305_task-s3	468	3	151	sub-011	ses-102	task-s3	1;2;3	3;3;3
45	46	45	46	3	3	trialwise	292;1966;3792	292;1966;3792	2;13;24	134;40;98	sub-011_ses-105_task-s2;sub-011_ses-201_task-s2;sub-011_ses-301_task-s2	292	2	134	sub-011	ses-105	task-s2	1;2;3	2;2;2
46	47	46	47	3	3	trialwise	1198;2954;4696	1198;2954;4696	8;19;30	89;77;51	sub-011_ses-104_task-s8;sub-011_ses-203_task-s8;sub-011_ses-303_task-s8	1198	8	89	sub-011	ses-104	task-s8	1;2;3	8;8;8
47	48	47	48	3	3	trialwise	5;1833;3618	5;1833;3618	1;12;23	6;66;83	sub-011_ses-105_task-s1;sub-011_ses-201_task-s1;sub-011_ses-301_task-s1	5	1	6	sub-011	ses-105	task-s1	1;2;3	1;1;1
48	49	48	49	3	3	trialwise	48;1878;3628	48;1878;3628	1;12;23	49;111;93	sub-011_ses-105_task-s1;sub-011_ses-201_task-s1;sub-011_ses-301_task-s1	48	1	49	sub-011	ses-105	task-s1	1;2;3	1;1;1
49	50	49	50	3	3	trialwise	283;2001;3804	283;2001;3804	2;13;24	125;75;110	sub-011_ses-105_task-s2;sub-011_ses-201_task-s2;sub-011_ses-301_task-s2	283	2	125	sub-011	ses-105	task-s2	1;2;3	2;2;2
50	51	50	51	3	3	trialwise	448;2092;3923	448;2092;3923	3;14;25	131;7;70	sub-011_ses-102_task-s3;sub-011_ses-201_task-s3;sub-011_ses-305_task-s3	448	3	131	sub-011	ses-102	task-s3	1;2;3	3;3;3
51	52	51	52	3	3	trialwise	433;2147;3932	433;2147;3932	3;14;25	116;62;79	sub-011_ses-102_task-s3;sub-011_ses-201_task-s3;sub-011_ses-305_task-s3	433	3	116	sub-011	ses-102	task-s3	1;2;3	3;3;3
52	53	52	53	3	3	trialwise	828;2563;4425	828;2563;4425	6;17;28	35;2;96	sub-011_ses-103_task-s6;sub-011_ses-202_task-s6;sub-011_ses-302_task-s6	828	6	35	sub-011	ses-103	task-s6	1;2;3	6;6;6
53	54	53	54	3	3	trialwise	1120;3005;4730	1120;3005;4730	8;19;30	11;128;85	sub-011_ses-104_task-s8;sub-011_ses-203_task-s8;sub-011_ses-303_task-s8	1120	8	11	sub-011	ses-104	task-s8	1;2;3	8;8;8
54	55	54	55	3	3	trialwise	1094;2867;4565	1094;2867;4565	7;18;29	143;148;78	sub-011_ses-104_task-s7;sub-011_ses-203_task-s7;sub-011_ses-304_task-s7	1094	7	143	sub-011	ses-104	task-s7	1;2;3	7;7;7
55	56	55	56	3	3	trialwise	773;2409;4186	773;2409;4186	5;16;27	138;6;15	sub-011_ses-103_task-s5;sub-011_ses-202_task-s5;sub-011_ses-302_task-s5	773	5	138	sub-011	ses-103	task-s5	1;2;3	5;5;5
56	57	56	57	3	3	trialwise	778;2429;4307	778;2429;4307	5;16;27	143;26;136	sub-011_ses-103_task-s5;sub-011_ses-202_task-s5;sub-011_ses-302_task-s5	778	5	143	sub-011	ses-103	task-s5	1;2;3	5;5;5
57	58	57	58	3	3	trialwise	881;2580;4439	881;2580;4439	6;17;28	88;19;110	sub-011_ses-103_task-s6;sub-011_ses-202_task-s6;sub-011_ses-302_task-s6	881	6	88	sub-011	ses-103	task-s6	1;2;3	6;6;6
58	59	58	59	3	3	trialwise	1007;2818;4528	1007;2818;4528	7;18;29	56;99;41	sub-011_ses-104_task-s7;sub-011_ses-203_task-s7;sub-011_ses-304_task-s7	1007	7	56	sub-011	ses-104	task-s7	1;2;3	7;7;7
59	60	59	60	3	3	trialwise	965;2741;4641	965;2741;4641	7;18;29	14;22;154	sub-011_ses-104_task-s7;sub-011_ses-203_task-s7;sub-011_ses-304_task-s7	965	7	14	sub-011	ses-104	task-s7	1;2;3	7;7;7
60	61	60	61	3	3	trialwise	85;1860;3662	85;1860;3662	1;12;23	86;93;127	sub-011_ses-105_task-s1;sub-011_ses-201_task-s1;sub-011_ses-301_task-s1	85	1	86	sub-011	ses-105	task-s1	1;2;3	1;1;1
61	62	61	62	3	3	trialwise	994;2826;4645	994;2826;4645	7;18;29	43;107;158	sub-011_ses-104_task-s7;sub-011_ses-203_task-s7;sub-011_ses-304_task-s7	994	7	43	sub-011	ses-104	task-s7	1;2;3	7;7;7
62	63	62	63	3	3	trialwise	330;2180;3964	330;2180;3964	3;14;25	13;95;111	sub-011_ses-102_task-s3;sub-011_ses-201_task-s3;sub-011_ses-305_task-s3	330	3	13	sub-011	ses-102	task-s3	1;2;3	3;3;3
63	64	63	64	3	3	trialwise	625;2387;4155	625;2387;4155	4;15;26	149;143;143	sub-011_ses-102_task-s4;sub-011_ses-202_task-s4;sub-011_ses-302_task-s4	625	4	149	sub-011	ses-102	task-s4	1;2;3	4;4;4
64	65	64	65	3	3	trialwise	681;2406;4233	681;2406;4233	5;16;27	46;3;62	sub-011_ses-103_task-s5;sub-011_ses-202_task-s5;sub-011_ses-302_task-s5	681	5	46	sub-011	ses-103	task-s5	1;2;3	5;5;5
65	66	65	66	3	3	trialwise	1259;2971;4796	1259;2971;4796	8;19;30	150;94;151	sub-011_ses-104_task-s8;sub-011_ses-203_task-s8;sub-011_ses-303_task-s8	1259	8	150	sub-011	ses-104	task-s8	1;2;3	8;8;8
66	67	66	67	3	3	trialwise	598;2342;4110	598;2342;4110	4;15;26	122;98;98	sub-011_ses-102_task-s4;sub-011_ses-202_task-s4;sub-011_ses-302_task-s4	598	4	122	sub-011	ses-102	task-s4	1;2;3	4;4;4
67	68	67	68	3	3	trialwise	905;2587;4418	905;2587;4418	6;17;28	112;26;89	sub-011_ses-103_task-s6;sub-011_ses-202_task-s6;sub-011_ses-302_task-s6	905	6	112	sub-011	ses-103	task-s6	1;2;3	6;6;6
68	69	68	69	3	3	trialwise	582;2259;4027	582;2259;4027	4;15;26	106;15;15	sub-011_ses-102_task-s4;sub-011_ses-202_task-s4;sub-011_ses-302_task-s4	582	4	106	sub-011	ses-102	task-s4	1;2;3	4;4;4
69	70	69	70	3	3	trialwise	641;2535;4291	641;2535;4291	5;16;27	6;132;120	sub-011_ses-103_task-s5;sub-011_ses-202_task-s5;sub-011_ses-302_task-s5	641	5	6	sub-011	ses-103	task-s5	1;2;3	5;5;5
70	71	70	71	3	3	trialwise	929;2615;4484	929;2615;4484	6;17;28	136;54;155	sub-011_ses-103_task-s6;sub-011_ses-202_task-s6;sub-011_ses-302_task-s6	929	6	136	sub-011	ses-103	task-s6	1;2;3	6;6;6
71	72	71	72	3	3	trialwise	237;1989;3850	237;1989;3850	2;13;24	79;63;156	sub-011_ses-105_task-s2;sub-011_ses-201_task-s2;sub-011_ses-301_task-s2	237	2	79	sub-011	ses-105	task-s2	1;2;3	2;2;2
72	73	72	73	3	3	trialwise	783;2552;4197	783;2552;4197	5;16;27	148;149;26	sub-011_ses-103_task-s5;sub-011_ses-202_task-s5;sub-011_ses-302_task-s5	783	5	148	sub-011	ses-103	task-s5	1;2;3	5;5;5
73	74	73	74	3	3	trialwise	291;2045;3700	291;2045;3700	2;13;24	133;119;6	sub-011_ses-105_task-s2;sub-011_ses-201_task-s2;sub-011_ses-301_task-s2	291	2	133	sub-011	ses-105	task-s2	1;2;3	2;2;2
74	75	74	75	3	3	trialwise	349;2116;3909	349;2116;3909	3;14;25	32;31;56	sub-011_ses-102_task-s3;sub-011_ses-201_task-s3;sub-011_ses-305_task-s3	349	3	32	sub-011	ses-102	task-s3	1;2;3	3;3;3
75	76	75	76	3	3	trialwise	34;1830;3557	34;1830;3557	1;12;23	35;63;22	sub-011_ses-105_task-s1;sub-011_ses-201_task-s1;sub-011_ses-301_task-s1	34	1	35	sub-011	ses-105	task-s1	1;2;3	1;1;1
76	77	76	77	3	3	trialwise	731;2502;4235	731;2502;4235	5;16;27	96;99;64	sub-011_ses-103_task-s5;sub-011_ses-202_task-s5;sub-011_ses-302_task-s5	731	5	96	sub-011	ses-103	task-s5	1;2;3	5;5;5
77	78	77	78	3	3	trialwise	409;2205;3946	409;2205;3946	3;14;25	92;120;93	sub-011_ses-102_task-s3;sub-011_ses-201_task-s3;sub-011_ses-305_task-s3	409	3	92	sub-011	ses-102	task-s3	1;2;3	3;3;3
78	79	78	79	3	3	trialwise	133;1819;3548	133;1819;3548	1;12;23	134;52;13	sub-011_ses-105_task-s1;sub-011_ses-201_task-s1;sub-011_ses-301_task-s1	133	1	134	sub-011	ses-105	task-s1	1;2;3	1;1;1
79	80	79	80	3	3	trialwise	240;2081;3823	240;2081;3823	2;13;24	82;155;129	sub-011_ses-105_task-s2;sub-011_ses-201_task-s2;sub-011_ses-301_task-s2	240	2	82	sub-011	ses-105	task-s2	1;2;3	2;2;2
80	81	80	81	3	3	trialwise	1217;2992;4801	1217;2992;4801	8;19;30	108;115;156	sub-011_ses-104_task-s8;sub-011_ses-203_task-s8;sub-011_ses-303_task-s8	1217	8	108	sub-011	ses-104	task-s8	1;2;3	8;8;8
81	82	81	82	3	3	trialwise	722;2478;4278	722;2478;4278	5;16;27	87;75;107	sub-011_ses-103_task-s5;sub-011_ses-202_task-s5;sub-011_ses-302_task-s5	722	5	87	sub-011	ses-103	task-s5	1;2;3	5;5;5
82	83	82	83	3	3	trialwise	1228;2963;4673	1228;2963;4673	8;19;30	119;86;28	sub-011_ses-104_task-s8;sub-011_ses-203_task-s8;sub-011_ses-303_task-s8	1228	8	119	sub-011	ses-104	task-s8	1;2;3	8;8;8
83	84	83	84	3	3	trialwise	1016;2838;4588	1016;2838;4588	7;18;29	65;119;101	sub-011_ses-104_task-s7;sub-011_ses-203_task-s7;sub-011_ses-304_task-s7	1016	7	65	sub-011	ses-104	task-s7	1;2;3	7;7;7
84	85	84	85	3	3	trialwise	443;2088;3978	443;2088;3978	3;14;25	126;3;125	sub-011_ses-102_task-s3;sub-011_ses-201_task-s3;sub-011_ses-305_task-s3	443	3	126	sub-011	ses-102	task-s3	1;2;3	3;3;3
85	86	85	86	3	3	trialwise	98;1866;3677	98;1866;3677	1;12;23	99;99;142	sub-011_ses-105_task-s1;sub-011_ses-201_task-s1;sub-011_ses-301_task-s1	98	1	99	sub-011	ses-105	task-s1	1;2;3	1;1;1
86	87	86	87	3	3	trialwise	882;2658;4435	882;2658;4435	6;17;28	89;97;106	sub-011_ses-103_task-s6;sub-011_ses-202_task-s6;sub-011_ses-302_task-s6	882	6	89	sub-011	ses-103	task-s6	1;2;3	6;6;6
87	88	87	88	3	3	trialwise	732;2441;4265	732;2441;4265	5;16;27	97;38;94	sub-011_ses-103_task-s5;sub-011_ses-202_task-s5;sub-011_ses-302_task-s5	732	5	97	sub-011	ses-103	task-s5	1;2;3	5;5;5
88	89	88	89	3	3	trialwise	1090;2876;4584	1090;2876;4584	7;18;29	139;157;97	sub-011_ses-104_task-s7;sub-011_ses-203_task-s7;sub-011_ses-304_task-s7	1090	7	139	sub-011	ses-104	task-s7	1;2;3	7;7;7
89	90	89	90	3	3	trialwise	1178;2938;4802	1178;2938;4802	8;19;30	69;61;157	sub-011_ses-104_task-s8;sub-011_ses-203_task-s8;sub-011_ses-303_task-s8	1178	8	69	sub-011	ses-104	task-s8	1;2;3	8;8;8
90	91	90	91	3	3	trialwise	888;2713;4357	888;2713;4357	6;17;28	95;152;28	sub-011_ses-103_task-s6;sub-011_ses-202_task-s6;sub-011_ses-302_task-s6	888	6	95	sub-011	ses-103	task-s6	1;2;3	6;6;6
91	92	91	92	3	3	trialwise	878;2662;4333	878;2662;4333	6;17;28	85;101;4	sub-011_ses-103_task-s6;sub-011_ses-202_task-s6;sub-011_ses-302_task-s6	878	6	85	sub-011	ses-103	task-s6	1;2;3	6;6;6
92	93	92	93	3	3	trialwise	466;2195;3945	466;2195;3945	3;14;25	149;110;92	sub-011_ses-102_task-s3;sub-011_ses-201_task-s3;sub-011_ses-305_task-s3	466	3	149	sub-011	ses-102	task-s3	1;2;3	3;3;3
93	94	93	94	3	3	trialwise	97;1805;3591	97;1805;3591	1;12;23	98;38;56	sub-011_ses-105_task-s1;sub-011_ses-201_task-s1;sub-011_ses-301_task-s1	97	1	98	sub-011	ses-105	task-s1	1;2;3	1;1;1
94	95	94	95	3	3	trialwise	286;2060;3791	286;2060;3791	2;13;24	128;134;97	sub-011_ses-105_task-s2;sub-011_ses-201_task-s2;sub-011_ses-301_task-s2	286	2	128	sub-011	ses-105	task-s2	1;2;3	2;2;2
95	96	95	96	3	3	trialwise	228;1936;3842	228;1936;3842	2;13;24	70;10;148	sub-011_ses-105_task-s2;sub-011_ses-201_task-s2;sub-011_ses-301_task-s2	228	2	70	sub-011	ses-105	task-s2	1;2;3	2;2;2
96	97	96	97	3	3	trialwise	676;2448;4210	676;2448;4210	5;16;27	41;45;39	sub-011_ses-103_task-s5;sub-011_ses-202_task-s5;sub-011_ses-302_task-s5	676	5	41	sub-011	ses-103	task-s5	1;2;3	5;5;5
97	98	97	98	3	3	trialwise	864;2571;4362	864;2571;4362	6;17;28	71;10;33	sub-011_ses-103_task-s6;sub-011_ses-202_task-s6;sub-011_ses-302_task-s6	864	6	71	sub-011	ses-103	task-s6	1;2;3	6;6;6
98	99	98	99	3	3	trialwise	668;2500;4238	668;2500;4238	5;16;27	33;97;67	sub-011_ses-103_task-s5;sub-011_ses-202_task-s5;sub-011_ses-302_task-s5	668	5	33	sub-011	ses-103	task-s5	1;2;3	5;5;5
99	100	99	100	3	3	trialwise	508;2295;4063	508;2295;4063	4;15;26	32;51;51	sub-011_ses-102_task-s4;sub-011_ses-202_task-s4;sub-011_ses-302_task-s4	508	4	32	sub-011	ses-102	task-s4	1;2;3	4;4;4
100	101	100	101	3	3	trialwise	528;2330;4098	528;2330;4098	4;15;26	52;86;86	sub-011_ses-102_task-s4;sub-011_ses-202_task-s4;sub-011_ses-302_task-s4	528	4	52	sub-011	ses-102	task-s4	1;2;3	4;4;4
101	102	101	102	3	3	trialwise	513;2396;4164	513;2396;4164	4;15;26	37;152;152	sub-011_ses-102_task-s4;sub-011_ses-202_task-s4;sub-011_ses-302_task-s4	513	4	37	sub-011	ses-102	task-s4	1;2;3	4;4;4
102	103	102	103	3	3	trialwise	469;2197;3947	469;2197;3947	3;14;25	152;112;94	sub-011_ses-102_task-s3;sub-011_ses-201_task-s3;sub-011_ses-305_task-s3	469	3	152	sub-011	ses-102	task-s3	1;2;3	3;3;3
103	104	103	104	3	3	trialwise	784;2439;4203	784;2439;4203	5;16;27	149;36;32	sub-011_ses-103_task-s5;sub-011_ses-202_task-s5;sub-011_ses-302_task-s5	784	5	149	sub-011	ses-103	task-s5	1;2;3	5;5;5
104	105	104	105	3	3	trialwise	400;2100;3943	400;2100;3943	3;14;25	83;15;90	sub-011_ses-102_task-s3;sub-011_ses-201_task-s3;sub-011_ses-305_task-s3	400	3	83	sub-011	ses-102	task-s3	1;2;3	3;3;3
105	106	105	106	3	3	trialwise	791;2486;4285	791;2486;4285	5;16;27	156;83;114	sub-011_ses-103_task-s5;sub-011_ses-202_task-s5;sub-011_ses-302_task-s5	791	5	156	sub-011	ses-103	task-s5	1;2;3	5;5;5
106	107	106	107	3	3	trialwise	900;2653;4430	900;2653;4430	6;17;28	107;92;101	sub-011_ses-103_task-s6;sub-011_ses-202_task-s6;sub-011_ses-302_task-s6	900	6	107	sub-011	ses-103	task-s6	1;2;3	6;6;6
107	108	107	108	3	3	trialwise	242;1964;3699	242;1964;3699	2;13;24	84;38;5	sub-011_ses-105_task-s2;sub-011_ses-201_task-s2;sub-011_ses-301_task-s2	242	2	84	sub-011	ses-105	task-s2	1;2;3	2;2;2
108	109	108	109	3	3	trialwise	1043;2789;4508	1043;2789;4508	7;18;29	92;70;21	sub-011_ses-104_task-s7;sub-011_ses-203_task-s7;sub-011_ses-304_task-s7	1043	7	92	sub-011	ses-104	task-s7	1;2;3	7;7;7
109	110	109	110	3	3	trialwise	221;2051;3837	221;2051;3837	2;13;24	63;125;143	sub-011_ses-105_task-s2;sub-011_ses-201_task-s2;sub-011_ses-301_task-s2	221	2	63	sub-011	ses-105	task-s2	1;2;3	2;2;2
110	111	110	111	3	3	trialwise	972;2798;4617	972;2798;4617	7;18;29	21;79;130	sub-011_ses-104_task-s7;sub-011_ses-203_task-s7;sub-011_ses-304_task-s7	972	7	21	sub-011	ses-104	task-s7	1;2;3	7;7;7
111	112	111	112	3	3	trialwise	1058;2840;4502	1058;2840;4502	7;18;29	107;121;15	sub-011_ses-104_task-s7;sub-011_ses-203_task-s7;sub-011_ses-304_task-s7	1058	7	107	sub-011	ses-104	task-s7	1;2;3	7;7;7
112	113	112	113	3	3	trialwise	915;2618;4368	915;2618;4368	6;17;28	122;57;39	sub-011_ses-103_task-s6;sub-011_ses-202_task-s6;sub-011_ses-302_task-s6	915	6	122	sub-011	ses-103	task-s6	1;2;3	6;6;6
113	114	113	114	3	3	trialwise	649;2530;4221	649;2530;4221	5;16;27	14;127;50	sub-011_ses-103_task-s5;sub-011_ses-202_task-s5;sub-011_ses-302_task-s5	649	5	14	sub-011	ses-103	task-s5	1;2;3	5;5;5
114	115	114	115	3	3	trialwise	1030;2765;4566	1030;2765;4566	7;18;29	79;46;79	sub-011_ses-104_task-s7;sub-011_ses-203_task-s7;sub-011_ses-304_task-s7	1030	7	79	sub-011	ses-104	task-s7	1;2;3	7;7;7
115	116	115	116	3	3	trialwise	948;2711;4363	948;2711;4363	6;17;28	155;150;34	sub-011_ses-103_task-s6;sub-011_ses-202_task-s6;sub-011_ses-302_task-s6	948	6	155	sub-011	ses-103	task-s6	1;2;3	6;6;6
116	117	116	117	3	3	trialwise	560;2401;4169	560;2401;4169	4;15;26	84;157;157	sub-011_ses-102_task-s4;sub-011_ses-202_task-s4;sub-011_ses-302_task-s4	560	4	84	sub-011	ses-102	task-s4	1;2;3	4;4;4
117	118	117	118	3	3	trialwise	487;2272;4040	487;2272;4040	4;15;26	11;28;28	sub-011_ses-102_task-s4;sub-011_ses-202_task-s4;sub-011_ses-302_task-s4	487	4	11	sub-011	ses-102	task-s4	1;2;3	4;4;4
118	119	118	119	3	3	trialwise	697;2507;4245	697;2507;4245	5;16;27	62;104;74	sub-011_ses-103_task-s5;sub-011_ses-202_task-s5;sub-011_ses-302_task-s5	697	5	62	sub-011	ses-103	task-s5	1;2;3	5;5;5
119	120	119	120	3	3	trialwise	734;2548;4240	734;2548;4240	5;16;27	99;145;69	sub-011_ses-103_task-s5;sub-011_ses-202_task-s5;sub-011_ses-302_task-s5	734	5	99	sub-011	ses-103	task-s5	1;2;3	5;5;5
120	121	120	121	3	3	trialwise	1224;2967;4795	1224;2967;4795	8;19;30	115;90;150	sub-011_ses-104_task-s8;sub-011_ses-203_task-s8;sub-011_ses-303_task-s8	1224	8	115	sub-011	ses-104	task-s8	1;2;3	8;8;8
121	122	121	122	3	3	trialwise	427;2101;3907	427;2101;3907	3;14;25	110;16;54	sub-011_ses-102_task-s3;sub-011_ses-201_task-s3;sub-011_ses-305_task-s3	427	3	110	sub-011	ses-102	task-s3	1;2;3	3;3;3
122	123	122	123	3	3	trialwise	59;1827;3667	59;1827;3667	1;12;23	60;60;132	sub-011_ses-105_task-s1;sub-011_ses-201_task-s1;sub-011_ses-301_task-s1	59	1	60	sub-011	ses-105	task-s1	1;2;3	1;1;1
123	124	123	124	3	3	trialwise	1089;2778;4603	1089;2778;4603	7;18;29	138;59;116	sub-011_ses-104_task-s7;sub-011_ses-203_task-s7;sub-011_ses-304_task-s7	1089	7	138	sub-011	ses-104	task-s7	1;2;3	7;7;7
124	125	124	125	3	3	trialwise	294;2063;3777	294;2063;3777	2;13;24	136;137;83	sub-011_ses-105_task-s2;sub-011_ses-201_task-s2;sub-011_ses-301_task-s2	294	2	136	sub-011	ses-105	task-s2	1;2;3	2;2;2
125	126	125	126	3	3	trialwise	707;2539;4225	707;2539;4225	5;16;27	72;136;54	sub-011_ses-103_task-s5;sub-011_ses-202_task-s5;sub-011_ses-302_task-s5	707	5	72	sub-011	ses-103	task-s5	1;2;3	5;5;5
126	127	126	127	3	3	trialwise	22;1828;3555	22;1828;3555	1;12;23	23;61;20	sub-011_ses-105_task-s1;sub-011_ses-201_task-s1;sub-011_ses-301_task-s1	22	1	23	sub-011	ses-105	task-s1	1;2;3	1;1;1
127	128	127	128	3	3	trialwise	127;1802;3607	127;1802;3607	1;12;23	128;35;72	sub-011_ses-105_task-s1;sub-011_ses-201_task-s1;sub-011_ses-301_task-s1	127	1	128	sub-011	ses-105	task-s1	1;2;3	1;1;1
128	129	128	129	3	3	trialwise	134;1914;3654	134;1914;3654	1;12;23	135;147;119	sub-011_ses-105_task-s1;sub-011_ses-201_task-s1;sub-011_ses-301_task-s1	134	1	135	sub-011	ses-105	task-s1	1;2;3	1;1;1
129	130	129	130	3	3	trialwise	837;2634;4477	837;2634;4477	6;17;28	44;73;148	sub-011_ses-103_task-s6;sub-011_ses-202_task-s6;sub-011_ses-302_task-s6	837	6	44	sub-011	ses-103	task-s6	1;2;3	6;6;6
130	131	130	131	3	3	trialwise	311;2053;3749	311;2053;3749	2;13;24	153;127;55	sub-011_ses-105_task-s2;sub-011_ses-201_task-s2;sub-011_ses-301_task-s2	311	2	153	sub-011	ses-105	task-s2	1;2;3	2;2;2
131	132	131	132	3	3	trialwise	890;2568;4457	890;2568;4457	6;17;28	97;7;128	sub-011_ses-103_task-s6;sub-011_ses-202_task-s6;sub-011_ses-302_task-s6	890	6	97	sub-011	ses-103	task-s6	1;2;3	6;6;6
132	133	132	133	3	3	trialwise	1156;2915;4720	1156;2915;4720	8;19;30	47;38;75	sub-011_ses-104_task-s8;sub-011_ses-203_task-s8;sub-011_ses-303_task-s8	1156	8	47	sub-011	ses-104	task-s8	1;2;3	8;8;8
133	134	133	134	3	3	trialwise	434;2137;3870	434;2137;3870	3;14;25	117;52;17	sub-011_ses-102_task-s3;sub-011_ses-201_task-s3;sub-011_ses-305_task-s3	434	3	117	sub-011	ses-102	task-s3	1;2;3	3;3;3
134	135	134	135	3	3	trialwise	886;2633;4459	886;2633;4459	6;17;28	93;72;130	sub-011_ses-103_task-s6;sub-011_ses-202_task-s6;sub-011_ses-302_task-s6	886	6	93	sub-011	ses-103	task-s6	1;2;3	6;6;6
135	136	135	136	3	3	trialwise	877;2629;4374	877;2629;4374	6;17;28	84;68;45	sub-011_ses-103_task-s6;sub-011_ses-202_task-s6;sub-011_ses-302_task-s6	877	6	84	sub-011	ses-103	task-s6	1;2;3	6;6;6
136	137	136	137	3	3	trialwise	1117;3026;4769	1117;3026;4769	8;19;30	8;149;124	sub-011_ses-104_task-s8;sub-011_ses-203_task-s8;sub-011_ses-303_task-s8	1117	8	8	sub-011	ses-104	task-s8	1;2;3	8;8;8
137	138	137	138	3	3	trialwise	67;1908;3636	67;1908;3636	1;12;23	68;141;101	sub-011_ses-105_task-s1;sub-011_ses-201_task-s1;sub-011_ses-301_task-s1	67	1	68	sub-011	ses-105	task-s1	1;2;3	1;1;1
138	139	138	139	3	3	trialwise	37;1839;3668	37;1839;3668	1;12;23	38;72;133	sub-011_ses-105_task-s1;sub-011_ses-201_task-s1;sub-011_ses-301_task-s1	37	1	38	sub-011	ses-105	task-s1	1;2;3	1;1;1
139	140	139	140	3	3	trialwise	870;2717;4409	870;2717;4409	6;17;28	77;156;80	sub-011_ses-103_task-s6;sub-011_ses-202_task-s6;sub-011_ses-302_task-s6	870	6	77	sub-011	ses-103	task-s6	1;2;3	6;6;6
140	141	140	141	3	3	trialwise	891;2594;4440	891;2594;4440	6;17;28	98;33;111	sub-011_ses-103_task-s6;sub-011_ses-202_task-s6;sub-011_ses-302_task-s6	891	6	98	sub-011	ses-103	task-s6	1;2;3	6;6;6
141	142	141	142	3	3	trialwise	1131;2900;4668	1131;2900;4668	8;19;30	22;23;23	sub-011_ses-104_task-s8;sub-011_ses-203_task-s8;sub-011_ses-303_task-s8	1131	8	22	sub-011	ses-104	task-s8	1;2;3	8;8;8
142	143	142	143	3	3	trialwise	1037;2873;4550	1037;2873;4550	7;18;29	86;154;63	sub-011_ses-104_task-s7;sub-011_ses-203_task-s7;sub-011_ses-304_task-s7	1037	7	86	sub-011	ses-104	task-s7	1;2;3	7;7;7
143	144	143	144	3	3	trialwise	261;1996;3774	261;1996;3774	2;13;24	103;70;80	sub-011_ses-105_task-s2;sub-011_ses-201_task-s2;sub-011_ses-301_task-s2	261	2	103	sub-011	ses-105	task-s2	1;2;3	2;2;2
144	145	144	145	3	3	trialwise	674;2531;4200	674;2531;4200	5;16;27	39;128;29	sub-011_ses-103_task-s5;sub-011_ses-202_task-s5;sub-011_ses-302_task-s5	674	5	39	sub-011	ses-103	task-s5	1;2;3	5;5;5
145	146	145	146	3	3	trialwise	655;2427;4289	655;2427;4289	5;16;27	20;24;118	sub-011_ses-103_task-s5;sub-011_ses-202_task-s5;sub-011_ses-302_task-s5	655	5	20	sub-011	ses-103	task-s5	1;2;3	5;5;5
146	147	146	147	3	3	trialwise	1112;2972;4712	1112;2972;4712	8;19;30	3;95;67	sub-011_ses-104_task-s8;sub-011_ses-203_task-s8;sub-011_ses-303_task-s8	1112	8	3	sub-011	ses-104	task-s8	1;2;3	8;8;8
147	148	147	148	3	3	trialwise	435;2125;3995	435;2125;3995	3;14;25	118;40;142	sub-011_ses-102_task-s3;sub-011_ses-201_task-s3;sub-011_ses-305_task-s3	435	3	118	sub-011	ses-102	task-s3	1;2;3	3;3;3
148	149	148	149	3	3	trialwise	422;2122;3938	422;2122;3938	3;14;25	105;37;85	sub-011_ses-102_task-s3;sub-011_ses-201_task-s3;sub-011_ses-305_task-s3	422	3	105	sub-011	ses-102	task-s3	1;2;3	3;3;3
149	150	149	150	3	3	trialwise	119;1862;3562	119;1862;3562	1;12;23	120;95;27	sub-011_ses-105_task-s1;sub-011_ses-201_task-s1;sub-011_ses-301_task-s1	119	1	120	sub-011	ses-105	task-s1	1;2;3	1;1;1
150	151	150	151	3	3	trialwise	522;2402;4170	522;2402;4170	4;15;26	46;158;158	sub-011_ses-102_task-s4;sub-011_ses-202_task-s4;sub-011_ses-302_task-s4	522	4	46	sub-011	ses-102	task-s4	1;2;3	4;4;4
151	152	151	152	3	3	trialwise	618;2395;4163	618;2395;4163	4;15;26	142;151;151	sub-011_ses-102_task-s4;sub-011_ses-202_task-s4;sub-011_ses-302_task-s4	618	4	142	sub-011	ses-102	task-s4	1;2;3	4;4;4
152	153	152	153	3	3	trialwise	265;1961;3808	265;1961;3808	2;13;24	107;35;114	sub-011_ses-105_task-s2;sub-011_ses-201_task-s2;sub-011_ses-301_task-s2	265	2	107	sub-011	ses-105	task-s2	1;2;3	2;2;2
153	154	153	154	3	3	trialwise	271;1934;3719	271;1934;3719	2;13;24	113;8;25	sub-011_ses-105_task-s2;sub-011_ses-201_task-s2;sub-011_ses-301_task-s2	271	2	113	sub-011	ses-105	task-s2	1;2;3	2;2;2
154	155	154	155	3	3	trialwise	548;2320;4088	548;2320;4088	4;15;26	72;76;76	sub-011_ses-102_task-s4;sub-011_ses-202_task-s4;sub-011_ses-302_task-s4	548	4	72	sub-011	ses-102	task-s4	1;2;3	4;4;4
155	156	155	156	3	3	trialwise	84;1920;3590	84;1920;3590	1;12;23	85;153;55	sub-011_ses-105_task-s1;sub-011_ses-201_task-s1;sub-011_ses-301_task-s1	84	1	85	sub-011	ses-105	task-s1	1;2;3	1;1;1
156	157	156	157	3	3	trialwise	355;2160;3985	355;2160;3985	3;14;25	38;75;132	sub-011_ses-102_task-s3;sub-011_ses-201_task-s3;sub-011_ses-305_task-s3	355	3	38	sub-011	ses-102	task-s3	1;2;3	3;3;3
157	158	157	158	3	3	trialwise	303;1999;3841	303;1999;3841	2;13;24	145;73;147	sub-011_ses-105_task-s2;sub-011_ses-201_task-s2;sub-011_ses-301_task-s2	303	2	145	sub-011	ses-105	task-s2	1;2;3	2;2;2
158	159	158	159	3	3	trialwise	1222;2893;4788	1222;2893;4788	8;19;30	113;16;143	sub-011_ses-104_task-s8;sub-011_ses-203_task-s8;sub-011_ses-303_task-s8	1222	8	113	sub-011	ses-104	task-s8	1;2;3	8;8;8
159	160	159	160	3	3	trialwise	951;2604;4468	951;2604;4468	6;17;28	158;43;139	sub-011_ses-103_task-s6;sub-011_ses-202_task-s6;sub-011_ses-302_task-s6	951	6	158	sub-011	ses-103	task-s6	1;2;3	6;6;6
160	161	160	161	3	3	trialwise	197;2057;3851	197;2057;3851	2;13;24	39;131;157	sub-011_ses-105_task-s2;sub-011_ses-201_task-s2;sub-011_ses-301_task-s2	197	2	39	sub-011	ses-105	task-s2	1;2;3	2;2;2
161	162	161	162	3	3	trialwise	643;2538;4236	643;2538;4236	5;16;27	8;135;65	sub-011_ses-103_task-s5;sub-011_ses-202_task-s5;sub-011_ses-302_task-s5	643	5	8	sub-011	ses-103	task-s5	1;2;3	5;5;5
162	163	162	163	3	3	trialwise	452;2243;4006	452;2243;4006	3;14;25	135;158;153	sub-011_ses-102_task-s3;sub-011_ses-201_task-s3;sub-011_ses-305_task-s3	452	3	135	sub-011	ses-102	task-s3	1;2;3	3;3;3
163	164	163	164	3	3	trialwise	1041;2824;4558	1041;2824;4558	7;18;29	90;105;71	sub-011_ses-104_task-s7;sub-011_ses-203_task-s7;sub-011_ses-304_task-s7	1041	7	90	sub-011	ses-104	task-s7	1;2;3	7;7;7
164	165	164	165	3	3	trialwise	222;2011;3793	222;2011;3793	2;13;24	64;85;99	sub-011_ses-105_task-s2;sub-011_ses-201_task-s2;sub-011_ses-301_task-s2	222	2	64	sub-011	ses-105	task-s2	1;2;3	2;2;2
165	166	165	166	3	3	trialwise	981;2819;4554	981;2819;4554	7;18;29	30;100;67	sub-011_ses-104_task-s7;sub-011_ses-203_task-s7;sub-011_ses-304_task-s7	981	7	30	sub-011	ses-104	task-s7	1;2;3	7;7;7
166	167	166	167	3	3	trialwise	183;2049;3770	183;2049;3770	2;13;24	25;123;76	sub-011_ses-105_task-s2;sub-011_ses-201_task-s2;sub-011_ses-301_task-s2	183	2	25	sub-011	ses-105	task-s2	1;2;3	2;2;2
167	168	167	168	3	3	trialwise	33;1807;3669	33;1807;3669	1;12;23	34;40;134	sub-011_ses-105_task-s1;sub-011_ses-201_task-s1;sub-011_ses-301_task-s1	33	1	34	sub-011	ses-105	task-s1	1;2;3	1;1;1
168	169	168	169	3	3	trialwise	472;2174;3902	472;2174;3902	3;14;25	155;89;49	sub-011_ses-102_task-s3;sub-011_ses-201_task-s3;sub-011_ses-305_task-s3	472	3	155	sub-011	ses-102	task-s3	1;2;3	3;3;3
169	170	169	170	3	3	trialwise	258;2036;3730	258;2036;3730	2;13;24	100;110;36	sub-011_ses-105_task-s2;sub-011_ses-201_task-s2;sub-011_ses-301_task-s2	258	2	100	sub-011	ses-105	task-s2	1;2;3	2;2;2
170	171	170	171	3	3	trialwise	986;2855;4511	986;2855;4511	7;18;29	35;136;24	sub-011_ses-104_task-s7;sub-011_ses-203_task-s7;sub-011_ses-304_task-s7	986	7	35	sub-011	ses-104	task-s7	1;2;3	7;7;7
171	172	171	172	3	3	trialwise	949;2651;4384	949;2651;4384	6;17;28	156;90;55	sub-011_ses-103_task-s6;sub-011_ses-202_task-s6;sub-011_ses-302_task-s6	949	6	156	sub-011	ses-103	task-s6	1;2;3	6;6;6
172	173	172	173	3	3	trialwise	371;2227;3993	371;2227;3993	3;14;25	54;142;140	sub-011_ses-102_task-s3;sub-011_ses-201_task-s3;sub-011_ses-305_task-s3	371	3	54	sub-011	ses-102	task-s3	1;2;3	3;3;3
173	174	173	174	3	3	trialwise	852;2673;4469	852;2673;4469	6;17;28	59;112;140	sub-011_ses-103_task-s6;sub-011_ses-202_task-s6;sub-011_ses-302_task-s6	852	6	59	sub-011	ses-103	task-s6	1;2;3	6;6;6
174	175	174	175	3	3	trialwise	351;2222;3887	351;2222;3887	3;14;25	34;137;34	sub-011_ses-102_task-s3;sub-011_ses-201_task-s3;sub-011_ses-305_task-s3	351	3	34	sub-011	ses-102	task-s3	1;2;3	3;3;3
175	176	175	176	3	3	trialwise	634;2369;4137	634;2369;4137	4;15;26	158;125;125	sub-011_ses-102_task-s4;sub-011_ses-202_task-s4;sub-011_ses-302_task-s4	634	4	158	sub-011	ses-102	task-s4	1;2;3	4;4;4
176	177	176	177	3	3	trialwise	626;2267;4035	626;2267;4035	4;15;26	150;23;23	sub-011_ses-102_task-s4;sub-011_ses-202_task-s4;sub-011_ses-302_task-s4	626	4	150	sub-011	ses-102	task-s4	1;2;3	4;4;4
177	178	177	178	3	3	trialwise	1084;2747;4497	1084;2747;4497	7;18;29	133;28;10	sub-011_ses-104_task-s7;sub-011_ses-203_task-s7;sub-011_ses-304_task-s7	1084	7	133	sub-011	ses-104	task-s7	1;2;3	7;7;7
178	179	178	179	3	3	trialwise	1042;2767;4548	1042;2767;4548	7;18;29	91;48;61	sub-011_ses-104_task-s7;sub-011_ses-203_task-s7;sub-011_ses-304_task-s7	1042	7	91	sub-011	ses-104	task-s7	1;2;3	7;7;7
179	180	179	180	3	3	trialwise	255;2008;3801	255;2008;3801	2;13;24	97;82;107	sub-011_ses-105_task-s2;sub-011_ses-201_task-s2;sub-011_ses-301_task-s2	255	2	97	sub-011	ses-105	task-s2	1;2;3	2;2;2
180	181	180	181	3	3	trialwise	645;2557;4194	645;2557;4194	5;16;27	10;154;23	sub-011_ses-103_task-s5;sub-011_ses-202_task-s5;sub-011_ses-302_task-s5	645	5	10	sub-011	ses-103	task-s5	1;2;3	5;5;5
181	182	181	182	3	3	trialwise	1132;2999;4765	1132;2999;4765	8;19;30	23;122;120	sub-011_ses-104_task-s8;sub-011_ses-203_task-s8;sub-011_ses-303_task-s8	1132	8	23	sub-011	ses-104	task-s8	1;2;3	8;8;8
182	183	182	183	3	3	trialwise	1054;2808;4519	1054;2808;4519	7;18;29	103;89;32	sub-011_ses-104_task-s7;sub-011_ses-203_task-s7;sub-011_ses-304_task-s7	1054	7	103	sub-011	ses-104	task-s7	1;2;3	7;7;7
183	184	183	184	3	3	trialwise	901;2585;4445	901;2585;4445	6;17;28	108;24;116	sub-011_ses-103_task-s6;sub-011_ses-202_task-s6;sub-011_ses-302_task-s6	901	6	108	sub-011	ses-103	task-s6	1;2;3	6;6;6
184	185	184	185	3	3	trialwise	281;1987;3766	281;1987;3766	2;13;24	123;61;72	sub-011_ses-105_task-s2;sub-011_ses-201_task-s2;sub-011_ses-301_task-s2	281	2	123	sub-011	ses-105	task-s2	1;2;3	2;2;2
185	186	185	186	3	3	trialwise	453;2204;3961	453;2204;3961	3;14;25	136;119;108	sub-011_ses-102_task-s3;sub-011_ses-201_task-s3;sub-011_ses-305_task-s3	453	3	136	sub-011	ses-102	task-s3	1;2;3	3;3;3
186	187	186	187	3	3	trialwise	593;2312;4080	593;2312;4080	4;15;26	117;68;68	sub-011_ses-102_task-s4;sub-011_ses-202_task-s4;sub-011_ses-302_task-s4	593	4	117	sub-011	ses-102	task-s4	1;2;3	4;4;4
187	188	187	188	3	3	trialwise	673;2428;4306	673;2428;4306	5;16;27	38;25;135	sub-011_ses-103_task-s5;sub-011_ses-202_task-s5;sub-011_ses-302_task-s5	673	5	38	sub-011	ses-103	task-s5	1;2;3	5;5;5
188	189	188	189	3	3	trialwise	924;2677;4438	924;2677;4438	6;17;28	131;116;109	sub-011_ses-103_task-s6;sub-011_ses-202_task-s6;sub-011_ses-302_task-s6	924	6	131	sub-011	ses-103	task-s6	1;2;3	6;6;6
189	190	189	190	3	3	trialwise	14;1867;3626	14;1867;3626	1;12;23	15;100;91	sub-011_ses-105_task-s1;sub-011_ses-201_task-s1;sub-011_ses-301_task-s1	14	1	15	sub-011	ses-105	task-s1	1;2;3	1;1;1
190	191	190	191	3	3	trialwise	19;1812;3673	19;1812;3673	1;12;23	20;45;138	sub-011_ses-105_task-s1;sub-011_ses-201_task-s1;sub-011_ses-301_task-s1	19	1	20	sub-011	ses-105	task-s1	1;2;3	1;1;1
191	192	191	192	3	3	trialwise	628;2388;4156	628;2388;4156	4;15;26	152;144;144	sub-011_ses-102_task-s4;sub-011_ses-202_task-s4;sub-011_ses-302_task-s4	628	4	152	sub-011	ses-102	task-s4	1;2;3	4;4;4
192	193	192	193	3	3	trialwise	982;2759;4598	982;2759;4598	7;18;29	31;40;111	sub-011_ses-104_task-s7;sub-011_ses-203_task-s7;sub-011_ses-304_task-s7	982	7	31	sub-011	ses-104	task-s7	1;2;3	7;7;7
193	194	193	194	3	3	trialwise	1;1813;3570	1;1813;3570	1;12;23	2;46;35	sub-011_ses-105_task-s1;sub-011_ses-201_task-s1;sub-011_ses-301_task-s1	1	1	2	sub-011	ses-105	task-s1	1;2;3	1;1;1
194	195	194	195	3	3	trialwise	588;2365;4133	588;2365;4133	4;15;26	112;121;121	sub-011_ses-102_task-s4;sub-011_ses-202_task-s4;sub-011_ses-302_task-s4	588	4	112	sub-011	ses-102	task-s4	1;2;3	4;4;4
195	196	195	196	3	3	trialwise	163;1932;3822	163;1932;3822	2;13;24	5;6;128	sub-011_ses-105_task-s2;sub-011_ses-201_task-s2;sub-011_ses-301_task-s2	163	2	5	sub-011	ses-105	task-s2	1;2;3	2;2;2
196	197	196	197	3	3	trialwise	660;2468;4273	660;2468;4273	5;16;27	25;65;102	sub-011_ses-103_task-s5;sub-011_ses-202_task-s5;sub-011_ses-302_task-s5	660	5	25	sub-011	ses-103	task-s5	1;2;3	5;5;5
197	198	197	198	3	3	trialwise	1221;2962;4798	1221;2962;4798	8;19;30	112;85;153	sub-011_ses-104_task-s8;sub-011_ses-203_task-s8;sub-011_ses-303_task-s8	1221	8	112	sub-011	ses-104	task-s8	1;2;3	8;8;8
198	199	198	199	3	3	trialwise	302;2052;3755	302;2052;3755	2;13;24	144;126;61	sub-011_ses-105_task-s2;sub-011_ses-201_task-s2;sub-011_ses-301_task-s2	302	2	144	sub-011	ses-105	task-s2	1;2;3	2;2;2
199	200	199	200	3	3	trialwise	26;1913;3582	26;1913;3582	1;12;23	27;146;47	sub-011_ses-105_task-s1;sub-011_ses-201_task-s1;sub-011_ses-301_task-s1	26	1	27	sub-011	ses-105	task-s1	1;2;3	1;1;1
200	201	200	201	3	3	trialwise	1125;2958;4747	1125;2958;4747	8;19;30	16;81;102	sub-011_ses-104_task-s8;sub-011_ses-203_task-s8;sub-011_ses-303_task-s8	1125	8	16	sub-011	ses-104	task-s8	1;2;3	8;8;8
201	202	201	202	3	3	trialwise	484;2398;4166	484;2398;4166	4;15;26	8;154;154	sub-011_ses-102_task-s4;sub-011_ses-202_task-s4;sub-011_ses-302_task-s4	484	4	8	sub-011	ses-102	task-s4	1;2;3	4;4;4
202	203	202	203	3	3	trialwise	713;2550;4196	713;2550;4196	5;16;27	78;147;25	sub-011_ses-103_task-s5;sub-011_ses-202_task-s5;sub-011_ses-302_task-s5	713	5	78	sub-011	ses-103	task-s5	1;2;3	5;5;5
203	204	203	204	3	3	trialwise	931;2699;4446	931;2699;4446	6;17;28	138;138;117	sub-011_ses-103_task-s6;sub-011_ses-202_task-s6;sub-011_ses-302_task-s6	931	6	138	sub-011	ses-103	task-s6	1;2;3	6;6;6
204	205	204	205	3	3	trialwise	1020;2859;4531	1020;2859;4531	7;18;29	69;140;44	sub-011_ses-104_task-s7;sub-011_ses-203_task-s7;sub-011_ses-304_task-s7	1020	7	69	sub-011	ses-104	task-s7	1;2;3	7;7;7
205	206	205	206	3	3	trialwise	1128;2916;4650	1128;2916;4650	8;19;30	19;39;5	sub-011_ses-104_task-s8;sub-011_ses-203_task-s8;sub-011_ses-303_task-s8	1128	8	19	sub-011	ses-104	task-s8	1;2;3	8;8;8
206	207	206	207	3	3	trialwise	985;2746;4499	985;2746;4499	7;18;29	34;27;12	sub-011_ses-104_task-s7;sub-011_ses-203_task-s7;sub-011_ses-304_task-s7	985	7	34	sub-011	ses-104	task-s7	1;2;3	7;7;7
207	208	207	208	3	3	trialwise	771;2451;4183	771;2451;4183	5;16;27	136;48;12	sub-011_ses-103_task-s5;sub-011_ses-202_task-s5;sub-011_ses-302_task-s5	771	5	136	sub-011	ses-103	task-s5	1;2;3	5;5;5
208	209	208	209	3	3	trialwise	367;2157;3886	367;2157;3886	3;14;25	50;72;33	sub-011_ses-102_task-s3;sub-011_ses-201_task-s3;sub-011_ses-305_task-s3	367	3	50	sub-011	ses-102	task-s3	1;2;3	3;3;3
209	210	209	210	3	3	trialwise	669;2477;4325	669;2477;4325	5;16;27	34;74;154	sub-011_ses-103_task-s5;sub-011_ses-202_task-s5;sub-011_ses-302_task-s5	669	5	34	sub-011	ses-103	task-s5	1;2;3	5;5;5
210	211	210	211	3	3	trialwise	596;2347;4115	596;2347;4115	4;15;26	120;103;103	sub-011_ses-102_task-s4;sub-011_ses-202_task-s4;sub-011_ses-302_task-s4	596	4	120	sub-011	ses-102	task-s4	1;2;3	4;4;4
211	212	211	212	3	3	trialwise	952;2749;4557	952;2749;4557	7;18;29	1;30;70	sub-011_ses-104_task-s7;sub-011_ses-203_task-s7;sub-011_ses-304_task-s7	952	7	1	sub-011	ses-104	task-s7	1;2;3	7;7;7
212	213	212	213	3	3	trialwise	326;2142;3988	326;2142;3988	3;14;25	9;57;135	sub-011_ses-102_task-s3;sub-011_ses-201_task-s3;sub-011_ses-305_task-s3	326	3	9	sub-011	ses-102	task-s3	1;2;3	3;3;3
213	214	213	214	3	3	trialwise	1006;2845;4518	1006;2845;4518	7;18;29	55;126;31	sub-011_ses-104_task-s7;sub-011_ses-203_task-s7;sub-011_ses-304_task-s7	1006	7	55	sub-011	ses-104	task-s7	1;2;3	7;7;7
214	215	214	215	3	3	trialwise	424;2177;3989	424;2177;3989	3;14;25	107;92;136	sub-011_ses-102_task-s3;sub-011_ses-201_task-s3;sub-011_ses-305_task-s3	424	3	107	sub-011	ses-102	task-s3	1;2;3	3;3;3
215	216	215	216	3	3	trialwise	1168;2979;4777	1168;2979;4777	8;19;30	59;102;132	sub-011_ses-104_task-s8;sub-011_ses-203_task-s8;sub-011_ses-303_task-s8	1168	8	59	sub-011	ses-104	task-s8	1;2;3	8;8;8
216	217	216	217	3	3	trialwise	251;1957;3795	251;1957;3795	2;13;24	93;31;101	sub-011_ses-105_task-s2;sub-011_ses-201_task-s2;sub-011_ses-301_task-s2	251	2	93	sub-011	ses-105	task-s2	1;2;3	2;2;2
217	218	217	218	3	3	trialwise	1115;3010;4791	1115;3010;4791	8;19;30	6;133;146	sub-011_ses-104_task-s8;sub-011_ses-203_task-s8;sub-011_ses-303_task-s8	1115	8	6	sub-011	ses-104	task-s8	1;2;3	8;8;8
218	219	218	219	3	3	trialwise	437;2220;3876	437;2220;3876	3;14;25	120;135;23	sub-011_ses-102_task-s3;sub-011_ses-201_task-s3;sub-011_ses-305_task-s3	437	3	120	sub-011	ses-102	task-s3	1;2;3	3;3;3
219	220	219	220	3	3	trialwise	178;2079;3757	178;2079;3757	2;13;24	20;153;63	sub-011_ses-105_task-s2;sub-011_ses-201_task-s2;sub-011_ses-301_task-s2	178	2	20	sub-011	ses-105	task-s2	1;2;3	2;2;2
220	221	220	221	3	3	trialwise	1107;2732;4625	1107;2732;4625	7;18;29	156;13;138	sub-011_ses-104_task-s7;sub-011_ses-203_task-s7;sub-011_ses-304_task-s7	1107	7	156	sub-011	ses-104	task-s7	1;2;3	7;7;7
221	222	221	222	3	3	trialwise	185;1960;3721	185;1960;3721	2;13;24	27;34;27	sub-011_ses-105_task-s2;sub-011_ses-201_task-s2;sub-011_ses-301_task-s2	185	2	27	sub-011	ses-105	task-s2	1;2;3	2;2;2
222	223	222	223	3	3	trialwise	844;2638;4359	844;2638;4359	6;17;28	51;77;30	sub-011_ses-103_task-s6;sub-011_ses-202_task-s6;sub-011_ses-302_task-s6	844	6	51	sub-011	ses-103	task-s6	1;2;3	6;6;6
223	224	223	224	3	3	trialwise	647;2469;4261	647;2469;4261	5;16;27	12;66;90	sub-011_ses-103_task-s5;sub-011_ses-202_task-s5;sub-011_ses-302_task-s5	647	5	12	sub-011	ses-103	task-s5	1;2;3	5;5;5
224	225	224	225	3	3	trialwise	1023;2721;4618	1023;2721;4618	7;18;29	72;2;131	sub-011_ses-104_task-s7;sub-011_ses-203_task-s7;sub-011_ses-304_task-s7	1023	7	72	sub-011	ses-104	task-s7	1;2;3	7;7;7
225	226	225	226	3	3	trialwise	449;2179;3937	449;2179;3937	3;14;25	132;94;84	sub-011_ses-102_task-s3;sub-011_ses-201_task-s3;sub-011_ses-305_task-s3	449	3	132	sub-011	ses-102	task-s3	1;2;3	3;3;3
226	227	226	227	3	3	trialwise	1057;2790;4614	1057;2790;4614	7;18;29	106;71;127	sub-011_ses-104_task-s7;sub-011_ses-203_task-s7;sub-011_ses-304_task-s7	1057	7	106	sub-011	ses-104	task-s7	1;2;3	7;7;7
227	228	227	228	3	3	trialwise	275;2039;3708	275;2039;3708	2;13;24	117;113;14	sub-011_ses-105_task-s2;sub-011_ses-201_task-s2;sub-011_ses-301_task-s2	275	2	117	sub-011	ses-105	task-s2	1;2;3	2;2;2
228	229	228	229	3	3	trialwise	688;2497;4263	688;2497;4263	5;16;27	53;94;92	sub-011_ses-103_task-s5;sub-011_ses-202_task-s5;sub-011_ses-302_task-s5	688	5	53	sub-011	ses-103	task-s5	1;2;3	5;5;5
229	230	229	230	3	3	trialwise	1212;2943;4748	1212;2943;4748	8;19;30	103;66;103	sub-011_ses-104_task-s8;sub-011_ses-203_task-s8;sub-011_ses-303_task-s8	1212	8	103	sub-011	ses-104	task-s8	1;2;3	8;8;8
230	231	230	231	3	3	trialwise	966;2775;4505	966;2775;4505	7;18;29	15;56;18	sub-011_ses-104_task-s7;sub-011_ses-203_task-s7;sub-011_ses-304_task-s7	966	7	15	sub-011	ses-104	task-s7	1;2;3	7;7;7
231	232	231	232	3	3	trialwise	970;2731;4604	970;2731;4604	7;18;29	19;12;117	sub-011_ses-104_task-s7;sub-011_ses-203_task-s7;sub-011_ses-304_task-s7	970	7	19	sub-011	ses-104	task-s7	1;2;3	7;7;7
232	233	232	233	3	3	trialwise	939;2707;4342	939;2707;4342	6;17;28	146;146;13	sub-011_ses-103_task-s6;sub-011_ses-202_task-s6;sub-011_ses-302_task-s6	939	6	146	sub-011	ses-103	task-s6	1;2;3	6;6;6
233	234	233	234	3	3	trialwise	987;2829;4547	987;2829;4547	7;18;29	36;110;60	sub-011_ses-104_task-s7;sub-011_ses-203_task-s7;sub-011_ses-304_task-s7	987	7	36	sub-011	ses-104	task-s7	1;2;3	7;7;7
234	235	234	235	3	3	trialwise	1055;2766;4551	1055;2766;4551	7;18;29	104;47;64	sub-011_ses-104_task-s7;sub-011_ses-203_task-s7;sub-011_ses-304_task-s7	1055	7	104	sub-011	ses-104	task-s7	1;2;3	7;7;7
235	236	235	236	3	3	trialwise	358;2127;3910	358;2127;3910	3;14;25	41;42;57	sub-011_ses-102_task-s3;sub-011_ses-201_task-s3;sub-011_ses-305_task-s3	358	3	41	sub-011	ses-102	task-s3	1;2;3	3;3;3
236	237	236	237	3	3	trialwise	632;2249;4017	632;2249;4017	4;15;26	156;5;5	sub-011_ses-102_task-s4;sub-011_ses-202_task-s4;sub-011_ses-302_task-s4	632	4	156	sub-011	ses-102	task-s4	1;2;3	4;4;4
237	238	237	238	3	3	trialwise	1237;2914;4761	1237;2914;4761	8;19;30	128;37;116	sub-011_ses-104_task-s8;sub-011_ses-203_task-s8;sub-011_ses-303_task-s8	1237	8	128	sub-011	ses-104	task-s8	1;2;3	8;8;8
238	239	238	239	3	3	trialwise	848;2581;4391	848;2581;4391	6;17;28	55;20;62	sub-011_ses-103_task-s6;sub-011_ses-202_task-s6;sub-011_ses-302_task-s6	848	6	55	sub-011	ses-103	task-s6	1;2;3	6;6;6
239	240	239	240	3	3	trialwise	1216;2981;4755	1216;2981;4755	8;19;30	107;104;110	sub-011_ses-104_task-s8;sub-011_ses-203_task-s8;sub-011_ses-303_task-s8	1216	8	107	sub-011	ses-104	task-s8	1;2;3	8;8;8
240	241	240	241	3	3	trialwise	1150;2896;4708	1150;2896;4708	8;19;30	41;19;63	sub-011_ses-104_task-s8;sub-011_ses-203_task-s8;sub-011_ses-303_task-s8	1150	8	41	sub-011	ses-104	task-s8	1;2;3	8;8;8
241	242	241	242	3	3	trialwise	361;2105;3919	361;2105;3919	3;14;25	44;20;66	sub-011_ses-102_task-s3;sub-011_ses-201_task-s3;sub-011_ses-305_task-s3	361	3	44	sub-011	ses-102	task-s3	1;2;3	3;3;3
242	243	242	243	3	3	trialwise	975;2743;4520	975;2743;4520	7;18;29	24;24;33	sub-011_ses-104_task-s7;sub-011_ses-203_task-s7;sub-011_ses-304_task-s7	975	7	24	sub-011	ses-104	task-s7	1;2;3	7;7;7
243	244	243	244	3	3	trialwise	425;2134;3971	425;2134;3971	3;14;25	108;49;118	sub-011_ses-102_task-s3;sub-011_ses-201_task-s3;sub-011_ses-305_task-s3	425	3	108	sub-011	ses-102	task-s3	1;2;3	3;3;3
244	245	244	245	3	3	trialwise	270;1938;3828	270;1938;3828	2;13;24	112;12;134	sub-011_ses-105_task-s2;sub-011_ses-201_task-s2;sub-011_ses-301_task-s2	270	2	112	sub-011	ses-105	task-s2	1;2;3	2;2;2
245	246	245	246	3	3	trialwise	46;1856;3653	46;1856;3653	1;12;23	47;89;118	sub-011_ses-105_task-s1;sub-011_ses-201_task-s1;sub-011_ses-301_task-s1	46	1	47	sub-011	ses-105	task-s1	1;2;3	1;1;1
246	247	246	247	3	3	trialwise	751;2472;4326	751;2472;4326	5;16;27	116;69;155	sub-011_ses-103_task-s5;sub-011_ses-202_task-s5;sub-011_ses-302_task-s5	751	5	116	sub-011	ses-103	task-s5	1;2;3	5;5;5
247	248	247	248	3	3	trialwise	657;2407;4174	657;2407;4174	5;16;27	22;4;3	sub-011_ses-103_task-s5;sub-011_ses-202_task-s5;sub-011_ses-302_task-s5	657	5	22	sub-011	ses-103	task-s5	1;2;3	5;5;5
248	249	248	249	3	3	trialwise	391;2123;3994	391;2123;3994	3;14;25	74;38;141	sub-011_ses-102_task-s3;sub-011_ses-201_task-s3;sub-011_ses-305_task-s3	391	3	74	sub-011	ses-102	task-s3	1;2;3	3;3;3
249	250	249	250	3	3	trialwise	100;1838;3561	100;1838;3561	1;12;23	101;71;26	sub-011_ses-105_task-s1;sub-011_ses-201_task-s1;sub-011_ses-301_task-s1	100	1	101	sub-011	ses-105	task-s1	1;2;3	1;1;1
250	251	250	251	3	3	trialwise	615;2377;4145	615;2377;4145	4;15;26	139;133;133	sub-011_ses-102_task-s4;sub-011_ses-202_task-s4;sub-011_ses-302_task-s4	615	4	139	sub-011	ses-102	task-s4	1;2;3	4;4;4
251	252	251	252	3	3	trialwise	696;2473;4189	696;2473;4189	5;16;27	61;70;18	sub-011_ses-103_task-s5;sub-011_ses-202_task-s5;sub-011_ses-302_task-s5	696	5	61	sub-011	ses-103	task-s5	1;2;3	5;5;5
252	253	252	253	3	3	trialwise	315;2000;3739	315;2000;3739	2;13;24	157;74;45	sub-011_ses-105_task-s2;sub-011_ses-201_task-s2;sub-011_ses-301_task-s2	315	2	157	sub-011	ses-105	task-s2	1;2;3	2;2;2
253	254	253	254	3	3	trialwise	840;2690;4372	840;2690;4372	6;17;28	47;129;43	sub-011_ses-103_task-s6;sub-011_ses-202_task-s6;sub-011_ses-302_task-s6	840	6	47	sub-011	ses-103	task-s6	1;2;3	6;6;6
254	255	254	255	3	3	trialwise	53;1832;3542	53;1832;3542	1;12;23	54;65;7	sub-011_ses-105_task-s1;sub-011_ses-201_task-s1;sub-011_ses-301_task-s1	53	1	54	sub-011	ses-105	task-s1	1;2;3	1;1;1
255	256	255	256	3	3	trialwise	442;2219;3982	442;2219;3982	3;14;25	125;134;129	sub-011_ses-102_task-s3;sub-011_ses-201_task-s3;sub-011_ses-305_task-s3	442	3	125	sub-011	ses-102	task-s3	1;2;3	3;3;3
256	257	256	257	3	3	trialwise	843;2684;4369	843;2684;4369	6;17;28	50;123;40	sub-011_ses-103_task-s6;sub-011_ses-202_task-s6;sub-011_ses-302_task-s6	843	6	50	sub-011	ses-103	task-s6	1;2;3	6;6;6
257	258	257	258	3	3	trialwise	1130;2895;4746	1130;2895;4746	8;19;30	21;18;101	sub-011_ses-104_task-s8;sub-011_ses-203_task-s8;sub-011_ses-303_task-s8	1130	8	21	sub-011	ses-104	task-s8	1;2;3	8;8;8
258	259	258	259	3	3	trialwise	552;2391;4159	552;2391;4159	4;15;26	76;147;147	sub-011_ses-102_task-s4;sub-011_ses-202_task-s4;sub-011_ses-302_task-s4	552	4	76	sub-011	ses-102	task-s4	1;2;3	4;4;4
259	260	259	260	3	3	trialwise	693;2504;4255	693;2504;4255	5;16;27	58;101;84	sub-011_ses-103_task-s5;sub-011_ses-202_task-s5;sub-011_ses-302_task-s5	693	5	58	sub-011	ses-103	task-s5	1;2;3	5;5;5
260	261	260	261	3	3	trialwise	1038;2782;4624	1038;2782;4624	7;18;29	87;63;137	sub-011_ses-104_task-s7;sub-011_ses-203_task-s7;sub-011_ses-304_task-s7	1038	7	87	sub-011	ses-104	task-s7	1;2;3	7;7;7
261	262	261	262	3	3	trialwise	341;2187;3928	341;2187;3928	3;14;25	24;102;75	sub-011_ses-102_task-s3;sub-011_ses-201_task-s3;sub-011_ses-305_task-s3	341	3	24	sub-011	ses-102	task-s3	1;2;3	3;3;3
262	263	262	263	3	3	trialwise	569;2348;4116	569;2348;4116	4;15;26	93;104;104	sub-011_ses-102_task-s4;sub-011_ses-202_task-s4;sub-011_ses-302_task-s4	569	4	93	sub-011	ses-102	task-s4	1;2;3	4;4;4
263	264	263	264	3	3	trialwise	1247;2985;4677	1247;2985;4677	8;19;30	138;108;32	sub-011_ses-104_task-s8;sub-011_ses-203_task-s8;sub-011_ses-303_task-s8	1247	8	138	sub-011	ses-104	task-s8	1;2;3	8;8;8
264	265	264	265	3	3	trialwise	231;1930;3754	231;1930;3754	2;13;24	73;4;60	sub-011_ses-105_task-s2;sub-011_ses-201_task-s2;sub-011_ses-301_task-s2	231	2	73	sub-011	ses-105	task-s2	1;2;3	2;2;2
265	266	265	266	3	3	trialwise	45;1918;3624	45;1918;3624	1;12;23	46;151;89	sub-011_ses-105_task-s1;sub-011_ses-201_task-s1;sub-011_ses-301_task-s1	45	1	46	sub-011	ses-105	task-s1	1;2;3	1;1;1
266	267	266	267	3	3	trialwise	875;2705;4394	875;2705;4394	6;17;28	82;144;65	sub-011_ses-103_task-s6;sub-011_ses-202_task-s6;sub-011_ses-302_task-s6	875	6	82	sub-011	ses-103	task-s6	1;2;3	6;6;6
267	268	267	268	3	3	trialwise	679;2458;4292	679;2458;4292	5;16;27	44;55;121	sub-011_ses-103_task-s5;sub-011_ses-202_task-s5;sub-011_ses-302_task-s5	679	5	44	sub-011	ses-103	task-s5	1;2;3	5;5;5
268	269	268	269	3	3	trialwise	350;2109;3936	350;2109;3936	3;14;25	33;24;83	sub-011_ses-102_task-s3;sub-011_ses-201_task-s3;sub-011_ses-305_task-s3	350	3	33	sub-011	ses-102	task-s3	1;2;3	3;3;3
269	270	269	270	3	3	trialwise	823;2661;4331	823;2661;4331	6;17;28	30;100;2	sub-011_ses-103_task-s6;sub-011_ses-202_task-s6;sub-011_ses-302_task-s6	823	6	30	sub-011	ses-103	task-s6	1;2;3	6;6;6
270	271	270	271	3	3	trialwise	40;1790;3559	40;1790;3559	1;12;23	41;23;24	sub-011_ses-105_task-s1;sub-011_ses-201_task-s1;sub-011_ses-301_task-s1	40	1	41	sub-011	ses-105	task-s1	1;2;3	1;1;1
271	272	271	272	3	3	trialwise	174;2044;3756	174;2044;3756	2;13;24	16;118;62	sub-011_ses-105_task-s2;sub-011_ses-201_task-s2;sub-011_ses-301_task-s2	174	2	16	sub-011	ses-105	task-s2	1;2;3	2;2;2
272	273	272	273	3	3	trialwise	1235;2959;4753	1235;2959;4753	8;19;30	126;82;108	sub-011_ses-104_task-s8;sub-011_ses-203_task-s8;sub-011_ses-303_task-s8	1235	8	126	sub-011	ses-104	task-s8	1;2;3	8;8;8
273	274	273	274	3	3	trialwise	1099;2748;4507	1099;2748;4507	7;18;29	148;29;20	sub-011_ses-104_task-s7;sub-011_ses-203_task-s7;sub-011_ses-304_task-s7	1099	7	148	sub-011	ses-104	task-s7	1;2;3	7;7;7
274	275	274	275	3	3	trialwise	1203;2922;4648	1203;2922;4648	8;19;30	94;45;3	sub-011_ses-104_task-s8;sub-011_ses-203_task-s8;sub-011_ses-303_task-s8	1203	8	94	sub-011	ses-104	task-s8	1;2;3	8;8;8
275	276	275	276	3	3	trialwise	9;1777;3635	9;1777;3635	1;12;23	10;10;100	sub-011_ses-105_task-s1;sub-011_ses-201_task-s1;sub-011_ses-301_task-s1	9	1	10	sub-011	ses-105	task-s1	1;2;3	1;1;1
276	277	276	277	3	3	trialwise	829;2672;4448	829;2672;4448	6;17;28	36;111;119	sub-011_ses-103_task-s6;sub-011_ses-202_task-s6;sub-011_ses-302_task-s6	829	6	36	sub-011	ses-103	task-s6	1;2;3	6;6;6
277	278	277	278	3	3	trialwise	690;2547;4201	690;2547;4201	5;16;27	55;144;30	sub-011_ses-103_task-s5;sub-011_ses-202_task-s5;sub-011_ses-302_task-s5	690	5	55	sub-011	ses-103	task-s5	1;2;3	5;5;5
278	279	278	279	3	3	trialwise	812;2692;4407	812;2692;4407	6;17;28	19;131;78	sub-011_ses-103_task-s6;sub-011_ses-202_task-s6;sub-011_ses-302_task-s6	812	6	19	sub-011	ses-103	task-s6	1;2;3	6;6;6
279	280	279	280	3	3	trialwise	160;2017;3710	160;2017;3710	2;13;24	2;91;16	sub-011_ses-105_task-s2;sub-011_ses-201_task-s2;sub-011_ses-301_task-s2	160	2	2	sub-011	ses-105	task-s2	1;2;3	2;2;2
280	281	280	281	3	3	trialwise	445;2112;3963	445;2112;3963	3;14;25	128;27;110	sub-011_ses-102_task-s3;sub-011_ses-201_task-s3;sub-011_ses-305_task-s3	445	3	128	sub-011	ses-102	task-s3	1;2;3	3;3;3
281	282	281	282	3	3	trialwise	950;2683;4379	950;2683;4379	6;17;28	157;122;50	sub-011_ses-103_task-s6;sub-011_ses-202_task-s6;sub-011_ses-302_task-s6	950	6	157	sub-011	ses-103	task-s6	1;2;3	6;6;6
282	283	282	283	3	3	trialwise	781;2536;4267	781;2536;4267	5;16;27	146;133;96	sub-011_ses-103_task-s5;sub-011_ses-202_task-s5;sub-011_ses-302_task-s5	781	5	146	sub-011	ses-103	task-s5	1;2;3	5;5;5
283	284	283	284	3	3	trialwise	1231;2911;4695	1231;2911;4695	8;19;30	122;34;50	sub-011_ses-104_task-s8;sub-011_ses-203_task-s8;sub-011_ses-303_task-s8	1231	8	122	sub-011	ses-104	task-s8	1;2;3	8;8;8
284	285	284	285	3	3	trialwise	1149;2913;4651	1149;2913;4651	8;19;30	40;36;6	sub-011_ses-104_task-s8;sub-011_ses-203_task-s8;sub-011_ses-303_task-s8	1149	8	40	sub-011	ses-104	task-s8	1;2;3	8;8;8
285	286	285	286	3	3	trialwise	511;2361;4129	511;2361;4129	4;15;26	35;117;117	sub-011_ses-102_task-s4;sub-011_ses-202_task-s4;sub-011_ses-302_task-s4	511	4	35	sub-011	ses-102	task-s4	1;2;3	4;4;4
286	287	286	287	3	3	trialwise	717;2491;4313	717;2491;4313	5;16;27	82;88;142	sub-011_ses-103_task-s5;sub-011_ses-202_task-s5;sub-011_ses-302_task-s5	717	5	82	sub-011	ses-103	task-s5	1;2;3	5;5;5
287	288	287	288	3	3	trialwise	107;1888;3600	107;1888;3600	1;12;23	108;121;65	sub-011_ses-105_task-s1;sub-011_ses-201_task-s1;sub-011_ses-301_task-s1	107	1	108	sub-011	ses-105	task-s1	1;2;3	1;1;1
288	289	288	289	3	3	trialwise	336;2095;3898	336;2095;3898	3;14;25	19;10;45	sub-011_ses-102_task-s3;sub-011_ses-201_task-s3;sub-011_ses-305_task-s3	336	3	19	sub-011	ses-102	task-s3	1;2;3	3;3;3
289	290	289	290	3	3	trialwise	1109;2773;4559	1109;2773;4559	7;18;29	158;54;72	sub-011_ses-104_task-s7;sub-011_ses-203_task-s7;sub-011_ses-304_task-s7	1109	7	158	sub-011	ses-104	task-s7	1;2;3	7;7;7
290	291	290	291	3	3	trialwise	971;2837;4577	971;2837;4577	7;18;29	20;118;90	sub-011_ses-104_task-s7;sub-011_ses-203_task-s7;sub-011_ses-304_task-s7	971	7	20	sub-011	ses-104	task-s7	1;2;3	7;7;7
291	292	291	292	3	3	trialwise	243;2065;3838	243;2065;3838	2;13;24	85;139;144	sub-011_ses-105_task-s2;sub-011_ses-201_task-s2;sub-011_ses-301_task-s2	243	2	85	sub-011	ses-105	task-s2	1;2;3	2;2;2
292	293	292	293	3	3	trialwise	1047;2720;4595	1047;2720;4595	7;18;29	96;1;108	sub-011_ses-104_task-s7;sub-011_ses-203_task-s7;sub-011_ses-304_task-s7	1047	7	96	sub-011	ses-104	task-s7	1;2;3	7;7;7
293	294	293	294	3	3	trialwise	973;2786;4560	973;2786;4560	7;18;29	22;67;73	sub-011_ses-104_task-s7;sub-011_ses-203_task-s7;sub-011_ses-304_task-s7	973	7	22	sub-011	ses-104	task-s7	1;2;3	7;7;7
294	295	294	295	3	3	trialwise	957;2761;4594	957;2761;4594	7;18;29	6;42;107	sub-011_ses-104_task-s7;sub-011_ses-203_task-s7;sub-011_ses-304_task-s7	957	7	6	sub-011	ses-104	task-s7	1;2;3	7;7;7
295	296	295	296	3	3	trialwise	135;1873;3630	135;1873;3630	1;12;23	136;106;95	sub-011_ses-105_task-s1;sub-011_ses-201_task-s1;sub-011_ses-301_task-s1	135	1	136	sub-011	ses-105	task-s1	1;2;3	1;1;1
296	297	296	297	3	3	trialwise	378;2130;4009	378;2130;4009	3;14;25	61;45;156	sub-011_ses-102_task-s3;sub-011_ses-201_task-s3;sub-011_ses-305_task-s3	378	3	61	sub-011	ses-102	task-s3	1;2;3	3;3;3
297	298	297	298	3	3	trialwise	288;2077;3778	288;2077;3778	2;13;24	130;151;84	sub-011_ses-105_task-s2;sub-011_ses-201_task-s2;sub-011_ses-301_task-s2	288	2	130	sub-011	ses-105	task-s2	1;2;3	2;2;2
298	299	298	299	3	3	trialwise	312;2004;3783	312;2004;3783	2;13;24	154;78;89	sub-011_ses-105_task-s2;sub-011_ses-201_task-s2;sub-011_ses-301_task-s2	312	2	154	sub-011	ses-105	task-s2	1;2;3	2;2;2
299	300	299	300	3	3	trialwise	810;2572;4417	810;2572;4417	6;17;28	17;11;88	sub-011_ses-103_task-s6;sub-011_ses-202_task-s6;sub-011_ses-302_task-s6	810	6	17	sub-011	ses-103	task-s6	1;2;3	6;6;6
300	301	300	301	3	3	trialwise	461;2086;3863	461;2086;3863	3;14;25	144;1;10	sub-011_ses-102_task-s3;sub-011_ses-201_task-s3;sub-011_ses-305_task-s3	461	3	144	sub-011	ses-102	task-s3	1;2;3	3;3;3
301	302	301	302	3	3	trialwise	1248;3017;4659	1248;3017;4659	8;19;30	139;140;14	sub-011_ses-104_task-s8;sub-011_ses-203_task-s8;sub-011_ses-303_task-s8	1248	8	139	sub-011	ses-104	task-s8	1;2;3	8;8;8
302	303	302	303	3	3	trialwise	108;1773;3675	108;1773;3675	1;12;23	109;6;140	sub-011_ses-105_task-s1;sub-011_ses-201_task-s1;sub-011_ses-301_task-s1	108	1	109	sub-011	ses-105	task-s1	1;2;3	1;1;1
303	304	303	304	3	3	trialwise	322;2165;3958	322;2165;3958	3;14;25	5;80;105	sub-011_ses-102_task-s3;sub-011_ses-201_task-s3;sub-011_ses-305_task-s3	322	3	5	sub-011	ses-102	task-s3	1;2;3	3;3;3
304	305	304	305	3	3	trialwise	279;2025;3768	279;2025;3768	2;13;24	121;99;74	sub-011_ses-105_task-s2;sub-011_ses-201_task-s2;sub-011_ses-301_task-s2	279	2	121	sub-011	ses-105	task-s2	1;2;3	2;2;2
305	306	305	306	3	3	trialwise	352;2132;3969	352;2132;3969	3;14;25	35;47;116	sub-011_ses-102_task-s3;sub-011_ses-201_task-s3;sub-011_ses-305_task-s3	352	3	35	sub-011	ses-102	task-s3	1;2;3	3;3;3
306	307	306	307	3	3	trialwise	144;1925;3595	144;1925;3595	1;12;23	145;158;60	sub-011_ses-105_task-s1;sub-011_ses-201_task-s1;sub-011_ses-301_task-s1	144	1	145	sub-011	ses-105	task-s1	1;2;3	1;1;1
307	308	307	308	3	3	trialwise	30;1915;3627	30;1915;3627	1;12;23	31;148;92	sub-011_ses-105_task-s1;sub-011_ses-201_task-s1;sub-011_ses-301_task-s1	30	1	31	sub-011	ses-105	task-s1	1;2;3	1;1;1
308	309	308	309	3	3	trialwise	198;2046;3737	198;2046;3737	2;13;24	40;120;43	sub-011_ses-105_task-s2;sub-011_ses-201_task-s2;sub-011_ses-301_task-s2	198	2	40	sub-011	ses-105	task-s2	1;2;3	2;2;2
309	310	309	310	3	3	trialwise	210;2020;3815	210;2020;3815	2;13;24	52;94;121	sub-011_ses-105_task-s2;sub-011_ses-201_task-s2;sub-011_ses-301_task-s2	210	2	52	sub-011	ses-105	task-s2	1;2;3	2;2;2
310	311	310	311	3	3	trialwise	3;1814;3608	3;1814;3608	1;12;23	4;47;73	sub-011_ses-105_task-s1;sub-011_ses-201_task-s1;sub-011_ses-301_task-s1	3	1	4	sub-011	ses-105	task-s1	1;2;3	1;1;1
311	312	311	312	3	3	trialwise	737;2476;4297	737;2476;4297	5;16;27	102;73;126	sub-011_ses-103_task-s5;sub-011_ses-202_task-s5;sub-011_ses-302_task-s5	737	5	102	sub-011	ses-103	task-s5	1;2;3	5;5;5
312	313	312	313	3	3	trialwise	1064;2874;4506	1064;2874;4506	7;18;29	113;155;19	sub-011_ses-104_task-s7;sub-011_ses-203_task-s7;sub-011_ses-304_task-s7	1064	7	113	sub-011	ses-104	task-s7	1;2;3	7;7;7
313	314	313	314	3	3	trialwise	813;2584;4419	813;2584;4419	6;17;28	20;23;90	sub-011_ses-103_task-s6;sub-011_ses-202_task-s6;sub-011_ses-302_task-s6	813	6	20	sub-011	ses-103	task-s6	1;2;3	6;6;6
314	315	314	315	3	3	trialwise	86;1847;3540	86;1847;3540	1;12;23	87;80;5	sub-011_ses-105_task-s1;sub-011_ses-201_task-s1;sub-011_ses-301_task-s1	86	1	87	sub-011	ses-105	task-s1	1;2;3	1;1;1
315	316	315	316	3	3	trialwise	419;2135;3892	419;2135;3892	3;14;25	102;50;39	sub-011_ses-102_task-s3;sub-011_ses-201_task-s3;sub-011_ses-305_task-s3	419	3	102	sub-011	ses-102	task-s3	1;2;3	3;3;3
316	317	316	317	3	3	trialwise	738;2410;4206	738;2410;4206	5;16;27	103;7;35	sub-011_ses-103_task-s5;sub-011_ses-202_task-s5;sub-011_ses-302_task-s5	738	5	103	sub-011	ses-103	task-s5	1;2;3	5;5;5
317	318	317	318	3	3	trialwise	91;1849;3652	91;1849;3652	1;12;23	92;82;117	sub-011_ses-105_task-s1;sub-011_ses-201_task-s1;sub-011_ses-301_task-s1	91	1	92	sub-011	ses-105	task-s1	1;2;3	1;1;1
318	319	318	319	3	3	trialwise	8;1787;3693	8;1787;3693	1;12;23	9;20;158	sub-011_ses-105_task-s1;sub-011_ses-201_task-s1;sub-011_ses-301_task-s1	8	1	9	sub-011	ses-105	task-s1	1;2;3	1;1;1
319	320	319	320	3	3	trialwise	1074;2799;4544	1074;2799;4544	7;18;29	123;80;57	sub-011_ses-104_task-s7;sub-011_ses-203_task-s7;sub-011_ses-304_task-s7	1074	7	123	sub-011	ses-104	task-s7	1;2;3	7;7;7
320	321	320	321	3	3	trialwise	356;2203;3933	356;2203;3933	3;14;25	39;118;80	sub-011_ses-102_task-s3;sub-011_ses-201_task-s3;sub-011_ses-305_task-s3	356	3	39	sub-011	ses-102	task-s3	1;2;3	3;3;3
321	322	321	322	3	3	trialwise	1124;2919;4773	1124;2919;4773	8;19;30	15;42;128	sub-011_ses-104_task-s8;sub-011_ses-203_task-s8;sub-011_ses-303_task-s8	1124	8	15	sub-011	ses-104	task-s8	1;2;3	8;8;8
322	323	322	323	3	3	trialwise	370;2162;3957	370;2162;3957	3;14;25	53;77;104	sub-011_ses-102_task-s3;sub-011_ses-201_task-s3;sub-011_ses-305_task-s3	370	3	53	sub-011	ses-102	task-s3	1;2;3	3;3;3
323	324	323	324	3	3	trialwise	1126;3022;4751	1126;3022;4751	8;19;30	17;145;106	sub-011_ses-104_task-s8;sub-011_ses-203_task-s8;sub-011_ses-303_task-s8	1126	8	17	sub-011	ses-104	task-s8	1;2;3	8;8;8
324	325	324	325	3	3	trialwise	39;1815;3604	39;1815;3604	1;12;23	40;48;69	sub-011_ses-105_task-s1;sub-011_ses-201_task-s1;sub-011_ses-301_task-s1	39	1	40	sub-011	ses-105	task-s1	1;2;3	1;1;1
325	326	325	326	3	3	trialwise	1138;2980;4699	1138;2980;4699	8;19;30	29;103;54	sub-011_ses-104_task-s8;sub-011_ses-203_task-s8;sub-011_ses-303_task-s8	1138	8	29	sub-011	ses-104	task-s8	1;2;3	8;8;8
326	327	326	327	3	3	trialwise	293;1941;3727	293;1941;3727	2;13;24	135;15;33	sub-011_ses-105_task-s2;sub-011_ses-201_task-s2;sub-011_ses-301_task-s2	293	2	135	sub-011	ses-105	task-s2	1;2;3	2;2;2
327	328	327	328	3	3	trialwise	1245;2927;4794	1245;2927;4794	8;19;30	136;50;149	sub-011_ses-104_task-s8;sub-011_ses-203_task-s8;sub-011_ses-303_task-s8	1245	8	136	sub-011	ses-104	task-s8	1;2;3	8;8;8
328	329	328	329	3	3	trialwise	735;2511;4294	735;2511;4294	5;16;27	100;108;123	sub-011_ses-103_task-s5;sub-011_ses-202_task-s5;sub-011_ses-302_task-s5	735	5	100	sub-011	ses-103	task-s5	1;2;3	5;5;5
329	330	329	330	3	3	trialwise	871;2665;4441	871;2665;4441	6;17;28	78;104;112	sub-011_ses-103_task-s6;sub-011_ses-202_task-s6;sub-011_ses-302_task-s6	871	6	78	sub-011	ses-103	task-s6	1;2;3	6;6;6
330	331	330	331	3	3	trialwise	592;2355;4123	592;2355;4123	4;15;26	116;111;111	sub-011_ses-102_task-s4;sub-011_ses-202_task-s4;sub-011_ses-302_task-s4	592	4	116	sub-011	ses-102	task-s4	1;2;3	4;4;4
331	332	331	332	3	3	trialwise	456;2150;4012	456;2150;4012	3;14;25	139;65;159	sub-011_ses-102_task-s3;sub-011_ses-201_task-s3;sub-011_ses-305_task-s3	456	3	139	sub-011	ses-102	task-s3	1;2;3	3;3;3
332	333	332	333	3	3	trialwise	272;2024;3747	272;2024;3747	2;13;24	114;98;53	sub-011_ses-105_task-s2;sub-011_ses-201_task-s2;sub-011_ses-301_task-s2	272	2	114	sub-011	ses-105	task-s2	1;2;3	2;2;2
333	334	333	334	3	3	trialwise	603;2308;4076	603;2308;4076	4;15;26	127;64;64	sub-011_ses-102_task-s4;sub-011_ses-202_task-s4;sub-011_ses-302_task-s4	603	4	127	sub-011	ses-102	task-s4	1;2;3	4;4;4
334	335	334	335	3	3	trialwise	70;1868;3586	70;1868;3586	1;12;23	71;101;51	sub-011_ses-105_task-s1;sub-011_ses-201_task-s1;sub-011_ses-301_task-s1	70	1	71	sub-011	ses-105	task-s1	1;2;3	1;1;1
335	336	335	336	3	3	trialwise	204;2014;3746	204;2014;3746	2;13;24	46;88;52	sub-011_ses-105_task-s2;sub-011_ses-201_task-s2;sub-011_ses-301_task-s2	204	2	46	sub-011	ses-105	task-s2	1;2;3	2;2;2
336	337	336	337	3	3	trialwise	357;2152;3861	357;2152;3861	3;14;25	40;67;8	sub-011_ses-102_task-s3;sub-011_ses-201_task-s3;sub-011_ses-305_task-s3	357	3	40	sub-011	ses-102	task-s3	1;2;3	3;3;3
337	338	337	338	3	3	trialwise	816;2622;4405	816;2622;4405	6;17;28	23;61;76	sub-011_ses-103_task-s6;sub-011_ses-202_task-s6;sub-011_ses-302_task-s6	816	6	23	sub-011	ses-103	task-s6	1;2;3	6;6;6
338	339	338	339	3	3	trialwise	289;1937;3724	289;1937;3724	2;13;24	131;11;30	sub-011_ses-105_task-s2;sub-011_ses-201_task-s2;sub-011_ses-301_task-s2	289	2	131	sub-011	ses-105	task-s2	1;2;3	2;2;2
339	340	339	340	3	3	trialwise	740;2498;4172	740;2498;4172	5;16;27	105;95;1	sub-011_ses-103_task-s5;sub-011_ses-202_task-s5;sub-011_ses-302_task-s5	740	5	105	sub-011	ses-103	task-s5	1;2;3	5;5;5
340	341	340	341	3	3	trialwise	907;2601;4388	907;2601;4388	6;17;28	114;40;59	sub-011_ses-103_task-s6;sub-011_ses-202_task-s6;sub-011_ses-302_task-s6	907	6	114	sub-011	ses-103	task-s6	1;2;3	6;6;6
341	342	341	342	3	3	trialwise	232;2084;3798	232;2084;3798	2;13;24	74;158;104	sub-011_ses-105_task-s2;sub-011_ses-201_task-s2;sub-011_ses-301_task-s2	232	2	74	sub-011	ses-105	task-s2	1;2;3	2;2;2
342	343	342	343	3	3	trialwise	746;2544;4223	746;2544;4223	5;16;27	111;141;52	sub-011_ses-103_task-s5;sub-011_ses-202_task-s5;sub-011_ses-302_task-s5	746	5	111	sub-011	ses-103	task-s5	1;2;3	5;5;5
343	344	343	344	3	3	trialwise	1052;2740;4540	1052;2740;4540	7;18;29	101;21;53	sub-011_ses-104_task-s7;sub-011_ses-203_task-s7;sub-011_ses-304_task-s7	1052	7	101	sub-011	ses-104	task-s7	1;2;3	7;7;7
344	345	344	345	3	3	trialwise	327;2241;3865	327;2241;3865	3;14;25	10;156;12	sub-011_ses-102_task-s3;sub-011_ses-201_task-s3;sub-011_ses-305_task-s3	327	3	10	sub-011	ses-102	task-s3	1;2;3	3;3;3
345	346	345	346	3	3	trialwise	606;2346;4114	606;2346;4114	4;15;26	130;102;102	sub-011_ses-102_task-s4;sub-011_ses-202_task-s4;sub-011_ses-302_task-s4	606	4	130	sub-011	ses-102	task-s4	1;2;3	4;4;4
346	347	346	347	3	3	trialwise	992;2724;4498	992;2724;4498	7;18;29	41;5;11	sub-011_ses-104_task-s7;sub-011_ses-203_task-s7;sub-011_ses-304_task-s7	992	7	41	sub-011	ses-104	task-s7	1;2;3	7;7;7
347	348	347	348	3	3	trialwise	74;1877;3587	74;1877;3587	1;12;23	75;110;52	sub-011_ses-105_task-s1;sub-011_ses-201_task-s1;sub-011_ses-301_task-s1	74	1	75	sub-011	ses-105	task-s1	1;2;3	1;1;1
348	349	348	349	3	3	trialwise	347;2242;3941	347;2242;3941	3;14;25	30;157;88	sub-011_ses-102_task-s3;sub-011_ses-201_task-s3;sub-011_ses-305_task-s3	347	3	30	sub-011	ses-102	task-s3	1;2;3	3;3;3
349	350	349	350	3	3	trialwise	80;1904;3612	80;1904;3612	1;12;23	81;137;77	sub-011_ses-105_task-s1;sub-011_ses-201_task-s1;sub-011_ses-301_task-s1	80	1	81	sub-011	ses-105	task-s1	1;2;3	1;1;1
350	351	350	351	3	3	trialwise	274;2075;3816	274;2075;3816	2;13;24	116;149;122	sub-011_ses-105_task-s2;sub-011_ses-201_task-s2;sub-011_ses-301_task-s2	274	2	116	sub-011	ses-105	task-s2	1;2;3	2;2;2
351	352	351	352	3	3	trialwise	404;2184;3911	404;2184;3911	3;14;25	87;99;58	sub-011_ses-102_task-s3;sub-011_ses-201_task-s3;sub-011_ses-305_task-s3	404	3	87	sub-011	ses-102	task-s3	1;2;3	3;3;3
352	353	352	353	3	3	trialwise	565;2276;4044	565;2276;4044	4;15;26	89;32;32	sub-011_ses-102_task-s4;sub-011_ses-202_task-s4;sub-011_ses-302_task-s4	565	4	89	sub-011	ses-102	task-s4	1;2;3	4;4;4
353	354	353	354	3	3	trialwise	706;2483;4323	706;2483;4323	5;16;27	71;80;152	sub-011_ses-103_task-s5;sub-011_ses-202_task-s5;sub-011_ses-302_task-s5	706	5	71	sub-011	ses-103	task-s5	1;2;3	5;5;5
354	355	354	355	3	3	trialwise	753;2519;4264	753;2519;4264	5;16;27	118;116;93	sub-011_ses-103_task-s5;sub-011_ses-202_task-s5;sub-011_ses-302_task-s5	753	5	118	sub-011	ses-103	task-s5	1;2;3	5;5;5
355	356	355	356	3	3	trialwise	775;2434;4177	775;2434;4177	5;16;27	140;31;6	sub-011_ses-103_task-s5;sub-011_ses-202_task-s5;sub-011_ses-302_task-s5	775	5	140	sub-011	ses-103	task-s5	1;2;3	5;5;5
356	357	356	357	3	3	trialwise	858;2565;4482	858;2565;4482	6;17;28	65;4;153	sub-011_ses-103_task-s6;sub-011_ses-202_task-s6;sub-011_ses-302_task-s6	858	6	65	sub-011	ses-103	task-s6	1;2;3	6;6;6
357	358	357	358	3	3	trialwise	480;2353;4121	480;2353;4121	4;15;26	4;109;109	sub-011_ses-102_task-s4;sub-011_ses-202_task-s4;sub-011_ses-302_task-s4	480	4	4	sub-011	ses-102	task-s4	1;2;3	4;4;4
358	359	358	359	3	3	trialwise	423;2144;3986	423;2144;3986	3;14;25	106;59;133	sub-011_ses-102_task-s3;sub-011_ses-201_task-s3;sub-011_ses-305_task-s3	423	3	106	sub-011	ses-102	task-s3	1;2;3	3;3;3
359	360	359	360	3	3	trialwise	884;2660;4402	884;2660;4402	6;17;28	91;99;73	sub-011_ses-103_task-s6;sub-011_ses-202_task-s6;sub-011_ses-302_task-s6	884	6	91	sub-011	ses-103	task-s6	1;2;3	6;6;6
360	361	360	361	3	3	trialwise	157;1874;3569	157;1874;3569	1;12;23	158;107;34	sub-011_ses-105_task-s1;sub-011_ses-201_task-s1;sub-011_ses-301_task-s1	157	1	158	sub-011	ses-105	task-s1	1;2;3	1;1;1
361	362	361	362	3	3	trialwise	340;2115;3929	340;2115;3929	3;14;25	23;30;76	sub-011_ses-102_task-s3;sub-011_ses-201_task-s3;sub-011_ses-305_task-s3	340	3	23	sub-011	ses-102	task-s3	1;2;3	3;3;3
362	363	362	363	3	3	trialwise	1180;2929;4649	1180;2929;4649	8;19;30	71;52;4	sub-011_ses-104_task-s8;sub-011_ses-203_task-s8;sub-011_ses-303_task-s8	1180	8	71	sub-011	ses-104	task-s8	1;2;3	8;8;8
363	364	363	364	3	3	trialwise	675;2430;4181	675;2430;4181	5;16;27	40;27;10	sub-011_ses-103_task-s5;sub-011_ses-202_task-s5;sub-011_ses-302_task-s5	675	5	40	sub-011	ses-103	task-s5	1;2;3	5;5;5
364	365	364	365	3	3	trialwise	121;1882;3655	121;1882;3655	1;12;23	122;115;120	sub-011_ses-105_task-s1;sub-011_ses-201_task-s1;sub-011_ses-301_task-s1	121	1	122	sub-011	ses-105	task-s1	1;2;3	1;1;1
365	366	365	366	3	3	trialwise	820;2691;4392	820;2691;4392	6;17;28	27;130;63	sub-011_ses-103_task-s6;sub-011_ses-202_task-s6;sub-011_ses-302_task-s6	820	6	27	sub-011	ses-103	task-s6	1;2;3	6;6;6
366	367	366	367	3	3	trialwise	11;1869;3605	11;1869;3605	1;12;23	12;102;70	sub-011_ses-105_task-s1;sub-011_ses-201_task-s1;sub-011_ses-301_task-s1	11	1	12	sub-011	ses-105	task-s1	1;2;3	1;1;1
367	368	367	368	3	3	trialwise	1135;2991;4714	1135;2991;4714	8;19;30	26;114;69	sub-011_ses-104_task-s8;sub-011_ses-203_task-s8;sub-011_ses-303_task-s8	1135	8	26	sub-011	ses-104	task-s8	1;2;3	8;8;8
368	369	368	369	3	3	trialwise	723;2518;4266	723;2518;4266	5;16;27	88;115;95	sub-011_ses-103_task-s5;sub-011_ses-202_task-s5;sub-011_ses-302_task-s5	723	5	88	sub-011	ses-103	task-s5	1;2;3	5;5;5
369	370	369	370	3	3	trialwise	277;2003;3743	277;2003;3743	2;13;24	119;77;49	sub-011_ses-105_task-s2;sub-011_ses-201_task-s2;sub-011_ses-301_task-s2	277	2	119	sub-011	ses-105	task-s2	1;2;3	2;2;2
370	371	370	371	3	3	trialwise	710;2414;4220	710;2414;4220	5;16;27	75;11;49	sub-011_ses-103_task-s5;sub-011_ses-202_task-s5;sub-011_ses-302_task-s5	710	5	75	sub-011	ses-103	task-s5	1;2;3	5;5;5
371	372	371	372	3	3	trialwise	546;2247;4015	546;2247;4015	4;15;26	70;3;3	sub-011_ses-102_task-s4;sub-011_ses-202_task-s4;sub-011_ses-302_task-s4	546	4	70	sub-011	ses-102	task-s4	1;2;3	4;4;4
372	373	372	373	3	3	trialwise	988;2788;4493	988;2788;4493	7;18;29	37;69;6	sub-011_ses-104_task-s7;sub-011_ses-203_task-s7;sub-011_ses-304_task-s7	988	7	37	sub-011	ses-104	task-s7	1;2;3	7;7;7
373	374	373	374	3	3	trialwise	1059;2772;4512	1059;2772;4512	7;18;29	108;53;25	sub-011_ses-104_task-s7;sub-011_ses-203_task-s7;sub-011_ses-304_task-s7	1059	7	108	sub-011	ses-104	task-s7	1;2;3	7;7;7
374	375	374	375	3	3	trialwise	220;1976;3711	220;1976;3711	2;13;24	62;50;17	sub-011_ses-105_task-s2;sub-011_ses-201_task-s2;sub-011_ses-301_task-s2	220	2	62	sub-011	ses-105	task-s2	1;2;3	2;2;2
375	376	375	376	3	3	trialwise	520;2294;4062	520;2294;4062	4;15;26	44;50;50	sub-011_ses-102_task-s4;sub-011_ses-202_task-s4;sub-011_ses-302_task-s4	520	4	44	sub-011	ses-102	task-s4	1;2;3	4;4;4
376	377	376	377	3	3	trialwise	17;1784;3685	17;1784;3685	1;12;23	18;17;150	sub-011_ses-105_task-s1;sub-011_ses-201_task-s1;sub-011_ses-301_task-s1	17	1	18	sub-011	ses-105	task-s1	1;2;3	1;1;1
377	378	377	378	3	3	trialwise	1091;2843;4621	1091;2843;4621	7;18;29	140;124;134	sub-011_ses-104_task-s7;sub-011_ses-203_task-s7;sub-011_ses-304_task-s7	1091	7	140	sub-011	ses-104	task-s7	1;2;3	7;7;7
378	379	378	379	3	3	trialwise	168;1953;3703	168;1953;3703	2;13;24	10;27;9	sub-011_ses-105_task-s2;sub-011_ses-201_task-s2;sub-011_ses-301_task-s2	168	2	10	sub-011	ses-105	task-s2	1;2;3	2;2;2
379	380	379	380	3	3	trialwise	57;1801;3620	57;1801;3620	1;12;23	58;34;85	sub-011_ses-105_task-s1;sub-011_ses-201_task-s1;sub-011_ses-301_task-s1	57	1	58	sub-011	ses-105	task-s1	1;2;3	1;1;1
380	381	380	381	3	3	trialwise	762;2492;4316	762;2492;4316	5;16;27	127;89;145	sub-011_ses-103_task-s5;sub-011_ses-202_task-s5;sub-011_ses-302_task-s5	762	5	127	sub-011	ses-103	task-s5	1;2;3	5;5;5
381	382	381	382	3	3	trialwise	644;2508;4217	644;2508;4217	5;16;27	9;105;46	sub-011_ses-103_task-s5;sub-011_ses-202_task-s5;sub-011_ses-302_task-s5	644	5	9	sub-011	ses-103	task-s5	1;2;3	5;5;5
382	383	382	383	3	3	trialwise	414;2233;3960	414;2233;3960	3;14;25	97;148;107	sub-011_ses-102_task-s3;sub-011_ses-201_task-s3;sub-011_ses-305_task-s3	414	3	97	sub-011	ses-102	task-s3	1;2;3	3;3;3
383	384	383	384	3	3	trialwise	1262;3011;4707	1262;3011;4707	8;19;30	153;134;62	sub-011_ses-104_task-s8;sub-011_ses-203_task-s8;sub-011_ses-303_task-s8	1262	8	153	sub-011	ses-104	task-s8	1;2;3	8;8;8
384	385	384	385	3	3	trialwise	248;2007;3845	248;2007;3845	2;13;24	90;81;151	sub-011_ses-105_task-s2;sub-011_ses-201_task-s2;sub-011_ses-301_task-s2	248	2	90	sub-011	ses-105	task-s2	1;2;3	2;2;2
385	386	385	386	3	3	trialwise	1093;2841;4600	1093;2841;4600	7;18;29	142;122;113	sub-011_ses-104_task-s7;sub-011_ses-203_task-s7;sub-011_ses-304_task-s7	1093	7	142	sub-011	ses-104	task-s7	1;2;3	7;7;7
386	387	386	387	3	3	trialwise	701;2452;4234	701;2452;4234	5;16;27	66;49;63	sub-011_ses-103_task-s5;sub-011_ses-202_task-s5;sub-011_ses-302_task-s5	701	5	66	sub-011	ses-103	task-s5	1;2;3	5;5;5
387	388	387	388	3	3	trialwise	1100;2809;4637	1100;2809;4637	7;18;29	149;90;150	sub-011_ses-104_task-s7;sub-011_ses-203_task-s7;sub-011_ses-304_task-s7	1100	7	149	sub-011	ses-104	task-s7	1;2;3	7;7;7
388	389	388	389	3	3	trialwise	509;2250;4018	509;2250;4018	4;15;26	33;6;6	sub-011_ses-102_task-s4;sub-011_ses-202_task-s4;sub-011_ses-302_task-s4	509	4	33	sub-011	ses-102	task-s4	1;2;3	4;4;4
389	390	389	390	3	3	trialwise	337;2231;3998	337;2231;3998	3;14;25	20;146;145	sub-011_ses-102_task-s3;sub-011_ses-201_task-s3;sub-011_ses-305_task-s3	337	3	20	sub-011	ses-102	task-s3	1;2;3	3;3;3
390	391	390	391	3	3	trialwise	154;1806;3538	154;1806;3538	1;12;23	155;39;3	sub-011_ses-105_task-s1;sub-011_ses-201_task-s1;sub-011_ses-301_task-s1	154	1	155	sub-011	ses-105	task-s1	1;2;3	1;1;1
391	392	391	392	3	3	trialwise	481;2258;4026	481;2258;4026	4;15;26	5;14;14	sub-011_ses-102_task-s4;sub-011_ses-202_task-s4;sub-011_ses-302_task-s4	481	4	5	sub-011	ses-102	task-s4	1;2;3	4;4;4
392	393	392	393	3	3	trialwise	393;2113;4002	393;2113;4002	3;14;25	76;28;149	sub-011_ses-102_task-s3;sub-011_ses-201_task-s3;sub-011_ses-305_task-s3	393	3	76	sub-011	ses-102	task-s3	1;2;3	3;3;3
393	394	393	394	3	3	trialwise	589;2373;4141	589;2373;4141	4;15;26	113;129;129	sub-011_ses-102_task-s4;sub-011_ses-202_task-s4;sub-011_ses-302_task-s4	589	4	113	sub-011	ses-102	task-s4	1;2;3	4;4;4
394	395	394	395	3	3	trialwise	396;2223;3873	396;2223;3873	3;14;25	79;138;20	sub-011_ses-102_task-s3;sub-011_ses-201_task-s3;sub-011_ses-305_task-s3	396	3	79	sub-011	ses-102	task-s3	1;2;3	3;3;3
395	396	395	396	3	3	trialwise	1151;3030;4762	1151;3030;4762	8;19;30	42;153;117	sub-011_ses-104_task-s8;sub-011_ses-203_task-s8;sub-011_ses-303_task-s8	1151	8	42	sub-011	ses-104	task-s8	1;2;3	8;8;8
396	397	396	397	3	3	trialwise	1072;2864;4521	1072;2864;4521	7;18;29	121;145;34	sub-011_ses-104_task-s7;sub-011_ses-203_task-s7;sub-011_ses-304_task-s7	1072	7	121	sub-011	ses-104	task-s7	1;2;3	7;7;7
397	398	397	398	3	3	trialwise	691;2503;4270	691;2503;4270	5;16;27	56;100;99	sub-011_ses-103_task-s5;sub-011_ses-202_task-s5;sub-011_ses-302_task-s5	691	5	56	sub-011	ses-103	task-s5	1;2;3	5;5;5
398	399	398	399	3	3	trialwise	956;2725;4610	956;2725;4610	7;18;29	5;6;123	sub-011_ses-104_task-s7;sub-011_ses-203_task-s7;sub-011_ses-304_task-s7	956	7	5	sub-011	ses-104	task-s7	1;2;3	7;7;7
399	400	399	400	3	3	trialwise	1008;2842;4580	1008;2842;4580	7;18;29	57;123;93	sub-011_ses-104_task-s7;sub-011_ses-203_task-s7;sub-011_ses-304_task-s7	1008	7	57	sub-011	ses-104	task-s7	1;2;3	7;7;7
400	401	400	401	3	3	trialwise	1209;2880;4767	1209;2880;4767	8;19;30	100;3;122	sub-011_ses-104_task-s8;sub-011_ses-203_task-s8;sub-011_ses-303_task-s8	1209	8	100	sub-011	ses-104	task-s8	1;2;3	8;8;8
401	402	401	402	3	3	trialwise	633;2351;4119	633;2351;4119	4;15;26	157;107;107	sub-011_ses-102_task-s4;sub-011_ses-202_task-s4;sub-011_ses-302_task-s4	633	4	157	sub-011	ses-102	task-s4	1;2;3	4;4;4
402	403	402	403	3	3	trialwise	920;2693;4413	920;2693;4413	6;17;28	127;132;84	sub-011_ses-103_task-s6;sub-011_ses-202_task-s6;sub-011_ses-302_task-s6	920	6	127	sub-011	ses-103	task-s6	1;2;3	6;6;6
403	404	403	404	3	3	trialwise	989;2738;4517	989;2738;4517	7;18;29	38;19;30	sub-011_ses-104_task-s7;sub-011_ses-203_task-s7;sub-011_ses-304_task-s7	989	7	38	sub-011	ses-104	task-s7	1;2;3	7;7;7
404	405	404	405	3	3	trialwise	1077;2866;4492	1077;2866;4492	7;18;29	126;147;5	sub-011_ses-104_task-s7;sub-011_ses-203_task-s7;sub-011_ses-304_task-s7	1077	7	126	sub-011	ses-104	task-s7	1;2;3	7;7;7
405	406	405	406	3	3	trialwise	687;2533;4311	687;2533;4311	5;16;27	52;130;140	sub-011_ses-103_task-s5;sub-011_ses-202_task-s5;sub-011_ses-302_task-s5	687	5	52	sub-011	ses-103	task-s5	1;2;3	5;5;5
406	407	406	407	3	3	trialwise	728;2417;4192	728;2417;4192	5;16;27	93;14;21	sub-011_ses-103_task-s5;sub-011_ses-202_task-s5;sub-011_ses-302_task-s5	728	5	93	sub-011	ses-103	task-s5	1;2;3	5;5;5
407	408	407	408	3	3	trialwise	73;1792;3644	73;1792;3644	1;12;23	74;25;109	sub-011_ses-105_task-s1;sub-011_ses-201_task-s1;sub-011_ses-301_task-s1	73	1	74	sub-011	ses-105	task-s1	1;2;3	1;1;1
408	409	408	409	3	3	trialwise	25;1857;3637	25;1857;3637	1;12;23	26;90;102	sub-011_ses-105_task-s1;sub-011_ses-201_task-s1;sub-011_ses-301_task-s1	25	1	26	sub-011	ses-105	task-s1	1;2;3	1;1;1
409	410	409	410	3	3	trialwise	1133;2882;4680	1133;2882;4680	8;19;30	24;5;35	sub-011_ses-104_task-s8;sub-011_ses-203_task-s8;sub-011_ses-303_task-s8	1133	8	24	sub-011	ses-104	task-s8	1;2;3	8;8;8
410	411	410	411	3	3	trialwise	115;1864;3625	115;1864;3625	1;12;23	116;97;90	sub-011_ses-105_task-s1;sub-011_ses-201_task-s1;sub-011_ses-301_task-s1	115	1	116	sub-011	ses-105	task-s1	1;2;3	1;1;1
411	412	411	412	3	3	trialwise	562;2298;4066	562;2298;4066	4;15;26	86;54;54	sub-011_ses-102_task-s4;sub-011_ses-202_task-s4;sub-011_ses-302_task-s4	562	4	86	sub-011	ses-102	task-s4	1;2;3	4;4;4
412	413	412	413	3	3	trialwise	344;2096;3904	344;2096;3904	3;14;25	27;11;51	sub-011_ses-102_task-s3;sub-011_ses-201_task-s3;sub-011_ses-305_task-s3	344	3	27	sub-011	ses-102	task-s3	1;2;3	3;3;3
413	414	413	414	3	3	trialwise	1143;2945;4722	1143;2945;4722	8;19;30	34;68;77	sub-011_ses-104_task-s8;sub-011_ses-203_task-s8;sub-011_ses-303_task-s8	1143	8	34	sub-011	ses-104	task-s8	1;2;3	8;8;8
414	415	414	415	3	3	trialwise	559;2394;4162	559;2394;4162	4;15;26	83;150;150	sub-011_ses-102_task-s4;sub-011_ses-202_task-s4;sub-011_ses-302_task-s4	559	4	83	sub-011	ses-102	task-s4	1;2;3	4;4;4
415	416	415	416	3	3	trialwise	1204;2941;4716	1204;2941;4716	8;19;30	95;64;71	sub-011_ses-104_task-s8;sub-011_ses-203_task-s8;sub-011_ses-303_task-s8	1204	8	95	sub-011	ses-104	task-s8	1;2;3	8;8;8
416	417	416	417	3	3	trialwise	755;2425;4173	755;2425;4173	5;16;27	120;22;2	sub-011_ses-103_task-s5;sub-011_ses-202_task-s5;sub-011_ses-302_task-s5	755	5	120	sub-011	ses-103	task-s5	1;2;3	5;5;5
417	418	417	418	3	3	trialwise	639;2499;4247	639;2499;4247	5;16;27	4;96;76	sub-011_ses-103_task-s5;sub-011_ses-202_task-s5;sub-011_ses-302_task-s5	639	5	4	sub-011	ses-103	task-s5	1;2;3	5;5;5
418	419	418	419	3	3	trialwise	155;1781;3577	155;1781;3577	1;12;23	156;14;42	sub-011_ses-105_task-s1;sub-011_ses-201_task-s1;sub-011_ses-301_task-s1	155	1	156	sub-011	ses-105	task-s1	1;2;3	1;1;1
419	420	419	420	3	3	trialwise	1254;2994;4743	1254;2994;4743	8;19;30	145;117;98	sub-011_ses-104_task-s8;sub-011_ses-203_task-s8;sub-011_ses-303_task-s8	1254	8	145	sub-011	ses-104	task-s8	1;2;3	8;8;8
420	421	420	421	3	3	trialwise	398;2240;3905	398;2240;3905	3;14;25	81;155;52	sub-011_ses-102_task-s3;sub-011_ses-201_task-s3;sub-011_ses-305_task-s3	398	3	81	sub-011	ses-102	task-s3	1;2;3	3;3;3
421	422	421	422	3	3	trialwise	785;2554;4243	785;2554;4243	5;16;27	150;151;72	sub-011_ses-103_task-s5;sub-011_ses-202_task-s5;sub-011_ses-302_task-s5	785	5	150	sub-011	ses-103	task-s5	1;2;3	5;5;5
422	423	422	423	3	3	trialwise	857;2719;4412	857;2719;4412	6;17;28	64;158;83	sub-011_ses-103_task-s6;sub-011_ses-202_task-s6;sub-011_ses-302_task-s6	857	6	64	sub-011	ses-103	task-s6	1;2;3	6;6;6
423	424	423	424	3	3	trialwise	1015;2851;4490	1015;2851;4490	7;18;29	64;132;3	sub-011_ses-104_task-s7;sub-011_ses-203_task-s7;sub-011_ses-304_task-s7	1015	7	64	sub-011	ses-104	task-s7	1;2;3	7;7;7
424	425	424	425	3	3	trialwise	379;2214;3996	379;2214;3996	3;14;25	62;129;143	sub-011_ses-102_task-s3;sub-011_ses-201_task-s3;sub-011_ses-305_task-s3	379	3	62	sub-011	ses-102	task-s3	1;2;3	3;3;3
425	426	425	426	3	3	trialwise	719;2405;4258	719;2405;4258	5;16;27	84;2;87	sub-011_ses-103_task-s5;sub-011_ses-202_task-s5;sub-011_ses-302_task-s5	719	5	84	sub-011	ses-103	task-s5	1;2;3	5;5;5
426	427	426	427	3	3	trialwise	42;1783;3687	42;1783;3687	1;12;23	43;16;152	sub-011_ses-105_task-s1;sub-011_ses-201_task-s1;sub-011_ses-301_task-s1	42	1	43	sub-011	ses-105	task-s1	1;2;3	1;1;1
427	428	427	428	3	3	trialwise	996;2807;4576	996;2807;4576	7;18;29	45;88;89	sub-011_ses-104_task-s7;sub-011_ses-203_task-s7;sub-011_ses-304_task-s7	996	7	45	sub-011	ses-104	task-s7	1;2;3	7;7;7
428	429	428	429	3	3	trialwise	789;2527;4242	789;2527;4242	5;16;27	154;124;71	sub-011_ses-103_task-s5;sub-011_ses-202_task-s5;sub-011_ses-302_task-s5	789	5	154	sub-011	ses-103	task-s5	1;2;3	5;5;5
429	430	429	430	3	3	trialwise	1154;2978;4754	1154;2978;4754	8;19;30	45;101;109	sub-011_ses-104_task-s8;sub-011_ses-203_task-s8;sub-011_ses-303_task-s8	1154	8	45	sub-011	ses-104	task-s8	1;2;3	8;8;8
430	431	430	431	3	3	trialwise	387;2106;3903	387;2106;3903	3;14;25	70;21;50	sub-011_ses-102_task-s3;sub-011_ses-201_task-s3;sub-011_ses-305_task-s3	387	3	70	sub-011	ses-102	task-s3	1;2;3	3;3;3
431	432	431	432	3	3	trialwise	1253;2934;4759	1253;2934;4759	8;19;30	144;57;114	sub-011_ses-104_task-s8;sub-011_ses-203_task-s8;sub-011_ses-303_task-s8	1253	8	144	sub-011	ses-104	task-s8	1;2;3	8;8;8
432	433	432	433	3	3	trialwise	1105;2849;4605	1105;2849;4605	7;18;29	154;130;118	sub-011_ses-104_task-s7;sub-011_ses-203_task-s7;sub-011_ses-304_task-s7	1105	7	154	sub-011	ses-104	task-s7	1;2;3	7;7;7
433	434	433	434	3	3	trialwise	594;2248;4016	594;2248;4016	4;15;26	118;4;4	sub-011_ses-102_task-s4;sub-011_ses-202_task-s4;sub-011_ses-302_task-s4	594	4	118	sub-011	ses-102	task-s4	1;2;3	4;4;4
434	435	434	435	3	3	trialwise	335;2169;4011	335;2169;4011	3;14;25	18;84;158	sub-011_ses-102_task-s3;sub-011_ses-201_task-s3;sub-011_ses-305_task-s3	335	3	18	sub-011	ses-102	task-s3	1;2;3	3;3;3
435	436	435	436	3	3	trialwise	1048;2792;4515	1048;2792;4515	7;18;29	97;73;28	sub-011_ses-104_task-s7;sub-011_ses-203_task-s7;sub-011_ses-304_task-s7	1048	7	97	sub-011	ses-104	task-s7	1;2;3	7;7;7
436	437	436	437	3	3	trialwise	671;2489;4275	671;2489;4275	5;16;27	36;86;104	sub-011_ses-103_task-s5;sub-011_ses-202_task-s5;sub-011_ses-302_task-s5	671	5	36	sub-011	ses-103	task-s5	1;2;3	5;5;5
437	438	437	438	3	3	trialwise	332;2186;3939	332;2186;3939	3;14;25	15;101;86	sub-011_ses-102_task-s3;sub-011_ses-201_task-s3;sub-011_ses-305_task-s3	332	3	15	sub-011	ses-102	task-s3	1;2;3	3;3;3
438	439	438	439	3	3	trialwise	547;2314;4082	547;2314;4082	4;15;26	71;70;70	sub-011_ses-102_task-s4;sub-011_ses-202_task-s4;sub-011_ses-302_task-s4	547	4	71	sub-011	ses-102	task-s4	1;2;3	4;4;4
439	440	439	440	3	3	trialwise	926;2715;4387	926;2715;4387	6;17;28	133;154;58	sub-011_ses-103_task-s6;sub-011_ses-202_task-s6;sub-011_ses-302_task-s6	926	6	133	sub-011	ses-103	task-s6	1;2;3	6;6;6
440	441	440	441	3	3	trialwise	151;1771;3558	151;1771;3558	1;12;23	152;4;23	sub-011_ses-105_task-s1;sub-011_ses-201_task-s1;sub-011_ses-301_task-s1	151	1	152	sub-011	ses-105	task-s1	1;2;3	1;1;1
441	442	441	442	3	3	trialwise	359;2138;3869	359;2138;3869	3;14;25	42;53;16	sub-011_ses-102_task-s3;sub-011_ses-201_task-s3;sub-011_ses-305_task-s3	359	3	42	sub-011	ses-102	task-s3	1;2;3	3;3;3
442	443	442	443	3	3	trialwise	769;2501;4299	769;2501;4299	5;16;27	134;98;128	sub-011_ses-103_task-s5;sub-011_ses-202_task-s5;sub-011_ses-302_task-s5	769	5	134	sub-011	ses-103	task-s5	1;2;3	5;5;5
443	444	443	444	3	3	trialwise	938;2636;4431	938;2636;4431	6;17;28	145;75;102	sub-011_ses-103_task-s6;sub-011_ses-202_task-s6;sub-011_ses-302_task-s6	938	6	145	sub-011	ses-103	task-s6	1;2;3	6;6;6
444	445	444	445	3	3	trialwise	0;1829;3550	0;1829;3550	1;12;23	1;62;15	sub-011_ses-105_task-s1;sub-011_ses-201_task-s1;sub-011_ses-301_task-s1	0	1	1	sub-011	ses-105	task-s1	1;2;3	1;1;1
445	446	445	446	3	3	trialwise	595;2307;4075	595;2307;4075	4;15;26	119;63;63	sub-011_ses-102_task-s4;sub-011_ses-202_task-s4;sub-011_ses-302_task-s4	595	4	119	sub-011	ses-102	task-s4	1;2;3	4;4;4
446	447	446	447	3	3	trialwise	825;2685;4487	825;2685;4487	6;17;28	32;124;158	sub-011_ses-103_task-s6;sub-011_ses-202_task-s6;sub-011_ses-302_task-s6	825	6	32	sub-011	ses-103	task-s6	1;2;3	6;6;6
447	448	447	448	3	3	trialwise	386;2107;3965	386;2107;3965	3;14;25	69;22;112	sub-011_ses-102_task-s3;sub-011_ses-201_task-s3;sub-011_ses-305_task-s3	386	3	69	sub-011	ses-102	task-s3	1;2;3	3;3;3
448	449	448	449	3	3	trialwise	72;1880;3578	72;1880;3578	1;12;23	73;113;43	sub-011_ses-105_task-s1;sub-011_ses-201_task-s1;sub-011_ses-301_task-s1	72	1	73	sub-011	ses-105	task-s1	1;2;3	1;1;1
449	450	449	450	3	3	trialwise	463;2208;3917	463;2208;3917	3;14;25	146;123;64	sub-011_ses-102_task-s3;sub-011_ses-201_task-s3;sub-011_ses-305_task-s3	463	3	146	sub-011	ses-102	task-s3	1;2;3	3;3;3
450	451	450	451	3	3	trialwise	711;2462;4279	711;2462;4279	5;16;27	76;59;108	sub-011_ses-103_task-s5;sub-011_ses-202_task-s5;sub-011_ses-302_task-s5	711	5	76	sub-011	ses-103	task-s5	1;2;3	5;5;5
451	452	451	452	3	3	trialwise	526;2362;4130	526;2362;4130	4;15;26	50;118;118	sub-011_ses-102_task-s4;sub-011_ses-202_task-s4;sub-011_ses-302_task-s4	526	4	50	sub-011	ses-102	task-s4	1;2;3	4;4;4
452	453	452	453	3	3	trialwise	193;2029;3830	193;2029;3830	2;13;24	35;103;136	sub-011_ses-105_task-s2;sub-011_ses-201_task-s2;sub-011_ses-301_task-s2	193	2	35	sub-011	ses-105	task-s2	1;2;3	2;2;2
453	454	453	454	3	3	trialwise	1164;3014;4694	1164;3014;4694	8;19;30	55;137;49	sub-011_ses-104_task-s8;sub-011_ses-203_task-s8;sub-011_ses-303_task-s8	1164	8	55	sub-011	ses-104	task-s8	1;2;3	8;8;8
454	455	454	455	3	3	trialwise	403;2198;4004	403;2198;4004	3;14;25	86;113;151	sub-011_ses-102_task-s3;sub-011_ses-201_task-s3;sub-011_ses-305_task-s3	403	3	86	sub-011	ses-102	task-s3	1;2;3	3;3;3
455	456	455	456	3	3	trialwise	227;1949;3773	227;1949;3773	2;13;24	69;23;79	sub-011_ses-105_task-s2;sub-011_ses-201_task-s2;sub-011_ses-301_task-s2	227	2	69	sub-011	ses-105	task-s2	1;2;3	2;2;2
456	457	456	457	3	3	trialwise	32;1809;3551	32;1809;3551	1;12;23	33;42;16	sub-011_ses-105_task-s1;sub-011_ses-201_task-s1;sub-011_ses-301_task-s1	32	1	33	sub-011	ses-105	task-s1	1;2;3	1;1;1
457	458	457	458	3	3	trialwise	623;2367;4135	623;2367;4135	4;15;26	147;123;123	sub-011_ses-102_task-s4;sub-011_ses-202_task-s4;sub-011_ses-302_task-s4	623	4	147	sub-011	ses-102	task-s4	1;2;3	4;4;4
458	459	458	459	3	3	trialwise	943;2648;4383	943;2648;4383	6;17;28	150;87;54	sub-011_ses-103_task-s6;sub-011_ses-202_task-s6;sub-011_ses-302_task-s6	943	6	150	sub-011	ses-103	task-s6	1;2;3	6;6;6
459	460	459	460	3	3	trialwise	568;2279;4047	568;2279;4047	4;15;26	92;35;35	sub-011_ses-102_task-s4;sub-011_ses-202_task-s4;sub-011_ses-302_task-s4	568	4	92	sub-011	ses-102	task-s4	1;2;3	4;4;4
460	461	460	461	3	3	trialwise	1246;2983;4749	1246;2983;4749	8;19;30	137;106;104	sub-011_ses-104_task-s8;sub-011_ses-203_task-s8;sub-011_ses-303_task-s8	1246	8	137	sub-011	ses-104	task-s8	1;2;3	8;8;8
461	462	461	462	3	3	trialwise	1195;2946;4745	1195;2946;4745	8;19;30	86;69;100	sub-011_ses-104_task-s8;sub-011_ses-203_task-s8;sub-011_ses-303_task-s8	1195	8	86	sub-011	ses-104	task-s8	1;2;3	8;8;8
462	463	462	463	3	3	trialwise	830;2564;4423	830;2564;4423	6;17;28	37;3;94	sub-011_ses-103_task-s6;sub-011_ses-202_task-s6;sub-011_ses-302_task-s6	830	6	37	sub-011	ses-103	task-s6	1;2;3	6;6;6
463	464	463	464	3	3	trialwise	1049;2760;4567	1049;2760;4567	7;18;29	98;41;80	sub-011_ses-104_task-s7;sub-011_ses-203_task-s7;sub-011_ses-304_task-s7	1049	7	98	sub-011	ses-104	task-s7	1;2;3	7;7;7
464	465	464	465	3	3	trialwise	580;2322;4090	580;2322;4090	4;15;26	104;78;78	sub-011_ses-102_task-s4;sub-011_ses-202_task-s4;sub-011_ses-302_task-s4	580	4	104	sub-011	ses-102	task-s4	1;2;3	4;4;4
465	466	465	466	3	3	trialwise	1118;3029;4675	1118;3029;4675	8;19;30	9;152;30	sub-011_ses-104_task-s8;sub-011_ses-203_task-s8;sub-011_ses-303_task-s8	1118	8	9	sub-011	ses-104	task-s8	1;2;3	8;8;8
466	467	466	467	3	3	trialwise	297;1942;3761	297;1942;3761	2;13;24	139;16;67	sub-011_ses-105_task-s2;sub-011_ses-201_task-s2;sub-011_ses-301_task-s2	297	2	139	sub-011	ses-105	task-s2	1;2;3	2;2;2
467	468	467	468	3	3	trialwise	21;1884;3680	21;1884;3680	1;12;23	22;117;145	sub-011_ses-105_task-s1;sub-011_ses-201_task-s1;sub-011_ses-301_task-s1	21	1	22	sub-011	ses-105	task-s1	1;2;3	1;1;1
468	469	468	469	3	3	trialwise	329;2143;3896	329;2143;3896	3;14;25	12;58;43	sub-011_ses-102_task-s3;sub-011_ses-201_task-s3;sub-011_ses-305_task-s3	329	3	12	sub-011	ses-102	task-s3	1;2;3	3;3;3
469	470	469	470	3	3	trialwise	868;2590;4415	868;2590;4415	6;17;28	75;29;86	sub-011_ses-103_task-s6;sub-011_ses-202_task-s6;sub-011_ses-302_task-s6	868	6	75	sub-011	ses-103	task-s6	1;2;3	6;6;6
470	471	470	471	3	3	trialwise	256;2085;3776	256;2085;3776	2;13;24	98;159;82	sub-011_ses-105_task-s2;sub-011_ses-201_task-s2;sub-011_ses-301_task-s2	256	2	98	sub-011	ses-105	task-s2	1;2;3	2;2;2
471	472	471	472	3	3	trialwise	264;2006;3781	264;2006;3781	2;13;24	106;80;87	sub-011_ses-105_task-s2;sub-011_ses-201_task-s2;sub-011_ses-301_task-s2	264	2	106	sub-011	ses-105	task-s2	1;2;3	2;2;2
472	473	472	473	3	3	trialwise	1194;2890;4662	1194;2890;4662	8;19;30	85;13;17	sub-011_ses-104_task-s8;sub-011_ses-203_task-s8;sub-011_ses-303_task-s8	1194	8	85	sub-011	ses-104	task-s8	1;2;3	8;8;8
473	474	473	474	3	3	trialwise	505;2316;4084	505;2316;4084	4;15;26	29;72;72	sub-011_ses-102_task-s4;sub-011_ses-202_task-s4;sub-011_ses-302_task-s4	505	4	29	sub-011	ses-102	task-s4	1;2;3	4;4;4
474	475	474	475	3	3	trialwise	318;2172;3921	318;2172;3921	3;14;25	1;87;68	sub-011_ses-102_task-s3;sub-011_ses-201_task-s3;sub-011_ses-305_task-s3	318	3	1	sub-011	ses-102	task-s3	1;2;3	3;3;3
475	476	475	476	3	3	trialwise	1173;2883;4724	1173;2883;4724	8;19;30	64;6;79	sub-011_ses-104_task-s8;sub-011_ses-203_task-s8;sub-011_ses-303_task-s8	1173	8	64	sub-011	ses-104	task-s8	1;2;3	8;8;8
476	477	476	477	3	3	trialwise	712;2505;4300	712;2505;4300	5;16;27	77;102;129	sub-011_ses-103_task-s5;sub-011_ses-202_task-s5;sub-011_ses-302_task-s5	712	5	77	sub-011	ses-103	task-s5	1;2;3	5;5;5
477	478	477	478	3	3	trialwise	1013;2729;4535	1013;2729;4535	7;18;29	62;10;48	sub-011_ses-104_task-s7;sub-011_ses-203_task-s7;sub-011_ses-304_task-s7	1013	7	62	sub-011	ses-104	task-s7	1;2;3	7;7;7
478	479	478	479	3	3	trialwise	853;2702;4356	853;2702;4356	6;17;28	60;141;27	sub-011_ses-103_task-s6;sub-011_ses-202_task-s6;sub-011_ses-302_task-s6	853	6	60	sub-011	ses-103	task-s6	1;2;3	6;6;6
479	480	479	480	3	3	trialwise	694;2523;4228	694;2523;4228	5;16;27	59;120;57	sub-011_ses-103_task-s5;sub-011_ses-202_task-s5;sub-011_ses-302_task-s5	694	5	59	sub-011	ses-103	task-s5	1;2;3	5;5;5
480	481	480	481	3	3	trialwise	246;1969;3811	246;1969;3811	2;13;24	88;43;117	sub-011_ses-105_task-s2;sub-011_ses-201_task-s2;sub-011_ses-301_task-s2	246	2	88	sub-011	ses-105	task-s2	1;2;3	2;2;2
481	482	481	482	3	3	trialwise	550;2343;4111	550;2343;4111	4;15;26	74;99;99	sub-011_ses-102_task-s4;sub-011_ses-202_task-s4;sub-011_ses-302_task-s4	550	4	74	sub-011	ses-102	task-s4	1;2;3	4;4;4
482	483	482	483	3	3	trialwise	1000;2723;4568	1000;2723;4568	7;18;29	49;4;81	sub-011_ses-104_task-s7;sub-011_ses-203_task-s7;sub-011_ses-304_task-s7	1000	7	49	sub-011	ses-104	task-s7	1;2;3	7;7;7
483	484	483	484	3	3	trialwise	922;2609;4436	922;2609;4436	6;17;28	129;48;107	sub-011_ses-103_task-s6;sub-011_ses-202_task-s6;sub-011_ses-302_task-s6	922	6	129	sub-011	ses-103	task-s6	1;2;3	6;6;6
484	485	484	485	3	3	trialwise	320;2097;3955	320;2097;3955	3;14;25	3;12;102	sub-011_ses-102_task-s3;sub-011_ses-201_task-s3;sub-011_ses-305_task-s3	320	3	3	sub-011	ses-102	task-s3	1;2;3	3;3;3
485	486	485	486	3	3	trialwise	1196;2961;4799	1196;2961;4799	8;19;30	87;84;154	sub-011_ses-104_task-s8;sub-011_ses-203_task-s8;sub-011_ses-303_task-s8	1196	8	87	sub-011	ses-104	task-s8	1;2;3	8;8;8
486	487	486	487	3	3	trialwise	161;1979;3744	161;1979;3744	2;13;24	3;53;50	sub-011_ses-105_task-s2;sub-011_ses-201_task-s2;sub-011_ses-301_task-s2	161	2	3	sub-011	ses-105	task-s2	1;2;3	2;2;2
487	488	487	488	3	3	trialwise	412;2102;4008	412;2102;4008	3;14;25	95;17;155	sub-011_ses-102_task-s3;sub-011_ses-201_task-s3;sub-011_ses-305_task-s3	412	3	95	sub-011	ses-102	task-s3	1;2;3	3;3;3
488	489	488	489	3	3	trialwise	173;2050;3807	173;2050;3807	2;13;24	15;124;113	sub-011_ses-105_task-s2;sub-011_ses-201_task-s2;sub-011_ses-301_task-s2	173	2	15	sub-011	ses-105	task-s2	1;2;3	2;2;2
489	490	489	490	3	3	trialwise	1141;2968;4702	1141;2968;4702	8;19;30	32;91;57	sub-011_ses-104_task-s8;sub-011_ses-203_task-s8;sub-011_ses-303_task-s8	1141	8	32	sub-011	ses-104	task-s8	1;2;3	8;8;8
490	491	490	491	3	3	trialwise	408;2111;3893	408;2111;3893	3;14;25	91;26;40	sub-011_ses-102_task-s3;sub-011_ses-201_task-s3;sub-011_ses-305_task-s3	408	3	91	sub-011	ses-102	task-s3	1;2;3	3;3;3
491	492	491	492	3	3	trialwise	1215;2909;4738	1215;2909;4738	8;19;30	106;32;93	sub-011_ses-104_task-s8;sub-011_ses-203_task-s8;sub-011_ses-303_task-s8	1215	8	106	sub-011	ses-104	task-s8	1;2;3	8;8;8
492	493	492	493	3	3	trialwise	704;2447;4253	704;2447;4253	5;16;27	69;44;82	sub-011_ses-103_task-s5;sub-011_ses-202_task-s5;sub-011_ses-302_task-s5	704	5	69	sub-011	ses-103	task-s5	1;2;3	5;5;5
493	494	493	494	3	3	trialwise	1189;2969;4682	1189;2969;4682	8;19;30	80;92;37	sub-011_ses-104_task-s8;sub-011_ses-203_task-s8;sub-011_ses-303_task-s8	1189	8	80	sub-011	ses-104	task-s8	1;2;3	8;8;8
494	495	494	495	3	3	trialwise	839;2614;4455	839;2614;4455	6;17;28	46;53;126	sub-011_ses-103_task-s6;sub-011_ses-202_task-s6;sub-011_ses-302_task-s6	839	6	46	sub-011	ses-103	task-s6	1;2;3	6;6;6
495	496	495	496	3	3	trialwise	1010;2756;4500	1010;2756;4500	7;18;29	59;37;13	sub-011_ses-104_task-s7;sub-011_ses-203_task-s7;sub-011_ses-304_task-s7	1010	7	59	sub-011	ses-104	task-s7	1;2;3	7;7;7
496	497	496	497	3	3	trialwise	120;1842;3573	120;1842;3573	1;12;23	121;75;38	sub-011_ses-105_task-s1;sub-011_ses-201_task-s1;sub-011_ses-301_task-s1	120	1	121	sub-011	ses-105	task-s1	1;2;3	1;1;1
497	498	497	498	3	3	trialwise	621;2354;4122	621;2354;4122	4;15;26	145;110;110	sub-011_ses-102_task-s4;sub-011_ses-202_task-s4;sub-011_ses-302_task-s4	621	4	145	sub-011	ses-102	task-s4	1;2;3	4;4;4
498	499	498	499	3	3	trialwise	1076;2844;4545	1076;2844;4545	7;18;29	125;125;58	sub-011_ses-104_task-s7;sub-011_ses-203_task-s7;sub-011_ses-304_task-s7	1076	7	125	sub-011	ses-104	task-s7	1;2;3	7;7;7
499	500	499	500	3	3	trialwise	384;2154;4010	384;2154;4010	3;14;25	67;69;157	sub-011_ses-102_task-s3;sub-011_ses-201_task-s3;sub-011_ses-305_task-s3	384	3	67	sub-011	ses-102	task-s3	1;2;3	3;3;3
500	501	500	501	3	3	trialwise	348;2155;3954	348;2155;3954	3;14;25	31;70;101	sub-011_ses-102_task-s3;sub-011_ses-201_task-s3;sub-011_ses-305_task-s3	348	3	31	sub-011	ses-102	task-s3	1;2;3	3;3;3
501	502	501	502	3	3	trialwise	171;1992;3834	171;1992;3834	2;13;24	13;66;140	sub-011_ses-105_task-s2;sub-011_ses-201_task-s2;sub-011_ses-301_task-s2	171	2	13	sub-011	ses-105	task-s2	1;2;3	2;2;2
502	503	502	503	3	3	trialwise	217;1952;3748	217;1952;3748	2;13;24	59;26;54	sub-011_ses-105_task-s2;sub-011_ses-201_task-s2;sub-011_ses-301_task-s2	217	2	59	sub-011	ses-105	task-s2	1;2;3	2;2;2
503	504	503	504	3	3	trialwise	780;2541;4329	780;2541;4329	5;16;27	145;138;158	sub-011_ses-103_task-s5;sub-011_ses-202_task-s5;sub-011_ses-302_task-s5	780	5	145	sub-011	ses-103	task-s5	1;2;3	5;5;5
504	505	504	505	3	3	trialwise	817;2570;4452	817;2570;4452	6;17;28	24;9;123	sub-011_ses-103_task-s6;sub-011_ses-202_task-s6;sub-011_ses-302_task-s6	817	6	24	sub-011	ses-103	task-s6	1;2;3	6;6;6
505	506	505	506	3	3	trialwise	94;1836;3661	94;1836;3661	1;12;23	95;69;126	sub-011_ses-105_task-s1;sub-011_ses-201_task-s1;sub-011_ses-301_task-s1	94	1	95	sub-011	ses-105	task-s1	1;2;3	1;1;1
506	507	506	507	3	3	trialwise	262;1956;3740	262;1956;3740	2;13;24	104;30;46	sub-011_ses-105_task-s2;sub-011_ses-201_task-s2;sub-011_ses-301_task-s2	262	2	104	sub-011	ses-105	task-s2	1;2;3	2;2;2
507	508	507	508	3	3	trialwise	672;2404;4239	672;2404;4239	5;16;27	37;1;68	sub-011_ses-103_task-s5;sub-011_ses-202_task-s5;sub-011_ses-302_task-s5	672	5	37	sub-011	ses-103	task-s5	1;2;3	5;5;5
508	509	508	509	3	3	trialwise	964;2793;4622	964;2793;4622	7;18;29	13;74;135	sub-011_ses-104_task-s7;sub-011_ses-203_task-s7;sub-011_ses-304_task-s7	964	7	13	sub-011	ses-104	task-s7	1;2;3	7;7;7
509	510	509	510	3	3	trialwise	192;2010;3775	192;2010;3775	2;13;24	34;84;81	sub-011_ses-105_task-s2;sub-011_ses-201_task-s2;sub-011_ses-301_task-s2	192	2	34	sub-011	ses-105	task-s2	1;2;3	2;2;2
510	511	510	511	3	3	trialwise	553;2359;4127	553;2359;4127	4;15;26	77;115;115	sub-011_ses-102_task-s4;sub-011_ses-202_task-s4;sub-011_ses-302_task-s4	553	4	77	sub-011	ses-102	task-s4	1;2;3	4;4;4
511	512	511	512	3	3	trialwise	260;2048;3813	260;2048;3813	2;13;24	102;122;119	sub-011_ses-105_task-s2;sub-011_ses-201_task-s2;sub-011_ses-301_task-s2	260	2	102	sub-011	ses-105	task-s2	1;2;3	2;2;2
512	513	512	513	3	3	trialwise	727;2537;4212	727;2537;4212	5;16;27	92;134;41	sub-011_ses-103_task-s5;sub-011_ses-202_task-s5;sub-011_ses-302_task-s5	727	5	92	sub-011	ses-103	task-s5	1;2;3	5;5;5
513	514	513	514	3	3	trialwise	479;2293;4061	479;2293;4061	4;15;26	3;49;49	sub-011_ses-102_task-s4;sub-011_ses-202_task-s4;sub-011_ses-302_task-s4	479	4	3	sub-011	ses-102	task-s4	1;2;3	4;4;4
514	515	514	515	3	3	trialwise	517;2349;4117	517;2349;4117	4;15;26	41;105;105	sub-011_ses-102_task-s4;sub-011_ses-202_task-s4;sub-011_ses-302_task-s4	517	4	41	sub-011	ses-102	task-s4	1;2;3	4;4;4
515	516	515	516	3	3	trialwise	1122;2910;4757	1122;2910;4757	8;19;30	13;33;112	sub-011_ses-104_task-s8;sub-011_ses-203_task-s8;sub-011_ses-303_task-s8	1122	8	13	sub-011	ses-104	task-s8	1;2;3	8;8;8
516	517	516	517	3	3	trialwise	1144;3027;4689	1144;3027;4689	8;19;30	35;150;44	sub-011_ses-104_task-s8;sub-011_ses-203_task-s8;sub-011_ses-303_task-s8	1144	8	35	sub-011	ses-104	task-s8	1;2;3	8;8;8
517	518	517	518	3	3	trialwise	1230;3004;4725	1230;3004;4725	8;19;30	121;127;80	sub-011_ses-104_task-s8;sub-011_ses-203_task-s8;sub-011_ses-303_task-s8	1230	8	121	sub-011	ses-104	task-s8	1;2;3	8;8;8
518	519	518	519	3	3	trialwise	12;1848;3601	12;1848;3601	1;12;23	13;81;66	sub-011_ses-105_task-s1;sub-011_ses-201_task-s1;sub-011_ses-301_task-s1	12	1	13	sub-011	ses-105	task-s1	1;2;3	1;1;1
519	520	519	520	3	3	trialwise	584;2345;4113	584;2345;4113	4;15;26	108;101;101	sub-011_ses-102_task-s4;sub-011_ses-202_task-s4;sub-011_ses-302_task-s4	584	4	108	sub-011	ses-102	task-s4	1;2;3	4;4;4
520	521	520	521	3	3	trialwise	636;2420;4213	636;2420;4213	5;16;27	1;17;42	sub-011_ses-103_task-s5;sub-011_ses-202_task-s5;sub-011_ses-302_task-s5	636	5	1	sub-011	ses-103	task-s5	1;2;3	5;5;5
521	522	521	522	3	3	trialwise	826;2623;4400	826;2623;4400	6;17;28	33;62;71	sub-011_ses-103_task-s6;sub-011_ses-202_task-s6;sub-011_ses-302_task-s6	826	6	33	sub-011	ses-103	task-s6	1;2;3	6;6;6
522	523	522	523	3	3	trialwise	960;2803;4590	960;2803;4590	7;18;29	9;84;103	sub-011_ses-104_task-s7;sub-011_ses-203_task-s7;sub-011_ses-304_task-s7	960	7	9	sub-011	ses-104	task-s7	1;2;3	7;7;7
523	524	523	524	3	3	trialwise	834;2635;4396	834;2635;4396	6;17;28	41;74;67	sub-011_ses-103_task-s6;sub-011_ses-202_task-s6;sub-011_ses-302_task-s6	834	6	41	sub-011	ses-103	task-s6	1;2;3	6;6;6
524	525	524	525	3	3	trialwise	842;2709;4361	842;2709;4361	6;17;28	49;148;32	sub-011_ses-103_task-s6;sub-011_ses-202_task-s6;sub-011_ses-302_task-s6	842	6	49	sub-011	ses-103	task-s6	1;2;3	6;6;6
525	526	525	526	3	3	trialwise	1053;2736;4542	1053;2736;4542	7;18;29	102;17;55	sub-011_ses-104_task-s7;sub-011_ses-203_task-s7;sub-011_ses-304_task-s7	1053	7	102	sub-011	ses-104	task-s7	1;2;3	7;7;7
526	527	526	527	3	3	trialwise	374;2181;3867	374;2181;3867	3;14;25	57;96;14	sub-011_ses-102_task-s3;sub-011_ses-201_task-s3;sub-011_ses-305_task-s3	374	3	57	sub-011	ses-102	task-s3	1;2;3	3;3;3
527	528	527	528	3	3	trialwise	269;1945;3734	269;1945;3734	2;13;24	111;19;40	sub-011_ses-105_task-s2;sub-011_ses-201_task-s2;sub-011_ses-301_task-s2	269	2	111	sub-011	ses-105	task-s2	1;2;3	2;2;2
528	529	528	529	3	3	trialwise	88;1803;3632	88;1803;3632	1;12;23	89;36;97	sub-011_ses-105_task-s1;sub-011_ses-201_task-s1;sub-011_ses-301_task-s1	88	1	89	sub-011	ses-105	task-s1	1;2;3	1;1;1
529	530	529	530	3	3	trialwise	1121;2884;4752	1121;2884;4752	8;19;30	12;7;107	sub-011_ses-104_task-s8;sub-011_ses-203_task-s8;sub-011_ses-303_task-s8	1121	8	12	sub-011	ses-104	task-s8	1;2;3	8;8;8
530	531	530	531	3	3	trialwise	609;2274;4042	609;2274;4042	4;15;26	133;30;30	sub-011_ses-102_task-s4;sub-011_ses-202_task-s4;sub-011_ses-302_task-s4	609	4	133	sub-011	ses-102	task-s4	1;2;3	4;4;4
531	532	531	532	3	3	trialwise	1256;2990;4781	1256;2990;4781	8;19;30	147;113;136	sub-011_ses-104_task-s8;sub-011_ses-203_task-s8;sub-011_ses-303_task-s8	1256	8	147	sub-011	ses-104	task-s8	1;2;3	8;8;8
532	533	532	533	3	3	trialwise	1261;3002;4797	1261;3002;4797	8;19;30	152;125;152	sub-011_ses-104_task-s8;sub-011_ses-203_task-s8;sub-011_ses-303_task-s8	1261	8	152	sub-011	ses-104	task-s8	1;2;3	8;8;8
533	534	533	534	3	3	trialwise	1022;2752;4555	1022;2752;4555	7;18;29	71;33;68	sub-011_ses-104_task-s7;sub-011_ses-203_task-s7;sub-011_ses-304_task-s7	1022	7	71	sub-011	ses-104	task-s7	1;2;3	7;7;7
534	535	534	535	3	3	trialwise	1095;2745;4583	1095;2745;4583	7;18;29	144;26;96	sub-011_ses-104_task-s7;sub-011_ses-203_task-s7;sub-011_ses-304_task-s7	1095	7	144	sub-011	ses-104	task-s7	1;2;3	7;7;7
535	536	535	536	3	3	trialwise	806;2579;4454	806;2579;4454	6;17;28	13;18;125	sub-011_ses-103_task-s6;sub-011_ses-202_task-s6;sub-011_ses-302_task-s6	806	6	13	sub-011	ses-103	task-s6	1;2;3	6;6;6
536	537	536	537	3	3	trialwise	653;2436;4303	653;2436;4303	5;16;27	18;33;132	sub-011_ses-103_task-s5;sub-011_ses-202_task-s5;sub-011_ses-302_task-s5	653	5	18	sub-011	ses-103	task-s5	1;2;3	5;5;5
537	538	537	538	3	3	trialwise	541;2261;4029	541;2261;4029	4;15;26	65;17;17	sub-011_ses-102_task-s4;sub-011_ses-202_task-s4;sub-011_ses-302_task-s4	541	4	65	sub-011	ses-102	task-s4	1;2;3	4;4;4
538	539	538	539	3	3	trialwise	196;2076;3726	196;2076;3726	2;13;24	38;150;32	sub-011_ses-105_task-s2;sub-011_ses-201_task-s2;sub-011_ses-301_task-s2	196	2	38	sub-011	ses-105	task-s2	1;2;3	2;2;2
539	540	539	540	3	3	trialwise	290;2082;3698	290;2082;3698	2;13;24	132;156;4	sub-011_ses-105_task-s2;sub-011_ses-201_task-s2;sub-011_ses-301_task-s2	290	2	132	sub-011	ses-105	task-s2	1;2;3	2;2;2
540	541	540	541	3	3	trialwise	586;2324;4092	586;2324;4092	4;15;26	110;80;80	sub-011_ses-102_task-s4;sub-011_ses-202_task-s4;sub-011_ses-302_task-s4	586	4	110	sub-011	ses-102	task-s4	1;2;3	4;4;4
541	542	541	542	3	3	trialwise	1127;2928;4731	1127;2928;4731	8;19;30	18;51;86	sub-011_ses-104_task-s8;sub-011_ses-203_task-s8;sub-011_ses-303_task-s8	1127	8	18	sub-011	ses-104	task-s8	1;2;3	8;8;8
542	543	542	543	3	3	trialwise	87;1837;3690	87;1837;3690	1;12;23	88;70;155	sub-011_ses-105_task-s1;sub-011_ses-201_task-s1;sub-011_ses-301_task-s1	87	1	88	sub-011	ses-105	task-s1	1;2;3	1;1;1
543	544	543	544	3	3	trialwise	464;2224;3935	464;2224;3935	3;14;25	147;139;82	sub-011_ses-102_task-s3;sub-011_ses-201_task-s3;sub-011_ses-305_task-s3	464	3	147	sub-011	ses-102	task-s3	1;2;3	3;3;3
544	545	544	545	3	3	trialwise	983;2810;4561	983;2810;4561	7;18;29	32;91;74	sub-011_ses-104_task-s7;sub-011_ses-203_task-s7;sub-011_ses-304_task-s7	983	7	32	sub-011	ses-104	task-s7	1;2;3	7;7;7
545	546	545	546	3	3	trialwise	223;1982;3707	223;1982;3707	2;13;24	65;56;13	sub-011_ses-105_task-s2;sub-011_ses-201_task-s2;sub-011_ses-301_task-s2	223	2	65	sub-011	ses-105	task-s2	1;2;3	2;2;2
546	547	546	547	3	3	trialwise	1026;2869;4638	1026;2869;4638	7;18;29	75;150;151	sub-011_ses-104_task-s7;sub-011_ses-203_task-s7;sub-011_ses-304_task-s7	1026	7	75	sub-011	ses-104	task-s7	1;2;3	7;7;7
547	548	547	548	3	3	trialwise	571;2399;4167	571;2399;4167	4;15;26	95;155;155	sub-011_ses-102_task-s4;sub-011_ses-202_task-s4;sub-011_ses-302_task-s4	571	4	95	sub-011	ses-102	task-s4	1;2;3	4;4;4
548	549	548	549	3	3	trialwise	757;2446;4269	757;2446;4269	5;16;27	122;43;98	sub-011_ses-103_task-s5;sub-011_ses-202_task-s5;sub-011_ses-302_task-s5	757	5	122	sub-011	ses-103	task-s5	1;2;3	5;5;5
549	550	549	550	3	3	trialwise	159;1983;3771	159;1983;3771	2;13;24	1;57;77	sub-011_ses-105_task-s2;sub-011_ses-201_task-s2;sub-011_ses-301_task-s2	159	2	1	sub-011	ses-105	task-s2	1;2;3	2;2;2
550	551	550	551	3	3	trialwise	109;1817;3683	109;1817;3683	1;12;23	110;50;148	sub-011_ses-105_task-s1;sub-011_ses-201_task-s1;sub-011_ses-301_task-s1	109	1	110	sub-011	ses-105	task-s1	1;2;3	1;1;1
551	552	551	552	3	3	trialwise	576;2301;4069	576;2301;4069	4;15;26	100;57;57	sub-011_ses-102_task-s4;sub-011_ses-202_task-s4;sub-011_ses-302_task-s4	576	4	100	sub-011	ses-102	task-s4	1;2;3	4;4;4
552	553	552	553	3	3	trialwise	428;2148;3974	428;2148;3974	3;14;25	111;63;121	sub-011_ses-102_task-s3;sub-011_ses-201_task-s3;sub-011_ses-305_task-s3	428	3	111	sub-011	ses-102	task-s3	1;2;3	3;3;3
553	554	553	554	3	3	trialwise	919;2718;4481	919;2718;4481	6;17;28	126;157;152	sub-011_ses-103_task-s6;sub-011_ses-202_task-s6;sub-011_ses-302_task-s6	919	6	126	sub-011	ses-103	task-s6	1;2;3	6;6;6
554	555	554	555	3	3	trialwise	519;2338;4106	519;2338;4106	4;15;26	43;94;94	sub-011_ses-102_task-s4;sub-011_ses-202_task-s4;sub-011_ses-302_task-s4	519	4	43	sub-011	ses-102	task-s4	1;2;3	4;4;4
555	556	555	556	3	3	trialwise	1073;2764;4553	1073;2764;4553	7;18;29	122;45;66	sub-011_ses-104_task-s7;sub-011_ses-203_task-s7;sub-011_ses-304_task-s7	1073	7	122	sub-011	ses-104	task-s7	1;2;3	7;7;7
556	557	556	557	3	3	trialwise	62;1879;3638	62;1879;3638	1;12;23	63;112;103	sub-011_ses-105_task-s1;sub-011_ses-201_task-s1;sub-011_ses-301_task-s1	62	1	63	sub-011	ses-105	task-s1	1;2;3	1;1;1
557	558	557	558	3	3	trialwise	1018;2847;4612	1018;2847;4612	7;18;29	67;128;125	sub-011_ses-104_task-s7;sub-011_ses-203_task-s7;sub-011_ses-304_task-s7	1018	7	67	sub-011	ses-104	task-s7	1;2;3	7;7;7
558	559	558	559	3	3	trialwise	253;2083;3742	253;2083;3742	2;13;24	95;157;48	sub-011_ses-105_task-s2;sub-011_ses-201_task-s2;sub-011_ses-301_task-s2	253	2	95	sub-011	ses-105	task-s2	1;2;3	2;2;2
559	560	559	560	3	3	trialwise	601;2281;4049	601;2281;4049	4;15;26	125;37;37	sub-011_ses-102_task-s4;sub-011_ses-202_task-s4;sub-011_ses-302_task-s4	601	4	125	sub-011	ses-102	task-s4	1;2;3	4;4;4
560	561	560	561	3	3	trialwise	353;2175;3999	353;2175;3999	3;14;25	36;90;146	sub-011_ses-102_task-s3;sub-011_ses-201_task-s3;sub-011_ses-305_task-s3	353	3	36	sub-011	ses-102	task-s3	1;2;3	3;3;3
561	562	561	562	3	3	trialwise	1206;2925;4667	1206;2925;4667	8;19;30	97;48;22	sub-011_ses-104_task-s8;sub-011_ses-203_task-s8;sub-011_ses-303_task-s8	1206	8	97	sub-011	ses-104	task-s8	1;2;3	8;8;8
562	563	562	563	3	3	trialwise	680;2516;4257	680;2516;4257	5;16;27	45;113;86	sub-011_ses-103_task-s5;sub-011_ses-202_task-s5;sub-011_ses-302_task-s5	680	5	45	sub-011	ses-103	task-s5	1;2;3	5;5;5
563	564	563	564	3	3	trialwise	963;2783;4534	963;2783;4534	7;18;29	12;64;47	sub-011_ses-104_task-s7;sub-011_ses-203_task-s7;sub-011_ses-304_task-s7	963	7	12	sub-011	ses-104	task-s7	1;2;3	7;7;7
564	565	564	565	3	3	trialwise	908;2670;4355	908;2670;4355	6;17;28	115;109;26	sub-011_ses-103_task-s6;sub-011_ses-202_task-s6;sub-011_ses-302_task-s6	908	6	115	sub-011	ses-103	task-s6	1;2;3	6;6;6
565	566	565	566	3	3	trialwise	1242;2998;4671	1242;2998;4671	8;19;30	133;121;26	sub-011_ses-104_task-s8;sub-011_ses-203_task-s8;sub-011_ses-303_task-s8	1242	8	133	sub-011	ses-104	task-s8	1;2;3	8;8;8
566	567	566	567	3	3	trialwise	446;2159;3968	446;2159;3968	3;14;25	129;74;115	sub-011_ses-102_task-s3;sub-011_ses-201_task-s3;sub-011_ses-305_task-s3	446	3	129	sub-011	ses-102	task-s3	1;2;3	3;3;3
567	568	567	568	3	3	trialwise	83;1780;3584	83;1780;3584	1;12;23	84;13;49	sub-011_ses-105_task-s1;sub-011_ses-201_task-s1;sub-011_ses-301_task-s1	83	1	84	sub-011	ses-105	task-s1	1;2;3	1;1;1
568	569	568	569	3	3	trialwise	4;1870;3672	4;1870;3672	1;12;23	5;103;137	sub-011_ses-105_task-s1;sub-011_ses-201_task-s1;sub-011_ses-301_task-s1	4	1	5	sub-011	ses-105	task-s1	1;2;3	1;1;1
569	570	569	570	3	3	trialwise	493;2357;4125	493;2357;4125	4;15;26	17;113;113	sub-011_ses-102_task-s4;sub-011_ses-202_task-s4;sub-011_ses-302_task-s4	493	4	17	sub-011	ses-102	task-s4	1;2;3	4;4;4
570	571	570	571	3	3	trialwise	1024;2875;4606	1024;2875;4606	7;18;29	73;156;119	sub-011_ses-104_task-s7;sub-011_ses-203_task-s7;sub-011_ses-304_task-s7	1024	7	73	sub-011	ses-104	task-s7	1;2;3	7;7;7
571	572	571	572	3	3	trialwise	345;2173;3895	345;2173;3895	3;14;25	28;88;42	sub-011_ses-102_task-s3;sub-011_ses-201_task-s3;sub-011_ses-305_task-s3	345	3	28	sub-011	ses-102	task-s3	1;2;3	3;3;3
572	573	572	573	3	3	trialwise	867;2680;4335	867;2680;4335	6;17;28	74;119;6	sub-011_ses-103_task-s6;sub-011_ses-202_task-s6;sub-011_ses-302_task-s6	867	6	74	sub-011	ses-103	task-s6	1;2;3	6;6;6
573	574	573	574	3	3	trialwise	1260;2951;4690	1260;2951;4690	8;19;30	151;74;45	sub-011_ses-104_task-s8;sub-011_ses-203_task-s8;sub-011_ses-303_task-s8	1260	8	151	sub-011	ses-104	task-s8	1;2;3	8;8;8
574	575	574	575	3	3	trialwise	1225;2987;4776	1225;2987;4776	8;19;30	116;110;131	sub-011_ses-104_task-s8;sub-011_ses-203_task-s8;sub-011_ses-303_task-s8	1225	8	116	sub-011	ses-104	task-s8	1;2;3	8;8;8
575	576	575	576	3	3	trialwise	1162;3031;4688	1162;3031;4688	8;19;30	53;154;43	sub-011_ses-104_task-s8;sub-011_ses-203_task-s8;sub-011_ses-303_task-s8	1162	8	53	sub-011	ses-104	task-s8	1;2;3	8;8;8
576	577	576	577	3	3	trialwise	1106;2815;4523	1106;2815;4523	7;18;29	155;96;36	sub-011_ses-104_task-s7;sub-011_ses-203_task-s7;sub-011_ses-304_task-s7	1106	7	155	sub-011	ses-104	task-s7	1;2;3	7;7;7
577	578	577	578	3	3	trialwise	999;2801;4623	999;2801;4623	7;18;29	48;82;136	sub-011_ses-104_task-s7;sub-011_ses-203_task-s7;sub-011_ses-304_task-s7	999	7	48	sub-011	ses-104	task-s7	1;2;3	7;7;7
578	579	578	579	3	3	trialwise	13;1774;3670	13;1774;3670	1;12;23	14;7;135	sub-011_ses-105_task-s1;sub-011_ses-201_task-s1;sub-011_ses-301_task-s1	13	1	14	sub-011	ses-105	task-s1	1;2;3	1;1;1
579	580	579	580	3	3	trialwise	285;1970;3752	285;1970;3752	2;13;24	127;44;58	sub-011_ses-105_task-s2;sub-011_ses-201_task-s2;sub-011_ses-301_task-s2	285	2	127	sub-011	ses-105	task-s2	1;2;3	2;2;2
580	581	580	581	3	3	trialwise	1033;2722;4569	1033;2722;4569	7;18;29	82;3;82	sub-011_ses-104_task-s7;sub-011_ses-203_task-s7;sub-011_ses-304_task-s7	1033	7	82	sub-011	ses-104	task-s7	1;2;3	7;7;7
581	582	581	582	3	3	trialwise	977;2828;4626	977;2828;4626	7;18;29	26;109;139	sub-011_ses-104_task-s7;sub-011_ses-203_task-s7;sub-011_ses-304_task-s7	977	7	26	sub-011	ses-104	task-s7	1;2;3	7;7;7
582	583	582	583	3	3	trialwise	93;1770;3629	93;1770;3629	1;12;23	94;3;94	sub-011_ses-105_task-s1;sub-011_ses-201_task-s1;sub-011_ses-301_task-s1	93	1	94	sub-011	ses-105	task-s1	1;2;3	1;1;1
583	584	583	584	3	3	trialwise	131;1823;3539	131;1823;3539	1;12;23	132;56;4	sub-011_ses-105_task-s1;sub-011_ses-201_task-s1;sub-011_ses-301_task-s1	131	1	132	sub-011	ses-105	task-s1	1;2;3	1;1;1
584	585	584	585	3	3	trialwise	716;2510;4195	716;2510;4195	5;16;27	81;107;24	sub-011_ses-103_task-s5;sub-011_ses-202_task-s5;sub-011_ses-302_task-s5	716	5	81	sub-011	ses-103	task-s5	1;2;3	5;5;5
585	586	585	586	3	3	trialwise	1147;2932;4770	1147;2932;4770	8;19;30	38;55;125	sub-011_ses-104_task-s8;sub-011_ses-203_task-s8;sub-011_ses-303_task-s8	1147	8	38	sub-011	ses-104	task-s8	1;2;3	8;8;8
586	587	586	587	3	3	trialwise	451;2126;3950	451;2126;3950	3;14;25	134;41;97	sub-011_ses-102_task-s3;sub-011_ses-201_task-s3;sub-011_ses-305_task-s3	451	3	134	sub-011	ses-102	task-s3	1;2;3	3;3;3
587	588	587	588	3	3	trialwise	1004;2877;4634	1004;2877;4634	7;18;29	53;158;147	sub-011_ses-104_task-s7;sub-011_ses-203_task-s7;sub-011_ses-304_task-s7	1004	7	53	sub-011	ses-104	task-s7	1;2;3	7;7;7
588	589	588	589	3	3	trialwise	314;2012;3764	314;2012;3764	2;13;24	156;86;70	sub-011_ses-105_task-s2;sub-011_ses-201_task-s2;sub-011_ses-301_task-s2	314	2	156	sub-011	ses-105	task-s2	1;2;3	2;2;2
589	590	589	590	3	3	trialwise	745;2424;4241	745;2424;4241	5;16;27	110;21;70	sub-011_ses-103_task-s5;sub-011_ses-202_task-s5;sub-011_ses-302_task-s5	745	5	110	sub-011	ses-103	task-s5	1;2;3	5;5;5
590	591	590	591	3	3	trialwise	945;2611;4341	945;2611;4341	6;17;28	152;50;12	sub-011_ses-103_task-s6;sub-011_ses-202_task-s6;sub-011_ses-302_task-s6	945	6	152	sub-011	ses-103	task-s6	1;2;3	6;6;6
591	592	591	592	3	3	trialwise	998;2804;4585	998;2804;4585	7;18;29	47;85;98	sub-011_ses-104_task-s7;sub-011_ses-203_task-s7;sub-011_ses-304_task-s7	998	7	47	sub-011	ses-104	task-s7	1;2;3	7;7;7
592	593	592	593	3	3	trialwise	307;1991;3741	307;1991;3741	2;13;24	149;65;47	sub-011_ses-105_task-s2;sub-011_ses-201_task-s2;sub-011_ses-301_task-s2	307	2	149	sub-011	ses-105	task-s2	1;2;3	2;2;2
593	594	593	594	3	3	trialwise	1056;2822;4501	1056;2822;4501	7;18;29	105;103;14	sub-011_ses-104_task-s7;sub-011_ses-203_task-s7;sub-011_ses-304_task-s7	1056	7	105	sub-011	ses-104	task-s7	1;2;3	7;7;7
594	595	594	595	3	3	trialwise	827;2591;4349	827;2591;4349	6;17;28	34;30;20	sub-011_ses-103_task-s6;sub-011_ses-202_task-s6;sub-011_ses-302_task-s6	827	6	34	sub-011	ses-103	task-s6	1;2;3	6;6;6
595	596	595	596	3	3	trialwise	819;2597;4344	819;2597;4344	6;17;28	26;36;15	sub-011_ses-103_task-s6;sub-011_ses-202_task-s6;sub-011_ses-302_task-s6	819	6	26	sub-011	ses-103	task-s6	1;2;3	6;6;6
596	597	596	597	3	3	trialwise	1001;2787;4628	1001;2787;4628	7;18;29	50;68;141	sub-011_ses-104_task-s7;sub-011_ses-203_task-s7;sub-011_ses-304_task-s7	1001	7	50	sub-011	ses-104	task-s7	1;2;3	7;7;7
597	598	597	598	3	3	trialwise	747;2543;4295	747;2543;4295	5;16;27	112;140;124	sub-011_ses-103_task-s5;sub-011_ses-202_task-s5;sub-011_ses-302_task-s5	747	5	112	sub-011	ses-103	task-s5	1;2;3	5;5;5
598	599	598	599	3	3	trialwise	1239;2942;4686	1239;2942;4686	8;19;30	130;65;41	sub-011_ses-104_task-s8;sub-011_ses-203_task-s8;sub-011_ses-303_task-s8	1239	8	130	sub-011	ses-104	task-s8	1;2;3	8;8;8
599	600	599	600	3	3	trialwise	914;2630;4360	914;2630;4360	6;17;28	121;69;31	sub-011_ses-103_task-s6;sub-011_ses-202_task-s6;sub-011_ses-302_task-s6	914	6	121	sub-011	ses-103	task-s6	1;2;3	6;6;6
600	601	600	601	3	3	trialwise	360;2176;4003	360;2176;4003	3;14;25	43;91;150	sub-011_ses-102_task-s3;sub-011_ses-201_task-s3;sub-011_ses-305_task-s3	360	3	43	sub-011	ses-102	task-s3	1;2;3	3;3;3
601	602	601	602	3	3	trialwise	608;2288;4056	608;2288;4056	4;15;26	132;44;44	sub-011_ses-102_task-s4;sub-011_ses-202_task-s4;sub-011_ses-302_task-s4	608	4	132	sub-011	ses-102	task-s4	1;2;3	4;4;4
602	603	602	603	3	3	trialwise	1197;3021;4790	1197;3021;4790	8;19;30	88;144;145	sub-011_ses-104_task-s8;sub-011_ses-203_task-s8;sub-011_ses-303_task-s8	1197	8	88	sub-011	ses-104	task-s8	1;2;3	8;8;8
603	604	603	604	3	3	trialwise	502;2325;4093	502;2325;4093	4;15;26	26;81;81	sub-011_ses-102_task-s4;sub-011_ses-202_task-s4;sub-011_ses-302_task-s4	502	4	26	sub-011	ses-102	task-s4	1;2;3	4;4;4
604	605	604	605	3	3	trialwise	407;2201;3860	407;2201;3860	3;14;25	90;116;7	sub-011_ses-102_task-s3;sub-011_ses-201_task-s3;sub-011_ses-305_task-s3	407	3	90	sub-011	ses-102	task-s3	1;2;3	3;3;3
605	606	605	606	3	3	trialwise	1142;2906;4703	1142;2906;4703	8;19;30	33;29;58	sub-011_ses-104_task-s8;sub-011_ses-203_task-s8;sub-011_ses-303_task-s8	1142	8	33	sub-011	ses-104	task-s8	1;2;3	8;8;8
606	607	606	607	3	3	trialwise	934;2649;4476	934;2649;4476	6;17;28	141;88;147	sub-011_ses-103_task-s6;sub-011_ses-202_task-s6;sub-011_ses-302_task-s6	934	6	141	sub-011	ses-103	task-s6	1;2;3	6;6;6
607	608	607	608	3	3	trialwise	325;2091;3920	325;2091;3920	3;14;25	8;6;67	sub-011_ses-102_task-s3;sub-011_ses-201_task-s3;sub-011_ses-305_task-s3	325	3	8	sub-011	ses-102	task-s3	1;2;3	3;3;3
608	609	608	609	3	3	trialwise	650;2459;4190	650;2459;4190	5;16;27	15;56;19	sub-011_ses-103_task-s5;sub-011_ses-202_task-s5;sub-011_ses-302_task-s5	650	5	15	sub-011	ses-103	task-s5	1;2;3	5;5;5
609	610	609	610	3	3	trialwise	1119;2995;4681	1119;2995;4681	8;19;30	10;118;36	sub-011_ses-104_task-s8;sub-011_ses-203_task-s8;sub-011_ses-303_task-s8	1119	8	10	sub-011	ses-104	task-s8	1;2;3	8;8;8
610	611	610	611	3	3	trialwise	664;2555;4252	664;2555;4252	5;16;27	29;152;81	sub-011_ses-103_task-s5;sub-011_ses-202_task-s5;sub-011_ses-302_task-s5	664	5	29	sub-011	ses-103	task-s5	1;2;3	5;5;5
611	612	611	612	3	3	trialwise	491;2352;4120	491;2352;4120	4;15;26	15;108;108	sub-011_ses-102_task-s4;sub-011_ses-202_task-s4;sub-011_ses-302_task-s4	491	4	15	sub-011	ses-102	task-s4	1;2;3	4;4;4
612	613	612	613	3	3	trialwise	708;2416;4198	708;2416;4198	5;16;27	73;13;27	sub-011_ses-103_task-s5;sub-011_ses-202_task-s5;sub-011_ses-302_task-s5	708	5	73	sub-011	ses-103	task-s5	1;2;3	5;5;5
613	614	613	614	3	3	trialwise	224;1943;3779	224;1943;3779	2;13;24	66;17;85	sub-011_ses-105_task-s2;sub-011_ses-201_task-s2;sub-011_ses-301_task-s2	224	2	66	sub-011	ses-105	task-s2	1;2;3	2;2;2
614	615	614	615	3	3	trialwise	498;2381;4149	498;2381;4149	4;15;26	22;137;137	sub-011_ses-102_task-s4;sub-011_ses-202_task-s4;sub-011_ses-302_task-s4	498	4	22	sub-011	ses-102	task-s4	1;2;3	4;4;4
615	616	615	616	3	3	trialwise	984;2796;4581	984;2796;4581	7;18;29	33;77;94	sub-011_ses-104_task-s7;sub-011_ses-203_task-s7;sub-011_ses-304_task-s7	984	7	33	sub-011	ses-104	task-s7	1;2;3	7;7;7
616	617	616	617	3	3	trialwise	935;2607;4337	935;2607;4337	6;17;28	142;46;8	sub-011_ses-103_task-s6;sub-011_ses-202_task-s6;sub-011_ses-302_task-s6	935	6	142	sub-011	ses-103	task-s6	1;2;3	6;6;6
617	618	617	618	3	3	trialwise	554;2397;4165	554;2397;4165	4;15;26	78;153;153	sub-011_ses-102_task-s4;sub-011_ses-202_task-s4;sub-011_ses-302_task-s4	554	4	78	sub-011	ses-102	task-s4	1;2;3	4;4;4
618	619	618	619	3	3	trialwise	638;2560;4249	638;2560;4249	5;16;27	3;157;78	sub-011_ses-103_task-s5;sub-011_ses-202_task-s5;sub-011_ses-302_task-s5	638	5	3	sub-011	ses-103	task-s5	1;2;3	5;5;5
619	620	619	620	3	3	trialwise	532;2331;4099	532;2331;4099	4;15;26	56;87;87	sub-011_ses-102_task-s4;sub-011_ses-202_task-s4;sub-011_ses-302_task-s4	532	4	56	sub-011	ses-102	task-s4	1;2;3	4;4;4
620	621	620	621	3	3	trialwise	849;2620;4390	849;2620;4390	6;17;28	56;59;61	sub-011_ses-103_task-s6;sub-011_ses-202_task-s6;sub-011_ses-302_task-s6	849	6	56	sub-011	ses-103	task-s6	1;2;3	6;6;6
621	622	621	622	3	3	trialwise	1009;2836;4586	1009;2836;4586	7;18;29	58;117;99	sub-011_ses-104_task-s7;sub-011_ses-203_task-s7;sub-011_ses-304_task-s7	1009	7	58	sub-011	ses-104	task-s7	1;2;3	7;7;7
622	623	622	623	3	3	trialwise	787;2524;4281	787;2524;4281	5;16;27	152;121;110	sub-011_ses-103_task-s5;sub-011_ses-202_task-s5;sub-011_ses-302_task-s5	787	5	152	sub-011	ses-103	task-s5	1;2;3	5;5;5
623	624	623	624	3	3	trialwise	824;2706;4467	824;2706;4467	6;17;28	31;145;138	sub-011_ses-103_task-s6;sub-011_ses-202_task-s6;sub-011_ses-302_task-s6	824	6	31	sub-011	ses-103	task-s6	1;2;3	6;6;6
624	625	624	625	3	3	trialwise	958;2846;4601	958;2846;4601	7;18;29	7;127;114	sub-011_ses-104_task-s7;sub-011_ses-203_task-s7;sub-011_ses-304_task-s7	958	7	7	sub-011	ses-104	task-s7	1;2;3	7;7;7
625	626	625	626	3	3	trialwise	913;2676;4416	913;2676;4416	6;17;28	120;115;87	sub-011_ses-103_task-s6;sub-011_ses-202_task-s6;sub-011_ses-302_task-s6	913	6	120	sub-011	ses-103	task-s6	1;2;3	6;6;6
626	627	626	627	3	3	trialwise	50;1855;3611	50;1855;3611	1;12;23	51;88;76	sub-011_ses-105_task-s1;sub-011_ses-201_task-s1;sub-011_ses-301_task-s1	50	1	51	sub-011	ses-105	task-s1	1;2;3	1;1;1
627	628	627	628	3	3	trialwise	782;2480;4227	782;2480;4227	5;16;27	147;77;56	sub-011_ses-103_task-s5;sub-011_ses-202_task-s5;sub-011_ses-302_task-s5	782	5	147	sub-011	ses-103	task-s5	1;2;3	5;5;5
628	629	628	629	3	3	trialwise	106;1843;3564	106;1843;3564	1;12;23	107;76;29	sub-011_ses-105_task-s1;sub-011_ses-201_task-s1;sub-011_ses-301_task-s1	106	1	107	sub-011	ses-105	task-s1	1;2;3	1;1;1
629	630	629	630	3	3	trialwise	855;2598;4408	855;2598;4408	6;17;28	62;37;79	sub-011_ses-103_task-s6;sub-011_ses-202_task-s6;sub-011_ses-302_task-s6	855	6	62	sub-011	ses-103	task-s6	1;2;3	6;6;6
630	631	630	631	3	3	trialwise	20;1891;3642	20;1891;3642	1;12;23	21;124;107	sub-011_ses-105_task-s1;sub-011_ses-201_task-s1;sub-011_ses-301_task-s1	20	1	21	sub-011	ses-105	task-s1	1;2;3	1;1;1
631	632	631	632	3	3	trialwise	47;1799;3619	47;1799;3619	1;12;23	48;32;84	sub-011_ses-105_task-s1;sub-011_ses-201_task-s1;sub-011_ses-301_task-s1	47	1	48	sub-011	ses-105	task-s1	1;2;3	1;1;1
632	633	632	633	3	3	trialwise	873;2624;4460	873;2624;4460	6;17;28	80;63;131	sub-011_ses-103_task-s6;sub-011_ses-202_task-s6;sub-011_ses-302_task-s6	873	6	80	sub-011	ses-103	task-s6	1;2;3	6;6;6
633	634	633	634	3	3	trialwise	368;2098;3976	368;2098;3976	3;14;25	51;13;123	sub-011_ses-102_task-s3;sub-011_ses-201_task-s3;sub-011_ses-305_task-s3	368	3	51	sub-011	ses-102	task-s3	1;2;3	3;3;3
634	635	634	635	3	3	trialwise	874;2569;4339	874;2569;4339	6;17;28	81;8;10	sub-011_ses-103_task-s6;sub-011_ses-202_task-s6;sub-011_ses-302_task-s6	874	6	81	sub-011	ses-103	task-s6	1;2;3	6;6;6
635	636	635	636	3	3	trialwise	465;2188;3927	465;2188;3927	3;14;25	148;103;74	sub-011_ses-102_task-s3;sub-011_ses-201_task-s3;sub-011_ses-305_task-s3	465	3	148	sub-011	ses-102	task-s3	1;2;3	3;3;3
636	637	636	637	3	3	trialwise	1219;2956;4687	1219;2956;4687	8;19;30	110;79;42	sub-011_ses-104_task-s8;sub-011_ses-203_task-s8;sub-011_ses-303_task-s8	1219	8	110	sub-011	ses-104	task-s8	1;2;3	8;8;8
637	638	637	638	3	3	trialwise	376;2087;3914	376;2087;3914	3;14;25	59;2;61	sub-011_ses-102_task-s3;sub-011_ses-201_task-s3;sub-011_ses-305_task-s3	376	3	59	sub-011	ses-102	task-s3	1;2;3	3;3;3
638	639	638	639	3	3	trialwise	835;2595;4437	835;2595;4437	6;17;28	42;34;108	sub-011_ses-103_task-s6;sub-011_ses-202_task-s6;sub-011_ses-302_task-s6	835	6	42	sub-011	ses-103	task-s6	1;2;3	6;6;6
639	640	639	640	3	3	trialwise	1081;2755;4636	1081;2755;4636	7;18;29	130;36;149	sub-011_ses-104_task-s7;sub-011_ses-203_task-s7;sub-011_ses-304_task-s7	1081	7	130	sub-011	ses-104	task-s7	1;2;3	7;7;7
640	641	640	641	3	3	trialwise	739;2442;4224	739;2442;4224	5;16;27	104;39;53	sub-011_ses-103_task-s5;sub-011_ses-202_task-s5;sub-011_ses-302_task-s5	739	5	104	sub-011	ses-103	task-s5	1;2;3	5;5;5
641	642	641	642	3	3	trialwise	485;2266;4034	485;2266;4034	4;15;26	9;22;22	sub-011_ses-102_task-s4;sub-011_ses-202_task-s4;sub-011_ses-302_task-s4	485	4	9	sub-011	ses-102	task-s4	1;2;3	4;4;4
642	643	642	643	3	3	trialwise	10;1853;3622	10;1853;3622	1;12;23	11;86;87	sub-011_ses-105_task-s1;sub-011_ses-201_task-s1;sub-011_ses-301_task-s1	10	1	11	sub-011	ses-105	task-s1	1;2;3	1;1;1
643	644	643	644	3	3	trialwise	959;2811;4609	959;2811;4609	7;18;29	8;92;122	sub-011_ses-104_task-s7;sub-011_ses-203_task-s7;sub-011_ses-304_task-s7	959	7	8	sub-011	ses-104	task-s7	1;2;3	7;7;7
644	645	644	645	3	3	trialwise	323;2182;3987	323;2182;3987	3;14;25	6;97;134	sub-011_ses-102_task-s3;sub-011_ses-201_task-s3;sub-011_ses-305_task-s3	323	3	6	sub-011	ses-102	task-s3	1;2;3	3;3;3
645	646	645	646	3	3	trialwise	76;1923;3560	76;1923;3560	1;12;23	77;156;25	sub-011_ses-105_task-s1;sub-011_ses-201_task-s1;sub-011_ses-301_task-s1	76	1	77	sub-011	ses-105	task-s1	1;2;3	1;1;1
646	647	646	647	3	3	trialwise	1129;3009;4740	1129;3009;4740	8;19;30	20;132;95	sub-011_ses-104_task-s8;sub-011_ses-203_task-s8;sub-011_ses-303_task-s8	1129	8	20	sub-011	ses-104	task-s8	1;2;3	8;8;8
647	648	647	648	3	3	trialwise	416;2244;3859	416;2244;3859	3;14;25	99;159;6	sub-011_ses-102_task-s3;sub-011_ses-201_task-s3;sub-011_ses-305_task-s3	416	3	99	sub-011	ses-102	task-s3	1;2;3	3;3;3
648	649	648	649	3	3	trialwise	1080;2823;4556	1080;2823;4556	7;18;29	129;104;69	sub-011_ses-104_task-s7;sub-011_ses-203_task-s7;sub-011_ses-304_task-s7	1080	7	129	sub-011	ses-104	task-s7	1;2;3	7;7;7
649	650	649	650	3	3	trialwise	893;2694;4370	893;2694;4370	6;17;28	100;133;41	sub-011_ses-103_task-s6;sub-011_ses-202_task-s6;sub-011_ses-302_task-s6	893	6	100	sub-011	ses-103	task-s6	1;2;3	6;6;6
650	651	650	651	3	3	trialwise	364;2225;3862	364;2225;3862	3;14;25	47;140;9	sub-011_ses-102_task-s3;sub-011_ses-201_task-s3;sub-011_ses-305_task-s3	364	3	47	sub-011	ses-102	task-s3	1;2;3	3;3;3
651	652	651	652	3	3	trialwise	898;2608;4338	898;2608;4338	6;17;28	105;47;9	sub-011_ses-103_task-s6;sub-011_ses-202_task-s6;sub-011_ses-302_task-s6	898	6	105	sub-011	ses-103	task-s6	1;2;3	6;6;6
652	653	652	653	3	3	trialwise	1265;2936;4719	1265;2936;4719	8;19;30	156;59;74	sub-011_ses-104_task-s8;sub-011_ses-203_task-s8;sub-011_ses-303_task-s8	1265	8	156	sub-011	ses-104	task-s8	1;2;3	8;8;8
653	654	653	654	3	3	trialwise	375;2161;3990	375;2161;3990	3;14;25	58;76;137	sub-011_ses-102_task-s3;sub-011_ses-201_task-s3;sub-011_ses-305_task-s3	375	3	58	sub-011	ses-102	task-s3	1;2;3	3;3;3
654	655	654	655	3	3	trialwise	1255;3020;4705	1255;3020;4705	8;19;30	146;143;60	sub-011_ses-104_task-s8;sub-011_ses-203_task-s8;sub-011_ses-303_task-s8	1255	8	146	sub-011	ses-104	task-s8	1;2;3	8;8;8
655	656	655	656	3	3	trialwise	207;2023;3753	207;2023;3753	2;13;24	49;97;59	sub-011_ses-105_task-s2;sub-011_ses-201_task-s2;sub-011_ses-301_task-s2	207	2	49	sub-011	ses-105	task-s2	1;2;3	2;2;2
656	657	656	657	3	3	trialwise	1031;2834;4582	1031;2834;4582	7;18;29	80;115;95	sub-011_ses-104_task-s7;sub-011_ses-203_task-s7;sub-011_ses-304_task-s7	1031	7	80	sub-011	ses-104	task-s7	1;2;3	7;7;7
657	658	657	658	3	3	trialwise	1025;2763;4491	1025;2763;4491	7;18;29	74;44;4	sub-011_ses-104_task-s7;sub-011_ses-203_task-s7;sub-011_ses-304_task-s7	1025	7	74	sub-011	ses-104	task-s7	1;2;3	7;7;7
658	659	658	659	3	3	trialwise	373;2230;3894	373;2230;3894	3;14;25	56;145;41	sub-011_ses-102_task-s3;sub-011_ses-201_task-s3;sub-011_ses-305_task-s3	373	3	56	sub-011	ses-102	task-s3	1;2;3	3;3;3
659	660	659	660	3	3	trialwise	652;2418;4218	652;2418;4218	5;16;27	17;15;47	sub-011_ses-103_task-s5;sub-011_ses-202_task-s5;sub-011_ses-302_task-s5	652	5	17	sub-011	ses-103	task-s5	1;2;3	5;5;5
660	661	660	661	3	3	trialwise	230;1948;3731	230;1948;3731	2;13;24	72;22;37	sub-011_ses-105_task-s2;sub-011_ses-201_task-s2;sub-011_ses-301_task-s2	230	2	72	sub-011	ses-105	task-s2	1;2;3	2;2;2
661	662	661	662	3	3	trialwise	895;2688;4428	895;2688;4428	6;17;28	102;127;99	sub-011_ses-103_task-s6;sub-011_ses-202_task-s6;sub-011_ses-302_task-s6	895	6	102	sub-011	ses-103	task-s6	1;2;3	6;6;6
662	663	662	663	3	3	trialwise	152;1791;3621	152;1791;3621	1;12;23	153;24;86	sub-011_ses-105_task-s1;sub-011_ses-201_task-s1;sub-011_ses-301_task-s1	152	1	153	sub-011	ses-105	task-s1	1;2;3	1;1;1
663	664	663	664	3	3	trialwise	689;2513;4308	689;2513;4308	5;16;27	54;110;137	sub-011_ses-103_task-s5;sub-011_ses-202_task-s5;sub-011_ses-302_task-s5	689	5	54	sub-011	ses-103	task-s5	1;2;3	5;5;5
664	665	664	665	3	3	trialwise	815;2602;4429	815;2602;4429	6;17;28	22;41;100	sub-011_ses-103_task-s6;sub-011_ses-202_task-s6;sub-011_ses-302_task-s6	815	6	22	sub-011	ses-103	task-s6	1;2;3	6;6;6
665	666	665	666	3	3	trialwise	579;2270;4038	579;2270;4038	4;15;26	103;26;26	sub-011_ses-102_task-s4;sub-011_ses-202_task-s4;sub-011_ses-302_task-s4	579	4	103	sub-011	ses-102	task-s4	1;2;3	4;4;4
666	667	666	667	3	3	trialwise	670;2408;4301	670;2408;4301	5;16;27	35;5;130	sub-011_ses-103_task-s5;sub-011_ses-202_task-s5;sub-011_ses-302_task-s5	670	5	35	sub-011	ses-103	task-s5	1;2;3	5;5;5
667	668	667	668	3	3	trialwise	564;2289;4057	564;2289;4057	4;15;26	88;45;45	sub-011_ses-102_task-s4;sub-011_ses-202_task-s4;sub-011_ses-302_task-s4	564	4	88	sub-011	ses-102	task-s4	1;2;3	4;4;4
668	669	668	669	3	3	trialwise	184;2015;3760	184;2015;3760	2;13;24	26;89;66	sub-011_ses-105_task-s2;sub-011_ses-201_task-s2;sub-011_ses-301_task-s2	184	2	26	sub-011	ses-105	task-s2	1;2;3	2;2;2
669	670	669	670	3	3	trialwise	995;2795;4591	995;2795;4591	7;18;29	44;76;104	sub-011_ses-104_task-s7;sub-011_ses-203_task-s7;sub-011_ses-304_task-s7	995	7	44	sub-011	ses-104	task-s7	1;2;3	7;7;7
670	671	670	671	3	3	trialwise	544;2376;4144	544;2376;4144	4;15;26	68;132;132	sub-011_ses-102_task-s4;sub-011_ses-202_task-s4;sub-011_ses-302_task-s4	544	4	68	sub-011	ses-102	task-s4	1;2;3	4;4;4
671	672	671	672	3	3	trialwise	937;2577;4350	937;2577;4350	6;17;28	144;16;21	sub-011_ses-103_task-s6;sub-011_ses-202_task-s6;sub-011_ses-302_task-s6	937	6	144	sub-011	ses-103	task-s6	1;2;3	6;6;6
672	673	672	673	3	3	trialwise	1012;2853;4572	1012;2853;4572	7;18;29	61;134;85	sub-011_ses-104_task-s7;sub-011_ses-203_task-s7;sub-011_ses-304_task-s7	1012	7	61	sub-011	ses-104	task-s7	1;2;3	7;7;7
673	674	673	674	3	3	trialwise	141;1786;3553	141;1786;3553	1;12;23	142;19;18	sub-011_ses-105_task-s1;sub-011_ses-201_task-s1;sub-011_ses-301_task-s1	141	1	142	sub-011	ses-105	task-s1	1;2;3	1;1;1
674	675	674	675	3	3	trialwise	1103;2806;4597	1103;2806;4597	7;18;29	152;87;110	sub-011_ses-104_task-s7;sub-011_ses-203_task-s7;sub-011_ses-304_task-s7	1103	7	152	sub-011	ses-104	task-s7	1;2;3	7;7;7
675	676	675	676	3	3	trialwise	35;1776;3684	35;1776;3684	1;12;23	36;9;149	sub-011_ses-105_task-s1;sub-011_ses-201_task-s1;sub-011_ses-301_task-s1	35	1	36	sub-011	ses-105	task-s1	1;2;3	1;1;1
676	677	676	677	3	3	trialwise	124;1910;3613	124;1910;3613	1;12;23	125;143;78	sub-011_ses-105_task-s1;sub-011_ses-201_task-s1;sub-011_ses-301_task-s1	124	1	125	sub-011	ses-105	task-s1	1;2;3	1;1;1
677	678	677	678	3	3	trialwise	1145;2933;4775	1145;2933;4775	8;19;30	36;56;130	sub-011_ses-104_task-s8;sub-011_ses-203_task-s8;sub-011_ses-303_task-s8	1145	8	36	sub-011	ses-104	task-s8	1;2;3	8;8;8
678	679	678	679	3	3	trialwise	499;2287;4055	499;2287;4055	4;15;26	23;43;43	sub-011_ses-102_task-s4;sub-011_ses-202_task-s4;sub-011_ses-302_task-s4	499	4	23	sub-011	ses-102	task-s4	1;2;3	4;4;4
679	680	679	680	3	3	trialwise	268;2041;3789	268;2041;3789	2;13;24	110;115;95	sub-011_ses-105_task-s2;sub-011_ses-201_task-s2;sub-011_ses-301_task-s2	268	2	110	sub-011	ses-105	task-s2	1;2;3	2;2;2
680	681	680	681	3	3	trialwise	836;2566;4421	836;2566;4421	6;17;28	43;5;92	sub-011_ses-103_task-s6;sub-011_ses-202_task-s6;sub-011_ses-302_task-s6	836	6	43	sub-011	ses-103	task-s6	1;2;3	6;6;6
681	682	681	682	3	3	trialwise	49;1811;3681	49;1811;3681	1;12;23	50;44;146	sub-011_ses-105_task-s1;sub-011_ses-201_task-s1;sub-011_ses-301_task-s1	49	1	50	sub-011	ses-105	task-s1	1;2;3	1;1;1
682	683	682	683	3	3	trialwise	462;2194;3885	462;2194;3885	3;14;25	145;109;32	sub-011_ses-102_task-s3;sub-011_ses-201_task-s3;sub-011_ses-305_task-s3	462	3	145	sub-011	ses-102	task-s3	1;2;3	3;3;3
683	684	683	684	3	3	trialwise	724;2422;4314	724;2422;4314	5;16;27	89;19;143	sub-011_ses-103_task-s5;sub-011_ses-202_task-s5;sub-011_ses-302_task-s5	724	5	89	sub-011	ses-103	task-s5	1;2;3	5;5;5
684	685	684	685	3	3	trialwise	880;2616;4470	880;2616;4470	6;17;28	87;55;141	sub-011_ses-103_task-s6;sub-011_ses-202_task-s6;sub-011_ses-302_task-s6	880	6	87	sub-011	ses-103	task-s6	1;2;3	6;6;6
685	686	685	686	3	3	trialwise	599;2370;4138	599;2370;4138	4;15;26	123;126;126	sub-011_ses-102_task-s4;sub-011_ses-202_task-s4;sub-011_ses-302_task-s4	599	4	123	sub-011	ses-102	task-s4	1;2;3	4;4;4
686	687	686	687	3	3	trialwise	1036;2858;4524	1036;2858;4524	7;18;29	85;139;37	sub-011_ses-104_task-s7;sub-011_ses-203_task-s7;sub-011_ses-304_task-s7	1036	7	85	sub-011	ses-104	task-s7	1;2;3	7;7;7
687	688	687	688	3	3	trialwise	577;2285;4053	577;2285;4053	4;15;26	101;41;41	sub-011_ses-102_task-s4;sub-011_ses-202_task-s4;sub-011_ses-302_task-s4	577	4	101	sub-011	ses-102	task-s4	1;2;3	4;4;4
688	689	688	689	3	3	trialwise	438;2104;3980	438;2104;3980	3;14;25	121;19;127	sub-011_ses-102_task-s3;sub-011_ses-201_task-s3;sub-011_ses-305_task-s3	438	3	121	sub-011	ses-102	task-s3	1;2;3	3;3;3
689	690	689	690	3	3	trialwise	1264;3003;4737	1264;3003;4737	8;19;30	155;126;92	sub-011_ses-104_task-s8;sub-011_ses-203_task-s8;sub-011_ses-303_task-s8	1264	8	155	sub-011	ses-104	task-s8	1;2;3	8;8;8
690	691	690	691	3	3	trialwise	767;2526;4222	767;2526;4222	5;16;27	132;123;51	sub-011_ses-103_task-s5;sub-011_ses-202_task-s5;sub-011_ses-302_task-s5	767	5	132	sub-011	ses-103	task-s5	1;2;3	5;5;5
691	692	691	692	3	3	trialwise	709;2545;4232	709;2545;4232	5;16;27	74;142;61	sub-011_ses-103_task-s5;sub-011_ses-202_task-s5;sub-011_ses-302_task-s5	709	5	74	sub-011	ses-103	task-s5	1;2;3	5;5;5
692	693	692	693	3	3	trialwise	29;1831;3602	29;1831;3602	1;12;23	30;64;67	sub-011_ses-105_task-s1;sub-011_ses-201_task-s1;sub-011_ses-301_task-s1	29	1	30	sub-011	ses-105	task-s1	1;2;3	1;1;1
693	694	693	694	3	3	trialwise	284;2042;3701	284;2042;3701	2;13;24	126;116;7	sub-011_ses-105_task-s2;sub-011_ses-201_task-s2;sub-011_ses-301_task-s2	284	2	126	sub-011	ses-105	task-s2	1;2;3	2;2;2
694	695	694	695	3	3	trialwise	788;2512;4246	788;2512;4246	5;16;27	153;109;75	sub-011_ses-103_task-s5;sub-011_ses-202_task-s5;sub-011_ses-302_task-s5	788	5	153	sub-011	ses-103	task-s5	1;2;3	5;5;5
695	696	695	696	3	3	trialwise	1079;2830;4495	1079;2830;4495	7;18;29	128;111;8	sub-011_ses-104_task-s7;sub-011_ses-203_task-s7;sub-011_ses-304_task-s7	1079	7	128	sub-011	ses-104	task-s7	1;2;3	7;7;7
696	697	696	697	3	3	trialwise	236;2078;3706	236;2078;3706	2;13;24	78;152;12	sub-011_ses-105_task-s2;sub-011_ses-201_task-s2;sub-011_ses-301_task-s2	236	2	78	sub-011	ses-105	task-s2	1;2;3	2;2;2
697	698	697	698	3	3	trialwise	861;2627;4486	861;2627;4486	6;17;28	68;66;157	sub-011_ses-103_task-s6;sub-011_ses-202_task-s6;sub-011_ses-302_task-s6	861	6	68	sub-011	ses-103	task-s6	1;2;3	6;6;6
698	699	698	699	3	3	trialwise	860;2637;4340	860;2637;4340	6;17;28	67;76;11	sub-011_ses-103_task-s6;sub-011_ses-202_task-s6;sub-011_ses-302_task-s6	860	6	67	sub-011	ses-103	task-s6	1;2;3	6;6;6
699	700	699	700	3	3	trialwise	1029;2753;4533	1029;2753;4533	7;18;29	78;34;46	sub-011_ses-104_task-s7;sub-011_ses-203_task-s7;sub-011_ses-304_task-s7	1029	7	78	sub-011	ses-104	task-s7	1;2;3	7;7;7
700	701	700	701	3	3	trialwise	533;2390;4158	533;2390;4158	4;15;26	57;146;146	sub-011_ses-102_task-s4;sub-011_ses-202_task-s4;sub-011_ses-302_task-s4	533	4	57	sub-011	ses-102	task-s4	1;2;3	4;4;4
701	702	701	702	3	3	trialwise	1066;2871;4599	1066;2871;4599	7;18;29	115;152;112	sub-011_ses-104_task-s7;sub-011_ses-203_task-s7;sub-011_ses-304_task-s7	1066	7	115	sub-011	ses-104	task-s7	1;2;3	7;7;7
702	703	702	703	3	3	trialwise	1183;3034;4732	1183;3034;4732	8;19;30	74;157;87	sub-011_ses-104_task-s8;sub-011_ses-203_task-s8;sub-011_ses-303_task-s8	1183	8	74	sub-011	ses-104	task-s8	1;2;3	8;8;8
703	704	703	704	3	3	trialwise	1062;2754;4643	1062;2754;4643	7;18;29	111;35;156	sub-011_ses-104_task-s7;sub-011_ses-203_task-s7;sub-011_ses-304_task-s7	1062	7	111	sub-011	ses-104	task-s7	1;2;3	7;7;7
704	705	704	705	3	3	trialwise	132;1852;3666	132;1852;3666	1;12;23	133;85;131	sub-011_ses-105_task-s1;sub-011_ses-201_task-s1;sub-011_ses-301_task-s1	132	1	133	sub-011	ses-105	task-s1	1;2;3	1;1;1
705	706	705	706	3	3	trialwise	794;2654;4380	794;2654;4380	6;17;28	1;93;51	sub-011_ses-103_task-s6;sub-011_ses-202_task-s6;sub-011_ses-302_task-s6	794	6	1	sub-011	ses-103	task-s6	1;2;3	6;6;6
706	707	706	707	3	3	trialwise	514;2302;4070	514;2302;4070	4;15;26	38;58;58	sub-011_ses-102_task-s4;sub-011_ses-202_task-s4;sub-011_ses-302_task-s4	514	4	38	sub-011	ses-102	task-s4	1;2;3	4;4;4
707	708	707	708	3	3	trialwise	177;2018;3720	177;2018;3720	2;13;24	19;92;26	sub-011_ses-105_task-s2;sub-011_ses-201_task-s2;sub-011_ses-301_task-s2	177	2	19	sub-011	ses-105	task-s2	1;2;3	2;2;2
708	709	708	709	3	3	trialwise	838;2619;4345	838;2619;4345	6;17;28	45;58;16	sub-011_ses-103_task-s6;sub-011_ses-202_task-s6;sub-011_ses-302_task-s6	838	6	45	sub-011	ses-103	task-s6	1;2;3	6;6;6
709	710	709	710	3	3	trialwise	726;2426;4312	726;2426;4312	5;16;27	91;23;141	sub-011_ses-103_task-s5;sub-011_ses-202_task-s5;sub-011_ses-302_task-s5	726	5	91	sub-011	ses-103	task-s5	1;2;3	5;5;5
710	711	710	711	3	3	trialwise	471;2238;3925	471;2238;3925	3;14;25	154;153;72	sub-011_ses-102_task-s3;sub-011_ses-201_task-s3;sub-011_ses-305_task-s3	471	3	154	sub-011	ses-102	task-s3	1;2;3	3;3;3
711	712	711	712	3	3	trialwise	993;2769;4525	993;2769;4525	7;18;29	42;50;38	sub-011_ses-104_task-s7;sub-011_ses-203_task-s7;sub-011_ses-304_task-s7	993	7	42	sub-011	ses-104	task-s7	1;2;3	7;7;7
712	713	712	713	3	3	trialwise	1200;2949;4789	1200;2949;4789	8;19;30	91;72;144	sub-011_ses-104_task-s8;sub-011_ses-203_task-s8;sub-011_ses-303_task-s8	1200	8	91	sub-011	ses-104	task-s8	1;2;3	8;8;8
713	714	713	714	3	3	trialwise	488;2280;4048	488;2280;4048	4;15;26	12;36;36	sub-011_ses-102_task-s4;sub-011_ses-202_task-s4;sub-011_ses-302_task-s4	488	4	12	sub-011	ses-102	task-s4	1;2;3	4;4;4
714	715	714	715	3	3	trialwise	99;1798;3572	99;1798;3572	1;12;23	100;31;37	sub-011_ses-105_task-s1;sub-011_ses-201_task-s1;sub-011_ses-301_task-s1	99	1	100	sub-011	ses-105	task-s1	1;2;3	1;1;1
715	716	715	716	3	3	trialwise	402;2114;3908	402;2114;3908	3;14;25	85;29;55	sub-011_ses-102_task-s3;sub-011_ses-201_task-s3;sub-011_ses-305_task-s3	402	3	85	sub-011	ses-102	task-s3	1;2;3	3;3;3
716	717	716	717	3	3	trialwise	612;2286;4054	612;2286;4054	4;15;26	136;42;42	sub-011_ses-102_task-s4;sub-011_ses-202_task-s4;sub-011_ses-302_task-s4	612	4	136	sub-011	ses-102	task-s4	1;2;3	4;4;4
717	718	717	718	3	3	trialwise	918;2576;4377	918;2576;4377	6;17;28	125;15;48	sub-011_ses-103_task-s6;sub-011_ses-202_task-s6;sub-011_ses-302_task-s6	918	6	125	sub-011	ses-103	task-s6	1;2;3	6;6;6
718	719	718	719	3	3	trialwise	304;1950;3835	304;1950;3835	2;13;24	146;24;141	sub-011_ses-105_task-s2;sub-011_ses-201_task-s2;sub-011_ses-301_task-s2	304	2	146	sub-011	ses-105	task-s2	1;2;3	2;2;2
719	720	719	720	3	3	trialwise	1177;2955;4697	1177;2955;4697	8;19;30	68;78;52	sub-011_ses-104_task-s8;sub-011_ses-203_task-s8;sub-011_ses-303_task-s8	1177	8	68	sub-011	ses-104	task-s8	1;2;3	8;8;8
720	721	720	721	3	3	trialwise	549;2340;4108	549;2340;4108	4;15;26	73;96;96	sub-011_ses-102_task-s4;sub-011_ses-202_task-s4;sub-011_ses-302_task-s4	549	4	73	sub-011	ses-102	task-s4	1;2;3	4;4;4
721	722	721	722	3	3	trialwise	61;1871;3643	61;1871;3643	1;12;23	62;104;108	sub-011_ses-105_task-s1;sub-011_ses-201_task-s1;sub-011_ses-301_task-s1	61	1	62	sub-011	ses-105	task-s1	1;2;3	1;1;1
722	723	722	723	3	3	trialwise	811;2701;4478	811;2701;4478	6;17;28	18;140;149	sub-011_ses-103_task-s6;sub-011_ses-202_task-s6;sub-011_ses-302_task-s6	811	6	18	sub-011	ses-103	task-s6	1;2;3	6;6;6
723	724	723	724	3	3	trialwise	953;2771;4639	953;2771;4639	7;18;29	2;52;152	sub-011_ses-104_task-s7;sub-011_ses-203_task-s7;sub-011_ses-304_task-s7	953	7	2	sub-011	ses-104	task-s7	1;2;3	7;7;7
724	725	724	725	3	3	trialwise	557;2319;4087	557;2319;4087	4;15;26	81;75;75	sub-011_ses-102_task-s4;sub-011_ses-202_task-s4;sub-011_ses-302_task-s4	557	4	81	sub-011	ses-102	task-s4	1;2;3	4;4;4
725	726	725	726	3	3	trialwise	865;2567;4378	865;2567;4378	6;17;28	72;6;49	sub-011_ses-103_task-s6;sub-011_ses-202_task-s6;sub-011_ses-302_task-s6	865	6	72	sub-011	ses-103	task-s6	1;2;3	6;6;6
726	727	726	727	3	3	trialwise	714;2456;4324	714;2456;4324	5;16;27	79;53;153	sub-011_ses-103_task-s5;sub-011_ses-202_task-s5;sub-011_ses-302_task-s5	714	5	79	sub-011	ses-103	task-s5	1;2;3	5;5;5
727	728	727	728	3	3	trialwise	1005;2802;4494	1005;2802;4494	7;18;29	54;83;7	sub-011_ses-104_task-s7;sub-011_ses-203_task-s7;sub-011_ses-304_task-s7	1005	7	54	sub-011	ses-104	task-s7	1;2;3	7;7;7
728	729	728	729	3	3	trialwise	1243;2993;4760	1243;2993;4760	8;19;30	134;116;115	sub-011_ses-104_task-s8;sub-011_ses-203_task-s8;sub-011_ses-303_task-s8	1243	8	134	sub-011	ses-104	task-s8	1;2;3	8;8;8
729	730	729	730	3	3	trialwise	130;1900;3543	130;1900;3543	1;12;23	131;133;8	sub-011_ses-105_task-s1;sub-011_ses-201_task-s1;sub-011_ses-301_task-s1	130	1	131	sub-011	ses-105	task-s1	1;2;3	1;1;1
730	731	730	731	3	3	trialwise	1067;2862;4615	1067;2862;4615	7;18;29	116;143;128	sub-011_ses-104_task-s7;sub-011_ses-203_task-s7;sub-011_ses-304_task-s7	1067	7	116	sub-011	ses-104	task-s7	1;2;3	7;7;7
731	732	731	732	3	3	trialwise	581;2304;4072	581;2304;4072	4;15;26	105;60;60	sub-011_ses-102_task-s4;sub-011_ses-202_task-s4;sub-011_ses-302_task-s4	581	4	105	sub-011	ses-102	task-s4	1;2;3	4;4;4
732	733	732	733	3	3	trialwise	590;2375;4143	590;2375;4143	4;15;26	114;131;131	sub-011_ses-102_task-s4;sub-011_ses-202_task-s4;sub-011_ses-302_task-s4	590	4	114	sub-011	ses-102	task-s4	1;2;3	4;4;4
733	734	733	734	3	3	trialwise	410;2190;3882	410;2190;3882	3;14;25	93;105;29	sub-011_ses-102_task-s3;sub-011_ses-201_task-s3;sub-011_ses-305_task-s3	410	3	93	sub-011	ses-102	task-s3	1;2;3	3;3;3
734	735	734	735	3	3	trialwise	656;2475;4322	656;2475;4322	5;16;27	21;72;151	sub-011_ses-103_task-s5;sub-011_ses-202_task-s5;sub-011_ses-302_task-s5	656	5	21	sub-011	ses-103	task-s5	1;2;3	5;5;5
735	736	735	736	3	3	trialwise	1233;2881;4758	1233;2881;4758	8;19;30	124;4;113	sub-011_ses-104_task-s8;sub-011_ses-203_task-s8;sub-011_ses-303_task-s8	1233	8	124	sub-011	ses-104	task-s8	1;2;3	8;8;8
736	737	736	737	3	3	trialwise	280;2026;3728	280;2026;3728	2;13;24	122;100;34	sub-011_ses-105_task-s2;sub-011_ses-201_task-s2;sub-011_ses-301_task-s2	280	2	122	sub-011	ses-105	task-s2	1;2;3	2;2;2
737	738	737	738	3	3	trialwise	946;2578;4479	946;2578;4479	6;17;28	153;17;150	sub-011_ses-103_task-s6;sub-011_ses-202_task-s6;sub-011_ses-302_task-s6	946	6	153	sub-011	ses-103	task-s6	1;2;3	6;6;6
738	739	738	739	3	3	trialwise	381;2153;3857	381;2153;3857	3;14;25	64;68;4	sub-011_ses-102_task-s3;sub-011_ses-201_task-s3;sub-011_ses-305_task-s3	381	3	64	sub-011	ses-102	task-s3	1;2;3	3;3;3
739	740	739	740	3	3	trialwise	1234;2944;4706	1234;2944;4706	8;19;30	125;67;61	sub-011_ses-104_task-s8;sub-011_ses-203_task-s8;sub-011_ses-303_task-s8	1234	8	125	sub-011	ses-104	task-s8	1;2;3	8;8;8
740	741	740	741	3	3	trialwise	6;1789;3546	6;1789;3546	1;12;23	7;22;11	sub-011_ses-105_task-s1;sub-011_ses-201_task-s1;sub-011_ses-301_task-s1	6	1	7	sub-011	ses-105	task-s1	1;2;3	1;1;1
741	742	741	742	3	3	trialwise	82;1816;3589	82;1816;3589	1;12;23	83;49;54	sub-011_ses-105_task-s1;sub-011_ses-201_task-s1;sub-011_ses-301_task-s1	82	1	83	sub-011	ses-105	task-s1	1;2;3	1;1;1
742	743	742	743	3	3	trialwise	883;2642;4471	883;2642;4471	6;17;28	90;81;142	sub-011_ses-103_task-s6;sub-011_ses-202_task-s6;sub-011_ses-302_task-s6	883	6	90	sub-011	ses-103	task-s6	1;2;3	6;6;6
743	744	743	744	3	3	trialwise	597;2337;4105	597;2337;4105	4;15;26	121;93;93	sub-011_ses-102_task-s4;sub-011_ses-202_task-s4;sub-011_ses-302_task-s4	597	4	121	sub-011	ses-102	task-s4	1;2;3	4;4;4
744	745	744	745	3	3	trialwise	1202;3016;4734	1202;3016;4734	8;19;30	93;139;89	sub-011_ses-104_task-s8;sub-011_ses-203_task-s8;sub-011_ses-303_task-s8	1202	8	93	sub-011	ses-104	task-s8	1;2;3	8;8;8
745	746	745	746	3	3	trialwise	257;1959;3825	257;1959;3825	2;13;24	99;33;131	sub-011_ses-105_task-s2;sub-011_ses-201_task-s2;sub-011_ses-301_task-s2	257	2	99	sub-011	ses-105	task-s2	1;2;3	2;2;2
746	747	746	747	3	3	trialwise	793;2465;4209	793;2465;4209	5;16;27	158;62;38	sub-011_ses-103_task-s5;sub-011_ses-202_task-s5;sub-011_ses-302_task-s5	793	5	158	sub-011	ses-103	task-s5	1;2;3	5;5;5
747	748	747	748	3	3	trialwise	36;1793;3649	36;1793;3649	1;12;23	37;26;114	sub-011_ses-105_task-s1;sub-011_ses-201_task-s1;sub-011_ses-301_task-s1	36	1	37	sub-011	ses-105	task-s1	1;2;3	1;1;1
748	749	748	749	3	3	trialwise	128;1810;3554	128;1810;3554	1;12;23	129;43;19	sub-011_ses-105_task-s1;sub-011_ses-201_task-s1;sub-011_ses-301_task-s1	128	1	129	sub-011	ses-105	task-s1	1;2;3	1;1;1
749	750	749	750	3	3	trialwise	426;2213;3962	426;2213;3962	3;14;25	109;128;109	sub-011_ses-102_task-s3;sub-011_ses-201_task-s3;sub-011_ses-305_task-s3	426	3	109	sub-011	ses-102	task-s3	1;2;3	3;3;3
750	751	750	751	3	3	trialwise	928;2641;4376	928;2641;4376	6;17;28	135;80;47	sub-011_ses-103_task-s6;sub-011_ses-202_task-s6;sub-011_ses-302_task-s6	928	6	135	sub-011	ses-103	task-s6	1;2;3	6;6;6
751	752	751	752	3	3	trialwise	18;1834;3576	18;1834;3576	1;12;23	19;67;41	sub-011_ses-105_task-s1;sub-011_ses-201_task-s1;sub-011_ses-301_task-s1	18	1	19	sub-011	ses-105	task-s1	1;2;3	1;1;1
752	753	752	753	3	3	trialwise	1070;2733;4489	1070;2733;4489	7;18;29	119;14;2	sub-011_ses-104_task-s7;sub-011_ses-203_task-s7;sub-011_ses-304_task-s7	1070	7	119	sub-011	ses-104	task-s7	1;2;3	7;7;7
753	754	753	754	3	3	trialwise	182;2058;3765	182;2058;3765	2;13;24	24;132;71	sub-011_ses-105_task-s2;sub-011_ses-201_task-s2;sub-011_ses-301_task-s2	182	2	24	sub-011	ses-105	task-s2	1;2;3	2;2;2
754	755	754	755	3	3	trialwise	444;2151;3944	444;2151;3944	3;14;25	127;66;91	sub-011_ses-102_task-s3;sub-011_ses-201_task-s3;sub-011_ses-305_task-s3	444	3	127	sub-011	ses-102	task-s3	1;2;3	3;3;3
755	756	755	756	3	3	trialwise	299;1965;3790	299;1965;3790	2;13;24	141;39;96	sub-011_ses-105_task-s2;sub-011_ses-201_task-s2;sub-011_ses-301_task-s2	299	2	141	sub-011	ses-105	task-s2	1;2;3	2;2;2
756	757	756	757	3	3	trialwise	807;2682;4480	807;2682;4480	6;17;28	14;121;151	sub-011_ses-103_task-s6;sub-011_ses-202_task-s6;sub-011_ses-302_task-s6	807	6	14	sub-011	ses-103	task-s6	1;2;3	6;6;6
757	758	757	758	3	3	trialwise	765;2517;4226	765;2517;4226	5;16;27	130;114;55	sub-011_ses-103_task-s5;sub-011_ses-202_task-s5;sub-011_ses-302_task-s5	765	5	130	sub-011	ses-103	task-s5	1;2;3	5;5;5
758	759	758	759	3	3	trialwise	863;2695;4351	863;2695;4351	6;17;28	70;134;22	sub-011_ses-103_task-s6;sub-011_ses-202_task-s6;sub-011_ses-302_task-s6	863	6	70	sub-011	ses-103	task-s6	1;2;3	6;6;6
759	760	759	760	3	3	trialwise	372;2108;3922	372;2108;3922	3;14;25	55;23;69	sub-011_ses-102_task-s3;sub-011_ses-201_task-s3;sub-011_ses-305_task-s3	372	3	55	sub-011	ses-102	task-s3	1;2;3	3;3;3
760	761	760	761	3	3	trialwise	539;2332;4100	539;2332;4100	4;15;26	63;88;88	sub-011_ses-102_task-s4;sub-011_ses-202_task-s4;sub-011_ses-302_task-s4	539	4	63	sub-011	ses-102	task-s4	1;2;3	4;4;4
761	762	761	762	3	3	trialwise	846;2605;4433	846;2605;4433	6;17;28	53;44;104	sub-011_ses-103_task-s6;sub-011_ses-202_task-s6;sub-011_ses-302_task-s6	846	6	53	sub-011	ses-103	task-s6	1;2;3	6;6;6
762	763	762	763	3	3	trialwise	759;2461;4259	759;2461;4259	5;16;27	124;58;88	sub-011_ses-103_task-s5;sub-011_ses-202_task-s5;sub-011_ses-302_task-s5	759	5	124	sub-011	ses-103	task-s5	1;2;3	5;5;5
763	764	763	764	3	3	trialwise	1179;2960;4654	1179;2960;4654	8;19;30	70;83;9	sub-011_ses-104_task-s8;sub-011_ses-203_task-s8;sub-011_ses-303_task-s8	1179	8	70	sub-011	ses-104	task-s8	1;2;3	8;8;8
764	765	764	765	3	3	trialwise	1102;2794;4631	1102;2794;4631	7;18;29	151;75;144	sub-011_ses-104_task-s7;sub-011_ses-203_task-s7;sub-011_ses-304_task-s7	1102	7	151	sub-011	ses-104	task-s7	1;2;3	7;7;7
765	766	765	766	3	3	trialwise	1035;2816;4570	1035;2816;4570	7;18;29	84;97;83	sub-011_ses-104_task-s7;sub-011_ses-203_task-s7;sub-011_ses-304_task-s7	1035	7	84	sub-011	ses-104	task-s7	1;2;3	7;7;7
766	767	766	767	3	3	trialwise	1083;2744;4632	1083;2744;4632	7;18;29	132;25;145	sub-011_ses-104_task-s7;sub-011_ses-203_task-s7;sub-011_ses-304_task-s7	1083	7	132	sub-011	ses-104	task-s7	1;2;3	7;7;7
767	768	767	768	3	3	trialwise	460;2189;3951	460;2189;3951	3;14;25	143;104;98	sub-011_ses-102_task-s3;sub-011_ses-201_task-s3;sub-011_ses-305_task-s3	460	3	143	sub-011	ses-102	task-s3	1;2;3	3;3;3
768	769	768	769	3	3	trialwise	429;2228;3979	429;2228;3979	3;14;25	112;143;126	sub-011_ses-102_task-s3;sub-011_ses-201_task-s3;sub-011_ses-305_task-s3	429	3	112	sub-011	ses-102	task-s3	1;2;3	3;3;3
769	770	769	770	3	3	trialwise	538;2389;4157	538;2389;4157	4;15;26	62;145;145	sub-011_ses-102_task-s4;sub-011_ses-202_task-s4;sub-011_ses-302_task-s4	538	4	62	sub-011	ses-102	task-s4	1;2;3	4;4;4
770	771	770	771	3	3	trialwise	1017;2785;4516	1017;2785;4516	7;18;29	66;66;29	sub-011_ses-104_task-s7;sub-011_ses-203_task-s7;sub-011_ses-304_task-s7	1017	7	66	sub-011	ses-104	task-s7	1;2;3	7;7;7
771	772	771	772	3	3	trialwise	936;2655;4375	936;2655;4375	6;17;28	143;94;46	sub-011_ses-103_task-s6;sub-011_ses-202_task-s6;sub-011_ses-302_task-s6	936	6	143	sub-011	ses-103	task-s6	1;2;3	6;6;6
772	773	772	773	3	3	trialwise	1111;2898;4653	1111;2898;4653	8;19;30	2;21;8	sub-011_ses-104_task-s8;sub-011_ses-203_task-s8;sub-011_ses-303_task-s8	1111	8	2	sub-011	ses-104	task-s8	1;2;3	8;8;8
773	774	773	774	3	3	trialwise	417;2117;3934	417;2117;3934	3;14;25	100;32;81	sub-011_ses-102_task-s3;sub-011_ses-201_task-s3;sub-011_ses-305_task-s3	417	3	100	sub-011	ses-102	task-s3	1;2;3	3;3;3
774	775	774	775	3	3	trialwise	234;2073;3831	234;2073;3831	2;13;24	76;147;137	sub-011_ses-105_task-s2;sub-011_ses-201_task-s2;sub-011_ses-301_task-s2	234	2	76	sub-011	ses-105	task-s2	1;2;3	2;2;2
775	776	775	776	3	3	trialwise	602;2296;4064	602;2296;4064	4;15;26	126;52;52	sub-011_ses-102_task-s4;sub-011_ses-202_task-s4;sub-011_ses-302_task-s4	602	4	126	sub-011	ses-102	task-s4	1;2;3	4;4;4
776	777	776	777	3	3	trialwise	850;2696;4432	850;2696;4432	6;17;28	57;135;103	sub-011_ses-103_task-s6;sub-011_ses-202_task-s6;sub-011_ses-302_task-s6	850	6	57	sub-011	ses-103	task-s6	1;2;3	6;6;6
777	778	777	778	3	3	trialwise	997;2781;4575	997;2781;4575	7;18;29	46;62;88	sub-011_ses-104_task-s7;sub-011_ses-203_task-s7;sub-011_ses-304_task-s7	997	7	46	sub-011	ses-104	task-s7	1;2;3	7;7;7
778	779	778	779	3	3	trialwise	889;2714;4485	889;2714;4485	6;17;28	96;153;156	sub-011_ses-103_task-s6;sub-011_ses-202_task-s6;sub-011_ses-302_task-s6	889	6	96	sub-011	ses-103	task-s6	1;2;3	6;6;6
779	780	779	780	3	3	trialwise	1137;2918;4728	1137;2918;4728	8;19;30	28;41;83	sub-011_ses-104_task-s8;sub-011_ses-203_task-s8;sub-011_ses-303_task-s8	1137	8	28	sub-011	ses-104	task-s8	1;2;3	8;8;8
780	781	780	781	3	3	trialwise	809;2603;4449	809;2603;4449	6;17;28	16;42;120	sub-011_ses-103_task-s6;sub-011_ses-202_task-s6;sub-011_ses-302_task-s6	809	6	16	sub-011	ses-103	task-s6	1;2;3	6;6;6
781	782	781	782	3	3	trialwise	1097;2812;4536	1097;2812;4536	7;18;29	146;93;49	sub-011_ses-104_task-s7;sub-011_ses-203_task-s7;sub-011_ses-304_task-s7	1097	7	146	sub-011	ses-104	task-s7	1;2;3	7;7;7
782	783	782	783	3	3	trialwise	138;1912;3633	138;1912;3633	1;12;23	139;145;98	sub-011_ses-105_task-s1;sub-011_ses-201_task-s1;sub-011_ses-301_task-s1	138	1	139	sub-011	ses-105	task-s1	1;2;3	1;1;1
783	784	783	784	3	3	trialwise	129;1778;3623	129;1778;3623	1;12;23	130;11;88	sub-011_ses-105_task-s1;sub-011_ses-201_task-s1;sub-011_ses-301_task-s1	129	1	130	sub-011	ses-105	task-s1	1;2;3	1;1;1
784	785	784	785	3	3	trialwise	818;2669;4406	818;2669;4406	6;17;28	25;108;77	sub-011_ses-103_task-s6;sub-011_ses-202_task-s6;sub-011_ses-302_task-s6	818	6	25	sub-011	ses-103	task-s6	1;2;3	6;6;6
785	786	785	786	3	3	trialwise	214;1967;3802	214;1967;3802	2;13;24	56;41;108	sub-011_ses-105_task-s2;sub-011_ses-201_task-s2;sub-011_ses-301_task-s2	214	2	56	sub-011	ses-105	task-s2	1;2;3	2;2;2
786	787	786	787	3	3	trialwise	1082;2827;4564	1082;2827;4564	7;18;29	131;108;77	sub-011_ses-104_task-s7;sub-011_ses-203_task-s7;sub-011_ses-304_task-s7	1082	7	131	sub-011	ses-104	task-s7	1;2;3	7;7;7
787	788	787	788	3	3	trialwise	267;1944;3772	267;1944;3772	2;13;24	109;18;78	sub-011_ses-105_task-s2;sub-011_ses-201_task-s2;sub-011_ses-301_task-s2	267	2	109	sub-011	ses-105	task-s2	1;2;3	2;2;2
788	789	788	789	3	3	trialwise	477;2360;4128	477;2360;4128	4;15;26	1;116;116	sub-011_ses-102_task-s4;sub-011_ses-202_task-s4;sub-011_ses-302_task-s4	477	4	1	sub-011	ses-102	task-s4	1;2;3	4;4;4
789	790	789	790	3	3	trialwise	457;2131;3959	457;2131;3959	3;14;25	140;46;106	sub-011_ses-102_task-s3;sub-011_ses-201_task-s3;sub-011_ses-305_task-s3	457	3	140	sub-011	ses-102	task-s3	1;2;3	3;3;3
790	791	790	791	3	3	trialwise	383;2149;3940	383;2149;3940	3;14;25	66;64;87	sub-011_ses-102_task-s3;sub-011_ses-201_task-s3;sub-011_ses-305_task-s3	383	3	66	sub-011	ses-102	task-s3	1;2;3	3;3;3
791	792	791	792	3	3	trialwise	536;2358;4126	536;2358;4126	4;15;26	60;114;114	sub-011_ses-102_task-s4;sub-011_ses-202_task-s4;sub-011_ses-302_task-s4	536	4	60	sub-011	ses-102	task-s4	1;2;3	4;4;4
792	793	792	793	3	3	trialwise	1140;2940;4764	1140;2940;4764	8;19;30	31;63;119	sub-011_ses-104_task-s8;sub-011_ses-203_task-s8;sub-011_ses-303_task-s8	1140	8	31	sub-011	ses-104	task-s8	1;2;3	8;8;8
793	794	793	794	3	3	trialwise	211;2034;3713	211;2034;3713	2;13;24	53;108;19	sub-011_ses-105_task-s2;sub-011_ses-201_task-s2;sub-011_ses-301_task-s2	211	2	53	sub-011	ses-105	task-s2	1;2;3	2;2;2
794	795	794	795	3	3	trialwise	191;2068;3705	191;2068;3705	2;13;24	33;142;11	sub-011_ses-105_task-s2;sub-011_ses-201_task-s2;sub-011_ses-301_task-s2	191	2	33	sub-011	ses-105	task-s2	1;2;3	2;2;2
795	796	795	796	3	3	trialwise	518;2306;4074	518;2306;4074	4;15;26	42;62;62	sub-011_ses-102_task-s4;sub-011_ses-202_task-s4;sub-011_ses-302_task-s4	518	4	42	sub-011	ses-102	task-s4	1;2;3	4;4;4
796	797	796	797	3	3	trialwise	585;2334;4102	585;2334;4102	4;15;26	109;90;90	sub-011_ses-102_task-s4;sub-011_ses-202_task-s4;sub-011_ses-302_task-s4	585	4	109	sub-011	ses-102	task-s4	1;2;3	4;4;4
797	798	797	798	3	3	trialwise	540;2253;4021	540;2253;4021	4;15;26	64;9;9	sub-011_ses-102_task-s4;sub-011_ses-202_task-s4;sub-011_ses-302_task-s4	540	4	64	sub-011	ses-102	task-s4	1;2;3	4;4;4
798	799	798	799	3	3	trialwise	1034;2805;4619	1034;2805;4619	7;18;29	83;86;132	sub-011_ses-104_task-s7;sub-011_ses-203_task-s7;sub-011_ses-304_task-s7	1034	7	83	sub-011	ses-104	task-s7	1;2;3	7;7;7
799	800	799	800	3	3	trialwise	1051;2730;4527	1051;2730;4527	7;18;29	100;11;40	sub-011_ses-104_task-s7;sub-011_ses-203_task-s7;sub-011_ses-304_task-s7	1051	7	100	sub-011	ses-104	task-s7	1;2;3	7;7;7
800	801	800	801	3	3	trialwise	743;2494;4251	743;2494;4251	5;16;27	108;91;80	sub-011_ses-103_task-s5;sub-011_ses-202_task-s5;sub-011_ses-302_task-s5	743	5	108	sub-011	ses-103	task-s5	1;2;3	5;5;5
801	802	801	802	3	3	trialwise	116;1903;3585	116;1903;3585	1;12;23	117;136;50	sub-011_ses-105_task-s1;sub-011_ses-201_task-s1;sub-011_ses-301_task-s1	116	1	117	sub-011	ses-105	task-s1	1;2;3	1;1;1
802	803	802	803	3	3	trialwise	1211;2879;4792	1211;2879;4792	8;19;30	102;2;147	sub-011_ses-104_task-s8;sub-011_ses-203_task-s8;sub-011_ses-303_task-s8	1211	8	102	sub-011	ses-104	task-s8	1;2;3	8;8;8
803	804	803	804	3	3	trialwise	190;1997;3736	190;1997;3736	2;13;24	32;71;42	sub-011_ses-105_task-s2;sub-011_ses-201_task-s2;sub-011_ses-301_task-s2	190	2	32	sub-011	ses-105	task-s2	1;2;3	2;2;2
804	805	804	805	3	3	trialwise	298;2062;3717	298;2062;3717	2;13;24	140;136;23	sub-011_ses-105_task-s2;sub-011_ses-201_task-s2;sub-011_ses-301_task-s2	298	2	140	sub-011	ses-105	task-s2	1;2;3	2;2;2
805	806	805	806	3	3	trialwise	665;2561;4250	665;2561;4250	5;16;27	30;158;79	sub-011_ses-103_task-s5;sub-011_ses-202_task-s5;sub-011_ses-302_task-s5	665	5	30	sub-011	ses-103	task-s5	1;2;3	5;5;5
806	807	806	807	3	3	trialwise	69;1826;3579	69;1826;3579	1;12;23	70;59;44	sub-011_ses-105_task-s1;sub-011_ses-201_task-s1;sub-011_ses-301_task-s1	69	1	70	sub-011	ses-105	task-s1	1;2;3	1;1;1
807	808	807	808	3	3	trialwise	1229;2984;4665	1229;2984;4665	8;19;30	120;107;20	sub-011_ses-104_task-s8;sub-011_ses-203_task-s8;sub-011_ses-303_task-s8	1229	8	120	sub-011	ses-104	task-s8	1;2;3	8;8;8
808	809	808	809	3	3	trialwise	473;2237;3891	473;2237;3891	3;14;25	156;152;38	sub-011_ses-102_task-s3;sub-011_ses-201_task-s3;sub-011_ses-305_task-s3	473	3	156	sub-011	ses-102	task-s3	1;2;3	3;3;3
809	810	809	810	3	3	trialwise	52;1892;3565	52;1892;3565	1;12;23	53;125;30	sub-011_ses-105_task-s1;sub-011_ses-201_task-s1;sub-011_ses-301_task-s1	52	1	53	sub-011	ses-105	task-s1	1;2;3	1;1;1
810	811	810	811	3	3	trialwise	1061;2817;4562	1061;2817;4562	7;18;29	110;98;75	sub-011_ses-104_task-s7;sub-011_ses-203_task-s7;sub-011_ses-304_task-s7	1061	7	110	sub-011	ses-104	task-s7	1;2;3	7;7;7
811	812	811	812	3	3	trialwise	804;2657;4365	804;2657;4365	6;17;28	11;96;36	sub-011_ses-103_task-s6;sub-011_ses-202_task-s6;sub-011_ses-302_task-s6	804	6	11	sub-011	ses-103	task-s6	1;2;3	6;6;6
812	813	812	813	3	3	trialwise	613;2252;4020	613;2252;4020	4;15;26	137;8;8	sub-011_ses-102_task-s4;sub-011_ses-202_task-s4;sub-011_ses-302_task-s4	613	4	137	sub-011	ses-102	task-s4	1;2;3	4;4;4
813	814	813	814	3	3	trialwise	1188;3019;4735	1188;3019;4735	8;19;30	79;142;90	sub-011_ses-104_task-s8;sub-011_ses-203_task-s8;sub-011_ses-303_task-s8	1188	8	79	sub-011	ses-104	task-s8	1;2;3	8;8;8
814	815	814	815	3	3	trialwise	617;2328;4096	617;2328;4096	4;15;26	141;84;84	sub-011_ses-102_task-s4;sub-011_ses-202_task-s4;sub-011_ses-302_task-s4	617	4	141	sub-011	ses-102	task-s4	1;2;3	4;4;4
815	816	815	816	3	3	trialwise	176;1984;3840	176;1984;3840	2;13;24	18;58;146	sub-011_ses-105_task-s2;sub-011_ses-201_task-s2;sub-011_ses-301_task-s2	176	2	18	sub-011	ses-105	task-s2	1;2;3	2;2;2
816	817	816	817	3	3	trialwise	821;2632;4410	821;2632;4410	6;17;28	28;71;81	sub-011_ses-103_task-s6;sub-011_ses-202_task-s6;sub-011_ses-302_task-s6	821	6	28	sub-011	ses-103	task-s6	1;2;3	6;6;6
817	818	817	818	3	3	trialwise	1166;2937;4718	1166;2937;4718	8;19;30	57;60;73	sub-011_ses-104_task-s8;sub-011_ses-203_task-s8;sub-011_ses-303_task-s8	1166	8	57	sub-011	ses-104	task-s8	1;2;3	8;8;8
818	819	818	819	3	3	trialwise	1207;2973;4647	1207;2973;4647	8;19;30	98;96;2	sub-011_ses-104_task-s8;sub-011_ses-203_task-s8;sub-011_ses-303_task-s8	1207	8	98	sub-011	ses-104	task-s8	1;2;3	8;8;8
819	820	819	820	3	3	trialwise	164;1995;3848	164;1995;3848	2;13;24	6;69;154	sub-011_ses-105_task-s2;sub-011_ses-201_task-s2;sub-011_ses-301_task-s2	164	2	6	sub-011	ses-105	task-s2	1;2;3	2;2;2
820	821	820	821	3	3	trialwise	81;1889;3566	81;1889;3566	1;12;23	82;122;31	sub-011_ses-105_task-s1;sub-011_ses-201_task-s1;sub-011_ses-301_task-s1	81	1	82	sub-011	ses-105	task-s1	1;2;3	1;1;1
821	822	821	822	3	3	trialwise	382;2128;3864	382;2128;3864	3;14;25	65;43;11	sub-011_ses-102_task-s3;sub-011_ses-201_task-s3;sub-011_ses-305_task-s3	382	3	65	sub-011	ses-102	task-s3	1;2;3	3;3;3
822	823	822	823	3	3	trialwise	250;1958;3759	250;1958;3759	2;13;24	92;32;65	sub-011_ses-105_task-s2;sub-011_ses-201_task-s2;sub-011_ses-301_task-s2	250	2	92	sub-011	ses-105	task-s2	1;2;3	2;2;2
823	824	823	824	3	3	trialwise	389;2171;3975	389;2171;3975	3;14;25	72;86;122	sub-011_ses-102_task-s3;sub-011_ses-201_task-s3;sub-011_ses-305_task-s3	389	3	72	sub-011	ses-102	task-s3	1;2;3	3;3;3
824	825	824	825	3	3	trialwise	942;2708;4395	942;2708;4395	6;17;28	149;147;66	sub-011_ses-103_task-s6;sub-011_ses-202_task-s6;sub-011_ses-302_task-s6	942	6	149	sub-011	ses-103	task-s6	1;2;3	6;6;6
825	826	825	826	3	3	trialwise	447;2235;3912	447;2235;3912	3;14;25	130;150;59	sub-011_ses-102_task-s3;sub-011_ses-201_task-s3;sub-011_ses-305_task-s3	447	3	130	sub-011	ses-102	task-s3	1;2;3	3;3;3
826	827	826	827	3	3	trialwise	1174;2886;4700	1174;2886;4700	8;19;30	65;9;55	sub-011_ses-104_task-s8;sub-011_ses-203_task-s8;sub-011_ses-303_task-s8	1174	8	65	sub-011	ses-104	task-s8	1;2;3	8;8;8
827	828	827	828	3	3	trialwise	235;2037;3818	235;2037;3818	2;13;24	77;111;124	sub-011_ses-105_task-s2;sub-011_ses-201_task-s2;sub-011_ses-301_task-s2	235	2	77	sub-011	ses-105	task-s2	1;2;3	2;2;2
828	829	828	829	3	3	trialwise	525;2364;4132	525;2364;4132	4;15;26	49;120;120	sub-011_ses-102_task-s4;sub-011_ses-202_task-s4;sub-011_ses-302_task-s4	525	4	49	sub-011	ses-102	task-s4	1;2;3	4;4;4
829	830	829	830	3	3	trialwise	1251;2901;4674	1251;2901;4674	8;19;30	142;24;29	sub-011_ses-104_task-s8;sub-011_ses-203_task-s8;sub-011_ses-303_task-s8	1251	8	142	sub-011	ses-104	task-s8	1;2;3	8;8;8
830	831	830	831	3	3	trialwise	980;2784;4546	980;2784;4546	7;18;29	29;65;59	sub-011_ses-104_task-s7;sub-011_ses-203_task-s7;sub-011_ses-304_task-s7	980	7	29	sub-011	ses-104	task-s7	1;2;3	7;7;7
831	832	831	832	3	3	trialwise	1238;2974;4766	1238;2974;4766	8;19;30	129;97;121	sub-011_ses-104_task-s8;sub-011_ses-203_task-s8;sub-011_ses-303_task-s8	1238	8	129	sub-011	ses-104	task-s8	1;2;3	8;8;8
832	833	832	833	3	3	trialwise	16;1846;3536	16;1846;3536	1;12;23	17;79;1	sub-011_ses-105_task-s1;sub-011_ses-201_task-s1;sub-011_ses-301_task-s1	16	1	17	sub-011	ses-105	task-s1	1;2;3	1;1;1
833	834	833	834	3	3	trialwise	1032;2831;4578	1032;2831;4578	7;18;29	81;112;91	sub-011_ses-104_task-s7;sub-011_ses-203_task-s7;sub-011_ses-304_task-s7	1032	7	81	sub-011	ses-104	task-s7	1;2;3	7;7;7
834	835	834	835	3	3	trialwise	51;1909;3594	51;1909;3594	1;12;23	52;142;59	sub-011_ses-105_task-s1;sub-011_ses-201_task-s1;sub-011_ses-301_task-s1	51	1	52	sub-011	ses-105	task-s1	1;2;3	1;1;1
835	836	835	836	3	3	trialwise	1241;2997;4698	1241;2997;4698	8;19;30	132;120;53	sub-011_ses-104_task-s8;sub-011_ses-203_task-s8;sub-011_ses-303_task-s8	1241	8	132	sub-011	ses-104	task-s8	1;2;3	8;8;8
836	837	836	837	3	3	trialwise	529;2392;4160	529;2392;4160	4;15;26	53;148;148	sub-011_ses-102_task-s4;sub-011_ses-202_task-s4;sub-011_ses-302_task-s4	529	4	53	sub-011	ses-102	task-s4	1;2;3	4;4;4
837	838	837	838	3	3	trialwise	510;2264;4032	510;2264;4032	4;15;26	34;20;20	sub-011_ses-102_task-s4;sub-011_ses-202_task-s4;sub-011_ses-302_task-s4	510	4	34	sub-011	ses-102	task-s4	1;2;3	4;4;4
838	839	838	839	3	3	trialwise	89;1876;3646	89;1876;3646	1;12;23	90;109;111	sub-011_ses-105_task-s1;sub-011_ses-201_task-s1;sub-011_ses-301_task-s1	89	1	90	sub-011	ses-105	task-s1	1;2;3	1;1;1
839	840	839	840	3	3	trialwise	705;2521;4214	705;2521;4214	5;16;27	70;118;43	sub-011_ses-103_task-s5;sub-011_ses-202_task-s5;sub-011_ses-302_task-s5	705	5	70	sub-011	ses-103	task-s5	1;2;3	5;5;5
840	841	840	841	3	3	trialwise	725;2411;4284	725;2411;4284	5;16;27	90;8;113	sub-011_ses-103_task-s5;sub-011_ses-202_task-s5;sub-011_ses-302_task-s5	725	5	90	sub-011	ses-103	task-s5	1;2;3	5;5;5
841	842	841	842	3	3	trialwise	1155;2953;4727	1155;2953;4727	8;19;30	46;76;82	sub-011_ses-104_task-s8;sub-011_ses-203_task-s8;sub-011_ses-303_task-s8	1155	8	46	sub-011	ses-104	task-s8	1;2;3	8;8;8
842	843	842	843	3	3	trialwise	797;2675;4443	797;2675;4443	6;17;28	4;114;114	sub-011_ses-103_task-s6;sub-011_ses-202_task-s6;sub-011_ses-302_task-s6	797	6	4	sub-011	ses-103	task-s6	1;2;3	6;6;6
843	844	843	844	3	3	trialwise	658;2412;4175	658;2412;4175	5;16;27	23;9;4	sub-011_ses-103_task-s5;sub-011_ses-202_task-s5;sub-011_ses-302_task-s5	658	5	23	sub-011	ses-103	task-s5	1;2;3	5;5;5
844	845	844	845	3	3	trialwise	978;2751;4496	978;2751;4496	7;18;29	27;32;9	sub-011_ses-104_task-s7;sub-011_ses-203_task-s7;sub-011_ses-304_task-s7	978	7	27	sub-011	ses-104	task-s7	1;2;3	7;7;7
845	846	845	846	3	3	trialwise	1123;2975;4676	1123;2975;4676	8;19;30	14;98;31	sub-011_ses-104_task-s8;sub-011_ses-203_task-s8;sub-011_ses-303_task-s8	1123	8	14	sub-011	ses-104	task-s8	1;2;3	8;8;8
846	847	846	847	3	3	trialwise	504;2335;4103	504;2335;4103	4;15;26	28;91;91	sub-011_ses-102_task-s4;sub-011_ses-202_task-s4;sub-011_ses-302_task-s4	504	4	28	sub-011	ses-102	task-s4	1;2;3	4;4;4
847	848	847	848	3	3	trialwise	123;1919;3676	123;1919;3676	1;12;23	124;152;141	sub-011_ses-105_task-s1;sub-011_ses-201_task-s1;sub-011_ses-301_task-s1	123	1	124	sub-011	ses-105	task-s1	1;2;3	1;1;1
848	849	848	849	3	3	trialwise	140;1895;3641	140;1895;3641	1;12;23	141;128;106	sub-011_ses-105_task-s1;sub-011_ses-201_task-s1;sub-011_ses-301_task-s1	140	1	141	sub-011	ses-105	task-s1	1;2;3	1;1;1
849	850	849	850	3	3	trialwise	65;1779;3603	65;1779;3603	1;12;23	66;12;68	sub-011_ses-105_task-s1;sub-011_ses-201_task-s1;sub-011_ses-301_task-s1	65	1	66	sub-011	ses-105	task-s1	1;2;3	1;1;1
850	851	850	851	3	3	trialwise	591;2318;4086	591;2318;4086	4;15;26	115;74;74	sub-011_ses-102_task-s4;sub-011_ses-202_task-s4;sub-011_ses-302_task-s4	591	4	115	sub-011	ses-102	task-s4	1;2;3	4;4;4
851	852	851	852	3	3	trialwise	916;2686;4427	916;2686;4427	6;17;28	123;125;98	sub-011_ses-103_task-s6;sub-011_ses-202_task-s6;sub-011_ses-302_task-s6	916	6	123	sub-011	ses-103	task-s6	1;2;3	6;6;6
852	853	852	853	3	3	trialwise	933;2712;4473	933;2712;4473	6;17;28	140;151;144	sub-011_ses-103_task-s6;sub-011_ses-202_task-s6;sub-011_ses-302_task-s6	933	6	140	sub-011	ses-103	task-s6	1;2;3	6;6;6
853	854	853	854	3	3	trialwise	777;2450;4268	777;2450;4268	5;16;27	142;47;97	sub-011_ses-103_task-s5;sub-011_ses-202_task-s5;sub-011_ses-302_task-s5	777	5	142	sub-011	ses-103	task-s5	1;2;3	5;5;5
854	855	854	855	3	3	trialwise	1116;2939;4739	1116;2939;4739	8;19;30	7;62;94	sub-011_ses-104_task-s8;sub-011_ses-203_task-s8;sub-011_ses-303_task-s8	1116	8	7	sub-011	ses-104	task-s8	1;2;3	8;8;8
855	856	855	856	3	3	trialwise	991;2857;4574	991;2857;4574	7;18;29	40;138;87	sub-011_ses-104_task-s7;sub-011_ses-203_task-s7;sub-011_ses-304_task-s7	991	7	40	sub-011	ses-104	task-s7	1;2;3	7;7;7
856	857	856	857	3	3	trialwise	575;2246;4014	575;2246;4014	4;15;26	99;2;2	sub-011_ses-102_task-s4;sub-011_ses-202_task-s4;sub-011_ses-302_task-s4	575	4	99	sub-011	ses-102	task-s4	1;2;3	4;4;4
857	858	857	858	3	3	trialwise	976;2870;4537	976;2870;4537	7;18;29	25;151;50	sub-011_ses-104_task-s7;sub-011_ses-203_task-s7;sub-011_ses-304_task-s7	976	7	25	sub-011	ses-104	task-s7	1;2;3	7;7;7
858	859	858	859	3	3	trialwise	175;2071;3729	175;2071;3729	2;13;24	17;145;35	sub-011_ses-105_task-s2;sub-011_ses-201_task-s2;sub-011_ses-301_task-s2	175	2	17	sub-011	ses-105	task-s2	1;2;3	2;2;2
859	860	859	860	3	3	trialwise	496;2299;4067	496;2299;4067	4;15;26	20;55;55	sub-011_ses-102_task-s4;sub-011_ses-202_task-s4;sub-011_ses-302_task-s4	496	4	20	sub-011	ses-102	task-s4	1;2;3	4;4;4
860	861	860	861	3	3	trialwise	663;2440;4298	663;2440;4298	5;16;27	28;37;127	sub-011_ses-103_task-s5;sub-011_ses-202_task-s5;sub-011_ses-302_task-s5	663	5	28	sub-011	ses-103	task-s5	1;2;3	5;5;5
861	862	861	862	3	3	trialwise	831;2583;4414	831;2583;4414	6;17;28	38;22;85	sub-011_ses-103_task-s6;sub-011_ses-202_task-s6;sub-011_ses-302_task-s6	831	6	38	sub-011	ses-103	task-s6	1;2;3	6;6;6
862	863	862	863	3	3	trialwise	1159;2887;4692	1159;2887;4692	8;19;30	50;10;47	sub-011_ses-104_task-s8;sub-011_ses-203_task-s8;sub-011_ses-303_task-s8	1159	8	50	sub-011	ses-104	task-s8	1;2;3	8;8;8
863	864	863	864	3	3	trialwise	1185;2908;4744	1185;2908;4744	8;19;30	76;31;99	sub-011_ses-104_task-s8;sub-011_ses-203_task-s8;sub-011_ses-303_task-s8	1185	8	76	sub-011	ses-104	task-s8	1;2;3	8;8;8
864	865	864	865	3	3	trialwise	321;2129;3992	321;2129;3992	3;14;25	4;44;139	sub-011_ses-102_task-s3;sub-011_ses-201_task-s3;sub-011_ses-305_task-s3	321	3	4	sub-011	ses-102	task-s3	1;2;3	3;3;3
865	866	865	866	3	3	trialwise	478;2273;4041	478;2273;4041	4;15;26	2;29;29	sub-011_ses-102_task-s4;sub-011_ses-202_task-s4;sub-011_ses-302_task-s4	478	4	2	sub-011	ses-102	task-s4	1;2;3	4;4;4
866	867	866	867	3	3	trialwise	170;1951;3846	170;1951;3846	2;13;24	12;25;152	sub-011_ses-105_task-s2;sub-011_ses-201_task-s2;sub-011_ses-301_task-s2	170	2	12	sub-011	ses-105	task-s2	1;2;3	2;2;2
867	868	867	868	3	3	trialwise	482;2366;4134	482;2366;4134	4;15;26	6;122;122	sub-011_ses-102_task-s4;sub-011_ses-202_task-s4;sub-011_ses-302_task-s4	482	4	6	sub-011	ses-102	task-s4	1;2;3	4;4;4
868	869	868	869	3	3	trialwise	1088;2780;4538	1088;2780;4538	7;18;29	137;61;51	sub-011_ses-104_task-s7;sub-011_ses-203_task-s7;sub-011_ses-304_task-s7	1088	7	137	sub-011	ses-104	task-s7	1;2;3	7;7;7
869	870	869	870	3	3	trialwise	308;1977;3732	308;1977;3732	2;13;24	150;51;38	sub-011_ses-105_task-s2;sub-011_ses-201_task-s2;sub-011_ses-301_task-s2	308	2	150	sub-011	ses-105	task-s2	1;2;3	2;2;2
870	871	870	871	3	3	trialwise	338;2133;3972	338;2133;3972	3;14;25	21;48;119	sub-011_ses-102_task-s3;sub-011_ses-201_task-s3;sub-011_ses-305_task-s3	338	3	21	sub-011	ses-102	task-s3	1;2;3	3;3;3
871	872	871	872	3	3	trialwise	501;2297;4065	501;2297;4065	4;15;26	25;53;53	sub-011_ses-102_task-s4;sub-011_ses-202_task-s4;sub-011_ses-302_task-s4	501	4	25	sub-011	ses-102	task-s4	1;2;3	4;4;4
872	873	872	873	3	3	trialwise	1104;2791;4549	1104;2791;4549	7;18;29	153;72;62	sub-011_ses-104_task-s7;sub-011_ses-203_task-s7;sub-011_ses-304_task-s7	1104	7	153	sub-011	ses-104	task-s7	1;2;3	7;7;7
873	874	873	874	3	3	trialwise	756;2534;4229	756;2534;4229	5;16;27	121;131;58	sub-011_ses-103_task-s5;sub-011_ses-202_task-s5;sub-011_ses-302_task-s5	756	5	121	sub-011	ses-103	task-s5	1;2;3	5;5;5
874	875	874	875	3	3	trialwise	390;2118;3858	390;2118;3858	3;14;25	73;33;5	sub-011_ses-102_task-s3;sub-011_ses-201_task-s3;sub-011_ses-305_task-s3	390	3	73	sub-011	ses-102	task-s3	1;2;3	3;3;3
875	876	875	876	3	3	trialwise	78;1907;3541	78;1907;3541	1;12;23	79;140;6	sub-011_ses-105_task-s1;sub-011_ses-201_task-s1;sub-011_ses-301_task-s1	78	1	79	sub-011	ses-105	task-s1	1;2;3	1;1;1
876	877	876	877	3	3	trialwise	961;2835;4509	961;2835;4509	7;18;29	10;116;22	sub-011_ses-104_task-s7;sub-011_ses-203_task-s7;sub-011_ses-304_task-s7	961	7	10	sub-011	ses-104	task-s7	1;2;3	7;7;7
877	878	877	878	3	3	trialwise	145;1898;3568	145;1898;3568	1;12;23	146;131;33	sub-011_ses-105_task-s1;sub-011_ses-201_task-s1;sub-011_ses-301_task-s1	145	1	146	sub-011	ses-105	task-s1	1;2;3	1;1;1
878	879	878	879	3	3	trialwise	225;1974;3702	225;1974;3702	2;13;24	67;48;8	sub-011_ses-105_task-s2;sub-011_ses-201_task-s2;sub-011_ses-301_task-s2	225	2	67	sub-011	ses-105	task-s2	1;2;3	2;2;2
879	880	879	880	3	3	trialwise	278;2022;3750	278;2022;3750	2;13;24	120;96;56	sub-011_ses-105_task-s2;sub-011_ses-201_task-s2;sub-011_ses-301_task-s2	278	2	120	sub-011	ses-105	task-s2	1;2;3	2;2;2
880	881	880	881	3	3	trialwise	662;2443;4237	662;2443;4237	5;16;27	27;40;66	sub-011_ses-103_task-s5;sub-011_ses-202_task-s5;sub-011_ses-302_task-s5	662	5	27	sub-011	ses-103	task-s5	1;2;3	5;5;5
881	882	881	882	3	3	trialwise	467;2119;3871	467;2119;3871	3;14;25	150;34;18	sub-011_ses-102_task-s3;sub-011_ses-201_task-s3;sub-011_ses-305_task-s3	467	3	150	sub-011	ses-102	task-s3	1;2;3	3;3;3
882	883	882	883	3	3	trialwise	512;2327;4095	512;2327;4095	4;15;26	36;83;83	sub-011_ses-102_task-s4;sub-011_ses-202_task-s4;sub-011_ses-302_task-s4	512	4	36	sub-011	ses-102	task-s4	1;2;3	4;4;4
883	884	883	884	3	3	trialwise	758;2466;4276	758;2466;4276	5;16;27	123;63;105	sub-011_ses-103_task-s5;sub-011_ses-202_task-s5;sub-011_ses-302_task-s5	758	5	123	sub-011	ses-103	task-s5	1;2;3	5;5;5
884	885	884	885	3	3	trialwise	202;2027;3769	202;2027;3769	2;13;24	44;101;75	sub-011_ses-105_task-s2;sub-011_ses-201_task-s2;sub-011_ses-301_task-s2	202	2	44	sub-011	ses-105	task-s2	1;2;3	2;2;2
885	886	885	886	3	3	trialwise	139;1788;3692	139;1788;3692	1;12;23	140;21;157	sub-011_ses-105_task-s1;sub-011_ses-201_task-s1;sub-011_ses-301_task-s1	139	1	140	sub-011	ses-105	task-s1	1;2;3	1;1;1
886	887	886	887	3	3	trialwise	535;2275;4043	535;2275;4043	4;15;26	59;31;31	sub-011_ses-102_task-s4;sub-011_ses-202_task-s4;sub-011_ses-302_task-s4	535	4	59	sub-011	ses-102	task-s4	1;2;3	4;4;4
887	888	887	888	3	3	trialwise	790;2488;4293	790;2488;4293	5;16;27	155;85;122	sub-011_ses-103_task-s5;sub-011_ses-202_task-s5;sub-011_ses-302_task-s5	790	5	155	sub-011	ses-103	task-s5	1;2;3	5;5;5
888	889	888	889	3	3	trialwise	515;2339;4107	515;2339;4107	4;15;26	39;95;95	sub-011_ses-102_task-s4;sub-011_ses-202_task-s4;sub-011_ses-302_task-s4	515	4	39	sub-011	ses-102	task-s4	1;2;3	4;4;4
889	890	889	890	3	3	trialwise	137;1851;3575	137;1851;3575	1;12;23	138;84;40	sub-011_ses-105_task-s1;sub-011_ses-201_task-s1;sub-011_ses-301_task-s1	137	1	138	sub-011	ses-105	task-s1	1;2;3	1;1;1
890	891	890	891	3	3	trialwise	904;2646;4364	904;2646;4364	6;17;28	111;85;35	sub-011_ses-103_task-s6;sub-011_ses-202_task-s6;sub-011_ses-302_task-s6	904	6	111	sub-011	ses-103	task-s6	1;2;3	6;6;6
891	892	891	892	3	3	trialwise	143;1825;3651	143;1825;3651	1;12;23	144;58;116	sub-011_ses-105_task-s1;sub-011_ses-201_task-s1;sub-011_ses-301_task-s1	143	1	144	sub-011	ses-105	task-s1	1;2;3	1;1;1
892	893	892	893	3	3	trialwise	369;2217;3878	369;2217;3878	3;14;25	52;132;25	sub-011_ses-102_task-s3;sub-011_ses-201_task-s3;sub-011_ses-305_task-s3	369	3	52	sub-011	ses-102	task-s3	1;2;3	3;3;3
893	894	893	894	3	3	trialwise	1113;2899;4750	1113;2899;4750	8;19;30	4;22;105	sub-011_ses-104_task-s8;sub-011_ses-203_task-s8;sub-011_ses-303_task-s8	1113	8	4	sub-011	ses-104	task-s8	1;2;3	8;8;8
894	895	894	895	3	3	trialwise	876;2679;4381	876;2679;4381	6;17;28	83;118;52	sub-011_ses-103_task-s6;sub-011_ses-202_task-s6;sub-011_ses-302_task-s6	876	6	83	sub-011	ses-103	task-s6	1;2;3	6;6;6
895	896	895	896	3	3	trialwise	105;1820;3615	105;1820;3615	1;12;23	106;53;80	sub-011_ses-105_task-s1;sub-011_ses-201_task-s1;sub-011_ses-301_task-s1	105	1	106	sub-011	ses-105	task-s1	1;2;3	1;1;1
896	897	896	897	3	3	trialwise	1045;2868;4504	1045;2868;4504	7;18;29	94;149;17	sub-011_ses-104_task-s7;sub-011_ses-203_task-s7;sub-011_ses-304_task-s7	1045	7	94	sub-011	ses-104	task-s7	1;2;3	7;7;7
897	898	897	898	3	3	trialwise	470;2183;3854	470;2183;3854	3;14;25	153;98;1	sub-011_ses-102_task-s3;sub-011_ses-201_task-s3;sub-011_ses-305_task-s3	470	3	153	sub-011	ses-102	task-s3	1;2;3	3;3;3
898	899	898	899	3	3	trialwise	1114;2903;4756	1114;2903;4756	8;19;30	5;26;111	sub-011_ses-104_task-s8;sub-011_ses-203_task-s8;sub-011_ses-303_task-s8	1114	8	5	sub-011	ses-104	task-s8	1;2;3	8;8;8
899	900	899	900	3	3	trialwise	887;2617;4398	887;2617;4398	6;17;28	94;56;69	sub-011_ses-103_task-s6;sub-011_ses-202_task-s6;sub-011_ses-302_task-s6	887	6	94	sub-011	ses-103	task-s6	1;2;3	6;6;6
900	901	900	901	3	3	trialwise	932;2650;4463	932;2650;4463	6;17;28	139;89;134	sub-011_ses-103_task-s6;sub-011_ses-202_task-s6;sub-011_ses-302_task-s6	932	6	139	sub-011	ses-103	task-s6	1;2;3	6;6;6
901	902	901	902	3	3	trialwise	114;1901;3679	114;1901;3679	1;12;23	115;134;144	sub-011_ses-105_task-s1;sub-011_ses-201_task-s1;sub-011_ses-301_task-s1	114	1	115	sub-011	ses-105	task-s1	1;2;3	1;1;1
902	903	902	903	3	3	trialwise	683;2433;4205	683;2433;4205	5;16;27	48;30;34	sub-011_ses-103_task-s5;sub-011_ses-202_task-s5;sub-011_ses-302_task-s5	683	5	48	sub-011	ses-103	task-s5	1;2;3	5;5;5
903	904	903	904	3	3	trialwise	1146;2892;4717	1146;2892;4717	8;19;30	37;15;72	sub-011_ses-104_task-s8;sub-011_ses-203_task-s8;sub-011_ses-303_task-s8	1146	8	37	sub-011	ses-104	task-s8	1;2;3	8;8;8
904	905	904	905	3	3	trialwise	692;2551;4202	692;2551;4202	5;16;27	57;148;31	sub-011_ses-103_task-s5;sub-011_ses-202_task-s5;sub-011_ses-302_task-s5	692	5	57	sub-011	ses-103	task-s5	1;2;3	5;5;5
905	906	905	906	3	3	trialwise	761;2413;4282	761;2413;4282	5;16;27	126;10;111	sub-011_ses-103_task-s5;sub-011_ses-202_task-s5;sub-011_ses-302_task-s5	761	5	126	sub-011	ses-103	task-s5	1;2;3	5;5;5
906	907	906	907	3	3	trialwise	894;2625;4366	894;2625;4366	6;17;28	101;64;37	sub-011_ses-103_task-s6;sub-011_ses-202_task-s6;sub-011_ses-302_task-s6	894	6	101	sub-011	ses-103	task-s6	1;2;3	6;6;6
907	908	907	908	3	3	trialwise	534;2291;4059	534;2291;4059	4;15;26	58;47;47	sub-011_ses-102_task-s4;sub-011_ses-202_task-s4;sub-011_ses-302_task-s4	534	4	58	sub-011	ses-102	task-s4	1;2;3	4;4;4
908	909	908	909	3	3	trialwise	1169;2923;4657	1169;2923;4657	8;19;30	60;46;12	sub-011_ses-104_task-s8;sub-011_ses-203_task-s8;sub-011_ses-303_task-s8	1169	8	60	sub-011	ses-104	task-s8	1;2;3	8;8;8
909	910	909	910	3	3	trialwise	1213;2926;4683	1213;2926;4683	8;19;30	104;49;38	sub-011_ses-104_task-s8;sub-011_ses-203_task-s8;sub-011_ses-303_task-s8	1213	8	104	sub-011	ses-104	task-s8	1;2;3	8;8;8
910	911	910	911	3	3	trialwise	249;1929;3767	249;1929;3767	2;13;24	91;3;73	sub-011_ses-105_task-s2;sub-011_ses-201_task-s2;sub-011_ses-301_task-s2	249	2	91	sub-011	ses-105	task-s2	1;2;3	2;2;2
911	912	911	912	3	3	trialwise	399;2124;3855	399;2124;3855	3;14;25	82;39;2	sub-011_ses-102_task-s3;sub-011_ses-201_task-s3;sub-011_ses-305_task-s3	399	3	82	sub-011	ses-102	task-s3	1;2;3	3;3;3
912	913	912	913	3	3	trialwise	1165;3013;4786	1165;3013;4786	8;19;30	56;136;141	sub-011_ses-104_task-s8;sub-011_ses-203_task-s8;sub-011_ses-303_task-s8	1165	8	56	sub-011	ses-104	task-s8	1;2;3	8;8;8
913	914	913	914	3	3	trialwise	1208;2988;4672	1208;2988;4672	8;19;30	99;111;27	sub-011_ses-104_task-s8;sub-011_ses-203_task-s8;sub-011_ses-303_task-s8	1208	8	99	sub-011	ses-104	task-s8	1;2;3	8;8;8
914	915	914	915	3	3	trialwise	233;1990;3820	233;1990;3820	2;13;24	75;64;126	sub-011_ses-105_task-s2;sub-011_ses-201_task-s2;sub-011_ses-301_task-s2	233	2	75	sub-011	ses-105	task-s2	1;2;3	2;2;2
915	916	915	916	3	3	trialwise	1187;3025;4774	1187;3025;4774	8;19;30	78;148;129	sub-011_ses-104_task-s8;sub-011_ses-203_task-s8;sub-011_ses-303_task-s8	1187	8	78	sub-011	ses-104	task-s8	1;2;3	8;8;8
916	917	916	917	3	3	trialwise	1134;2878;4729	1134;2878;4729	8;19;30	25;1;84	sub-011_ses-104_task-s8;sub-011_ses-203_task-s8;sub-011_ses-303_task-s8	1134	8	25	sub-011	ses-104	task-s8	1;2;3	8;8;8
917	918	917	918	3	3	trialwise	524;2344;4112	524;2344;4112	4;15;26	48;100;100	sub-011_ses-102_task-s4;sub-011_ses-202_task-s4;sub-011_ses-302_task-s4	524	4	48	sub-011	ses-102	task-s4	1;2;3	4;4;4
918	919	918	919	3	3	trialwise	619;2350;4118	619;2350;4118	4;15;26	143;106;106	sub-011_ses-102_task-s4;sub-011_ses-202_task-s4;sub-011_ses-302_task-s4	619	4	143	sub-011	ses-102	task-s4	1;2;3	4;4;4
919	920	919	920	3	3	trialwise	27;1794;3574	27;1794;3574	1;12;23	28;27;39	sub-011_ses-105_task-s1;sub-011_ses-201_task-s1;sub-011_ses-301_task-s1	27	1	28	sub-011	ses-105	task-s1	1;2;3	1;1;1
920	921	920	921	3	3	trialwise	1171;2917;4803	1171;2917;4803	8;19;30	62;40;158	sub-011_ses-104_task-s8;sub-011_ses-203_task-s8;sub-011_ses-303_task-s8	1171	8	62	sub-011	ses-104	task-s8	1;2;3	8;8;8
921	922	921	922	3	3	trialwise	903;2681;4450	903;2681;4450	6;17;28	110;120;121	sub-011_ses-103_task-s6;sub-011_ses-202_task-s6;sub-011_ses-302_task-s6	903	6	110	sub-011	ses-103	task-s6	1;2;3	6;6;6
922	923	922	923	3	3	trialwise	1205;2986;4656	1205;2986;4656	8;19;30	96;109;11	sub-011_ses-104_task-s8;sub-011_ses-203_task-s8;sub-011_ses-303_task-s8	1205	8	96	sub-011	ses-104	task-s8	1;2;3	8;8;8
923	924	923	924	3	3	trialwise	475;2170;3897	475;2170;3897	3;14;25	158;85;44	sub-011_ses-102_task-s3;sub-011_ses-201_task-s3;sub-011_ses-305_task-s3	475	3	158	sub-011	ses-102	task-s3	1;2;3	3;3;3
924	925	924	925	3	3	trialwise	15;1768;3656	15;1768;3656	1;12;23	16;1;121	sub-011_ses-105_task-s1;sub-011_ses-201_task-s1;sub-011_ses-301_task-s1	15	1	16	sub-011	ses-105	task-s1	1;2;3	1;1;1
925	926	925	926	3	3	trialwise	413;2209;3877	413;2209;3877	3;14;25	96;124;24	sub-011_ses-102_task-s3;sub-011_ses-201_task-s3;sub-011_ses-305_task-s3	413	3	96	sub-011	ses-102	task-s3	1;2;3	3;3;3
926	927	926	927	3	3	trialwise	798;2697;4354	798;2697;4354	6;17;28	5;136;25	sub-011_ses-103_task-s6;sub-011_ses-202_task-s6;sub-011_ses-302_task-s6	798	6	5	sub-011	ses-103	task-s6	1;2;3	6;6;6
927	928	927	928	3	3	trialwise	319;2163;3875	319;2163;3875	3;14;25	2;78;22	sub-011_ses-102_task-s3;sub-011_ses-201_task-s3;sub-011_ses-305_task-s3	319	3	2	sub-011	ses-102	task-s3	1;2;3	3;3;3
928	929	928	929	3	3	trialwise	530;2356;4124	530;2356;4124	4;15;26	54;112;112	sub-011_ses-102_task-s4;sub-011_ses-202_task-s4;sub-011_ses-302_task-s4	530	4	54	sub-011	ses-102	task-s4	1;2;3	4;4;4
929	930	929	930	3	3	trialwise	239;2002;3738	239;2002;3738	2;13;24	81;76;44	sub-011_ses-105_task-s2;sub-011_ses-201_task-s2;sub-011_ses-301_task-s2	239	2	81	sub-011	ses-105	task-s2	1;2;3	2;2;2
930	931	930	931	3	3	trialwise	897;2664;4385	897;2664;4385	6;17;28	104;103;56	sub-011_ses-103_task-s6;sub-011_ses-202_task-s6;sub-011_ses-302_task-s6	897	6	104	sub-011	ses-103	task-s6	1;2;3	6;6;6
931	932	931	932	3	3	trialwise	770;2454;4321	770;2454;4321	5;16;27	135;51;150	sub-011_ses-103_task-s5;sub-011_ses-202_task-s5;sub-011_ses-302_task-s5	770	5	135	sub-011	ses-103	task-s5	1;2;3	5;5;5
932	933	932	933	3	3	trialwise	772;2481;4207	772;2481;4207	5;16;27	137;78;36	sub-011_ses-103_task-s5;sub-011_ses-202_task-s5;sub-011_ses-302_task-s5	772	5	137	sub-011	ses-103	task-s5	1;2;3	5;5;5
933	934	933	934	3	3	trialwise	574;2317;4085	574;2317;4085	4;15;26	98;73;73	sub-011_ses-102_task-s4;sub-011_ses-202_task-s4;sub-011_ses-302_task-s4	574	4	98	sub-011	ses-102	task-s4	1;2;3	4;4;4
934	935	934	935	3	3	trialwise	165;2069;3814	165;2069;3814	2;13;24	7;143;120	sub-011_ses-105_task-s2;sub-011_ses-201_task-s2;sub-011_ses-301_task-s2	165	2	7	sub-011	ses-105	task-s2	1;2;3	2;2;2
935	936	935	936	3	3	trialwise	195;2080;3832	195;2080;3832	2;13;24	37;154;138	sub-011_ses-105_task-s2;sub-011_ses-201_task-s2;sub-011_ses-301_task-s2	195	2	37	sub-011	ses-105	task-s2	1;2;3	2;2;2
936	937	936	937	3	3	trialwise	169;1981;3852	169;1981;3852	2;13;24	11;55;158	sub-011_ses-105_task-s2;sub-011_ses-201_task-s2;sub-011_ses-301_task-s2	169	2	11	sub-011	ses-105	task-s2	1;2;3	2;2;2
937	938	937	938	3	3	trialwise	990;2821;4530	990;2821;4530	7;18;29	39;102;43	sub-011_ses-104_task-s7;sub-011_ses-203_task-s7;sub-011_ses-304_task-s7	990	7	39	sub-011	ses-104	task-s7	1;2;3	7;7;7
938	939	938	939	3	3	trialwise	1040;2865;4488	1040;2865;4488	7;18;29	89;146;1	sub-011_ses-104_task-s7;sub-011_ses-203_task-s7;sub-011_ses-304_task-s7	1040	7	89	sub-011	ses-104	task-s7	1;2;3	7;7;7
939	940	939	940	3	3	trialwise	605;2256;4024	605;2256;4024	4;15;26	129;12;12	sub-011_ses-102_task-s4;sub-011_ses-202_task-s4;sub-011_ses-302_task-s4	605	4	129	sub-011	ses-102	task-s4	1;2;3	4;4;4
940	941	940	941	3	3	trialwise	310;2074;3715	310;2074;3715	2;13;24	152;148;21	sub-011_ses-105_task-s2;sub-011_ses-201_task-s2;sub-011_ses-301_task-s2	310	2	152	sub-011	ses-105	task-s2	1;2;3	2;2;2
941	942	941	942	3	3	trialwise	537;2282;4050	537;2282;4050	4;15;26	61;38;38	sub-011_ses-102_task-s4;sub-011_ses-202_task-s4;sub-011_ses-302_task-s4	537	4	61	sub-011	ses-102	task-s4	1;2;3	4;4;4
942	943	942	943	3	3	trialwise	1184;2965;4715	1184;2965;4715	8;19;30	75;88;70	sub-011_ses-104_task-s8;sub-011_ses-203_task-s8;sub-011_ses-303_task-s8	1184	8	75	sub-011	ses-104	task-s8	1;2;3	8;8;8
943	944	943	944	3	3	trialwise	733;2506;4184	733;2506;4184	5;16;27	98;103;13	sub-011_ses-103_task-s5;sub-011_ses-202_task-s5;sub-011_ses-302_task-s5	733	5	98	sub-011	ses-103	task-s5	1;2;3	5;5;5
944	945	944	945	3	3	trialwise	521;2386;4154	521;2386;4154	4;15;26	45;142;142	sub-011_ses-102_task-s4;sub-011_ses-202_task-s4;sub-011_ses-302_task-s4	521	4	45	sub-011	ses-102	task-s4	1;2;3	4;4;4
945	946	945	946	3	3	trialwise	841;2606;4348	841;2606;4348	6;17;28	48;45;19	sub-011_ses-103_task-s6;sub-011_ses-202_task-s6;sub-011_ses-302_task-s6	841	6	48	sub-011	ses-103	task-s6	1;2;3	6;6;6
946	947	946	947	3	3	trialwise	167;2056;3826	167;2056;3826	2;13;24	9;130;132	sub-011_ses-105_task-s2;sub-011_ses-201_task-s2;sub-011_ses-301_task-s2	167	2	9	sub-011	ses-105	task-s2	1;2;3	2;2;2
947	948	947	948	3	3	trialwise	1014;2776;4541	1014;2776;4541	7;18;29	63;57;54	sub-011_ses-104_task-s7;sub-011_ses-203_task-s7;sub-011_ses-304_task-s7	1014	7	63	sub-011	ses-104	task-s7	1;2;3	7;7;7
948	949	948	949	3	3	trialwise	631;2271;4039	631;2271;4039	4;15;26	155;27;27	sub-011_ses-102_task-s4;sub-011_ses-202_task-s4;sub-011_ses-302_task-s4	631	4	155	sub-011	ses-102	task-s4	1;2;3	4;4;4
949	950	949	950	3	3	trialwise	366;2094;4000	366;2094;4000	3;14;25	49;9;147	sub-011_ses-102_task-s3;sub-011_ses-201_task-s3;sub-011_ses-305_task-s3	366	3	49	sub-011	ses-102	task-s3	1;2;3	3;3;3
950	951	950	951	3	3	trialwise	741;2423;4309	741;2423;4309	5;16;27	106;20;138	sub-011_ses-103_task-s5;sub-011_ses-202_task-s5;sub-011_ses-302_task-s5	741	5	106	sub-011	ses-103	task-s5	1;2;3	5;5;5
951	952	951	952	3	3	trialwise	507;2374;4142	507;2374;4142	4;15;26	31;130;130	sub-011_ses-102_task-s4;sub-011_ses-202_task-s4;sub-011_ses-302_task-s4	507	4	31	sub-011	ses-102	task-s4	1;2;3	4;4;4
952	953	952	953	3	3	trialwise	667;2542;4304	667;2542;4304	5;16;27	32;139;133	sub-011_ses-103_task-s5;sub-011_ses-202_task-s5;sub-011_ses-302_task-s5	667	5	32	sub-011	ses-103	task-s5	1;2;3	5;5;5
953	954	953	954	3	3	trialwise	205;1933;3718	205;1933;3718	2;13;24	47;7;24	sub-011_ses-105_task-s2;sub-011_ses-201_task-s2;sub-011_ses-301_task-s2	205	2	47	sub-011	ses-105	task-s2	1;2;3	2;2;2
954	955	954	955	3	3	trialwise	1210;2905;4661	1210;2905;4661	8;19;30	101;28;16	sub-011_ses-104_task-s8;sub-011_ses-203_task-s8;sub-011_ses-303_task-s8	1210	8	101	sub-011	ses-104	task-s8	1;2;3	8;8;8
955	956	955	956	3	3	trialwise	1240;3015;4800	1240;3015;4800	8;19;30	131;138;155	sub-011_ses-104_task-s8;sub-011_ses-203_task-s8;sub-011_ses-303_task-s8	1240	8	131	sub-011	ses-104	task-s8	1;2;3	8;8;8
956	957	956	957	3	3	trialwise	730;2479;4260	730;2479;4260	5;16;27	95;76;89	sub-011_ses-103_task-s5;sub-011_ses-202_task-s5;sub-011_ses-302_task-s5	730	5	95	sub-011	ses-103	task-s5	1;2;3	5;5;5
957	958	957	958	3	3	trialwise	153;1916;3552	153;1916;3552	1;12;23	154;149;17	sub-011_ses-105_task-s1;sub-011_ses-201_task-s1;sub-011_ses-301_task-s1	153	1	154	sub-011	ses-105	task-s1	1;2;3	1;1;1
958	959	958	959	3	3	trialwise	166;1928;3836	166;1928;3836	2;13;24	8;2;142	sub-011_ses-105_task-s2;sub-011_ses-201_task-s2;sub-011_ses-301_task-s2	166	2	8	sub-011	ses-105	task-s2	1;2;3	2;2;2
959	960	959	960	3	3	trialwise	1258;2920;4646	1258;2920;4646	8;19;30	149;43;1	sub-011_ses-104_task-s8;sub-011_ses-203_task-s8;sub-011_ses-303_task-s8	1258	8	149	sub-011	ses-104	task-s8	1;2;3	8;8;8
960	961	960	961	3	3	trialwise	500;2329;4097	500;2329;4097	4;15;26	24;85;85	sub-011_ses-102_task-s4;sub-011_ses-202_task-s4;sub-011_ses-302_task-s4	500	4	24	sub-011	ses-102	task-s4	1;2;3	4;4;4
961	962	961	962	3	3	trialwise	188;1993;3817	188;1993;3817	2;13;24	30;67;123	sub-011_ses-105_task-s2;sub-011_ses-201_task-s2;sub-011_ses-301_task-s2	188	2	30	sub-011	ses-105	task-s2	1;2;3	2;2;2
962	963	962	963	3	3	trialwise	642;2444;4280	642;2444;4280	5;16;27	7;41;109	sub-011_ses-103_task-s5;sub-011_ses-202_task-s5;sub-011_ses-302_task-s5	642	5	7	sub-011	ses-103	task-s5	1;2;3	5;5;5
963	964	963	964	3	3	trialwise	869;2593;4393	869;2593;4393	6;17;28	76;32;64	sub-011_ses-103_task-s6;sub-011_ses-202_task-s6;sub-011_ses-302_task-s6	869	6	76	sub-011	ses-103	task-s6	1;2;3	6;6;6
964	965	964	965	3	3	trialwise	441;2145;3966	441;2145;3966	3;14;25	124;60;113	sub-011_ses-102_task-s3;sub-011_ses-201_task-s3;sub-011_ses-305_task-s3	441	3	124	sub-011	ses-102	task-s3	1;2;3	3;3;3
965	966	965	966	3	3	trialwise	219;2038;3849	219;2038;3849	2;13;24	61;112;155	sub-011_ses-105_task-s2;sub-011_ses-201_task-s2;sub-011_ses-301_task-s2	219	2	61	sub-011	ses-105	task-s2	1;2;3	2;2;2
966	967	966	967	3	3	trialwise	659;2421;4272	659;2421;4272	5;16;27	24;18;101	sub-011_ses-103_task-s5;sub-011_ses-202_task-s5;sub-011_ses-302_task-s5	659	5	24	sub-011	ses-103	task-s5	1;2;3	5;5;5
967	968	967	968	3	3	trialwise	566;2403;4171	566;2403;4171	4;15;26	90;159;159	sub-011_ses-102_task-s4;sub-011_ses-202_task-s4;sub-011_ses-302_task-s4	566	4	90	sub-011	ses-102	task-s4	1;2;3	4;4;4
968	969	968	969	3	3	trialwise	506;2255;4023	506;2255;4023	4;15;26	30;11;11	sub-011_ses-102_task-s4;sub-011_ses-202_task-s4;sub-011_ses-302_task-s4	506	4	30	sub-011	ses-102	task-s4	1;2;3	4;4;4
969	970	969	970	3	3	trialwise	1101;2742;4539	1101;2742;4539	7;18;29	150;23;52	sub-011_ses-104_task-s7;sub-011_ses-203_task-s7;sub-011_ses-304_task-s7	1101	7	150	sub-011	ses-104	task-s7	1;2;3	7;7;7
970	971	970	971	3	3	trialwise	558;2315;4083	558;2315;4083	4;15;26	82;71;71	sub-011_ses-102_task-s4;sub-011_ses-202_task-s4;sub-011_ses-302_task-s4	558	4	82	sub-011	ses-102	task-s4	1;2;3	4;4;4
971	972	971	972	3	3	trialwise	909;2644;4442	909;2644;4442	6;17;28	116;83;113	sub-011_ses-103_task-s6;sub-011_ses-202_task-s6;sub-011_ses-302_task-s6	909	6	116	sub-011	ses-103	task-s6	1;2;3	6;6;6
972	973	972	973	3	3	trialwise	684;2528;4305	684;2528;4305	5;16;27	49;125;134	sub-011_ses-103_task-s5;sub-011_ses-202_task-s5;sub-011_ses-302_task-s5	684	5	49	sub-011	ses-103	task-s5	1;2;3	5;5;5
973	974	973	974	3	3	trialwise	395;2168;3973	395;2168;3973	3;14;25	78;83;120	sub-011_ses-102_task-s3;sub-011_ses-201_task-s3;sub-011_ses-305_task-s3	395	3	78	sub-011	ses-102	task-s3	1;2;3	3;3;3
974	975	974	975	3	3	trialwise	126;1890;3648	126;1890;3648	1;12;23	127;123;113	sub-011_ses-105_task-s1;sub-011_ses-201_task-s1;sub-011_ses-301_task-s1	126	1	127	sub-011	ses-105	task-s1	1;2;3	1;1;1
975	976	975	976	3	3	trialwise	629;2260;4028	629;2260;4028	4;15;26	153;16;16	sub-011_ses-102_task-s4;sub-011_ses-202_task-s4;sub-011_ses-302_task-s4	629	4	153	sub-011	ses-102	task-s4	1;2;3	4;4;4
976	977	976	977	3	3	trialwise	600;2400;4168	600;2400;4168	4;15;26	124;156;156	sub-011_ses-102_task-s4;sub-011_ses-202_task-s4;sub-011_ses-302_task-s4	600	4	124	sub-011	ses-102	task-s4	1;2;3	4;4;4
977	978	977	978	3	3	trialwise	147;1917;3537	147;1917;3537	1;12;23	148;150;2	sub-011_ses-105_task-s1;sub-011_ses-201_task-s1;sub-011_ses-301_task-s1	147	1	148	sub-011	ses-105	task-s1	1;2;3	1;1;1
978	979	978	979	3	3	trialwise	1148;3012;4763	1148;3012;4763	8;19;30	39;135;118	sub-011_ses-104_task-s8;sub-011_ses-203_task-s8;sub-011_ses-303_task-s8	1148	8	39	sub-011	ses-104	task-s8	1;2;3	8;8;8
979	980	979	980	3	3	trialwise	24;1924;3665	24;1924;3665	1;12;23	25;157;130	sub-011_ses-105_task-s1;sub-011_ses-201_task-s1;sub-011_ses-301_task-s1	24	1	25	sub-011	ses-105	task-s1	1;2;3	1;1;1
980	981	980	981	3	3	trialwise	23;1840;3634	23;1840;3634	1;12;23	24;73;99	sub-011_ses-105_task-s1;sub-011_ses-201_task-s1;sub-011_ses-301_task-s1	23	1	24	sub-011	ses-105	task-s1	1;2;3	1;1;1
981	982	981	982	3	3	trialwise	117;1800;3678	117;1800;3678	1;12;23	118;33;143	sub-011_ses-105_task-s1;sub-011_ses-201_task-s1;sub-011_ses-301_task-s1	117	1	118	sub-011	ses-105	task-s1	1;2;3	1;1;1
982	983	982	983	3	3	trialwise	779;2460;4176	779;2460;4176	5;16;27	144;57;5	sub-011_ses-103_task-s5;sub-011_ses-202_task-s5;sub-011_ses-302_task-s5	779	5	144	sub-011	ses-103	task-s5	1;2;3	5;5;5
983	984	983	984	3	3	trialwise	833;2562;4465	833;2562;4465	6;17;28	40;1;136	sub-011_ses-103_task-s6;sub-011_ses-202_task-s6;sub-011_ses-302_task-s6	833	6	40	sub-011	ses-103	task-s6	1;2;3	6;6;6
984	985	984	985	3	3	trialwise	454;2140;3926	454;2140;3926	3;14;25	137;55;73	sub-011_ses-102_task-s3;sub-011_ses-201_task-s3;sub-011_ses-305_task-s3	454	3	137	sub-011	ses-102	task-s3	1;2;3	3;3;3
985	986	985	986	3	3	trialwise	760;2559;4274	760;2559;4274	5;16;27	125;156;103	sub-011_ses-103_task-s5;sub-011_ses-202_task-s5;sub-011_ses-302_task-s5	760	5	125	sub-011	ses-103	task-s5	1;2;3	5;5;5
986	987	986	987	3	3	trialwise	627;2245;4013	627;2245;4013	4;15;26	151;1;1	sub-011_ses-102_task-s4;sub-011_ses-202_task-s4;sub-011_ses-302_task-s4	627	4	151	sub-011	ses-102	task-s4	1;2;3	4;4;4
987	988	987	988	3	3	trialwise	339;2185;3997	339;2185;3997	3;14;25	22;100;144	sub-011_ses-102_task-s3;sub-011_ses-201_task-s3;sub-011_ses-305_task-s3	339	3	22	sub-011	ses-102	task-s3	1;2;3	3;3;3
988	989	988	989	3	3	trialwise	899;2586;4466	899;2586;4466	6;17;28	106;25;137	sub-011_ses-103_task-s6;sub-011_ses-202_task-s6;sub-011_ses-302_task-s6	899	6	106	sub-011	ses-103	task-s6	1;2;3	6;6;6
989	990	989	990	3	3	trialwise	1044;2852;4543	1044;2852;4543	7;18;29	93;133;56	sub-011_ses-104_task-s7;sub-011_ses-203_task-s7;sub-011_ses-304_task-s7	1044	7	93	sub-011	ses-104	task-s7	1;2;3	7;7;7
990	991	990	991	3	3	trialwise	1223;3008;4772	1223;3008;4772	8;19;30	114;131;127	sub-011_ses-104_task-s8;sub-011_ses-203_task-s8;sub-011_ses-303_task-s8	1223	8	114	sub-011	ses-104	task-s8	1;2;3	8;8;8
991	992	991	992	3	3	trialwise	1266;2931;4779	1266;2931;4779	8;19;30	157;54;134	sub-011_ses-104_task-s8;sub-011_ses-203_task-s8;sub-011_ses-303_task-s8	1266	8	157	sub-011	ses-104	task-s8	1;2;3	8;8;8
992	993	992	993	3	3	trialwise	742;2487;4287	742;2487;4287	5;16;27	107;84;116	sub-011_ses-103_task-s5;sub-011_ses-202_task-s5;sub-011_ses-302_task-s5	742	5	107	sub-011	ses-103	task-s5	1;2;3	5;5;5
993	994	993	994	3	3	trialwise	808;2582;4447	808;2582;4447	6;17;28	15;21;118	sub-011_ses-103_task-s6;sub-011_ses-202_task-s6;sub-011_ses-302_task-s6	808	6	15	sub-011	ses-103	task-s6	1;2;3	6;6;6
994	995	994	995	3	3	trialwise	1086;2734;4596	1086;2734;4596	7;18;29	135;15;109	sub-011_ses-104_task-s7;sub-011_ses-203_task-s7;sub-011_ses-304_task-s7	1086	7	135	sub-011	ses-104	task-s7	1;2;3	7;7;7
995	996	995	996	3	3	trialwise	685;2455;4230	685;2455;4230	5;16;27	50;52;59	sub-011_ses-103_task-s5;sub-011_ses-202_task-s5;sub-011_ses-302_task-s5	685	5	50	sub-011	ses-103	task-s5	1;2;3	5;5;5
996	997	996	997	3	3	trialwise	1182;2907;4658	1182;2907;4658	8;19;30	73;30;13	sub-011_ses-104_task-s8;sub-011_ses-203_task-s8;sub-011_ses-303_task-s8	1182	8	73	sub-011	ses-104	task-s8	1;2;3	8;8;8
997	998	997	998	3	3	trialwise	439;2136;4001	439;2136;4001	3;14;25	122;51;148	sub-011_ses-102_task-s3;sub-011_ses-201_task-s3;sub-011_ses-305_task-s3	439	3	122	sub-011	ses-102	task-s3	1;2;3	3;3;3
998	999	998	999	3	3	trialwise	563;2363;4131	563;2363;4131	4;15;26	87;119;119	sub-011_ses-102_task-s4;sub-011_ses-202_task-s4;sub-011_ses-302_task-s4	563	4	87	sub-011	ses-102	task-s4	1;2;3	4;4;4
999	1000	999	1000	3	3	trialwise	1092;2779;4630	1092;2779;4630	7;18;29	141;60;143	sub-011_ses-104_task-s7;sub-011_ses-203_task-s7;sub-011_ses-304_task-s7	1092	7	141	sub-011	ses-104	task-s7	1;2;3	7;7;7
1000	1001	1000	1001	3	3	trialwise	543;2372;4140	543;2372;4140	4;15;26	67;128;128	sub-011_ses-102_task-s4;sub-011_ses-202_task-s4;sub-011_ses-302_task-s4	543	4	67	sub-011	ses-102	task-s4	1;2;3	4;4;4
1001	1002	1001	1002	3	3	trialwise	1098;2726;4587	1098;2726;4587	7;18;29	147;7;100	sub-011_ses-104_task-s7;sub-011_ses-203_task-s7;sub-011_ses-304_task-s7	1098	7	147	sub-011	ses-104	task-s7	1;2;3	7;7;7
1002	1003	1002	1003	3	3	trialwise	405;2206;3884	405;2206;3884	3;14;25	88;121;31	sub-011_ses-102_task-s3;sub-011_ses-201_task-s3;sub-011_ses-305_task-s3	405	3	88	sub-011	ses-102	task-s3	1;2;3	3;3;3
1003	1004	1003	1004	3	3	trialwise	494;2379;4147	494;2379;4147	4;15;26	18;135;135	sub-011_ses-102_task-s4;sub-011_ses-202_task-s4;sub-011_ses-302_task-s4	494	4	18	sub-011	ses-102	task-s4	1;2;3	4;4;4
1004	1005	1004	1005	3	3	trialwise	902;2700;4332	902;2700;4332	6;17;28	109;139;3	sub-011_ses-103_task-s6;sub-011_ses-202_task-s6;sub-011_ses-302_task-s6	902	6	109	sub-011	ses-103	task-s6	1;2;3	6;6;6
1005	1006	1005	1006	3	3	trialwise	495;2257;4025	495;2257;4025	4;15;26	19;13;13	sub-011_ses-102_task-s4;sub-011_ses-202_task-s4;sub-011_ses-302_task-s4	495	4	19	sub-011	ses-102	task-s4	1;2;3	4;4;4
1006	1007	1006	1007	3	3	trialwise	654;2482;4327	654;2482;4327	5;16;27	19;79;156	sub-011_ses-103_task-s5;sub-011_ses-202_task-s5;sub-011_ses-302_task-s5	654	5	19	sub-011	ses-103	task-s5	1;2;3	5;5;5
1007	1008	1007	1008	3	3	trialwise	333;2202;3956	333;2202;3956	3;14;25	16;117;103	sub-011_ses-102_task-s3;sub-011_ses-201_task-s3;sub-011_ses-305_task-s3	333	3	16	sub-011	ses-102	task-s3	1;2;3	3;3;3
1008	1009	1008	1009	3	3	trialwise	620;2309;4077	620;2309;4077	4;15;26	144;65;65	sub-011_ses-102_task-s4;sub-011_ses-202_task-s4;sub-011_ses-302_task-s4	620	4	144	sub-011	ses-102	task-s4	1;2;3	4;4;4
1009	1010	1009	1010	3	3	trialwise	102;1845;3664	102;1845;3664	1;12;23	103;78;129	sub-011_ses-105_task-s1;sub-011_ses-201_task-s1;sub-011_ses-301_task-s1	102	1	103	sub-011	ses-105	task-s1	1;2;3	1;1;1
1010	1011	1010	1011	3	3	trialwise	1046;2774;4611	1046;2774;4611	7;18;29	95;55;124	sub-011_ses-104_task-s7;sub-011_ses-203_task-s7;sub-011_ses-304_task-s7	1046	7	95	sub-011	ses-104	task-s7	1;2;3	7;7;7
1011	1012	1011	1012	3	3	trialwise	666;2464;4283	666;2464;4283	5;16;27	31;61;112	sub-011_ses-103_task-s5;sub-011_ses-202_task-s5;sub-011_ses-302_task-s5	666	5	31	sub-011	ses-103	task-s5	1;2;3	5;5;5
1012	1013	1012	1013	3	3	trialwise	1110;2888;4709	1110;2888;4709	8;19;30	1;11;64	sub-011_ses-104_task-s8;sub-011_ses-203_task-s8;sub-011_ses-303_task-s8	1110	8	1	sub-011	ses-104	task-s8	1;2;3	8;8;8
1013	1014	1013	1014	3	3	trialwise	201;1935;3745	201;1935;3745	2;13;24	43;9;51	sub-011_ses-105_task-s2;sub-011_ses-201_task-s2;sub-011_ses-301_task-s2	201	2	43	sub-011	ses-105	task-s2	1;2;3	2;2;2
1014	1015	1014	1015	3	3	trialwise	380;2167;3924	380;2167;3924	3;14;25	63;82;71	sub-011_ses-102_task-s3;sub-011_ses-201_task-s3;sub-011_ses-305_task-s3	380	3	63	sub-011	ses-102	task-s3	1;2;3	3;3;3
1015	1016	1015	1016	3	3	trialwise	776;2419;4318	776;2419;4318	5;16;27	141;16;147	sub-011_ses-103_task-s5;sub-011_ses-202_task-s5;sub-011_ses-302_task-s5	776	5	141	sub-011	ses-103	task-s5	1;2;3	5;5;5
1016	1017	1016	1017	3	3	trialwise	31;1863;3593	31;1863;3593	1;12;23	32;96;58	sub-011_ses-105_task-s1;sub-011_ses-201_task-s1;sub-011_ses-301_task-s1	31	1	32	sub-011	ses-105	task-s1	1;2;3	1;1;1
1017	1018	1017	1018	3	3	trialwise	1019;2820;4607	1019;2820;4607	7;18;29	68;101;120	sub-011_ses-104_task-s7;sub-011_ses-203_task-s7;sub-011_ses-304_task-s7	1019	7	68	sub-011	ses-104	task-s7	1;2;3	7;7;7
1018	1019	1018	1019	3	3	trialwise	573;2290;4058	573;2290;4058	4;15;26	97;46;46	sub-011_ses-102_task-s4;sub-011_ses-202_task-s4;sub-011_ses-302_task-s4	573	4	97	sub-011	ses-102	task-s4	1;2;3	4;4;4
1019	1020	1019	1020	3	3	trialwise	1236;3006;4691	1236;3006;4691	8;19;30	127;129;46	sub-011_ses-104_task-s8;sub-011_ses-203_task-s8;sub-011_ses-303_task-s8	1236	8	127	sub-011	ses-104	task-s8	1;2;3	8;8;8
1020	1021	1020	1021	3	3	trialwise	923;2689;4411	923;2689;4411	6;17;28	130;128;82	sub-011_ses-103_task-s6;sub-011_ses-202_task-s6;sub-011_ses-302_task-s6	923	6	130	sub-011	ses-103	task-s6	1;2;3	6;6;6
1021	1022	1021	1022	3	3	trialwise	910;2645;4420	910;2645;4420	6;17;28	117;84;91	sub-011_ses-103_task-s6;sub-011_ses-202_task-s6;sub-011_ses-302_task-s6	910	6	117	sub-011	ses-103	task-s6	1;2;3	6;6;6
1022	1023	1022	1023	3	3	trialwise	103;1844;3563	103;1844;3563	1;12;23	104;77;28	sub-011_ses-105_task-s1;sub-011_ses-201_task-s1;sub-011_ses-301_task-s1	103	1	104	sub-011	ses-105	task-s1	1;2;3	1;1;1
1023	1024	1023	1024	3	3	trialwise	1226;3007;4768	1226;3007;4768	8;19;30	117;130;123	sub-011_ses-104_task-s8;sub-011_ses-203_task-s8;sub-011_ses-303_task-s8	1226	8	117	sub-011	ses-104	task-s8	1;2;3	8;8;8
1024	1025	1024	1025	3	3	trialwise	317;1940;3786	317;1940;3786	2;13;24	159;14;92	sub-011_ses-105_task-s2;sub-011_ses-201_task-s2;sub-011_ses-301_task-s2	317	2	159	sub-011	ses-105	task-s2	1;2;3	2;2;2
1025	1026	1025	1026	3	3	trialwise	856;2600;4336	856;2600;4336	6;17;28	63;39;7	sub-011_ses-103_task-s6;sub-011_ses-202_task-s6;sub-011_ses-302_task-s6	856	6	63	sub-011	ses-103	task-s6	1;2;3	6;6;6
1026	1027	1026	1027	3	3	trialwise	954;2728;4620	954;2728;4620	7;18;29	3;9;133	sub-011_ses-104_task-s7;sub-011_ses-203_task-s7;sub-011_ses-304_task-s7	954	7	3	sub-011	ses-104	task-s7	1;2;3	7;7;7
1027	1028	1027	1028	3	3	trialwise	630;2368;4136	630;2368;4136	4;15;26	154;124;124	sub-011_ses-102_task-s4;sub-011_ses-202_task-s4;sub-011_ses-302_task-s4	630	4	154	sub-011	ses-102	task-s4	1;2;3	4;4;4
1028	1029	1028	1029	3	3	trialwise	125;1886;3657	125;1886;3657	1;12;23	126;119;122	sub-011_ses-105_task-s1;sub-011_ses-201_task-s1;sub-011_ses-301_task-s1	125	1	126	sub-011	ses-105	task-s1	1;2;3	1;1;1
1029	1030	1029	1030	3	3	trialwise	718;2467;4310	718;2467;4310	5;16;27	83;64;139	sub-011_ses-103_task-s5;sub-011_ses-202_task-s5;sub-011_ses-302_task-s5	718	5	83	sub-011	ses-103	task-s5	1;2;3	5;5;5
1030	1031	1030	1031	3	3	trialwise	440;2093;3889	440;2093;3889	3;14;25	123;8;36	sub-011_ses-102_task-s3;sub-011_ses-201_task-s3;sub-011_ses-305_task-s3	440	3	123	sub-011	ses-102	task-s3	1;2;3	3;3;3
1031	1032	1031	1032	3	3	trialwise	28;1881;3691	28;1881;3691	1;12;23	29;114;156	sub-011_ses-105_task-s1;sub-011_ses-201_task-s1;sub-011_ses-301_task-s1	28	1	29	sub-011	ses-105	task-s1	1;2;3	1;1;1
1032	1033	1032	1033	3	3	trialwise	111;1922;3645	111;1922;3645	1;12;23	112;155;110	sub-011_ses-105_task-s1;sub-011_ses-201_task-s1;sub-011_ses-301_task-s1	111	1	112	sub-011	ses-105	task-s1	1;2;3	1;1;1
1033	1034	1033	1034	3	3	trialwise	786;2490;4290	786;2490;4290	5;16;27	151;87;119	sub-011_ses-103_task-s5;sub-011_ses-202_task-s5;sub-011_ses-302_task-s5	786	5	151	sub-011	ses-103	task-s5	1;2;3	5;5;5
1034	1035	1034	1035	3	3	trialwise	455;2215;3970	455;2215;3970	3;14;25	138;130;117	sub-011_ses-102_task-s3;sub-011_ses-201_task-s3;sub-011_ses-305_task-s3	455	3	138	sub-011	ses-102	task-s3	1;2;3	3;3;3
1035	1036	1035	1036	3	3	trialwise	301;2031;3833	301;2031;3833	2;13;24	143;105;139	sub-011_ses-105_task-s2;sub-011_ses-201_task-s2;sub-011_ses-301_task-s2	301	2	143	sub-011	ses-105	task-s2	1;2;3	2;2;2
1036	1037	1036	1037	3	3	trialwise	1158;2904;4713	1158;2904;4713	8;19;30	49;27;68	sub-011_ses-104_task-s8;sub-011_ses-203_task-s8;sub-011_ses-303_task-s8	1158	8	49	sub-011	ses-104	task-s8	1;2;3	8;8;8
1037	1038	1037	1038	3	3	trialwise	276;1994;3709	276;1994;3709	2;13;24	118;68;15	sub-011_ses-105_task-s2;sub-011_ses-201_task-s2;sub-011_ses-301_task-s2	276	2	118	sub-011	ses-105	task-s2	1;2;3	2;2;2
1038	1039	1038	1039	3	3	trialwise	832;2698;4403	832;2698;4403	6;17;28	39;137;74	sub-011_ses-103_task-s6;sub-011_ses-202_task-s6;sub-011_ses-302_task-s6	832	6	39	sub-011	ses-103	task-s6	1;2;3	6;6;6
1039	1040	1039	1040	3	3	trialwise	795;2592;4422	795;2592;4422	6;17;28	2;31;93	sub-011_ses-103_task-s6;sub-011_ses-202_task-s6;sub-011_ses-302_task-s6	795	6	2	sub-011	ses-103	task-s6	1;2;3	6;6;6
1040	1041	1040	1041	3	3	trialwise	490;2313;4081	490;2313;4081	4;15;26	14;69;69	sub-011_ses-102_task-s4;sub-011_ses-202_task-s4;sub-011_ses-302_task-s4	490	4	14	sub-011	ses-102	task-s4	1;2;3	4;4;4
1041	1042	1041	1042	3	3	trialwise	967;2833;4602	967;2833;4602	7;18;29	16;114;115	sub-011_ses-104_task-s7;sub-011_ses-203_task-s7;sub-011_ses-304_task-s7	967	7	16	sub-011	ses-104	task-s7	1;2;3	7;7;7
1042	1043	1042	1043	3	3	trialwise	1220;2897;4785	1220;2897;4785	8;19;30	111;20;140	sub-011_ses-104_task-s8;sub-011_ses-203_task-s8;sub-011_ses-303_task-s8	1220	8	111	sub-011	ses-104	task-s8	1;2;3	8;8;8
1043	1044	1043	1044	3	3	trialwise	77;1795;3549	77;1795;3549	1;12;23	78;28;14	sub-011_ses-105_task-s1;sub-011_ses-201_task-s1;sub-011_ses-301_task-s1	77	1	78	sub-011	ses-105	task-s1	1;2;3	1;1;1
1044	1045	1044	1045	3	3	trialwise	189;2005;3797	189;2005;3797	2;13;24	31;79;103	sub-011_ses-105_task-s2;sub-011_ses-201_task-s2;sub-011_ses-301_task-s2	189	2	31	sub-011	ses-105	task-s2	1;2;3	2;2;2
1045	1046	1045	1046	3	3	trialwise	622;2385;4153	622;2385;4153	4;15;26	146;141;141	sub-011_ses-102_task-s4;sub-011_ses-202_task-s4;sub-011_ses-302_task-s4	622	4	146	sub-011	ses-102	task-s4	1;2;3	4;4;4
1046	1047	1046	1047	3	3	trialwise	476;2216;3856	476;2216;3856	3;14;25	159;131;3	sub-011_ses-102_task-s3;sub-011_ses-201_task-s3;sub-011_ses-305_task-s3	476	3	159	sub-011	ses-102	task-s3	1;2;3	3;3;3
1047	1048	1047	1048	3	3	trialwise	523;2277;4045	523;2277;4045	4;15;26	47;33;33	sub-011_ses-102_task-s4;sub-011_ses-202_task-s4;sub-011_ses-302_task-s4	523	4	47	sub-011	ses-102	task-s4	1;2;3	4;4;4
1048	1049	1048	1049	3	3	trialwise	450;2089;3899	450;2089;3899	3;14;25	133;4;46	sub-011_ses-102_task-s3;sub-011_ses-201_task-s3;sub-011_ses-305_task-s3	450	3	133	sub-011	ses-102	task-s3	1;2;3	3;3;3
1049	1050	1049	1050	3	3	trialwise	640;2493;4271	640;2493;4271	5;16;27	5;90;100	sub-011_ses-103_task-s5;sub-011_ses-202_task-s5;sub-011_ses-302_task-s5	640	5	5	sub-011	ses-103	task-s5	1;2;3	5;5;5
1050	1051	1050	1051	3	3	trialwise	64;1808;3616	64;1808;3616	1;12;23	65;41;81	sub-011_ses-105_task-s1;sub-011_ses-201_task-s1;sub-011_ses-301_task-s1	64	1	65	sub-011	ses-105	task-s1	1;2;3	1;1;1
1051	1052	1051	1052	3	3	trialwise	930;2678;4462	930;2678;4462	6;17;28	137;117;133	sub-011_ses-103_task-s6;sub-011_ses-202_task-s6;sub-011_ses-302_task-s6	930	6	137	sub-011	ses-103	task-s6	1;2;3	6;6;6
1052	1053	1052	1053	3	3	trialwise	273;2047;3803	273;2047;3803	2;13;24	115;121;109	sub-011_ses-105_task-s2;sub-011_ses-201_task-s2;sub-011_ses-301_task-s2	273	2	115	sub-011	ses-105	task-s2	1;2;3	2;2;2
1053	1054	1053	1054	3	3	trialwise	172;1939;3799	172;1939;3799	2;13;24	14;13;105	sub-011_ses-105_task-s2;sub-011_ses-201_task-s2;sub-011_ses-301_task-s2	172	2	14	sub-011	ses-105	task-s2	1;2;3	2;2;2
1054	1055	1054	1055	3	3	trialwise	800;2671;4389	800;2671;4389	6;17;28	7;110;60	sub-011_ses-103_task-s6;sub-011_ses-202_task-s6;sub-011_ses-302_task-s6	800	6	7	sub-011	ses-103	task-s6	1;2;3	6;6;6
1055	1056	1055	1056	3	3	trialwise	892;2612;4353	892;2612;4353	6;17;28	99;51;24	sub-011_ses-103_task-s6;sub-011_ses-202_task-s6;sub-011_ses-302_task-s6	892	6	99	sub-011	ses-103	task-s6	1;2;3	6;6;6
1056	1057	1056	1057	3	3	trialwise	259;2061;3794	259;2061;3794	2;13;24	101;135;100	sub-011_ses-105_task-s2;sub-011_ses-201_task-s2;sub-011_ses-301_task-s2	259	2	101	sub-011	ses-105	task-s2	1;2;3	2;2;2
1057	1058	1057	1058	3	3	trialwise	1163;2950;4678	1163;2950;4678	8;19;30	54;73;33	sub-011_ses-104_task-s8;sub-011_ses-203_task-s8;sub-011_ses-303_task-s8	1163	8	54	sub-011	ses-104	task-s8	1;2;3	8;8;8
1058	1059	1058	1059	3	3	trialwise	474;2234;3977	474;2234;3977	3;14;25	157;149;124	sub-011_ses-102_task-s3;sub-011_ses-201_task-s3;sub-011_ses-305_task-s3	474	3	157	sub-011	ses-102	task-s3	1;2;3	3;3;3
1059	1060	1059	1060	3	3	trialwise	1028;2850;4513	1028;2850;4513	7;18;29	77;131;26	sub-011_ses-104_task-s7;sub-011_ses-203_task-s7;sub-011_ses-304_task-s7	1028	7	77	sub-011	ses-104	task-s7	1;2;3	7;7;7
1060	1061	1060	1061	3	3	trialwise	203;2019;3758	203;2019;3758	2;13;24	45;93;64	sub-011_ses-105_task-s2;sub-011_ses-201_task-s2;sub-011_ses-301_task-s2	203	2	45	sub-011	ses-105	task-s2	1;2;3	2;2;2
1061	1062	1061	1062	3	3	trialwise	695;2556;4199	695;2556;4199	5;16;27	60;153;28	sub-011_ses-103_task-s5;sub-011_ses-202_task-s5;sub-011_ses-302_task-s5	695	5	60	sub-011	ses-103	task-s5	1;2;3	5;5;5
1062	1063	1062	1063	3	3	trialwise	43;1894;3547	43;1894;3547	1;12;23	44;127;12	sub-011_ses-105_task-s1;sub-011_ses-201_task-s1;sub-011_ses-301_task-s1	43	1	44	sub-011	ses-105	task-s1	1;2;3	1;1;1
1063	1064	1063	1064	3	3	trialwise	1172;2921;4693	1172;2921;4693	8;19;30	63;44;48	sub-011_ses-104_task-s8;sub-011_ses-203_task-s8;sub-011_ses-303_task-s8	1172	8	63	sub-011	ses-104	task-s8	1;2;3	8;8;8
1064	1065	1064	1065	3	3	trialwise	316;2055;3844	316;2055;3844	2;13;24	158;129;150	sub-011_ses-105_task-s2;sub-011_ses-201_task-s2;sub-011_ses-301_task-s2	316	2	158	sub-011	ses-105	task-s2	1;2;3	2;2;2
1065	1066	1065	1066	3	3	trialwise	1186;2976;4670	1186;2976;4670	8;19;30	77;99;25	sub-011_ses-104_task-s8;sub-011_ses-203_task-s8;sub-011_ses-303_task-s8	1186	8	77	sub-011	ses-104	task-s8	1;2;3	8;8;8
1066	1067	1066	1067	3	3	trialwise	940;2613;4399	940;2613;4399	6;17;28	147;52;70	sub-011_ses-103_task-s6;sub-011_ses-202_task-s6;sub-011_ses-302_task-s6	940	6	147	sub-011	ses-103	task-s6	1;2;3	6;6;6
1067	1068	1067	1068	3	3	trialwise	556;2292;4060	556;2292;4060	4;15;26	80;48;48	sub-011_ses-102_task-s4;sub-011_ses-202_task-s4;sub-011_ses-302_task-s4	556	4	80	sub-011	ses-102	task-s4	1;2;3	4;4;4
1068	1069	1068	1069	3	3	trialwise	63;1887;3660	63;1887;3660	1;12;23	64;120;125	sub-011_ses-105_task-s1;sub-011_ses-201_task-s1;sub-011_ses-301_task-s1	63	1	64	sub-011	ses-105	task-s1	1;2;3	1;1;1
1069	1070	1069	1070	3	3	trialwise	331;2218;3866	331;2218;3866	3;14;25	14;133;13	sub-011_ses-102_task-s3;sub-011_ses-201_task-s3;sub-011_ses-305_task-s3	331	3	14	sub-011	ses-102	task-s3	1;2;3	3;3;3
1070	1071	1070	1071	3	3	trialwise	854;2621;4343	854;2621;4343	6;17;28	61;60;14	sub-011_ses-103_task-s6;sub-011_ses-202_task-s6;sub-011_ses-302_task-s6	854	6	61	sub-011	ses-103	task-s6	1;2;3	6;6;6
1071	1072	1071	1072	3	3	trialwise	213;2032;3696	213;2032;3696	2;13;24	55;106;2	sub-011_ses-105_task-s2;sub-011_ses-201_task-s2;sub-011_ses-301_task-s2	213	2	55	sub-011	ses-105	task-s2	1;2;3	2;2;2
1072	1073	1072	1073	3	3	trialwise	796;2656;4483	796;2656;4483	6;17;28	3;95;154	sub-011_ses-103_task-s6;sub-011_ses-202_task-s6;sub-011_ses-302_task-s6	796	6	3	sub-011	ses-103	task-s6	1;2;3	6;6;6
1073	1074	1073	1074	3	3	trialwise	921;2574;4464	921;2574;4464	6;17;28	128;13;135	sub-011_ses-103_task-s6;sub-011_ses-202_task-s6;sub-011_ses-302_task-s6	921	6	128	sub-011	ses-103	task-s6	1;2;3	6;6;6
1074	1075	1074	1075	3	3	trialwise	749;2532;4296	749;2532;4296	5;16;27	114;129;125	sub-011_ses-103_task-s5;sub-011_ses-202_task-s5;sub-011_ses-302_task-s5	749	5	114	sub-011	ses-103	task-s5	1;2;3	5;5;5
1075	1076	1075	1076	3	3	trialwise	1232;2952;4666	1232;2952;4666	8;19;30	123;75;21	sub-011_ses-104_task-s8;sub-011_ses-203_task-s8;sub-011_ses-303_task-s8	1232	8	123	sub-011	ses-104	task-s8	1;2;3	8;8;8
1076	1077	1076	1077	3	3	trialwise	1176;2902;4780	1176;2902;4780	8;19;30	67;25;135	sub-011_ses-104_task-s8;sub-011_ses-203_task-s8;sub-011_ses-303_task-s8	1176	8	67	sub-011	ses-104	task-s8	1;2;3	8;8;8
1077	1078	1077	1078	3	3	trialwise	872;2640;4371	872;2640;4371	6;17;28	79;79;42	sub-011_ses-103_task-s6;sub-011_ses-202_task-s6;sub-011_ses-302_task-s6	872	6	79	sub-011	ses-103	task-s6	1;2;3	6;6;6
1078	1079	1078	1079	3	3	trialwise	561;2269;4037	561;2269;4037	4;15;26	85;25;25	sub-011_ses-102_task-s4;sub-011_ses-202_task-s4;sub-011_ses-302_task-s4	561	4	85	sub-011	ses-102	task-s4	1;2;3	4;4;4
1079	1080	1079	1080	3	3	trialwise	1065;2757;4529	1065;2757;4529	7;18;29	114;38;42	sub-011_ses-104_task-s7;sub-011_ses-203_task-s7;sub-011_ses-304_task-s7	1065	7	114	sub-011	ses-104	task-s7	1;2;3	7;7;7
1080	1081	1080	1081	3	3	trialwise	1263;2935;4736	1263;2935;4736	8;19;30	154;58;91	sub-011_ses-104_task-s8;sub-011_ses-203_task-s8;sub-011_ses-303_task-s8	1263	8	154	sub-011	ses-104	task-s8	1;2;3	8;8;8
1081	1082	1081	1082	3	3	trialwise	646;2540;4215	646;2540;4215	5;16;27	11;137;44	sub-011_ses-103_task-s5;sub-011_ses-202_task-s5;sub-011_ses-302_task-s5	646	5	11	sub-011	ses-103	task-s5	1;2;3	5;5;5
1082	1083	1082	1083	3	3	trialwise	859;2643;4397	859;2643;4397	6;17;28	66;82;68	sub-011_ses-103_task-s6;sub-011_ses-202_task-s6;sub-011_ses-302_task-s6	859	6	66	sub-011	ses-103	task-s6	1;2;3	6;6;6
1083	1084	1083	1084	3	3	trialwise	179;1962;3712	179;1962;3712	2;13;24	21;36;18	sub-011_ses-105_task-s2;sub-011_ses-201_task-s2;sub-011_ses-301_task-s2	179	2	21	sub-011	ses-105	task-s2	1;2;3	2;2;2
1084	1085	1084	1085	3	3	trialwise	979;2735;4573	979;2735;4573	7;18;29	28;16;86	sub-011_ses-104_task-s7;sub-011_ses-203_task-s7;sub-011_ses-304_task-s7	979	7	28	sub-011	ses-104	task-s7	1;2;3	7;7;7
1085	1086	1085	1086	3	3	trialwise	677;2415;4178	677;2415;4178	5;16;27	42;12;7	sub-011_ses-103_task-s5;sub-011_ses-202_task-s5;sub-011_ses-302_task-s5	677	5	42	sub-011	ses-103	task-s5	1;2;3	5;5;5
1086	1087	1086	1087	3	3	trialwise	287;1954;3806	287;1954;3806	2;13;24	129;28;112	sub-011_ses-105_task-s2;sub-011_ses-201_task-s2;sub-011_ses-301_task-s2	287	2	129	sub-011	ses-105	task-s2	1;2;3	2;2;2
1087	1088	1087	1088	3	3	trialwise	241;1975;3751	241;1975;3751	2;13;24	83;49;57	sub-011_ses-105_task-s2;sub-011_ses-201_task-s2;sub-011_ses-301_task-s2	241	2	83	sub-011	ses-105	task-s2	1;2;3	2;2;2
1088	1089	1088	1089	3	3	trialwise	266;2013;3824	266;2013;3824	2;13;24	108;87;130	sub-011_ses-105_task-s2;sub-011_ses-201_task-s2;sub-011_ses-301_task-s2	266	2	108	sub-011	ses-105	task-s2	1;2;3	2;2;2
1089	1090	1089	1090	3	3	trialwise	209;2035;3827	209;2035;3827	2;13;24	51;109;133	sub-011_ses-105_task-s2;sub-011_ses-201_task-s2;sub-011_ses-301_task-s2	209	2	51	sub-011	ses-105	task-s2	1;2;3	2;2;2
1090	1091	1090	1091	3	3	trialwise	1193;2982;4733	1193;2982;4733	8;19;30	84;105;88	sub-011_ses-104_task-s8;sub-011_ses-203_task-s8;sub-011_ses-303_task-s8	1193	8	84	sub-011	ses-104	task-s8	1;2;3	8;8;8
1091	1092	1091	1092	3	3	trialwise	101;1821;3596	101;1821;3596	1;12;23	102;54;61	sub-011_ses-105_task-s1;sub-011_ses-201_task-s1;sub-011_ses-301_task-s1	101	1	102	sub-011	ses-105	task-s1	1;2;3	1;1;1
1092	1093	1092	1093	3	3	trialwise	148;1804;3659	148;1804;3659	1;12;23	149;37;124	sub-011_ses-105_task-s1;sub-011_ses-201_task-s1;sub-011_ses-301_task-s1	148	1	149	sub-011	ses-105	task-s1	1;2;3	1;1;1
1093	1094	1093	1094	3	3	trialwise	1152;2977;4669	1152;2977;4669	8;19;30	43;100;24	sub-011_ses-104_task-s8;sub-011_ses-203_task-s8;sub-011_ses-303_task-s8	1152	8	43	sub-011	ses-104	task-s8	1;2;3	8;8;8
1094	1095	1094	1095	3	3	trialwise	906;2610;4330	906;2610;4330	6;17;28	113;49;1	sub-011_ses-103_task-s6;sub-011_ses-202_task-s6;sub-011_ses-302_task-s6	906	6	113	sub-011	ses-103	task-s6	1;2;3	6;6;6
1095	1096	1095	1096	3	3	trialwise	911;2666;4451	911;2666;4451	6;17;28	118;105;122	sub-011_ses-103_task-s6;sub-011_ses-202_task-s6;sub-011_ses-302_task-s6	911	6	118	sub-011	ses-103	task-s6	1;2;3	6;6;6
1096	1097	1096	1097	3	3	trialwise	2;1854;3671	2;1854;3671	1;12;23	3;87;136	sub-011_ses-105_task-s1;sub-011_ses-201_task-s1;sub-011_ses-301_task-s1	2	1	3	sub-011	ses-105	task-s1	1;2;3	1;1;1
1097	1098	1097	1098	3	3	trialwise	801;2628;4404	801;2628;4404	6;17;28	8;67;75	sub-011_ses-103_task-s6;sub-011_ses-202_task-s6;sub-011_ses-302_task-s6	801	6	8	sub-011	ses-103	task-s6	1;2;3	6;6;6
1098	1099	1098	1099	3	3	trialwise	38;1899;3581	38;1899;3581	1;12;23	39;132;46	sub-011_ses-105_task-s1;sub-011_ses-201_task-s1;sub-011_ses-301_task-s1	38	1	39	sub-011	ses-105	task-s1	1;2;3	1;1;1
1099	1100	1099	1100	3	3	trialwise	583;2265;4033	583;2265;4033	4;15;26	107;21;21	sub-011_ses-102_task-s4;sub-011_ses-202_task-s4;sub-011_ses-302_task-s4	583	4	107	sub-011	ses-102	task-s4	1;2;3	4;4;4
1100	1101	1100	1101	3	3	trialwise	768;2546;4187	768;2546;4187	5;16;27	133;143;16	sub-011_ses-103_task-s5;sub-011_ses-202_task-s5;sub-011_ses-302_task-s5	768	5	133	sub-011	ses-103	task-s5	1;2;3	5;5;5
1101	1102	1101	1102	3	3	trialwise	1214;2957;4778	1214;2957;4778	8;19;30	105;80;133	sub-011_ses-104_task-s8;sub-011_ses-203_task-s8;sub-011_ses-303_task-s8	1214	8	105	sub-011	ses-104	task-s8	1;2;3	8;8;8
1102	1103	1102	1103	3	3	trialwise	822;2659;4434	822;2659;4434	6;17;28	29;98;105	sub-011_ses-103_task-s6;sub-011_ses-202_task-s6;sub-011_ses-302_task-s6	822	6	29	sub-011	ses-103	task-s6	1;2;3	6;6;6
1103	1104	1103	1104	3	3	trialwise	346;2090;3983	346;2090;3983	3;14;25	29;5;130	sub-011_ses-102_task-s3;sub-011_ses-201_task-s3;sub-011_ses-305_task-s3	346	3	29	sub-011	ses-102	task-s3	1;2;3	3;3;3
1104	1105	1104	1105	3	3	trialwise	247;1968;3704	247;1968;3704	2;13;24	89;42;10	sub-011_ses-105_task-s2;sub-011_ses-201_task-s2;sub-011_ses-301_task-s2	247	2	89	sub-011	ses-105	task-s2	1;2;3	2;2;2
1105	1106	1105	1106	3	3	trialwise	792;2449;4317	792;2449;4317	5;16;27	157;46;146	sub-011_ses-103_task-s5;sub-011_ses-202_task-s5;sub-011_ses-302_task-s5	792	5	157	sub-011	ses-103	task-s5	1;2;3	5;5;5
1106	1107	1106	1107	3	3	trialwise	1257;3035;4741	1257;3035;4741	8;19;30	148;158;96	sub-011_ses-104_task-s8;sub-011_ses-203_task-s8;sub-011_ses-303_task-s8	1257	8	148	sub-011	ses-104	task-s8	1;2;3	8;8;8
1107	1108	1107	1108	3	3	trialwise	1068;2856;4522	1068;2856;4522	7;18;29	117;137;35	sub-011_ses-104_task-s7;sub-011_ses-203_task-s7;sub-011_ses-304_task-s7	1068	7	117	sub-011	ses-104	task-s7	1;2;3	7;7;7
1108	1109	1108	1109	3	3	trialwise	305;1980;3735	305;1980;3735	2;13;24	147;54;41	sub-011_ses-105_task-s2;sub-011_ses-201_task-s2;sub-011_ses-301_task-s2	305	2	147	sub-011	ses-105	task-s2	1;2;3	2;2;2
1109	1110	1109	1110	3	3	trialwise	150;1818;3694	150;1818;3694	1;12;23	151;51;159	sub-011_ses-105_task-s1;sub-011_ses-201_task-s1;sub-011_ses-301_task-s1	150	1	151	sub-011	ses-105	task-s1	1;2;3	1;1;1
1110	1111	1110	1111	3	3	trialwise	611;2380;4148	611;2380;4148	4;15;26	135;136;136	sub-011_ses-102_task-s4;sub-011_ses-202_task-s4;sub-011_ses-302_task-s4	611	4	135	sub-011	ses-102	task-s4	1;2;3	4;4;4
1111	1112	1111	1112	3	3	trialwise	927;2710;4401	927;2710;4401	6;17;28	134;149;72	sub-011_ses-103_task-s6;sub-011_ses-202_task-s6;sub-011_ses-302_task-s6	927	6	134	sub-011	ses-103	task-s6	1;2;3	6;6;6
1112	1113	1112	1113	3	3	trialwise	431;2239;3952	431;2239;3952	3;14;25	114;154;99	sub-011_ses-102_task-s3;sub-011_ses-201_task-s3;sub-011_ses-305_task-s3	431	3	114	sub-011	ses-102	task-s3	1;2;3	3;3;3
1113	1114	1113	1114	3	3	trialwise	492;2336;4104	492;2336;4104	4;15;26	16;92;92	sub-011_ses-102_task-s4;sub-011_ses-202_task-s4;sub-011_ses-302_task-s4	492	4	16	sub-011	ses-102	task-s4	1;2;3	4;4;4
1114	1115	1114	1115	3	3	trialwise	545;2333;4101	545;2333;4101	4;15;26	69;89;89	sub-011_ses-102_task-s4;sub-011_ses-202_task-s4;sub-011_ses-302_task-s4	545	4	69	sub-011	ses-102	task-s4	1;2;3	4;4;4
1115	1116	1115	1116	3	3	trialwise	252;1947;3847	252;1947;3847	2;13;24	94;21;153	sub-011_ses-105_task-s2;sub-011_ses-201_task-s2;sub-011_ses-301_task-s2	252	2	94	sub-011	ses-105	task-s2	1;2;3	2;2;2
1116	1117	1116	1117	3	3	trialwise	698;2431;4191	698;2431;4191	5;16;27	63;28;20	sub-011_ses-103_task-s5;sub-011_ses-202_task-s5;sub-011_ses-302_task-s5	698	5	63	sub-011	ses-103	task-s5	1;2;3	5;5;5
1117	1118	1117	1118	3	3	trialwise	700;2470;4216	700;2470;4216	5;16;27	65;67;45	sub-011_ses-103_task-s5;sub-011_ses-202_task-s5;sub-011_ses-302_task-s5	700	5	65	sub-011	ses-103	task-s5	1;2;3	5;5;5
1118	1119	1118	1119	3	3	trialwise	483;2268;4036	483;2268;4036	4;15;26	7;24;24	sub-011_ses-102_task-s4;sub-011_ses-202_task-s4;sub-011_ses-302_task-s4	483	4	7	sub-011	ses-102	task-s4	1;2;3	4;4;4
1119	1120	1119	1120	3	3	trialwise	1050;2768;4633	1050;2768;4633	7;18;29	99;49;146	sub-011_ses-104_task-s7;sub-011_ses-203_task-s7;sub-011_ses-304_task-s7	1050	7	99	sub-011	ses-104	task-s7	1;2;3	7;7;7
1120	1144	1120	1121	3	3	trialwise	1494;3363;5132	1494;3363;5132	10;21;32	60;161;162	sub-011_ses-104_task-s10;sub-011_ses-203_task-s10;sub-011_ses-303_task-s10	1494	10	60	sub-011	ses-104	task-s10	1;2;3	10;10;10
1121	1150	1121	1122	3	3	trialwise	1274;3051;4894	1274;3051;4894	9;20;31	7;16;91	sub-011_ses-104_task-s9;sub-011_ses-203_task-s9;sub-011_ses-303_task-s9	1274	9	7	sub-011	ses-104	task-s9	1;2;3	9;9;9
1122	1178	1122	1123	3	3	trialwise	1336;3157;4806	1336;3157;4806	9;20;31	69;122;3	sub-011_ses-104_task-s9;sub-011_ses-203_task-s9;sub-011_ses-303_task-s9	1336	9	69	sub-011	ses-104	task-s9	1;2;3	9;9;9
1123	1198	1123	1124	3	3	trialwise	1576;3231;5021	1576;3231;5021	10;21;32	142;29;51	sub-011_ses-104_task-s10;sub-011_ses-203_task-s10;sub-011_ses-303_task-s10	1576	10	142	sub-011	ses-104	task-s10	1;2;3	10;10;10
1124	1205	1124	1125	3	3	trialwise	1495;3356;5058	1495;3356;5058	10;21;32	61;154;88	sub-011_ses-104_task-s10;sub-011_ses-203_task-s10;sub-011_ses-303_task-s10	1495	10	61	sub-011	ses-104	task-s10	1;2;3	10;10;10
1125	1221	1125	1126	3	3	trialwise	1691;3513;5272	1691;3513;5272	11;22;33	90;144;135	sub-011_ses-104_task-s11;sub-011_ses-203_task-s11;sub-011_ses-303_task-s11	1691	11	90	sub-011	ses-104	task-s11	1;2;3	11;11;11
1126	1252	1126	1127	3	3	trialwise	1303;3061;4890	1303;3061;4890	9;20;31	36;26;87	sub-011_ses-104_task-s9;sub-011_ses-203_task-s9;sub-011_ses-303_task-s9	1303	9	36	sub-011	ses-104	task-s9	1;2;3	9;9;9
1127	1255	1127	1128	3	3	trialwise	1502;3317;5057	1502;3317;5057	10;21;32	68;115;87	sub-011_ses-104_task-s10;sub-011_ses-203_task-s10;sub-011_ses-303_task-s10	1502	10	68	sub-011	ses-104	task-s10	1;2;3	10;10;10
1128	1291	1128	1129	3	3	trialwise	1517;3307;4981	1517;3307;4981	10;21;32	83;105;11	sub-011_ses-104_task-s10;sub-011_ses-203_task-s10;sub-011_ses-303_task-s10	1517	10	83	sub-011	ses-104	task-s10	1;2;3	10;10;10
1129	1307	1129	1130	3	3	trialwise	1513;3344;5112	1513;3344;5112	10;21;32	79;142;142	sub-011_ses-104_task-s10;sub-011_ses-203_task-s10;sub-011_ses-303_task-s10	1513	10	79	sub-011	ses-104	task-s10	1;2;3	10;10;10
1130	1349	1130	1131	3	3	trialwise	1645;3533;5196	1645;3533;5196	11;22;33	44;164;59	sub-011_ses-104_task-s11;sub-011_ses-203_task-s11;sub-011_ses-303_task-s11	1645	11	44	sub-011	ses-104	task-s11	1;2;3	11;11;11
1131	1353	1131	1132	3	3	trialwise	1365;3129;4916	1365;3129;4916	9;20;31	98;94;113	sub-011_ses-104_task-s9;sub-011_ses-203_task-s9;sub-011_ses-303_task-s9	1365	9	98	sub-011	ses-104	task-s9	1;2;3	9;9;9
1132	1394	1132	1133	3	3	trialwise	1288;3121;4844	1288;3121;4844	9;20;31	21;86;41	sub-011_ses-104_task-s9;sub-011_ses-203_task-s9;sub-011_ses-303_task-s9	1288	9	21	sub-011	ses-104	task-s9	1;2;3	9;9;9
1133	1395	1133	1134	3	3	trialwise	1762;3528;5296	1762;3528;5296	11;22;33	161;159;159	sub-011_ses-104_task-s11;sub-011_ses-203_task-s11;sub-011_ses-303_task-s11	1762	11	161	sub-011	ses-104	task-s11	1;2;3	11;11;11
1134	1425	1134	1135	3	3	trialwise	1413;3193;4923	1413;3193;4923	9;20;31	146;158;120	sub-011_ses-104_task-s9;sub-011_ses-203_task-s9;sub-011_ses-303_task-s9	1413	9	146	sub-011	ses-104	task-s9	1;2;3	9;9;9
1135	1429	1135	1136	3	3	trialwise	1442;3347;4980	1442;3347;4980	10;21;32	8;145;10	sub-011_ses-104_task-s10;sub-011_ses-203_task-s10;sub-011_ses-303_task-s10	1442	10	8	sub-011	ses-104	task-s10	1;2;3	10;10;10
1136	1460	1136	1137	3	3	trialwise	1478;3254;5082	1478;3254;5082	10;21;32	44;52;112	sub-011_ses-104_task-s10;sub-011_ses-203_task-s10;sub-011_ses-303_task-s10	1478	10	44	sub-011	ses-104	task-s10	1;2;3	10;10;10
1137	1477	1137	1138	3	3	trialwise	1357;3144;4830	1357;3144;4830	9;20;31	90;109;27	sub-011_ses-104_task-s9;sub-011_ses-203_task-s9;sub-011_ses-303_task-s9	1357	9	90	sub-011	ses-104	task-s9	1;2;3	9;9;9
1138	1482	1138	1139	3	3	trialwise	1500;3230;5087	1500;3230;5087	10;21;32	66;28;117	sub-011_ses-104_task-s10;sub-011_ses-203_task-s10;sub-011_ses-303_task-s10	1500	10	66	sub-011	ses-104	task-s10	1;2;3	10;10;10
1139	1507	1139	1140	3	3	trialwise	1557;3346;4985	1557;3346;4985	10;21;32	123;144;15	sub-011_ses-104_task-s10;sub-011_ses-203_task-s10;sub-011_ses-303_task-s10	1557	10	123	sub-011	ses-104	task-s10	1;2;3	10;10;10
1140	1525	1140	1141	3	3	trialwise	1620;3374;5232	1620;3374;5232	11;22;33	19;5;95	sub-011_ses-104_task-s11;sub-011_ses-203_task-s11;sub-011_ses-303_task-s11	1620	11	19	sub-011	ses-104	task-s11	1;2;3	11;11;11
1141	1542	1141	1142	3	3	trialwise	1510;3283;5050	1510;3283;5050	10;21;32	76;81;80	sub-011_ses-104_task-s10;sub-011_ses-203_task-s10;sub-011_ses-303_task-s10	1510	10	76	sub-011	ses-104	task-s10	1;2;3	10;10;10
1142	1580	1142	1143	3	3	trialwise	1562;3362;5041	1562;3362;5041	10;21;32	128;160;71	sub-011_ses-104_task-s10;sub-011_ses-203_task-s10;sub-011_ses-303_task-s10	1562	10	128	sub-011	ses-104	task-s10	1;2;3	10;10;10
1143	1590	1143	1144	3	3	trialwise	1270;3189;4908	1270;3189;4908	9;20;31	3;154;105	sub-011_ses-104_task-s9;sub-011_ses-203_task-s9;sub-011_ses-303_task-s9	1270	9	3	sub-011	ses-104	task-s9	1;2;3	9;9;9
1144	1604	1144	1145	3	3	trialwise	1337;3167;4906	1337;3167;4906	9;20;31	70;132;103	sub-011_ses-104_task-s9;sub-011_ses-203_task-s9;sub-011_ses-303_task-s9	1337	9	70	sub-011	ses-104	task-s9	1;2;3	9;9;9
1145	1625	1145	1146	3	3	trialwise	1544;3242;5127	1544;3242;5127	10;21;32	110;40;157	sub-011_ses-104_task-s10;sub-011_ses-203_task-s10;sub-011_ses-303_task-s10	1544	10	110	sub-011	ses-104	task-s10	1;2;3	10;10;10
1146	1651	1146	1147	3	3	trialwise	1355;3177;4946	1355;3177;4946	9;20;31	88;142;143	sub-011_ses-104_task-s9;sub-011_ses-203_task-s9;sub-011_ses-303_task-s9	1355	9	88	sub-011	ses-104	task-s9	1;2;3	9;9;9
1147	1678	1147	1148	3	3	trialwise	1607;3471;5244	1607;3471;5244	11;22;33	6;102;107	sub-011_ses-104_task-s11;sub-011_ses-203_task-s11;sub-011_ses-303_task-s11	1607	11	6	sub-011	ses-104	task-s11	1;2;3	11;11;11
1148	1695	1148	1149	3	3	trialwise	1363;3076;4869	1363;3076;4869	9;20;31	96;41;66	sub-011_ses-104_task-s9;sub-011_ses-203_task-s9;sub-011_ses-303_task-s9	1363	9	96	sub-011	ses-104	task-s9	1;2;3	9;9;9
1149	1717	1149	1150	3	3	trialwise	1396;3173;4914	1396;3173;4914	9;20;31	129;138;111	sub-011_ses-104_task-s9;sub-011_ses-203_task-s9;sub-011_ses-303_task-s9	1396	9	129	sub-011	ses-104	task-s9	1;2;3	9;9;9
1150	1729	1150	1151	3	3	trialwise	1713;3488;5220	1713;3488;5220	11;22;33	112;119;83	sub-011_ses-104_task-s11;sub-011_ses-203_task-s11;sub-011_ses-303_task-s11	1713	11	112	sub-011	ses-104	task-s11	1;2;3	11;11;11
1151	1748	1151	1152	3	3	trialwise	1549;3316;5133	1549;3316;5133	10;21;32	115;114;163	sub-011_ses-104_task-s10;sub-011_ses-203_task-s10;sub-011_ses-303_task-s10	1549	10	115	sub-011	ses-104	task-s10	1;2;3	10;10;10
1152	1764	1152	1153	3	3	trialwise	1334;3135;4904	1334;3135;4904	9;20;31	67;100;101	sub-011_ses-104_task-s9;sub-011_ses-203_task-s9;sub-011_ses-303_task-s9	1334	9	67	sub-011	ses-104	task-s9	1;2;3	9;9;9
1153	1776	1153	1154	3	3	trialwise	1304;3187;4897	1304;3187;4897	9;20;31	37;152;94	sub-011_ses-104_task-s9;sub-011_ses-203_task-s9;sub-011_ses-303_task-s9	1304	9	37	sub-011	ses-104	task-s9	1;2;3	9;9;9
1154	1832	1154	1155	3	3	trialwise	1466;3351;4983	1466;3351;4983	10;21;32	32;149;13	sub-011_ses-104_task-s10;sub-011_ses-203_task-s10;sub-011_ses-303_task-s10	1466	10	32	sub-011	ses-104	task-s10	1;2;3	10;10;10
1155	1836	1155	1156	3	3	trialwise	1305;3066;4926	1305;3066;4926	9;20;31	38;31;123	sub-011_ses-104_task-s9;sub-011_ses-203_task-s9;sub-011_ses-303_task-s9	1305	9	38	sub-011	ses-104	task-s9	1;2;3	9;9;9
1156	1859	1156	1157	3	3	trialwise	1701;3461;5245	1701;3461;5245	11;22;33	100;92;108	sub-011_ses-104_task-s11;sub-011_ses-203_task-s11;sub-011_ses-303_task-s11	1701	11	100	sub-011	ses-104	task-s11	1;2;3	11;11;11
1157	1869	1157	1158	3	3	trialwise	1330;3148;4895	1330;3148;4895	9;20;31	63;113;92	sub-011_ses-104_task-s9;sub-011_ses-203_task-s9;sub-011_ses-303_task-s9	1330	9	63	sub-011	ses-104	task-s9	1;2;3	9;9;9
1158	1907	1158	1159	3	3	trialwise	1629;3514;5186	1629;3514;5186	11;22;33	28;145;49	sub-011_ses-104_task-s11;sub-011_ses-203_task-s11;sub-011_ses-303_task-s11	1629	11	28	sub-011	ses-104	task-s11	1;2;3	11;11;11
1159	1918	1159	1160	3	3	trialwise	1524;3208;4976	1524;3208;4976	10;21;32	90;6;6	sub-011_ses-104_task-s10;sub-011_ses-203_task-s10;sub-011_ses-303_task-s10	1524	10	90	sub-011	ses-104	task-s10	1;2;3	10;10;10
1160	1925	1160	1161	3	3	trialwise	1685;3436;5182	1685;3436;5182	11;22;33	84;67;45	sub-011_ses-104_task-s11;sub-011_ses-203_task-s11;sub-011_ses-303_task-s11	1685	11	84	sub-011	ses-104	task-s11	1;2;3	11;11;11
1161	1948	1161	1162	3	3	trialwise	1541;3272;5014	1541;3272;5014	10;21;32	107;70;44	sub-011_ses-104_task-s10;sub-011_ses-203_task-s10;sub-011_ses-303_task-s10	1541	10	107	sub-011	ses-104	task-s10	1;2;3	10;10;10
1162	1965	1162	1163	3	3	trialwise	1402;3192;4892	1402;3192;4892	9;20;31	135;157;89	sub-011_ses-104_task-s9;sub-011_ses-203_task-s9;sub-011_ses-303_task-s9	1402	9	135	sub-011	ses-104	task-s9	1;2;3	9;9;9
1163	1997	1163	1164	3	3	trialwise	1474;3252;5117	1474;3252;5117	10;21;32	40;50;147	sub-011_ses-104_task-s10;sub-011_ses-203_task-s10;sub-011_ses-303_task-s10	1474	10	40	sub-011	ses-104	task-s10	1;2;3	10;10;10
1164	2024	1164	1165	3	3	trialwise	1341;3062;4958	1341;3062;4958	9;20;31	74;27;155	sub-011_ses-104_task-s9;sub-011_ses-203_task-s9;sub-011_ses-303_task-s9	1341	9	74	sub-011	ses-104	task-s9	1;2;3	9;9;9
1165	2029	1165	1166	3	3	trialwise	1733;3462;5261	1733;3462;5261	11;22;33	132;93;124	sub-011_ses-104_task-s11;sub-011_ses-203_task-s11;sub-011_ses-303_task-s11	1733	11	132	sub-011	ses-104	task-s11	1;2;3	11;11;11
1166	2061	1166	1167	3	3	trialwise	1291;3120;4963	1291;3120;4963	9;20;31	24;85;160	sub-011_ses-104_task-s9;sub-011_ses-203_task-s9;sub-011_ses-303_task-s9	1291	9	24	sub-011	ses-104	task-s9	1;2;3	9;9;9
1167	2077	1167	1168	3	3	trialwise	1633;3402;5270	1633;3402;5270	11;22;33	32;33;133	sub-011_ses-104_task-s11;sub-011_ses-203_task-s11;sub-011_ses-303_task-s11	1633	11	32	sub-011	ses-104	task-s11	1;2;3	11;11;11
1168	2108	1168	1169	3	3	trialwise	1449;3328;5038	1449;3328;5038	10;21;32	15;126;68	sub-011_ses-104_task-s10;sub-011_ses-203_task-s10;sub-011_ses-303_task-s10	1449	10	15	sub-011	ses-104	task-s10	1;2;3	10;10;10
1169	2119	1169	1170	3	3	trialwise	1655;3423;5255	1655;3423;5255	11;22;33	54;54;118	sub-011_ses-104_task-s11;sub-011_ses-203_task-s11;sub-011_ses-303_task-s11	1655	11	54	sub-011	ses-104	task-s11	1;2;3	11;11;11
1170	2136	1170	1171	3	3	trialwise	1664;3526;5262	1664;3526;5262	11;22;33	63;157;125	sub-011_ses-104_task-s11;sub-011_ses-203_task-s11;sub-011_ses-303_task-s11	1664	11	63	sub-011	ses-104	task-s11	1;2;3	11;11;11
1171	2145	1171	1172	3	3	trialwise	1574;3220;5067	1574;3220;5067	10;21;32	140;18;97	sub-011_ses-104_task-s10;sub-011_ses-203_task-s10;sub-011_ses-303_task-s10	1574	10	140	sub-011	ses-104	task-s10	1;2;3	10;10;10
1172	2169	1172	1173	3	3	trialwise	1738;3429;5189	1738;3429;5189	11;22;33	137;60;52	sub-011_ses-104_task-s11;sub-011_ses-203_task-s11;sub-011_ses-303_task-s11	1738	11	137	sub-011	ses-104	task-s11	1;2;3	11;11;11
1173	2192	1173	1174	3	3	trialwise	1767;3487;5145	1767;3487;5145	11;22;33	166;118;8	sub-011_ses-104_task-s11;sub-011_ses-203_task-s11;sub-011_ses-303_task-s11	1767	11	166	sub-011	ses-104	task-s11	1;2;3	11;11;11
1174	2220	1174	1175	3	3	trialwise	1605;3433;5243	1605;3433;5243	11;22;33	4;64;106	sub-011_ses-104_task-s11;sub-011_ses-203_task-s11;sub-011_ses-303_task-s11	1605	11	4	sub-011	ses-104	task-s11	1;2;3	11;11;11
1175	2230	1175	1176	3	3	trialwise	1610;3502;5221	1610;3502;5221	11;22;33	9;133;84	sub-011_ses-104_task-s11;sub-011_ses-203_task-s11;sub-011_ses-303_task-s11	1610	11	9	sub-011	ses-104	task-s11	1;2;3	11;11;11
1176	2261	1176	1177	3	3	trialwise	1380;3101;4928	1380;3101;4928	9;20;31	113;66;125	sub-011_ses-104_task-s9;sub-011_ses-203_task-s9;sub-011_ses-303_task-s9	1380	9	113	sub-011	ses-104	task-s9	1;2;3	9;9;9
1177	2268	1177	1178	3	3	trialwise	1699;3508;5170	1699;3508;5170	11;22;33	98;139;33	sub-011_ses-104_task-s11;sub-011_ses-203_task-s11;sub-011_ses-303_task-s11	1699	11	98	sub-011	ses-104	task-s11	1;2;3	11;11;11
1178	2291	1178	1179	3	3	trialwise	1583;3365;5025	1583;3365;5025	10;21;32	149;163;55	sub-011_ses-104_task-s10;sub-011_ses-203_task-s10;sub-011_ses-303_task-s10	1583	10	149	sub-011	ses-104	task-s10	1;2;3	10;10;10
1179	2306	1179	1180	3	3	trialwise	1608;3468;5209	1608;3468;5209	11;22;33	7;99;72	sub-011_ses-104_task-s11;sub-011_ses-203_task-s11;sub-011_ses-303_task-s11	1608	11	7	sub-011	ses-104	task-s11	1;2;3	11;11;11
1180	2325	1180	1181	3	3	trialwise	1721;3511;5180	1721;3511;5180	11;22;33	120;142;43	sub-011_ses-104_task-s11;sub-011_ses-203_task-s11;sub-011_ses-303_task-s11	1721	11	120	sub-011	ses-104	task-s11	1;2;3	11;11;11
1181	2326	1181	1182	3	3	trialwise	1697;3475;5159	1697;3475;5159	11;22;33	96;106;22	sub-011_ses-104_task-s11;sub-011_ses-203_task-s11;sub-011_ses-303_task-s11	1697	11	96	sub-011	ses-104	task-s11	1;2;3	11;11;11
1182	2362	1182	1183	3	3	trialwise	1456;3340;5072	1456;3340;5072	10;21;32	22;138;102	sub-011_ses-104_task-s10;sub-011_ses-203_task-s10;sub-011_ses-303_task-s10	1456	10	22	sub-011	ses-104	task-s10	1;2;3	10;10;10
1183	2381	1183	1184	3	3	trialwise	1656;3398;5249	1656;3398;5249	11;22;33	55;29;112	sub-011_ses-104_task-s11;sub-011_ses-203_task-s11;sub-011_ses-303_task-s11	1656	11	55	sub-011	ses-104	task-s11	1;2;3	11;11;11
1184	2412	1184	1185	3	3	trialwise	1486;3338;5128	1486;3338;5128	10;21;32	52;136;158	sub-011_ses-104_task-s10;sub-011_ses-203_task-s10;sub-011_ses-303_task-s10	1486	10	52	sub-011	ses-104	task-s10	1;2;3	10;10;10
1185	2434	1185	1186	3	3	trialwise	1353;3055;4811	1353;3055;4811	9;20;31	86;20;8	sub-011_ses-104_task-s9;sub-011_ses-203_task-s9;sub-011_ses-303_task-s9	1353	9	86	sub-011	ses-104	task-s9	1;2;3	9;9;9
1186	2442	1186	1187	3	3	trialwise	1391;3091;4884	1391;3091;4884	9;20;31	124;56;81	sub-011_ses-104_task-s9;sub-011_ses-203_task-s9;sub-011_ses-303_task-s9	1391	9	124	sub-011	ses-104	task-s9	1;2;3	9;9;9
1187	2457	1187	1188	3	3	trialwise	1531;3335;5052	1531;3335;5052	10;21;32	97;133;82	sub-011_ses-104_task-s10;sub-011_ses-203_task-s10;sub-011_ses-303_task-s10	1531	10	97	sub-011	ses-104	task-s10	1;2;3	10;10;10
1188	2481	1188	1189	3	3	trialwise	1677;3519;5214	1677;3519;5214	11;22;33	76;150;77	sub-011_ses-104_task-s11;sub-011_ses-203_task-s11;sub-011_ses-303_task-s11	1677	11	76	sub-011	ses-104	task-s11	1;2;3	11;11;11
1189	2509	1189	1190	3	3	trialwise	1668;3414;5158	1668;3414;5158	11;22;33	67;45;21	sub-011_ses-104_task-s11;sub-011_ses-203_task-s11;sub-011_ses-303_task-s11	1668	11	67	sub-011	ses-104	task-s11	1;2;3	11;11;11
1190	2542	1190	1191	3	3	trialwise	1424;3083;4864	1424;3083;4864	9;20;31	157;48;61	sub-011_ses-104_task-s9;sub-011_ses-203_task-s9;sub-011_ses-303_task-s9	1424	9	157	sub-011	ses-104	task-s9	1;2;3	9;9;9
1191	2556	1191	1192	3	3	trialwise	1275;3081;4886	1275;3081;4886	9;20;31	8;46;83	sub-011_ses-104_task-s9;sub-011_ses-203_task-s9;sub-011_ses-303_task-s9	1275	9	8	sub-011	ses-104	task-s9	1;2;3	9;9;9
1192	2578	1192	1193	3	3	trialwise	1569;3348;4993	1569;3348;4993	10;21;32	135;146;23	sub-011_ses-104_task-s10;sub-011_ses-203_task-s10;sub-011_ses-303_task-s10	1569	10	135	sub-011	ses-104	task-s10	1;2;3	10;10;10
1193	2582	1193	1194	3	3	trialwise	1273;3183;4819	1273;3183;4819	9;20;31	6;148;16	sub-011_ses-104_task-s9;sub-011_ses-203_task-s9;sub-011_ses-303_task-s9	1273	9	6	sub-011	ses-104	task-s9	1;2;3	9;9;9
1194	2607	1194	1195	3	3	trialwise	1419;3084;4965	1419;3084;4965	9;20;31	152;49;162	sub-011_ses-104_task-s9;sub-011_ses-203_task-s9;sub-011_ses-303_task-s9	1419	9	152	sub-011	ses-104	task-s9	1;2;3	9;9;9
1195	2612	1195	1196	3	3	trialwise	1359;3065;4866	1359;3065;4866	9;20;31	92;30;63	sub-011_ses-104_task-s9;sub-011_ses-203_task-s9;sub-011_ses-303_task-s9	1359	9	92	sub-011	ses-104	task-s9	1;2;3	9;9;9
1196	2649	1196	1197	3	3	trialwise	1613;3412;5202	1613;3412;5202	11;22;33	12;43;65	sub-011_ses-104_task-s11;sub-011_ses-203_task-s11;sub-011_ses-303_task-s11	1613	11	12	sub-011	ses-104	task-s11	1;2;3	11;11;11
1197	2669	1197	1198	3	3	trialwise	1296;3191;4820	1296;3191;4820	9;20;31	29;156;17	sub-011_ses-104_task-s9;sub-011_ses-203_task-s9;sub-011_ses-303_task-s9	1296	9	29	sub-011	ses-104	task-s9	1;2;3	9;9;9
1198	2691	1198	1199	3	3	trialwise	1669;3481;5248	1669;3481;5248	11;22;33	68;112;111	sub-011_ses-104_task-s11;sub-011_ses-203_task-s11;sub-011_ses-303_task-s11	1669	11	68	sub-011	ses-104	task-s11	1;2;3	11;11;11
1199	2702	1199	1200	3	3	trialwise	1606;3500;5292	1606;3500;5292	11;22;33	5;131;155	sub-011_ses-104_task-s11;sub-011_ses-203_task-s11;sub-011_ses-303_task-s11	1606	11	5	sub-011	ses-104	task-s11	1;2;3	11;11;11
1200	2724	1200	1201	3	3	trialwise	1563;3284;4992	1563;3284;4992	10;21;32	129;82;22	sub-011_ses-104_task-s10;sub-011_ses-203_task-s10;sub-011_ses-303_task-s10	1563	10	129	sub-011	ses-104	task-s10	1;2;3	10;10;10
1201	2737	1201	1202	3	3	trialwise	1525;3341;5097	1525;3341;5097	10;21;32	91;139;127	sub-011_ses-104_task-s10;sub-011_ses-203_task-s10;sub-011_ses-303_task-s10	1525	10	91	sub-011	ses-104	task-s10	1;2;3	10;10;10
1202	2762	1202	1203	3	3	trialwise	1404;3181;4847	1404;3181;4847	9;20;31	137;146;44	sub-011_ses-104_task-s9;sub-011_ses-203_task-s9;sub-011_ses-303_task-s9	1404	9	137	sub-011	ses-104	task-s9	1;2;3	9;9;9
1203	2765	1203	1204	3	3	trialwise	1479;3239;5077	1479;3239;5077	10;21;32	45;37;107	sub-011_ses-104_task-s10;sub-011_ses-203_task-s10;sub-011_ses-303_task-s10	1479	10	45	sub-011	ses-104	task-s10	1;2;3	10;10;10
1204	2807	1204	1205	3	3	trialwise	1429;3147;4929	1429;3147;4929	9;20;31	162;112;126	sub-011_ses-104_task-s9;sub-011_ses-203_task-s9;sub-011_ses-303_task-s9	1429	9	162	sub-011	ses-104	task-s9	1;2;3	9;9;9
1205	2814	1205	1206	3	3	trialwise	1300;3119;4831	1300;3119;4831	9;20;31	33;84;28	sub-011_ses-104_task-s9;sub-011_ses-203_task-s9;sub-011_ses-303_task-s9	1300	9	33	sub-011	ses-104	task-s9	1;2;3	9;9;9
1206	2854	1206	1207	3	3	trialwise	1400;3109;4967	1400;3109;4967	9;20;31	133;74;164	sub-011_ses-104_task-s9;sub-011_ses-203_task-s9;sub-011_ses-303_task-s9	1400	9	133	sub-011	ses-104	task-s9	1;2;3	9;9;9
1207	2858	1207	1208	3	3	trialwise	1446;3321;5024	1446;3321;5024	10;21;32	12;119;54	sub-011_ses-104_task-s10;sub-011_ses-203_task-s10;sub-011_ses-303_task-s10	1446	10	12	sub-011	ses-104	task-s10	1;2;3	10;10;10
1208	2908	1208	1209	3	3	trialwise	1592;3290;4979	1592;3290;4979	10;21;32	158;88;9	sub-011_ses-104_task-s10;sub-011_ses-203_task-s10;sub-011_ses-303_task-s10	1592	10	158	sub-011	ses-104	task-s10	1;2;3	10;10;10
1209	2914	1209	1210	3	3	trialwise	1417;3138;4962	1417;3138;4962	9;20;31	150;103;159	sub-011_ses-104_task-s9;sub-011_ses-203_task-s9;sub-011_ses-303_task-s9	1417	9	150	sub-011	ses-104	task-s9	1;2;3	9;9;9
1210	2928	1210	1211	3	3	trialwise	1320;3049;4960	1320;3049;4960	9;20;31	53;14;157	sub-011_ses-104_task-s9;sub-011_ses-203_task-s9;sub-011_ses-303_task-s9	1320	9	53	sub-011	ses-104	task-s9	1;2;3	9;9;9
1211	2955	1211	1212	3	3	trialwise	1483;3337;5008	1483;3337;5008	10;21;32	49;135;38	sub-011_ses-104_task-s10;sub-011_ses-203_task-s10;sub-011_ses-303_task-s10	1483	10	49	sub-011	ses-104	task-s10	1;2;3	10;10;10
1212	2987	1212	1213	3	3	trialwise	1422;3075;4812	1422;3075;4812	9;20;31	155;40;9	sub-011_ses-104_task-s9;sub-011_ses-203_task-s9;sub-011_ses-303_task-s9	1422	9	155	sub-011	ses-104	task-s9	1;2;3	9;9;9
1213	2996	1213	1214	3	3	trialwise	1724;3525;5218	1724;3525;5218	11;22;33	123;156;81	sub-011_ses-104_task-s11;sub-011_ses-203_task-s11;sub-011_ses-303_task-s11	1724	11	123	sub-011	ses-104	task-s11	1;2;3	11;11;11
1214	3005	1214	1215	3	3	trialwise	1360;3106;4860	1360;3106;4860	9;20;31	93;71;57	sub-011_ses-104_task-s9;sub-011_ses-203_task-s9;sub-011_ses-303_task-s9	1360	9	93	sub-011	ses-104	task-s9	1;2;3	9;9;9
1215	3020	1215	1216	3	3	trialwise	1527;3311;5042	1527;3311;5042	10;21;32	93;109;72	sub-011_ses-104_task-s10;sub-011_ses-203_task-s10;sub-011_ses-303_task-s10	1527	10	93	sub-011	ses-104	task-s10	1;2;3	10;10;10
1216	3052	1216	1217	3	3	trialwise	1331;3080;4813	1331;3080;4813	9;20;31	64;45;10	sub-011_ses-104_task-s9;sub-011_ses-203_task-s9;sub-011_ses-303_task-s9	1331	9	64	sub-011	ses-104	task-s9	1;2;3	9;9;9
1217	3072	1217	1218	3	3	trialwise	1571;3353;5073	1571;3353;5073	10;21;32	137;151;103	sub-011_ses-104_task-s10;sub-011_ses-203_task-s10;sub-011_ses-303_task-s10	1571	10	137	sub-011	ses-104	task-s10	1;2;3	10;10;10
1218	3109	1218	1219	3	3	trialwise	1462;3305;5026	1462;3305;5026	10;21;32	28;103;56	sub-011_ses-104_task-s10;sub-011_ses-203_task-s10;sub-011_ses-303_task-s10	1462	10	28	sub-011	ses-104	task-s10	1;2;3	10;10;10
1219	3115	1219	1220	3	3	trialwise	1634;3467;5238	1634;3467;5238	11;22;33	33;98;101	sub-011_ses-104_task-s11;sub-011_ses-203_task-s11;sub-011_ses-303_task-s11	1634	11	33	sub-011	ses-104	task-s11	1;2;3	11;11;11
1220	3125	1220	1221	3	3	trialwise	1577;3367;5034	1577;3367;5034	10;21;32	143;165;64	sub-011_ses-104_task-s10;sub-011_ses-203_task-s10;sub-011_ses-303_task-s10	1577	10	143	sub-011	ses-104	task-s10	1;2;3	10;10;10
1221	3130	1221	1222	3	3	trialwise	1749;3390;5141	1749;3390;5141	11;22;33	148;21;4	sub-011_ses-104_task-s11;sub-011_ses-203_task-s11;sub-011_ses-303_task-s11	1749	11	148	sub-011	ses-104	task-s11	1;2;3	11;11;11
1222	3164	1222	1223	3	3	trialwise	1470;3310;5110	1470;3310;5110	10;21;32	36;108;140	sub-011_ses-104_task-s10;sub-011_ses-203_task-s10;sub-011_ses-303_task-s10	1470	10	36	sub-011	ses-104	task-s10	1;2;3	10;10;10
1223	3196	1223	1224	3	3	trialwise	1362;3190;4872	1362;3190;4872	9;20;31	95;155;69	sub-011_ses-104_task-s9;sub-011_ses-203_task-s9;sub-011_ses-303_task-s9	1362	9	95	sub-011	ses-104	task-s9	1;2;3	9;9;9
1224	3214	1224	1225	3	3	trialwise	1447;3289;5032	1447;3289;5032	10;21;32	13;87;62	sub-011_ses-104_task-s10;sub-011_ses-203_task-s10;sub-011_ses-303_task-s10	1447	10	13	sub-011	ses-104	task-s10	1;2;3	10;10;10
1225	3238	1225	1226	3	3	trialwise	1604;3421;5294	1604;3421;5294	11;22;33	3;52;157	sub-011_ses-104_task-s11;sub-011_ses-203_task-s11;sub-011_ses-303_task-s11	1604	11	3	sub-011	ses-104	task-s11	1;2;3	11;11;11
1226	3244	1226	1227	3	3	trialwise	1649;3482;5183	1649;3482;5183	11;22;33	48;113;46	sub-011_ses-104_task-s11;sub-011_ses-203_task-s11;sub-011_ses-303_task-s11	1649	11	48	sub-011	ses-104	task-s11	1;2;3	11;11;11
1227	3251	1227	1228	3	3	trialwise	1361;3046;4940	1361;3046;4940	9;20;31	94;11;137	sub-011_ses-104_task-s9;sub-011_ses-203_task-s9;sub-011_ses-303_task-s9	1361	9	94	sub-011	ses-104	task-s9	1;2;3	9;9;9
1228	3308	1228	1229	3	3	trialwise	1444;3303;4977	1444;3303;4977	10;21;32	10;101;7	sub-011_ses-104_task-s10;sub-011_ses-203_task-s10;sub-011_ses-303_task-s10	1444	10	10	sub-011	ses-104	task-s10	1;2;3	10;10;10
1229	3319	1229	1230	3	3	trialwise	1552;3304;4986	1552;3304;4986	10;21;32	118;102;16	sub-011_ses-104_task-s10;sub-011_ses-203_task-s10;sub-011_ses-303_task-s10	1552	10	118	sub-011	ses-104	task-s10	1;2;3	10;10;10
1230	3344	1230	1231	3	3	trialwise	1715;3535;5146	1715;3535;5146	11;22;33	114;166;9	sub-011_ses-104_task-s11;sub-011_ses-203_task-s11;sub-011_ses-303_task-s11	1715	11	114	sub-011	ses-104	task-s11	1;2;3	11;11;11
1231	3350	1231	1232	3	3	trialwise	1643;3372;5267	1643;3372;5267	11;22;33	42;3;130	sub-011_ses-104_task-s11;sub-011_ses-203_task-s11;sub-011_ses-303_task-s11	1643	11	42	sub-011	ses-104	task-s11	1;2;3	11;11;11
1232	3361	1232	1233	3	3	trialwise	1741;3386;5188	1741;3386;5188	11;22;33	140;17;51	sub-011_ses-104_task-s11;sub-011_ses-203_task-s11;sub-011_ses-303_task-s11	1741	11	140	sub-011	ses-104	task-s11	1;2;3	11;11;11
1233	3391	1233	1234	3	3	trialwise	1612;3484;5283	1612;3484;5283	11;22;33	11;115;146	sub-011_ses-104_task-s11;sub-011_ses-203_task-s11;sub-011_ses-303_task-s11	1612	11	11	sub-011	ses-104	task-s11	1;2;3	11;11;11
1234	3401	1234	1235	3	3	trialwise	1675;3499;5162	1675;3499;5162	11;22;33	74;130;25	sub-011_ses-104_task-s11;sub-011_ses-203_task-s11;sub-011_ses-303_task-s11	1675	11	74	sub-011	ses-104	task-s11	1;2;3	11;11;11
1235	3436	1235	1236	3	3	trialwise	1282;3142;4861	1282;3142;4861	9;20;31	15;107;58	sub-011_ses-104_task-s9;sub-011_ses-203_task-s9;sub-011_ses-303_task-s9	1282	9	15	sub-011	ses-104	task-s9	1;2;3	9;9;9
1236	3452	1236	1237	3	3	trialwise	1594;3271;5011	1594;3271;5011	10;21;32	160;69;41	sub-011_ses-104_task-s10;sub-011_ses-203_task-s10;sub-011_ses-303_task-s10	1594	10	160	sub-011	ses-104	task-s10	1;2;3	10;10;10
1237	3467	1237	1238	3	3	trialwise	1379;3196;4881	1379;3196;4881	9;20;31	112;161;78	sub-011_ses-104_task-s9;sub-011_ses-203_task-s9;sub-011_ses-303_task-s9	1379	9	112	sub-011	ses-104	task-s9	1;2;3	9;9;9
1238	3509	1238	1239	3	3	trialwise	1436;3306;5129	1436;3306;5129	10;21;32	2;104;159	sub-011_ses-104_task-s10;sub-011_ses-203_task-s10;sub-011_ses-303_task-s10	1436	10	2	sub-011	ses-104	task-s10	1;2;3	10;10;10
1239	3514	1239	1240	3	3	trialwise	1688;3400;5168	1688;3400;5168	11;22;33	87;31;31	sub-011_ses-104_task-s11;sub-011_ses-203_task-s11;sub-011_ses-303_task-s11	1688	11	87	sub-011	ses-104	task-s11	1;2;3	11;11;11
1240	3526	1240	1241	3	3	trialwise	1498;3313;5027	1498;3313;5027	10;21;32	64;111;57	sub-011_ses-104_task-s10;sub-011_ses-203_task-s10;sub-011_ses-303_task-s10	1498	10	64	sub-011	ses-104	task-s10	1;2;3	10;10;10
1241	3556	1241	1242	3	3	trialwise	1588;3261;5081	1588;3261;5081	10;21;32	154;59;111	sub-011_ses-104_task-s10;sub-011_ses-203_task-s10;sub-011_ses-303_task-s10	1588	10	154	sub-011	ses-104	task-s10	1;2;3	10;10;10
1242	3563	1242	1243	3	3	trialwise	1565;3274;5017	1565;3274;5017	10;21;32	131;72;47	sub-011_ses-104_task-s10;sub-011_ses-203_task-s10;sub-011_ses-303_task-s10	1565	10	131	sub-011	ses-104	task-s10	1;2;3	10;10;10
1243	3570	1243	1244	3	3	trialwise	1641;3491;5271	1641;3491;5271	11;22;33	40;122;134	sub-011_ses-104_task-s11;sub-011_ses-203_task-s11;sub-011_ses-303_task-s11	1641	11	40	sub-011	ses-104	task-s11	1;2;3	11;11;11
1244	3630	1244	1245	3	3	trialwise	1556;3285;5105	1556;3285;5105	10;21;32	122;83;135	sub-011_ses-104_task-s10;sub-011_ses-203_task-s10;sub-011_ses-303_task-s10	1556	10	122	sub-011	ses-104	task-s10	1;2;3	10;10;10
1245	3639	1245	1246	3	3	trialwise	1753;3456;5253	1753;3456;5253	11;22;33	152;87;116	sub-011_ses-104_task-s11;sub-011_ses-203_task-s11;sub-011_ses-303_task-s11	1753	11	152	sub-011	ses-104	task-s11	1;2;3	11;11;11
1246	3652	1246	1247	3	3	trialwise	1695;3496;5140	1695;3496;5140	11;22;33	94;127;3	sub-011_ses-104_task-s11;sub-011_ses-203_task-s11;sub-011_ses-303_task-s11	1695	11	94	sub-011	ses-104	task-s11	1;2;3	11;11;11
1247	3654	1247	1248	3	3	trialwise	1632;3479;5291	1632;3479;5291	11;22;33	31;110;154	sub-011_ses-104_task-s11;sub-011_ses-203_task-s11;sub-011_ses-303_task-s11	1632	11	31	sub-011	ses-104	task-s11	1;2;3	11;11;11
1248	3698	1248	1249	3	3	trialwise	1648;3379;5213	1648;3379;5213	11;22;33	47;10;76	sub-011_ses-104_task-s11;sub-011_ses-203_task-s11;sub-011_ses-303_task-s11	1648	11	47	sub-011	ses-104	task-s11	1;2;3	11;11;11
1249	3718	1249	1250	3	3	trialwise	1397;3166;4941	1397;3166;4941	9;20;31	130;131;138	sub-011_ses-104_task-s9;sub-011_ses-203_task-s9;sub-011_ses-303_task-s9	1397	9	130	sub-011	ses-104	task-s9	1;2;3	9;9;9
1250	3739	1250	1251	3	3	trialwise	1536;3211;5055	1536;3211;5055	10;21;32	102;9;85	sub-011_ses-104_task-s10;sub-011_ses-203_task-s10;sub-011_ses-303_task-s10	1536	10	102	sub-011	ses-104	task-s10	1;2;3	10;10;10
1251	3753	1251	1252	3	3	trialwise	1485;3301;5120	1485;3301;5120	10;21;32	51;99;150	sub-011_ses-104_task-s10;sub-011_ses-203_task-s10;sub-011_ses-303_task-s10	1485	10	51	sub-011	ses-104	task-s10	1;2;3	10;10;10
1252	3769	1252	1253	3	3	trialwise	1452;3279;5090	1452;3279;5090	10;21;32	18;77;120	sub-011_ses-104_task-s10;sub-011_ses-203_task-s10;sub-011_ses-303_task-s10	1452	10	18	sub-011	ses-104	task-s10	1;2;3	10;10;10
1253	3778	1253	1254	3	3	trialwise	1339;3064;4969	1339;3064;4969	9;20;31	72;29;166	sub-011_ses-104_task-s9;sub-011_ses-203_task-s9;sub-011_ses-303_task-s9	1339	9	72	sub-011	ses-104	task-s9	1;2;3	9;9;9
1254	3801	1254	1255	3	3	trialwise	1537;3264;4997	1537;3264;4997	10;21;32	103;62;27	sub-011_ses-104_task-s10;sub-011_ses-203_task-s10;sub-011_ses-303_task-s10	1537	10	103	sub-011	ses-104	task-s10	1;2;3	10;10;10
1255	3808	1255	1256	3	3	trialwise	1644;3473;5157	1644;3473;5157	11;22;33	43;104;20	sub-011_ses-104_task-s11;sub-011_ses-203_task-s11;sub-011_ses-303_task-s11	1644	11	43	sub-011	ses-104	task-s11	1;2;3	11;11;11
1256	3862	1256	1257	3	3	trialwise	1708;3440;5199	1708;3440;5199	11;22;33	107;71;62	sub-011_ses-104_task-s11;sub-011_ses-203_task-s11;sub-011_ses-303_task-s11	1708	11	107	sub-011	ses-104	task-s11	1;2;3	11;11;11
1257	3864	1257	1258	3	3	trialwise	1318;3095;4859	1318;3095;4859	9;20;31	51;60;56	sub-011_ses-104_task-s9;sub-011_ses-203_task-s9;sub-011_ses-303_task-s9	1318	9	51	sub-011	ses-104	task-s9	1;2;3	9;9;9
1258	3898	1258	1259	3	3	trialwise	1370;3122;4858	1370;3122;4858	9;20;31	103;87;55	sub-011_ses-104_task-s9;sub-011_ses-203_task-s9;sub-011_ses-303_task-s9	1370	9	103	sub-011	ses-104	task-s9	1;2;3	9;9;9
1259	3919	1259	1260	3	3	trialwise	1285;3154;4829	1285;3154;4829	9;20;31	18;119;26	sub-011_ses-104_task-s9;sub-011_ses-203_task-s9;sub-011_ses-303_task-s9	1285	9	18	sub-011	ses-104	task-s9	1;2;3	9;9;9
1260	3939	1260	1261	3	3	trialwise	1381;3175;4943	1381;3175;4943	9;20;31	114;140;140	sub-011_ses-104_task-s9;sub-011_ses-203_task-s9;sub-011_ses-303_task-s9	1381	9	114	sub-011	ses-104	task-s9	1;2;3	9;9;9
1261	3955	1261	1262	3	3	trialwise	1684;3521;5217	1684;3521;5217	11;22;33	83;152;80	sub-011_ses-104_task-s11;sub-011_ses-203_task-s11;sub-011_ses-303_task-s11	1684	11	83	sub-011	ses-104	task-s11	1;2;3	11;11;11
1262	3972	1262	1263	3	3	trialwise	1523;3358;4987	1523;3358;4987	10;21;32	89;156;17	sub-011_ses-104_task-s10;sub-011_ses-203_task-s10;sub-011_ses-303_task-s10	1523	10	89	sub-011	ses-104	task-s10	1;2;3	10;10;10
1263	3981	1263	1264	3	3	trialwise	1736;3417;5223	1736;3417;5223	11;22;33	135;48;86	sub-011_ses-104_task-s11;sub-011_ses-203_task-s11;sub-011_ses-303_task-s11	1736	11	135	sub-011	ses-104	task-s11	1;2;3	11;11;11
1264	4027	1264	1265	3	3	trialwise	1433;3172;4951	1433;3172;4951	9;20;31	166;137;148	sub-011_ses-104_task-s9;sub-011_ses-203_task-s9;sub-011_ses-303_task-s9	1433	9	166	sub-011	ses-104	task-s9	1;2;3	9;9;9
1265	4038	1265	1266	3	3	trialwise	1350;3092;4911	1350;3092;4911	9;20;31	83;57;108	sub-011_ses-104_task-s9;sub-011_ses-203_task-s9;sub-011_ses-303_task-s9	1350	9	83	sub-011	ses-104	task-s9	1;2;3	9;9;9
1266	4046	1266	1267	3	3	trialwise	1358;3171;4885	1358;3171;4885	9;20;31	91;136;82	sub-011_ses-104_task-s9;sub-011_ses-203_task-s9;sub-011_ses-303_task-s9	1358	9	91	sub-011	ses-104	task-s9	1;2;3	9;9;9
1267	4050	1267	1268	3	3	trialwise	1756;3480;5237	1756;3480;5237	11;22;33	155;111;100	sub-011_ses-104_task-s11;sub-011_ses-203_task-s11;sub-011_ses-303_task-s11	1756	11	155	sub-011	ses-104	task-s11	1;2;3	11;11;11
1268	4085	1268	1269	3	3	trialwise	1484;3336;5094	1484;3336;5094	10;21;32	50;134;124	sub-011_ses-104_task-s10;sub-011_ses-203_task-s10;sub-011_ses-303_task-s10	1484	10	50	sub-011	ses-104	task-s10	1;2;3	10;10;10
1269	4092	1269	1270	3	3	trialwise	1759;3449;5300	1759;3449;5300	11;22;33	158;80;163	sub-011_ses-104_task-s11;sub-011_ses-203_task-s11;sub-011_ses-303_task-s11	1759	11	158	sub-011	ses-104	task-s11	1;2;3	11;11;11
1270	4121	1270	1271	3	3	trialwise	1372;3053;4939	1372;3053;4939	9;20;31	105;18;136	sub-011_ses-104_task-s9;sub-011_ses-203_task-s9;sub-011_ses-303_task-s9	1372	9	105	sub-011	ses-104	task-s9	1;2;3	9;9;9
1271	4143	1271	1272	3	3	trialwise	1399;3126;4865	1399;3126;4865	9;20;31	132;91;62	sub-011_ses-104_task-s9;sub-011_ses-203_task-s9;sub-011_ses-303_task-s9	1399	9	132	sub-011	ses-104	task-s9	1;2;3	9;9;9
1272	4167	1272	1273	3	3	trialwise	1521;3298;5091	1521;3298;5091	10;21;32	87;96;121	sub-011_ses-104_task-s10;sub-011_ses-203_task-s10;sub-011_ses-303_task-s10	1521	10	87	sub-011	ses-104	task-s10	1;2;3	10;10;10
1273	4181	1273	1274	3	3	trialwise	1595;3352;5134	1595;3352;5134	10;21;32	161;150;164	sub-011_ses-104_task-s10;sub-011_ses-203_task-s10;sub-011_ses-303_task-s10	1595	10	161	sub-011	ses-104	task-s10	1;2;3	10;10;10
1274	4203	1274	1275	3	3	trialwise	1408;3160;4850	1408;3160;4850	9;20;31	141;125;47	sub-011_ses-104_task-s9;sub-011_ses-203_task-s9;sub-011_ses-303_task-s9	1408	9	141	sub-011	ses-104	task-s9	1;2;3	9;9;9
1275	4208	1275	1276	3	3	trialwise	1310;3115;4863	1310;3115;4863	9;20;31	43;80;60	sub-011_ses-104_task-s9;sub-011_ses-203_task-s9;sub-011_ses-303_task-s9	1310	9	43	sub-011	ses-104	task-s9	1;2;3	9;9;9
1276	4266	1276	1277	3	3	trialwise	1440;3210;4978	1440;3210;4978	10;21;32	6;8;8	sub-011_ses-104_task-s10;sub-011_ses-203_task-s10;sub-011_ses-303_task-s10	1440	10	6	sub-011	ses-104	task-s10	1;2;3	10;10;10
1277	4279	1277	1278	3	3	trialwise	1445;3324;4990	1445;3324;4990	10;21;32	11;122;20	sub-011_ses-104_task-s10;sub-011_ses-203_task-s10;sub-011_ses-303_task-s10	1445	10	11	sub-011	ses-104	task-s10	1;2;3	10;10;10
1278	4313	1278	1279	3	3	trialwise	1465;3236;5116	1465;3236;5116	10;21;32	31;34;146	sub-011_ses-104_task-s10;sub-011_ses-203_task-s10;sub-011_ses-303_task-s10	1465	10	31	sub-011	ses-104	task-s10	1;2;3	10;10;10
1279	4320	1279	1280	3	3	trialwise	1421;3036;4934	1421;3036;4934	9;20;31	154;1;131	sub-011_ses-104_task-s9;sub-011_ses-203_task-s9;sub-011_ses-303_task-s9	1421	9	154	sub-011	ses-104	task-s9	1;2;3	9;9;9
1280	4327	1280	1281	3	3	trialwise	1682;3455;5287	1682;3455;5287	11;22;33	81;86;150	sub-011_ses-104_task-s11;sub-011_ses-203_task-s11;sub-011_ses-303_task-s11	1682	11	81	sub-011	ses-104	task-s11	1;2;3	11;11;11
1281	4340	1281	1282	3	3	trialwise	1458;3240;4998	1458;3240;4998	10;21;32	24;38;28	sub-011_ses-104_task-s10;sub-011_ses-203_task-s10;sub-011_ses-303_task-s10	1458	10	24	sub-011	ses-104	task-s10	1;2;3	10;10;10
1282	4385	1282	1283	3	3	trialwise	1301;3117;4832	1301;3117;4832	9;20;31	34;82;29	sub-011_ses-104_task-s9;sub-011_ses-203_task-s9;sub-011_ses-303_task-s9	1301	9	34	sub-011	ses-104	task-s9	1;2;3	9;9;9
1283	4400	1283	1284	3	3	trialwise	1345;3088;4912	1345;3088;4912	9;20;31	78;53;109	sub-011_ses-104_task-s9;sub-011_ses-203_task-s9;sub-011_ses-303_task-s9	1345	9	78	sub-011	ses-104	task-s9	1;2;3	9;9;9
1284	4402	1284	1285	3	3	trialwise	1543;3342;5069	1543;3342;5069	10;21;32	109;140;99	sub-011_ses-104_task-s10;sub-011_ses-203_task-s10;sub-011_ses-303_task-s10	1543	10	109	sub-011	ses-104	task-s10	1;2;3	10;10;10
1285	4409	1285	1286	3	3	trialwise	1514;3216;5136	1514;3216;5136	10;21;32	80;14;166	sub-011_ses-104_task-s10;sub-011_ses-203_task-s10;sub-011_ses-303_task-s10	1514	10	80	sub-011	ses-104	task-s10	1;2;3	10;10;10
1286	4466	1286	1287	3	3	trialwise	1696;3403;5257	1696;3403;5257	11;22;33	95;34;120	sub-011_ses-104_task-s11;sub-011_ses-203_task-s11;sub-011_ses-303_task-s11	1696	11	95	sub-011	ses-104	task-s11	1;2;3	11;11;11
1287	4480	1287	1288	3	3	trialwise	1405;3047;4853	1405;3047;4853	9;20;31	138;12;50	sub-011_ses-104_task-s9;sub-011_ses-203_task-s9;sub-011_ses-303_task-s9	1405	9	138	sub-011	ses-104	task-s9	1;2;3	9;9;9
1288	4489	1288	1289	3	3	trialwise	1734;3472;5203	1734;3472;5203	11;22;33	133;103;66	sub-011_ses-104_task-s11;sub-011_ses-203_task-s11;sub-011_ses-303_task-s11	1734	11	133	sub-011	ses-104	task-s11	1;2;3	11;11;11
1289	4497	1289	1290	3	3	trialwise	1468;3357;5131	1468;3357;5131	10;21;32	34;155;161	sub-011_ses-104_task-s10;sub-011_ses-203_task-s10;sub-011_ses-303_task-s10	1468	10	34	sub-011	ses-104	task-s10	1;2;3	10;10;10
1290	4540	1290	1291	3	3	trialwise	1356;3124;4833	1356;3124;4833	9;20;31	89;89;30	sub-011_ses-104_task-s9;sub-011_ses-203_task-s9;sub-011_ses-303_task-s9	1356	9	89	sub-011	ses-104	task-s9	1;2;3	9;9;9
1291	4547	1291	1292	3	3	trialwise	1739;3512;5179	1739;3512;5179	11;22;33	138;143;42	sub-011_ses-104_task-s11;sub-011_ses-203_task-s11;sub-011_ses-303_task-s11	1739	11	138	sub-011	ses-104	task-s11	1;2;3	11;11;11
1292	4572	1292	1293	3	3	trialwise	1747;3395;5201	1747;3395;5201	11;22;33	146;26;64	sub-011_ses-104_task-s11;sub-011_ses-203_task-s11;sub-011_ses-303_task-s11	1747	11	146	sub-011	ses-104	task-s11	1;2;3	11;11;11
1293	4576	1293	1294	3	3	trialwise	1383;3077;4956	1383;3077;4956	9;20;31	116;42;153	sub-011_ses-104_task-s9;sub-011_ses-203_task-s9;sub-011_ses-303_task-s9	1383	9	116	sub-011	ses-104	task-s9	1;2;3	9;9;9
1294	4606	1294	1295	3	3	trialwise	1411;3090;4809	1411;3090;4809	9;20;31	144;55;6	sub-011_ses-104_task-s9;sub-011_ses-203_task-s9;sub-011_ses-303_task-s9	1411	9	144	sub-011	ses-104	task-s9	1;2;3	9;9;9
1295	4607	1295	1296	3	3	trialwise	1309;3098;4818	1309;3098;4818	9;20;31	42;63;15	sub-011_ses-104_task-s9;sub-011_ses-203_task-s9;sub-011_ses-303_task-s9	1309	9	42	sub-011	ses-104	task-s9	1;2;3	9;9;9
1296	4645	1296	1297	3	3	trialwise	1659;3529;5191	1659;3529;5191	11;22;33	58;160;54	sub-011_ses-104_task-s11;sub-011_ses-203_task-s11;sub-011_ses-303_task-s11	1659	11	58	sub-011	ses-104	task-s11	1;2;3	11;11;11
1297	4647	1297	1298	3	3	trialwise	1546;3299;5013	1546;3299;5013	10;21;32	112;97;43	sub-011_ses-104_task-s10;sub-011_ses-203_task-s10;sub-011_ses-303_task-s10	1546	10	112	sub-011	ses-104	task-s10	1;2;3	10;10;10
1298	4705	1298	1299	3	3	trialwise	1560;3218;5045	1560;3218;5045	10;21;32	126;16;75	sub-011_ses-104_task-s10;sub-011_ses-203_task-s10;sub-011_ses-303_task-s10	1560	10	126	sub-011	ses-104	task-s10	1;2;3	10;10;10
1299	4707	1299	1300	3	3	trialwise	1409;3097;4917	1409;3097;4917	9;20;31	142;62;114	sub-011_ses-104_task-s9;sub-011_ses-203_task-s9;sub-011_ses-303_task-s9	1409	9	142	sub-011	ses-104	task-s9	1;2;3	9;9;9
1300	4739	1300	1301	3	3	trialwise	1567;3329;5076	1567;3329;5076	10;21;32	133;127;106	sub-011_ses-104_task-s10;sub-011_ses-203_task-s10;sub-011_ses-303_task-s10	1567	10	133	sub-011	ses-104	task-s10	1;2;3	10;10;10
1301	4748	1301	1302	3	3	trialwise	1539;3322;5018	1539;3322;5018	10;21;32	105;120;48	sub-011_ses-104_task-s10;sub-011_ses-203_task-s10;sub-011_ses-303_task-s10	1539	10	105	sub-011	ses-104	task-s10	1;2;3	10;10;10
1302	4773	1302	1303	3	3	trialwise	1277;3141;4824	1277;3141;4824	9;20;31	10;106;21	sub-011_ses-104_task-s9;sub-011_ses-203_task-s9;sub-011_ses-303_task-s9	1277	9	10	sub-011	ses-104	task-s9	1;2;3	9;9;9
1303	4793	1303	1304	3	3	trialwise	1324;3074;4924	1324;3074;4924	9;20;31	57;39;121	sub-011_ses-104_task-s9;sub-011_ses-203_task-s9;sub-011_ses-303_task-s9	1324	9	57	sub-011	ses-104	task-s9	1;2;3	9;9;9
1304	4808	1304	1305	3	3	trialwise	1722;3477;5276	1722;3477;5276	11;22;33	121;108;139	sub-011_ses-104_task-s11;sub-011_ses-203_task-s11;sub-011_ses-303_task-s11	1722	11	121	sub-011	ses-104	task-s11	1;2;3	11;11;11
1305	4839	1305	1306	3	3	trialwise	1420;3069;4848	1420;3069;4848	9;20;31	153;34;45	sub-011_ses-104_task-s9;sub-011_ses-203_task-s9;sub-011_ses-303_task-s9	1420	9	153	sub-011	ses-104	task-s9	1;2;3	9;9;9
1306	4847	1306	1307	3	3	trialwise	1276;3197;4862	1276;3197;4862	9;20;31	9;162;59	sub-011_ses-104_task-s9;sub-011_ses-203_task-s9;sub-011_ses-303_task-s9	1276	9	9	sub-011	ses-104	task-s9	1;2;3	9;9;9
1307	4864	1307	1308	3	3	trialwise	1508;3318;5006	1508;3318;5006	10;21;32	74;116;36	sub-011_ses-104_task-s10;sub-011_ses-203_task-s10;sub-011_ses-303_task-s10	1508	10	74	sub-011	ses-104	task-s10	1;2;3	10;10;10
1308	4892	1308	1309	3	3	trialwise	1332;3140;4915	1332;3140;4915	9;20;31	65;105;112	sub-011_ses-104_task-s9;sub-011_ses-203_task-s9;sub-011_ses-303_task-s9	1332	9	65	sub-011	ses-104	task-s9	1;2;3	9;9;9
1309	4893	1309	1310	3	3	trialwise	1687;3454;5258	1687;3454;5258	11;22;33	86;85;121	sub-011_ses-104_task-s11;sub-011_ses-203_task-s11;sub-011_ses-303_task-s11	1687	11	86	sub-011	ses-104	task-s11	1;2;3	11;11;11
1310	4933	1310	1311	3	3	trialwise	1706;3446;5156	1706;3446;5156	11;22;33	105;77;19	sub-011_ses-104_task-s11;sub-011_ses-203_task-s11;sub-011_ses-303_task-s11	1706	11	105	sub-011	ses-104	task-s11	1;2;3	11;11;11
1311	4941	1311	1312	3	3	trialwise	1542;3325;5123	1542;3325;5123	10;21;32	108;123;153	sub-011_ses-104_task-s10;sub-011_ses-203_task-s10;sub-011_ses-303_task-s10	1542	10	108	sub-011	ses-104	task-s10	1;2;3	10;10;10
1312	4964	1312	1313	3	3	trialwise	1398;3060;4949	1398;3060;4949	9;20;31	131;25;146	sub-011_ses-104_task-s9;sub-011_ses-203_task-s9;sub-011_ses-303_task-s9	1398	9	131	sub-011	ses-104	task-s9	1;2;3	9;9;9
1313	4991	1313	1314	3	3	trialwise	1281;3202;4828	1281;3202;4828	9;20;31	14;167;25	sub-011_ses-104_task-s9;sub-011_ses-203_task-s9;sub-011_ses-303_task-s9	1281	9	14	sub-011	ses-104	task-s9	1;2;3	9;9;9
1314	5006	1314	1315	3	3	trialwise	1286;3163;4849	1286;3163;4849	9;20;31	19;128;46	sub-011_ses-104_task-s9;sub-011_ses-203_task-s9;sub-011_ses-303_task-s9	1286	9	19	sub-011	ses-104	task-s9	1;2;3	9;9;9
1315	5027	1315	1316	3	3	trialwise	1737;3420;5150	1737;3420;5150	11;22;33	136;51;13	sub-011_ses-104_task-s11;sub-011_ses-203_task-s11;sub-011_ses-303_task-s11	1737	11	136	sub-011	ses-104	task-s11	1;2;3	11;11;11
1316	5065	1316	1317	3	3	trialwise	1729;3392;5144	1729;3392;5144	11;22;33	128;23;7	sub-011_ses-104_task-s11;sub-011_ses-203_task-s11;sub-011_ses-303_task-s11	1729	11	128	sub-011	ses-104	task-s11	1;2;3	11;11;11
1317	5073	1317	1318	3	3	trialwise	1587;3293;5044	1587;3293;5044	10;21;32	153;91;74	sub-011_ses-104_task-s10;sub-011_ses-203_task-s10;sub-011_ses-303_task-s10	1587	10	153	sub-011	ses-104	task-s10	1;2;3	10;10;10
1318	5090	1318	1319	3	3	trialwise	1476;3280;5065	1476;3280;5065	10;21;32	42;78;95	sub-011_ses-104_task-s10;sub-011_ses-203_task-s10;sub-011_ses-303_task-s10	1476	10	42	sub-011	ses-104	task-s10	1;2;3	10;10;10
1319	5096	1319	1320	3	3	trialwise	1639;3428;5282	1639;3428;5282	11;22;33	38;59;145	sub-011_ses-104_task-s11;sub-011_ses-203_task-s11;sub-011_ses-303_task-s11	1639	11	38	sub-011	ses-104	task-s11	1;2;3	11;11;11
1320	5142	1320	1321	3	3	trialwise	1448;3320;5071	1448;3320;5071	10;21;32	14;118;101	sub-011_ses-104_task-s10;sub-011_ses-203_task-s10;sub-011_ses-303_task-s10	1448	10	14	sub-011	ses-104	task-s10	1;2;3	10;10;10
1321	5150	1321	1322	3	3	trialwise	1750;3377;5172	1750;3377;5172	11;22;33	149;8;35	sub-011_ses-104_task-s11;sub-011_ses-203_task-s11;sub-011_ses-303_task-s11	1750	11	149	sub-011	ses-104	task-s11	1;2;3	11;11;11
1322	5191	1322	1323	3	3	trialwise	1735;3413;5204	1735;3413;5204	11;22;33	134;44;67	sub-011_ses-104_task-s11;sub-011_ses-203_task-s11;sub-011_ses-303_task-s11	1735	11	134	sub-011	ses-104	task-s11	1;2;3	11;11;11
1323	5198	1323	1324	3	3	trialwise	1763;3445;5166	1763;3445;5166	11;22;33	162;76;29	sub-011_ses-104_task-s11;sub-011_ses-203_task-s11;sub-011_ses-303_task-s11	1763	11	162	sub-011	ses-104	task-s11	1;2;3	11;11;11
1324	5204	1324	1325	3	3	trialwise	1554;3282;5036	1554;3282;5036	10;21;32	120;80;66	sub-011_ses-104_task-s10;sub-011_ses-203_task-s10;sub-011_ses-303_task-s10	1554	10	120	sub-011	ses-104	task-s10	1;2;3	10;10;10
1325	5217	1325	1326	3	3	trialwise	1427;3195;4851	1427;3195;4851	9;20;31	160;160;48	sub-011_ses-104_task-s9;sub-011_ses-203_task-s9;sub-011_ses-303_task-s9	1427	9	160	sub-011	ses-104	task-s9	1;2;3	9;9;9
1326	5241	1326	1327	3	3	trialwise	1293;3168;4879	1293;3168;4879	9;20;31	26;133;76	sub-011_ses-104_task-s9;sub-011_ses-203_task-s9;sub-011_ses-303_task-s9	1293	9	26	sub-011	ses-104	task-s9	1;2;3	9;9;9
1327	5264	1327	1328	3	3	trialwise	1550;3302;5046	1550;3302;5046	10;21;32	116;100;76	sub-011_ses-104_task-s10;sub-011_ses-203_task-s10;sub-011_ses-303_task-s10	1550	10	116	sub-011	ses-104	task-s10	1;2;3	10;10;10
1328	5283	1328	1329	3	3	trialwise	1757;3415;5226	1757;3415;5226	11;22;33	156;46;89	sub-011_ses-104_task-s11;sub-011_ses-203_task-s11;sub-011_ses-303_task-s11	1757	11	156	sub-011	ses-104	task-s11	1;2;3	11;11;11
1329	5315	1329	1330	3	3	trialwise	1593;3248;5037	1593;3248;5037	10;21;32	159;46;67	sub-011_ses-104_task-s10;sub-011_ses-203_task-s10;sub-011_ses-303_task-s10	1593	10	159	sub-011	ses-104	task-s10	1;2;3	10;10;10
1330	5325	1330	1331	3	3	trialwise	1599;3277;5033	1599;3277;5033	10;21;32	165;75;63	sub-011_ses-104_task-s10;sub-011_ses-203_task-s10;sub-011_ses-303_task-s10	1599	10	165	sub-011	ses-104	task-s10	1;2;3	10;10;10
1331	5348	1331	1332	3	3	trialwise	1319;3045;4898	1319;3045;4898	9;20;31	52;10;95	sub-011_ses-104_task-s9;sub-011_ses-203_task-s9;sub-011_ses-303_task-s9	1319	9	52	sub-011	ses-104	task-s9	1;2;3	9;9;9
1332	5372	1332	1333	3	3	trialwise	1268;3123;4877	1268;3123;4877	9;20;31	1;88;74	sub-011_ses-104_task-s9;sub-011_ses-203_task-s9;sub-011_ses-303_task-s9	1268	9	1	sub-011	ses-104	task-s9	1;2;3	9;9;9
1333	5375	1333	1334	3	3	trialwise	1312;3174;4845	1312;3174;4845	9;20;31	45;139;42	sub-011_ses-104_task-s9;sub-011_ses-203_task-s9;sub-011_ses-303_task-s9	1312	9	45	sub-011	ses-104	task-s9	1;2;3	9;9;9
1334	5416	1334	1335	3	3	trialwise	1578;3268;5108	1578;3268;5108	10;21;32	144;66;138	sub-011_ses-104_task-s10;sub-011_ses-203_task-s10;sub-011_ses-303_task-s10	1578	10	144	sub-011	ses-104	task-s10	1;2;3	10;10;10
1335	5418	1335	1336	3	3	trialwise	1625;3478;5148	1625;3478;5148	11;22;33	24;109;11	sub-011_ses-104_task-s11;sub-011_ses-203_task-s11;sub-011_ses-303_task-s11	1625	11	24	sub-011	ses-104	task-s11	1;2;3	11;11;11
1336	5461	1336	1337	3	3	trialwise	1431;3112;4952	1431;3112;4952	9;20;31	164;77;149	sub-011_ses-104_task-s9;sub-011_ses-203_task-s9;sub-011_ses-303_task-s9	1431	9	164	sub-011	ses-104	task-s9	1;2;3	9;9;9
1337	5466	1337	1338	3	3	trialwise	1705;3522;5227	1705;3522;5227	11;22;33	104;153;90	sub-011_ses-104_task-s11;sub-011_ses-203_task-s11;sub-011_ses-303_task-s11	1705	11	104	sub-011	ses-104	task-s11	1;2;3	11;11;11
1338	5493	1338	1339	3	3	trialwise	1507;3206;5064	1507;3206;5064	10;21;32	73;4;94	sub-011_ses-104_task-s10;sub-011_ses-203_task-s10;sub-011_ses-303_task-s10	1507	10	73	sub-011	ses-104	task-s10	1;2;3	10;10;10
1339	5516	1339	1340	3	3	trialwise	1572;3294;5126	1572;3294;5126	10;21;32	138;92;156	sub-011_ses-104_task-s10;sub-011_ses-203_task-s10;sub-011_ses-303_task-s10	1572	10	138	sub-011	ses-104	task-s10	1;2;3	10;10;10
1340	5529	1340	1341	3	3	trialwise	1647;3384;5161	1647;3384;5161	11;22;33	46;15;24	sub-011_ses-104_task-s11;sub-011_ses-203_task-s11;sub-011_ses-303_task-s11	1647	11	46	sub-011	ses-104	task-s11	1;2;3	11;11;11
1341	5531	1341	1342	3	3	trialwise	1503;3233;5043	1503;3233;5043	10;21;32	69;31;73	sub-011_ses-104_task-s10;sub-011_ses-203_task-s10;sub-011_ses-303_task-s10	1503	10	69	sub-011	ses-104	task-s10	1;2;3	10;10;10
1342	5564	1342	1343	3	3	trialwise	1764;3425;5235	1764;3425;5235	11;22;33	163;56;98	sub-011_ses-104_task-s11;sub-011_ses-203_task-s11;sub-011_ses-303_task-s11	1764	11	163	sub-011	ses-104	task-s11	1;2;3	11;11;11
1343	5595	1343	1344	3	3	trialwise	1450;3288;4989	1450;3288;4989	10;21;32	16;86;19	sub-011_ses-104_task-s10;sub-011_ses-203_task-s10;sub-011_ses-303_task-s10	1450	10	16	sub-011	ses-104	task-s10	1;2;3	10;10;10
1344	5630	1344	1345	3	3	trialwise	1328;3146;4919	1328;3146;4919	9;20;31	61;111;116	sub-011_ses-104_task-s9;sub-011_ses-203_task-s9;sub-011_ses-303_task-s9	1328	9	61	sub-011	ses-104	task-s9	1;2;3	9;9;9
1345	5638	1345	1346	3	3	trialwise	1315;3082;4907	1315;3082;4907	9;20;31	48;47;104	sub-011_ses-104_task-s9;sub-011_ses-203_task-s9;sub-011_ses-303_task-s9	1315	9	48	sub-011	ses-104	task-s9	1;2;3	9;9;9
1346	5651	1346	1347	3	3	trialwise	1428;3059;4955	1428;3059;4955	9;20;31	161;24;152	sub-011_ses-104_task-s9;sub-011_ses-203_task-s9;sub-011_ses-303_task-s9	1428	9	161	sub-011	ses-104	task-s9	1;2;3	9;9;9
1347	5670	1347	1348	3	3	trialwise	1455;3235;5004	1455;3235;5004	10;21;32	21;33;34	sub-011_ses-104_task-s10;sub-011_ses-203_task-s10;sub-011_ses-303_task-s10	1455	10	21	sub-011	ses-104	task-s10	1;2;3	10;10;10
1348	5700	1348	1349	3	3	trialwise	1533;3247;5083	1533;3247;5083	10;21;32	99;45;113	sub-011_ses-104_task-s10;sub-011_ses-203_task-s10;sub-011_ses-303_task-s10	1533	10	99	sub-011	ses-104	task-s10	1;2;3	10;10;10
1349	5712	1349	1350	3	3	trialwise	1509;3255;5015	1509;3255;5015	10;21;32	75;53;45	sub-011_ses-104_task-s10;sub-011_ses-203_task-s10;sub-011_ses-303_task-s10	1509	10	75	sub-011	ses-104	task-s10	1;2;3	10;10;10
1350	5724	1350	1351	3	3	trialwise	1674;3370;5192	1674;3370;5192	11;22;33	73;1;55	sub-011_ses-104_task-s11;sub-011_ses-203_task-s11;sub-011_ses-303_task-s11	1674	11	73	sub-011	ses-104	task-s11	1;2;3	11;11;11
1351	5729	1351	1352	3	3	trialwise	1414;3130;4961	1414;3130;4961	9;20;31	147;95;158	sub-011_ses-104_task-s9;sub-011_ses-203_task-s9;sub-011_ses-303_task-s9	1414	9	147	sub-011	ses-104	task-s9	1;2;3	9;9;9
1352	5776	1352	1353	3	3	trialwise	1271;3159;4922	1271;3159;4922	9;20;31	4;124;119	sub-011_ses-104_task-s9;sub-011_ses-203_task-s9;sub-011_ses-303_task-s9	1271	9	4	sub-011	ses-104	task-s9	1;2;3	9;9;9
1353	5779	1353	1354	3	3	trialwise	1393;3044;4805	1393;3044;4805	9;20;31	126;9;2	sub-011_ses-104_task-s9;sub-011_ses-203_task-s9;sub-011_ses-303_task-s9	1393	9	126	sub-011	ses-104	task-s9	1;2;3	9;9;9
1354	5802	1354	1355	3	3	trialwise	1585;3243;5107	1585;3243;5107	10;21;32	151;41;137	sub-011_ses-104_task-s10;sub-011_ses-203_task-s10;sub-011_ses-303_task-s10	1585	10	151	sub-011	ses-104	task-s10	1;2;3	10;10;10
1355	5828	1355	1356	3	3	trialwise	1515;3278;5059	1515;3278;5059	10;21;32	81;76;89	sub-011_ses-104_task-s10;sub-011_ses-203_task-s10;sub-011_ses-303_task-s10	1515	10	81	sub-011	ses-104	task-s10	1;2;3	10;10;10
1356	5861	1356	1357	3	3	trialwise	1698;3375;5299	1698;3375;5299	11;22;33	97;6;162	sub-011_ses-104_task-s11;sub-011_ses-203_task-s11;sub-011_ses-303_task-s11	1698	11	97	sub-011	ses-104	task-s11	1;2;3	11;11;11
1357	5876	1357	1358	3	3	trialwise	1375;3063;4950	1375;3063;4950	9;20;31	108;28;147	sub-011_ses-104_task-s9;sub-011_ses-203_task-s9;sub-011_ses-303_task-s9	1375	9	108	sub-011	ses-104	task-s9	1;2;3	9;9;9
1358	5887	1358	1359	3	3	trialwise	1615;3447;5239	1615;3447;5239	11;22;33	14;78;102	sub-011_ses-104_task-s11;sub-011_ses-203_task-s11;sub-011_ses-303_task-s11	1615	11	14	sub-011	ses-104	task-s11	1;2;3	11;11;11
1359	5909	1359	1360	3	3	trialwise	1752;3463;5266	1752;3463;5266	11;22;33	151;94;129	sub-011_ses-104_task-s11;sub-011_ses-203_task-s11;sub-011_ses-303_task-s11	1752	11	151	sub-011	ses-104	task-s11	1;2;3	11;11;11
1360	5933	1360	1361	3	3	trialwise	1425;3070;4903	1425;3070;4903	9;20;31	158;35;100	sub-011_ses-104_task-s9;sub-011_ses-203_task-s9;sub-011_ses-303_task-s9	1425	9	158	sub-011	ses-104	task-s9	1;2;3	9;9;9
1361	5949	1361	1362	3	3	trialwise	1469;3217;5092	1469;3217;5092	10;21;32	35;15;122	sub-011_ses-104_task-s10;sub-011_ses-203_task-s10;sub-011_ses-303_task-s10	1469	10	35	sub-011	ses-104	task-s10	1;2;3	10;10;10
1362	5962	1362	1363	3	3	trialwise	1453;3203;5000	1453;3203;5000	10;21;32	19;1;30	sub-011_ses-104_task-s10;sub-011_ses-203_task-s10;sub-011_ses-303_task-s10	1453	10	19	sub-011	ses-104	task-s10	1;2;3	10;10;10
1363	5983	1363	1364	3	3	trialwise	1765;3530;5286	1765;3530;5286	11;22;33	164;161;149	sub-011_ses-104_task-s11;sub-011_ses-203_task-s11;sub-011_ses-303_task-s11	1765	11	164	sub-011	ses-104	task-s11	1;2;3	11;11;11
1364	6019	1364	1365	3	3	trialwise	1627;3495;5241	1627;3495;5241	11;22;33	26;126;104	sub-011_ses-104_task-s11;sub-011_ses-203_task-s11;sub-011_ses-303_task-s11	1627	11	26	sub-011	ses-104	task-s11	1;2;3	11;11;11
1365	6038	1365	1366	3	3	trialwise	1297;3152;4902	1297;3152;4902	9;20;31	30;117;99	sub-011_ses-104_task-s9;sub-011_ses-203_task-s9;sub-011_ses-303_task-s9	1297	9	30	sub-011	ses-104	task-s9	1;2;3	9;9;9
1366	6057	1366	1367	3	3	trialwise	1432;3110;4870	1432;3110;4870	9;20;31	165;75;67	sub-011_ses-104_task-s9;sub-011_ses-203_task-s9;sub-011_ses-303_task-s9	1432	9	165	sub-011	ses-104	task-s9	1;2;3	9;9;9
1367	6080	1367	1368	3	3	trialwise	1348;3071;4968	1348;3071;4968	9;20;31	81;36;165	sub-011_ses-104_task-s9;sub-011_ses-203_task-s9;sub-011_ses-303_task-s9	1348	9	81	sub-011	ses-104	task-s9	1;2;3	9;9;9
1368	6100	1368	1369	3	3	trialwise	1591;3237;4974	1591;3237;4974	10;21;32	157;35;4	sub-011_ses-104_task-s10;sub-011_ses-203_task-s10;sub-011_ses-303_task-s10	1591	10	157	sub-011	ses-104	task-s10	1;2;3	10;10;10
1369	6117	1369	1370	3	3	trialwise	1727;3450;5142	1727;3450;5142	11;22;33	126;81;5	sub-011_ses-104_task-s11;sub-011_ses-203_task-s11;sub-011_ses-303_task-s11	1727	11	126	sub-011	ses-104	task-s11	1;2;3	11;11;11
1370	6138	1370	1371	3	3	trialwise	1279;3037;4970	1279;3037;4970	9;20;31	12;2;167	sub-011_ses-104_task-s9;sub-011_ses-203_task-s9;sub-011_ses-303_task-s9	1279	9	12	sub-011	ses-104	task-s9	1;2;3	9;9;9
1371	6153	1371	1372	3	3	trialwise	1377;3170;4930	1377;3170;4930	9;20;31	110;135;127	sub-011_ses-104_task-s9;sub-011_ses-203_task-s9;sub-011_ses-303_task-s9	1377	9	110	sub-011	ses-104	task-s9	1;2;3	9;9;9
1372	6187	1372	1373	3	3	trialwise	1395;3136;4836	1395;3136;4836	9;20;31	128;101;33	sub-011_ses-104_task-s9;sub-011_ses-203_task-s9;sub-011_ses-303_task-s9	1395	9	128	sub-011	ses-104	task-s9	1;2;3	9;9;9
1373	6193	1373	1374	3	3	trialwise	1522;3331;5086	1522;3331;5086	10;21;32	88;129;116	sub-011_ses-104_task-s10;sub-011_ses-203_task-s10;sub-011_ses-303_task-s10	1522	10	88	sub-011	ses-104	task-s10	1;2;3	10;10;10
1374	6203	1374	1375	3	3	trialwise	1589;3295;5023	1589;3295;5023	10;21;32	155;93;53	sub-011_ses-104_task-s10;sub-011_ses-203_task-s10;sub-011_ses-303_task-s10	1589	10	155	sub-011	ses-104	task-s10	1;2;3	10;10;10
1375	6224	1375	1376	3	3	trialwise	1461;3244;5029	1461;3244;5029	10;21;32	27;42;59	sub-011_ses-104_task-s10;sub-011_ses-203_task-s10;sub-011_ses-303_task-s10	1461	10	27	sub-011	ses-104	task-s10	1;2;3	10;10;10
1376	6248	1376	1377	3	3	trialwise	1392;3114;4817	1392;3114;4817	9;20;31	125;79;14	sub-011_ses-104_task-s9;sub-011_ses-203_task-s9;sub-011_ses-303_task-s9	1392	9	125	sub-011	ses-104	task-s9	1;2;3	9;9;9
1377	6266	1377	1378	3	3	trialwise	1707;3408;5295	1707;3408;5295	11;22;33	106;39;158	sub-011_ses-104_task-s11;sub-011_ses-203_task-s11;sub-011_ses-303_task-s11	1707	11	106	sub-011	ses-104	task-s11	1;2;3	11;11;11
1378	6282	1378	1379	3	3	trialwise	1743;3466;5139	1743;3466;5139	11;22;33	142;97;2	sub-011_ses-104_task-s11;sub-011_ses-203_task-s11;sub-011_ses-303_task-s11	1743	11	142	sub-011	ses-104	task-s11	1;2;3	11;11;11
1379	6301	1379	1380	3	3	trialwise	1555;3249;5070	1555;3249;5070	10;21;32	121;47;100	sub-011_ses-104_task-s10;sub-011_ses-203_task-s10;sub-011_ses-303_task-s10	1555	10	121	sub-011	ses-104	task-s10	1;2;3	10;10;10
1380	6335	1380	1381	3	3	trialwise	1403;3127;4909	1403;3127;4909	9;20;31	136;92;106	sub-011_ses-104_task-s9;sub-011_ses-203_task-s9;sub-011_ses-303_task-s9	1403	9	136	sub-011	ses-104	task-s9	1;2;3	9;9;9
1381	6344	1381	1382	3	3	trialwise	1457;3296;5047	1457;3296;5047	10;21;32	23;94;77	sub-011_ses-104_task-s10;sub-011_ses-203_task-s10;sub-011_ses-303_task-s10	1457	10	23	sub-011	ses-104	task-s10	1;2;3	10;10;10
1382	6395	1382	1383	3	3	trialwise	1532;3361;5075	1532;3361;5075	10;21;32	98;159;105	sub-011_ses-104_task-s10;sub-011_ses-203_task-s10;sub-011_ses-303_task-s10	1532	10	98	sub-011	ses-104	task-s10	1;2;3	10;10;10
1383	6398	1383	1384	3	3	trialwise	1280;3105;4942	1280;3105;4942	9;20;31	13;70;139	sub-011_ses-104_task-s9;sub-011_ses-203_task-s9;sub-011_ses-303_task-s9	1280	9	13	sub-011	ses-104	task-s9	1;2;3	9;9;9
1384	6404	1384	1385	3	3	trialwise	1529;3215;5009	1529;3215;5009	10;21;32	95;13;39	sub-011_ses-104_task-s10;sub-011_ses-203_task-s10;sub-011_ses-303_task-s10	1529	10	95	sub-011	ses-104	task-s10	1;2;3	10;10;10
1385	6438	1385	1386	3	3	trialwise	1704;3485;5152	1704;3485;5152	11;22;33	103;116;15	sub-011_ses-104_task-s11;sub-011_ses-203_task-s11;sub-011_ses-303_task-s11	1704	11	103	sub-011	ses-104	task-s11	1;2;3	11;11;11
1386	6476	1386	1387	3	3	trialwise	1730;3523;5165	1730;3523;5165	11;22;33	129;154;28	sub-011_ses-104_task-s11;sub-011_ses-203_task-s11;sub-011_ses-303_task-s11	1730	11	129	sub-011	ses-104	task-s11	1;2;3	11;11;11
1387	6479	1387	1388	3	3	trialwise	1499;3209;5089	1499;3209;5089	10;21;32	65;7;119	sub-011_ses-104_task-s10;sub-011_ses-203_task-s10;sub-011_ses-303_task-s10	1499	10	65	sub-011	ses-104	task-s10	1;2;3	10;10;10
1388	6486	1388	1389	3	3	trialwise	1662;3427;5212	1662;3427;5212	11;22;33	61;58;75	sub-011_ses-104_task-s11;sub-011_ses-203_task-s11;sub-011_ses-303_task-s11	1662	11	61	sub-011	ses-104	task-s11	1;2;3	11;11;11
1389	6504	1389	1390	3	3	trialwise	1568;3212;5084	1568;3212;5084	10;21;32	134;10;114	sub-011_ses-104_task-s10;sub-011_ses-203_task-s10;sub-011_ses-303_task-s10	1568	10	134	sub-011	ses-104	task-s10	1;2;3	10;10;10
1390	6528	1390	1391	3	3	trialwise	1463;3359;5001	1463;3359;5001	10;21;32	29;157;31	sub-011_ses-104_task-s10;sub-011_ses-203_task-s10;sub-011_ses-303_task-s10	1463	10	29	sub-011	ses-104	task-s10	1;2;3	10;10;10
1391	6544	1391	1392	3	3	trialwise	1640;3524;5164	1640;3524;5164	11;22;33	39;155;27	sub-011_ses-104_task-s11;sub-011_ses-203_task-s11;sub-011_ses-303_task-s11	1640	11	39	sub-011	ses-104	task-s11	1;2;3	11;11;11
1392	6570	1392	1393	3	3	trialwise	1623;3498;5288	1623;3498;5288	11;22;33	22;129;151	sub-011_ses-104_task-s11;sub-011_ses-203_task-s11;sub-011_ses-303_task-s11	1623	11	22	sub-011	ses-104	task-s11	1;2;3	11;11;11
1393	6584	1393	1394	3	3	trialwise	1284;3128;4944	1284;3128;4944	9;20;31	17;93;141	sub-011_ses-104_task-s9;sub-011_ses-203_task-s9;sub-011_ses-303_task-s9	1284	9	17	sub-011	ses-104	task-s9	1;2;3	9;9;9
1394	6615	1394	1395	3	3	trialwise	1497;3232;5074	1497;3232;5074	10;21;32	63;30;104	sub-011_ses-104_task-s10;sub-011_ses-203_task-s10;sub-011_ses-303_task-s10	1497	10	63	sub-011	ses-104	task-s10	1;2;3	10;10;10
1395	6635	1395	1396	3	3	trialwise	1626;3383;5268	1626;3383;5268	11;22;33	25;14;131	sub-011_ses-104_task-s11;sub-011_ses-203_task-s11;sub-011_ses-303_task-s11	1626	11	25	sub-011	ses-104	task-s11	1;2;3	11;11;11
1396	6672	1396	1397	3	3	trialwise	1628;3527;5216	1628;3527;5216	11;22;33	27;158;79	sub-011_ses-104_task-s11;sub-011_ses-203_task-s11;sub-011_ses-303_task-s11	1628	11	27	sub-011	ses-104	task-s11	1;2;3	11;11;11
1397	6676	1397	1398	3	3	trialwise	1437;3224;4973	1437;3224;4973	10;21;32	3;22;3	sub-011_ses-104_task-s10;sub-011_ses-203_task-s10;sub-011_ses-303_task-s10	1437	10	3	sub-011	ses-104	task-s10	1;2;3	10;10;10
1398	6684	1398	1399	3	3	trialwise	1406;3155;4846	1406;3155;4846	9;20;31	139;120;43	sub-011_ses-104_task-s9;sub-011_ses-203_task-s9;sub-011_ses-303_task-s9	1406	9	139	sub-011	ses-104	task-s9	1;2;3	9;9;9
1399	6706	1399	1400	3	3	trialwise	1488;3333;5020	1488;3333;5020	10;21;32	54;131;50	sub-011_ses-104_task-s10;sub-011_ses-203_task-s10;sub-011_ses-303_task-s10	1488	10	54	sub-011	ses-104	task-s10	1;2;3	10;10;10
1400	6728	1400	1401	3	3	trialwise	1481;3334;5103	1481;3334;5103	10;21;32	47;132;133	sub-011_ses-104_task-s10;sub-011_ses-203_task-s10;sub-011_ses-303_task-s10	1481	10	47	sub-011	ses-104	task-s10	1;2;3	10;10;10
1401	6729	1401	1402	3	3	trialwise	1590;3345;5051	1590;3345;5051	10;21;32	156;143;81	sub-011_ses-104_task-s10;sub-011_ses-203_task-s10;sub-011_ses-303_task-s10	1590	10	156	sub-011	ses-104	task-s10	1;2;3	10;10;10
1402	6780	1402	1403	3	3	trialwise	1638;3483;5185	1638;3483;5185	11;22;33	37;114;48	sub-011_ses-104_task-s11;sub-011_ses-203_task-s11;sub-011_ses-303_task-s11	1638	11	37	sub-011	ses-104	task-s11	1;2;3	11;11;11
1403	6791	1403	1404	3	3	trialwise	1731;3438;5281	1731;3438;5281	11;22;33	130;69;144	sub-011_ses-104_task-s11;sub-011_ses-203_task-s11;sub-011_ses-303_task-s11	1731	11	130	sub-011	ses-104	task-s11	1;2;3	11;11;11
1404	6802	1404	1405	3	3	trialwise	1376;3085;4893	1376;3085;4893	9;20;31	109;50;90	sub-011_ses-104_task-s9;sub-011_ses-203_task-s9;sub-011_ses-303_task-s9	1376	9	109	sub-011	ses-104	task-s9	1;2;3	9;9;9
1405	6833	1405	1406	3	3	trialwise	1575;3323;5088	1575;3323;5088	10;21;32	141;121;118	sub-011_ses-104_task-s10;sub-011_ses-203_task-s10;sub-011_ses-303_task-s10	1575	10	141	sub-011	ses-104	task-s10	1;2;3	10;10;10
1406	6842	1406	1407	3	3	trialwise	1614;3437;5254	1614;3437;5254	11;22;33	13;68;117	sub-011_ses-104_task-s11;sub-011_ses-203_task-s11;sub-011_ses-303_task-s11	1614	11	13	sub-011	ses-104	task-s11	1;2;3	11;11;11
1407	6863	1407	1408	3	3	trialwise	1635;3515;5278	1635;3515;5278	11;22;33	34;146;141	sub-011_ses-104_task-s11;sub-011_ses-203_task-s11;sub-011_ses-303_task-s11	1635	11	34	sub-011	ses-104	task-s11	1;2;3	11;11;11
1408	6886	1408	1409	3	3	trialwise	1686;3517;5200	1686;3517;5200	11;22;33	85;148;63	sub-011_ses-104_task-s11;sub-011_ses-203_task-s11;sub-011_ses-303_task-s11	1686	11	85	sub-011	ses-104	task-s11	1;2;3	11;11;11
1409	6918	1409	1410	3	3	trialwise	1680;3416;5273	1680;3416;5273	11;22;33	79;47;136	sub-011_ses-104_task-s11;sub-011_ses-203_task-s11;sub-011_ses-303_task-s11	1680	11	79	sub-011	ses-104	task-s11	1;2;3	11;11;11
1410	6931	1410	1411	3	3	trialwise	1702;3391;5198	1702;3391;5198	11;22;33	101;22;61	sub-011_ses-104_task-s11;sub-011_ses-203_task-s11;sub-011_ses-303_task-s11	1702	11	101	sub-011	ses-104	task-s11	1;2;3	11;11;11
1411	6948	1411	1412	3	3	trialwise	1530;3350;5096	1530;3350;5096	10;21;32	96;148;126	sub-011_ses-104_task-s10;sub-011_ses-203_task-s10;sub-011_ses-303_task-s10	1530	10	96	sub-011	ses-104	task-s10	1;2;3	10;10;10
1412	6977	1412	1413	3	3	trialwise	1343;3048;4856	1343;3048;4856	9;20;31	76;13;53	sub-011_ses-104_task-s9;sub-011_ses-203_task-s9;sub-011_ses-303_task-s9	1343	9	76	sub-011	ses-104	task-s9	1;2;3	9;9;9
1413	6982	1413	1414	3	3	trialwise	1464;3286;5062	1464;3286;5062	10;21;32	30;84;92	sub-011_ses-104_task-s10;sub-011_ses-203_task-s10;sub-011_ses-303_task-s10	1464	10	30	sub-011	ses-104	task-s10	1;2;3	10;10;10
1414	7020	1414	1415	3	3	trialwise	1368;3089;4935	1368;3089;4935	9;20;31	101;54;132	sub-011_ses-104_task-s9;sub-011_ses-203_task-s9;sub-011_ses-303_task-s9	1368	9	101	sub-011	ses-104	task-s9	1;2;3	9;9;9
1415	7028	1415	1416	3	3	trialwise	1385;3139;4875	1385;3139;4875	9;20;31	118;104;72	sub-011_ses-104_task-s9;sub-011_ses-203_task-s9;sub-011_ses-303_task-s9	1385	9	118	sub-011	ses-104	task-s9	1;2;3	9;9;9
1416	7046	1416	1417	3	3	trialwise	1477;3308;5125	1477;3308;5125	10;21;32	43;106;155	sub-011_ses-104_task-s10;sub-011_ses-203_task-s10;sub-011_ses-303_task-s10	1477	10	43	sub-011	ses-104	task-s10	1;2;3	10;10;10
1417	7053	1417	1418	3	3	trialwise	1415;3073;4874	1415;3073;4874	9;20;31	148;38;71	sub-011_ses-104_task-s9;sub-011_ses-203_task-s9;sub-011_ses-303_task-s9	1415	9	148	sub-011	ses-104	task-s9	1;2;3	9;9;9
1418	7089	1418	1419	3	3	trialwise	1538;3238;5019	1538;3238;5019	10;21;32	104;36;49	sub-011_ses-104_task-s10;sub-011_ses-203_task-s10;sub-011_ses-303_task-s10	1538	10	104	sub-011	ses-104	task-s10	1;2;3	10;10;10
1419	7111	1419	1420	3	3	trialwise	1364;3042;4852	1364;3042;4852	9;20;31	97;7;49	sub-011_ses-104_task-s9;sub-011_ses-203_task-s9;sub-011_ses-303_task-s9	1364	9	97	sub-011	ses-104	task-s9	1;2;3	9;9;9
1420	7131	1420	1421	3	3	trialwise	1416;3137;4957	1416;3137;4957	9;20;31	149;102;154	sub-011_ses-104_task-s9;sub-011_ses-203_task-s9;sub-011_ses-303_task-s9	1416	9	149	sub-011	ses-104	task-s9	1;2;3	9;9;9
1421	7159	1421	1422	3	3	trialwise	1346;3040;4804	1346;3040;4804	9;20;31	79;5;1	sub-011_ses-104_task-s9;sub-011_ses-203_task-s9;sub-011_ses-303_task-s9	1346	9	79	sub-011	ses-104	task-s9	1;2;3	9;9;9
1422	7161	1422	1423	3	3	trialwise	1631;3409;5234	1631;3409;5234	11;22;33	30;40;97	sub-011_ses-104_task-s11;sub-011_ses-203_task-s11;sub-011_ses-303_task-s11	1631	11	30	sub-011	ses-104	task-s11	1;2;3	11;11;11
1423	7190	1423	1424	3	3	trialwise	1434;3100;4816	1434;3100;4816	9;20;31	167;65;13	sub-011_ses-104_task-s9;sub-011_ses-203_task-s9;sub-011_ses-303_task-s9	1434	9	167	sub-011	ses-104	task-s9	1;2;3	9;9;9
1424	7216	1424	1425	3	3	trialwise	1597;3229;5124	1597;3229;5124	10;21;32	163;27;154	sub-011_ses-104_task-s10;sub-011_ses-203_task-s10;sub-011_ses-303_task-s10	1597	10	163	sub-011	ses-104	task-s10	1;2;3	10;10;10
1425	7240	1425	1426	3	3	trialwise	1354;3151;4932	1354;3151;4932	9;20;31	87;116;129	sub-011_ses-104_task-s9;sub-011_ses-203_task-s9;sub-011_ses-303_task-s9	1354	9	87	sub-011	ses-104	task-s9	1;2;3	9;9;9
1426	7244	1426	1427	3	3	trialwise	1654;3534;5284	1654;3534;5284	11;22;33	53;165;147	sub-011_ses-104_task-s11;sub-011_ses-203_task-s11;sub-011_ses-303_task-s11	1654	11	53	sub-011	ses-104	task-s11	1;2;3	11;11;11
1427	7273	1427	1428	3	3	trialwise	1621;3443;5285	1621;3443;5285	11;22;33	20;74;148	sub-011_ses-104_task-s11;sub-011_ses-203_task-s11;sub-011_ses-303_task-s11	1621	11	20	sub-011	ses-104	task-s11	1;2;3	11;11;11
1428	7298	1428	1429	3	3	trialwise	1367;3108;4835	1367;3108;4835	9;20;31	100;73;32	sub-011_ses-104_task-s9;sub-011_ses-203_task-s9;sub-011_ses-303_task-s9	1367	9	100	sub-011	ses-104	task-s9	1;2;3	9;9;9
1429	7304	1429	1430	3	3	trialwise	1657;3389;5215	1657;3389;5215	11;22;33	56;20;78	sub-011_ses-104_task-s11;sub-011_ses-203_task-s11;sub-011_ses-303_task-s11	1657	11	56	sub-011	ses-104	task-s11	1;2;3	11;11;11
1430	7329	1430	1431	3	3	trialwise	1535;3266;5063	1535;3266;5063	10;21;32	101;64;93	sub-011_ses-104_task-s10;sub-011_ses-203_task-s10;sub-011_ses-303_task-s10	1535	10	101	sub-011	ses-104	task-s10	1;2;3	10;10;10
1431	7341	1431	1432	3	3	trialwise	1548;3330;5109	1548;3330;5109	10;21;32	114;128;139	sub-011_ses-104_task-s10;sub-011_ses-203_task-s10;sub-011_ses-303_task-s10	1548	10	114	sub-011	ses-104	task-s10	1;2;3	10;10;10
1432	7376	1432	1433	3	3	trialwise	1671;3380;5289	1671;3380;5289	11;22;33	70;11;152	sub-011_ses-104_task-s11;sub-011_ses-203_task-s11;sub-011_ses-303_task-s11	1671	11	70	sub-011	ses-104	task-s11	1;2;3	11;11;11
1433	7393	1433	1434	3	3	trialwise	1703;3422;5163	1703;3422;5163	11;22;33	102;53;26	sub-011_ses-104_task-s11;sub-011_ses-203_task-s11;sub-011_ses-303_task-s11	1703	11	102	sub-011	ses-104	task-s11	1;2;3	11;11;11
1434	7428	1434	1435	3	3	trialwise	1602;3486;5256	1602;3486;5256	11;22;33	1;117;119	sub-011_ses-104_task-s11;sub-011_ses-203_task-s11;sub-011_ses-303_task-s11	1602	11	1	sub-011	ses-104	task-s11	1;2;3	11;11;11
1435	7442	1435	1436	3	3	trialwise	1518;3205;5022	1518;3205;5022	10;21;32	84;3;52	sub-011_ses-104_task-s10;sub-011_ses-203_task-s10;sub-011_ses-303_task-s10	1518	10	84	sub-011	ses-104	task-s10	1;2;3	10;10;10
1436	7445	1436	1437	3	3	trialwise	1338;3067;4808	1338;3067;4808	9;20;31	71;32;5	sub-011_ses-104_task-s9;sub-011_ses-203_task-s9;sub-011_ses-303_task-s9	1338	9	71	sub-011	ses-104	task-s9	1;2;3	9;9;9
1437	7446	1437	1438	3	3	trialwise	1619;3493;5153	1619;3493;5153	11;22;33	18;124;16	sub-011_ses-104_task-s11;sub-011_ses-203_task-s11;sub-011_ses-303_task-s11	1619	11	18	sub-011	ses-104	task-s11	1;2;3	11;11;11
1438	7515	1438	1439	3	3	trialwise	1661;3509;5264	1661;3509;5264	11;22;33	60;140;127	sub-011_ses-104_task-s11;sub-011_ses-203_task-s11;sub-011_ses-303_task-s11	1661	11	60	sub-011	ses-104	task-s11	1;2;3	11;11;11
1439	7516	1439	1440	3	3	trialwise	1580;3319;5060	1580;3319;5060	10;21;32	146;117;90	sub-011_ses-104_task-s10;sub-011_ses-203_task-s10;sub-011_ses-303_task-s10	1580	10	146	sub-011	ses-104	task-s10	1;2;3	10;10;10
1440	7533	1440	1441	3	3	trialwise	1579;3207;5122	1579;3207;5122	10;21;32	145;5;152	sub-011_ses-104_task-s10;sub-011_ses-203_task-s10;sub-011_ses-303_task-s10	1579	10	145	sub-011	ses-104	task-s10	1;2;3	10;10;10
1441	7553	1441	1442	3	3	trialwise	1693;3503;5290	1693;3503;5290	11;22;33	92;134;153	sub-011_ses-104_task-s11;sub-011_ses-203_task-s11;sub-011_ses-303_task-s11	1693	11	92	sub-011	ses-104	task-s11	1;2;3	11;11;11
1442	7570	1442	1443	3	3	trialwise	1480;3262;5040	1480;3262;5040	10;21;32	46;60;70	sub-011_ses-104_task-s10;sub-011_ses-203_task-s10;sub-011_ses-303_task-s10	1480	10	46	sub-011	ses-104	task-s10	1;2;3	10;10;10
1443	7583	1443	1444	3	3	trialwise	1553;3221;5100	1553;3221;5100	10;21;32	119;19;130	sub-011_ses-104_task-s10;sub-011_ses-203_task-s10;sub-011_ses-303_task-s10	1553	10	119	sub-011	ses-104	task-s10	1;2;3	10;10;10
1444	7623	1444	1445	3	3	trialwise	1547;3269;5066	1547;3269;5066	10;21;32	113;67;96	sub-011_ses-104_task-s10;sub-011_ses-203_task-s10;sub-011_ses-303_task-s10	1547	10	113	sub-011	ses-104	task-s10	1;2;3	10;10;10
1445	7636	1445	1446	3	3	trialwise	1418;3200;4905	1418;3200;4905	9;20;31	151;165;102	sub-011_ses-104_task-s9;sub-011_ses-203_task-s9;sub-011_ses-303_task-s9	1418	9	151	sub-011	ses-104	task-s9	1;2;3	9;9;9
1446	7642	1446	1447	3	3	trialwise	1603;3459;5154	1603;3459;5154	11;22;33	2;90;17	sub-011_ses-104_task-s11;sub-011_ses-203_task-s11;sub-011_ses-303_task-s11	1603	11	2	sub-011	ses-104	task-s11	1;2;3	11;11;11
1447	7678	1447	1448	3	3	trialwise	1636;3397;5197	1636;3397;5197	11;22;33	35;28;60	sub-011_ses-104_task-s11;sub-011_ses-203_task-s11;sub-011_ses-303_task-s11	1636	11	35	sub-011	ses-104	task-s11	1;2;3	11;11;11
1448	7692	1448	1449	3	3	trialwise	1516;3332;4994	1516;3332;4994	10;21;32	82;130;24	sub-011_ses-104_task-s10;sub-011_ses-203_task-s10;sub-011_ses-303_task-s10	1516	10	82	sub-011	ses-104	task-s10	1;2;3	10;10;10
1449	7700	1449	1450	3	3	trialwise	1667;3401;5275	1667;3401;5275	11;22;33	66;32;138	sub-011_ses-104_task-s11;sub-011_ses-203_task-s11;sub-011_ses-303_task-s11	1667	11	66	sub-011	ses-104	task-s11	1;2;3	11;11;11
1450	7732	1450	1451	3	3	trialwise	1519;3287;4988	1519;3287;4988	10;21;32	85;85;18	sub-011_ses-104_task-s10;sub-011_ses-203_task-s10;sub-011_ses-303_task-s10	1519	10	85	sub-011	ses-104	task-s10	1;2;3	10;10;10
1451	7749	1451	1452	3	3	trialwise	1426;3158;4931	1426;3158;4931	9;20;31	159;123;128	sub-011_ses-104_task-s9;sub-011_ses-203_task-s9;sub-011_ses-303_task-s9	1426	9	159	sub-011	ses-104	task-s9	1;2;3	9;9;9
1452	7768	1452	1453	3	3	trialwise	1723;3442;5173	1723;3442;5173	11;22;33	122;73;36	sub-011_ses-104_task-s11;sub-011_ses-203_task-s11;sub-011_ses-303_task-s11	1723	11	122	sub-011	ses-104	task-s11	1;2;3	11;11;11
1453	7796	1453	1454	3	3	trialwise	1443;3223;5002	1443;3223;5002	10;21;32	9;21;32	sub-011_ses-104_task-s10;sub-011_ses-203_task-s10;sub-011_ses-303_task-s10	1443	10	9	sub-011	ses-104	task-s10	1;2;3	10;10;10
1454	7826	1454	1455	3	3	trialwise	1382;3050;4918	1382;3050;4918	9;20;31	115;15;115	sub-011_ses-104_task-s9;sub-011_ses-203_task-s9;sub-011_ses-303_task-s9	1382	9	115	sub-011	ses-104	task-s9	1;2;3	9;9;9
1455	7835	1455	1456	3	3	trialwise	1290;3188;4954	1290;3188;4954	9;20;31	23;153;151	sub-011_ses-104_task-s9;sub-011_ses-203_task-s9;sub-011_ses-303_task-s9	1290	9	23	sub-011	ses-104	task-s9	1;2;3	9;9;9
1456	7869	1456	1457	3	3	trialwise	1278;3056;4871	1278;3056;4871	9;20;31	11;21;68	sub-011_ses-104_task-s9;sub-011_ses-203_task-s9;sub-011_ses-303_task-s9	1278	9	11	sub-011	ses-104	task-s9	1;2;3	9;9;9
1457	7874	1457	1458	3	3	trialwise	1451;3225;5098	1451;3225;5098	10;21;32	17;23;128	sub-011_ses-104_task-s10;sub-011_ses-203_task-s10;sub-011_ses-303_task-s10	1451	10	17	sub-011	ses-104	task-s10	1;2;3	10;10;10
1458	7913	1458	1459	3	3	trialwise	1637;3460;5167	1637;3460;5167	11;22;33	36;91;30	sub-011_ses-104_task-s11;sub-011_ses-203_task-s11;sub-011_ses-303_task-s11	1637	11	36	sub-011	ses-104	task-s11	1;2;3	11;11;11
1459	7919	1459	1460	3	3	trialwise	1709;3373;5233	1709;3373;5233	11;22;33	108;4;96	sub-011_ses-104_task-s11;sub-011_ses-203_task-s11;sub-011_ses-303_task-s11	1709	11	108	sub-011	ses-104	task-s11	1;2;3	11;11;11
1460	7924	1460	1461	3	3	trialwise	1545;3360;5111	1545;3360;5111	10;21;32	111;158;141	sub-011_ses-104_task-s10;sub-011_ses-203_task-s10;sub-011_ses-303_task-s10	1545	10	111	sub-011	ses-104	task-s10	1;2;3	10;10;10
1461	7943	1461	1462	3	3	trialwise	1766;3458;5143	1766;3458;5143	11;22;33	165;89;6	sub-011_ses-104_task-s11;sub-011_ses-203_task-s11;sub-011_ses-303_task-s11	1766	11	165	sub-011	ses-104	task-s11	1;2;3	11;11;11
1462	7978	1462	1463	3	3	trialwise	1511;3257;5061	1511;3257;5061	10;21;32	77;55;91	sub-011_ses-104_task-s10;sub-011_ses-203_task-s10;sub-011_ses-303_task-s10	1511	10	77	sub-011	ses-104	task-s10	1;2;3	10;10;10
1463	7991	1463	1464	3	3	trialwise	1534;3250;5106	1534;3250;5106	10;21;32	100;48;136	sub-011_ses-104_task-s10;sub-011_ses-203_task-s10;sub-011_ses-303_task-s10	1534	10	100	sub-011	ses-104	task-s10	1;2;3	10;10;10
1464	8009	1464	1465	3	3	trialwise	1299;3162;4925	1299;3162;4925	9;20;31	32;127;122	sub-011_ses-104_task-s9;sub-011_ses-203_task-s9;sub-011_ses-303_task-s9	1299	9	32	sub-011	ses-104	task-s9	1;2;3	9;9;9
1465	8033	1465	1466	3	3	trialwise	1302;3099;4882	1302;3099;4882	9;20;31	35;64;79	sub-011_ses-104_task-s9;sub-011_ses-203_task-s9;sub-011_ses-303_task-s9	1302	9	35	sub-011	ses-104	task-s9	1;2;3	9;9;9
1466	8073	1466	1467	3	3	trialwise	1298;3086;4900	1298;3086;4900	9;20;31	31;51;97	sub-011_ses-104_task-s9;sub-011_ses-203_task-s9;sub-011_ses-303_task-s9	1298	9	31	sub-011	ses-104	task-s9	1;2;3	9;9;9
1467	8076	1467	1468	3	3	trialwise	1325;3182;4826	1325;3182;4826	9;20;31	58;147;23	sub-011_ses-104_task-s9;sub-011_ses-203_task-s9;sub-011_ses-303_task-s9	1325	9	58	sub-011	ses-104	task-s9	1;2;3	9;9;9
1468	8087	1468	1469	3	3	trialwise	1660;3470;5210	1660;3470;5210	11;22;33	59;101;73	sub-011_ses-104_task-s11;sub-011_ses-203_task-s11;sub-011_ses-303_task-s11	1660	11	59	sub-011	ses-104	task-s11	1;2;3	11;11;11
1469	8109	1469	1470	3	3	trialwise	1401;3079;4938	1401;3079;4938	9;20;31	134;44;135	sub-011_ses-104_task-s9;sub-011_ses-203_task-s9;sub-011_ses-303_task-s9	1401	9	134	sub-011	ses-104	task-s9	1;2;3	9;9;9
1470	8141	1470	1471	3	3	trialwise	1742;3381;5194	1742;3381;5194	11;22;33	141;12;57	sub-011_ses-104_task-s11;sub-011_ses-203_task-s11;sub-011_ses-303_task-s11	1742	11	141	sub-011	ses-104	task-s11	1;2;3	11;11;11
1471	8153	1471	1472	3	3	trialwise	1295;3078;4878	1295;3078;4878	9;20;31	28;43;75	sub-011_ses-104_task-s9;sub-011_ses-203_task-s9;sub-011_ses-303_task-s9	1295	9	28	sub-011	ses-104	task-s9	1;2;3	9;9;9
1472	8163	1472	1473	3	3	trialwise	1678;3385;5195	1678;3385;5195	11;22;33	77;16;58	sub-011_ses-104_task-s11;sub-011_ses-203_task-s11;sub-011_ses-303_task-s11	1678	11	77	sub-011	ses-104	task-s11	1;2;3	11;11;11
1473	8177	1473	1474	3	3	trialwise	1520;3281;5030	1520;3281;5030	10;21;32	86;79;60	sub-011_ses-104_task-s10;sub-011_ses-203_task-s10;sub-011_ses-303_task-s10	1520	10	86	sub-011	ses-104	task-s10	1;2;3	10;10;10
1474	8206	1474	1475	3	3	trialwise	1311;3179;4896	1311;3179;4896	9;20;31	44;144;93	sub-011_ses-104_task-s9;sub-011_ses-203_task-s9;sub-011_ses-303_task-s9	1311	9	44	sub-011	ses-104	task-s9	1;2;3	9;9;9
1475	8219	1475	1476	3	3	trialwise	1423;3104;4839	1423;3104;4839	9;20;31	156;69;36	sub-011_ses-104_task-s9;sub-011_ses-203_task-s9;sub-011_ses-303_task-s9	1423	9	156	sub-011	ses-104	task-s9	1;2;3	9;9;9
1476	8260	1476	1477	3	3	trialwise	1326;3116;4843	1326;3116;4843	9;20;31	59;81;40	sub-011_ses-104_task-s9;sub-011_ses-203_task-s9;sub-011_ses-303_task-s9	1326	9	59	sub-011	ses-104	task-s9	1;2;3	9;9;9
1477	8265	1477	1478	3	3	trialwise	1540;3214;5056	1540;3214;5056	10;21;32	106;12;86	sub-011_ses-104_task-s10;sub-011_ses-203_task-s10;sub-011_ses-303_task-s10	1540	10	106	sub-011	ses-104	task-s10	1;2;3	10;10;10
1478	8297	1478	1479	3	3	trialwise	1725;3388;5211	1725;3388;5211	11;22;33	124;19;74	sub-011_ses-104_task-s11;sub-011_ses-203_task-s11;sub-011_ses-303_task-s11	1725	11	124	sub-011	ses-104	task-s11	1;2;3	11;11;11
1479	8303	1479	1480	3	3	trialwise	1459;3355;5012	1459;3355;5012	10;21;32	25;153;42	sub-011_ses-104_task-s10;sub-011_ses-203_task-s10;sub-011_ses-303_task-s10	1459	10	25	sub-011	ses-104	task-s10	1;2;3	10;10;10
1480	8332	1480	1481	3	3	trialwise	1717;3531;5225	1717;3531;5225	11;22;33	116;162;88	sub-011_ses-104_task-s11;sub-011_ses-203_task-s11;sub-011_ses-303_task-s11	1717	11	116	sub-011	ses-104	task-s11	1;2;3	11;11;11
1481	8342	1481	1482	3	3	trialwise	1720;3393;5177	1720;3393;5177	11;22;33	119;24;40	sub-011_ses-104_task-s11;sub-011_ses-203_task-s11;sub-011_ses-303_task-s11	1720	11	119	sub-011	ses-104	task-s11	1;2;3	11;11;11
1482	8380	1482	1483	3	3	trialwise	1586;3228;4975	1586;3228;4975	10;21;32	152;26;5	sub-011_ses-104_task-s10;sub-011_ses-203_task-s10;sub-011_ses-303_task-s10	1586	10	152	sub-011	ses-104	task-s10	1;2;3	10;10;10
1483	8393	1483	1484	3	3	trialwise	1492;3273;4996	1492;3273;4996	10;21;32	58;71;26	sub-011_ses-104_task-s10;sub-011_ses-203_task-s10;sub-011_ses-303_task-s10	1492	10	58	sub-011	ses-104	task-s10	1;2;3	10;10;10
1484	8422	1484	1485	3	3	trialwise	1294;3113;4887	1294;3113;4887	9;20;31	27;78;84	sub-011_ses-104_task-s9;sub-011_ses-203_task-s9;sub-011_ses-303_task-s9	1294	9	27	sub-011	ses-104	task-s9	1;2;3	9;9;9
1485	8440	1485	1486	3	3	trialwise	1559;3292;5130	1559;3292;5130	10;21;32	125;90;160	sub-011_ses-104_task-s10;sub-011_ses-203_task-s10;sub-011_ses-303_task-s10	1559	10	125	sub-011	ses-104	task-s10	1;2;3	10;10;10
1486	8449	1486	1487	3	3	trialwise	1694;3405;5274	1694;3405;5274	11;22;33	93;36;137	sub-011_ses-104_task-s11;sub-011_ses-203_task-s11;sub-011_ses-303_task-s11	1694	11	93	sub-011	ses-104	task-s11	1;2;3	11;11;11
1487	8480	1487	1488	3	3	trialwise	1740;3518;5231	1740;3518;5231	11;22;33	139;149;94	sub-011_ses-104_task-s11;sub-011_ses-203_task-s11;sub-011_ses-303_task-s11	1740	11	139	sub-011	ses-104	task-s11	1;2;3	11;11;11
1488	8505	1488	1489	3	3	trialwise	1352;3039;4948	1352;3039;4948	9;20;31	85;4;145	sub-011_ses-104_task-s9;sub-011_ses-203_task-s9;sub-011_ses-303_task-s9	1352	9	85	sub-011	ses-104	task-s9	1;2;3	9;9;9
1489	8509	1489	1490	3	3	trialwise	1482;3263;5039	1482;3263;5039	10;21;32	48;61;69	sub-011_ses-104_task-s10;sub-011_ses-203_task-s10;sub-011_ses-303_task-s10	1482	10	48	sub-011	ses-104	task-s10	1;2;3	10;10;10
1490	8544	1490	1491	3	3	trialwise	1673;3501;5149	1673;3501;5149	11;22;33	72;132;12	sub-011_ses-104_task-s11;sub-011_ses-203_task-s11;sub-011_ses-303_task-s11	1673	11	72	sub-011	ses-104	task-s11	1;2;3	11;11;11
1491	8552	1491	1492	3	3	trialwise	1630;3457;5151	1630;3457;5151	11;22;33	29;88;14	sub-011_ses-104_task-s11;sub-011_ses-203_task-s11;sub-011_ses-303_task-s11	1630	11	29	sub-011	ses-104	task-s11	1;2;3	11;11;11
1492	8564	1492	1493	3	3	trialwise	1658;3435;5207	1658;3435;5207	11;22;33	57;66;70	sub-011_ses-104_task-s11;sub-011_ses-203_task-s11;sub-011_ses-303_task-s11	1658	11	57	sub-011	ses-104	task-s11	1;2;3	11;11;11
1493	8596	1493	1494	3	3	trialwise	1745;3465;5246	1745;3465;5246	11;22;33	144;96;109	sub-011_ses-104_task-s11;sub-011_ses-203_task-s11;sub-011_ses-303_task-s11	1745	11	144	sub-011	ses-104	task-s11	1;2;3	11;11;11
1494	8624	1494	1495	3	3	trialwise	1371;3132;4842	1371;3132;4842	9;20;31	104;97;39	sub-011_ses-104_task-s9;sub-011_ses-203_task-s9;sub-011_ses-303_task-s9	1371	9	104	sub-011	ses-104	task-s9	1;2;3	9;9;9
1495	8629	1495	1496	3	3	trialwise	1710;3387;5138	1710;3387;5138	11;22;33	109;18;1	sub-011_ses-104_task-s11;sub-011_ses-203_task-s11;sub-011_ses-303_task-s11	1710	11	109	sub-011	ses-104	task-s11	1;2;3	11;11;11
1496	8648	1496	1497	3	3	trialwise	1712;3516;5160	1712;3516;5160	11;22;33	111;147;23	sub-011_ses-104_task-s11;sub-011_ses-203_task-s11;sub-011_ses-303_task-s11	1712	11	111	sub-011	ses-104	task-s11	1;2;3	11;11;11
1497	8656	1497	1498	3	3	trialwise	1313;3180;4814	1313;3180;4814	9;20;31	46;145;11	sub-011_ses-104_task-s9;sub-011_ses-203_task-s9;sub-011_ses-303_task-s9	1313	9	46	sub-011	ses-104	task-s9	1;2;3	9;9;9
1498	8707	1498	1499	3	3	trialwise	1369;3153;4855	1369;3153;4855	9;20;31	102;118;52	sub-011_ses-104_task-s9;sub-011_ses-203_task-s9;sub-011_ses-303_task-s9	1369	9	102	sub-011	ses-104	task-s9	1;2;3	9;9;9
1499	8716	1499	1500	3	3	trialwise	1272;3118;4937	1272;3118;4937	9;20;31	5;83;134	sub-011_ses-104_task-s9;sub-011_ses-203_task-s9;sub-011_ses-303_task-s9	1272	9	5	sub-011	ses-104	task-s9	1;2;3	9;9;9
1500	8739	1500	1501	3	3	trialwise	1732;3434;5147	1732;3434;5147	11;22;33	131;65;10	sub-011_ses-104_task-s11;sub-011_ses-203_task-s11;sub-011_ses-303_task-s11	1732	11	131	sub-011	ses-104	task-s11	1;2;3	11;11;11
1501	8745	1501	1502	3	3	trialwise	1292;3068;4827	1292;3068;4827	9;20;31	25;33;24	sub-011_ses-104_task-s9;sub-011_ses-203_task-s9;sub-011_ses-303_task-s9	1292	9	25	sub-011	ses-104	task-s9	1;2;3	9;9;9
1502	8773	1502	1503	3	3	trialwise	1573;3297;5016	1573;3297;5016	10;21;32	139;95;46	sub-011_ses-104_task-s10;sub-011_ses-203_task-s10;sub-011_ses-303_task-s10	1573	10	139	sub-011	ses-104	task-s10	1;2;3	10;10;10
1503	8774	1503	1504	3	3	trialwise	1564;3369;5095	1564;3369;5095	10;21;32	130;167;125	sub-011_ses-104_task-s10;sub-011_ses-203_task-s10;sub-011_ses-303_task-s10	1564	10	130	sub-011	ses-104	task-s10	1;2;3	10;10;10
1504	8810	1504	1505	3	3	trialwise	1412;3125;4825	1412;3125;4825	9;20;31	145;90;22	sub-011_ses-104_task-s9;sub-011_ses-203_task-s9;sub-011_ses-303_task-s9	1412	9	145	sub-011	ses-104	task-s9	1;2;3	9;9;9
1505	8820	1505	1506	3	3	trialwise	1512;3258;5101	1512;3258;5101	10;21;32	78;56;131	sub-011_ses-104_task-s10;sub-011_ses-203_task-s10;sub-011_ses-303_task-s10	1512	10	78	sub-011	ses-104	task-s10	1;2;3	10;10;10
1506	8851	1506	1507	3	3	trialwise	1651;3506;5174	1651;3506;5174	11;22;33	50;137;37	sub-011_ses-104_task-s11;sub-011_ses-203_task-s11;sub-011_ses-303_task-s11	1651	11	50	sub-011	ses-104	task-s11	1;2;3	11;11;11
1507	8876	1507	1508	3	3	trialwise	1581;3265;5035	1581;3265;5035	10;21;32	147;63;65	sub-011_ses-104_task-s10;sub-011_ses-203_task-s10;sub-011_ses-303_task-s10	1581	10	147	sub-011	ses-104	task-s10	1;2;3	10;10;10
1508	8884	1508	1509	3	3	trialwise	1322;3185;4822	1322;3185;4822	9;20;31	55;150;19	sub-011_ses-104_task-s9;sub-011_ses-203_task-s9;sub-011_ses-303_task-s9	1322	9	55	sub-011	ses-104	task-s9	1;2;3	9;9;9
1509	8913	1509	1510	3	3	trialwise	1692;3419;5190	1692;3419;5190	11;22;33	91;50;53	sub-011_ses-104_task-s11;sub-011_ses-203_task-s11;sub-011_ses-303_task-s11	1692	11	91	sub-011	ses-104	task-s11	1;2;3	11;11;11
1510	8929	1510	1511	3	3	trialwise	1374;3041;4880	1374;3041;4880	9;20;31	107;6;77	sub-011_ses-104_task-s9;sub-011_ses-203_task-s9;sub-011_ses-303_task-s9	1374	9	107	sub-011	ses-104	task-s9	1;2;3	9;9;9
1511	8933	1511	1512	3	3	trialwise	1407;3134;4901	1407;3134;4901	9;20;31	140;99;98	sub-011_ses-104_task-s9;sub-011_ses-203_task-s9;sub-011_ses-303_task-s9	1407	9	140	sub-011	ses-104	task-s9	1;2;3	9;9;9
1512	8966	1512	1513	3	3	trialwise	1321;3096;4876	1321;3096;4876	9;20;31	54;61;73	sub-011_ses-104_task-s9;sub-011_ses-203_task-s9;sub-011_ses-303_task-s9	1321	9	54	sub-011	ses-104	task-s9	1;2;3	9;9;9
1513	8975	1513	1514	3	3	trialwise	1487;3226;5137	1487;3226;5137	10;21;32	53;24;167	sub-011_ses-104_task-s10;sub-011_ses-203_task-s10;sub-011_ses-303_task-s10	1487	10	53	sub-011	ses-104	task-s10	1;2;3	10;10;10
1514	9006	1514	1515	3	3	trialwise	1327;3201;4868	1327;3201;4868	9;20;31	60;166;65	sub-011_ses-104_task-s9;sub-011_ses-203_task-s9;sub-011_ses-303_task-s9	1327	9	60	sub-011	ses-104	task-s9	1;2;3	9;9;9
1515	9039	1515	1516	3	3	trialwise	1760;3394;5269	1760;3394;5269	11;22;33	159;25;132	sub-011_ses-104_task-s11;sub-011_ses-203_task-s11;sub-011_ses-303_task-s11	1760	11	159	sub-011	ses-104	task-s11	1;2;3	11;11;11
1516	9052	1516	1517	3	3	trialwise	1718;3376;5279	1718;3376;5279	11;22;33	117;7;142	sub-011_ses-104_task-s11;sub-011_ses-203_task-s11;sub-011_ses-303_task-s11	1718	11	117	sub-011	ses-104	task-s11	1;2;3	11;11;11
1517	9070	1517	1518	3	3	trialwise	1475;3241;5102	1475;3241;5102	10;21;32	41;39;132	sub-011_ses-104_task-s10;sub-011_ses-203_task-s10;sub-011_ses-303_task-s10	1475	10	41	sub-011	ses-104	task-s10	1;2;3	10;10;10
1518	9101	1518	1519	3	3	trialwise	1308;3165;4899	1308;3165;4899	9;20;31	41;130;96	sub-011_ses-104_task-s9;sub-011_ses-203_task-s9;sub-011_ses-303_task-s9	1308	9	41	sub-011	ses-104	task-s9	1;2;3	9;9;9
1519	9103	1519	1520	3	3	trialwise	1388;3176;4966	1388;3176;4966	9;20;31	121;141;163	sub-011_ses-104_task-s9;sub-011_ses-203_task-s9;sub-011_ses-303_task-s9	1388	9	121	sub-011	ses-104	task-s9	1;2;3	9;9;9
1520	9129	1520	1521	3	3	trialwise	1506;3253;5005	1506;3253;5005	10;21;32	72;51;35	sub-011_ses-104_task-s10;sub-011_ses-203_task-s10;sub-011_ses-303_task-s10	1506	10	72	sub-011	ses-104	task-s10	1;2;3	10;10;10
1521	9133	1521	1522	3	3	trialwise	1307;3156;4883	1307;3156;4883	9;20;31	40;121;80	sub-011_ses-104_task-s9;sub-011_ses-203_task-s9;sub-011_ses-303_task-s9	1307	9	40	sub-011	ses-104	task-s9	1;2;3	9;9;9
1522	9168	1522	1523	3	3	trialwise	1716;3510;5252	1716;3510;5252	11;22;33	115;141;115	sub-011_ses-104_task-s11;sub-011_ses-203_task-s11;sub-011_ses-303_task-s11	1716	11	115	sub-011	ses-104	task-s11	1;2;3	11;11;11
1523	9197	1523	1524	3	3	trialwise	1287;3133;4920	1287;3133;4920	9;20;31	20;98;117	sub-011_ses-104_task-s9;sub-011_ses-203_task-s9;sub-011_ses-303_task-s9	1287	9	20	sub-011	ses-104	task-s9	1;2;3	9;9;9
1524	9220	1524	1525	3	3	trialwise	1652;3469;5265	1652;3469;5265	11;22;33	51;100;128	sub-011_ses-104_task-s11;sub-011_ses-203_task-s11;sub-011_ses-303_task-s11	1652	11	51	sub-011	ses-104	task-s11	1;2;3	11;11;11
1525	9227	1525	1526	3	3	trialwise	1665;3451;5228	1665;3451;5228	11;22;33	64;82;91	sub-011_ses-104_task-s11;sub-011_ses-203_task-s11;sub-011_ses-303_task-s11	1665	11	64	sub-011	ses-104	task-s11	1;2;3	11;11;11
1526	9246	1526	1527	3	3	trialwise	1335;3199;4910	1335;3199;4910	9;20;31	68;164;107	sub-011_ses-104_task-s9;sub-011_ses-203_task-s9;sub-011_ses-303_task-s9	1335	9	68	sub-011	ses-104	task-s9	1;2;3	9;9;9
1527	9250	1527	1528	3	3	trialwise	1283;3150;4945	1283;3150;4945	9;20;31	16;115;142	sub-011_ses-104_task-s9;sub-011_ses-203_task-s9;sub-011_ses-303_task-s9	1283	9	16	sub-011	ses-104	task-s9	1;2;3	9;9;9
1528	9299	1528	1529	3	3	trialwise	1761;3497;5263	1761;3497;5263	11;22;33	160;128;126	sub-011_ses-104_task-s11;sub-011_ses-203_task-s11;sub-011_ses-303_task-s11	1761	11	160	sub-011	ses-104	task-s11	1;2;3	11;11;11
1529	9318	1529	1530	3	3	trialwise	1390;3164;4857	1390;3164;4857	9;20;31	123;129;54	sub-011_ses-104_task-s9;sub-011_ses-203_task-s9;sub-011_ses-303_task-s9	1390	9	123	sub-011	ses-104	task-s9	1;2;3	9;9;9
1530	9339	1530	1531	3	3	trialwise	1666;3492;5260	1666;3492;5260	11;22;33	65;123;123	sub-011_ses-104_task-s11;sub-011_ses-203_task-s11;sub-011_ses-303_task-s11	1666	11	65	sub-011	ses-104	task-s11	1;2;3	11;11;11
1531	9349	1531	1532	3	3	trialwise	1582;3300;5085	1582;3300;5085	10;21;32	148;98;115	sub-011_ses-104_task-s10;sub-011_ses-203_task-s10;sub-011_ses-303_task-s10	1582	10	148	sub-011	ses-104	task-s10	1;2;3	10;10;10
1532	9366	1532	1533	3	3	trialwise	1622;3490;5175	1622;3490;5175	11;22;33	21;121;38	sub-011_ses-104_task-s11;sub-011_ses-203_task-s11;sub-011_ses-303_task-s11	1622	11	21	sub-011	ses-104	task-s11	1;2;3	11;11;11
1533	9368	1533	1534	3	3	trialwise	1714;3507;5302	1714;3507;5302	11;22;33	113;138;165	sub-011_ses-104_task-s11;sub-011_ses-203_task-s11;sub-011_ses-303_task-s11	1714	11	113	sub-011	ses-104	task-s11	1;2;3	11;11;11
1534	9428	1534	1535	3	3	trialwise	1711;3382;5187	1711;3382;5187	11;22;33	110;13;50	sub-011_ses-104_task-s11;sub-011_ses-203_task-s11;sub-011_ses-303_task-s11	1711	11	110	sub-011	ses-104	task-s11	1;2;3	11;11;11
1535	9431	1535	1536	3	3	trialwise	1598;3270;5028	1598;3270;5028	10;21;32	164;68;58	sub-011_ses-104_task-s10;sub-011_ses-203_task-s10;sub-011_ses-303_task-s10	1598	10	164	sub-011	ses-104	task-s10	1;2;3	10;10;10
1536	9441	1536	1537	3	3	trialwise	1454;3327;5049	1454;3327;5049	10;21;32	20;125;79	sub-011_ses-104_task-s10;sub-011_ses-203_task-s10;sub-011_ses-303_task-s10	1454	10	20	sub-011	ses-104	task-s10	1;2;3	10;10;10
1537	9480	1537	1538	3	3	trialwise	1600;3222;4999	1600;3222;4999	10;21;32	166;20;29	sub-011_ses-104_task-s10;sub-011_ses-203_task-s10;sub-011_ses-303_task-s10	1600	10	166	sub-011	ses-104	task-s10	1;2;3	10;10;10
1538	9494	1538	1539	3	3	trialwise	1528;3213;5080	1528;3213;5080	10;21;32	94;11;110	sub-011_ses-104_task-s10;sub-011_ses-203_task-s10;sub-011_ses-303_task-s10	1528	10	94	sub-011	ses-104	task-s10	1;2;3	10;10;10
1539	9500	1539	1540	3	3	trialwise	1624;3424;5219	1624;3424;5219	11;22;33	23;55;82	sub-011_ses-104_task-s11;sub-011_ses-203_task-s11;sub-011_ses-303_task-s11	1624	11	23	sub-011	ses-104	task-s11	1;2;3	11;11;11
1540	9556	1540	1541	3	3	trialwise	1505;3256;5113	1505;3256;5113	10;21;32	71;54;143	sub-011_ses-104_task-s10;sub-011_ses-203_task-s10;sub-011_ses-303_task-s10	1505	10	71	sub-011	ses-104	task-s10	1;2;3	10;10;10
1541	9560	1541	1542	3	3	trialwise	1387;3178;4936	1387;3178;4936	9;20;31	120;143;133	sub-011_ses-104_task-s9;sub-011_ses-203_task-s9;sub-011_ses-303_task-s9	1387	9	120	sub-011	ses-104	task-s9	1;2;3	9;9;9
1542	9564	1542	1543	3	3	trialwise	1306;3184;4854	1306;3184;4854	9;20;31	39;149;51	sub-011_ses-104_task-s9;sub-011_ses-203_task-s9;sub-011_ses-303_task-s9	1306	9	39	sub-011	ses-104	task-s9	1;2;3	9;9;9
1543	9582	1543	1544	3	3	trialwise	1551;3245;5048	1551;3245;5048	10;21;32	117;43;78	sub-011_ses-104_task-s10;sub-011_ses-203_task-s10;sub-011_ses-303_task-s10	1551	10	117	sub-011	ses-104	task-s10	1;2;3	10;10;10
1544	9628	1544	1545	3	3	trialwise	1384;3107;4823	1384;3107;4823	9;20;31	117;72;20	sub-011_ses-104_task-s9;sub-011_ses-203_task-s9;sub-011_ses-303_task-s9	1384	9	117	sub-011	ses-104	task-s9	1;2;3	9;9;9
1545	9635	1545	1546	3	3	trialwise	1758;3441;5169	1758;3441;5169	11;22;33	157;72;32	sub-011_ses-104_task-s11;sub-011_ses-203_task-s11;sub-011_ses-303_task-s11	1758	11	157	sub-011	ses-104	task-s11	1;2;3	11;11;11
1546	9649	1546	1547	3	3	trialwise	1441;3343;5079	1441;3343;5079	10;21;32	7;141;109	sub-011_ses-104_task-s10;sub-011_ses-203_task-s10;sub-011_ses-303_task-s10	1441	10	7	sub-011	ses-104	task-s10	1;2;3	10;10;10
1547	9669	1547	1548	3	3	trialwise	1596;3312;4971	1596;3312;4971	10;21;32	162;110;1	sub-011_ses-104_task-s10;sub-011_ses-203_task-s10;sub-011_ses-303_task-s10	1596	10	162	sub-011	ses-104	task-s10	1;2;3	10;10;10
1548	9686	1548	1549	3	3	trialwise	1496;3349;5118	1496;3349;5118	10;21;32	62;147;148	sub-011_ses-104_task-s10;sub-011_ses-203_task-s10;sub-011_ses-303_task-s10	1496	10	62	sub-011	ses-104	task-s10	1;2;3	10;10;10
1549	9711	1549	1550	3	3	trialwise	1378;3169;4838	1378;3169;4838	9;20;31	111;134;35	sub-011_ses-104_task-s9;sub-011_ses-203_task-s9;sub-011_ses-303_task-s9	1378	9	111	sub-011	ses-104	task-s9	1;2;3	9;9;9
1550	9725	1550	1551	3	3	trialwise	1351;3186;4873	1351;3186;4873	9;20;31	84;151;70	sub-011_ses-104_task-s9;sub-011_ses-203_task-s9;sub-011_ses-303_task-s9	1351	9	84	sub-011	ses-104	task-s9	1;2;3	9;9;9
1551	9760	1551	1552	3	3	trialwise	1467;3364;5053	1467;3364;5053	10;21;32	33;162;83	sub-011_ses-104_task-s10;sub-011_ses-203_task-s10;sub-011_ses-303_task-s10	1467	10	33	sub-011	ses-104	task-s10	1;2;3	10;10;10
1552	9783	1552	1553	3	3	trialwise	1744;3489;5247	1744;3489;5247	11;22;33	143;120;110	sub-011_ses-104_task-s11;sub-011_ses-203_task-s11;sub-011_ses-303_task-s11	1744	11	143	sub-011	ses-104	task-s11	1;2;3	11;11;11
1553	9796	1553	1554	3	3	trialwise	1690;3431;5301	1690;3431;5301	11;22;33	89;62;164	sub-011_ses-104_task-s11;sub-011_ses-203_task-s11;sub-011_ses-303_task-s11	1690	11	89	sub-011	ses-104	task-s11	1;2;3	11;11;11
1554	9811	1554	1555	3	3	trialwise	1616;3476;5184	1616;3476;5184	11;22;33	15;107;47	sub-011_ses-104_task-s11;sub-011_ses-203_task-s11;sub-011_ses-303_task-s11	1616	11	15	sub-011	ses-104	task-s11	1;2;3	11;11;11
1555	9839	1555	1556	3	3	trialwise	1683;3452;5193	1683;3452;5193	11;22;33	82;83;56	sub-011_ses-104_task-s11;sub-011_ses-203_task-s11;sub-011_ses-303_task-s11	1683	11	82	sub-011	ses-104	task-s11	1;2;3	11;11;11
1556	9854	1556	1557	3	3	trialwise	1472;3227;4982	1472;3227;4982	10;21;32	38;25;12	sub-011_ses-104_task-s10;sub-011_ses-203_task-s10;sub-011_ses-303_task-s10	1472	10	38	sub-011	ses-104	task-s10	1;2;3	10;10;10
1557	9866	1557	1558	3	3	trialwise	1700;3407;5178	1700;3407;5178	11;22;33	99;38;41	sub-011_ses-104_task-s11;sub-011_ses-203_task-s11;sub-011_ses-303_task-s11	1700	11	99	sub-011	ses-104	task-s11	1;2;3	11;11;11
1558	9892	1558	1559	3	3	trialwise	1473;3275;4984	1473;3275;4984	10;21;32	39;73;14	sub-011_ses-104_task-s10;sub-011_ses-203_task-s10;sub-011_ses-303_task-s10	1473	10	39	sub-011	ses-104	task-s10	1;2;3	10;10;10
1559	9908	1559	1560	3	3	trialwise	1490;3291;5054	1490;3291;5054	10;21;32	56;89;84	sub-011_ses-104_task-s10;sub-011_ses-203_task-s10;sub-011_ses-303_task-s10	1490	10	56	sub-011	ses-104	task-s10	1;2;3	10;10;10
1560	9948	1560	1561	3	3	trialwise	1430;3054;4867	1430;3054;4867	9;20;31	163;19;64	sub-011_ses-104_task-s9;sub-011_ses-203_task-s9;sub-011_ses-303_task-s9	1430	9	163	sub-011	ses-104	task-s9	1;2;3	9;9;9
1561	9957	1561	1562	3	3	trialwise	1439;3354;4995	1439;3354;4995	10;21;32	5;152;25	sub-011_ses-104_task-s10;sub-011_ses-203_task-s10;sub-011_ses-303_task-s10	1439	10	5	sub-011	ses-104	task-s10	1;2;3	10;10;10
1562	9984	1562	1563	3	3	trialwise	1489;3219;5114	1489;3219;5114	10;21;32	55;17;144	sub-011_ses-104_task-s10;sub-011_ses-203_task-s10;sub-011_ses-303_task-s10	1489	10	55	sub-011	ses-104	task-s10	1;2;3	10;10;10
1563	10000	1563	1564	3	3	trialwise	1570;3204;5010	1570;3204;5010	10;21;32	136;2;40	sub-011_ses-104_task-s10;sub-011_ses-203_task-s10;sub-011_ses-303_task-s10	1570	10	136	sub-011	ses-104	task-s10	1;2;3	10;10;10
1564	10006	1564	1565	3	3	trialwise	1317;3038;4840	1317;3038;4840	9;20;31	50;3;37	sub-011_ses-104_task-s9;sub-011_ses-203_task-s9;sub-011_ses-303_task-s9	1317	9	50	sub-011	ses-104	task-s9	1;2;3	9;9;9
1565	10009	1565	1566	3	3	trialwise	1435;3326;5119	1435;3326;5119	10;21;32	1;124;149	sub-011_ses-104_task-s10;sub-011_ses-203_task-s10;sub-011_ses-303_task-s10	1435	10	1	sub-011	ses-104	task-s10	1;2;3	10;10;10
1566	10058	1566	1567	3	3	trialwise	1653;3532;5206	1653;3532;5206	11;22;33	52;163;69	sub-011_ses-104_task-s11;sub-011_ses-203_task-s11;sub-011_ses-303_task-s11	1653	11	52	sub-011	ses-104	task-s11	1;2;3	11;11;11
1567	10060	1567	1568	3	3	trialwise	1618;3444;5293	1618;3444;5293	11;22;33	17;75;156	sub-011_ses-104_task-s11;sub-011_ses-203_task-s11;sub-011_ses-303_task-s11	1618	11	17	sub-011	ses-104	task-s11	1;2;3	11;11;11
1568	10090	1568	1569	3	3	trialwise	1689;3406;5155	1689;3406;5155	11;22;33	88;37;18	sub-011_ses-104_task-s11;sub-011_ses-203_task-s11;sub-011_ses-303_task-s11	1689	11	88	sub-011	ses-104	task-s11	1;2;3	11;11;11
1569	10111	1569	1570	3	3	trialwise	1672;3474;5229	1672;3474;5229	11;22;33	71;105;92	sub-011_ses-104_task-s11;sub-011_ses-203_task-s11;sub-011_ses-303_task-s11	1672	11	71	sub-011	ses-104	task-s11	1;2;3	11;11;11
1570	10148	1570	1571	3	3	trialwise	1755;3520;5277	1755;3520;5277	11;22;33	154;151;140	sub-011_ses-104_task-s11;sub-011_ses-203_task-s11;sub-011_ses-303_task-s11	1755	11	154	sub-011	ses-104	task-s11	1;2;3	11;11;11
1571	10155	1571	1572	3	3	trialwise	1679;3396;5242	1679;3396;5242	11;22;33	78;27;105	sub-011_ses-104_task-s11;sub-011_ses-203_task-s11;sub-011_ses-303_task-s11	1679	11	78	sub-011	ses-104	task-s11	1;2;3	11;11;11
1572	10172	1572	1573	3	3	trialwise	1410;3043;4891	1410;3043;4891	9;20;31	143;8;88	sub-011_ses-104_task-s9;sub-011_ses-203_task-s9;sub-011_ses-303_task-s9	1410	9	143	sub-011	ses-104	task-s9	1;2;3	9;9;9
1573	10173	1573	1574	3	3	trialwise	1650;3505;5176	1650;3505;5176	11;22;33	49;136;39	sub-011_ses-104_task-s11;sub-011_ses-203_task-s11;sub-011_ses-303_task-s11	1650	11	49	sub-011	ses-104	task-s11	1;2;3	11;11;11
1574	10214	1574	1575	3	3	trialwise	1373;3057;4810	1373;3057;4810	9;20;31	106;22;7	sub-011_ses-104_task-s9;sub-011_ses-203_task-s9;sub-011_ses-303_task-s9	1373	9	106	sub-011	ses-104	task-s9	1;2;3	9;9;9
1575	10233	1575	1576	3	3	trialwise	1670;3464;5259	1670;3464;5259	11;22;33	69;95;122	sub-011_ses-104_task-s11;sub-011_ses-203_task-s11;sub-011_ses-303_task-s11	1670	11	69	sub-011	ses-104	task-s11	1;2;3	11;11;11
1576	10255	1576	1577	3	3	trialwise	1526;3260;5068	1526;3260;5068	10;21;32	92;58;98	sub-011_ses-104_task-s10;sub-011_ses-203_task-s10;sub-011_ses-303_task-s10	1526	10	92	sub-011	ses-104	task-s10	1;2;3	10;10;10
1577	10265	1577	1578	3	3	trialwise	1314;3145;4921	1314;3145;4921	9;20;31	47;110;118	sub-011_ses-104_task-s9;sub-011_ses-203_task-s9;sub-011_ses-303_task-s9	1314	9	47	sub-011	ses-104	task-s9	1;2;3	9;9;9
1578	10295	1578	1579	3	3	trialwise	1584;3259;5115	1584;3259;5115	10;21;32	150;57;145	sub-011_ses-104_task-s10;sub-011_ses-203_task-s10;sub-011_ses-303_task-s10	1584	10	150	sub-011	ses-104	task-s10	1;2;3	10;10;10
1579	10315	1579	1580	3	3	trialwise	1646;3430;5298	1646;3430;5298	11;22;33	45;61;161	sub-011_ses-104_task-s11;sub-011_ses-203_task-s11;sub-011_ses-303_task-s11	1646	11	45	sub-011	ses-104	task-s11	1;2;3	11;11;11
1580	10325	1580	1581	3	3	trialwise	1566;3251;5078	1566;3251;5078	10;21;32	132;49;108	sub-011_ses-104_task-s10;sub-011_ses-203_task-s10;sub-011_ses-303_task-s10	1566	10	132	sub-011	ses-104	task-s10	1;2;3	10;10;10
1581	10354	1581	1582	3	3	trialwise	1504;3267;5135	1504;3267;5135	10;21;32	70;65;165	sub-011_ses-104_task-s10;sub-011_ses-203_task-s10;sub-011_ses-303_task-s10	1504	10	70	sub-011	ses-104	task-s10	1;2;3	10;10;10
1582	10393	1582	1583	3	3	trialwise	1471;3309;5031	1471;3309;5031	10;21;32	37;107;61	sub-011_ses-104_task-s10;sub-011_ses-203_task-s10;sub-011_ses-303_task-s10	1471	10	37	sub-011	ses-104	task-s10	1;2;3	10;10;10
1583	10396	1583	1584	3	3	trialwise	1344;3094;4807	1344;3094;4807	9;20;31	77;59;4	sub-011_ses-104_task-s9;sub-011_ses-203_task-s9;sub-011_ses-303_task-s9	1344	9	77	sub-011	ses-104	task-s9	1;2;3	9;9;9
1584	10406	1584	1585	3	3	trialwise	1642;3418;5297	1642;3418;5297	11;22;33	41;49;160	sub-011_ses-104_task-s11;sub-011_ses-203_task-s11;sub-011_ses-303_task-s11	1642	11	41	sub-011	ses-104	task-s11	1;2;3	11;11;11
1585	10424	1585	1586	3	3	trialwise	1501;3366;5099	1501;3366;5099	10;21;32	67;164;129	sub-011_ses-104_task-s10;sub-011_ses-203_task-s10;sub-011_ses-303_task-s10	1501	10	67	sub-011	ses-104	task-s10	1;2;3	10;10;10
1586	10444	1586	1587	3	3	trialwise	1438;3246;5104	1438;3246;5104	10;21;32	4;44;134	sub-011_ses-104_task-s10;sub-011_ses-203_task-s10;sub-011_ses-303_task-s10	1438	10	4	sub-011	ses-104	task-s10	1;2;3	10;10;10
1587	10462	1587	1588	3	3	trialwise	1333;3072;4933	1333;3072;4933	9;20;31	66;37;130	sub-011_ses-104_task-s9;sub-011_ses-203_task-s9;sub-011_ses-303_task-s9	1333	9	66	sub-011	ses-104	task-s9	1;2;3	9;9;9
1588	10501	1588	1589	3	3	trialwise	1316;3161;4927	1316;3161;4927	9;20;31	49;126;124	sub-011_ses-104_task-s9;sub-011_ses-203_task-s9;sub-011_ses-303_task-s9	1316	9	49	sub-011	ses-104	task-s9	1;2;3	9;9;9
1589	10506	1589	1590	3	3	trialwise	1460;3368;4972	1460;3368;4972	10;21;32	26;166;2	sub-011_ses-104_task-s10;sub-011_ses-203_task-s10;sub-011_ses-303_task-s10	1460	10	26	sub-011	ses-104	task-s10	1;2;3	10;10;10
1590	10523	1590	1591	3	3	trialwise	1609;3411;5222	1609;3411;5222	11;22;33	8;42;85	sub-011_ses-104_task-s11;sub-011_ses-203_task-s11;sub-011_ses-303_task-s11	1609	11	8	sub-011	ses-104	task-s11	1;2;3	11;11;11
1591	10559	1591	1592	3	3	trialwise	1491;3339;4991	1491;3339;4991	10;21;32	57;137;21	sub-011_ses-104_task-s10;sub-011_ses-203_task-s10;sub-011_ses-303_task-s10	1491	10	57	sub-011	ses-104	task-s10	1;2;3	10;10;10
1592	10586	1592	1593	3	3	trialwise	1389;3058;4837	1389;3058;4837	9;20;31	122;23;34	sub-011_ses-104_task-s9;sub-011_ses-203_task-s9;sub-011_ses-303_task-s9	1389	9	122	sub-011	ses-104	task-s9	1;2;3	9;9;9
1593	10591	1593	1594	3	3	trialwise	1329;3052;4888	1329;3052;4888	9;20;31	62;17;85	sub-011_ses-104_task-s9;sub-011_ses-203_task-s9;sub-011_ses-303_task-s9	1329	9	62	sub-011	ses-104	task-s9	1;2;3	9;9;9
1594	10631	1594	1595	3	3	trialwise	1663;3494;5250	1663;3494;5250	11;22;33	62;125;113	sub-011_ses-104_task-s11;sub-011_ses-203_task-s11;sub-011_ses-303_task-s11	1663	11	62	sub-011	ses-104	task-s11	1;2;3	11;11;11
1595	10637	1595	1596	3	3	trialwise	1269;3103;4815	1269;3103;4815	9;20;31	2;68;12	sub-011_ses-104_task-s9;sub-011_ses-203_task-s9;sub-011_ses-303_task-s9	1269	9	2	sub-011	ses-104	task-s9	1;2;3	9;9;9
1596	10661	1596	1597	3	3	trialwise	1349;3149;4953	1349;3149;4953	9;20;31	82;114;150	sub-011_ses-104_task-s9;sub-011_ses-203_task-s9;sub-011_ses-303_task-s9	1349	9	82	sub-011	ses-104	task-s9	1;2;3	9;9;9
1597	10667	1597	1598	3	3	trialwise	1394;3194;4841	1394;3194;4841	9;20;31	127;159;38	sub-011_ses-104_task-s9;sub-011_ses-203_task-s9;sub-011_ses-303_task-s9	1394	9	127	sub-011	ses-104	task-s9	1;2;3	9;9;9
1598	10693	1598	1599	3	3	trialwise	1347;3102;4964	1347;3102;4964	9;20;31	80;67;161	sub-011_ses-104_task-s9;sub-011_ses-203_task-s9;sub-011_ses-303_task-s9	1347	9	80	sub-011	ses-104	task-s9	1;2;3	9;9;9
1599	10702	1599	1600	3	3	trialwise	1746;3410;5303	1746;3410;5303	11;22;33	145;41;166	sub-011_ses-104_task-s11;sub-011_ses-203_task-s11;sub-011_ses-303_task-s11	1746	11	145	sub-011	ses-104	task-s11	1;2;3	11;11;11
1600	10730	1600	1601	3	3	trialwise	1342;3143;4889	1342;3143;4889	9;20;31	75;108;86	sub-011_ses-104_task-s9;sub-011_ses-203_task-s9;sub-011_ses-303_task-s9	1342	9	75	sub-011	ses-104	task-s9	1;2;3	9;9;9
1601	10734	1601	1602	3	3	trialwise	1561;3276;5093	1561;3276;5093	10;21;32	127;74;123	sub-011_ses-104_task-s10;sub-011_ses-203_task-s10;sub-011_ses-303_task-s10	1561	10	127	sub-011	ses-104	task-s10	1;2;3	10;10;10
1602	10786	1602	1603	3	3	trialwise	1681;3404;5224	1681;3404;5224	11;22;33	80;35;87	sub-011_ses-104_task-s11;sub-011_ses-203_task-s11;sub-011_ses-303_task-s11	1681	11	80	sub-011	ses-104	task-s11	1;2;3	11;11;11
1603	10792	1603	1604	3	3	trialwise	1754;3426;5171	1754;3426;5171	11;22;33	153;57;34	sub-011_ses-104_task-s11;sub-011_ses-203_task-s11;sub-011_ses-303_task-s11	1754	11	153	sub-011	ses-104	task-s11	1;2;3	11;11;11
1604	10808	1604	1605	3	3	trialwise	1323;3093;4959	1323;3093;4959	9;20;31	56;58;156	sub-011_ses-104_task-s9;sub-011_ses-203_task-s9;sub-011_ses-303_task-s9	1323	9	56	sub-011	ses-104	task-s9	1;2;3	9;9;9
1605	10816	1605	1606	3	3	trialwise	1493;3314;5121	1493;3314;5121	10;21;32	59;112;151	sub-011_ses-104_task-s10;sub-011_ses-203_task-s10;sub-011_ses-303_task-s10	1493	10	59	sub-011	ses-104	task-s10	1;2;3	10;10;10
1606	10841	1606	1607	3	3	trialwise	1728;3378;5230	1728;3378;5230	11;22;33	127;9;93	sub-011_ses-104_task-s11;sub-011_ses-203_task-s11;sub-011_ses-303_task-s11	1728	11	127	sub-011	ses-104	task-s11	1;2;3	11;11;11
1607	10860	1607	1608	3	3	trialwise	1726;3439;5181	1726;3439;5181	11;22;33	125;70;44	sub-011_ses-104_task-s11;sub-011_ses-203_task-s11;sub-011_ses-303_task-s11	1726	11	125	sub-011	ses-104	task-s11	1;2;3	11;11;11
1608	10889	1608	1609	3	3	trialwise	1340;3198;4821	1340;3198;4821	9;20;31	73;163;18	sub-011_ses-104_task-s9;sub-011_ses-203_task-s9;sub-011_ses-303_task-s9	1340	9	73	sub-011	ses-104	task-s9	1;2;3	9;9;9
1609	10890	1609	1610	3	3	trialwise	1617;3453;5280	1617;3453;5280	11;22;33	16;84;143	sub-011_ses-104_task-s11;sub-011_ses-203_task-s11;sub-011_ses-303_task-s11	1617	11	16	sub-011	ses-104	task-s11	1;2;3	11;11;11
1610	10922	1610	1611	3	3	trialwise	1751;3371;5240	1751;3371;5240	11;22;33	150;2;103	sub-011_ses-104_task-s11;sub-011_ses-203_task-s11;sub-011_ses-303_task-s11	1751	11	150	sub-011	ses-104	task-s11	1;2;3	11;11;11
1611	10952	1611	1612	3	3	trialwise	1289;3131;4834	1289;3131;4834	9;20;31	22;96;31	sub-011_ses-104_task-s9;sub-011_ses-203_task-s9;sub-011_ses-303_task-s9	1289	9	22	sub-011	ses-104	task-s9	1;2;3	9;9;9
1612	10991	1612	1613	3	3	trialwise	1748;3432;5236	1748;3432;5236	11;22;33	147;63;99	sub-011_ses-104_task-s11;sub-011_ses-203_task-s11;sub-011_ses-303_task-s11	1748	11	147	sub-011	ses-104	task-s11	1;2;3	11;11;11
1613	10998	1613	1614	3	3	trialwise	1386;3111;4913	1386;3111;4913	9;20;31	119;76;110	sub-011_ses-104_task-s9;sub-011_ses-203_task-s9;sub-011_ses-303_task-s9	1386	9	119	sub-011	ses-104	task-s9	1;2;3	9;9;9
1614	11004	1614	1615	3	3	trialwise	1611;3504;5208	1611;3504;5208	11;22;33	10;135;71	sub-011_ses-104_task-s11;sub-011_ses-203_task-s11;sub-011_ses-303_task-s11	1611	11	10	sub-011	ses-104	task-s11	1;2;3	11;11;11
1615	11009	1615	1616	3	3	trialwise	1601;3315;5003	1601;3315;5003	10;21;32	167;113;33	sub-011_ses-104_task-s10;sub-011_ses-203_task-s10;sub-011_ses-303_task-s10	1601	10	167	sub-011	ses-104	task-s10	1;2;3	10;10;10
1616	11042	1616	1617	3	3	trialwise	1719;3448;5205	1719;3448;5205	11;22;33	118;79;68	sub-011_ses-104_task-s11;sub-011_ses-203_task-s11;sub-011_ses-303_task-s11	1719	11	118	sub-011	ses-104	task-s11	1;2;3	11;11;11
1617	11052	1617	1618	3	3	trialwise	1558;3234;5007	1558;3234;5007	10;21;32	124;32;37	sub-011_ses-104_task-s10;sub-011_ses-203_task-s10;sub-011_ses-303_task-s10	1558	10	124	sub-011	ses-104	task-s10	1;2;3	10;10;10
1618	11095	1618	1619	3	3	trialwise	1366;3087;4947	1366;3087;4947	9;20;31	99;52;144	sub-011_ses-104_task-s9;sub-011_ses-203_task-s9;sub-011_ses-303_task-s9	1366	9	99	sub-011	ses-104	task-s9	1;2;3	9;9;9
1619	11101	1619	1620	3	3	trialwise	1676;3399;5251	1676;3399;5251	11;22;33	75;30;114	sub-011_ses-104_task-s11;sub-011_ses-203_task-s11;sub-011_ses-303_task-s11	1676	11	75	sub-011	ses-104	task-s11	1;2;3	11;11;11
1620	11121	1620	1621	3	3	trialwise	1218;3033;4704	1218;3033;4704	8;19;30	109;156;59	sub-011_ses-104_task-s8;sub-011_ses-203_task-s8;sub-011_ses-303_task-s8	1218	8	109	sub-011	ses-104	task-s8	1;2;3	8;8;8
1621	11122	1621	1622	3	3	trialwise	764;2457;4182	764;2457;4182	5;16;27	129;54;11	sub-011_ses-103_task-s5;sub-011_ses-202_task-s5;sub-011_ses-302_task-s5	764	5	129	sub-011	ses-103	task-s5	1;2;3	5;5;5
1622	11123	1622	1623	3	3	trialwise	244;1998;3810	244;1998;3810	2;13;24	86;72;116	sub-011_ses-105_task-s2;sub-011_ses-201_task-s2;sub-011_ses-301_task-s2	244	2	86	sub-011	ses-105	task-s2	1;2;3	2;2;2
1623	11124	1623	1624	3	3	trialwise	136;1796;3650	136;1796;3650	1;12;23	137;29;115	sub-011_ses-105_task-s1;sub-011_ses-201_task-s1;sub-011_ses-301_task-s1	136	1	137	sub-011	ses-105	task-s1	1;2;3	1;1;1
1624	11125	1624	1625	3	3	trialwise	802;2589;4461	802;2589;4461	6;17;28	9;28;132	sub-011_ses-103_task-s6;sub-011_ses-202_task-s6;sub-011_ses-302_task-s6	802	6	9	sub-011	ses-103	task-s6	1;2;3	6;6;6
1625	11126	1625	1626	3	3	trialwise	1136;3001;4726	1136;3001;4726	8;19;30	27;124;81	sub-011_ses-104_task-s8;sub-011_ses-203_task-s8;sub-011_ses-303_task-s8	1136	8	27	sub-011	ses-104	task-s8	1;2;3	8;8;8
1626	11127	1626	1627	3	3	trialwise	567;2378;4146	567;2378;4146	4;15;26	91;134;134	sub-011_ses-102_task-s4;sub-011_ses-202_task-s4;sub-011_ses-302_task-s4	567	4	91	sub-011	ses-102	task-s4	1;2;3	4;4;4
1627	11128	1627	1628	3	3	trialwise	90;1865;3688	90;1865;3688	1;12;23	91;98;153	sub-011_ses-105_task-s1;sub-011_ses-201_task-s1;sub-011_ses-301_task-s1	90	1	91	sub-011	ses-105	task-s1	1;2;3	1;1;1
1628	11129	1628	1629	3	3	trialwise	847;2639;4347	847;2639;4347	6;17;28	54;78;18	sub-011_ses-103_task-s6;sub-011_ses-202_task-s6;sub-011_ses-302_task-s6	847	6	54	sub-011	ses-103	task-s6	1;2;3	6;6;6
1629	11130	1629	1630	3	3	trialwise	146;1902;3639	146;1902;3639	1;12;23	147;135;104	sub-011_ses-105_task-s1;sub-011_ses-201_task-s1;sub-011_ses-301_task-s1	146	1	147	sub-011	ses-105	task-s1	1;2;3	1;1;1
1630	11131	1630	1631	3	3	trialwise	41;1872;3599	41;1872;3599	1;12;23	42;105;64	sub-011_ses-105_task-s1;sub-011_ses-201_task-s1;sub-011_ses-301_task-s1	41	1	42	sub-011	ses-105	task-s1	1;2;3	1;1;1
1631	11132	1631	1632	3	3	trialwise	866;2674;4352	866;2674;4352	6;17;28	73;113;23	sub-011_ses-103_task-s6;sub-011_ses-202_task-s6;sub-011_ses-302_task-s6	866	6	73	sub-011	ses-103	task-s6	1;2;3	6;6;6
1632	11133	1632	1633	3	3	trialwise	309;2033;3722	309;2033;3722	2;13;24	151;107;28	sub-011_ses-105_task-s2;sub-011_ses-201_task-s2;sub-011_ses-301_task-s2	309	2	151	sub-011	ses-105	task-s2	1;2;3	2;2;2
1633	11134	1633	1634	3	3	trialwise	245;2016;3725	245;2016;3725	2;13;24	87;90;31	sub-011_ses-105_task-s2;sub-011_ses-201_task-s2;sub-011_ses-301_task-s2	245	2	87	sub-011	ses-105	task-s2	1;2;3	2;2;2
1634	11135	1634	1635	3	3	trialwise	941;2668;4474	941;2668;4474	6;17;28	148;107;145	sub-011_ses-103_task-s6;sub-011_ses-202_task-s6;sub-011_ses-302_task-s6	941	6	148	sub-011	ses-103	task-s6	1;2;3	6;6;6
1635	11136	1635	1636	3	3	trialwise	616;2341;4109	616;2341;4109	4;15;26	140;97;97	sub-011_ses-102_task-s4;sub-011_ses-202_task-s4;sub-011_ses-302_task-s4	616	4	140	sub-011	ses-102	task-s4	1;2;3	4;4;4
1636	11137	1636	1637	3	3	trialwise	79;1782;3640	79;1782;3640	1;12;23	80;15;105	sub-011_ses-105_task-s1;sub-011_ses-201_task-s1;sub-011_ses-301_task-s1	79	1	80	sub-011	ses-105	task-s1	1;2;3	1;1;1
1637	11138	1637	1638	3	3	trialwise	401;2099;3906	401;2099;3906	3;14;25	84;14;53	sub-011_ses-102_task-s3;sub-011_ses-201_task-s3;sub-011_ses-305_task-s3	401	3	84	sub-011	ses-102	task-s3	1;2;3	3;3;3
1638	11139	1638	1639	3	3	trialwise	110;1885;3614	110;1885;3614	1;12;23	111;118;79	sub-011_ses-105_task-s1;sub-011_ses-201_task-s1;sub-011_ses-301_task-s1	110	1	111	sub-011	ses-105	task-s1	1;2;3	1;1;1
1639	11140	1639	1640	3	3	trialwise	744;2432;4248	744;2432;4248	5;16;27	109;29;77	sub-011_ses-103_task-s5;sub-011_ses-202_task-s5;sub-011_ses-302_task-s5	744	5	109	sub-011	ses-103	task-s5	1;2;3	5;5;5
1640	11141	1640	1641	3	3	trialwise	216;1986;3788	216;1986;3788	2;13;24	58;60;94	sub-011_ses-105_task-s2;sub-011_ses-201_task-s2;sub-011_ses-301_task-s2	216	2	58	sub-011	ses-105	task-s2	1;2;3	2;2;2
1641	11142	1641	1642	3	3	trialwise	947;2663;4334	947;2663;4334	6;17;28	154;102;5	sub-011_ses-103_task-s6;sub-011_ses-202_task-s6;sub-011_ses-302_task-s6	947	6	154	sub-011	ses-103	task-s6	1;2;3	6;6;6
1642	11143	1642	1643	3	3	trialwise	394;2212;3930	394;2212;3930	3;14;25	77;127;77	sub-011_ses-102_task-s3;sub-011_ses-201_task-s3;sub-011_ses-305_task-s3	394	3	77	sub-011	ses-102	task-s3	1;2;3	3;3;3
1643	11144	1643	1644	3	3	trialwise	703;2558;4193	703;2558;4193	5;16;27	68;155;22	sub-011_ses-103_task-s5;sub-011_ses-202_task-s5;sub-011_ses-302_task-s5	703	5	68	sub-011	ses-103	task-s5	1;2;3	5;5;5
1644	11145	1644	1645	3	3	trialwise	1190;2948;4710	1190;2948;4710	8;19;30	81;71;65	sub-011_ses-104_task-s8;sub-011_ses-203_task-s8;sub-011_ses-303_task-s8	1190	8	81	sub-011	ses-104	task-s8	1;2;3	8;8;8
1645	11146	1645	1646	3	3	trialwise	58;1858;3556	58;1858;3556	1;12;23	59;91;21	sub-011_ses-105_task-s1;sub-011_ses-201_task-s1;sub-011_ses-301_task-s1	58	1	59	sub-011	ses-105	task-s1	1;2;3	1;1;1
1646	11147	1646	1647	3	3	trialwise	363;2164;3880	363;2164;3880	3;14;25	46;79;27	sub-011_ses-102_task-s3;sub-011_ses-201_task-s3;sub-011_ses-305_task-s3	363	3	46	sub-011	ses-102	task-s3	1;2;3	3;3;3
1647	11148	1647	1648	3	3	trialwise	814;2716;4458	814;2716;4458	6;17;28	21;155;129	sub-011_ses-103_task-s6;sub-011_ses-202_task-s6;sub-011_ses-302_task-s6	814	6	21	sub-011	ses-103	task-s6	1;2;3	6;6;6
1648	11149	1648	1649	3	3	trialwise	682;2445;4256	682;2445;4256	5;16;27	47;42;85	sub-011_ses-103_task-s5;sub-011_ses-202_task-s5;sub-011_ses-302_task-s5	682	5	47	sub-011	ses-103	task-s5	1;2;3	5;5;5
1649	11150	1649	1650	3	3	trialwise	142;1875;3682	142;1875;3682	1;12;23	143;108;147	sub-011_ses-105_task-s1;sub-011_ses-201_task-s1;sub-011_ses-301_task-s1	142	1	143	sub-011	ses-105	task-s1	1;2;3	1;1;1
1650	11151	1650	1651	3	3	trialwise	60;1859;3631	60;1859;3631	1;12;23	61;92;96	sub-011_ses-105_task-s1;sub-011_ses-201_task-s1;sub-011_ses-301_task-s1	60	1	61	sub-011	ses-105	task-s1	1;2;3	1;1;1
1651	11152	1651	1652	3	3	trialwise	1087;2800;4579	1087;2800;4579	7;18;29	136;81;92	sub-011_ses-104_task-s7;sub-011_ses-203_task-s7;sub-011_ses-304_task-s7	1087	7	136	sub-011	ses-104	task-s7	1;2;3	7;7;7
1652	11153	1652	1653	3	3	trialwise	702;2549;4262	702;2549;4262	5;16;27	67;146;91	sub-011_ses-103_task-s5;sub-011_ses-202_task-s5;sub-011_ses-302_task-s5	702	5	67	sub-011	ses-103	task-s5	1;2;3	5;5;5
1653	11154	1653	1654	3	3	trialwise	149;1921;3610	149;1921;3610	1;12;23	150;154;75	sub-011_ses-105_task-s1;sub-011_ses-201_task-s1;sub-011_ses-301_task-s1	149	1	150	sub-011	ses-105	task-s1	1;2;3	1;1;1
1654	11155	1654	1655	3	3	trialwise	343;2191;3868	343;2191;3868	3;14;25	26;106;15	sub-011_ses-102_task-s3;sub-011_ses-201_task-s3;sub-011_ses-305_task-s3	343	3	26	sub-011	ses-102	task-s3	1;2;3	3;3;3
1655	11156	1655	1656	3	3	trialwise	678;2553;4188	678;2553;4188	5;16;27	43;150;17	sub-011_ses-103_task-s5;sub-011_ses-202_task-s5;sub-011_ses-302_task-s5	678	5	43	sub-011	ses-103	task-s5	1;2;3	5;5;5
1656	11157	1656	1657	3	3	trialwise	699;2520;4244	699;2520;4244	5;16;27	64;117;73	sub-011_ses-103_task-s5;sub-011_ses-202_task-s5;sub-011_ses-302_task-s5	699	5	64	sub-011	ses-103	task-s5	1;2;3	5;5;5
1657	11158	1657	1658	3	3	trialwise	799;2626;4373	799;2626;4373	6;17;28	6;65;44	sub-011_ses-103_task-s6;sub-011_ses-202_task-s6;sub-011_ses-302_task-s6	799	6	6	sub-011	ses-103	task-s6	1;2;3	6;6;6
1658	11159	1658	1659	3	3	trialwise	542;2303;4071	542;2303;4071	4;15;26	66;59;59	sub-011_ses-102_task-s4;sub-011_ses-202_task-s4;sub-011_ses-302_task-s4	542	4	66	sub-011	ses-102	task-s4	1;2;3	4;4;4
1659	11160	1659	1660	3	3	trialwise	306;2021;3821	306;2021;3821	2;13;24	148;95;127	sub-011_ses-105_task-s2;sub-011_ses-201_task-s2;sub-011_ses-301_task-s2	306	2	148	sub-011	ses-105	task-s2	1;2;3	2;2;2
1660	11161	1660	1661	3	3	trialwise	503;2326;4094	503;2326;4094	4;15;26	27;82;82	sub-011_ses-102_task-s4;sub-011_ses-202_task-s4;sub-011_ses-302_task-s4	503	4	27	sub-011	ses-102	task-s4	1;2;3	4;4;4
1661	11162	1661	1662	3	3	trialwise	181;2067;3787	181;2067;3787	2;13;24	23;141;93	sub-011_ses-105_task-s2;sub-011_ses-201_task-s2;sub-011_ses-301_task-s2	181	2	23	sub-011	ses-105	task-s2	1;2;3	2;2;2
1662	11163	1662	1663	3	3	trialwise	334;2200;3879	334;2200;3879	3;14;25	17;115;26	sub-011_ses-102_task-s3;sub-011_ses-201_task-s3;sub-011_ses-305_task-s3	334	3	17	sub-011	ses-102	task-s3	1;2;3	3;3;3
1663	11164	1663	1664	3	3	trialwise	648;2437;4320	648;2437;4320	5;16;27	13;34;149	sub-011_ses-103_task-s5;sub-011_ses-202_task-s5;sub-011_ses-302_task-s5	648	5	13	sub-011	ses-103	task-s5	1;2;3	5;5;5
1664	11165	1664	1665	3	3	trialwise	458;2196;3949	458;2196;3949	3;14;25	141;111;96	sub-011_ses-102_task-s3;sub-011_ses-201_task-s3;sub-011_ses-305_task-s3	458	3	141	sub-011	ses-102	task-s3	1;2;3	3;3;3
1665	11166	1665	1666	3	3	trialwise	1170;2996;4655	1170;2996;4655	8;19;30	61;119;10	sub-011_ses-104_task-s8;sub-011_ses-203_task-s8;sub-011_ses-303_task-s8	1170	8	61	sub-011	ses-104	task-s8	1;2;3	8;8;8
1666	11167	1666	1667	3	3	trialwise	199;1955;3716	199;1955;3716	2;13;24	41;29;22	sub-011_ses-105_task-s2;sub-011_ses-201_task-s2;sub-011_ses-301_task-s2	199	2	41	sub-011	ses-105	task-s2	1;2;3	2;2;2
1667	11168	1667	1668	3	3	trialwise	415;2139;3900	415;2139;3900	3;14;25	98;54;47	sub-011_ses-102_task-s3;sub-011_ses-201_task-s3;sub-011_ses-305_task-s3	415	3	98	sub-011	ses-102	task-s3	1;2;3	3;3;3
1668	11169	1668	1669	3	3	trialwise	803;2596;4382	803;2596;4382	6;17;28	10;35;53	sub-011_ses-103_task-s6;sub-011_ses-202_task-s6;sub-011_ses-302_task-s6	803	6	10	sub-011	ses-103	task-s6	1;2;3	6;6;6
1669	11170	1669	1670	3	3	trialwise	342;2146;3942	342;2146;3942	3;14;25	25;61;89	sub-011_ses-102_task-s3;sub-011_ses-201_task-s3;sub-011_ses-305_task-s3	342	3	25	sub-011	ses-102	task-s3	1;2;3	3;3;3
1670	11171	1670	1671	3	3	trialwise	604;2310;4078	604;2310;4078	4;15;26	128;66;66	sub-011_ses-102_task-s4;sub-011_ses-202_task-s4;sub-011_ses-302_task-s4	604	4	128	sub-011	ses-102	task-s4	1;2;3	4;4;4
1671	11172	1671	1672	3	3	trialwise	1181;3000;4684	1181;3000;4684	8;19;30	72;123;39	sub-011_ses-104_task-s8;sub-011_ses-203_task-s8;sub-011_ses-303_task-s8	1181	8	72	sub-011	ses-104	task-s8	1;2;3	8;8;8
1672	11173	1672	1673	3	3	trialwise	158;1822;3617	158;1822;3617	1;12;23	159;55;82	sub-011_ses-105_task-s1;sub-011_ses-201_task-s1;sub-011_ses-301_task-s1	158	1	159	sub-011	ses-105	task-s1	1;2;3	1;1;1
1673	11174	1673	1674	3	3	trialwise	1078;2813;4514	1078;2813;4514	7;18;29	127;94;27	sub-011_ses-104_task-s7;sub-011_ses-203_task-s7;sub-011_ses-304_task-s7	1078	7	127	sub-011	ses-104	task-s7	1;2;3	7;7;7
1674	11175	1674	1675	3	3	trialwise	354;2207;3888	354;2207;3888	3;14;25	37;122;35	sub-011_ses-102_task-s3;sub-011_ses-201_task-s3;sub-011_ses-305_task-s3	354	3	37	sub-011	ses-102	task-s3	1;2;3	3;3;3
1675	11176	1675	1676	3	3	trialwise	736;2514;4211	736;2514;4211	5;16;27	101;111;40	sub-011_ses-103_task-s5;sub-011_ses-202_task-s5;sub-011_ses-302_task-s5	736	5	101	sub-011	ses-103	task-s5	1;2;3	5;5;5
1676	11177	1676	1677	3	3	trialwise	418;2226;3872	418;2226;3872	3;14;25	101;141;19	sub-011_ses-102_task-s3;sub-011_ses-201_task-s3;sub-011_ses-305_task-s3	418	3	101	sub-011	ses-102	task-s3	1;2;3	3;3;3
1677	11178	1677	1678	3	3	trialwise	572;2254;4022	572;2254;4022	4;15;26	96;10;10	sub-011_ses-102_task-s4;sub-011_ses-202_task-s4;sub-011_ses-302_task-s4	572	4	96	sub-011	ses-102	task-s4	1;2;3	4;4;4
1678	11179	1678	1679	3	3	trialwise	365;2166;3883	365;2166;3883	3;14;25	48;81;30	sub-011_ses-102_task-s3;sub-011_ses-201_task-s3;sub-011_ses-305_task-s3	365	3	48	sub-011	ses-102	task-s3	1;2;3	3;3;3
1679	11180	1679	1680	3	3	trialwise	1244;2891;4663	1244;2891;4663	8;19;30	135;14;18	sub-011_ses-104_task-s8;sub-011_ses-203_task-s8;sub-011_ses-303_task-s8	1244	8	135	sub-011	ses-104	task-s8	1;2;3	8;8;8
1680	11181	1680	1681	3	3	trialwise	1002;2848;4571	1002;2848;4571	7;18;29	51;129;84	sub-011_ses-104_task-s7;sub-011_ses-203_task-s7;sub-011_ses-304_task-s7	1002	7	51	sub-011	ses-104	task-s7	1;2;3	7;7;7
1681	11182	1681	1682	3	3	trialwise	721;2485;4219	721;2485;4219	5;16;27	86;82;48	sub-011_ses-103_task-s5;sub-011_ses-202_task-s5;sub-011_ses-302_task-s5	721	5	86	sub-011	ses-103	task-s5	1;2;3	5;5;5
1682	11183	1682	1683	3	3	trialwise	7;1906;3588	7;1906;3588	1;12;23	8;139;53	sub-011_ses-105_task-s1;sub-011_ses-201_task-s1;sub-011_ses-301_task-s1	7	1	8	sub-011	ses-105	task-s1	1;2;3	1;1;1
1683	11184	1683	1684	3	3	trialwise	118;1835;3647	118;1835;3647	1;12;23	119;68;112	sub-011_ses-105_task-s1;sub-011_ses-201_task-s1;sub-011_ses-301_task-s1	118	1	119	sub-011	ses-105	task-s1	1;2;3	1;1;1
1684	11185	1684	1685	3	3	trialwise	406;2193;3890	406;2193;3890	3;14;25	89;108;37	sub-011_ses-102_task-s3;sub-011_ses-201_task-s3;sub-011_ses-305_task-s3	406	3	89	sub-011	ses-102	task-s3	1;2;3	3;3;3
1685	11186	1685	1686	3	3	trialwise	754;2463;4328	754;2463;4328	5;16;27	119;60;157	sub-011_ses-103_task-s5;sub-011_ses-202_task-s5;sub-011_ses-302_task-s5	754	5	119	sub-011	ses-103	task-s5	1;2;3	5;5;5
1686	11187	1686	1687	3	3	trialwise	1199;3028;4679	1199;3028;4679	8;19;30	90;151;34	sub-011_ses-104_task-s8;sub-011_ses-203_task-s8;sub-011_ses-303_task-s8	1199	8	90	sub-011	ses-104	task-s8	1;2;3	8;8;8
1687	11188	1687	1688	3	3	trialwise	1021;2860;4613	1021;2860;4613	7;18;29	70;141;126	sub-011_ses-104_task-s7;sub-011_ses-203_task-s7;sub-011_ses-304_task-s7	1021	7	70	sub-011	ses-104	task-s7	1;2;3	7;7;7
1688	11189	1688	1689	3	3	trialwise	748;2471;4315	748;2471;4315	5;16;27	113;68;144	sub-011_ses-103_task-s5;sub-011_ses-202_task-s5;sub-011_ses-302_task-s5	748	5	113	sub-011	ses-103	task-s5	1;2;3	5;5;5
1689	11190	1689	1690	3	3	trialwise	229;2043;3805	229;2043;3805	2;13;24	71;117;111	sub-011_ses-105_task-s2;sub-011_ses-201_task-s2;sub-011_ses-301_task-s2	229	2	71	sub-011	ses-105	task-s2	1;2;3	2;2;2
1690	11191	1690	1691	3	3	trialwise	531;2283;4051	531;2283;4051	4;15;26	55;39;39	sub-011_ses-102_task-s4;sub-011_ses-202_task-s4;sub-011_ses-302_task-s4	531	4	55	sub-011	ses-102	task-s4	1;2;3	4;4;4
1691	11192	1691	1692	3	3	trialwise	56;1926;3689	56;1926;3689	1;12;23	57;159;154	sub-011_ses-105_task-s1;sub-011_ses-201_task-s1;sub-011_ses-301_task-s1	56	1	57	sub-011	ses-105	task-s1	1;2;3	1;1;1
1692	11193	1692	1693	3	3	trialwise	715;2515;4185	715;2515;4185	5;16;27	80;112;14	sub-011_ses-103_task-s5;sub-011_ses-202_task-s5;sub-011_ses-302_task-s5	715	5	80	sub-011	ses-103	task-s5	1;2;3	5;5;5
1693	11194	1693	1694	3	3	trialwise	578;2262;4030	578;2262;4030	4;15;26	102;18;18	sub-011_ses-102_task-s4;sub-011_ses-202_task-s4;sub-011_ses-302_task-s4	578	4	102	sub-011	ses-102	task-s4	1;2;3	4;4;4
1694	11195	1694	1695	3	3	trialwise	215;1963;3829	215;1963;3829	2;13;24	57;37;135	sub-011_ses-105_task-s2;sub-011_ses-201_task-s2;sub-011_ses-301_task-s2	215	2	57	sub-011	ses-105	task-s2	1;2;3	2;2;2
1695	11196	1695	1696	3	3	trialwise	206;1931;3780	206;1931;3780	2;13;24	48;5;86	sub-011_ses-105_task-s2;sub-011_ses-201_task-s2;sub-011_ses-301_task-s2	206	2	48	sub-011	ses-105	task-s2	1;2;3	2;2;2
1696	11197	1696	1697	3	3	trialwise	1003;2777;4526	1003;2777;4526	7;18;29	52;58;39	sub-011_ses-104_task-s7;sub-011_ses-203_task-s7;sub-011_ses-304_task-s7	1003	7	52	sub-011	ses-104	task-s7	1;2;3	7;7;7
1697	11198	1697	1698	3	3	trialwise	1027;2839;4563	1027;2839;4563	7;18;29	76;120;76	sub-011_ses-104_task-s7;sub-011_ses-203_task-s7;sub-011_ses-304_task-s7	1027	7	76	sub-011	ses-104	task-s7	1;2;3	7;7;7
1698	11199	1698	1699	3	3	trialwise	1139;3023;4685	1139;3023;4685	8;19;30	30;146;40	sub-011_ses-104_task-s8;sub-011_ses-203_task-s8;sub-011_ses-303_task-s8	1139	8	30	sub-011	ses-104	task-s8	1;2;3	8;8;8
1699	11200	1699	1700	3	3	trialwise	66;1772;3663	66;1772;3663	1;12;23	67;5;128	sub-011_ses-105_task-s1;sub-011_ses-201_task-s1;sub-011_ses-301_task-s1	66	1	67	sub-011	ses-105	task-s1	1;2;3	1;1;1
1700	11201	1700	1701	3	3	trialwise	1192;2889;4711	1192;2889;4711	8;19;30	83;12;66	sub-011_ses-104_task-s8;sub-011_ses-203_task-s8;sub-011_ses-303_task-s8	1192	8	83	sub-011	ses-104	task-s8	1;2;3	8;8;8
1701	11202	1701	1702	3	3	trialwise	1191;2885;4652	1191;2885;4652	8;19;30	82;8;7	sub-011_ses-104_task-s8;sub-011_ses-203_task-s8;sub-011_ses-303_task-s8	1191	8	82	sub-011	ses-104	task-s8	1;2;3	8;8;8
1702	11203	1702	1703	3	3	trialwise	1175;2970;4783	1175;2970;4783	8;19;30	66;93;138	sub-011_ses-104_task-s8;sub-011_ses-203_task-s8;sub-011_ses-303_task-s8	1175	8	66	sub-011	ses-104	task-s8	1;2;3	8;8;8
1703	11204	1703	1704	3	3	trialwise	527;2278;4046	527;2278;4046	4;15;26	51;34;34	sub-011_ses-102_task-s4;sub-011_ses-202_task-s4;sub-011_ses-302_task-s4	527	4	51	sub-011	ses-102	task-s4	1;2;3	4;4;4
1704	11205	1704	1705	3	3	trialwise	845;2703;4426	845;2703;4426	6;17;28	52;142;97	sub-011_ses-103_task-s6;sub-011_ses-202_task-s6;sub-011_ses-302_task-s6	845	6	52	sub-011	ses-103	task-s6	1;2;3	6;6;6
1705	11206	1705	1706	3	3	trialwise	551;2284;4052	551;2284;4052	4;15;26	75;40;40	sub-011_ses-102_task-s4;sub-011_ses-202_task-s4;sub-011_ses-302_task-s4	551	4	75	sub-011	ses-102	task-s4	1;2;3	4;4;4
1706	11207	1706	1707	3	3	trialwise	263;2030;3782	263;2030;3782	2;13;24	105;104;88	sub-011_ses-105_task-s2;sub-011_ses-201_task-s2;sub-011_ses-301_task-s2	263	2	105	sub-011	ses-105	task-s2	1;2;3	2;2;2
1707	11208	1707	1708	3	3	trialwise	459;2103;3918	459;2103;3918	3;14;25	142;18;65	sub-011_ses-102_task-s3;sub-011_ses-201_task-s3;sub-011_ses-305_task-s3	459	3	142	sub-011	ses-102	task-s3	1;2;3	3;3;3
1708	11209	1708	1709	3	3	trialwise	1201;2966;4793	1201;2966;4793	8;19;30	92;89;148	sub-011_ses-104_task-s8;sub-011_ses-203_task-s8;sub-011_ses-303_task-s8	1201	8	92	sub-011	ses-104	task-s8	1;2;3	8;8;8
1709	11210	1709	1710	3	3	trialwise	295;1927;3812	295;1927;3812	2;13;24	137;1;118	sub-011_ses-105_task-s2;sub-011_ses-201_task-s2;sub-011_ses-301_task-s2	295	2	137	sub-011	ses-105	task-s2	1;2;3	2;2;2
1710	11211	1710	1711	3	3	trialwise	614;2311;4079	614;2311;4079	4;15;26	138;67;67	sub-011_ses-102_task-s4;sub-011_ses-202_task-s4;sub-011_ses-302_task-s4	614	4	138	sub-011	ses-102	task-s4	1;2;3	4;4;4
1711	11212	1711	1712	3	3	trialwise	388;2229;3948	388;2229;3948	3;14;25	71;144;95	sub-011_ses-102_task-s3;sub-011_ses-201_task-s3;sub-011_ses-305_task-s3	388	3	71	sub-011	ses-102	task-s3	1;2;3	3;3;3
1712	11213	1712	1713	3	3	trialwise	720;2509;4208	720;2509;4208	5;16;27	85;106;37	sub-011_ses-103_task-s5;sub-011_ses-202_task-s5;sub-011_ses-302_task-s5	720	5	85	sub-011	ses-103	task-s5	1;2;3	5;5;5
1713	11214	1713	1714	3	3	trialwise	729;2484;4231	729;2484;4231	5;16;27	94;81;60	sub-011_ses-103_task-s5;sub-011_ses-202_task-s5;sub-011_ses-302_task-s5	729	5	94	sub-011	ses-103	task-s5	1;2;3	5;5;5
1714	11215	1714	1715	3	3	trialwise	1252;2912;4723	1252;2912;4723	8;19;30	143;35;78	sub-011_ses-104_task-s8;sub-011_ses-203_task-s8;sub-011_ses-303_task-s8	1252	8	143	sub-011	ses-104	task-s8	1;2;3	8;8;8
1715	11216	1715	1716	3	3	trialwise	1249;2930;4721	1249;2930;4721	8;19;30	140;53;76	sub-011_ses-104_task-s8;sub-011_ses-203_task-s8;sub-011_ses-303_task-s8	1249	8	140	sub-011	ses-104	task-s8	1;2;3	8;8;8
1716	11217	1716	1717	3	3	trialwise	635;2251;4019	635;2251;4019	4;15;26	159;7;7	sub-011_ses-102_task-s4;sub-011_ses-202_task-s4;sub-011_ses-302_task-s4	635	4	159	sub-011	ses-102	task-s4	1;2;3	4;4;4
1717	11218	1717	1718	3	3	trialwise	661;2525;4288	661;2525;4288	5;16;27	26;122;117	sub-011_ses-103_task-s5;sub-011_ses-202_task-s5;sub-011_ses-302_task-s5	661	5	26	sub-011	ses-103	task-s5	1;2;3	5;5;5
1718	11219	1718	1719	3	3	trialwise	71;1861;3545	71;1861;3545	1;12;23	72;94;10	sub-011_ses-105_task-s1;sub-011_ses-201_task-s1;sub-011_ses-301_task-s1	71	1	72	sub-011	ses-105	task-s1	1;2;3	1;1;1
1719	11220	1719	1720	3	3	trialwise	1075;2727;4642	1075;2727;4642	7;18;29	124;8;155	sub-011_ses-104_task-s7;sub-011_ses-203_task-s7;sub-011_ses-304_task-s7	1075	7	124	sub-011	ses-104	task-s7	1;2;3	7;7;7
1720	11221	1720	1721	3	3	trialwise	610;2383;4151	610;2383;4151	4;15;26	134;139;139	sub-011_ses-102_task-s4;sub-011_ses-202_task-s4;sub-011_ses-302_task-s4	610	4	134	sub-011	ses-102	task-s4	1;2;3	4;4;4
1721	11222	1721	1722	3	3	trialwise	397;2210;4005	397;2210;4005	3;14;25	80;125;152	sub-011_ses-102_task-s3;sub-011_ses-201_task-s3;sub-011_ses-305_task-s3	397	3	80	sub-011	ses-102	task-s3	1;2;3	3;3;3
1722	11223	1722	1723	3	3	trialwise	362;2156;3984	362;2156;3984	3;14;25	45;71;131	sub-011_ses-102_task-s3;sub-011_ses-201_task-s3;sub-011_ses-305_task-s3	362	3	45	sub-011	ses-102	task-s3	1;2;3	3;3;3
1723	11224	1723	1724	3	3	trialwise	1060;2872;4589	1060;2872;4589	7;18;29	109;153;102	sub-011_ses-104_task-s7;sub-011_ses-203_task-s7;sub-011_ses-304_task-s7	1060	7	109	sub-011	ses-104	task-s7	1;2;3	7;7;7
1724	11225	1724	1725	3	3	trialwise	862;2573;4453	862;2573;4453	6;17;28	69;12;124	sub-011_ses-103_task-s6;sub-011_ses-202_task-s6;sub-011_ses-302_task-s6	862	6	69	sub-011	ses-103	task-s6	1;2;3	6;6;6
1725	11226	1725	1726	3	3	trialwise	1063;2863;4640	1063;2863;4640	7;18;29	112;144;153	sub-011_ses-104_task-s7;sub-011_ses-203_task-s7;sub-011_ses-304_task-s7	1063	7	112	sub-011	ses-104	task-s7	1;2;3	7;7;7
1726	11227	1726	1727	3	3	trialwise	194;2064;3796	194;2064;3796	2;13;24	36;138;102	sub-011_ses-105_task-s2;sub-011_ses-201_task-s2;sub-011_ses-301_task-s2	194	2	36	sub-011	ses-105	task-s2	1;2;3	2;2;2
1727	11228	1727	1728	3	3	trialwise	113;1769;3571	113;1769;3571	1;12;23	114;2;36	sub-011_ses-105_task-s1;sub-011_ses-201_task-s1;sub-011_ses-301_task-s1	113	1	114	sub-011	ses-105	task-s1	1;2;3	1;1;1
1728	11229	1728	1729	3	3	trialwise	44;1841;3580	44;1841;3580	1;12;23	45;74;45	sub-011_ses-105_task-s1;sub-011_ses-201_task-s1;sub-011_ses-301_task-s1	44	1	45	sub-011	ses-105	task-s1	1;2;3	1;1;1
1729	11230	1729	1730	3	3	trialwise	112;1785;3609	112;1785;3609	1;12;23	113;18;74	sub-011_ses-105_task-s1;sub-011_ses-201_task-s1;sub-011_ses-301_task-s1	112	1	113	sub-011	ses-105	task-s1	1;2;3	1;1;1
1730	11231	1730	1731	3	3	trialwise	162;2054;3723	162;2054;3723	2;13;24	4;128;29	sub-011_ses-105_task-s2;sub-011_ses-201_task-s2;sub-011_ses-301_task-s2	162	2	4	sub-011	ses-105	task-s2	1;2;3	2;2;2
1731	11232	1731	1732	3	3	trialwise	254;2070;3697	254;2070;3697	2;13;24	96;144;3	sub-011_ses-105_task-s2;sub-011_ses-201_task-s2;sub-011_ses-301_task-s2	254	2	96	sub-011	ses-105	task-s2	1;2;3	2;2;2
1732	11233	1732	1733	3	3	trialwise	766;2529;4277	766;2529;4277	5;16;27	131;126;106	sub-011_ses-103_task-s5;sub-011_ses-202_task-s5;sub-011_ses-302_task-s5	766	5	131	sub-011	ses-103	task-s5	1;2;3	5;5;5
1733	11234	1733	1734	3	3	trialwise	436;2236;3953	436;2236;3953	3;14;25	119;151;100	sub-011_ses-102_task-s3;sub-011_ses-201_task-s3;sub-011_ses-305_task-s3	436	3	119	sub-011	ses-102	task-s3	1;2;3	3;3;3
1734	11235	1734	1735	3	3	trialwise	1071;2739;4629	1071;2739;4629	7;18;29	120;20;142	sub-011_ses-104_task-s7;sub-011_ses-203_task-s7;sub-011_ses-304_task-s7	1071	7	120	sub-011	ses-104	task-s7	1;2;3	7;7;7
1735	11236	1735	1736	3	3	trialwise	156;1897;3592	156;1897;3592	1;12;23	157;130;57	sub-011_ses-105_task-s1;sub-011_ses-201_task-s1;sub-011_ses-301_task-s1	156	1	157	sub-011	ses-105	task-s1	1;2;3	1;1;1
1736	11237	1736	1737	3	3	trialwise	607;2393;4161	607;2393;4161	4;15;26	131;149;149	sub-011_ses-102_task-s4;sub-011_ses-202_task-s4;sub-011_ses-302_task-s4	607	4	131	sub-011	ses-102	task-s4	1;2;3	4;4;4
1737	11238	1737	1738	3	3	trialwise	686;2496;4319	686;2496;4319	5;16;27	51;93;148	sub-011_ses-103_task-s5;sub-011_ses-202_task-s5;sub-011_ses-302_task-s5	686	5	51	sub-011	ses-103	task-s5	1;2;3	5;5;5
1738	11239	1738	1739	3	3	trialwise	218;2028;3695	218;2028;3695	2;13;24	60;102;1	sub-011_ses-105_task-s2;sub-011_ses-201_task-s2;sub-011_ses-301_task-s2	218	2	60	sub-011	ses-105	task-s2	1;2;3	2;2;2
1739	11240	1739	1740	3	3	trialwise	1085;2861;4616	1085;2861;4616	7;18;29	134;142;129	sub-011_ses-104_task-s7;sub-011_ses-203_task-s7;sub-011_ses-304_task-s7	1085	7	134	sub-011	ses-104	task-s7	1;2;3	7;7;7
1740	11241	1740	1741	3	3	trialwise	1069;2762;4532	1069;2762;4532	7;18;29	118;43;45	sub-011_ses-104_task-s7;sub-011_ses-203_task-s7;sub-011_ses-304_task-s7	1069	7	118	sub-011	ses-104	task-s7	1;2;3	7;7;7
1741	11242	1741	1742	3	3	trialwise	486;2323;4091	486;2323;4091	4;15;26	10;79;79	sub-011_ses-102_task-s4;sub-011_ses-202_task-s4;sub-011_ses-302_task-s4	486	4	10	sub-011	ses-102	task-s4	1;2;3	4;4;4
1742	11243	1742	1743	3	3	trialwise	92;1896;3597	92;1896;3597	1;12;23	93;129;62	sub-011_ses-105_task-s1;sub-011_ses-201_task-s1;sub-011_ses-301_task-s1	92	1	93	sub-011	ses-105	task-s1	1;2;3	1;1;1
1743	11244	1743	1744	3	3	trialwise	313;2066;3733	313;2066;3733	2;13;24	155;140;39	sub-011_ses-105_task-s2;sub-011_ses-201_task-s2;sub-011_ses-301_task-s2	313	2	155	sub-011	ses-105	task-s2	1;2;3	2;2;2
1744	11245	1744	1745	3	3	trialwise	497;2321;4089	497;2321;4089	4;15;26	21;77;77	sub-011_ses-102_task-s4;sub-011_ses-202_task-s4;sub-011_ses-302_task-s4	497	4	21	sub-011	ses-102	task-s4	1;2;3	4;4;4
1745	11246	1745	1746	3	3	trialwise	1167;3018;4701	1167;3018;4701	8;19;30	58;141;56	sub-011_ses-104_task-s8;sub-011_ses-203_task-s8;sub-011_ses-303_task-s8	1167	8	58	sub-011	ses-104	task-s8	1;2;3	8;8;8
1746	11247	1746	1747	3	3	trialwise	637;2474;4179	637;2474;4179	5;16;27	2;71;8	sub-011_ses-103_task-s5;sub-011_ses-202_task-s5;sub-011_ses-302_task-s5	637	5	2	sub-011	ses-103	task-s5	1;2;3	5;5;5
1747	11248	1747	1748	3	3	trialwise	969;2832;4552	969;2832;4552	7;18;29	18;113;65	sub-011_ses-104_task-s7;sub-011_ses-203_task-s7;sub-011_ses-304_task-s7	969	7	18	sub-011	ses-104	task-s7	1;2;3	7;7;7
1748	11249	1748	1749	3	3	trialwise	300;1972;3785	300;1972;3785	2;13;24	142;46;91	sub-011_ses-105_task-s2;sub-011_ses-201_task-s2;sub-011_ses-301_task-s2	300	2	142	sub-011	ses-105	task-s2	1;2;3	2;2;2
1749	11250	1749	1750	3	3	trialwise	385;2232;3967	385;2232;3967	3;14;25	68;147;114	sub-011_ses-102_task-s3;sub-011_ses-201_task-s3;sub-011_ses-305_task-s3	385	3	68	sub-011	ses-102	task-s3	1;2;3	3;3;3
1750	11251	1750	1751	3	3	trialwise	516;2300;4068	516;2300;4068	4;15;26	40;56;56	sub-011_ses-102_task-s4;sub-011_ses-202_task-s4;sub-011_ses-302_task-s4	516	4	40	sub-011	ses-102	task-s4	1;2;3	4;4;4
1751	11252	1751	1752	3	3	trialwise	912;2704;4475	912;2704;4475	6;17;28	119;143;146	sub-011_ses-103_task-s6;sub-011_ses-202_task-s6;sub-011_ses-302_task-s6	912	6	119	sub-011	ses-103	task-s6	1;2;3	6;6;6
1752	11253	1752	1753	3	3	trialwise	55;1911;3598	55;1911;3598	1;12;23	56;144;63	sub-011_ses-105_task-s1;sub-011_ses-201_task-s1;sub-011_ses-301_task-s1	55	1	56	sub-011	ses-105	task-s1	1;2;3	1;1;1
1753	11254	1753	1754	3	3	trialwise	122;1850;3606	122;1850;3606	1;12;23	123;83;71	sub-011_ses-105_task-s1;sub-011_ses-201_task-s1;sub-011_ses-301_task-s1	122	1	123	sub-011	ses-105	task-s1	1;2;3	1;1;1
1754	11255	1754	1755	3	3	trialwise	879;2667;4424	879;2667;4424	6;17;28	86;106;95	sub-011_ses-103_task-s6;sub-011_ses-202_task-s6;sub-011_ses-302_task-s6	879	6	86	sub-011	ses-103	task-s6	1;2;3	6;6;6
1755	11256	1755	1756	3	3	trialwise	187;2009;3784	187;2009;3784	2;13;24	29;83;90	sub-011_ses-105_task-s2;sub-011_ses-201_task-s2;sub-011_ses-301_task-s2	187	2	29	sub-011	ses-105	task-s2	1;2;3	2;2;2
1756	11257	1756	1757	3	3	trialwise	955;2758;4503	955;2758;4503	7;18;29	4;39;16	sub-011_ses-104_task-s7;sub-011_ses-203_task-s7;sub-011_ses-304_task-s7	955	7	4	sub-011	ses-104	task-s7	1;2;3	7;7;7
1757	11258	1757	1758	3	3	trialwise	104;1893;3674	104;1893;3674	1;12;23	105;126;139	sub-011_ses-105_task-s1;sub-011_ses-201_task-s1;sub-011_ses-301_task-s1	104	1	105	sub-011	ses-105	task-s1	1;2;3	1;1;1
1758	11259	1758	1759	3	3	trialwise	186;1978;3839	186;1978;3839	2;13;24	28;52;145	sub-011_ses-105_task-s2;sub-011_ses-201_task-s2;sub-011_ses-301_task-s2	186	2	28	sub-011	ses-105	task-s2	1;2;3	2;2;2
1759	11260	1759	1760	3	3	trialwise	420;2199;3916	420;2199;3916	3;14;25	103;114;63	sub-011_ses-102_task-s3;sub-011_ses-201_task-s3;sub-011_ses-305_task-s3	420	3	103	sub-011	ses-102	task-s3	1;2;3	3;3;3
1760	11261	1760	1761	3	3	trialwise	296;1971;3762	296;1971;3762	2;13;24	138;45;68	sub-011_ses-105_task-s2;sub-011_ses-201_task-s2;sub-011_ses-301_task-s2	296	2	138	sub-011	ses-105	task-s2	1;2;3	2;2;2
1761	11262	1761	1762	3	3	trialwise	1250;2947;4782	1250;2947;4782	8;19;30	141;70;137	sub-011_ses-104_task-s8;sub-011_ses-203_task-s8;sub-011_ses-303_task-s8	1250	8	141	sub-011	ses-104	task-s8	1;2;3	8;8;8
1762	11263	1762	1763	3	3	trialwise	282;2040;3714	282;2040;3714	2;13;24	124;114;20	sub-011_ses-105_task-s2;sub-011_ses-201_task-s2;sub-011_ses-301_task-s2	282	2	124	sub-011	ses-105	task-s2	1;2;3	2;2;2
1763	11264	1763	1764	3	3	trialwise	489;2382;4150	489;2382;4150	4;15;26	13;138;138	sub-011_ses-102_task-s4;sub-011_ses-202_task-s4;sub-011_ses-302_task-s4	489	4	13	sub-011	ses-102	task-s4	1;2;3	4;4;4
1764	11265	1764	1765	3	3	trialwise	805;2588;4367	805;2588;4367	6;17;28	12;27;38	sub-011_ses-103_task-s6;sub-011_ses-202_task-s6;sub-011_ses-302_task-s6	805	6	12	sub-011	ses-103	task-s6	1;2;3	6;6;6
1765	11266	1765	1766	3	3	trialwise	570;2305;4073	570;2305;4073	4;15;26	94;61;61	sub-011_ses-102_task-s4;sub-011_ses-202_task-s4;sub-011_ses-302_task-s4	570	4	94	sub-011	ses-102	task-s4	1;2;3	4;4;4
1766	11267	1766	1767	3	3	trialwise	421;2158;3901	421;2158;3901	3;14;25	104;73;48	sub-011_ses-102_task-s3;sub-011_ses-201_task-s3;sub-011_ses-305_task-s3	421	3	104	sub-011	ses-102	task-s3	1;2;3	3;3;3
1767	11268	1767	1768	3	3	trialwise	324;2121;3931	324;2121;3931	3;14;25	7;36;78	sub-011_ses-102_task-s3;sub-011_ses-201_task-s3;sub-011_ses-305_task-s3	324	3	7	sub-011	ses-102	task-s3	1;2;3	3;3;3
