scalar_index_0based	condition_id	condition_col_0based	condition_col_1based	n_trials_presented	n_betas_averaged	beta_index_mode	source_beta_rows_0based	trial_indices_0based	run_indices_1based	local_trial_indices	run_stems	first_trial_index_0based	first_run_index_1based	first_local_trial_index	first_sub	first_ses	first_task	repeat_indices	task_indices
0	1	0	1	3	3	trialwise	412;2235;3987	412;2235;3987	3;14;25	95;150;134	sub-006_ses-101_task-s3;sub-006_ses-201_task-s3;sub-006_ses-302_task-s3	412	3	95	sub-006	ses-101	task-s3	1;2;3	3;3;3
1	2	1	2	4	4	trialwise	11;111;1922;3667	11;111;1922;3667	1;1;12;23	12;112;155;132	sub-006_ses-101_task-s1;sub-006_ses-101_task-s1;sub-006_ses-201_task-s1;sub-006_ses-301_task-s1	11	1	12	sub-006	ses-101	task-s1	1;1;2;3	1;1;1;1
2	3	2	3	3	3	trialwise	246;1951;3752	246;1951;3752	2;13;24	88;25;58	sub-006_ses-101_task-s2;sub-006_ses-201_task-s2;sub-006_ses-302_task-s2	246	2	88	sub-006	ses-101	task-s2	1;2;3	2;2;2
3	4	3	4	3	3	trialwise	627;2380;4122	627;2380;4122	4;15;26	151;136;110	sub-006_ses-102_task-s4;sub-006_ses-201_task-s4;sub-006_ses-302_task-s4	627	4	151	sub-006	ses-102	task-s4	1;2;3	4;4;4
4	5	4	5	3	3	trialwise	897;2648;4463	897;2648;4463	6;17;28	104;87;134	sub-006_ses-103_task-s6;sub-006_ses-202_task-s6;sub-006_ses-303_task-s6	897	6	104	sub-006	ses-103	task-s6	1;2;3	6;6;6
5	6	5	6	3	3	trialwise	895;2604;4459	895;2604;4459	6;17;28	102;43;130	sub-006_ses-103_task-s6;sub-006_ses-202_task-s6;sub-006_ses-303_task-s6	895	6	102	sub-006	ses-103	task-s6	1;2;3	6;6;6
6	7	6	7	3	3	trialwise	997;2801;4513	997;2801;4513	7;18;29	46;82;26	sub-006_ses-103_task-s7;sub-006_ses-202_task-s7;sub-006_ses-303_task-s7	997	7	46	sub-006	ses-103	task-s7	1;2;3	7;7;7
7	8	7	8	3	3	trialwise	1145;2988;4783	1145;2988;4783	8;19;30	36;111;138	sub-006_ses-103_task-s8;sub-006_ses-202_task-s8;sub-006_ses-304_task-s8	1145	8	36	sub-006	ses-103	task-s8	1;2;3	8;8;8
8	9	8	9	3	3	trialwise	1044;2829;4502	1044;2829;4502	7;18;29	93;110;15	sub-006_ses-103_task-s7;sub-006_ses-202_task-s7;sub-006_ses-303_task-s7	1044	7	93	sub-006	ses-103	task-s7	1;2;3	7;7;7
9	10	9	10	3	3	trialwise	1056;2841;4602	1056;2841;4602	7;18;29	105;122;115	sub-006_ses-103_task-s7;sub-006_ses-202_task-s7;sub-006_ses-303_task-s7	1056	7	105	sub-006	ses-103	task-s7	1;2;3	7;7;7
10	11	10	11	3	3	trialwise	123;1823;3607	123;1823;3607	1;12;23	124;56;72	sub-006_ses-101_task-s1;sub-006_ses-201_task-s1;sub-006_ses-301_task-s1	123	1	124	sub-006	ses-101	task-s1	1;2;3	1;1;1
11	12	11	12	3	3	trialwise	142;1846;3538	142;1846;3538	1;12;23	143;79;3	sub-006_ses-101_task-s1;sub-006_ses-201_task-s1;sub-006_ses-301_task-s1	142	1	143	sub-006	ses-101	task-s1	1;2;3	1;1;1
12	13	12	13	3	3	trialwise	808;2653;4431	808;2653;4431	6;17;28	15;92;102	sub-006_ses-103_task-s6;sub-006_ses-202_task-s6;sub-006_ses-303_task-s6	808	6	15	sub-006	ses-103	task-s6	1;2;3	6;6;6
13	14	13	14	3	3	trialwise	343;2176;3901	343;2176;3901	3;14;25	26;91;48	sub-006_ses-101_task-s3;sub-006_ses-201_task-s3;sub-006_ses-302_task-s3	343	3	26	sub-006	ses-101	task-s3	1;2;3	3;3;3
14	15	14	15	3	3	trialwise	1158;3029;4718	1158;3029;4718	8;19;30	49;152;73	sub-006_ses-103_task-s8;sub-006_ses-202_task-s8;sub-006_ses-304_task-s8	1158	8	49	sub-006	ses-103	task-s8	1;2;3	8;8;8
15	16	15	16	3	3	trialwise	773;2510;4240	773;2510;4240	5;16;27	138;107;69	sub-006_ses-102_task-s5;sub-006_ses-202_task-s5;sub-006_ses-303_task-s5	773	5	138	sub-006	ses-102	task-s5	1;2;3	5;5;5
16	17	16	17	3	3	trialwise	437;2183;3886	437;2183;3886	3;14;25	120;98;33	sub-006_ses-101_task-s3;sub-006_ses-201_task-s3;sub-006_ses-302_task-s3	437	3	120	sub-006	ses-101	task-s3	1;2;3	3;3;3
17	18	17	18	3	3	trialwise	1215;2907;4791	1215;2907;4791	8;19;30	106;30;146	sub-006_ses-103_task-s8;sub-006_ses-202_task-s8;sub-006_ses-304_task-s8	1215	8	106	sub-006	ses-103	task-s8	1;2;3	8;8;8
18	19	18	19	3	3	trialwise	882;2564;4392	882;2564;4392	6;17;28	89;3;63	sub-006_ses-103_task-s6;sub-006_ses-202_task-s6;sub-006_ses-303_task-s6	882	6	89	sub-006	ses-103	task-s6	1;2;3	6;6;6
19	20	19	20	3	3	trialwise	894;2589;4368	894;2589;4368	6;17;28	101;28;39	sub-006_ses-103_task-s6;sub-006_ses-202_task-s6;sub-006_ses-303_task-s6	894	6	101	sub-006	ses-103	task-s6	1;2;3	6;6;6
20	21	20	21	3	3	trialwise	390;2091;3926	390;2091;3926	3;14;25	73;6;73	sub-006_ses-101_task-s3;sub-006_ses-201_task-s3;sub-006_ses-302_task-s3	390	3	73	sub-006	ses-101	task-s3	1;2;3	3;3;3
21	22	21	22	3	3	trialwise	729;2514;4238	729;2514;4238	5;16;27	94;111;67	sub-006_ses-102_task-s5;sub-006_ses-202_task-s5;sub-006_ses-303_task-s5	729	5	94	sub-006	ses-102	task-s5	1;2;3	5;5;5
22	23	22	23	3	3	trialwise	751;2492;4220	751;2492;4220	5;16;27	116;89;49	sub-006_ses-102_task-s5;sub-006_ses-202_task-s5;sub-006_ses-303_task-s5	751	5	116	sub-006	ses-102	task-s5	1;2;3	5;5;5
23	24	23	24	3	3	trialwise	222;2024;3749	222;2024;3749	2;13;24	64;98;55	sub-006_ses-101_task-s2;sub-006_ses-201_task-s2;sub-006_ses-302_task-s2	222	2	64	sub-006	ses-101	task-s2	1;2;3	2;2;2
24	25	24	25	3	3	trialwise	17;1871;3641	17;1871;3641	1;12;23	18;104;106	sub-006_ses-101_task-s1;sub-006_ses-201_task-s1;sub-006_ses-301_task-s1	17	1	18	sub-006	ses-101	task-s1	1;2;3	1;1;1
25	26	25	26	3	3	trialwise	305;2018;3834	305;2018;3834	2;13;24	147;92;140	sub-006_ses-101_task-s2;sub-006_ses-201_task-s2;sub-006_ses-302_task-s2	305	2	147	sub-006	ses-101	task-s2	1;2;3	2;2;2
26	27	26	27	3	3	trialwise	1029;2739;4543	1029;2739;4543	7;18;29	78;20;56	sub-006_ses-103_task-s7;sub-006_ses-202_task-s7;sub-006_ses-303_task-s7	1029	7	78	sub-006	ses-103	task-s7	1;2;3	7;7;7
27	28	27	28	3	3	trialwise	344;2128;3942	344;2128;3942	3;14;25	27;43;89	sub-006_ses-101_task-s3;sub-006_ses-201_task-s3;sub-006_ses-302_task-s3	344	3	27	sub-006	ses-101	task-s3	1;2;3	3;3;3
28	29	28	29	3	3	trialwise	510;2250;4016	510;2250;4016	4;15;26	34;6;4	sub-006_ses-102_task-s4;sub-006_ses-201_task-s4;sub-006_ses-302_task-s4	510	4	34	sub-006	ses-102	task-s4	1;2;3	4;4;4
29	30	29	30	3	3	trialwise	762;2459;4236	762;2459;4236	5;16;27	127;56;65	sub-006_ses-102_task-s5;sub-006_ses-202_task-s5;sub-006_ses-303_task-s5	762	5	127	sub-006	ses-102	task-s5	1;2;3	5;5;5
30	31	30	31	3	3	trialwise	180;2058;3837	180;2058;3837	2;13;24	22;132;143	sub-006_ses-101_task-s2;sub-006_ses-201_task-s2;sub-006_ses-302_task-s2	180	2	22	sub-006	ses-101	task-s2	1;2;3	2;2;2
31	32	31	32	3	3	trialwise	998;2832;4492	998;2832;4492	7;18;29	47;113;5	sub-006_ses-103_task-s7;sub-006_ses-202_task-s7;sub-006_ses-303_task-s7	998	7	47	sub-006	ses-103	task-s7	1;2;3	7;7;7
32	33	32	33	3	3	trialwise	1093;2722;4515	1093;2722;4515	7;18;29	142;3;28	sub-006_ses-103_task-s7;sub-006_ses-202_task-s7;sub-006_ses-303_task-s7	1093	7	142	sub-006	ses-103	task-s7	1;2;3	7;7;7
33	34	33	34	3	3	trialwise	970;2844;4624	970;2844;4624	7;18;29	19;125;137	sub-006_ses-103_task-s7;sub-006_ses-202_task-s7;sub-006_ses-303_task-s7	970	7	19	sub-006	ses-103	task-s7	1;2;3	7;7;7
34	35	34	35	3	3	trialwise	727;2480;4261	727;2480;4261	5;16;27	92;77;90	sub-006_ses-102_task-s5;sub-006_ses-202_task-s5;sub-006_ses-303_task-s5	727	5	92	sub-006	ses-102	task-s5	1;2;3	5;5;5
35	36	35	36	3	3	trialwise	622;2371;4117	622;2371;4117	4;15;26	146;127;105	sub-006_ses-102_task-s4;sub-006_ses-201_task-s4;sub-006_ses-302_task-s4	622	4	146	sub-006	ses-102	task-s4	1;2;3	4;4;4
36	37	36	37	3	3	trialwise	178;2033;3849	178;2033;3849	2;13;24	20;107;155	sub-006_ses-101_task-s2;sub-006_ses-201_task-s2;sub-006_ses-302_task-s2	178	2	20	sub-006	ses-101	task-s2	1;2;3	2;2;2
37	38	37	38	3	3	trialwise	1150;2878;4664	1150;2878;4664	8;19;30	41;1;19	sub-006_ses-103_task-s8;sub-006_ses-202_task-s8;sub-006_ses-304_task-s8	1150	8	41	sub-006	ses-103	task-s8	1;2;3	8;8;8
38	39	38	39	3	3	trialwise	859;2579;4382	859;2579;4382	6;17;28	66;18;53	sub-006_ses-103_task-s6;sub-006_ses-202_task-s6;sub-006_ses-303_task-s6	859	6	66	sub-006	ses-103	task-s6	1;2;3	6;6;6
39	40	39	40	3	3	trialwise	1141;2921;4727	1141;2921;4727	8;19;30	32;44;82	sub-006_ses-103_task-s8;sub-006_ses-202_task-s8;sub-006_ses-304_task-s8	1141	8	32	sub-006	ses-103	task-s8	1;2;3	8;8;8
40	41	40	41	3	3	trialwise	1246;2984;4684	1246;2984;4684	8;19;30	137;107;39	sub-006_ses-103_task-s8;sub-006_ses-202_task-s8;sub-006_ses-304_task-s8	1246	8	137	sub-006	ses-103	task-s8	1;2;3	8;8;8
41	42	41	42	3	3	trialwise	387;2202;3993	387;2202;3993	3;14;25	70;117;140	sub-006_ses-101_task-s3;sub-006_ses-201_task-s3;sub-006_ses-302_task-s3	387	3	70	sub-006	ses-101	task-s3	1;2;3	3;3;3
42	43	42	43	3	3	trialwise	88;1879;3596	88;1879;3596	1;12;23	89;112;61	sub-006_ses-101_task-s1;sub-006_ses-201_task-s1;sub-006_ses-301_task-s1	88	1	89	sub-006	ses-101	task-s1	1;2;3	1;1;1
43	44	43	44	3	3	trialwise	237;2081;3747	237;2081;3747	2;13;24	79;155;53	sub-006_ses-101_task-s2;sub-006_ses-201_task-s2;sub-006_ses-302_task-s2	237	2	79	sub-006	ses-101	task-s2	1;2;3	2;2;2
44	45	44	45	3	3	trialwise	398;2244;3990	398;2244;3990	3;14;25	81;159;137	sub-006_ses-101_task-s3;sub-006_ses-201_task-s3;sub-006_ses-302_task-s3	398	3	81	sub-006	ses-101	task-s3	1;2;3	3;3;3
45	46	45	46	3	3	trialwise	292;2031;3852	292;2031;3852	2;13;24	134;105;158	sub-006_ses-101_task-s2;sub-006_ses-201_task-s2;sub-006_ses-302_task-s2	292	2	134	sub-006	ses-101	task-s2	1;2;3	2;2;2
46	47	46	47	3	3	trialwise	1200;2983;4704	1200;2983;4704	8;19;30	91;106;59	sub-006_ses-103_task-s8;sub-006_ses-202_task-s8;sub-006_ses-304_task-s8	1200	8	91	sub-006	ses-103	task-s8	1;2;3	8;8;8
47	48	47	48	3	3	trialwise	105;1870;3649	105;1870;3649	1;12;23	106;103;114	sub-006_ses-101_task-s1;sub-006_ses-201_task-s1;sub-006_ses-301_task-s1	105	1	106	sub-006	ses-101	task-s1	1;2;3	1;1;1
48	49	48	49	3	3	trialwise	132;1872;3627	132;1872;3627	1;12;23	133;105;92	sub-006_ses-101_task-s1;sub-006_ses-201_task-s1;sub-006_ses-301_task-s1	132	1	133	sub-006	ses-101	task-s1	1;2;3	1;1;1
49	50	49	50	3	3	trialwise	224;1950;3714	224;1950;3714	2;13;24	66;24;20	sub-006_ses-101_task-s2;sub-006_ses-201_task-s2;sub-006_ses-302_task-s2	224	2	66	sub-006	ses-101	task-s2	1;2;3	2;2;2
50	51	50	51	3	3	trialwise	357;2216;4005	357;2216;4005	3;14;25	40;131;152	sub-006_ses-101_task-s3;sub-006_ses-201_task-s3;sub-006_ses-302_task-s3	357	3	40	sub-006	ses-101	task-s3	1;2;3	3;3;3
51	52	51	52	3	3	trialwise	422;2185;3912	422;2185;3912	3;14;25	105;100;59	sub-006_ses-101_task-s3;sub-006_ses-201_task-s3;sub-006_ses-302_task-s3	422	3	105	sub-006	ses-101	task-s3	1;2;3	3;3;3
52	53	52	53	3	3	trialwise	845;2613;4374	845;2613;4374	6;17;28	52;52;45	sub-006_ses-103_task-s6;sub-006_ses-202_task-s6;sub-006_ses-303_task-s6	845	6	52	sub-006	ses-103	task-s6	1;2;3	6;6;6
53	54	53	54	3	3	trialwise	1202;2976;4775	1202;2976;4775	8;19;30	93;99;130	sub-006_ses-103_task-s8;sub-006_ses-202_task-s8;sub-006_ses-304_task-s8	1202	8	93	sub-006	ses-103	task-s8	1;2;3	8;8;8
54	55	54	55	3	3	trialwise	1106;2799;4514	1106;2799;4514	7;18;29	155;80;27	sub-006_ses-103_task-s7;sub-006_ses-202_task-s7;sub-006_ses-303_task-s7	1106	7	155	sub-006	ses-103	task-s7	1;2;3	7;7;7
55	56	55	56	3	3	trialwise	718;2535;4266	718;2535;4266	5;16;27	83;132;95	sub-006_ses-102_task-s5;sub-006_ses-202_task-s5;sub-006_ses-303_task-s5	718	5	83	sub-006	ses-102	task-s5	1;2;3	5;5;5
56	57	56	57	3	3	trialwise	669;2419;4183	669;2419;4183	5;16;27	34;16;12	sub-006_ses-102_task-s5;sub-006_ses-202_task-s5;sub-006_ses-303_task-s5	669	5	34	sub-006	ses-102	task-s5	1;2;3	5;5;5
57	58	57	58	3	3	trialwise	903;2686;4341	903;2686;4341	6;17;28	110;125;12	sub-006_ses-103_task-s6;sub-006_ses-202_task-s6;sub-006_ses-303_task-s6	903	6	110	sub-006	ses-103	task-s6	1;2;3	6;6;6
58	59	58	59	3	3	trialwise	991;2791;4510	991;2791;4510	7;18;29	40;72;23	sub-006_ses-103_task-s7;sub-006_ses-202_task-s7;sub-006_ses-303_task-s7	991	7	40	sub-006	ses-103	task-s7	1;2;3	7;7;7
59	60	59	60	3	3	trialwise	1067;2811;4536	1067;2811;4536	7;18;29	116;92;49	sub-006_ses-103_task-s7;sub-006_ses-202_task-s7;sub-006_ses-303_task-s7	1067	7	116	sub-006	ses-103	task-s7	1;2;3	7;7;7
60	61	60	61	2	2	trialwise	1778;3678	1778;3678	12;23	11;143	sub-006_ses-201_task-s1;sub-006_ses-301_task-s1	1778	12	11	sub-006	ses-201	task-s1	2;3	1;1
61	62	61	62	3	3	trialwise	1088;2835;4600	1088;2835;4600	7;18;29	137;116;113	sub-006_ses-103_task-s7;sub-006_ses-202_task-s7;sub-006_ses-303_task-s7	1088	7	137	sub-006	ses-103	task-s7	1;2;3	7;7;7
62	63	62	63	3	3	trialwise	325;2154;3983	325;2154;3983	3;14;25	8;69;130	sub-006_ses-101_task-s3;sub-006_ses-201_task-s3;sub-006_ses-302_task-s3	325	3	8	sub-006	ses-101	task-s3	1;2;3	3;3;3
63	64	63	64	3	3	trialwise	584;2402;4124	584;2402;4124	4;15;26	108;158;112	sub-006_ses-102_task-s4;sub-006_ses-201_task-s4;sub-006_ses-302_task-s4	584	4	108	sub-006	ses-102	task-s4	1;2;3	4;4;4
64	65	64	65	3	3	trialwise	703;2551;4180	703;2551;4180	5;16;27	68;148;9	sub-006_ses-102_task-s5;sub-006_ses-202_task-s5;sub-006_ses-303_task-s5	703	5	68	sub-006	ses-102	task-s5	1;2;3	5;5;5
65	66	65	66	3	3	trialwise	1224;2995;4742	1224;2995;4742	8;19;30	115;118;97	sub-006_ses-103_task-s8;sub-006_ses-202_task-s8;sub-006_ses-304_task-s8	1224	8	115	sub-006	ses-103	task-s8	1;2;3	8;8;8
66	67	66	67	3	3	trialwise	501;2269;4032	501;2269;4032	4;15;26	25;25;20	sub-006_ses-102_task-s4;sub-006_ses-201_task-s4;sub-006_ses-302_task-s4	501	4	25	sub-006	ses-102	task-s4	1;2;3	4;4;4
67	68	67	68	3	3	trialwise	880;2598;4474	880;2598;4474	6;17;28	87;37;145	sub-006_ses-103_task-s6;sub-006_ses-202_task-s6;sub-006_ses-303_task-s6	880	6	87	sub-006	ses-103	task-s6	1;2;3	6;6;6
68	69	68	69	3	3	trialwise	589;2364;4126	589;2364;4126	4;15;26	113;120;114	sub-006_ses-102_task-s4;sub-006_ses-201_task-s4;sub-006_ses-302_task-s4	589	4	113	sub-006	ses-102	task-s4	1;2;3	4;4;4
69	70	69	70	3	3	trialwise	699;2547;4307	699;2547;4307	5;16;27	64;144;136	sub-006_ses-102_task-s5;sub-006_ses-202_task-s5;sub-006_ses-303_task-s5	699	5	64	sub-006	ses-102	task-s5	1;2;3	5;5;5
70	71	70	71	3	3	trialwise	863;2666;4471	863;2666;4471	6;17;28	70;105;142	sub-006_ses-103_task-s6;sub-006_ses-202_task-s6;sub-006_ses-303_task-s6	863	6	70	sub-006	ses-103	task-s6	1;2;3	6;6;6
71	72	71	72	3	3	trialwise	211;1969;3796	211;1969;3796	2;13;24	53;43;102	sub-006_ses-101_task-s2;sub-006_ses-201_task-s2;sub-006_ses-302_task-s2	211	2	53	sub-006	ses-101	task-s2	1;2;3	2;2;2
72	73	72	73	3	3	trialwise	776;2424;4290	776;2424;4290	5;16;27	141;21;119	sub-006_ses-102_task-s5;sub-006_ses-202_task-s5;sub-006_ses-303_task-s5	776	5	141	sub-006	ses-102	task-s5	1;2;3	5;5;5
73	74	73	74	3	3	trialwise	232;1981;3848	232;1981;3848	2;13;24	74;55;154	sub-006_ses-101_task-s2;sub-006_ses-201_task-s2;sub-006_ses-302_task-s2	232	2	74	sub-006	ses-101	task-s2	1;2;3	2;2;2
74	75	74	75	3	3	trialwise	428;2178;3909	428;2178;3909	3;14;25	111;93;56	sub-006_ses-101_task-s3;sub-006_ses-201_task-s3;sub-006_ses-302_task-s3	428	3	111	sub-006	ses-101	task-s3	1;2;3	3;3;3
75	76	75	76	3	3	trialwise	68;1888;3620	68;1888;3620	1;12;23	69;121;85	sub-006_ses-101_task-s1;sub-006_ses-201_task-s1;sub-006_ses-301_task-s1	68	1	69	sub-006	ses-101	task-s1	1;2;3	1;1;1
76	77	76	77	3	3	trialwise	701;2522;4192	701;2522;4192	5;16;27	66;119;21	sub-006_ses-102_task-s5;sub-006_ses-202_task-s5;sub-006_ses-303_task-s5	701	5	66	sub-006	ses-102	task-s5	1;2;3	5;5;5
77	78	77	78	3	3	trialwise	420;2187;3994	420;2187;3994	3;14;25	103;102;141	sub-006_ses-101_task-s3;sub-006_ses-201_task-s3;sub-006_ses-302_task-s3	420	3	103	sub-006	ses-101	task-s3	1;2;3	3;3;3
78	79	78	79	3	3	trialwise	23;1769;3644	23;1769;3644	1;12;23	24;2;109	sub-006_ses-101_task-s1;sub-006_ses-201_task-s1;sub-006_ses-301_task-s1	23	1	24	sub-006	ses-101	task-s1	1;2;3	1;1;1
79	80	79	80	3	3	trialwise	170;1944;3772	170;1944;3772	2;13;24	12;18;78	sub-006_ses-101_task-s2;sub-006_ses-201_task-s2;sub-006_ses-302_task-s2	170	2	12	sub-006	ses-101	task-s2	1;2;3	2;2;2
80	81	80	81	3	3	trialwise	1181;2901;4686	1181;2901;4686	8;19;30	72;24;41	sub-006_ses-103_task-s8;sub-006_ses-202_task-s8;sub-006_ses-304_task-s8	1181	8	72	sub-006	ses-103	task-s8	1;2;3	8;8;8
81	82	81	82	3	3	trialwise	661;2464;4234	661;2464;4234	5;16;27	26;61;63	sub-006_ses-102_task-s5;sub-006_ses-202_task-s5;sub-006_ses-303_task-s5	661	5	26	sub-006	ses-102	task-s5	1;2;3	5;5;5
82	83	82	83	3	3	trialwise	1170;2879;4666	1170;2879;4666	8;19;30	61;2;21	sub-006_ses-103_task-s8;sub-006_ses-202_task-s8;sub-006_ses-304_task-s8	1170	8	61	sub-006	ses-103	task-s8	1;2;3	8;8;8
83	84	83	84	3	3	trialwise	1008;2809;4556	1008;2809;4556	7;18;29	57;90;69	sub-006_ses-103_task-s7;sub-006_ses-202_task-s7;sub-006_ses-303_task-s7	1008	7	57	sub-006	ses-103	task-s7	1;2;3	7;7;7
84	85	84	85	3	3	trialwise	339;2116;3897	339;2116;3897	3;14;25	22;31;44	sub-006_ses-101_task-s3;sub-006_ses-201_task-s3;sub-006_ses-302_task-s3	339	3	22	sub-006	ses-101	task-s3	1;2;3	3;3;3
85	86	85	86	2	2	trialwise	1805;3655	1805;3655	12;23	38;120	sub-006_ses-201_task-s1;sub-006_ses-301_task-s1	1805	12	38	sub-006	ses-201	task-s1	2;3	1;1
86	87	86	87	3	3	trialwise	925;2620;4387	925;2620;4387	6;17;28	132;59;58	sub-006_ses-103_task-s6;sub-006_ses-202_task-s6;sub-006_ses-303_task-s6	925	6	132	sub-006	ses-103	task-s6	1;2;3	6;6;6
87	88	87	88	3	3	trialwise	695;2458;4257	695;2458;4257	5;16;27	60;55;86	sub-006_ses-102_task-s5;sub-006_ses-202_task-s5;sub-006_ses-303_task-s5	695	5	60	sub-006	ses-102	task-s5	1;2;3	5;5;5
88	89	88	89	3	3	trialwise	1103;2750;4587	1103;2750;4587	7;18;29	152;31;100	sub-006_ses-103_task-s7;sub-006_ses-202_task-s7;sub-006_ses-303_task-s7	1103	7	152	sub-006	ses-103	task-s7	1;2;3	7;7;7
89	90	89	90	3	3	trialwise	1126;2928;4690	1126;2928;4690	8;19;30	17;51;45	sub-006_ses-103_task-s8;sub-006_ses-202_task-s8;sub-006_ses-304_task-s8	1126	8	17	sub-006	ses-103	task-s8	1;2;3	8;8;8
90	91	90	91	3	3	trialwise	804;2603;4337	804;2603;4337	6;17;28	11;42;8	sub-006_ses-103_task-s6;sub-006_ses-202_task-s6;sub-006_ses-303_task-s6	804	6	11	sub-006	ses-103	task-s6	1;2;3	6;6;6
91	92	91	92	3	3	trialwise	857;2595;4334	857;2595;4334	6;17;28	64;34;5	sub-006_ses-103_task-s6;sub-006_ses-202_task-s6;sub-006_ses-303_task-s6	857	6	64	sub-006	ses-103	task-s6	1;2;3	6;6;6
92	93	92	93	3	3	trialwise	440;2236;3941	440;2236;3941	3;14;25	123;151;88	sub-006_ses-101_task-s3;sub-006_ses-201_task-s3;sub-006_ses-302_task-s3	440	3	123	sub-006	ses-101	task-s3	1;2;3	3;3;3
93	94	93	94	3	3	trialwise	144;1845;3610	144;1845;3610	1;12;23	145;78;75	sub-006_ses-101_task-s1;sub-006_ses-201_task-s1;sub-006_ses-301_task-s1	144	1	145	sub-006	ses-101	task-s1	1;2;3	1;1;1
94	95	94	95	3	3	trialwise	201;2042;3814	201;2042;3814	2;13;24	43;116;120	sub-006_ses-101_task-s2;sub-006_ses-201_task-s2;sub-006_ses-302_task-s2	201	2	43	sub-006	ses-101	task-s2	1;2;3	2;2;2
95	96	95	96	3	3	trialwise	185;1958;3717	185;1958;3717	2;13;24	27;32;23	sub-006_ses-101_task-s2;sub-006_ses-201_task-s2;sub-006_ses-302_task-s2	185	2	27	sub-006	ses-101	task-s2	1;2;3	2;2;2
96	97	96	97	3	3	trialwise	674;2407;4226	674;2407;4226	5;16;27	39;4;55	sub-006_ses-102_task-s5;sub-006_ses-202_task-s5;sub-006_ses-303_task-s5	674	5	39	sub-006	ses-102	task-s5	1;2;3	5;5;5
97	98	97	98	3	3	trialwise	914;2592;4390	914;2592;4390	6;17;28	121;31;61	sub-006_ses-103_task-s6;sub-006_ses-202_task-s6;sub-006_ses-303_task-s6	914	6	121	sub-006	ses-103	task-s6	1;2;3	6;6;6
98	99	98	99	3	3	trialwise	717;2450;4288	717;2450;4288	5;16;27	82;47;117	sub-006_ses-102_task-s5;sub-006_ses-202_task-s5;sub-006_ses-303_task-s5	717	5	82	sub-006	ses-102	task-s5	1;2;3	5;5;5
99	100	99	100	3	3	trialwise	493;2346;4147	493;2346;4147	4;15;26	17;102;135	sub-006_ses-102_task-s4;sub-006_ses-201_task-s4;sub-006_ses-302_task-s4	493	4	17	sub-006	ses-102	task-s4	1;2;3	4;4;4
100	101	100	101	3	3	trialwise	504;2314;4158	504;2314;4158	4;15;26	28;70;146	sub-006_ses-102_task-s4;sub-006_ses-201_task-s4;sub-006_ses-302_task-s4	504	4	28	sub-006	ses-102	task-s4	1;2;3	4;4;4
101	102	101	102	3	3	trialwise	513;2287;4095	513;2287;4095	4;15;26	37;43;83	sub-006_ses-102_task-s4;sub-006_ses-201_task-s4;sub-006_ses-302_task-s4	513	4	37	sub-006	ses-102	task-s4	1;2;3	4;4;4
102	103	102	103	3	3	trialwise	455;2186;4006	455;2186;4006	3;14;25	138;101;153	sub-006_ses-101_task-s3;sub-006_ses-201_task-s3;sub-006_ses-302_task-s3	455	3	138	sub-006	ses-101	task-s3	1;2;3	3;3;3
103	104	103	104	3	3	trialwise	769;2476;4215	769;2476;4215	5;16;27	134;73;44	sub-006_ses-102_task-s5;sub-006_ses-202_task-s5;sub-006_ses-303_task-s5	769	5	134	sub-006	ses-102	task-s5	1;2;3	5;5;5
104	105	104	105	3	3	trialwise	410;2207;3864	410;2207;3864	3;14;25	93;122;11	sub-006_ses-101_task-s3;sub-006_ses-201_task-s3;sub-006_ses-302_task-s3	410	3	93	sub-006	ses-101	task-s3	1;2;3	3;3;3
105	106	105	106	3	3	trialwise	793;2554;4268	793;2554;4268	5;16;27	158;151;97	sub-006_ses-102_task-s5;sub-006_ses-202_task-s5;sub-006_ses-303_task-s5	793	5	158	sub-006	ses-102	task-s5	1;2;3	5;5;5
106	107	106	107	3	3	trialwise	853;2660;4440	853;2660;4440	6;17;28	60;99;111	sub-006_ses-103_task-s6;sub-006_ses-202_task-s6;sub-006_ses-303_task-s6	853	6	60	sub-006	ses-103	task-s6	1;2;3	6;6;6
107	108	107	108	3	3	trialwise	162;2011;3835	162;2011;3835	2;13;24	4;85;141	sub-006_ses-101_task-s2;sub-006_ses-201_task-s2;sub-006_ses-302_task-s2	162	2	4	sub-006	ses-101	task-s2	1;2;3	2;2;2
108	109	108	109	3	3	trialwise	1037;2789;4598	1037;2789;4598	7;18;29	86;70;111	sub-006_ses-103_task-s7;sub-006_ses-202_task-s7;sub-006_ses-303_task-s7	1037	7	86	sub-006	ses-103	task-s7	1;2;3	7;7;7
109	110	109	110	3	3	trialwise	262;1952;3698	262;1952;3698	2;13;24	104;26;4	sub-006_ses-101_task-s2;sub-006_ses-201_task-s2;sub-006_ses-302_task-s2	262	2	104	sub-006	ses-101	task-s2	1;2;3	2;2;2
110	111	110	111	3	3	trialwise	958;2776;4595	958;2776;4595	7;18;29	7;57;108	sub-006_ses-103_task-s7;sub-006_ses-202_task-s7;sub-006_ses-303_task-s7	958	7	7	sub-006	ses-103	task-s7	1;2;3	7;7;7
111	112	111	112	3	3	trialwise	1034;2790;4498	1034;2790;4498	7;18;29	83;71;11	sub-006_ses-103_task-s7;sub-006_ses-202_task-s7;sub-006_ses-303_task-s7	1034	7	83	sub-006	ses-103	task-s7	1;2;3	7;7;7
112	113	112	113	3	3	trialwise	921;2706;4381	921;2706;4381	6;17;28	128;145;52	sub-006_ses-103_task-s6;sub-006_ses-202_task-s6;sub-006_ses-303_task-s6	921	6	128	sub-006	ses-103	task-s6	1;2;3	6;6;6
113	114	113	114	3	3	trialwise	735;2455;4277	735;2455;4277	5;16;27	100;52;106	sub-006_ses-102_task-s5;sub-006_ses-202_task-s5;sub-006_ses-303_task-s5	735	5	100	sub-006	ses-102	task-s5	1;2;3	5;5;5
114	115	114	115	3	3	trialwise	1085;2728;4541	1085;2728;4541	7;18;29	134;9;54	sub-006_ses-103_task-s7;sub-006_ses-202_task-s7;sub-006_ses-303_task-s7	1085	7	134	sub-006	ses-103	task-s7	1;2;3	7;7;7
115	116	115	116	3	3	trialwise	803;2656;4479	803;2656;4479	6;17;28	10;95;150	sub-006_ses-103_task-s6;sub-006_ses-202_task-s6;sub-006_ses-303_task-s6	803	6	10	sub-006	ses-103	task-s6	1;2;3	6;6;6
116	117	116	117	3	3	trialwise	538;2387;4084	538;2387;4084	4;15;26	62;143;72	sub-006_ses-102_task-s4;sub-006_ses-201_task-s4;sub-006_ses-302_task-s4	538	4	62	sub-006	ses-102	task-s4	1;2;3	4;4;4
117	118	117	118	3	3	trialwise	509;2291;4119	509;2291;4119	4;15;26	33;47;107	sub-006_ses-102_task-s4;sub-006_ses-201_task-s4;sub-006_ses-302_task-s4	509	4	33	sub-006	ses-102	task-s4	1;2;3	4;4;4
118	119	118	119	3	3	trialwise	753;2505;4289	753;2505;4289	5;16;27	118;102;118	sub-006_ses-102_task-s5;sub-006_ses-202_task-s5;sub-006_ses-303_task-s5	753	5	118	sub-006	ses-102	task-s5	1;2;3	5;5;5
119	120	119	120	3	3	trialwise	679;2520;4198	679;2520;4198	5;16;27	44;117;27	sub-006_ses-102_task-s5;sub-006_ses-202_task-s5;sub-006_ses-303_task-s5	679	5	44	sub-006	ses-102	task-s5	1;2;3	5;5;5
120	121	120	121	3	3	trialwise	1212;3006;4683	1212;3006;4683	8;19;30	103;129;38	sub-006_ses-103_task-s8;sub-006_ses-202_task-s8;sub-006_ses-304_task-s8	1212	8	103	sub-006	ses-103	task-s8	1;2;3	8;8;8
121	122	121	122	3	3	trialwise	473;2219;3876	473;2219;3876	3;14;25	156;134;23	sub-006_ses-101_task-s3;sub-006_ses-201_task-s3;sub-006_ses-302_task-s3	473	3	156	sub-006	ses-101	task-s3	1;2;3	3;3;3
122	123	122	123	3	3	trialwise	66;1808;3597	66;1808;3597	1;12;23	67;41;62	sub-006_ses-101_task-s1;sub-006_ses-201_task-s1;sub-006_ses-301_task-s1	66	1	67	sub-006	ses-101	task-s1	1;2;3	1;1;1
123	124	123	124	3	3	trialwise	1080;2784;4572	1080;2784;4572	7;18;29	129;65;85	sub-006_ses-103_task-s7;sub-006_ses-202_task-s7;sub-006_ses-303_task-s7	1080	7	129	sub-006	ses-103	task-s7	1;2;3	7;7;7
124	125	124	125	3	3	trialwise	187;1987;3824	187;1987;3824	2;13;24	29;61;130	sub-006_ses-101_task-s2;sub-006_ses-201_task-s2;sub-006_ses-302_task-s2	187	2	29	sub-006	ses-101	task-s2	1;2;3	2;2;2
125	126	125	126	3	3	trialwise	744;2417;4244	744;2417;4244	5;16;27	109;14;73	sub-006_ses-102_task-s5;sub-006_ses-202_task-s5;sub-006_ses-303_task-s5	744	5	109	sub-006	ses-102	task-s5	1;2;3	5;5;5
126	127	126	127	2	2	trialwise	1837;3584	1837;3584	12;23	70;49	sub-006_ses-201_task-s1;sub-006_ses-301_task-s1	1837	12	70	sub-006	ses-201	task-s1	2;3	1;1
127	128	127	128	3	3	trialwise	21;1776;3692	21;1776;3692	1;12;23	22;9;157	sub-006_ses-101_task-s1;sub-006_ses-201_task-s1;sub-006_ses-301_task-s1	21	1	22	sub-006	ses-101	task-s1	1;2;3	1;1;1
128	129	128	129	3	3	trialwise	59;1868;3633	59;1868;3633	1;12;23	60;101;98	sub-006_ses-101_task-s1;sub-006_ses-201_task-s1;sub-006_ses-301_task-s1	59	1	60	sub-006	ses-101	task-s1	1;2;3	1;1;1
129	130	129	130	3	3	trialwise	876;2694;4451	876;2694;4451	6;17;28	83;133;122	sub-006_ses-103_task-s6;sub-006_ses-202_task-s6;sub-006_ses-303_task-s6	876	6	83	sub-006	ses-103	task-s6	1;2;3	6;6;6
130	131	130	131	3	3	trialwise	192;1927;3793	192;1927;3793	2;13;24	34;1;99	sub-006_ses-101_task-s2;sub-006_ses-201_task-s2;sub-006_ses-302_task-s2	192	2	34	sub-006	ses-101	task-s2	1;2;3	2;2;2
131	132	131	132	3	3	trialwise	810;2667;4412	810;2667;4412	6;17;28	17;106;83	sub-006_ses-103_task-s6;sub-006_ses-202_task-s6;sub-006_ses-303_task-s6	810	6	17	sub-006	ses-103	task-s6	1;2;3	6;6;6
132	133	132	133	3	3	trialwise	1128;2949;4799	1128;2949;4799	8;19;30	19;72;154	sub-006_ses-103_task-s8;sub-006_ses-202_task-s8;sub-006_ses-304_task-s8	1128	8	19	sub-006	ses-103	task-s8	1;2;3	8;8;8
133	134	133	134	3	3	trialwise	322;2140;3932	322;2140;3932	3;14;25	5;55;79	sub-006_ses-101_task-s3;sub-006_ses-201_task-s3;sub-006_ses-302_task-s3	322	3	5	sub-006	ses-101	task-s3	1;2;3	3;3;3
134	135	134	135	3	3	trialwise	816;2621;4476	816;2621;4476	6;17;28	23;60;147	sub-006_ses-103_task-s6;sub-006_ses-202_task-s6;sub-006_ses-303_task-s6	816	6	23	sub-006	ses-103	task-s6	1;2;3	6;6;6
135	136	135	136	3	3	trialwise	926;2657;4348	926;2657;4348	6;17;28	133;96;19	sub-006_ses-103_task-s6;sub-006_ses-202_task-s6;sub-006_ses-303_task-s6	926	6	133	sub-006	ses-103	task-s6	1;2;3	6;6;6
136	137	136	137	3	3	trialwise	1133;2925;4708	1133;2925;4708	8;19;30	24;48;63	sub-006_ses-103_task-s8;sub-006_ses-202_task-s8;sub-006_ses-304_task-s8	1133	8	24	sub-006	ses-103	task-s8	1;2;3	8;8;8
137	138	137	138	3	3	trialwise	75;1801;3545	75;1801;3545	1;12;23	76;34;10	sub-006_ses-101_task-s1;sub-006_ses-201_task-s1;sub-006_ses-301_task-s1	75	1	76	sub-006	ses-101	task-s1	1;2;3	1;1;1
138	139	138	139	3	3	trialwise	52;1818;3674	52;1818;3674	1;12;23	53;51;139	sub-006_ses-101_task-s1;sub-006_ses-201_task-s1;sub-006_ses-301_task-s1	52	1	53	sub-006	ses-101	task-s1	1;2;3	1;1;1
139	140	139	140	3	3	trialwise	818;2708;4388	818;2708;4388	6;17;28	25;147;59	sub-006_ses-103_task-s6;sub-006_ses-202_task-s6;sub-006_ses-303_task-s6	818	6	25	sub-006	ses-103	task-s6	1;2;3	6;6;6
140	141	140	141	3	3	trialwise	848;2570;4347	848;2570;4347	6;17;28	55;9;18	sub-006_ses-103_task-s6;sub-006_ses-202_task-s6;sub-006_ses-303_task-s6	848	6	55	sub-006	ses-103	task-s6	1;2;3	6;6;6
141	142	141	142	3	3	trialwise	1210;2887;4740	1210;2887;4740	8;19;30	101;10;95	sub-006_ses-103_task-s8;sub-006_ses-202_task-s8;sub-006_ses-304_task-s8	1210	8	101	sub-006	ses-103	task-s8	1;2;3	8;8;8
142	143	142	143	3	3	trialwise	963;2821;4571	963;2821;4571	7;18;29	12;102;84	sub-006_ses-103_task-s7;sub-006_ses-202_task-s7;sub-006_ses-303_task-s7	963	7	12	sub-006	ses-103	task-s7	1;2;3	7;7;7
143	144	143	144	3	3	trialwise	294;1975;3780	294;1975;3780	2;13;24	136;49;86	sub-006_ses-101_task-s2;sub-006_ses-201_task-s2;sub-006_ses-302_task-s2	294	2	136	sub-006	ses-101	task-s2	1;2;3	2;2;2
144	145	144	145	3	3	trialwise	754;2493;4260	754;2493;4260	5;16;27	119;90;89	sub-006_ses-102_task-s5;sub-006_ses-202_task-s5;sub-006_ses-303_task-s5	754	5	119	sub-006	ses-102	task-s5	1;2;3	5;5;5
145	146	145	146	3	3	trialwise	654;2511;4232	654;2511;4232	5;16;27	19;108;61	sub-006_ses-102_task-s5;sub-006_ses-202_task-s5;sub-006_ses-303_task-s5	654	5	19	sub-006	ses-102	task-s5	1;2;3	5;5;5
146	147	146	147	3	3	trialwise	1142;2989;4679	1142;2989;4679	8;19;30	33;112;34	sub-006_ses-103_task-s8;sub-006_ses-202_task-s8;sub-006_ses-304_task-s8	1142	8	33	sub-006	ses-103	task-s8	1;2;3	8;8;8
147	148	147	148	3	3	trialwise	444;2177;4007	444;2177;4007	3;14;25	127;92;154	sub-006_ses-101_task-s3;sub-006_ses-201_task-s3;sub-006_ses-302_task-s3	444	3	127	sub-006	ses-101	task-s3	1;2;3	3;3;3
148	149	148	149	3	3	trialwise	454;2225;3920	454;2225;3920	3;14;25	137;140;67	sub-006_ses-101_task-s3;sub-006_ses-201_task-s3;sub-006_ses-302_task-s3	454	3	137	sub-006	ses-101	task-s3	1;2;3	3;3;3
149	150	149	150	3	3	trialwise	54;1896;3624	54;1896;3624	1;12;23	55;129;89	sub-006_ses-101_task-s1;sub-006_ses-201_task-s1;sub-006_ses-301_task-s1	54	1	55	sub-006	ses-101	task-s1	1;2;3	1;1;1
150	151	150	151	3	3	trialwise	605;2272;4114	605;2272;4114	4;15;26	129;28;102	sub-006_ses-102_task-s4;sub-006_ses-201_task-s4;sub-006_ses-302_task-s4	605	4	129	sub-006	ses-102	task-s4	1;2;3	4;4;4
151	152	151	152	3	3	trialwise	598;2325;4149	598;2325;4149	4;15;26	122;81;137	sub-006_ses-102_task-s4;sub-006_ses-201_task-s4;sub-006_ses-302_task-s4	598	4	122	sub-006	ses-102	task-s4	1;2;3	4;4;4
152	153	152	153	3	3	trialwise	283;2016;3792	283;2016;3792	2;13;24	125;90;98	sub-006_ses-101_task-s2;sub-006_ses-201_task-s2;sub-006_ses-302_task-s2	283	2	125	sub-006	ses-101	task-s2	1;2;3	2;2;2
153	154	153	154	3	3	trialwise	160;1960;3728	160;1960;3728	2;13;24	2;34;34	sub-006_ses-101_task-s2;sub-006_ses-201_task-s2;sub-006_ses-302_task-s2	160	2	2	sub-006	ses-101	task-s2	1;2;3	2;2;2
154	155	154	155	3	3	trialwise	586;2321;4081	586;2321;4081	4;15;26	110;77;69	sub-006_ses-102_task-s4;sub-006_ses-201_task-s4;sub-006_ses-302_task-s4	586	4	110	sub-006	ses-102	task-s4	1;2;3	4;4;4
155	156	155	156	3	3	trialwise	76;1923;3572	76;1923;3572	1;12;23	77;156;37	sub-006_ses-101_task-s1;sub-006_ses-201_task-s1;sub-006_ses-301_task-s1	76	1	77	sub-006	ses-101	task-s1	1;2;3	1;1;1
156	157	156	157	3	3	trialwise	342;2138;3972	342;2138;3972	3;14;25	25;53;119	sub-006_ses-101_task-s3;sub-006_ses-201_task-s3;sub-006_ses-302_task-s3	342	3	25	sub-006	ses-101	task-s3	1;2;3	3;3;3
157	158	157	158	3	3	trialwise	261;1985;3743	261;1985;3743	2;13;24	103;59;49	sub-006_ses-101_task-s2;sub-006_ses-201_task-s2;sub-006_ses-302_task-s2	261	2	103	sub-006	ses-101	task-s2	1;2;3	2;2;2
158	159	158	159	3	3	trialwise	1206;2894;4800	1206;2894;4800	8;19;30	97;17;155	sub-006_ses-103_task-s8;sub-006_ses-202_task-s8;sub-006_ses-304_task-s8	1206	8	97	sub-006	ses-103	task-s8	1;2;3	8;8;8
159	160	159	160	3	3	trialwise	898;2569;4402	898;2569;4402	6;17;28	105;8;73	sub-006_ses-103_task-s6;sub-006_ses-202_task-s6;sub-006_ses-303_task-s6	898	6	105	sub-006	ses-103	task-s6	1;2;3	6;6;6
160	161	160	161	3	3	trialwise	314;1947;3734	314;1947;3734	2;13;24	156;21;40	sub-006_ses-101_task-s2;sub-006_ses-201_task-s2;sub-006_ses-302_task-s2	314	2	156	sub-006	ses-101	task-s2	1;2;3	2;2;2
161	162	161	162	3	3	trialwise	656;2502;4323	656;2502;4323	5;16;27	21;99;152	sub-006_ses-102_task-s5;sub-006_ses-202_task-s5;sub-006_ses-303_task-s5	656	5	21	sub-006	ses-102	task-s5	1;2;3	5;5;5
162	163	162	163	3	3	trialwise	416;2145;3949	416;2145;3949	3;14;25	99;60;96	sub-006_ses-101_task-s3;sub-006_ses-201_task-s3;sub-006_ses-302_task-s3	416	3	99	sub-006	ses-101	task-s3	1;2;3	3;3;3
163	164	163	164	3	3	trialwise	1059;2875;4547	1059;2875;4547	7;18;29	108;156;60	sub-006_ses-103_task-s7;sub-006_ses-202_task-s7;sub-006_ses-303_task-s7	1059	7	108	sub-006	ses-103	task-s7	1;2;3	7;7;7
164	165	164	165	3	3	trialwise	278;2057;3775	278;2057;3775	2;13;24	120;131;81	sub-006_ses-101_task-s2;sub-006_ses-201_task-s2;sub-006_ses-302_task-s2	278	2	120	sub-006	ses-101	task-s2	1;2;3	2;2;2
165	166	165	166	3	3	trialwise	1036;2769;4565	1036;2769;4565	7;18;29	85;50;78	sub-006_ses-103_task-s7;sub-006_ses-202_task-s7;sub-006_ses-303_task-s7	1036	7	85	sub-006	ses-103	task-s7	1;2;3	7;7;7
166	167	166	167	3	3	trialwise	267;1928;3722	267;1928;3722	2;13;24	109;2;28	sub-006_ses-101_task-s2;sub-006_ses-201_task-s2;sub-006_ses-302_task-s2	267	2	109	sub-006	ses-101	task-s2	1;2;3	2;2;2
167	168	167	168	2	2	trialwise	1866;3547	1866;3547	12;23	99;12	sub-006_ses-201_task-s1;sub-006_ses-301_task-s1	1866	12	99	sub-006	ses-201	task-s1	2;3	1;1
168	169	168	169	3	3	trialwise	433;2156;3915	433;2156;3915	3;14;25	116;71;62	sub-006_ses-101_task-s3;sub-006_ses-201_task-s3;sub-006_ses-302_task-s3	433	3	116	sub-006	ses-101	task-s3	1;2;3	3;3;3
169	170	169	170	3	3	trialwise	310;2000;3794	310;2000;3794	2;13;24	152;74;100	sub-006_ses-101_task-s2;sub-006_ses-201_task-s2;sub-006_ses-302_task-s2	310	2	152	sub-006	ses-101	task-s2	1;2;3	2;2;2
170	171	170	171	3	3	trialwise	1045;2839;4618	1045;2839;4618	7;18;29	94;120;131	sub-006_ses-103_task-s7;sub-006_ses-202_task-s7;sub-006_ses-303_task-s7	1045	7	94	sub-006	ses-103	task-s7	1;2;3	7;7;7
171	172	171	172	3	3	trialwise	931;2597;4360	931;2597;4360	6;17;28	138;36;31	sub-006_ses-103_task-s6;sub-006_ses-202_task-s6;sub-006_ses-303_task-s6	931	6	138	sub-006	ses-103	task-s6	1;2;3	6;6;6
172	173	172	173	3	3	trialwise	319;2206;3905	319;2206;3905	3;14;25	2;121;52	sub-006_ses-101_task-s3;sub-006_ses-201_task-s3;sub-006_ses-302_task-s3	319	3	2	sub-006	ses-101	task-s3	1;2;3	3;3;3
173	174	173	174	3	3	trialwise	809;2625;4422	809;2625;4422	6;17;28	16;64;93	sub-006_ses-103_task-s6;sub-006_ses-202_task-s6;sub-006_ses-303_task-s6	809	6	16	sub-006	ses-103	task-s6	1;2;3	6;6;6
174	175	174	175	3	3	trialwise	385;2141;3951	385;2141;3951	3;14;25	68;56;98	sub-006_ses-101_task-s3;sub-006_ses-201_task-s3;sub-006_ses-302_task-s3	385	3	68	sub-006	ses-101	task-s3	1;2;3	3;3;3
175	176	175	176	3	3	trialwise	554;2363;4115	554;2363;4115	4;15;26	78;119;103	sub-006_ses-102_task-s4;sub-006_ses-201_task-s4;sub-006_ses-302_task-s4	554	4	78	sub-006	ses-102	task-s4	1;2;3	4;4;4
176	177	176	177	3	3	trialwise	567;2249;4148	567;2249;4148	4;15;26	91;5;136	sub-006_ses-102_task-s4;sub-006_ses-201_task-s4;sub-006_ses-302_task-s4	567	4	91	sub-006	ses-102	task-s4	1;2;3	4;4;4
177	178	177	178	3	3	trialwise	1108;2873;4573	1108;2873;4573	7;18;29	157;154;86	sub-006_ses-103_task-s7;sub-006_ses-202_task-s7;sub-006_ses-303_task-s7	1108	7	157	sub-006	ses-103	task-s7	1;2;3	7;7;7
178	179	178	179	3	3	trialwise	962;2866;4586	962;2866;4586	7;18;29	11;147;99	sub-006_ses-103_task-s7;sub-006_ses-202_task-s7;sub-006_ses-303_task-s7	962	7	11	sub-006	ses-103	task-s7	1;2;3	7;7;7
179	180	179	180	3	3	trialwise	198;2028;3829	198;2028;3829	2;13;24	40;102;135	sub-006_ses-101_task-s2;sub-006_ses-201_task-s2;sub-006_ses-302_task-s2	198	2	40	sub-006	ses-101	task-s2	1;2;3	2;2;2
180	181	180	181	3	3	trialwise	746;2441;4322	746;2441;4322	5;16;27	111;38;151	sub-006_ses-102_task-s5;sub-006_ses-202_task-s5;sub-006_ses-303_task-s5	746	5	111	sub-006	ses-102	task-s5	1;2;3	5;5;5
181	182	181	182	3	3	trialwise	1253;2899;4714	1253;2899;4714	8;19;30	144;22;69	sub-006_ses-103_task-s8;sub-006_ses-202_task-s8;sub-006_ses-304_task-s8	1253	8	144	sub-006	ses-103	task-s8	1;2;3	8;8;8
182	183	182	183	3	3	trialwise	1030;2854;4640	1030;2854;4640	7;18;29	79;135;153	sub-006_ses-103_task-s7;sub-006_ses-202_task-s7;sub-006_ses-303_task-s7	1030	7	79	sub-006	ses-103	task-s7	1;2;3	7;7;7
183	184	183	184	3	3	trialwise	943;2636;4462	943;2636;4462	6;17;28	150;75;133	sub-006_ses-103_task-s6;sub-006_ses-202_task-s6;sub-006_ses-303_task-s6	943	6	150	sub-006	ses-103	task-s6	1;2;3	6;6;6
184	185	184	185	3	3	trialwise	184;1954;3802	184;1954;3802	2;13;24	26;28;108	sub-006_ses-101_task-s2;sub-006_ses-201_task-s2;sub-006_ses-302_task-s2	184	2	26	sub-006	ses-101	task-s2	1;2;3	2;2;2
185	186	185	186	3	3	trialwise	368;2086;3854	368;2086;3854	3;14;25	51;1;1	sub-006_ses-101_task-s3;sub-006_ses-201_task-s3;sub-006_ses-302_task-s3	368	3	51	sub-006	ses-101	task-s3	1;2;3	3;3;3
186	187	186	187	3	3	trialwise	573;2354;4167	573;2354;4167	4;15;26	97;110;155	sub-006_ses-102_task-s4;sub-006_ses-201_task-s4;sub-006_ses-302_task-s4	573	4	97	sub-006	ses-102	task-s4	1;2;3	4;4;4
187	188	187	188	3	3	trialwise	787;2558;4313	787;2558;4313	5;16;27	152;155;142	sub-006_ses-102_task-s5;sub-006_ses-202_task-s5;sub-006_ses-303_task-s5	787	5	152	sub-006	ses-102	task-s5	1;2;3	5;5;5
188	189	188	189	3	3	trialwise	831;2688;4429	831;2688;4429	6;17;28	38;127;100	sub-006_ses-103_task-s6;sub-006_ses-202_task-s6;sub-006_ses-303_task-s6	831	6	38	sub-006	ses-103	task-s6	1;2;3	6;6;6
189	190	189	190	4	4	trialwise	3;133;1822;3614	3;133;1822;3614	1;1;12;23	4;134;55;79	sub-006_ses-101_task-s1;sub-006_ses-101_task-s1;sub-006_ses-201_task-s1;sub-006_ses-301_task-s1	3	1	4	sub-006	ses-101	task-s1	1;1;2;3	1;1;1;1
190	191	190	191	3	3	trialwise	85;1880;3590	85;1880;3590	1;12;23	86;113;55	sub-006_ses-101_task-s1;sub-006_ses-201_task-s1;sub-006_ses-301_task-s1	85	1	86	sub-006	ses-101	task-s1	1;2;3	1;1;1
191	192	191	192	3	3	trialwise	545;2350;4075	545;2350;4075	4;15;26	69;106;63	sub-006_ses-102_task-s4;sub-006_ses-201_task-s4;sub-006_ses-302_task-s4	545	4	69	sub-006	ses-102	task-s4	1;2;3	4;4;4
192	193	192	193	3	3	trialwise	990;2738;4491	990;2738;4491	7;18;29	39;19;4	sub-006_ses-103_task-s7;sub-006_ses-202_task-s7;sub-006_ses-303_task-s7	990	7	39	sub-006	ses-103	task-s7	1;2;3	7;7;7
193	194	193	194	3	3	trialwise	107;1881;3598	107;1881;3598	1;12;23	108;114;63	sub-006_ses-101_task-s1;sub-006_ses-201_task-s1;sub-006_ses-301_task-s1	107	1	108	sub-006	ses-101	task-s1	1;2;3	1;1;1
194	195	194	195	3	3	trialwise	514;2356;4105	514;2356;4105	4;15;26	38;112;93	sub-006_ses-102_task-s4;sub-006_ses-201_task-s4;sub-006_ses-302_task-s4	514	4	38	sub-006	ses-102	task-s4	1;2;3	4;4;4
195	196	195	196	3	3	trialwise	188;2054;3723	188;2054;3723	2;13;24	30;128;29	sub-006_ses-101_task-s2;sub-006_ses-201_task-s2;sub-006_ses-302_task-s2	188	2	30	sub-006	ses-101	task-s2	1;2;3	2;2;2
196	197	196	197	3	3	trialwise	725;2414;4319	725;2414;4319	5;16;27	90;11;148	sub-006_ses-102_task-s5;sub-006_ses-202_task-s5;sub-006_ses-303_task-s5	725	5	90	sub-006	ses-102	task-s5	1;2;3	5;5;5
197	198	197	198	3	3	trialwise	1147;2948;4786	1147;2948;4786	8;19;30	38;71;141	sub-006_ses-103_task-s8;sub-006_ses-202_task-s8;sub-006_ses-304_task-s8	1147	8	38	sub-006	ses-103	task-s8	1;2;3	8;8;8
198	199	198	199	3	3	trialwise	217;2026;3847	217;2026;3847	2;13;24	59;100;153	sub-006_ses-101_task-s2;sub-006_ses-201_task-s2;sub-006_ses-302_task-s2	217	2	59	sub-006	ses-101	task-s2	1;2;3	2;2;2
199	200	199	200	3	3	trialwise	102;1841;3557	102;1841;3557	1;12;23	103;74;22	sub-006_ses-101_task-s1;sub-006_ses-201_task-s1;sub-006_ses-301_task-s1	102	1	103	sub-006	ses-101	task-s1	1;2;3	1;1;1
200	201	200	201	3	3	trialwise	1143;3033;4738	1143;3033;4738	8;19;30	34;156;93	sub-006_ses-103_task-s8;sub-006_ses-202_task-s8;sub-006_ses-304_task-s8	1143	8	34	sub-006	ses-103	task-s8	1;2;3	8;8;8
201	202	201	202	3	3	trialwise	505;2343;4132	505;2343;4132	4;15;26	29;99;120	sub-006_ses-102_task-s4;sub-006_ses-201_task-s4;sub-006_ses-302_task-s4	505	4	29	sub-006	ses-102	task-s4	1;2;3	4;4;4
202	203	202	203	3	3	trialwise	755;2422;4224	755;2422;4224	5;16;27	120;19;53	sub-006_ses-102_task-s5;sub-006_ses-202_task-s5;sub-006_ses-303_task-s5	755	5	120	sub-006	ses-102	task-s5	1;2;3	5;5;5
203	204	203	204	3	3	trialwise	947;2676;4411	947;2676;4411	6;17;28	154;115;82	sub-006_ses-103_task-s6;sub-006_ses-202_task-s6;sub-006_ses-303_task-s6	947	6	154	sub-006	ses-103	task-s6	1;2;3	6;6;6
204	205	204	205	3	3	trialwise	1061;2838;4580	1061;2838;4580	7;18;29	110;119;93	sub-006_ses-103_task-s7;sub-006_ses-202_task-s7;sub-006_ses-303_task-s7	1061	7	110	sub-006	ses-103	task-s7	1;2;3	7;7;7
205	206	205	206	3	3	trialwise	1140;2997;4703	1140;2997;4703	8;19;30	31;120;58	sub-006_ses-103_task-s8;sub-006_ses-202_task-s8;sub-006_ses-304_task-s8	1140	8	31	sub-006	ses-103	task-s8	1;2;3	8;8;8
206	207	206	207	3	3	trialwise	952;2760;4644	952;2760;4644	7;18;29	1;41;157	sub-006_ses-103_task-s7;sub-006_ses-202_task-s7;sub-006_ses-303_task-s7	952	7	1	sub-006	ses-103	task-s7	1;2;3	7;7;7
207	208	207	208	3	3	trialwise	730;2442;4317	730;2442;4317	5;16;27	95;39;146	sub-006_ses-102_task-s5;sub-006_ses-202_task-s5;sub-006_ses-303_task-s5	730	5	95	sub-006	ses-102	task-s5	1;2;3	5;5;5
208	209	208	209	3	3	trialwise	376;2171;3954	376;2171;3954	3;14;25	59;86;101	sub-006_ses-101_task-s3;sub-006_ses-201_task-s3;sub-006_ses-302_task-s3	376	3	59	sub-006	ses-101	task-s3	1;2;3	3;3;3
209	210	209	210	3	3	trialwise	790;2475;4280	790;2475;4280	5;16;27	155;72;109	sub-006_ses-102_task-s5;sub-006_ses-202_task-s5;sub-006_ses-303_task-s5	790	5	155	sub-006	ses-102	task-s5	1;2;3	5;5;5
210	211	210	211	3	3	trialwise	547;2382;4041	547;2382;4041	4;15;26	71;138;29	sub-006_ses-102_task-s4;sub-006_ses-201_task-s4;sub-006_ses-302_task-s4	547	4	71	sub-006	ses-102	task-s4	1;2;3	4;4;4
211	212	211	212	3	3	trialwise	1055;2819;4613	1055;2819;4613	7;18;29	104;100;126	sub-006_ses-103_task-s7;sub-006_ses-202_task-s7;sub-006_ses-303_task-s7	1055	7	104	sub-006	ses-103	task-s7	1;2;3	7;7;7
212	213	212	213	3	3	trialwise	414;2195;3938	414;2195;3938	3;14;25	97;110;85	sub-006_ses-101_task-s3;sub-006_ses-201_task-s3;sub-006_ses-302_task-s3	414	3	97	sub-006	ses-101	task-s3	1;2;3	3;3;3
213	214	213	214	3	3	trialwise	1054;2869;4535	1054;2869;4535	7;18;29	103;150;48	sub-006_ses-103_task-s7;sub-006_ses-202_task-s7;sub-006_ses-303_task-s7	1054	7	103	sub-006	ses-103	task-s7	1;2;3	7;7;7
214	215	214	215	3	3	trialwise	348;2211;3968	348;2211;3968	3;14;25	31;126;115	sub-006_ses-101_task-s3;sub-006_ses-201_task-s3;sub-006_ses-302_task-s3	348	3	31	sub-006	ses-101	task-s3	1;2;3	3;3;3
215	216	215	216	3	3	trialwise	1226;2890;4699	1226;2890;4699	8;19;30	117;13;54	sub-006_ses-103_task-s8;sub-006_ses-202_task-s8;sub-006_ses-304_task-s8	1226	8	117	sub-006	ses-103	task-s8	1;2;3	8;8;8
216	217	216	217	3	3	trialwise	312;2070;3826	312;2070;3826	2;13;24	154;144;132	sub-006_ses-101_task-s2;sub-006_ses-201_task-s2;sub-006_ses-302_task-s2	312	2	154	sub-006	ses-101	task-s2	1;2;3	2;2;2
217	218	217	218	3	3	trialwise	1144;2937;4760	1144;2937;4760	8;19;30	35;60;115	sub-006_ses-103_task-s8;sub-006_ses-202_task-s8;sub-006_ses-304_task-s8	1144	8	35	sub-006	ses-103	task-s8	1;2;3	8;8;8
218	219	218	219	3	3	trialwise	439;2160;3958	439;2160;3958	3;14;25	122;75;105	sub-006_ses-101_task-s3;sub-006_ses-201_task-s3;sub-006_ses-302_task-s3	439	3	122	sub-006	ses-101	task-s3	1;2;3	3;3;3
219	220	219	220	3	3	trialwise	176;2040;3716	176;2040;3716	2;13;24	18;114;22	sub-006_ses-101_task-s2;sub-006_ses-201_task-s2;sub-006_ses-302_task-s2	176	2	18	sub-006	ses-101	task-s2	1;2;3	2;2;2
220	221	220	221	3	3	trialwise	972;2775;4532	972;2775;4532	7;18;29	21;56;45	sub-006_ses-103_task-s7;sub-006_ses-202_task-s7;sub-006_ses-303_task-s7	972	7	21	sub-006	ses-103	task-s7	1;2;3	7;7;7
221	222	221	222	3	3	trialwise	311;1993;3735	311;1993;3735	2;13;24	153;67;41	sub-006_ses-101_task-s2;sub-006_ses-201_task-s2;sub-006_ses-302_task-s2	311	2	153	sub-006	ses-101	task-s2	1;2;3	2;2;2
222	223	222	223	3	3	trialwise	813;2594;4345	813;2594;4345	6;17;28	20;33;16	sub-006_ses-103_task-s6;sub-006_ses-202_task-s6;sub-006_ses-303_task-s6	813	6	20	sub-006	ses-103	task-s6	1;2;3	6;6;6
223	224	223	224	3	3	trialwise	752;2465;4303	752;2465;4303	5;16;27	117;62;132	sub-006_ses-102_task-s5;sub-006_ses-202_task-s5;sub-006_ses-303_task-s5	752	5	117	sub-006	ses-102	task-s5	1;2;3	5;5;5
224	225	224	225	3	3	trialwise	1071;2800;4516	1071;2800;4516	7;18;29	120;81;29	sub-006_ses-103_task-s7;sub-006_ses-202_task-s7;sub-006_ses-303_task-s7	1071	7	120	sub-006	ses-103	task-s7	1;2;3	7;7;7
225	226	225	226	3	3	trialwise	356;2111;3965	356;2111;3965	3;14;25	39;26;112	sub-006_ses-101_task-s3;sub-006_ses-201_task-s3;sub-006_ses-302_task-s3	356	3	39	sub-006	ses-101	task-s3	1;2;3	3;3;3
226	227	226	227	3	3	trialwise	1020;2807;4632	1020;2807;4632	7;18;29	69;88;145	sub-006_ses-103_task-s7;sub-006_ses-202_task-s7;sub-006_ses-303_task-s7	1020	7	69	sub-006	ses-103	task-s7	1;2;3	7;7;7
227	228	227	228	3	3	trialwise	268;2059;3750	268;2059;3750	2;13;24	110;133;56	sub-006_ses-101_task-s2;sub-006_ses-201_task-s2;sub-006_ses-302_task-s2	268	2	110	sub-006	ses-101	task-s2	1;2;3	2;2;2
228	229	228	229	3	3	trialwise	720;2409;4310	720;2409;4310	5;16;27	85;6;139	sub-006_ses-102_task-s5;sub-006_ses-202_task-s5;sub-006_ses-303_task-s5	720	5	85	sub-006	ses-102	task-s5	1;2;3	5;5;5
229	230	229	230	3	3	trialwise	1179;2913;4658	1179;2913;4658	8;19;30	70;36;13	sub-006_ses-103_task-s8;sub-006_ses-202_task-s8;sub-006_ses-304_task-s8	1179	8	70	sub-006	ses-103	task-s8	1;2;3	8;8;8
230	231	230	231	3	3	trialwise	992;2848;4533	992;2848;4533	7;18;29	41;129;46	sub-006_ses-103_task-s7;sub-006_ses-202_task-s7;sub-006_ses-303_task-s7	992	7	41	sub-006	ses-103	task-s7	1;2;3	7;7;7
231	232	231	232	3	3	trialwise	1074;2727;4525	1074;2727;4525	7;18;29	123;8;38	sub-006_ses-103_task-s7;sub-006_ses-202_task-s7;sub-006_ses-303_task-s7	1074	7	123	sub-006	ses-103	task-s7	1;2;3	7;7;7
232	233	232	233	3	3	trialwise	817;2665;4375	817;2665;4375	6;17;28	24;104;46	sub-006_ses-103_task-s6;sub-006_ses-202_task-s6;sub-006_ses-303_task-s6	817	6	24	sub-006	ses-103	task-s6	1;2;3	6;6;6
233	234	233	234	3	3	trialwise	977;2770;4615	977;2770;4615	7;18;29	26;51;128	sub-006_ses-103_task-s7;sub-006_ses-202_task-s7;sub-006_ses-303_task-s7	977	7	26	sub-006	ses-103	task-s7	1;2;3	7;7;7
234	235	234	235	3	3	trialwise	967;2824;4628	967;2824;4628	7;18;29	16;105;141	sub-006_ses-103_task-s7;sub-006_ses-202_task-s7;sub-006_ses-303_task-s7	967	7	16	sub-006	ses-103	task-s7	1;2;3	7;7;7
235	236	235	236	3	3	trialwise	436;2193;3870	436;2193;3870	3;14;25	119;108;17	sub-006_ses-101_task-s3;sub-006_ses-201_task-s3;sub-006_ses-302_task-s3	436	3	119	sub-006	ses-101	task-s3	1;2;3	3;3;3
236	237	236	237	3	3	trialwise	561;2260;4035	561;2260;4035	4;15;26	85;16;23	sub-006_ses-102_task-s4;sub-006_ses-201_task-s4;sub-006_ses-302_task-s4	561	4	85	sub-006	ses-102	task-s4	1;2;3	4;4;4
237	238	237	238	3	3	trialwise	1262;3001;4796	1262;3001;4796	8;19;30	153;124;151	sub-006_ses-103_task-s8;sub-006_ses-202_task-s8;sub-006_ses-304_task-s8	1262	8	153	sub-006	ses-103	task-s8	1;2;3	8;8;8
238	239	238	239	3	3	trialwise	856;2658;4330	856;2658;4330	6;17;28	63;97;1	sub-006_ses-103_task-s6;sub-006_ses-202_task-s6;sub-006_ses-303_task-s6	856	6	63	sub-006	ses-103	task-s6	1;2;3	6;6;6
239	240	239	240	3	3	trialwise	1195;3026;4772	1195;3026;4772	8;19;30	86;149;127	sub-006_ses-103_task-s8;sub-006_ses-202_task-s8;sub-006_ses-304_task-s8	1195	8	86	sub-006	ses-103	task-s8	1;2;3	8;8;8
240	241	240	241	3	3	trialwise	1238;2934;4719	1238;2934;4719	8;19;30	129;57;74	sub-006_ses-103_task-s8;sub-006_ses-202_task-s8;sub-006_ses-304_task-s8	1238	8	129	sub-006	ses-103	task-s8	1;2;3	8;8;8
241	242	241	242	3	3	trialwise	346;2109;3863	346;2109;3863	3;14;25	29;24;10	sub-006_ses-101_task-s3;sub-006_ses-201_task-s3;sub-006_ses-302_task-s3	346	3	29	sub-006	ses-101	task-s3	1;2;3	3;3;3
242	243	242	243	3	3	trialwise	1086;2747;4495	1086;2747;4495	7;18;29	135;28;8	sub-006_ses-103_task-s7;sub-006_ses-202_task-s7;sub-006_ses-303_task-s7	1086	7	135	sub-006	ses-103	task-s7	1;2;3	7;7;7
243	244	243	244	3	3	trialwise	434;2143;3888	434;2143;3888	3;14;25	117;58;35	sub-006_ses-101_task-s3;sub-006_ses-201_task-s3;sub-006_ses-302_task-s3	434	3	117	sub-006	ses-101	task-s3	1;2;3	3;3;3
244	245	244	245	3	3	trialwise	236;1957;3759	236;1957;3759	2;13;24	78;31;65	sub-006_ses-101_task-s2;sub-006_ses-201_task-s2;sub-006_ses-302_task-s2	236	2	78	sub-006	ses-101	task-s2	1;2;3	2;2;2
245	246	245	246	3	3	trialwise	136;1832;3648	136;1832;3648	1;12;23	137;65;113	sub-006_ses-101_task-s1;sub-006_ses-201_task-s1;sub-006_ses-301_task-s1	136	1	137	sub-006	ses-101	task-s1	1;2;3	1;1;1
246	247	246	247	3	3	trialwise	665;2553;4302	665;2553;4302	5;16;27	30;150;131	sub-006_ses-102_task-s5;sub-006_ses-202_task-s5;sub-006_ses-303_task-s5	665	5	30	sub-006	ses-102	task-s5	1;2;3	5;5;5
247	248	247	248	3	3	trialwise	781;2473;4301	781;2473;4301	5;16;27	146;70;130	sub-006_ses-102_task-s5;sub-006_ses-202_task-s5;sub-006_ses-303_task-s5	781	5	146	sub-006	ses-102	task-s5	1;2;3	5;5;5
248	249	248	249	3	3	trialwise	382;2117;3967	382;2117;3967	3;14;25	65;32;114	sub-006_ses-101_task-s3;sub-006_ses-201_task-s3;sub-006_ses-302_task-s3	382	3	65	sub-006	ses-101	task-s3	1;2;3	3;3;3
249	250	249	250	3	3	trialwise	139;1819;3612	139;1819;3612	1;12;23	140;52;77	sub-006_ses-101_task-s1;sub-006_ses-201_task-s1;sub-006_ses-301_task-s1	139	1	140	sub-006	ses-101	task-s1	1;2;3	1;1;1
250	251	250	251	3	3	trialwise	611;2374;4099	611;2374;4099	4;15;26	135;130;87	sub-006_ses-102_task-s4;sub-006_ses-201_task-s4;sub-006_ses-302_task-s4	611	4	135	sub-006	ses-102	task-s4	1;2;3	4;4;4
251	252	251	252	3	3	trialwise	713;2488;4237	713;2488;4237	5;16;27	78;85;66	sub-006_ses-102_task-s5;sub-006_ses-202_task-s5;sub-006_ses-303_task-s5	713	5	78	sub-006	ses-102	task-s5	1;2;3	5;5;5
252	253	252	253	3	3	trialwise	315;2006;3756	315;2006;3756	2;13;24	157;80;62	sub-006_ses-101_task-s2;sub-006_ses-201_task-s2;sub-006_ses-302_task-s2	315	2	157	sub-006	ses-101	task-s2	1;2;3	2;2;2
253	254	253	254	3	3	trialwise	875;2716;4377	875;2716;4377	6;17;28	82;155;48	sub-006_ses-103_task-s6;sub-006_ses-202_task-s6;sub-006_ses-303_task-s6	875	6	82	sub-006	ses-103	task-s6	1;2;3	6;6;6
254	255	254	255	3	3	trialwise	91;1800;3661	91;1800;3661	1;12;23	92;33;126	sub-006_ses-101_task-s1;sub-006_ses-201_task-s1;sub-006_ses-301_task-s1	91	1	92	sub-006	ses-101	task-s1	1;2;3	1;1;1
255	256	255	256	3	3	trialwise	400;2203;3989	400;2203;3989	3;14;25	83;118;136	sub-006_ses-101_task-s3;sub-006_ses-201_task-s3;sub-006_ses-302_task-s3	400	3	83	sub-006	ses-101	task-s3	1;2;3	3;3;3
256	257	256	257	3	3	trialwise	839;2709;4468	839;2709;4468	6;17;28	46;148;139	sub-006_ses-103_task-s6;sub-006_ses-202_task-s6;sub-006_ses-303_task-s6	839	6	46	sub-006	ses-103	task-s6	1;2;3	6;6;6
257	258	257	258	3	3	trialwise	1154;3030;4694	1154;3030;4694	8;19;30	45;153;49	sub-006_ses-103_task-s8;sub-006_ses-202_task-s8;sub-006_ses-304_task-s8	1154	8	45	sub-006	ses-103	task-s8	1;2;3	8;8;8
258	259	258	259	3	3	trialwise	615;2289;4044	615;2289;4044	4;15;26	139;45;32	sub-006_ses-102_task-s4;sub-006_ses-201_task-s4;sub-006_ses-302_task-s4	615	4	139	sub-006	ses-102	task-s4	1;2;3	4;4;4
259	260	259	260	3	3	trialwise	734;2470;4202	734;2470;4202	5;16;27	99;67;31	sub-006_ses-102_task-s5;sub-006_ses-202_task-s5;sub-006_ses-303_task-s5	734	5	99	sub-006	ses-102	task-s5	1;2;3	5;5;5
260	261	260	261	3	3	trialwise	1077;2783;4538	1077;2783;4538	7;18;29	126;64;51	sub-006_ses-103_task-s7;sub-006_ses-202_task-s7;sub-006_ses-303_task-s7	1077	7	126	sub-006	ses-103	task-s7	1;2;3	7;7;7
261	262	261	262	3	3	trialwise	419;2124;3917	419;2124;3917	3;14;25	102;39;64	sub-006_ses-101_task-s3;sub-006_ses-201_task-s3;sub-006_ses-302_task-s3	419	3	102	sub-006	ses-101	task-s3	1;2;3	3;3;3
262	263	262	263	3	3	trialwise	574;2309;4157	574;2309;4157	4;15;26	98;65;145	sub-006_ses-102_task-s4;sub-006_ses-201_task-s4;sub-006_ses-302_task-s4	574	4	98	sub-006	ses-102	task-s4	1;2;3	4;4;4
263	264	263	264	3	3	trialwise	1260;2889;4750	1260;2889;4750	8;19;30	151;12;105	sub-006_ses-103_task-s8;sub-006_ses-202_task-s8;sub-006_ses-304_task-s8	1260	8	151	sub-006	ses-103	task-s8	1;2;3	8;8;8
264	265	264	265	3	3	trialwise	272;1999;3801	272;1999;3801	2;13;24	114;73;107	sub-006_ses-101_task-s2;sub-006_ses-201_task-s2;sub-006_ses-302_task-s2	272	2	114	sub-006	ses-101	task-s2	1;2;3	2;2;2
265	266	265	266	3	3	trialwise	50;1773;3685	50;1773;3685	1;12;23	51;6;150	sub-006_ses-101_task-s1;sub-006_ses-201_task-s1;sub-006_ses-301_task-s1	50	1	51	sub-006	ses-101	task-s1	1;2;3	1;1;1
266	267	266	267	3	3	trialwise	909;2580;4393	909;2580;4393	6;17;28	116;19;64	sub-006_ses-103_task-s6;sub-006_ses-202_task-s6;sub-006_ses-303_task-s6	909	6	116	sub-006	ses-103	task-s6	1;2;3	6;6;6
267	268	267	268	3	3	trialwise	680;2436;4225	680;2436;4225	5;16;27	45;33;54	sub-006_ses-102_task-s5;sub-006_ses-202_task-s5;sub-006_ses-303_task-s5	680	5	45	sub-006	ses-102	task-s5	1;2;3	5;5;5
268	269	268	269	3	3	trialwise	365;2222;3894	365;2222;3894	3;14;25	48;137;41	sub-006_ses-101_task-s3;sub-006_ses-201_task-s3;sub-006_ses-302_task-s3	365	3	48	sub-006	ses-101	task-s3	1;2;3	3;3;3
269	270	269	270	3	3	trialwise	917;2715;4373	917;2715;4373	6;17;28	124;154;44	sub-006_ses-103_task-s6;sub-006_ses-202_task-s6;sub-006_ses-303_task-s6	917	6	124	sub-006	ses-103	task-s6	1;2;3	6;6;6
270	271	270	271	3	3	trialwise	34;1876;3564	34;1876;3564	1;12;23	35;109;29	sub-006_ses-101_task-s1;sub-006_ses-201_task-s1;sub-006_ses-301_task-s1	34	1	35	sub-006	ses-101	task-s1	1;2;3	1;1;1
271	272	271	272	3	3	trialwise	301;2075;3841	301;2075;3841	2;13;24	143;149;147	sub-006_ses-101_task-s2;sub-006_ses-201_task-s2;sub-006_ses-302_task-s2	301	2	143	sub-006	ses-101	task-s2	1;2;3	2;2;2
272	273	272	273	3	3	trialwise	1236;2996;4677	1236;2996;4677	8;19;30	127;119;32	sub-006_ses-103_task-s8;sub-006_ses-202_task-s8;sub-006_ses-304_task-s8	1236	8	127	sub-006	ses-103	task-s8	1;2;3	8;8;8
273	274	273	274	3	3	trialwise	985;2756;4622	985;2756;4622	7;18;29	34;37;135	sub-006_ses-103_task-s7;sub-006_ses-202_task-s7;sub-006_ses-303_task-s7	985	7	34	sub-006	ses-103	task-s7	1;2;3	7;7;7
274	275	274	275	3	3	trialwise	1149;2998;4709	1149;2998;4709	8;19;30	40;121;64	sub-006_ses-103_task-s8;sub-006_ses-202_task-s8;sub-006_ses-304_task-s8	1149	8	40	sub-006	ses-103	task-s8	1;2;3	8;8;8
275	276	275	276	3	3	trialwise	35;1835;3618	35;1835;3618	1;12;23	36;68;83	sub-006_ses-101_task-s1;sub-006_ses-201_task-s1;sub-006_ses-301_task-s1	35	1	36	sub-006	ses-101	task-s1	1;2;3	1;1;1
276	277	276	277	3	3	trialwise	843;2573;4364	843;2573;4364	6;17;28	50;12;35	sub-006_ses-103_task-s6;sub-006_ses-202_task-s6;sub-006_ses-303_task-s6	843	6	50	sub-006	ses-103	task-s6	1;2;3	6;6;6
277	278	277	278	3	3	trialwise	743;2404;4298	743;2404;4298	5;16;27	108;1;127	sub-006_ses-102_task-s5;sub-006_ses-202_task-s5;sub-006_ses-303_task-s5	743	5	108	sub-006	ses-102	task-s5	1;2;3	5;5;5
278	279	278	279	3	3	trialwise	912;2647;4467	912;2647;4467	6;17;28	119;86;138	sub-006_ses-103_task-s6;sub-006_ses-202_task-s6;sub-006_ses-303_task-s6	912	6	119	sub-006	ses-103	task-s6	1;2;3	6;6;6
279	280	279	280	3	3	trialwise	179;2080;3701	179;2080;3701	2;13;24	21;154;7	sub-006_ses-101_task-s2;sub-006_ses-201_task-s2;sub-006_ses-302_task-s2	179	2	21	sub-006	ses-101	task-s2	1;2;3	2;2;2
280	281	280	281	3	3	trialwise	374;2104;3950	374;2104;3950	3;14;25	57;19;97	sub-006_ses-101_task-s3;sub-006_ses-201_task-s3;sub-006_ses-302_task-s3	374	3	57	sub-006	ses-101	task-s3	1;2;3	3;3;3
281	282	281	282	3	3	trialwise	913;2619;4365	913;2619;4365	6;17;28	120;58;36	sub-006_ses-103_task-s6;sub-006_ses-202_task-s6;sub-006_ses-303_task-s6	913	6	120	sub-006	ses-103	task-s6	1;2;3	6;6;6
282	283	282	283	3	3	trialwise	712;2527;4252	712;2527;4252	5;16;27	77;124;81	sub-006_ses-102_task-s5;sub-006_ses-202_task-s5;sub-006_ses-303_task-s5	712	5	77	sub-006	ses-102	task-s5	1;2;3	5;5;5
283	284	283	284	3	3	trialwise	1193;3017;4650	1193;3017;4650	8;19;30	84;140;5	sub-006_ses-103_task-s8;sub-006_ses-202_task-s8;sub-006_ses-304_task-s8	1193	8	84	sub-006	ses-103	task-s8	1;2;3	8;8;8
284	285	284	285	3	3	trialwise	1265;2926;4720	1265;2926;4720	8;19;30	156;49;75	sub-006_ses-103_task-s8;sub-006_ses-202_task-s8;sub-006_ses-304_task-s8	1265	8	156	sub-006	ses-103	task-s8	1;2;3	8;8;8
285	286	285	286	3	3	trialwise	568;2263;4153	568;2263;4153	4;15;26	92;19;141	sub-006_ses-102_task-s4;sub-006_ses-201_task-s4;sub-006_ses-302_task-s4	568	4	92	sub-006	ses-102	task-s4	1;2;3	4;4;4
286	287	286	287	3	3	trialwise	784;2413;4287	784;2413;4287	5;16;27	149;10;116	sub-006_ses-102_task-s5;sub-006_ses-202_task-s5;sub-006_ses-303_task-s5	784	5	149	sub-006	ses-102	task-s5	1;2;3	5;5;5
287	288	287	288	3	3	trialwise	110;1802;3601	110;1802;3601	1;12;23	111;35;66	sub-006_ses-101_task-s1;sub-006_ses-201_task-s1;sub-006_ses-301_task-s1	110	1	111	sub-006	ses-101	task-s1	1;2;3	1;1;1
288	289	288	289	3	3	trialwise	329;2125;3869	329;2125;3869	3;14;25	12;40;16	sub-006_ses-101_task-s3;sub-006_ses-201_task-s3;sub-006_ses-302_task-s3	329	3	12	sub-006	ses-101	task-s3	1;2;3	3;3;3
289	290	289	290	3	3	trialwise	1023;2753;4506	1023;2753;4506	7;18;29	72;34;19	sub-006_ses-103_task-s7;sub-006_ses-202_task-s7;sub-006_ses-303_task-s7	1023	7	72	sub-006	ses-103	task-s7	1;2;3	7;7;7
290	291	290	291	3	3	trialwise	1002;2815;4627	1002;2815;4627	7;18;29	51;96;140	sub-006_ses-103_task-s7;sub-006_ses-202_task-s7;sub-006_ses-303_task-s7	1002	7	51	sub-006	ses-103	task-s7	1;2;3	7;7;7
291	292	291	292	3	3	trialwise	275;2010;3811	275;2010;3811	2;13;24	117;84;117	sub-006_ses-101_task-s2;sub-006_ses-201_task-s2;sub-006_ses-302_task-s2	275	2	117	sub-006	ses-101	task-s2	1;2;3	2;2;2
292	293	292	293	3	3	trialwise	989;2780;4555	989;2780;4555	7;18;29	38;61;68	sub-006_ses-103_task-s7;sub-006_ses-202_task-s7;sub-006_ses-303_task-s7	989	7	38	sub-006	ses-103	task-s7	1;2;3	7;7;7
293	294	293	294	3	3	trialwise	1040;2834;4641	1040;2834;4641	7;18;29	89;115;154	sub-006_ses-103_task-s7;sub-006_ses-202_task-s7;sub-006_ses-303_task-s7	1040	7	89	sub-006	ses-103	task-s7	1;2;3	7;7;7
294	295	294	295	3	3	trialwise	1016;2743;4521	1016;2743;4521	7;18;29	65;24;34	sub-006_ses-103_task-s7;sub-006_ses-202_task-s7;sub-006_ses-303_task-s7	1016	7	65	sub-006	ses-103	task-s7	1;2;3	7;7;7
295	296	295	296	3	3	trialwise	67;1798;3605	67;1798;3605	1;12;23	68;31;70	sub-006_ses-101_task-s1;sub-006_ses-201_task-s1;sub-006_ses-301_task-s1	67	1	68	sub-006	ses-101	task-s1	1;2;3	1;1;1
296	297	296	297	3	3	trialwise	384;2094;3946	384;2094;3946	3;14;25	67;9;93	sub-006_ses-101_task-s3;sub-006_ses-201_task-s3;sub-006_ses-302_task-s3	384	3	67	sub-006	ses-101	task-s3	1;2;3	3;3;3
297	298	297	298	3	3	trialwise	251;2082;3762	251;2082;3762	2;13;24	93;156;68	sub-006_ses-101_task-s2;sub-006_ses-201_task-s2;sub-006_ses-302_task-s2	251	2	93	sub-006	ses-101	task-s2	1;2;3	2;2;2
298	299	298	299	3	3	trialwise	182;1933;3710	182;1933;3710	2;13;24	24;7;16	sub-006_ses-101_task-s2;sub-006_ses-201_task-s2;sub-006_ses-302_task-s2	182	2	24	sub-006	ses-101	task-s2	1;2;3	2;2;2
299	300	299	300	3	3	trialwise	829;2602;4352	829;2602;4352	6;17;28	36;41;23	sub-006_ses-103_task-s6;sub-006_ses-202_task-s6;sub-006_ses-303_task-s6	829	6	36	sub-006	ses-103	task-s6	1;2;3	6;6;6
300	301	300	301	3	3	trialwise	327;2166;4010	327;2166;4010	3;14;25	10;81;157	sub-006_ses-101_task-s3;sub-006_ses-201_task-s3;sub-006_ses-302_task-s3	327	3	10	sub-006	ses-101	task-s3	1;2;3	3;3;3
301	302	301	302	3	3	trialwise	1229;2900;4688	1229;2900;4688	8;19;30	120;23;43	sub-006_ses-103_task-s8;sub-006_ses-202_task-s8;sub-006_ses-304_task-s8	1229	8	120	sub-006	ses-103	task-s8	1;2;3	8;8;8
302	303	302	303	3	3	trialwise	131;1850;3565	131;1850;3565	1;12;23	132;83;30	sub-006_ses-101_task-s1;sub-006_ses-201_task-s1;sub-006_ses-301_task-s1	131	1	132	sub-006	ses-101	task-s1	1;2;3	1;1;1
303	304	303	304	3	3	trialwise	347;2172;3891	347;2172;3891	3;14;25	30;87;38	sub-006_ses-101_task-s3;sub-006_ses-201_task-s3;sub-006_ses-302_task-s3	347	3	30	sub-006	ses-101	task-s3	1;2;3	3;3;3
304	305	304	305	3	3	trialwise	266;1945;3713	266;1945;3713	2;13;24	108;19;19	sub-006_ses-101_task-s2;sub-006_ses-201_task-s2;sub-006_ses-302_task-s2	266	2	108	sub-006	ses-101	task-s2	1;2;3	2;2;2
305	306	305	306	3	3	trialwise	411;2100;3969	411;2100;3969	3;14;25	94;15;116	sub-006_ses-101_task-s3;sub-006_ses-201_task-s3;sub-006_ses-302_task-s3	411	3	94	sub-006	ses-101	task-s3	1;2;3	3;3;3
306	307	306	307	3	3	trialwise	86;1883;3632	86;1883;3632	1;12;23	87;116;97	sub-006_ses-101_task-s1;sub-006_ses-201_task-s1;sub-006_ses-301_task-s1	86	1	87	sub-006	ses-101	task-s1	1;2;3	1;1;1
307	308	307	308	3	3	trialwise	37;1834;3582	37;1834;3582	1;12;23	38;67;47	sub-006_ses-101_task-s1;sub-006_ses-201_task-s1;sub-006_ses-301_task-s1	37	1	38	sub-006	ses-101	task-s1	1;2;3	1;1;1
308	309	308	309	3	3	trialwise	193;2053;3809	193;2053;3809	2;13;24	35;127;115	sub-006_ses-101_task-s2;sub-006_ses-201_task-s2;sub-006_ses-302_task-s2	193	2	35	sub-006	ses-101	task-s2	1;2;3	2;2;2
309	310	309	310	3	3	trialwise	200;2022;3708	200;2022;3708	2;13;24	42;96;14	sub-006_ses-101_task-s2;sub-006_ses-201_task-s2;sub-006_ses-302_task-s2	200	2	42	sub-006	ses-101	task-s2	1;2;3	2;2;2
310	311	310	311	2	2	trialwise	1799;3585	1799;3585	12;23	32;50	sub-006_ses-201_task-s1;sub-006_ses-301_task-s1	1799	12	32	sub-006	ses-201	task-s1	2;3	1;1
311	312	311	312	3	3	trialwise	637;2439;4178	637;2439;4178	5;16;27	2;36;7	sub-006_ses-102_task-s5;sub-006_ses-202_task-s5;sub-006_ses-303_task-s5	637	5	2	sub-006	ses-102	task-s5	1;2;3	5;5;5
312	313	312	313	3	3	trialwise	1095;2721;4551	1095;2721;4551	7;18;29	144;2;64	sub-006_ses-103_task-s7;sub-006_ses-202_task-s7;sub-006_ses-303_task-s7	1095	7	144	sub-006	ses-103	task-s7	1;2;3	7;7;7
313	314	313	314	3	3	trialwise	920;2675;4465	920;2675;4465	6;17;28	127;114;136	sub-006_ses-103_task-s6;sub-006_ses-202_task-s6;sub-006_ses-303_task-s6	920	6	127	sub-006	ses-103	task-s6	1;2;3	6;6;6
314	315	314	315	3	3	trialwise	154;1892;3686	154;1892;3686	1;12;23	155;125;151	sub-006_ses-101_task-s1;sub-006_ses-201_task-s1;sub-006_ses-301_task-s1	154	1	155	sub-006	ses-101	task-s1	1;2;3	1;1;1
315	316	315	316	3	3	trialwise	355;2167;3929	355;2167;3929	3;14;25	38;82;76	sub-006_ses-101_task-s3;sub-006_ses-201_task-s3;sub-006_ses-302_task-s3	355	3	38	sub-006	ses-101	task-s3	1;2;3	3;3;3
316	317	316	317	3	3	trialwise	759;2421;4197	759;2421;4197	5;16;27	124;18;26	sub-006_ses-102_task-s5;sub-006_ses-202_task-s5;sub-006_ses-303_task-s5	759	5	124	sub-006	ses-102	task-s5	1;2;3	5;5;5
317	318	317	318	4	4	trialwise	1;129;1814;3556	1;129;1814;3556	1;1;12;23	2;130;47;21	sub-006_ses-101_task-s1;sub-006_ses-101_task-s1;sub-006_ses-201_task-s1;sub-006_ses-301_task-s1	1	1	2	sub-006	ses-101	task-s1	1;1;2;3	1;1;1;1
318	319	318	319	3	3	trialwise	29;1889;3647	29;1889;3647	1;12;23	30;122;112	sub-006_ses-101_task-s1;sub-006_ses-201_task-s1;sub-006_ses-301_task-s1	29	1	30	sub-006	ses-101	task-s1	1;2;3	1;1;1
319	320	319	320	3	3	trialwise	1062;2734;4593	1062;2734;4593	7;18;29	111;15;106	sub-006_ses-103_task-s7;sub-006_ses-202_task-s7;sub-006_ses-303_task-s7	1062	7	111	sub-006	ses-103	task-s7	1;2;3	7;7;7
320	321	320	321	3	3	trialwise	389;2226;3974	389;2226;3974	3;14;25	72;141;121	sub-006_ses-101_task-s3;sub-006_ses-201_task-s3;sub-006_ses-302_task-s3	389	3	72	sub-006	ses-101	task-s3	1;2;3	3;3;3
321	322	321	322	3	3	trialwise	1112;3022;4773	1112;3022;4773	8;19;30	3;145;128	sub-006_ses-103_task-s8;sub-006_ses-202_task-s8;sub-006_ses-304_task-s8	1112	8	3	sub-006	ses-103	task-s8	1;2;3	8;8;8
322	323	322	323	3	3	trialwise	459;2175;3900	459;2175;3900	3;14;25	142;90;47	sub-006_ses-101_task-s3;sub-006_ses-201_task-s3;sub-006_ses-302_task-s3	459	3	142	sub-006	ses-101	task-s3	1;2;3	3;3;3
323	324	323	324	3	3	trialwise	1116;2923;4784	1116;2923;4784	8;19;30	7;46;139	sub-006_ses-103_task-s8;sub-006_ses-202_task-s8;sub-006_ses-304_task-s8	1116	8	7	sub-006	ses-103	task-s8	1;2;3	8;8;8
324	325	324	325	3	3	trialwise	64;1863;3554	64;1863;3554	1;12;23	65;96;19	sub-006_ses-101_task-s1;sub-006_ses-201_task-s1;sub-006_ses-301_task-s1	64	1	65	sub-006	ses-101	task-s1	1;2;3	1;1;1
325	326	325	326	3	3	trialwise	1138;2958;4739	1138;2958;4739	8;19;30	29;81;94	sub-006_ses-103_task-s8;sub-006_ses-202_task-s8;sub-006_ses-304_task-s8	1138	8	29	sub-006	ses-103	task-s8	1;2;3	8;8;8
326	327	326	327	3	3	trialwise	291;1936;3844	291;1936;3844	2;13;24	133;10;150	sub-006_ses-101_task-s2;sub-006_ses-201_task-s2;sub-006_ses-302_task-s2	291	2	133	sub-006	ses-101	task-s2	1;2;3	2;2;2
327	328	327	328	3	3	trialwise	1134;2932;4661	1134;2932;4661	8;19;30	25;55;16	sub-006_ses-103_task-s8;sub-006_ses-202_task-s8;sub-006_ses-304_task-s8	1134	8	25	sub-006	ses-103	task-s8	1;2;3	8;8;8
328	329	328	329	3	3	trialwise	670;2494;4259	670;2494;4259	5;16;27	35;91;88	sub-006_ses-102_task-s5;sub-006_ses-202_task-s5;sub-006_ses-303_task-s5	670	5	35	sub-006	ses-102	task-s5	1;2;3	5;5;5
329	330	329	330	3	3	trialwise	861;2588;4359	861;2588;4359	6;17;28	68;27;30	sub-006_ses-103_task-s6;sub-006_ses-202_task-s6;sub-006_ses-303_task-s6	861	6	68	sub-006	ses-103	task-s6	1;2;3	6;6;6
330	331	330	331	3	3	trialwise	634;2376;4023	634;2376;4023	4;15;26	158;132;11	sub-006_ses-102_task-s4;sub-006_ses-201_task-s4;sub-006_ses-302_task-s4	634	4	158	sub-006	ses-102	task-s4	1;2;3	4;4;4
331	332	331	332	3	3	trialwise	373;2105;3980	373;2105;3980	3;14;25	56;20;127	sub-006_ses-101_task-s3;sub-006_ses-201_task-s3;sub-006_ses-302_task-s3	373	3	56	sub-006	ses-101	task-s3	1;2;3	3;3;3
332	333	332	333	3	3	trialwise	205;2079;3786	205;2079;3786	2;13;24	47;153;92	sub-006_ses-101_task-s2;sub-006_ses-201_task-s2;sub-006_ses-302_task-s2	205	2	47	sub-006	ses-101	task-s2	1;2;3	2;2;2
333	334	333	334	3	3	trialwise	603;2341;4058	603;2341;4058	4;15;26	127;97;46	sub-006_ses-102_task-s4;sub-006_ses-201_task-s4;sub-006_ses-302_task-s4	603	4	127	sub-006	ses-102	task-s4	1;2;3	4;4;4
334	335	334	335	3	3	trialwise	71;1838;3594	71;1838;3594	1;12;23	72;71;59	sub-006_ses-101_task-s1;sub-006_ses-201_task-s1;sub-006_ses-301_task-s1	71	1	72	sub-006	ses-101	task-s1	1;2;3	1;1;1
335	336	335	336	3	3	trialwise	221;2050;3748	221;2050;3748	2;13;24	63;124;54	sub-006_ses-101_task-s2;sub-006_ses-201_task-s2;sub-006_ses-302_task-s2	221	2	63	sub-006	ses-101	task-s2	1;2;3	2;2;2
336	337	336	337	3	3	trialwise	474;2231;3930	474;2231;3930	3;14;25	157;146;77	sub-006_ses-101_task-s3;sub-006_ses-201_task-s3;sub-006_ses-302_task-s3	474	3	157	sub-006	ses-101	task-s3	1;2;3	3;3;3
337	338	337	338	3	3	trialwise	886;2614;4401	886;2614;4401	6;17;28	93;53;72	sub-006_ses-103_task-s6;sub-006_ses-202_task-s6;sub-006_ses-303_task-s6	886	6	93	sub-006	ses-103	task-s6	1;2;3	6;6;6
338	339	338	339	3	3	trialwise	202;2062;3764	202;2062;3764	2;13;24	44;136;70	sub-006_ses-101_task-s2;sub-006_ses-201_task-s2;sub-006_ses-302_task-s2	202	2	44	sub-006	ses-101	task-s2	1;2;3	2;2;2
339	340	339	340	3	3	trialwise	710;2444;4194	710;2444;4194	5;16;27	75;41;23	sub-006_ses-102_task-s5;sub-006_ses-202_task-s5;sub-006_ses-303_task-s5	710	5	75	sub-006	ses-102	task-s5	1;2;3	5;5;5
340	341	340	341	3	3	trialwise	805;2669;4418	805;2669;4418	6;17;28	12;108;89	sub-006_ses-103_task-s6;sub-006_ses-202_task-s6;sub-006_ses-303_task-s6	805	6	12	sub-006	ses-103	task-s6	1;2;3	6;6;6
341	342	341	342	3	3	trialwise	159;1946;3833	159;1946;3833	2;13;24	1;20;139	sub-006_ses-101_task-s2;sub-006_ses-201_task-s2;sub-006_ses-302_task-s2	159	2	1	sub-006	ses-101	task-s2	1;2;3	2;2;2
342	343	342	343	3	3	trialwise	700;2405;4187	700;2405;4187	5;16;27	65;2;16	sub-006_ses-102_task-s5;sub-006_ses-202_task-s5;sub-006_ses-303_task-s5	700	5	65	sub-006	ses-102	task-s5	1;2;3	5;5;5
343	344	343	344	3	3	trialwise	1047;2755;4531	1047;2755;4531	7;18;29	96;36;44	sub-006_ses-103_task-s7;sub-006_ses-202_task-s7;sub-006_ses-303_task-s7	1047	7	96	sub-006	ses-103	task-s7	1;2;3	7;7;7
344	345	344	345	3	3	trialwise	403;2208;3892	403;2208;3892	3;14;25	86;123;39	sub-006_ses-101_task-s3;sub-006_ses-201_task-s3;sub-006_ses-302_task-s3	403	3	86	sub-006	ses-101	task-s3	1;2;3	3;3;3
345	346	345	346	3	3	trialwise	626;2264;4047	626;2264;4047	4;15;26	150;20;35	sub-006_ses-102_task-s4;sub-006_ses-201_task-s4;sub-006_ses-302_task-s4	626	4	150	sub-006	ses-102	task-s4	1;2;3	4;4;4
346	347	346	347	3	3	trialwise	1005;2778;4577	1005;2778;4577	7;18;29	54;59;90	sub-006_ses-103_task-s7;sub-006_ses-202_task-s7;sub-006_ses-303_task-s7	1005	7	54	sub-006	ses-103	task-s7	1;2;3	7;7;7
347	348	347	348	3	3	trialwise	72;1817;3623	72;1817;3623	1;12;23	73;50;88	sub-006_ses-101_task-s1;sub-006_ses-201_task-s1;sub-006_ses-301_task-s1	72	1	73	sub-006	ses-101	task-s1	1;2;3	1;1;1
348	349	348	349	3	3	trialwise	334;2223;3928	334;2223;3928	3;14;25	17;138;75	sub-006_ses-101_task-s3;sub-006_ses-201_task-s3;sub-006_ses-302_task-s3	334	3	17	sub-006	ses-101	task-s3	1;2;3	3;3;3
349	350	349	350	3	3	trialwise	83;1828;3595	83;1828;3595	1;12;23	84;61;60	sub-006_ses-101_task-s1;sub-006_ses-201_task-s1;sub-006_ses-301_task-s1	83	1	84	sub-006	ses-101	task-s1	1;2;3	1;1;1
350	351	350	351	3	3	trialwise	220;2014;3715	220;2014;3715	2;13;24	62;88;21	sub-006_ses-101_task-s2;sub-006_ses-201_task-s2;sub-006_ses-302_task-s2	220	2	62	sub-006	ses-101	task-s2	1;2;3	2;2;2
351	352	351	352	3	3	trialwise	378;2113;3940	378;2113;3940	3;14;25	61;28;87	sub-006_ses-101_task-s3;sub-006_ses-201_task-s3;sub-006_ses-302_task-s3	378	3	61	sub-006	ses-101	task-s3	1;2;3	3;3;3
352	353	352	353	3	3	trialwise	489;2323;4159	489;2323;4159	4;15;26	13;79;147	sub-006_ses-102_task-s4;sub-006_ses-201_task-s4;sub-006_ses-302_task-s4	489	4	13	sub-006	ses-102	task-s4	1;2;3	4;4;4
353	354	353	354	3	3	trialwise	761;2534;4214	761;2534;4214	5;16;27	126;131;43	sub-006_ses-102_task-s5;sub-006_ses-202_task-s5;sub-006_ses-303_task-s5	761	5	126	sub-006	ses-102	task-s5	1;2;3	5;5;5
354	355	354	355	3	3	trialwise	741;2462;4185	741;2462;4185	5;16;27	106;59;14	sub-006_ses-102_task-s5;sub-006_ses-202_task-s5;sub-006_ses-303_task-s5	741	5	106	sub-006	ses-102	task-s5	1;2;3	5;5;5
355	356	355	356	3	3	trialwise	792;2561;4300	792;2561;4300	5;16;27	157;158;129	sub-006_ses-102_task-s5;sub-006_ses-202_task-s5;sub-006_ses-303_task-s5	792	5	157	sub-006	ses-102	task-s5	1;2;3	5;5;5
356	357	356	357	3	3	trialwise	941;2643;4358	941;2643;4358	6;17;28	148;82;29	sub-006_ses-103_task-s6;sub-006_ses-202_task-s6;sub-006_ses-303_task-s6	941	6	148	sub-006	ses-103	task-s6	1;2;3	6;6;6
357	358	357	358	3	3	trialwise	551;2368;4069	551;2368;4069	4;15;26	75;124;57	sub-006_ses-102_task-s4;sub-006_ses-201_task-s4;sub-006_ses-302_task-s4	551	4	75	sub-006	ses-102	task-s4	1;2;3	4;4;4
358	359	358	359	3	3	trialwise	331;2153;3922	331;2153;3922	3;14;25	14;68;69	sub-006_ses-101_task-s3;sub-006_ses-201_task-s3;sub-006_ses-302_task-s3	331	3	14	sub-006	ses-101	task-s3	1;2;3	3;3;3
359	360	359	360	3	3	trialwise	946;2630;4452	946;2630;4452	6;17;28	153;69;123	sub-006_ses-103_task-s6;sub-006_ses-202_task-s6;sub-006_ses-303_task-s6	946	6	153	sub-006	ses-103	task-s6	1;2;3	6;6;6
360	361	360	361	2	2	trialwise	1830;3593	1830;3593	12;23	63;58	sub-006_ses-201_task-s1;sub-006_ses-301_task-s1	1830	12	63	sub-006	ses-201	task-s1	2;3	1;1
361	362	361	362	3	3	trialwise	432;2106;3868	432;2106;3868	3;14;25	115;21;15	sub-006_ses-101_task-s3;sub-006_ses-201_task-s3;sub-006_ses-302_task-s3	432	3	115	sub-006	ses-101	task-s3	1;2;3	3;3;3
362	363	362	363	3	3	trialwise	1169;3031;4788	1169;3031;4788	8;19;30	60;154;143	sub-006_ses-103_task-s8;sub-006_ses-202_task-s8;sub-006_ses-304_task-s8	1169	8	60	sub-006	ses-103	task-s8	1;2;3	8;8;8
363	364	363	364	3	3	trialwise	693;2443;4245	693;2443;4245	5;16;27	58;40;74	sub-006_ses-102_task-s5;sub-006_ses-202_task-s5;sub-006_ses-303_task-s5	693	5	58	sub-006	ses-102	task-s5	1;2;3	5;5;5
364	365	364	365	3	3	trialwise	90;1806;3659	90;1806;3659	1;12;23	91;39;124	sub-006_ses-101_task-s1;sub-006_ses-201_task-s1;sub-006_ses-301_task-s1	90	1	91	sub-006	ses-101	task-s1	1;2;3	1;1;1
365	366	365	366	3	3	trialwise	838;2717;4383	838;2717;4383	6;17;28	45;156;54	sub-006_ses-103_task-s6;sub-006_ses-202_task-s6;sub-006_ses-303_task-s6	838	6	45	sub-006	ses-103	task-s6	1;2;3	6;6;6
366	367	366	367	3	3	trialwise	93;1906;3549	93;1906;3549	1;12;23	94;139;14	sub-006_ses-101_task-s1;sub-006_ses-201_task-s1;sub-006_ses-301_task-s1	93	1	94	sub-006	ses-101	task-s1	1;2;3	1;1;1
367	368	367	368	3	3	trialwise	1245;2885;4789	1245;2885;4789	8;19;30	136;8;144	sub-006_ses-103_task-s8;sub-006_ses-202_task-s8;sub-006_ses-304_task-s8	1245	8	136	sub-006	ses-103	task-s8	1;2;3	8;8;8
368	369	368	369	3	3	trialwise	732;2507;4306	732;2507;4306	5;16;27	97;104;135	sub-006_ses-102_task-s5;sub-006_ses-202_task-s5;sub-006_ses-303_task-s5	732	5	97	sub-006	ses-102	task-s5	1;2;3	5;5;5
369	370	369	370	3	3	trialwise	206;2035;3746	206;2035;3746	2;13;24	48;109;52	sub-006_ses-101_task-s2;sub-006_ses-201_task-s2;sub-006_ses-302_task-s2	206	2	48	sub-006	ses-101	task-s2	1;2;3	2;2;2
370	371	370	371	3	3	trialwise	704;2513;4312	704;2513;4312	5;16;27	69;110;141	sub-006_ses-102_task-s5;sub-006_ses-202_task-s5;sub-006_ses-303_task-s5	704	5	69	sub-006	ses-102	task-s5	1;2;3	5;5;5
371	372	371	372	3	3	trialwise	609;2362;4093	609;2362;4093	4;15;26	133;118;81	sub-006_ses-102_task-s4;sub-006_ses-201_task-s4;sub-006_ses-302_task-s4	609	4	133	sub-006	ses-102	task-s4	1;2;3	4;4;4
372	373	372	373	3	3	trialwise	1050;2745;4539	1050;2745;4539	7;18;29	99;26;52	sub-006_ses-103_task-s7;sub-006_ses-202_task-s7;sub-006_ses-303_task-s7	1050	7	99	sub-006	ses-103	task-s7	1;2;3	7;7;7
373	374	373	374	3	3	trialwise	1003;2736;4604	1003;2736;4604	7;18;29	52;17;117	sub-006_ses-103_task-s7;sub-006_ses-202_task-s7;sub-006_ses-303_task-s7	1003	7	52	sub-006	ses-103	task-s7	1;2;3	7;7;7
374	375	374	375	3	3	trialwise	263;1998;3696	263;1998;3696	2;13;24	105;72;2	sub-006_ses-101_task-s2;sub-006_ses-201_task-s2;sub-006_ses-302_task-s2	263	2	105	sub-006	ses-101	task-s2	1;2;3	2;2;2
375	376	375	376	3	3	trialwise	620;2312;4136	620;2312;4136	4;15;26	144;68;124	sub-006_ses-102_task-s4;sub-006_ses-201_task-s4;sub-006_ses-302_task-s4	620	4	144	sub-006	ses-102	task-s4	1;2;3	4;4;4
376	377	376	377	3	3	trialwise	61;1768;3559	61;1768;3559	1;12;23	62;1;24	sub-006_ses-101_task-s1;sub-006_ses-201_task-s1;sub-006_ses-301_task-s1	61	1	62	sub-006	ses-101	task-s1	1;2;3	1;1;1
377	378	377	378	3	3	trialwise	996;2857;4610	996;2857;4610	7;18;29	45;138;123	sub-006_ses-103_task-s7;sub-006_ses-202_task-s7;sub-006_ses-303_task-s7	996	7	45	sub-006	ses-103	task-s7	1;2;3	7;7;7
378	379	378	379	3	3	trialwise	256;2068;3845	256;2068;3845	2;13;24	98;142;151	sub-006_ses-101_task-s2;sub-006_ses-201_task-s2;sub-006_ses-302_task-s2	256	2	98	sub-006	ses-101	task-s2	1;2;3	2;2;2
379	380	379	380	3	3	trialwise	22;1788;3576	22;1788;3576	1;12;23	23;21;41	sub-006_ses-101_task-s1;sub-006_ses-201_task-s1;sub-006_ses-301_task-s1	22	1	23	sub-006	ses-101	task-s1	1;2;3	1;1;1
380	381	380	381	3	3	trialwise	770;2503;4249	770;2503;4249	5;16;27	135;100;78	sub-006_ses-102_task-s5;sub-006_ses-202_task-s5;sub-006_ses-303_task-s5	770	5	135	sub-006	ses-102	task-s5	1;2;3	5;5;5
381	382	381	382	3	3	trialwise	645;2433;4269	645;2433;4269	5;16;27	10;30;98	sub-006_ses-102_task-s5;sub-006_ses-202_task-s5;sub-006_ses-303_task-s5	645	5	10	sub-006	ses-102	task-s5	1;2;3	5;5;5
382	383	382	383	3	3	trialwise	405;2170;3943	405;2170;3943	3;14;25	88;85;90	sub-006_ses-101_task-s3;sub-006_ses-201_task-s3;sub-006_ses-302_task-s3	405	3	88	sub-006	ses-101	task-s3	1;2;3	3;3;3
383	384	383	384	3	3	trialwise	1256;3024;4768	1256;3024;4768	8;19;30	147;147;123	sub-006_ses-103_task-s8;sub-006_ses-202_task-s8;sub-006_ses-304_task-s8	1256	8	147	sub-006	ses-103	task-s8	1;2;3	8;8;8
384	385	384	385	3	3	trialwise	218;1986;3773	218;1986;3773	2;13;24	60;60;79	sub-006_ses-101_task-s2;sub-006_ses-201_task-s2;sub-006_ses-302_task-s2	218	2	60	sub-006	ses-101	task-s2	1;2;3	2;2;2
385	386	385	386	3	3	trialwise	1051;2726;4626	1051;2726;4626	7;18;29	100;7;139	sub-006_ses-103_task-s7;sub-006_ses-202_task-s7;sub-006_ses-303_task-s7	1051	7	100	sub-006	ses-103	task-s7	1;2;3	7;7;7
386	387	386	387	3	3	trialwise	650;2449;4329	650;2449;4329	5;16;27	15;46;158	sub-006_ses-102_task-s5;sub-006_ses-202_task-s5;sub-006_ses-303_task-s5	650	5	15	sub-006	ses-102	task-s5	1;2;3	5;5;5
387	388	387	388	3	3	trialwise	1069;2766;4537	1069;2766;4537	7;18;29	118;47;50	sub-006_ses-103_task-s7;sub-006_ses-202_task-s7;sub-006_ses-303_task-s7	1069	7	118	sub-006	ses-103	task-s7	1;2;3	7;7;7
388	389	388	389	3	3	trialwise	576;2258;4020	576;2258;4020	4;15;26	100;14;8	sub-006_ses-102_task-s4;sub-006_ses-201_task-s4;sub-006_ses-302_task-s4	576	4	100	sub-006	ses-102	task-s4	1;2;3	4;4;4
389	390	389	390	3	3	trialwise	406;2229;4004	406;2229;4004	3;14;25	89;144;151	sub-006_ses-101_task-s3;sub-006_ses-201_task-s3;sub-006_ses-302_task-s3	406	3	89	sub-006	ses-101	task-s3	1;2;3	3;3;3
390	391	390	391	3	3	trialwise	94;1912;3680	94;1912;3680	1;12;23	95;145;145	sub-006_ses-101_task-s1;sub-006_ses-201_task-s1;sub-006_ses-301_task-s1	94	1	95	sub-006	ses-101	task-s1	1;2;3	1;1;1
391	392	391	392	3	3	trialwise	581;2322;4108	581;2322;4108	4;15;26	105;78;96	sub-006_ses-102_task-s4;sub-006_ses-201_task-s4;sub-006_ses-302_task-s4	581	4	105	sub-006	ses-102	task-s4	1;2;3	4;4;4
392	393	392	393	3	3	trialwise	429;2131;3996	429;2131;3996	3;14;25	112;46;143	sub-006_ses-101_task-s3;sub-006_ses-201_task-s3;sub-006_ses-302_task-s3	429	3	112	sub-006	ses-101	task-s3	1;2;3	3;3;3
393	394	393	394	3	3	trialwise	618;2288;4113	618;2288;4113	4;15;26	142;44;101	sub-006_ses-102_task-s4;sub-006_ses-201_task-s4;sub-006_ses-302_task-s4	618	4	142	sub-006	ses-102	task-s4	1;2;3	4;4;4
394	395	394	395	3	3	trialwise	323;2224;3948	323;2224;3948	3;14;25	6;139;95	sub-006_ses-101_task-s3;sub-006_ses-201_task-s3;sub-006_ses-302_task-s3	323	3	6	sub-006	ses-101	task-s3	1;2;3	3;3;3
395	396	395	396	3	3	trialwise	1155;2918;4790	1155;2918;4790	8;19;30	46;41;145	sub-006_ses-103_task-s8;sub-006_ses-202_task-s8;sub-006_ses-304_task-s8	1155	8	46	sub-006	ses-103	task-s8	1;2;3	8;8;8
396	397	396	397	3	3	trialwise	1017;2867;4636	1017;2867;4636	7;18;29	66;148;149	sub-006_ses-103_task-s7;sub-006_ses-202_task-s7;sub-006_ses-303_task-s7	1017	7	66	sub-006	ses-103	task-s7	1;2;3	7;7;7
397	398	397	398	3	3	trialwise	749;2515;4292	749;2515;4292	5;16;27	114;112;121	sub-006_ses-102_task-s5;sub-006_ses-202_task-s5;sub-006_ses-303_task-s5	749	5	114	sub-006	ses-102	task-s5	1;2;3	5;5;5
398	399	398	399	3	3	trialwise	1053;2751;4578	1053;2751;4578	7;18;29	102;32;91	sub-006_ses-103_task-s7;sub-006_ses-202_task-s7;sub-006_ses-303_task-s7	1053	7	102	sub-006	ses-103	task-s7	1;2;3	7;7;7
399	400	399	400	3	3	trialwise	1079;2828;4559	1079;2828;4559	7;18;29	128;109;72	sub-006_ses-103_task-s7;sub-006_ses-202_task-s7;sub-006_ses-303_task-s7	1079	7	128	sub-006	ses-103	task-s7	1;2;3	7;7;7
400	401	400	401	3	3	trialwise	1217;3003;4779	1217;3003;4779	8;19;30	108;126;134	sub-006_ses-103_task-s8;sub-006_ses-202_task-s8;sub-006_ses-304_task-s8	1217	8	108	sub-006	ses-103	task-s8	1;2;3	8;8;8
401	402	401	402	3	3	trialwise	506;2311;4064	506;2311;4064	4;15;26	30;67;52	sub-006_ses-102_task-s4;sub-006_ses-201_task-s4;sub-006_ses-302_task-s4	506	4	30	sub-006	ses-102	task-s4	1;2;3	4;4;4
402	403	402	403	3	3	trialwise	835;2577;4424	835;2577;4424	6;17;28	42;16;95	sub-006_ses-103_task-s6;sub-006_ses-202_task-s6;sub-006_ses-303_task-s6	835	6	42	sub-006	ses-103	task-s6	1;2;3	6;6;6
403	404	403	404	3	3	trialwise	1072;2742;4616	1072;2742;4616	7;18;29	121;23;129	sub-006_ses-103_task-s7;sub-006_ses-202_task-s7;sub-006_ses-303_task-s7	1072	7	121	sub-006	ses-103	task-s7	1;2;3	7;7;7
404	405	404	405	3	3	trialwise	973;2827;4526	973;2827;4526	7;18;29	22;108;39	sub-006_ses-103_task-s7;sub-006_ses-202_task-s7;sub-006_ses-303_task-s7	973	7	22	sub-006	ses-103	task-s7	1;2;3	7;7;7
405	406	405	406	3	3	trialwise	774;2425;4213	774;2425;4213	5;16;27	139;22;42	sub-006_ses-102_task-s5;sub-006_ses-202_task-s5;sub-006_ses-303_task-s5	774	5	139	sub-006	ses-102	task-s5	1;2;3	5;5;5
406	407	406	407	3	3	trialwise	642;2499;4278	642;2499;4278	5;16;27	7;96;107	sub-006_ses-102_task-s5;sub-006_ses-202_task-s5;sub-006_ses-303_task-s5	642	5	7	sub-006	ses-102	task-s5	1;2;3	5;5;5
407	408	407	408	3	3	trialwise	16;1786;3548	16;1786;3548	1;12;23	17;19;13	sub-006_ses-101_task-s1;sub-006_ses-201_task-s1;sub-006_ses-301_task-s1	16	1	17	sub-006	ses-101	task-s1	1;2;3	1;1;1
408	409	408	409	3	3	trialwise	73;1898;3586	73;1898;3586	1;12;23	74;131;51	sub-006_ses-101_task-s1;sub-006_ses-201_task-s1;sub-006_ses-301_task-s1	73	1	74	sub-006	ses-101	task-s1	1;2;3	1;1;1
409	410	409	410	3	3	trialwise	1119;2897;4667	1119;2897;4667	8;19;30	10;20;22	sub-006_ses-103_task-s8;sub-006_ses-202_task-s8;sub-006_ses-304_task-s8	1119	8	10	sub-006	ses-103	task-s8	1;2;3	8;8;8
410	411	410	411	3	3	trialwise	49;1853;3694	49;1853;3694	1;12;23	50;86;159	sub-006_ses-101_task-s1;sub-006_ses-201_task-s1;sub-006_ses-301_task-s1	49	1	50	sub-006	ses-101	task-s1	1;2;3	1;1;1
411	412	411	412	3	3	trialwise	494;2348;4101	494;2348;4101	4;15;26	18;104;89	sub-006_ses-102_task-s4;sub-006_ses-201_task-s4;sub-006_ses-302_task-s4	494	4	18	sub-006	ses-102	task-s4	1;2;3	4;4;4
412	413	412	413	3	3	trialwise	332;2087;3911	332;2087;3911	3;14;25	15;2;58	sub-006_ses-101_task-s3;sub-006_ses-201_task-s3;sub-006_ses-302_task-s3	332	3	15	sub-006	ses-101	task-s3	1;2;3	3;3;3
413	414	413	414	3	3	trialwise	1242;2941;4687	1242;2941;4687	8;19;30	133;64;42	sub-006_ses-103_task-s8;sub-006_ses-202_task-s8;sub-006_ses-304_task-s8	1242	8	133	sub-006	ses-103	task-s8	1;2;3	8;8;8
414	415	414	415	3	3	trialwise	492;2377;4146	492;2377;4146	4;15;26	16;133;134	sub-006_ses-102_task-s4;sub-006_ses-201_task-s4;sub-006_ses-302_task-s4	492	4	16	sub-006	ses-102	task-s4	1;2;3	4;4;4
415	416	415	416	3	3	trialwise	1172;2915;4731	1172;2915;4731	8;19;30	63;38;86	sub-006_ses-103_task-s8;sub-006_ses-202_task-s8;sub-006_ses-304_task-s8	1172	8	63	sub-006	ses-103	task-s8	1;2;3	8;8;8
416	417	416	417	3	3	trialwise	644;2512;4176	644;2512;4176	5;16;27	9;109;5	sub-006_ses-102_task-s5;sub-006_ses-202_task-s5;sub-006_ses-303_task-s5	644	5	9	sub-006	ses-102	task-s5	1;2;3	5;5;5
417	418	417	418	3	3	trialwise	747;2452;4274	747;2452;4274	5;16;27	112;49;103	sub-006_ses-102_task-s5;sub-006_ses-202_task-s5;sub-006_ses-303_task-s5	747	5	112	sub-006	ses-102	task-s5	1;2;3	5;5;5
418	419	418	419	3	3	trialwise	135;1915;3611	135;1915;3611	1;12;23	136;148;76	sub-006_ses-101_task-s1;sub-006_ses-201_task-s1;sub-006_ses-301_task-s1	135	1	136	sub-006	ses-101	task-s1	1;2;3	1;1;1
419	420	419	420	3	3	trialwise	1201;2936;4798	1201;2936;4798	8;19;30	92;59;153	sub-006_ses-103_task-s8;sub-006_ses-202_task-s8;sub-006_ses-304_task-s8	1201	8	92	sub-006	ses-103	task-s8	1;2;3	8;8;8
420	421	420	421	3	3	trialwise	476;2180;3872	476;2180;3872	3;14;25	159;95;19	sub-006_ses-101_task-s3;sub-006_ses-201_task-s3;sub-006_ses-302_task-s3	476	3	159	sub-006	ses-101	task-s3	1;2;3	3;3;3
421	422	421	422	3	3	trialwise	694;2426;4253	694;2426;4253	5;16;27	59;23;82	sub-006_ses-102_task-s5;sub-006_ses-202_task-s5;sub-006_ses-303_task-s5	694	5	59	sub-006	ses-102	task-s5	1;2;3	5;5;5
422	423	422	423	3	3	trialwise	814;2575;4404	814;2575;4404	6;17;28	21;14;75	sub-006_ses-103_task-s6;sub-006_ses-202_task-s6;sub-006_ses-303_task-s6	814	6	21	sub-006	ses-103	task-s6	1;2;3	6;6;6
423	424	423	424	3	3	trialwise	968;2864;4617	968;2864;4617	7;18;29	17;145;130	sub-006_ses-103_task-s7;sub-006_ses-202_task-s7;sub-006_ses-303_task-s7	968	7	17	sub-006	ses-103	task-s7	1;2;3	7;7;7
424	425	424	425	3	3	trialwise	421;2135;3879	421;2135;3879	3;14;25	104;50;26	sub-006_ses-101_task-s3;sub-006_ses-201_task-s3;sub-006_ses-302_task-s3	421	3	104	sub-006	ses-101	task-s3	1;2;3	3;3;3
425	426	425	426	3	3	trialwise	779;2549;4182	779;2549;4182	5;16;27	144;146;11	sub-006_ses-102_task-s5;sub-006_ses-202_task-s5;sub-006_ses-303_task-s5	779	5	144	sub-006	ses-102	task-s5	1;2;3	5;5;5
426	427	426	427	3	3	trialwise	126;1836;3688	126;1836;3688	1;12;23	127;69;153	sub-006_ses-101_task-s1;sub-006_ses-201_task-s1;sub-006_ses-301_task-s1	126	1	127	sub-006	ses-101	task-s1	1;2;3	1;1;1
427	428	427	428	3	3	trialwise	1092;2818;4567	1092;2818;4567	7;18;29	141;99;80	sub-006_ses-103_task-s7;sub-006_ses-202_task-s7;sub-006_ses-303_task-s7	1092	7	141	sub-006	ses-103	task-s7	1;2;3	7;7;7
428	429	428	429	3	3	trialwise	687;2471;4217	687;2471;4217	5;16;27	52;68;46	sub-006_ses-102_task-s5;sub-006_ses-202_task-s5;sub-006_ses-303_task-s5	687	5	52	sub-006	ses-102	task-s5	1;2;3	5;5;5
429	430	429	430	3	3	trialwise	1250;3013;4676	1250;3013;4676	8;19;30	141;136;31	sub-006_ses-103_task-s8;sub-006_ses-202_task-s8;sub-006_ses-304_task-s8	1250	8	141	sub-006	ses-103	task-s8	1;2;3	8;8;8
430	431	430	431	3	3	trialwise	335;2120;3962	335;2120;3962	3;14;25	18;35;109	sub-006_ses-101_task-s3;sub-006_ses-201_task-s3;sub-006_ses-302_task-s3	335	3	18	sub-006	ses-101	task-s3	1;2;3	3;3;3
431	432	431	432	3	3	trialwise	1205;2903;4755	1205;2903;4755	8;19;30	96;26;110	sub-006_ses-103_task-s8;sub-006_ses-202_task-s8;sub-006_ses-304_task-s8	1205	8	96	sub-006	ses-103	task-s8	1;2;3	8;8;8
432	433	432	433	3	3	trialwise	1042;2767;4594	1042;2767;4594	7;18;29	91;48;107	sub-006_ses-103_task-s7;sub-006_ses-202_task-s7;sub-006_ses-303_task-s7	1042	7	91	sub-006	ses-103	task-s7	1;2;3	7;7;7
433	434	433	434	3	3	trialwise	580;2246;4134	580;2246;4134	4;15;26	104;2;122	sub-006_ses-102_task-s4;sub-006_ses-201_task-s4;sub-006_ses-302_task-s4	580	4	104	sub-006	ses-102	task-s4	1;2;3	4;4;4
434	435	434	435	3	3	trialwise	340;2099;3921	340;2099;3921	3;14;25	23;14;68	sub-006_ses-101_task-s3;sub-006_ses-201_task-s3;sub-006_ses-302_task-s3	340	3	23	sub-006	ses-101	task-s3	1;2;3	3;3;3
435	436	435	436	3	3	trialwise	1063;2754;4542	1063;2754;4542	7;18;29	112;35;55	sub-006_ses-103_task-s7;sub-006_ses-202_task-s7;sub-006_ses-303_task-s7	1063	7	112	sub-006	ses-103	task-s7	1;2;3	7;7;7
436	437	436	437	3	3	trialwise	639;2448;4299	639;2448;4299	5;16;27	4;45;128	sub-006_ses-102_task-s5;sub-006_ses-202_task-s5;sub-006_ses-303_task-s5	639	5	4	sub-006	ses-102	task-s5	1;2;3	5;5;5
437	438	437	438	3	3	trialwise	361;2161;3995	361;2161;3995	3;14;25	44;76;142	sub-006_ses-101_task-s3;sub-006_ses-201_task-s3;sub-006_ses-302_task-s3	361	3	44	sub-006	ses-101	task-s3	1;2;3	3;3;3
438	439	438	439	3	3	trialwise	482;2295;4038	482;2295;4038	4;15;26	6;51;26	sub-006_ses-102_task-s4;sub-006_ses-201_task-s4;sub-006_ses-302_task-s4	482	4	6	sub-006	ses-102	task-s4	1;2;3	4;4;4
439	440	439	440	3	3	trialwise	889;2689;4405	889;2689;4405	6;17;28	96;128;76	sub-006_ses-103_task-s6;sub-006_ses-202_task-s6;sub-006_ses-303_task-s6	889	6	96	sub-006	ses-103	task-s6	1;2;3	6;6;6
440	441	440	441	3	3	trialwise	150;1815;3569	150;1815;3569	1;12;23	151;48;34	sub-006_ses-101_task-s1;sub-006_ses-201_task-s1;sub-006_ses-301_task-s1	150	1	151	sub-006	ses-101	task-s1	1;2;3	1;1;1
441	442	441	442	3	3	trialwise	397;2147;3937	397;2147;3937	3;14;25	80;62;84	sub-006_ses-101_task-s3;sub-006_ses-201_task-s3;sub-006_ses-302_task-s3	397	3	80	sub-006	ses-101	task-s3	1;2;3	3;3;3
442	443	442	443	3	3	trialwise	648;2467;4195	648;2467;4195	5;16;27	13;64;24	sub-006_ses-102_task-s5;sub-006_ses-202_task-s5;sub-006_ses-303_task-s5	648	5	13	sub-006	ses-102	task-s5	1;2;3	5;5;5
443	444	443	444	3	3	trialwise	795;2711;4367	795;2711;4367	6;17;28	2;150;38	sub-006_ses-103_task-s6;sub-006_ses-202_task-s6;sub-006_ses-303_task-s6	795	6	2	sub-006	ses-103	task-s6	1;2;3	6;6;6
444	445	444	445	3	3	trialwise	127;1803;3631	127;1803;3631	1;12;23	128;36;96	sub-006_ses-101_task-s1;sub-006_ses-201_task-s1;sub-006_ses-301_task-s1	127	1	128	sub-006	ses-101	task-s1	1;2;3	1;1;1
445	446	445	446	3	3	trialwise	508;2280;4021	508;2280;4021	4;15;26	32;36;9	sub-006_ses-102_task-s4;sub-006_ses-201_task-s4;sub-006_ses-302_task-s4	508	4	32	sub-006	ses-102	task-s4	1;2;3	4;4;4
446	447	446	447	3	3	trialwise	850;2565;4421	850;2565;4421	6;17;28	57;4;92	sub-006_ses-103_task-s6;sub-006_ses-202_task-s6;sub-006_ses-303_task-s6	850	6	57	sub-006	ses-103	task-s6	1;2;3	6;6;6
447	448	447	448	3	3	trialwise	349;2197;3939	349;2197;3939	3;14;25	32;112;86	sub-006_ses-101_task-s3;sub-006_ses-201_task-s3;sub-006_ses-302_task-s3	349	3	32	sub-006	ses-101	task-s3	1;2;3	3;3;3
448	449	448	449	3	3	trialwise	143;1878;3563	143;1878;3563	1;12;23	144;111;28	sub-006_ses-101_task-s1;sub-006_ses-201_task-s1;sub-006_ses-301_task-s1	143	1	144	sub-006	ses-101	task-s1	1;2;3	1;1;1
449	450	449	450	3	3	trialwise	408;2199;3860	408;2199;3860	3;14;25	91;114;7	sub-006_ses-101_task-s3;sub-006_ses-201_task-s3;sub-006_ses-302_task-s3	408	3	91	sub-006	ses-101	task-s3	1;2;3	3;3;3
450	451	450	451	3	3	trialwise	791;2420;4327	791;2420;4327	5;16;27	156;17;156	sub-006_ses-102_task-s5;sub-006_ses-202_task-s5;sub-006_ses-303_task-s5	791	5	156	sub-006	ses-102	task-s5	1;2;3	5;5;5
451	452	451	452	3	3	trialwise	596;2357;4088	596;2357;4088	4;15;26	120;113;76	sub-006_ses-102_task-s4;sub-006_ses-201_task-s4;sub-006_ses-302_task-s4	596	4	120	sub-006	ses-102	task-s4	1;2;3	4;4;4
452	453	452	453	3	3	trialwise	253;1977;3726	253;1977;3726	2;13;24	95;51;32	sub-006_ses-101_task-s2;sub-006_ses-201_task-s2;sub-006_ses-302_task-s2	253	2	95	sub-006	ses-101	task-s2	1;2;3	2;2;2
453	454	453	454	3	3	trialwise	1123;2935;4741	1123;2935;4741	8;19;30	14;58;96	sub-006_ses-103_task-s8;sub-006_ses-202_task-s8;sub-006_ses-304_task-s8	1123	8	14	sub-006	ses-103	task-s8	1;2;3	8;8;8
454	455	454	455	3	3	trialwise	464;2217;3945	464;2217;3945	3;14;25	147;132;92	sub-006_ses-101_task-s3;sub-006_ses-201_task-s3;sub-006_ses-302_task-s3	464	3	147	sub-006	ses-101	task-s3	1;2;3	3;3;3
455	456	455	456	3	3	trialwise	181;2069;3707	181;2069;3707	2;13;24	23;143;13	sub-006_ses-101_task-s2;sub-006_ses-201_task-s2;sub-006_ses-302_task-s2	181	2	23	sub-006	ses-101	task-s2	1;2;3	2;2;2
456	457	456	457	3	3	trialwise	70;1848;3568	70;1848;3568	1;12;23	71;81;33	sub-006_ses-101_task-s1;sub-006_ses-201_task-s1;sub-006_ses-301_task-s1	70	1	71	sub-006	ses-101	task-s1	1;2;3	1;1;1
457	458	457	458	3	3	trialwise	548;2251;4080	548;2251;4080	4;15;26	72;7;68	sub-006_ses-102_task-s4;sub-006_ses-201_task-s4;sub-006_ses-302_task-s4	548	4	72	sub-006	ses-102	task-s4	1;2;3	4;4;4
458	459	458	459	3	3	trialwise	940;2618;4389	940;2618;4389	6;17;28	147;57;60	sub-006_ses-103_task-s6;sub-006_ses-202_task-s6;sub-006_ses-303_task-s6	940	6	147	sub-006	ses-103	task-s6	1;2;3	6;6;6
459	460	459	460	3	3	trialwise	517;2394;4090	517;2394;4090	4;15;26	41;150;78	sub-006_ses-102_task-s4;sub-006_ses-201_task-s4;sub-006_ses-302_task-s4	517	4	41	sub-006	ses-102	task-s4	1;2;3	4;4;4
460	461	460	461	3	3	trialwise	1177;3015;4682	1177;3015;4682	8;19;30	68;138;37	sub-006_ses-103_task-s8;sub-006_ses-202_task-s8;sub-006_ses-304_task-s8	1177	8	68	sub-006	ses-103	task-s8	1;2;3	8;8;8
461	462	461	462	3	3	trialwise	1259;3028;4685	1259;3028;4685	8;19;30	150;151;40	sub-006_ses-103_task-s8;sub-006_ses-202_task-s8;sub-006_ses-304_task-s8	1259	8	150	sub-006	ses-103	task-s8	1;2;3	8;8;8
462	463	462	463	3	3	trialwise	872;2659;4397	872;2659;4397	6;17;28	79;98;68	sub-006_ses-103_task-s6;sub-006_ses-202_task-s6;sub-006_ses-303_task-s6	872	6	79	sub-006	ses-103	task-s6	1;2;3	6;6;6
463	464	463	464	3	3	trialwise	994;2737;4497	994;2737;4497	7;18;29	43;18;10	sub-006_ses-103_task-s7;sub-006_ses-202_task-s7;sub-006_ses-303_task-s7	994	7	43	sub-006	ses-103	task-s7	1;2;3	7;7;7
464	465	464	465	3	3	trialwise	486;2277;4029	486;2277;4029	4;15;26	10;33;17	sub-006_ses-102_task-s4;sub-006_ses-201_task-s4;sub-006_ses-302_task-s4	486	4	10	sub-006	ses-102	task-s4	1;2;3	4;4;4
465	466	465	466	3	3	trialwise	1207;3016;4721	1207;3016;4721	8;19;30	98;139;76	sub-006_ses-103_task-s8;sub-006_ses-202_task-s8;sub-006_ses-304_task-s8	1207	8	98	sub-006	ses-103	task-s8	1;2;3	8;8;8
466	467	466	467	3	3	trialwise	186;2032;3839	186;2032;3839	2;13;24	28;106;145	sub-006_ses-101_task-s2;sub-006_ses-201_task-s2;sub-006_ses-302_task-s2	186	2	28	sub-006	ses-101	task-s2	1;2;3	2;2;2
467	468	467	468	3	3	trialwise	103;1924;3691	103;1924;3691	1;12;23	104;157;156	sub-006_ses-101_task-s1;sub-006_ses-201_task-s1;sub-006_ses-301_task-s1	103	1	104	sub-006	ses-101	task-s1	1;2;3	1;1;1
468	469	468	469	3	3	trialwise	466;2110;3971	466;2110;3971	3;14;25	149;25;118	sub-006_ses-101_task-s3;sub-006_ses-201_task-s3;sub-006_ses-302_task-s3	466	3	149	sub-006	ses-101	task-s3	1;2;3	3;3;3
469	470	469	470	3	3	trialwise	852;2680;4487	852;2680;4487	6;17;28	59;119;158	sub-006_ses-103_task-s6;sub-006_ses-202_task-s6;sub-006_ses-303_task-s6	852	6	59	sub-006	ses-103	task-s6	1;2;3	6;6;6
470	471	470	471	3	3	trialwise	169;1983;3768	169;1983;3768	2;13;24	11;57;74	sub-006_ses-101_task-s2;sub-006_ses-201_task-s2;sub-006_ses-302_task-s2	169	2	11	sub-006	ses-101	task-s2	1;2;3	2;2;2
471	472	471	472	3	3	trialwise	210;1970;3760	210;1970;3760	2;13;24	52;44;66	sub-006_ses-101_task-s2;sub-006_ses-201_task-s2;sub-006_ses-302_task-s2	210	2	52	sub-006	ses-101	task-s2	1;2;3	2;2;2
472	473	472	473	3	3	trialwise	1225;2966;4715	1225;2966;4715	8;19;30	116;89;70	sub-006_ses-103_task-s8;sub-006_ses-202_task-s8;sub-006_ses-304_task-s8	1225	8	116	sub-006	ses-103	task-s8	1;2;3	8;8;8
473	474	473	474	3	3	trialwise	487;2384;4156	487;2384;4156	4;15;26	11;140;144	sub-006_ses-102_task-s4;sub-006_ses-201_task-s4;sub-006_ses-302_task-s4	487	4	11	sub-006	ses-102	task-s4	1;2;3	4;4;4
474	475	474	475	3	3	trialwise	447;2164;3855	447;2164;3855	3;14;25	130;79;2	sub-006_ses-101_task-s3;sub-006_ses-201_task-s3;sub-006_ses-302_task-s3	447	3	130	sub-006	ses-101	task-s3	1;2;3	3;3;3
475	476	475	476	3	3	trialwise	1240;2893;4803	1240;2893;4803	8;19;30	131;16;158	sub-006_ses-103_task-s8;sub-006_ses-202_task-s8;sub-006_ses-304_task-s8	1240	8	131	sub-006	ses-103	task-s8	1;2;3	8;8;8
476	477	476	477	3	3	trialwise	668;2523;4233	668;2523;4233	5;16;27	33;120;62	sub-006_ses-102_task-s5;sub-006_ses-202_task-s5;sub-006_ses-303_task-s5	668	5	33	sub-006	ses-102	task-s5	1;2;3	5;5;5
477	478	477	478	3	3	trialwise	960;2865;4596	960;2865;4596	7;18;29	9;146;109	sub-006_ses-103_task-s7;sub-006_ses-202_task-s7;sub-006_ses-303_task-s7	960	7	9	sub-006	ses-103	task-s7	1;2;3	7;7;7
478	479	478	479	3	3	trialwise	907;2672;4457	907;2672;4457	6;17;28	114;111;128	sub-006_ses-103_task-s6;sub-006_ses-202_task-s6;sub-006_ses-303_task-s6	907	6	114	sub-006	ses-103	task-s6	1;2;3	6;6;6
479	480	479	480	3	3	trialwise	690;2466;4188	690;2466;4188	5;16;27	55;63;17	sub-006_ses-102_task-s5;sub-006_ses-202_task-s5;sub-006_ses-303_task-s5	690	5	55	sub-006	ses-102	task-s5	1;2;3	5;5;5
480	481	480	481	3	3	trialwise	285;2025;3712	285;2025;3712	2;13;24	127;99;18	sub-006_ses-101_task-s2;sub-006_ses-201_task-s2;sub-006_ses-302_task-s2	285	2	127	sub-006	ses-101	task-s2	1;2;3	2;2;2
481	482	481	482	3	3	trialwise	556;2378;4145	556;2378;4145	4;15;26	80;134;133	sub-006_ses-102_task-s4;sub-006_ses-201_task-s4;sub-006_ses-302_task-s4	556	4	80	sub-006	ses-102	task-s4	1;2;3	4;4;4
482	483	482	483	3	3	trialwise	1089;2744;4534	1089;2744;4534	7;18;29	138;25;47	sub-006_ses-103_task-s7;sub-006_ses-202_task-s7;sub-006_ses-303_task-s7	1089	7	138	sub-006	ses-103	task-s7	1;2;3	7;7;7
483	484	483	484	3	3	trialwise	854;2634;4434	854;2634;4434	6;17;28	61;73;105	sub-006_ses-103_task-s6;sub-006_ses-202_task-s6;sub-006_ses-303_task-s6	854	6	61	sub-006	ses-103	task-s6	1;2;3	6;6;6
484	485	484	485	3	3	trialwise	366;2230;3874	366;2230;3874	3;14;25	49;145;21	sub-006_ses-101_task-s3;sub-006_ses-201_task-s3;sub-006_ses-302_task-s3	366	3	49	sub-006	ses-101	task-s3	1;2;3	3;3;3
485	486	485	486	3	3	trialwise	1120;3014;4758	1120;3014;4758	8;19;30	11;137;113	sub-006_ses-103_task-s8;sub-006_ses-202_task-s8;sub-006_ses-304_task-s8	1120	8	11	sub-006	ses-103	task-s8	1;2;3	8;8;8
486	487	486	487	3	3	trialwise	177;1968;3783	177;1968;3783	2;13;24	19;42;89	sub-006_ses-101_task-s2;sub-006_ses-201_task-s2;sub-006_ses-302_task-s2	177	2	19	sub-006	ses-101	task-s2	1;2;3	2;2;2
487	488	487	488	3	3	trialwise	445;2221;3936	445;2221;3936	3;14;25	128;136;83	sub-006_ses-101_task-s3;sub-006_ses-201_task-s3;sub-006_ses-302_task-s3	445	3	128	sub-006	ses-101	task-s3	1;2;3	3;3;3
488	489	488	489	3	3	trialwise	233;2038;3732	233;2038;3732	2;13;24	75;112;38	sub-006_ses-101_task-s2;sub-006_ses-201_task-s2;sub-006_ses-302_task-s2	233	2	75	sub-006	ses-101	task-s2	1;2;3	2;2;2
489	490	489	490	3	3	trialwise	1117;2912;4752	1117;2912;4752	8;19;30	8;35;107	sub-006_ses-103_task-s8;sub-006_ses-202_task-s8;sub-006_ses-304_task-s8	1117	8	8	sub-006	ses-103	task-s8	1;2;3	8;8;8
490	491	490	491	3	3	trialwise	326;2215;3992	326;2215;3992	3;14;25	9;130;139	sub-006_ses-101_task-s3;sub-006_ses-201_task-s3;sub-006_ses-302_task-s3	326	3	9	sub-006	ses-101	task-s3	1;2;3	3;3;3
491	492	491	492	3	3	trialwise	1196;2924;4655	1196;2924;4655	8;19;30	87;47;10	sub-006_ses-103_task-s8;sub-006_ses-202_task-s8;sub-006_ses-304_task-s8	1196	8	87	sub-006	ses-103	task-s8	1;2;3	8;8;8
492	493	492	493	3	3	trialwise	757;2539;4174	757;2539;4174	5;16;27	122;136;3	sub-006_ses-102_task-s5;sub-006_ses-202_task-s5;sub-006_ses-303_task-s5	757	5	122	sub-006	ses-102	task-s5	1;2;3	5;5;5
493	494	493	494	3	3	trialwise	1263;2964;4736	1263;2964;4736	8;19;30	154;87;91	sub-006_ses-103_task-s8;sub-006_ses-202_task-s8;sub-006_ses-304_task-s8	1263	8	154	sub-006	ses-103	task-s8	1;2;3	8;8;8
494	495	494	495	3	3	trialwise	812;2696;4450	812;2696;4450	6;17;28	19;135;121	sub-006_ses-103_task-s6;sub-006_ses-202_task-s6;sub-006_ses-303_task-s6	812	6	19	sub-006	ses-103	task-s6	1;2;3	6;6;6
495	496	495	496	3	3	trialwise	1021;2860;4614	1021;2860;4614	7;18;29	70;141;127	sub-006_ses-103_task-s7;sub-006_ses-202_task-s7;sub-006_ses-303_task-s7	1021	7	70	sub-006	ses-103	task-s7	1;2;3	7;7;7
496	497	496	497	3	3	trialwise	31;1916;3573	31;1916;3573	1;12;23	32;149;38	sub-006_ses-101_task-s1;sub-006_ses-201_task-s1;sub-006_ses-301_task-s1	31	1	32	sub-006	ses-101	task-s1	1;2;3	1;1;1
497	498	497	498	3	3	trialwise	587;2303;4152	587;2303;4152	4;15;26	111;59;140	sub-006_ses-102_task-s4;sub-006_ses-201_task-s4;sub-006_ses-302_task-s4	587	4	111	sub-006	ses-102	task-s4	1;2;3	4;4;4
498	499	498	499	3	3	trialwise	959;2805;4545	959;2805;4545	7;18;29	8;86;58	sub-006_ses-103_task-s7;sub-006_ses-202_task-s7;sub-006_ses-303_task-s7	959	7	8	sub-006	ses-103	task-s7	1;2;3	7;7;7
499	500	499	500	3	3	trialwise	417;2097;3931	417;2097;3931	3;14;25	100;12;78	sub-006_ses-101_task-s3;sub-006_ses-201_task-s3;sub-006_ses-302_task-s3	417	3	100	sub-006	ses-101	task-s3	1;2;3	3;3;3
500	501	500	501	3	3	trialwise	341;2144;3865	341;2144;3865	3;14;25	24;59;12	sub-006_ses-101_task-s3;sub-006_ses-201_task-s3;sub-006_ses-302_task-s3	341	3	24	sub-006	ses-101	task-s3	1;2;3	3;3;3
501	502	501	502	3	3	trialwise	307;1990;3709	307;1990;3709	2;13;24	149;64;15	sub-006_ses-101_task-s2;sub-006_ses-201_task-s2;sub-006_ses-302_task-s2	307	2	149	sub-006	ses-101	task-s2	1;2;3	2;2;2
502	503	502	503	3	3	trialwise	172;2049;3825	172;2049;3825	2;13;24	14;123;131	sub-006_ses-101_task-s2;sub-006_ses-201_task-s2;sub-006_ses-302_task-s2	172	2	14	sub-006	ses-101	task-s2	1;2;3	2;2;2
503	504	503	504	3	3	trialwise	731;2478;4326	731;2478;4326	5;16;27	96;75;155	sub-006_ses-102_task-s5;sub-006_ses-202_task-s5;sub-006_ses-303_task-s5	731	5	96	sub-006	ses-102	task-s5	1;2;3	5;5;5
504	505	504	505	3	3	trialwise	948;2601;4437	948;2601;4437	6;17;28	155;40;108	sub-006_ses-103_task-s6;sub-006_ses-202_task-s6;sub-006_ses-303_task-s6	948	6	155	sub-006	ses-103	task-s6	1;2;3	6;6;6
505	506	505	506	3	3	trialwise	43;1886;3550	43;1886;3550	1;12;23	44;119;15	sub-006_ses-101_task-s1;sub-006_ses-201_task-s1;sub-006_ses-301_task-s1	43	1	44	sub-006	ses-101	task-s1	1;2;3	1;1;1
506	507	506	507	3	3	trialwise	239;1939;3816	239;1939;3816	2;13;24	81;13;122	sub-006_ses-101_task-s2;sub-006_ses-201_task-s2;sub-006_ses-302_task-s2	239	2	81	sub-006	ses-101	task-s2	1;2;3	2;2;2
507	508	507	508	3	3	trialwise	719;2472;4175	719;2472;4175	5;16;27	84;69;4	sub-006_ses-102_task-s5;sub-006_ses-202_task-s5;sub-006_ses-303_task-s5	719	5	84	sub-006	ses-102	task-s5	1;2;3	5;5;5
508	509	508	509	3	3	trialwise	1028;2724;4611	1028;2724;4611	7;18;29	77;5;124	sub-006_ses-103_task-s7;sub-006_ses-202_task-s7;sub-006_ses-303_task-s7	1028	7	77	sub-006	ses-103	task-s7	1;2;3	7;7;7
509	510	509	510	3	3	trialwise	259;1949;3769	259;1949;3769	2;13;24	101;23;75	sub-006_ses-101_task-s2;sub-006_ses-201_task-s2;sub-006_ses-302_task-s2	259	2	101	sub-006	ses-101	task-s2	1;2;3	2;2;2
510	511	510	511	3	3	trialwise	623;2386;4091	623;2386;4091	4;15;26	147;142;79	sub-006_ses-102_task-s4;sub-006_ses-201_task-s4;sub-006_ses-302_task-s4	623	4	147	sub-006	ses-102	task-s4	1;2;3	4;4;4
511	512	511	512	3	3	trialwise	308;1982;3770	308;1982;3770	2;13;24	150;56;76	sub-006_ses-101_task-s2;sub-006_ses-201_task-s2;sub-006_ses-302_task-s2	308	2	150	sub-006	ses-101	task-s2	1;2;3	2;2;2
512	513	512	513	3	3	trialwise	683;2540;4297	683;2540;4297	5;16;27	48;137;126	sub-006_ses-102_task-s5;sub-006_ses-202_task-s5;sub-006_ses-303_task-s5	683	5	48	sub-006	ses-102	task-s5	1;2;3	5;5;5
513	514	513	514	3	3	trialwise	521;2391;4125	521;2391;4125	4;15;26	45;147;113	sub-006_ses-102_task-s4;sub-006_ses-201_task-s4;sub-006_ses-302_task-s4	521	4	45	sub-006	ses-102	task-s4	1;2;3	4;4;4
514	515	514	515	3	3	trialwise	555;2266;4037	555;2266;4037	4;15;26	79;22;25	sub-006_ses-102_task-s4;sub-006_ses-201_task-s4;sub-006_ses-302_task-s4	555	4	79	sub-006	ses-102	task-s4	1;2;3	4;4;4
515	516	515	516	3	3	trialwise	1252;3011;4776	1252;3011;4776	8;19;30	143;134;131	sub-006_ses-103_task-s8;sub-006_ses-202_task-s8;sub-006_ses-304_task-s8	1252	8	143	sub-006	ses-103	task-s8	1;2;3	8;8;8
516	517	516	517	3	3	trialwise	1211;2963;4654	1211;2963;4654	8;19;30	102;86;9	sub-006_ses-103_task-s8;sub-006_ses-202_task-s8;sub-006_ses-304_task-s8	1211	8	102	sub-006	ses-103	task-s8	1;2;3	8;8;8
517	518	517	518	3	3	trialwise	1233;2927;4712	1233;2927;4712	8;19;30	124;50;67	sub-006_ses-103_task-s8;sub-006_ses-202_task-s8;sub-006_ses-304_task-s8	1233	8	124	sub-006	ses-103	task-s8	1;2;3	8;8;8
518	519	518	519	3	3	trialwise	46;1810;3615	46;1810;3615	1;12;23	47;43;80	sub-006_ses-101_task-s1;sub-006_ses-201_task-s1;sub-006_ses-301_task-s1	46	1	47	sub-006	ses-101	task-s1	1;2;3	1;1;1
519	520	519	520	3	3	trialwise	497;2390;4022	497;2390;4022	4;15;26	21;146;10	sub-006_ses-102_task-s4;sub-006_ses-201_task-s4;sub-006_ses-302_task-s4	497	4	21	sub-006	ses-102	task-s4	1;2;3	4;4;4
520	521	520	521	3	3	trialwise	681;2532;4184	681;2532;4184	5;16;27	46;129;13	sub-006_ses-102_task-s5;sub-006_ses-202_task-s5;sub-006_ses-303_task-s5	681	5	46	sub-006	ses-102	task-s5	1;2;3	5;5;5
521	522	521	522	3	3	trialwise	874;2572;4438	874;2572;4438	6;17;28	81;11;109	sub-006_ses-103_task-s6;sub-006_ses-202_task-s6;sub-006_ses-303_task-s6	874	6	81	sub-006	ses-103	task-s6	1;2;3	6;6;6
522	523	522	523	3	3	trialwise	1052;2802;4553	1052;2802;4553	7;18;29	101;83;66	sub-006_ses-103_task-s7;sub-006_ses-202_task-s7;sub-006_ses-303_task-s7	1052	7	101	sub-006	ses-103	task-s7	1;2;3	7;7;7
523	524	523	524	3	3	trialwise	930;2606;4458	930;2606;4458	6;17;28	137;45;129	sub-006_ses-103_task-s6;sub-006_ses-202_task-s6;sub-006_ses-303_task-s6	930	6	137	sub-006	ses-103	task-s6	1;2;3	6;6;6
524	525	524	525	3	3	trialwise	825;2645;4384	825;2645;4384	6;17;28	32;84;55	sub-006_ses-103_task-s6;sub-006_ses-202_task-s6;sub-006_ses-303_task-s6	825	6	32	sub-006	ses-103	task-s6	1;2;3	6;6;6
525	526	525	526	3	3	trialwise	1041;2822;4552	1041;2822;4552	7;18;29	90;103;65	sub-006_ses-103_task-s7;sub-006_ses-202_task-s7;sub-006_ses-303_task-s7	1041	7	90	sub-006	ses-103	task-s7	1;2;3	7;7;7
526	527	526	527	3	3	trialwise	338;2126;3944	338;2126;3944	3;14;25	21;41;91	sub-006_ses-101_task-s3;sub-006_ses-201_task-s3;sub-006_ses-302_task-s3	338	3	21	sub-006	ses-101	task-s3	1;2;3	3;3;3
527	528	527	528	3	3	trialwise	190;2002;3706	190;2002;3706	2;13;24	32;76;12	sub-006_ses-101_task-s2;sub-006_ses-201_task-s2;sub-006_ses-302_task-s2	190	2	32	sub-006	ses-101	task-s2	1;2;3	2;2;2
528	529	528	529	3	3	trialwise	18;1903;3544	18;1903;3544	1;12;23	19;136;9	sub-006_ses-101_task-s1;sub-006_ses-201_task-s1;sub-006_ses-301_task-s1	18	1	19	sub-006	ses-101	task-s1	1;2;3	1;1;1
529	530	529	530	3	3	trialwise	1129;2946;4656	1129;2946;4656	8;19;30	20;69;11	sub-006_ses-103_task-s8;sub-006_ses-202_task-s8;sub-006_ses-304_task-s8	1129	8	20	sub-006	ses-103	task-s8	1;2;3	8;8;8
530	531	530	531	3	3	trialwise	522;2366;4171	522;2366;4171	4;15;26	46;122;159	sub-006_ses-102_task-s4;sub-006_ses-201_task-s4;sub-006_ses-302_task-s4	522	4	46	sub-006	ses-102	task-s4	1;2;3	4;4;4
531	532	531	532	3	3	trialwise	1146;2891;4734	1146;2891;4734	8;19;30	37;14;89	sub-006_ses-103_task-s8;sub-006_ses-202_task-s8;sub-006_ses-304_task-s8	1146	8	37	sub-006	ses-103	task-s8	1;2;3	8;8;8
532	533	532	533	3	3	trialwise	1197;2920;4689	1197;2920;4689	8;19;30	88;43;44	sub-006_ses-103_task-s8;sub-006_ses-202_task-s8;sub-006_ses-304_task-s8	1197	8	88	sub-006	ses-103	task-s8	1;2;3	8;8;8
533	534	533	534	3	3	trialwise	995;2858;4591	995;2858;4591	7;18;29	44;139;104	sub-006_ses-103_task-s7;sub-006_ses-202_task-s7;sub-006_ses-303_task-s7	995	7	44	sub-006	ses-103	task-s7	1;2;3	7;7;7
534	535	534	535	3	3	trialwise	1101;2749;4523	1101;2749;4523	7;18;29	150;30;36	sub-006_ses-103_task-s7;sub-006_ses-202_task-s7;sub-006_ses-303_task-s7	1101	7	150	sub-006	ses-103	task-s7	1;2;3	7;7;7
535	536	535	536	3	3	trialwise	899;2599;4399	899;2599;4399	6;17;28	106;38;70	sub-006_ses-103_task-s6;sub-006_ses-202_task-s6;sub-006_ses-303_task-s6	899	6	106	sub-006	ses-103	task-s6	1;2;3	6;6;6
536	537	536	537	3	3	trialwise	649;2546;4305	649;2546;4305	5;16;27	14;143;134	sub-006_ses-102_task-s5;sub-006_ses-202_task-s5;sub-006_ses-303_task-s5	649	5	14	sub-006	ses-102	task-s5	1;2;3	5;5;5
537	538	537	538	3	3	trialwise	562;2254;4061	562;2254;4061	4;15;26	86;10;49	sub-006_ses-102_task-s4;sub-006_ses-201_task-s4;sub-006_ses-302_task-s4	562	4	86	sub-006	ses-102	task-s4	1;2;3	4;4;4
538	539	538	539	3	3	trialwise	309;2055;3758	309;2055;3758	2;13;24	151;129;64	sub-006_ses-101_task-s2;sub-006_ses-201_task-s2;sub-006_ses-302_task-s2	309	2	151	sub-006	ses-101	task-s2	1;2;3	2;2;2
539	540	539	540	3	3	trialwise	257;2063;3745	257;2063;3745	2;13;24	99;137;51	sub-006_ses-101_task-s2;sub-006_ses-201_task-s2;sub-006_ses-302_task-s2	257	2	99	sub-006	ses-101	task-s2	1;2;3	2;2;2
540	541	540	541	3	3	trialwise	569;2296;4096	569;2296;4096	4;15;26	93;52;84	sub-006_ses-102_task-s4;sub-006_ses-201_task-s4;sub-006_ses-302_task-s4	569	4	93	sub-006	ses-102	task-s4	1;2;3	4;4;4
541	542	541	542	3	3	trialwise	1239;2909;4762	1239;2909;4762	8;19;30	130;32;117	sub-006_ses-103_task-s8;sub-006_ses-202_task-s8;sub-006_ses-304_task-s8	1239	8	130	sub-006	ses-103	task-s8	1;2;3	8;8;8
542	543	542	543	3	3	trialwise	117;1807;3653	117;1807;3653	1;12;23	118;40;118	sub-006_ses-101_task-s1;sub-006_ses-201_task-s1;sub-006_ses-301_task-s1	117	1	118	sub-006	ses-101	task-s1	1;2;3	1;1;1
543	544	543	544	3	3	trialwise	336;2190;3903	336;2190;3903	3;14;25	19;105;50	sub-006_ses-101_task-s3;sub-006_ses-201_task-s3;sub-006_ses-302_task-s3	336	3	19	sub-006	ses-101	task-s3	1;2;3	3;3;3
544	545	544	545	3	3	trialwise	974;2837;4588	974;2837;4588	7;18;29	23;118;101	sub-006_ses-103_task-s7;sub-006_ses-202_task-s7;sub-006_ses-303_task-s7	974	7	23	sub-006	ses-103	task-s7	1;2;3	7;7;7
545	546	545	546	3	3	trialwise	299;2043;3827	299;2043;3827	2;13;24	141;117;133	sub-006_ses-101_task-s2;sub-006_ses-201_task-s2;sub-006_ses-302_task-s2	299	2	141	sub-006	ses-101	task-s2	1;2;3	2;2;2
546	547	546	547	3	3	trialwise	1010;2785;4637	1010;2785;4637	7;18;29	59;66;150	sub-006_ses-103_task-s7;sub-006_ses-202_task-s7;sub-006_ses-303_task-s7	1010	7	59	sub-006	ses-103	task-s7	1;2;3	7;7;7
547	548	547	548	3	3	trialwise	519;2360;4067	519;2360;4067	4;15;26	43;116;55	sub-006_ses-102_task-s4;sub-006_ses-201_task-s4;sub-006_ses-302_task-s4	519	4	43	sub-006	ses-102	task-s4	1;2;3	4;4;4
548	549	548	549	3	3	trialwise	676;2434;4201	676;2434;4201	5;16;27	41;31;30	sub-006_ses-102_task-s5;sub-006_ses-202_task-s5;sub-006_ses-303_task-s5	676	5	41	sub-006	ses-102	task-s5	1;2;3	5;5;5
549	550	549	550	3	3	trialwise	249;2083;3806	249;2083;3806	2;13;24	91;157;112	sub-006_ses-101_task-s2;sub-006_ses-201_task-s2;sub-006_ses-302_task-s2	249	2	91	sub-006	ses-101	task-s2	1;2;3	2;2;2
550	551	550	551	3	3	trialwise	118;1851;3651	118;1851;3651	1;12;23	119;84;116	sub-006_ses-101_task-s1;sub-006_ses-201_task-s1;sub-006_ses-301_task-s1	118	1	119	sub-006	ses-101	task-s1	1;2;3	1;1;1
551	552	551	552	3	3	trialwise	616;2305;4063	616;2305;4063	4;15;26	140;61;51	sub-006_ses-102_task-s4;sub-006_ses-201_task-s4;sub-006_ses-302_task-s4	616	4	140	sub-006	ses-102	task-s4	1;2;3	4;4;4
552	553	552	553	3	3	trialwise	404;2198;3914	404;2198;3914	3;14;25	87;113;61	sub-006_ses-101_task-s3;sub-006_ses-201_task-s3;sub-006_ses-302_task-s3	404	3	87	sub-006	ses-101	task-s3	1;2;3	3;3;3
553	554	553	554	3	3	trialwise	881;2585;4475	881;2585;4475	6;17;28	88;24;146	sub-006_ses-103_task-s6;sub-006_ses-202_task-s6;sub-006_ses-303_task-s6	881	6	88	sub-006	ses-103	task-s6	1;2;3	6;6;6
554	555	554	555	3	3	trialwise	544;2399;4025	544;2399;4025	4;15;26	68;155;13	sub-006_ses-102_task-s4;sub-006_ses-201_task-s4;sub-006_ses-302_task-s4	544	4	68	sub-006	ses-102	task-s4	1;2;3	4;4;4
555	556	555	556	3	3	trialwise	975;2759;4489	975;2759;4489	7;18;29	24;40;2	sub-006_ses-103_task-s7;sub-006_ses-202_task-s7;sub-006_ses-303_task-s7	975	7	24	sub-006	ses-103	task-s7	1;2;3	7;7;7
556	557	556	557	3	3	trialwise	101;1860;3693	101;1860;3693	1;12;23	102;93;158	sub-006_ses-101_task-s1;sub-006_ses-201_task-s1;sub-006_ses-301_task-s1	101	1	102	sub-006	ses-101	task-s1	1;2;3	1;1;1
557	558	557	558	3	3	trialwise	1046;2768;4566	1046;2768;4566	7;18;29	95;49;79	sub-006_ses-103_task-s7;sub-006_ses-202_task-s7;sub-006_ses-303_task-s7	1046	7	95	sub-006	ses-103	task-s7	1;2;3	7;7;7
558	559	558	559	3	3	trialwise	286;1940;3790	286;1940;3790	2;13;24	128;14;96	sub-006_ses-101_task-s2;sub-006_ses-201_task-s2;sub-006_ses-302_task-s2	286	2	128	sub-006	ses-101	task-s2	1;2;3	2;2;2
559	560	559	560	3	3	trialwise	558;2298;4163	558;2298;4163	4;15;26	82;54;151	sub-006_ses-102_task-s4;sub-006_ses-201_task-s4;sub-006_ses-302_task-s4	558	4	82	sub-006	ses-102	task-s4	1;2;3	4;4;4
560	561	560	561	3	3	trialwise	448;2168;4011	448;2168;4011	3;14;25	131;83;158	sub-006_ses-101_task-s3;sub-006_ses-201_task-s3;sub-006_ses-302_task-s3	448	3	131	sub-006	ses-101	task-s3	1;2;3	3;3;3
561	562	561	562	3	3	trialwise	1214;2982;4767	1214;2982;4767	8;19;30	105;105;122	sub-006_ses-103_task-s8;sub-006_ses-202_task-s8;sub-006_ses-304_task-s8	1214	8	105	sub-006	ses-103	task-s8	1;2;3	8;8;8
562	563	562	563	3	3	trialwise	708;2429;4235	708;2429;4235	5;16;27	73;26;64	sub-006_ses-102_task-s5;sub-006_ses-202_task-s5;sub-006_ses-303_task-s5	708	5	73	sub-006	ses-102	task-s5	1;2;3	5;5;5
563	564	563	564	3	3	trialwise	964;2871;4518	964;2871;4518	7;18;29	13;152;31	sub-006_ses-103_task-s7;sub-006_ses-202_task-s7;sub-006_ses-303_task-s7	964	7	13	sub-006	ses-103	task-s7	1;2;3	7;7;7
564	565	564	565	3	3	trialwise	827;2649;4485	827;2649;4485	6;17;28	34;88;156	sub-006_ses-103_task-s6;sub-006_ses-202_task-s6;sub-006_ses-303_task-s6	827	6	34	sub-006	ses-103	task-s6	1;2;3	6;6;6
565	566	565	566	3	3	trialwise	1257;3020;4668	1257;3020;4668	8;19;30	148;143;23	sub-006_ses-103_task-s8;sub-006_ses-202_task-s8;sub-006_ses-304_task-s8	1257	8	148	sub-006	ses-103	task-s8	1;2;3	8;8;8
566	567	566	567	3	3	trialwise	358;2098;3856	358;2098;3856	3;14;25	41;13;3	sub-006_ses-101_task-s3;sub-006_ses-201_task-s3;sub-006_ses-302_task-s3	358	3	41	sub-006	ses-101	task-s3	1;2;3	3;3;3
567	568	567	568	3	3	trialwise	62;1875;3670	62;1875;3670	1;12;23	63;108;135	sub-006_ses-101_task-s1;sub-006_ses-201_task-s1;sub-006_ses-301_task-s1	62	1	63	sub-006	ses-101	task-s1	1;2;3	1;1;1
568	569	568	569	3	3	trialwise	42;1840;3671	42;1840;3671	1;12;23	43;73;136	sub-006_ses-101_task-s1;sub-006_ses-201_task-s1;sub-006_ses-301_task-s1	42	1	43	sub-006	ses-101	task-s1	1;2;3	1;1;1
569	570	569	570	3	3	trialwise	491;2299;4040	491;2299;4040	4;15;26	15;55;28	sub-006_ses-102_task-s4;sub-006_ses-201_task-s4;sub-006_ses-302_task-s4	491	4	15	sub-006	ses-102	task-s4	1;2;3	4;4;4
570	571	570	571	3	3	trialwise	1081;2723;4590	1081;2723;4590	7;18;29	130;4;103	sub-006_ses-103_task-s7;sub-006_ses-202_task-s7;sub-006_ses-303_task-s7	1081	7	130	sub-006	ses-103	task-s7	1;2;3	7;7;7
571	572	571	572	3	3	trialwise	363;2095;3857	363;2095;3857	3;14;25	46;10;4	sub-006_ses-101_task-s3;sub-006_ses-201_task-s3;sub-006_ses-302_task-s3	363	3	46	sub-006	ses-101	task-s3	1;2;3	3;3;3
572	573	572	573	3	3	trialwise	887;2710;4398	887;2710;4398	6;17;28	94;149;69	sub-006_ses-103_task-s6;sub-006_ses-202_task-s6;sub-006_ses-303_task-s6	887	6	94	sub-006	ses-103	task-s6	1;2;3	6;6;6
573	574	573	574	3	3	trialwise	1254;3009;4793	1254;3009;4793	8;19;30	145;132;148	sub-006_ses-103_task-s8;sub-006_ses-202_task-s8;sub-006_ses-304_task-s8	1254	8	145	sub-006	ses-103	task-s8	1;2;3	8;8;8
574	575	574	575	3	3	trialwise	1266;2919;4653	1266;2919;4653	8;19;30	157;42;8	sub-006_ses-103_task-s8;sub-006_ses-202_task-s8;sub-006_ses-304_task-s8	1266	8	157	sub-006	ses-103	task-s8	1;2;3	8;8;8
575	576	575	576	3	3	trialwise	1218;3023;4759	1218;3023;4759	8;19;30	109;146;114	sub-006_ses-103_task-s8;sub-006_ses-202_task-s8;sub-006_ses-304_task-s8	1218	8	109	sub-006	ses-103	task-s8	1;2;3	8;8;8
576	577	576	577	3	3	trialwise	1078;2803;4522	1078;2803;4522	7;18;29	127;84;35	sub-006_ses-103_task-s7;sub-006_ses-202_task-s7;sub-006_ses-303_task-s7	1078	7	127	sub-006	ses-103	task-s7	1;2;3	7;7;7
577	578	577	578	3	3	trialwise	1075;2794;4558	1075;2794;4558	7;18;29	124;75;71	sub-006_ses-103_task-s7;sub-006_ses-202_task-s7;sub-006_ses-303_task-s7	1075	7	124	sub-006	ses-103	task-s7	1;2;3	7;7;7
578	579	578	579	3	3	trialwise	115;1885;3643	115;1885;3643	1;12;23	116;118;108	sub-006_ses-101_task-s1;sub-006_ses-201_task-s1;sub-006_ses-301_task-s1	115	1	116	sub-006	ses-101	task-s1	1;2;3	1;1;1
579	580	579	580	3	3	trialwise	189;1995;3704	189;1995;3704	2;13;24	31;69;10	sub-006_ses-101_task-s2;sub-006_ses-201_task-s2;sub-006_ses-302_task-s2	189	2	31	sub-006	ses-101	task-s2	1;2;3	2;2;2
580	581	580	581	3	3	trialwise	982;2733;4500	982;2733;4500	7;18;29	31;14;13	sub-006_ses-103_task-s7;sub-006_ses-202_task-s7;sub-006_ses-303_task-s7	982	7	31	sub-006	ses-103	task-s7	1;2;3	7;7;7
581	582	581	582	3	3	trialwise	1070;2856;4621	1070;2856;4621	7;18;29	119;137;134	sub-006_ses-103_task-s7;sub-006_ses-202_task-s7;sub-006_ses-303_task-s7	1070	7	119	sub-006	ses-103	task-s7	1;2;3	7;7;7
582	583	582	583	4	4	trialwise	8;77;1859;3629	8;77;1859;3629	1;1;12;23	9;78;92;94	sub-006_ses-101_task-s1;sub-006_ses-101_task-s1;sub-006_ses-201_task-s1;sub-006_ses-301_task-s1	8	1	9	sub-006	ses-101	task-s1	1;1;2;3	1;1;1;1
583	584	583	584	3	3	trialwise	84;1908;3536	84;1908;3536	1;12;23	85;141;1	sub-006_ses-101_task-s1;sub-006_ses-201_task-s1;sub-006_ses-301_task-s1	84	1	85	sub-006	ses-101	task-s1	1;2;3	1;1;1
584	585	584	585	3	3	trialwise	760;2519;4216	760;2519;4216	5;16;27	125;116;45	sub-006_ses-102_task-s5;sub-006_ses-202_task-s5;sub-006_ses-303_task-s5	760	5	125	sub-006	ses-102	task-s5	1;2;3	5;5;5
585	586	585	586	3	3	trialwise	1125;3008;4745	1125;3008;4745	8;19;30	16;131;100	sub-006_ses-103_task-s8;sub-006_ses-202_task-s8;sub-006_ses-304_task-s8	1125	8	16	sub-006	ses-103	task-s8	1;2;3	8;8;8
586	587	586	587	3	3	trialwise	456;2129;3916	456;2129;3916	3;14;25	139;44;63	sub-006_ses-101_task-s3;sub-006_ses-201_task-s3;sub-006_ses-302_task-s3	456	3	139	sub-006	ses-101	task-s3	1;2;3	3;3;3
587	588	587	588	3	3	trialwise	1073;2771;4557	1073;2771;4557	7;18;29	122;52;70	sub-006_ses-103_task-s7;sub-006_ses-202_task-s7;sub-006_ses-303_task-s7	1073	7	122	sub-006	ses-103	task-s7	1;2;3	7;7;7
588	589	588	589	3	3	trialwise	234;1941;3740	234;1941;3740	2;13;24	76;15;46	sub-006_ses-101_task-s2;sub-006_ses-201_task-s2;sub-006_ses-302_task-s2	234	2	76	sub-006	ses-101	task-s2	1;2;3	2;2;2
589	590	589	590	3	3	trialwise	657;2529;4199	657;2529;4199	5;16;27	22;126;28	sub-006_ses-102_task-s5;sub-006_ses-202_task-s5;sub-006_ses-303_task-s5	657	5	22	sub-006	ses-102	task-s5	1;2;3	5;5;5
590	591	590	591	3	3	trialwise	794;2605;4372	794;2605;4372	6;17;28	1;44;43	sub-006_ses-103_task-s6;sub-006_ses-202_task-s6;sub-006_ses-303_task-s6	794	6	1	sub-006	ses-103	task-s6	1;2;3	6;6;6
591	592	591	592	3	3	trialwise	1043;2862;4583	1043;2862;4583	7;18;29	92;143;96	sub-006_ses-103_task-s7;sub-006_ses-202_task-s7;sub-006_ses-303_task-s7	1043	7	92	sub-006	ses-103	task-s7	1;2;3	7;7;7
592	593	592	593	3	3	trialwise	225;1935;3831	225;1935;3831	2;13;24	67;9;137	sub-006_ses-101_task-s2;sub-006_ses-201_task-s2;sub-006_ses-302_task-s2	225	2	67	sub-006	ses-101	task-s2	1;2;3	2;2;2
593	594	593	594	3	3	trialwise	1065;2797;4609	1065;2797;4609	7;18;29	114;78;122	sub-006_ses-103_task-s7;sub-006_ses-202_task-s7;sub-006_ses-303_task-s7	1065	7	114	sub-006	ses-103	task-s7	1;2;3	7;7;7
594	595	594	595	3	3	trialwise	832;2637;4443	832;2637;4443	6;17;28	39;76;114	sub-006_ses-103_task-s6;sub-006_ses-202_task-s6;sub-006_ses-303_task-s6	832	6	39	sub-006	ses-103	task-s6	1;2;3	6;6;6
595	596	595	596	3	3	trialwise	902;2671;4480	902;2671;4480	6;17;28	109;110;151	sub-006_ses-103_task-s6;sub-006_ses-202_task-s6;sub-006_ses-303_task-s6	902	6	109	sub-006	ses-103	task-s6	1;2;3	6;6;6
596	597	596	597	3	3	trialwise	1027;2851;4569	1027;2851;4569	7;18;29	76;132;82	sub-006_ses-103_task-s7;sub-006_ses-202_task-s7;sub-006_ses-303_task-s7	1027	7	76	sub-006	ses-103	task-s7	1;2;3	7;7;7
597	598	597	598	3	3	trialwise	646;2526;4243	646;2526;4243	5;16;27	11;123;72	sub-006_ses-102_task-s5;sub-006_ses-202_task-s5;sub-006_ses-303_task-s5	646	5	11	sub-006	ses-102	task-s5	1;2;3	5;5;5
598	599	598	599	3	3	trialwise	1167;3032;4647	1167;3032;4647	8;19;30	58;155;2	sub-006_ses-103_task-s8;sub-006_ses-202_task-s8;sub-006_ses-304_task-s8	1167	8	58	sub-006	ses-103	task-s8	1;2;3	8;8;8
599	600	599	600	3	3	trialwise	916;2699;4415	916;2699;4415	6;17;28	123;138;86	sub-006_ses-103_task-s6;sub-006_ses-202_task-s6;sub-006_ses-303_task-s6	916	6	123	sub-006	ses-103	task-s6	1;2;3	6;6;6
600	601	600	601	3	3	trialwise	409;2121;3927	409;2121;3927	3;14;25	92;36;74	sub-006_ses-101_task-s3;sub-006_ses-201_task-s3;sub-006_ses-302_task-s3	409	3	92	sub-006	ses-101	task-s3	1;2;3	3;3;3
601	602	601	602	3	3	trialwise	583;2344;4109	583;2344;4109	4;15;26	107;100;97	sub-006_ses-102_task-s4;sub-006_ses-201_task-s4;sub-006_ses-302_task-s4	583	4	107	sub-006	ses-102	task-s4	1;2;3	4;4;4
602	603	602	603	3	3	trialwise	1222;2965;4713	1222;2965;4713	8;19;30	113;88;68	sub-006_ses-103_task-s8;sub-006_ses-202_task-s8;sub-006_ses-304_task-s8	1222	8	113	sub-006	ses-103	task-s8	1;2;3	8;8;8
603	604	603	604	3	3	trialwise	541;2265;4056	541;2265;4056	4;15;26	65;21;44	sub-006_ses-102_task-s4;sub-006_ses-201_task-s4;sub-006_ses-302_task-s4	541	4	65	sub-006	ses-102	task-s4	1;2;3	4;4;4
604	605	604	605	3	3	trialwise	401;2182;3878	401;2182;3878	3;14;25	84;97;25	sub-006_ses-101_task-s3;sub-006_ses-201_task-s3;sub-006_ses-302_task-s3	401	3	84	sub-006	ses-101	task-s3	1;2;3	3;3;3
605	606	605	606	3	3	trialwise	1137;2882;4748	1137;2882;4748	8;19;30	28;5;103	sub-006_ses-103_task-s8;sub-006_ses-202_task-s8;sub-006_ses-304_task-s8	1137	8	28	sub-006	ses-103	task-s8	1;2;3	8;8;8
606	607	606	607	3	3	trialwise	888;2718;4396	888;2718;4396	6;17;28	95;157;67	sub-006_ses-103_task-s6;sub-006_ses-202_task-s6;sub-006_ses-303_task-s6	888	6	95	sub-006	ses-103	task-s6	1;2;3	6;6;6
607	608	607	608	3	3	trialwise	381;2240;3906	381;2240;3906	3;14;25	64;155;53	sub-006_ses-101_task-s3;sub-006_ses-201_task-s3;sub-006_ses-302_task-s3	381	3	64	sub-006	ses-101	task-s3	1;2;3	3;3;3
608	609	608	609	3	3	trialwise	697;2468;4272	697;2468;4272	5;16;27	62;65;101	sub-006_ses-102_task-s5;sub-006_ses-202_task-s5;sub-006_ses-303_task-s5	697	5	62	sub-006	ses-102	task-s5	1;2;3	5;5;5
609	610	609	610	3	3	trialwise	1184;2967;4765	1184;2967;4765	8;19;30	75;90;120	sub-006_ses-103_task-s8;sub-006_ses-202_task-s8;sub-006_ses-304_task-s8	1184	8	75	sub-006	ses-103	task-s8	1;2;3	8;8;8
610	611	610	611	3	3	trialwise	651;2506;4258	651;2506;4258	5;16;27	16;103;87	sub-006_ses-102_task-s5;sub-006_ses-202_task-s5;sub-006_ses-303_task-s5	651	5	16	sub-006	ses-102	task-s5	1;2;3	5;5;5
611	612	611	612	3	3	trialwise	579;2349;4118	579;2349;4118	4;15;26	103;105;106	sub-006_ses-102_task-s4;sub-006_ses-201_task-s4;sub-006_ses-302_task-s4	579	4	103	sub-006	ses-102	task-s4	1;2;3	4;4;4
612	613	612	613	3	3	trialwise	789;2490;4177	789;2490;4177	5;16;27	154;87;6	sub-006_ses-102_task-s5;sub-006_ses-202_task-s5;sub-006_ses-303_task-s5	789	5	154	sub-006	ses-102	task-s5	1;2;3	5;5;5
613	614	613	614	3	3	trialwise	252;2007;3842	252;2007;3842	2;13;24	94;81;148	sub-006_ses-101_task-s2;sub-006_ses-201_task-s2;sub-006_ses-302_task-s2	252	2	94	sub-006	ses-101	task-s2	1;2;3	2;2;2
614	615	614	615	3	3	trialwise	575;2372;4098	575;2372;4098	4;15;26	99;128;86	sub-006_ses-102_task-s4;sub-006_ses-201_task-s4;sub-006_ses-302_task-s4	575	4	99	sub-006	ses-102	task-s4	1;2;3	4;4;4
615	616	615	616	3	3	trialwise	1031;2764;4490	1031;2764;4490	7;18;29	80;45;3	sub-006_ses-103_task-s7;sub-006_ses-202_task-s7;sub-006_ses-303_task-s7	1031	7	80	sub-006	ses-103	task-s7	1;2;3	7;7;7
616	617	616	617	3	3	trialwise	939;2629;4361	939;2629;4361	6;17;28	146;68;32	sub-006_ses-103_task-s6;sub-006_ses-202_task-s6;sub-006_ses-303_task-s6	939	6	146	sub-006	ses-103	task-s6	1;2;3	6;6;6
617	618	617	618	3	3	trialwise	607;2398;4144	607;2398;4144	4;15;26	131;154;132	sub-006_ses-102_task-s4;sub-006_ses-201_task-s4;sub-006_ses-302_task-s4	607	4	131	sub-006	ses-102	task-s4	1;2;3	4;4;4
618	619	618	619	3	3	trialwise	714;2500;4262	714;2500;4262	5;16;27	79;97;91	sub-006_ses-102_task-s5;sub-006_ses-202_task-s5;sub-006_ses-303_task-s5	714	5	79	sub-006	ses-102	task-s5	1;2;3	5;5;5
619	620	619	620	3	3	trialwise	495;2307;4028	495;2307;4028	4;15;26	19;63;16	sub-006_ses-102_task-s4;sub-006_ses-201_task-s4;sub-006_ses-302_task-s4	495	4	19	sub-006	ses-102	task-s4	1;2;3	4;4;4
620	621	620	621	3	3	trialwise	922;2682;4432	922;2682;4432	6;17;28	129;121;103	sub-006_ses-103_task-s6;sub-006_ses-202_task-s6;sub-006_ses-303_task-s6	922	6	129	sub-006	ses-103	task-s6	1;2;3	6;6;6
621	622	621	622	3	3	trialwise	1060;2788;4625	1060;2788;4625	7;18;29	109;69;138	sub-006_ses-103_task-s7;sub-006_ses-202_task-s7;sub-006_ses-303_task-s7	1060	7	109	sub-006	ses-103	task-s7	1;2;3	7;7;7
622	623	622	623	3	3	trialwise	756;2416;4204	756;2416;4204	5;16;27	121;13;33	sub-006_ses-102_task-s5;sub-006_ses-202_task-s5;sub-006_ses-303_task-s5	756	5	121	sub-006	ses-102	task-s5	1;2;3	5;5;5
623	624	623	624	3	3	trialwise	841;2701;4413	841;2701;4413	6;17;28	48;140;84	sub-006_ses-103_task-s6;sub-006_ses-202_task-s6;sub-006_ses-303_task-s6	841	6	48	sub-006	ses-103	task-s6	1;2;3	6;6;6
624	625	624	625	3	3	trialwise	954;2795;4575	954;2795;4575	7;18;29	3;76;88	sub-006_ses-103_task-s7;sub-006_ses-202_task-s7;sub-006_ses-303_task-s7	954	7	3	sub-006	ses-103	task-s7	1;2;3	7;7;7
625	626	625	626	3	3	trialwise	866;2712;4426	866;2712;4426	6;17;28	73;151;97	sub-006_ses-103_task-s6;sub-006_ses-202_task-s6;sub-006_ses-303_task-s6	866	6	73	sub-006	ses-103	task-s6	1;2;3	6;6;6
626	627	626	627	3	3	trialwise	121;1856;3579	121;1856;3579	1;12;23	122;89;44	sub-006_ses-101_task-s1;sub-006_ses-201_task-s1;sub-006_ses-301_task-s1	121	1	122	sub-006	ses-101	task-s1	1;2;3	1;1;1
627	628	627	628	3	3	trialwise	688;2548;4223	688;2548;4223	5;16;27	53;145;52	sub-006_ses-102_task-s5;sub-006_ses-202_task-s5;sub-006_ses-303_task-s5	688	5	53	sub-006	ses-102	task-s5	1;2;3	5;5;5
628	629	628	629	3	3	trialwise	149;1874;3619	149;1874;3619	1;12;23	150;107;84	sub-006_ses-101_task-s1;sub-006_ses-201_task-s1;sub-006_ses-301_task-s1	149	1	150	sub-006	ses-101	task-s1	1;2;3	1;1;1
629	630	629	630	3	3	trialwise	935;2617;4346	935;2617;4346	6;17;28	142;56;17	sub-006_ses-103_task-s6;sub-006_ses-202_task-s6;sub-006_ses-303_task-s6	935	6	142	sub-006	ses-103	task-s6	1;2;3	6;6;6
630	631	630	631	3	3	trialwise	109;1770;3673	109;1770;3673	1;12;23	110;3;138	sub-006_ses-101_task-s1;sub-006_ses-201_task-s1;sub-006_ses-301_task-s1	109	1	110	sub-006	ses-101	task-s1	1;2;3	1;1;1
631	632	631	632	3	3	trialwise	100;1902;3606	100;1902;3606	1;12;23	101;135;71	sub-006_ses-101_task-s1;sub-006_ses-201_task-s1;sub-006_ses-301_task-s1	100	1	101	sub-006	ses-101	task-s1	1;2;3	1;1;1
632	633	632	633	3	3	trialwise	834;2650;4356	834;2650;4356	6;17;28	41;89;27	sub-006_ses-103_task-s6;sub-006_ses-202_task-s6;sub-006_ses-303_task-s6	834	6	41	sub-006	ses-103	task-s6	1;2;3	6;6;6
633	634	633	634	3	3	trialwise	399;2213;3883	399;2213;3883	3;14;25	82;128;30	sub-006_ses-101_task-s3;sub-006_ses-201_task-s3;sub-006_ses-302_task-s3	399	3	82	sub-006	ses-101	task-s3	1;2;3	3;3;3
634	635	634	635	3	3	trialwise	892;2652;4349	892;2652;4349	6;17;28	99;91;20	sub-006_ses-103_task-s6;sub-006_ses-202_task-s6;sub-006_ses-303_task-s6	892	6	99	sub-006	ses-103	task-s6	1;2;3	6;6;6
635	636	635	636	3	3	trialwise	396;2151;3985	396;2151;3985	3;14;25	79;66;132	sub-006_ses-101_task-s3;sub-006_ses-201_task-s3;sub-006_ses-302_task-s3	396	3	79	sub-006	ses-101	task-s3	1;2;3	3;3;3
636	637	636	637	3	3	trialwise	1135;2911;4674	1135;2911;4674	8;19;30	26;34;29	sub-006_ses-103_task-s8;sub-006_ses-202_task-s8;sub-006_ses-304_task-s8	1135	8	26	sub-006	ses-103	task-s8	1;2;3	8;8;8
637	638	637	638	3	3	trialwise	425;2122;3961	425;2122;3961	3;14;25	108;37;108	sub-006_ses-101_task-s3;sub-006_ses-201_task-s3;sub-006_ses-302_task-s3	425	3	108	sub-006	ses-101	task-s3	1;2;3	3;3;3
638	639	638	639	3	3	trialwise	800;2678;4428	800;2678;4428	6;17;28	7;117;99	sub-006_ses-103_task-s6;sub-006_ses-202_task-s6;sub-006_ses-303_task-s6	800	6	7	sub-006	ses-103	task-s6	1;2;3	6;6;6
639	640	639	640	3	3	trialwise	965;2792;4630	965;2792;4630	7;18;29	14;73;143	sub-006_ses-103_task-s7;sub-006_ses-202_task-s7;sub-006_ses-303_task-s7	965	7	14	sub-006	ses-103	task-s7	1;2;3	7;7;7
640	641	640	641	3	3	trialwise	675;2446;4208	675;2446;4208	5;16;27	40;43;37	sub-006_ses-102_task-s5;sub-006_ses-202_task-s5;sub-006_ses-303_task-s5	675	5	40	sub-006	ses-102	task-s5	1;2;3	5;5;5
641	642	641	642	3	3	trialwise	633;2336;4060	633;2336;4060	4;15;26	157;92;48	sub-006_ses-102_task-s4;sub-006_ses-201_task-s4;sub-006_ses-302_task-s4	633	4	157	sub-006	ses-102	task-s4	1;2;3	4;4;4
642	643	642	643	3	3	trialwise	79;1771;3638	79;1771;3638	1;12;23	80;4;103	sub-006_ses-101_task-s1;sub-006_ses-201_task-s1;sub-006_ses-301_task-s1	79	1	80	sub-006	ses-101	task-s1	1;2;3	1;1;1
643	644	643	644	3	3	trialwise	1057;2808;4603	1057;2808;4603	7;18;29	106;89;116	sub-006_ses-103_task-s7;sub-006_ses-202_task-s7;sub-006_ses-303_task-s7	1057	7	106	sub-006	ses-103	task-s7	1;2;3	7;7;7
644	645	644	645	3	3	trialwise	379;2204;3952	379;2204;3952	3;14;25	62;119;99	sub-006_ses-101_task-s3;sub-006_ses-201_task-s3;sub-006_ses-302_task-s3	379	3	62	sub-006	ses-101	task-s3	1;2;3	3;3;3
645	646	645	646	4	4	trialwise	6;33;1849;3558	6;33;1849;3558	1;1;12;23	7;34;82;23	sub-006_ses-101_task-s1;sub-006_ses-101_task-s1;sub-006_ses-201_task-s1;sub-006_ses-301_task-s1	6	1	7	sub-006	ses-101	task-s1	1;1;2;3	1;1;1;1
646	647	646	647	3	3	trialwise	1113;2986;4792	1113;2986;4792	8;19;30	4;109;147	sub-006_ses-103_task-s8;sub-006_ses-202_task-s8;sub-006_ses-304_task-s8	1113	8	4	sub-006	ses-103	task-s8	1;2;3	8;8;8
647	648	647	648	3	3	trialwise	423;2107;3953	423;2107;3953	3;14;25	106;22;100	sub-006_ses-101_task-s3;sub-006_ses-201_task-s3;sub-006_ses-302_task-s3	423	3	106	sub-006	ses-101	task-s3	1;2;3	3;3;3
648	649	648	649	3	3	trialwise	999;2752;4633	999;2752;4633	7;18;29	48;33;146	sub-006_ses-103_task-s7;sub-006_ses-202_task-s7;sub-006_ses-303_task-s7	999	7	48	sub-006	ses-103	task-s7	1;2;3	7;7;7
649	650	649	650	3	3	trialwise	823;2626;4484	823;2626;4484	6;17;28	30;65;155	sub-006_ses-103_task-s6;sub-006_ses-202_task-s6;sub-006_ses-303_task-s6	823	6	30	sub-006	ses-103	task-s6	1;2;3	6;6;6
650	651	650	651	3	3	trialwise	435;2189;3889	435;2189;3889	3;14;25	118;104;36	sub-006_ses-101_task-s3;sub-006_ses-201_task-s3;sub-006_ses-302_task-s3	435	3	118	sub-006	ses-101	task-s3	1;2;3	3;3;3
651	652	651	652	3	3	trialwise	919;2578;4366	919;2578;4366	6;17;28	126;17;37	sub-006_ses-103_task-s6;sub-006_ses-202_task-s6;sub-006_ses-303_task-s6	919	6	126	sub-006	ses-103	task-s6	1;2;3	6;6;6
652	653	652	653	3	3	trialwise	1136;2910;4681	1136;2910;4681	8;19;30	27;33;36	sub-006_ses-103_task-s8;sub-006_ses-202_task-s8;sub-006_ses-304_task-s8	1136	8	27	sub-006	ses-103	task-s8	1;2;3	8;8;8
653	654	653	654	3	3	trialwise	475;2092;3960	475;2092;3960	3;14;25	158;7;107	sub-006_ses-101_task-s3;sub-006_ses-201_task-s3;sub-006_ses-302_task-s3	475	3	158	sub-006	ses-101	task-s3	1;2;3	3;3;3
654	655	654	655	3	3	trialwise	1230;3021;4737	1230;3021;4737	8;19;30	121;144;92	sub-006_ses-103_task-s8;sub-006_ses-202_task-s8;sub-006_ses-304_task-s8	1230	8	121	sub-006	ses-103	task-s8	1;2;3	8;8;8
655	656	655	656	3	3	trialwise	273;2005;3836	273;2005;3836	2;13;24	115;79;142	sub-006_ses-101_task-s2;sub-006_ses-201_task-s2;sub-006_ses-302_task-s2	273	2	115	sub-006	ses-101	task-s2	1;2;3	2;2;2
656	657	656	657	3	3	trialwise	1084;2779;4512	1084;2779;4512	7;18;29	133;60;25	sub-006_ses-103_task-s7;sub-006_ses-202_task-s7;sub-006_ses-303_task-s7	1084	7	133	sub-006	ses-103	task-s7	1;2;3	7;7;7
657	658	657	658	3	3	trialwise	1109;2741;4509	1109;2741;4509	7;18;29	158;22;22	sub-006_ses-103_task-s7;sub-006_ses-202_task-s7;sub-006_ses-303_task-s7	1109	7	158	sub-006	ses-103	task-s7	1;2;3	7;7;7
658	659	658	659	3	3	trialwise	407;2137;3890	407;2137;3890	3;14;25	90;52;37	sub-006_ses-101_task-s3;sub-006_ses-201_task-s3;sub-006_ses-302_task-s3	407	3	90	sub-006	ses-101	task-s3	1;2;3	3;3;3
659	660	659	660	3	3	trialwise	698;2537;4265	698;2537;4265	5;16;27	63;134;94	sub-006_ses-102_task-s5;sub-006_ses-202_task-s5;sub-006_ses-303_task-s5	698	5	63	sub-006	ses-102	task-s5	1;2;3	5;5;5
660	661	660	661	3	3	trialwise	163;1959;3795	163;1959;3795	2;13;24	5;33;101	sub-006_ses-101_task-s2;sub-006_ses-201_task-s2;sub-006_ses-302_task-s2	163	2	5	sub-006	ses-101	task-s2	1;2;3	2;2;2
661	662	661	662	3	3	trialwise	828;2654;4369	828;2654;4369	6;17;28	35;93;40	sub-006_ses-103_task-s6;sub-006_ses-202_task-s6;sub-006_ses-303_task-s6	828	6	35	sub-006	ses-103	task-s6	1;2;3	6;6;6
662	663	662	663	3	3	trialwise	128;1795;3546	128;1795;3546	1;12;23	129;28;11	sub-006_ses-101_task-s1;sub-006_ses-201_task-s1;sub-006_ses-301_task-s1	128	1	129	sub-006	ses-101	task-s1	1;2;3	1;1;1
663	664	663	664	3	3	trialwise	663;2544;4325	663;2544;4325	5;16;27	28;141;154	sub-006_ses-102_task-s5;sub-006_ses-202_task-s5;sub-006_ses-303_task-s5	663	5	28	sub-006	ses-102	task-s5	1;2;3	5;5;5
664	665	664	665	3	3	trialwise	900;2609;4456	900;2609;4456	6;17;28	107;48;127	sub-006_ses-103_task-s6;sub-006_ses-202_task-s6;sub-006_ses-303_task-s6	900	6	107	sub-006	ses-103	task-s6	1;2;3	6;6;6
665	666	665	666	3	3	trialwise	624;2401;4078	624;2401;4078	4;15;26	148;157;66	sub-006_ses-102_task-s4;sub-006_ses-201_task-s4;sub-006_ses-302_task-s4	624	4	148	sub-006	ses-102	task-s4	1;2;3	4;4;4
666	667	666	667	3	3	trialwise	767;2461;4205	767;2461;4205	5;16;27	132;58;34	sub-006_ses-102_task-s5;sub-006_ses-202_task-s5;sub-006_ses-303_task-s5	767	5	132	sub-006	ses-102	task-s5	1;2;3	5;5;5
667	668	667	668	3	3	trialwise	477;2276;4052	477;2276;4052	4;15;26	1;32;40	sub-006_ses-102_task-s4;sub-006_ses-201_task-s4;sub-006_ses-302_task-s4	477	4	1	sub-006	ses-102	task-s4	1;2;3	4;4;4
668	669	668	669	3	3	trialwise	183;1937;3791	183;1937;3791	2;13;24	25;11;97	sub-006_ses-101_task-s2;sub-006_ses-201_task-s2;sub-006_ses-302_task-s2	183	2	25	sub-006	ses-101	task-s2	1;2;3	2;2;2
669	670	669	670	3	3	trialwise	1026;2813;4546	1026;2813;4546	7;18;29	75;94;59	sub-006_ses-103_task-s7;sub-006_ses-202_task-s7;sub-006_ses-303_task-s7	1026	7	75	sub-006	ses-103	task-s7	1;2;3	7;7;7
670	671	670	671	3	3	trialwise	531;2400;4013	531;2400;4013	4;15;26	55;156;1	sub-006_ses-102_task-s4;sub-006_ses-201_task-s4;sub-006_ses-302_task-s4	531	4	55	sub-006	ses-102	task-s4	1;2;3	4;4;4
671	672	671	672	3	3	trialwise	949;2700;4430	949;2700;4430	6;17;28	156;139;101	sub-006_ses-103_task-s6;sub-006_ses-202_task-s6;sub-006_ses-303_task-s6	949	6	156	sub-006	ses-103	task-s6	1;2;3	6;6;6
672	673	672	673	3	3	trialwise	961;2720;4548	961;2720;4548	7;18;29	10;1;61	sub-006_ses-103_task-s7;sub-006_ses-202_task-s7;sub-006_ses-303_task-s7	961	7	10	sub-006	ses-103	task-s7	1;2;3	7;7;7
673	674	673	674	3	3	trialwise	151;1791;3656	151;1791;3656	1;12;23	152;24;121	sub-006_ses-101_task-s1;sub-006_ses-201_task-s1;sub-006_ses-301_task-s1	151	1	152	sub-006	ses-101	task-s1	1;2;3	1;1;1
674	675	674	675	3	3	trialwise	953;2850;4619	953;2850;4619	7;18;29	2;131;132	sub-006_ses-103_task-s7;sub-006_ses-202_task-s7;sub-006_ses-303_task-s7	953	7	2	sub-006	ses-103	task-s7	1;2;3	7;7;7
675	676	675	676	3	3	trialwise	97;1847;3657	97;1847;3657	1;12;23	98;80;122	sub-006_ses-101_task-s1;sub-006_ses-201_task-s1;sub-006_ses-301_task-s1	97	1	98	sub-006	ses-101	task-s1	1;2;3	1;1;1
676	677	676	677	3	3	trialwise	27;1895;3654	27;1895;3654	1;12;23	28;128;119	sub-006_ses-101_task-s1;sub-006_ses-201_task-s1;sub-006_ses-301_task-s1	27	1	28	sub-006	ses-101	task-s1	1;2;3	1;1;1
677	678	677	678	3	3	trialwise	1157;2945;4801	1157;2945;4801	8;19;30	48;68;156	sub-006_ses-103_task-s8;sub-006_ses-202_task-s8;sub-006_ses-304_task-s8	1157	8	48	sub-006	ses-103	task-s8	1;2;3	8;8;8
678	679	678	679	3	3	trialwise	511;2332;4071	511;2332;4071	4;15;26	35;88;59	sub-006_ses-102_task-s4;sub-006_ses-201_task-s4;sub-006_ses-302_task-s4	511	4	35	sub-006	ses-102	task-s4	1;2;3	4;4;4
679	680	679	680	3	3	trialwise	191;1971;3798	191;1971;3798	2;13;24	33;45;104	sub-006_ses-101_task-s2;sub-006_ses-201_task-s2;sub-006_ses-302_task-s2	191	2	33	sub-006	ses-101	task-s2	1;2;3	2;2;2
680	681	680	681	3	3	trialwise	910;2571;4442	910;2571;4442	6;17;28	117;10;113	sub-006_ses-103_task-s6;sub-006_ses-202_task-s6;sub-006_ses-303_task-s6	910	6	117	sub-006	ses-103	task-s6	1;2;3	6;6;6
681	682	681	682	3	3	trialwise	147;1839;3566	147;1839;3566	1;12;23	148;72;31	sub-006_ses-101_task-s1;sub-006_ses-201_task-s1;sub-006_ses-301_task-s1	147	1	148	sub-006	ses-101	task-s1	1;2;3	1;1;1
682	683	682	683	3	3	trialwise	402;2155;4000	402;2155;4000	3;14;25	85;70;147	sub-006_ses-101_task-s3;sub-006_ses-201_task-s3;sub-006_ses-302_task-s3	402	3	85	sub-006	ses-101	task-s3	1;2;3	3;3;3
683	684	683	684	3	3	trialwise	765;2543;4179	765;2543;4179	5;16;27	130;140;8	sub-006_ses-102_task-s5;sub-006_ses-202_task-s5;sub-006_ses-303_task-s5	765	5	130	sub-006	ses-102	task-s5	1;2;3	5;5;5
684	685	684	685	3	3	trialwise	836;2703;4395	836;2703;4395	6;17;28	43;142;66	sub-006_ses-103_task-s6;sub-006_ses-202_task-s6;sub-006_ses-303_task-s6	836	6	43	sub-006	ses-103	task-s6	1;2;3	6;6;6
685	686	685	686	3	3	trialwise	524;2359;4074	524;2359;4074	4;15;26	48;115;62	sub-006_ses-102_task-s4;sub-006_ses-201_task-s4;sub-006_ses-302_task-s4	524	4	48	sub-006	ses-102	task-s4	1;2;3	4;4;4
686	687	686	687	3	3	trialwise	1064;2730;4501	1064;2730;4501	7;18;29	113;11;14	sub-006_ses-103_task-s7;sub-006_ses-202_task-s7;sub-006_ses-303_task-s7	1064	7	113	sub-006	ses-103	task-s7	1;2;3	7;7;7
687	688	687	688	3	3	trialwise	564;2370;4116	564;2370;4116	4;15;26	88;126;104	sub-006_ses-102_task-s4;sub-006_ses-201_task-s4;sub-006_ses-302_task-s4	564	4	88	sub-006	ses-102	task-s4	1;2;3	4;4;4
688	689	688	689	3	3	trialwise	424;2142;3893	424;2142;3893	3;14;25	107;57;40	sub-006_ses-101_task-s3;sub-006_ses-201_task-s3;sub-006_ses-302_task-s3	424	3	107	sub-006	ses-101	task-s3	1;2;3	3;3;3
689	690	689	690	3	3	trialwise	1216;2975;4691	1216;2975;4691	8;19;30	107;98;46	sub-006_ses-103_task-s8;sub-006_ses-202_task-s8;sub-006_ses-304_task-s8	1216	8	107	sub-006	ses-103	task-s8	1;2;3	8;8;8
690	691	690	691	3	3	trialwise	647;2432;4294	647;2432;4294	5;16;27	12;29;123	sub-006_ses-102_task-s5;sub-006_ses-202_task-s5;sub-006_ses-303_task-s5	647	5	12	sub-006	ses-102	task-s5	1;2;3	5;5;5
691	692	691	692	3	3	trialwise	766;2508;4321	766;2508;4321	5;16;27	131;105;150	sub-006_ses-102_task-s5;sub-006_ses-202_task-s5;sub-006_ses-303_task-s5	766	5	131	sub-006	ses-102	task-s5	1;2;3	5;5;5
692	693	692	693	2	2	trialwise	1893;3613	1893;3613	12;23	126;78	sub-006_ses-201_task-s1;sub-006_ses-301_task-s1	1893	12	126	sub-006	ses-201	task-s1	2;3	1;1
693	694	693	694	3	3	trialwise	241;1974;3781	241;1974;3781	2;13;24	83;48;87	sub-006_ses-101_task-s2;sub-006_ses-201_task-s2;sub-006_ses-302_task-s2	241	2	83	sub-006	ses-101	task-s2	1;2;3	2;2;2
694	695	694	695	3	3	trialwise	788;2453;4254	788;2453;4254	5;16;27	153;50;83	sub-006_ses-102_task-s5;sub-006_ses-202_task-s5;sub-006_ses-303_task-s5	788	5	153	sub-006	ses-102	task-s5	1;2;3	5;5;5
695	696	695	696	3	3	trialwise	1098;2746;4563	1098;2746;4563	7;18;29	147;27;76	sub-006_ses-103_task-s7;sub-006_ses-202_task-s7;sub-006_ses-303_task-s7	1098	7	147	sub-006	ses-103	task-s7	1;2;3	7;7;7
696	697	696	697	3	3	trialwise	245;1930;3718	245;1930;3718	2;13;24	87;4;24	sub-006_ses-101_task-s2;sub-006_ses-201_task-s2;sub-006_ses-302_task-s2	245	2	87	sub-006	ses-101	task-s2	1;2;3	2;2;2
697	698	697	698	3	3	trialwise	885;2581;4460	885;2581;4460	6;17;28	92;20;131	sub-006_ses-103_task-s6;sub-006_ses-202_task-s6;sub-006_ses-303_task-s6	885	6	92	sub-006	ses-103	task-s6	1;2;3	6;6;6
698	699	698	699	3	3	trialwise	862;2566;4333	862;2566;4333	6;17;28	69;5;4	sub-006_ses-103_task-s6;sub-006_ses-202_task-s6;sub-006_ses-303_task-s6	862	6	69	sub-006	ses-103	task-s6	1;2;3	6;6;6
699	700	699	700	3	3	trialwise	981;2757;4562	981;2757;4562	7;18;29	30;38;75	sub-006_ses-103_task-s7;sub-006_ses-202_task-s7;sub-006_ses-303_task-s7	981	7	30	sub-006	ses-103	task-s7	1;2;3	7;7;7
700	701	700	701	3	3	trialwise	542;2310;4110	542;2310;4110	4;15;26	66;66;98	sub-006_ses-102_task-s4;sub-006_ses-201_task-s4;sub-006_ses-302_task-s4	542	4	66	sub-006	ses-102	task-s4	1;2;3	4;4;4
701	702	701	702	3	3	trialwise	1102;2793;4589	1102;2793;4589	7;18;29	151;74;102	sub-006_ses-103_task-s7;sub-006_ses-202_task-s7;sub-006_ses-303_task-s7	1102	7	151	sub-006	ses-103	task-s7	1;2;3	7;7;7
702	703	702	703	3	3	trialwise	1190;3010;4730	1190;3010;4730	8;19;30	81;133;85	sub-006_ses-103_task-s8;sub-006_ses-202_task-s8;sub-006_ses-304_task-s8	1190	8	81	sub-006	ses-103	task-s8	1;2;3	8;8;8
703	704	703	704	3	3	trialwise	971;2840;4520	971;2840;4520	7;18;29	20;121;33	sub-006_ses-103_task-s7;sub-006_ses-202_task-s7;sub-006_ses-303_task-s7	971	7	20	sub-006	ses-103	task-s7	1;2;3	7;7;7
704	705	704	705	3	3	trialwise	45;1882;3580	45;1882;3580	1;12;23	46;115;45	sub-006_ses-101_task-s1;sub-006_ses-201_task-s1;sub-006_ses-301_task-s1	45	1	46	sub-006	ses-101	task-s1	1;2;3	1;1;1
705	706	705	706	3	3	trialwise	878;2644;4423	878;2644;4423	6;17;28	85;83;94	sub-006_ses-103_task-s6;sub-006_ses-202_task-s6;sub-006_ses-303_task-s6	878	6	85	sub-006	ses-103	task-s6	1;2;3	6;6;6
706	707	706	707	3	3	trialwise	483;2273;4030	483;2273;4030	4;15;26	7;29;18	sub-006_ses-102_task-s4;sub-006_ses-201_task-s4;sub-006_ses-302_task-s4	483	4	7	sub-006	ses-102	task-s4	1;2;3	4;4;4
707	708	707	708	3	3	trialwise	255;2019;3818	255;2019;3818	2;13;24	97;93;124	sub-006_ses-101_task-s2;sub-006_ses-201_task-s2;sub-006_ses-302_task-s2	255	2	97	sub-006	ses-101	task-s2	1;2;3	2;2;2
708	709	708	709	3	3	trialwise	890;2615;4400	890;2615;4400	6;17;28	97;54;71	sub-006_ses-103_task-s6;sub-006_ses-202_task-s6;sub-006_ses-303_task-s6	890	6	97	sub-006	ses-103	task-s6	1;2;3	6;6;6
709	710	709	710	3	3	trialwise	709;2463;4285	709;2463;4285	5;16;27	74;60;114	sub-006_ses-102_task-s5;sub-006_ses-202_task-s5;sub-006_ses-303_task-s5	709	5	74	sub-006	ses-102	task-s5	1;2;3	5;5;5
710	711	710	711	3	3	trialwise	337;2243;3973	337;2243;3973	3;14;25	20;158;120	sub-006_ses-101_task-s3;sub-006_ses-201_task-s3;sub-006_ses-302_task-s3	337	3	20	sub-006	ses-101	task-s3	1;2;3	3;3;3
711	712	711	712	3	3	trialwise	1025;2758;4505	1025;2758;4505	7;18;29	74;39;18	sub-006_ses-103_task-s7;sub-006_ses-202_task-s7;sub-006_ses-303_task-s7	1025	7	74	sub-006	ses-103	task-s7	1;2;3	7;7;7
712	713	712	713	3	3	trialwise	1241;2981;4697	1241;2981;4697	8;19;30	132;104;52	sub-006_ses-103_task-s8;sub-006_ses-202_task-s8;sub-006_ses-304_task-s8	1241	8	132	sub-006	ses-103	task-s8	1;2;3	8;8;8
713	714	713	714	3	3	trialwise	597;2278;4082	597;2278;4082	4;15;26	121;34;70	sub-006_ses-102_task-s4;sub-006_ses-201_task-s4;sub-006_ses-302_task-s4	597	4	121	sub-006	ses-102	task-s4	1;2;3	4;4;4
714	715	714	715	4	4	trialwise	12;116;1790;3592	12;116;1790;3592	1;1;12;23	13;117;23;57	sub-006_ses-101_task-s1;sub-006_ses-101_task-s1;sub-006_ses-201_task-s1;sub-006_ses-301_task-s1	12	1	13	sub-006	ses-101	task-s1	1;1;2;3	1;1;1;1
715	716	715	716	3	3	trialwise	394;2194;4002	394;2194;4002	3;14;25	77;109;149	sub-006_ses-101_task-s3;sub-006_ses-201_task-s3;sub-006_ses-302_task-s3	394	3	77	sub-006	ses-101	task-s3	1;2;3	3;3;3
716	717	716	717	3	3	trialwise	632;2383;4170	632;2383;4170	4;15;26	156;139;158	sub-006_ses-102_task-s4;sub-006_ses-201_task-s4;sub-006_ses-302_task-s4	632	4	156	sub-006	ses-102	task-s4	1;2;3	4;4;4
717	718	717	718	3	3	trialwise	911;2596;4425	911;2596;4425	6;17;28	118;35;96	sub-006_ses-103_task-s6;sub-006_ses-202_task-s6;sub-006_ses-303_task-s6	911	6	118	sub-006	ses-103	task-s6	1;2;3	6;6;6
718	719	718	719	3	3	trialwise	228;1955;3832	228;1955;3832	2;13;24	70;29;138	sub-006_ses-101_task-s2;sub-006_ses-201_task-s2;sub-006_ses-302_task-s2	228	2	70	sub-006	ses-101	task-s2	1;2;3	2;2;2
719	720	719	720	3	3	trialwise	1189;2943;4802	1189;2943;4802	8;19;30	80;66;157	sub-006_ses-103_task-s8;sub-006_ses-202_task-s8;sub-006_ses-304_task-s8	1189	8	80	sub-006	ses-103	task-s8	1;2;3	8;8;8
720	721	720	721	3	3	trialwise	550;2286;4048	550;2286;4048	4;15;26	74;42;36	sub-006_ses-102_task-s4;sub-006_ses-201_task-s4;sub-006_ses-302_task-s4	550	4	74	sub-006	ses-102	task-s4	1;2;3	4;4;4
721	722	721	722	3	3	trialwise	108;1793;3684	108;1793;3684	1;12;23	109;26;149	sub-006_ses-101_task-s1;sub-006_ses-201_task-s1;sub-006_ses-301_task-s1	108	1	109	sub-006	ses-101	task-s1	1;2;3	1;1;1
722	723	722	723	3	3	trialwise	908;2692;4417	908;2692;4417	6;17;28	115;131;88	sub-006_ses-103_task-s6;sub-006_ses-202_task-s6;sub-006_ses-303_task-s6	908	6	115	sub-006	ses-103	task-s6	1;2;3	6;6;6
723	724	723	724	3	3	trialwise	1011;2798;4597	1011;2798;4597	7;18;29	60;79;110	sub-006_ses-103_task-s7;sub-006_ses-202_task-s7;sub-006_ses-303_task-s7	1011	7	60	sub-006	ses-103	task-s7	1;2;3	7;7;7
724	725	724	725	3	3	trialwise	593;2392;4164	593;2392;4164	4;15;26	117;148;152	sub-006_ses-102_task-s4;sub-006_ses-201_task-s4;sub-006_ses-302_task-s4	593	4	117	sub-006	ses-102	task-s4	1;2;3	4;4;4
725	726	725	726	3	3	trialwise	942;2705;4433	942;2705;4433	6;17;28	149;144;104	sub-006_ses-103_task-s6;sub-006_ses-202_task-s6;sub-006_ses-303_task-s6	942	6	149	sub-006	ses-103	task-s6	1;2;3	6;6;6
726	727	726	727	3	3	trialwise	678;2504;4314	678;2504;4314	5;16;27	43;101;143	sub-006_ses-102_task-s5;sub-006_ses-202_task-s5;sub-006_ses-303_task-s5	678	5	43	sub-006	ses-102	task-s5	1;2;3	5;5;5
727	728	727	728	3	3	trialwise	1082;2877;4570	1082;2877;4570	7;18;29	131;158;83	sub-006_ses-103_task-s7;sub-006_ses-202_task-s7;sub-006_ses-303_task-s7	1082	7	131	sub-006	ses-103	task-s7	1;2;3	7;7;7
728	729	728	729	3	3	trialwise	1124;2971;4723	1124;2971;4723	8;19;30	15;94;78	sub-006_ses-103_task-s8;sub-006_ses-202_task-s8;sub-006_ses-304_task-s8	1124	8	15	sub-006	ses-103	task-s8	1;2;3	8;8;8
729	730	729	730	3	3	trialwise	41;1911;3608	41;1911;3608	1;12;23	42;144;73	sub-006_ses-101_task-s1;sub-006_ses-201_task-s1;sub-006_ses-301_task-s1	41	1	42	sub-006	ses-101	task-s1	1;2;3	1;1;1
730	731	730	731	3	3	trialwise	1024;2787;4638	1024;2787;4638	7;18;29	73;68;151	sub-006_ses-103_task-s7;sub-006_ses-202_task-s7;sub-006_ses-303_task-s7	1024	7	73	sub-006	ses-103	task-s7	1;2;3	7;7;7
731	732	731	732	3	3	trialwise	480;2308;4049	480;2308;4049	4;15;26	4;64;37	sub-006_ses-102_task-s4;sub-006_ses-201_task-s4;sub-006_ses-302_task-s4	480	4	4	sub-006	ses-102	task-s4	1;2;3	4;4;4
732	733	732	733	3	3	trialwise	608;2257;4018	608;2257;4018	4;15;26	132;13;6	sub-006_ses-102_task-s4;sub-006_ses-201_task-s4;sub-006_ses-302_task-s4	608	4	132	sub-006	ses-102	task-s4	1;2;3	4;4;4
733	734	733	734	3	3	trialwise	472;2165;3862	472;2165;3862	3;14;25	155;80;9	sub-006_ses-101_task-s3;sub-006_ses-201_task-s3;sub-006_ses-302_task-s3	472	3	155	sub-006	ses-101	task-s3	1;2;3	3;3;3
734	735	734	735	3	3	trialwise	638;2497;4196	638;2497;4196	5;16;27	3;94;25	sub-006_ses-102_task-s5;sub-006_ses-202_task-s5;sub-006_ses-303_task-s5	638	5	3	sub-006	ses-102	task-s5	1;2;3	5;5;5
735	736	735	736	3	3	trialwise	1235;2944;4725	1235;2944;4725	8;19;30	126;67;80	sub-006_ses-103_task-s8;sub-006_ses-202_task-s8;sub-006_ses-304_task-s8	1235	8	126	sub-006	ses-103	task-s8	1;2;3	8;8;8
736	737	736	737	3	3	trialwise	226;1964;3823	226;1964;3823	2;13;24	68;38;129	sub-006_ses-101_task-s2;sub-006_ses-201_task-s2;sub-006_ses-302_task-s2	226	2	68	sub-006	ses-101	task-s2	1;2;3	2;2;2
737	738	737	738	3	3	trialwise	855;2590;4477	855;2590;4477	6;17;28	62;29;148	sub-006_ses-103_task-s6;sub-006_ses-202_task-s6;sub-006_ses-303_task-s6	855	6	62	sub-006	ses-103	task-s6	1;2;3	6;6;6
738	739	738	739	3	3	trialwise	471;2232;3997	471;2232;3997	3;14;25	154;147;144	sub-006_ses-101_task-s3;sub-006_ses-201_task-s3;sub-006_ses-302_task-s3	471	3	154	sub-006	ses-101	task-s3	1;2;3	3;3;3
739	740	739	740	3	3	trialwise	1168;2977;4669	1168;2977;4669	8;19;30	59;100;24	sub-006_ses-103_task-s8;sub-006_ses-202_task-s8;sub-006_ses-304_task-s8	1168	8	59	sub-006	ses-103	task-s8	1;2;3	8;8;8
740	741	740	741	4	4	trialwise	5;89;1921;3567	5;89;1921;3567	1;1;12;23	6;90;154;32	sub-006_ses-101_task-s1;sub-006_ses-101_task-s1;sub-006_ses-201_task-s1;sub-006_ses-301_task-s1	5	1	6	sub-006	ses-101	task-s1	1;1;2;3	1;1;1;1
741	742	741	742	3	3	trialwise	82;1855;3681	82;1855;3681	1;12;23	83;88;146	sub-006_ses-101_task-s1;sub-006_ses-201_task-s1;sub-006_ses-301_task-s1	82	1	83	sub-006	ses-101	task-s1	1;2;3	1;1;1
742	743	742	743	3	3	trialwise	801;2622;4448	801;2622;4448	6;17;28	8;61;119	sub-006_ses-103_task-s6;sub-006_ses-202_task-s6;sub-006_ses-303_task-s6	801	6	8	sub-006	ses-103	task-s6	1;2;3	6;6;6
743	744	743	744	3	3	trialwise	484;2375;4066	484;2375;4066	4;15;26	8;131;54	sub-006_ses-102_task-s4;sub-006_ses-201_task-s4;sub-006_ses-302_task-s4	484	4	8	sub-006	ses-102	task-s4	1;2;3	4;4;4
744	745	744	745	3	3	trialwise	1248;2974;4680	1248;2974;4680	8;19;30	139;97;35	sub-006_ses-103_task-s8;sub-006_ses-202_task-s8;sub-006_ses-304_task-s8	1248	8	139	sub-006	ses-103	task-s8	1;2;3	8;8;8
745	746	745	746	3	3	trialwise	209;2044;3702	209;2044;3702	2;13;24	51;118;8	sub-006_ses-101_task-s2;sub-006_ses-201_task-s2;sub-006_ses-302_task-s2	209	2	51	sub-006	ses-101	task-s2	1;2;3	2;2;2
746	747	746	747	3	3	trialwise	724;2489;4315	724;2489;4315	5;16;27	89;86;144	sub-006_ses-102_task-s5;sub-006_ses-202_task-s5;sub-006_ses-303_task-s5	724	5	89	sub-006	ses-102	task-s5	1;2;3	5;5;5
747	748	747	748	3	3	trialwise	53;1862;3676	53;1862;3676	1;12;23	54;95;141	sub-006_ses-101_task-s1;sub-006_ses-201_task-s1;sub-006_ses-301_task-s1	53	1	54	sub-006	ses-101	task-s1	1;2;3	1;1;1
748	749	748	749	3	3	trialwise	39;1865;3555	39;1865;3555	1;12;23	40;98;20	sub-006_ses-101_task-s1;sub-006_ses-201_task-s1;sub-006_ses-301_task-s1	39	1	40	sub-006	ses-101	task-s1	1;2;3	1;1;1
749	750	749	750	3	3	trialwise	380;2184;3963	380;2184;3963	3;14;25	63;99;110	sub-006_ses-101_task-s3;sub-006_ses-201_task-s3;sub-006_ses-302_task-s3	380	3	63	sub-006	ses-101	task-s3	1;2;3	3;3;3
750	751	750	751	3	3	trialwise	904;2714;4420	904;2714;4420	6;17;28	111;153;91	sub-006_ses-103_task-s6;sub-006_ses-202_task-s6;sub-006_ses-303_task-s6	904	6	111	sub-006	ses-103	task-s6	1;2;3	6;6;6
751	752	751	752	3	3	trialwise	14;1784;3664	14;1784;3664	1;12;23	15;17;129	sub-006_ses-101_task-s1;sub-006_ses-201_task-s1;sub-006_ses-301_task-s1	14	1	15	sub-006	ses-101	task-s1	1;2;3	1;1;1
752	753	752	753	3	3	trialwise	984;2774;4607	984;2774;4607	7;18;29	33;55;120	sub-006_ses-103_task-s7;sub-006_ses-202_task-s7;sub-006_ses-303_task-s7	984	7	33	sub-006	ses-103	task-s7	1;2;3	7;7;7
753	754	753	754	3	3	trialwise	212;2020;3763	212;2020;3763	2;13;24	54;94;69	sub-006_ses-101_task-s2;sub-006_ses-201_task-s2;sub-006_ses-302_task-s2	212	2	54	sub-006	ses-101	task-s2	1;2;3	2;2;2
754	755	754	755	3	3	trialwise	321;2214;3858	321;2214;3858	3;14;25	4;129;5	sub-006_ses-101_task-s3;sub-006_ses-201_task-s3;sub-006_ses-302_task-s3	321	3	4	sub-006	ses-101	task-s3	1;2;3	3;3;3
755	756	755	756	3	3	trialwise	297;2061;3733	297;2061;3733	2;13;24	139;135;39	sub-006_ses-101_task-s2;sub-006_ses-201_task-s2;sub-006_ses-302_task-s2	297	2	139	sub-006	ses-101	task-s2	1;2;3	2;2;2
756	757	756	757	3	3	trialwise	906;2674;4338	906;2674;4338	6;17;28	113;113;9	sub-006_ses-103_task-s6;sub-006_ses-202_task-s6;sub-006_ses-303_task-s6	906	6	113	sub-006	ses-103	task-s6	1;2;3	6;6;6
757	758	757	758	3	3	trialwise	705;2525;4293	705;2525;4293	5;16;27	70;122;122	sub-006_ses-102_task-s5;sub-006_ses-202_task-s5;sub-006_ses-303_task-s5	705	5	70	sub-006	ses-102	task-s5	1;2;3	5;5;5
758	759	758	759	3	3	trialwise	934;2616;4441	934;2616;4441	6;17;28	141;55;112	sub-006_ses-103_task-s6;sub-006_ses-202_task-s6;sub-006_ses-303_task-s6	934	6	141	sub-006	ses-103	task-s6	1;2;3	6;6;6
759	760	759	760	3	3	trialwise	438;2133;3896	438;2133;3896	3;14;25	121;48;43	sub-006_ses-101_task-s3;sub-006_ses-201_task-s3;sub-006_ses-302_task-s3	438	3	121	sub-006	ses-101	task-s3	1;2;3	3;3;3
760	761	760	761	3	3	trialwise	577;2385;4128	577;2385;4128	4;15;26	101;141;116	sub-006_ses-102_task-s4;sub-006_ses-201_task-s4;sub-006_ses-302_task-s4	577	4	101	sub-006	ses-102	task-s4	1;2;3	4;4;4
761	762	761	762	3	3	trialwise	849;2623;4363	849;2623;4363	6;17;28	56;62;34	sub-006_ses-103_task-s6;sub-006_ses-202_task-s6;sub-006_ses-303_task-s6	849	6	56	sub-006	ses-103	task-s6	1;2;3	6;6;6
762	763	762	763	3	3	trialwise	775;2495;4241	775;2495;4241	5;16;27	140;92;70	sub-006_ses-102_task-s5;sub-006_ses-202_task-s5;sub-006_ses-303_task-s5	775	5	140	sub-006	ses-102	task-s5	1;2;3	5;5;5
763	764	763	764	3	3	trialwise	1191;2886;4646	1191;2886;4646	8;19;30	82;9;1	sub-006_ses-103_task-s8;sub-006_ses-202_task-s8;sub-006_ses-304_task-s8	1191	8	82	sub-006	ses-103	task-s8	1;2;3	8;8;8
764	765	764	765	3	3	trialwise	1087;2863;4499	1087;2863;4499	7;18;29	136;144;12	sub-006_ses-103_task-s7;sub-006_ses-202_task-s7;sub-006_ses-303_task-s7	1087	7	136	sub-006	ses-103	task-s7	1;2;3	7;7;7
765	766	765	766	3	3	trialwise	1049;2735;4511	1049;2735;4511	7;18;29	98;16;24	sub-006_ses-103_task-s7;sub-006_ses-202_task-s7;sub-006_ses-303_task-s7	1049	7	98	sub-006	ses-103	task-s7	1;2;3	7;7;7
766	767	766	767	3	3	trialwise	1104;2812;4582	1104;2812;4582	7;18;29	153;93;95	sub-006_ses-103_task-s7;sub-006_ses-202_task-s7;sub-006_ses-303_task-s7	1104	7	153	sub-006	ses-103	task-s7	1;2;3	7;7;7
767	768	767	768	3	3	trialwise	431;2210;3966	431;2210;3966	3;14;25	114;125;113	sub-006_ses-101_task-s3;sub-006_ses-201_task-s3;sub-006_ses-302_task-s3	431	3	114	sub-006	ses-101	task-s3	1;2;3	3;3;3
768	769	768	769	3	3	trialwise	388;2218;3947	388;2218;3947	3;14;25	71;133;94	sub-006_ses-101_task-s3;sub-006_ses-201_task-s3;sub-006_ses-302_task-s3	388	3	71	sub-006	ses-101	task-s3	1;2;3	3;3;3
769	770	769	770	3	3	trialwise	621;2304;4087	621;2304;4087	4;15;26	145;60;75	sub-006_ses-102_task-s4;sub-006_ses-201_task-s4;sub-006_ses-302_task-s4	621	4	145	sub-006	ses-102	task-s4	1;2;3	4;4;4
770	771	770	771	3	3	trialwise	1022;2843;4496	1022;2843;4496	7;18;29	71;124;9	sub-006_ses-103_task-s7;sub-006_ses-202_task-s7;sub-006_ses-303_task-s7	1022	7	71	sub-006	ses-103	task-s7	1;2;3	7;7;7
771	772	771	772	3	3	trialwise	918;2607;4335	918;2607;4335	6;17;28	125;46;6	sub-006_ses-103_task-s6;sub-006_ses-202_task-s6;sub-006_ses-303_task-s6	918	6	125	sub-006	ses-103	task-s6	1;2;3	6;6;6
772	773	772	773	3	3	trialwise	1186;3025;4747	1186;3025;4747	8;19;30	77;148;102	sub-006_ses-103_task-s8;sub-006_ses-202_task-s8;sub-006_ses-304_task-s8	1186	8	77	sub-006	ses-103	task-s8	1;2;3	8;8;8
773	774	773	774	3	3	trialwise	370;2239;4009	370;2239;4009	3;14;25	53;154;156	sub-006_ses-101_task-s3;sub-006_ses-201_task-s3;sub-006_ses-302_task-s3	370	3	53	sub-006	ses-101	task-s3	1;2;3	3;3;3
774	775	774	775	3	3	trialwise	207;2085;3846	207;2085;3846	2;13;24	49;159;152	sub-006_ses-101_task-s2;sub-006_ses-201_task-s2;sub-006_ses-302_task-s2	207	2	49	sub-006	ses-101	task-s2	1;2;3	2;2;2
775	776	775	776	3	3	trialwise	549;2252;4131	549;2252;4131	4;15;26	73;8;119	sub-006_ses-102_task-s4;sub-006_ses-201_task-s4;sub-006_ses-302_task-s4	549	4	73	sub-006	ses-102	task-s4	1;2;3	4;4;4
776	777	776	777	3	3	trialwise	844;2635;4339	844;2635;4339	6;17;28	51;74;10	sub-006_ses-103_task-s6;sub-006_ses-202_task-s6;sub-006_ses-303_task-s6	844	6	51	sub-006	ses-103	task-s6	1;2;3	6;6;6
777	778	777	778	3	3	trialwise	1048;2732;4574	1048;2732;4574	7;18;29	97;13;87	sub-006_ses-103_task-s7;sub-006_ses-202_task-s7;sub-006_ses-303_task-s7	1048	7	97	sub-006	ses-103	task-s7	1;2;3	7;7;7
778	779	778	779	3	3	trialwise	936;2587;4454	936;2587;4454	6;17;28	143;26;125	sub-006_ses-103_task-s6;sub-006_ses-202_task-s6;sub-006_ses-303_task-s6	936	6	143	sub-006	ses-103	task-s6	1;2;3	6;6;6
779	780	779	780	3	3	trialwise	1185;3034;4693	1185;3034;4693	8;19;30	76;157;48	sub-006_ses-103_task-s8;sub-006_ses-202_task-s8;sub-006_ses-304_task-s8	1185	8	76	sub-006	ses-103	task-s8	1;2;3	8;8;8
780	781	780	781	3	3	trialwise	877;2707;4419	877;2707;4419	6;17;28	84;146;90	sub-006_ses-103_task-s6;sub-006_ses-202_task-s6;sub-006_ses-303_task-s6	877	6	84	sub-006	ses-103	task-s6	1;2;3	6;6;6
781	782	781	782	3	3	trialwise	1001;2748;4639	1001;2748;4639	7;18;29	50;29;152	sub-006_ses-103_task-s7;sub-006_ses-202_task-s7;sub-006_ses-303_task-s7	1001	7	50	sub-006	ses-103	task-s7	1;2;3	7;7;7
782	783	782	783	3	3	trialwise	36;1925;3552	36;1925;3552	1;12;23	37;158;17	sub-006_ses-101_task-s1;sub-006_ses-201_task-s1;sub-006_ses-301_task-s1	36	1	37	sub-006	ses-101	task-s1	1;2;3	1;1;1
783	784	783	784	3	3	trialwise	146;1887;3642	146;1887;3642	1;12;23	147;120;107	sub-006_ses-101_task-s1;sub-006_ses-201_task-s1;sub-006_ses-301_task-s1	146	1	147	sub-006	ses-101	task-s1	1;2;3	1;1;1
784	785	784	785	3	3	trialwise	891;2687;4350	891;2687;4350	6;17;28	98;126;21	sub-006_ses-103_task-s6;sub-006_ses-202_task-s6;sub-006_ses-303_task-s6	891	6	98	sub-006	ses-103	task-s6	1;2;3	6;6;6
785	786	785	786	3	3	trialwise	227;2037;3810	227;2037;3810	2;13;24	69;111;116	sub-006_ses-101_task-s2;sub-006_ses-201_task-s2;sub-006_ses-302_task-s2	227	2	69	sub-006	ses-101	task-s2	1;2;3	2;2;2
786	787	786	787	3	3	trialwise	1004;2823;4606	1004;2823;4606	7;18;29	53;104;119	sub-006_ses-103_task-s7;sub-006_ses-202_task-s7;sub-006_ses-303_task-s7	1004	7	53	sub-006	ses-103	task-s7	1;2;3	7;7;7
787	788	787	788	3	3	trialwise	280;1988;3789	280;1988;3789	2;13;24	122;62;95	sub-006_ses-101_task-s2;sub-006_ses-201_task-s2;sub-006_ses-302_task-s2	280	2	122	sub-006	ses-101	task-s2	1;2;3	2;2;2
788	789	788	789	3	3	trialwise	481;2369;4057	481;2369;4057	4;15;26	5;125;45	sub-006_ses-102_task-s4;sub-006_ses-201_task-s4;sub-006_ses-302_task-s4	481	4	5	sub-006	ses-102	task-s4	1;2;3	4;4;4
789	790	789	790	3	3	trialwise	345;2132;3924	345;2132;3924	3;14;25	28;47;71	sub-006_ses-101_task-s3;sub-006_ses-201_task-s3;sub-006_ses-302_task-s3	345	3	28	sub-006	ses-101	task-s3	1;2;3	3;3;3
790	791	790	791	3	3	trialwise	457;2163;3875	457;2163;3875	3;14;25	140;78;22	sub-006_ses-101_task-s3;sub-006_ses-201_task-s3;sub-006_ses-302_task-s3	457	3	140	sub-006	ses-101	task-s3	1;2;3	3;3;3
791	792	791	792	3	3	trialwise	499;2301;4161	499;2301;4161	4;15;26	23;57;149	sub-006_ses-102_task-s4;sub-006_ses-201_task-s4;sub-006_ses-302_task-s4	499	4	23	sub-006	ses-102	task-s4	1;2;3	4;4;4
792	793	792	793	3	3	trialwise	1213;2947;4710	1213;2947;4710	8;19;30	104;70;65	sub-006_ses-103_task-s8;sub-006_ses-202_task-s8;sub-006_ses-304_task-s8	1213	8	104	sub-006	ses-103	task-s8	1;2;3	8;8;8
793	794	793	794	3	3	trialwise	171;2021;3727	171;2021;3727	2;13;24	13;95;33	sub-006_ses-101_task-s2;sub-006_ses-201_task-s2;sub-006_ses-302_task-s2	171	2	13	sub-006	ses-101	task-s2	1;2;3	2;2;2
794	795	794	795	3	3	trialwise	248;1979;3711	248;1979;3711	2;13;24	90;53;17	sub-006_ses-101_task-s2;sub-006_ses-201_task-s2;sub-006_ses-302_task-s2	248	2	90	sub-006	ses-101	task-s2	1;2;3	2;2;2
795	796	795	796	3	3	trialwise	604;2351;4017	604;2351;4017	4;15;26	128;107;5	sub-006_ses-102_task-s4;sub-006_ses-201_task-s4;sub-006_ses-302_task-s4	604	4	128	sub-006	ses-102	task-s4	1;2;3	4;4;4
796	797	796	797	3	3	trialwise	479;2338;4036	479;2338;4036	4;15;26	3;94;24	sub-006_ses-102_task-s4;sub-006_ses-201_task-s4;sub-006_ses-302_task-s4	479	4	3	sub-006	ses-102	task-s4	1;2;3	4;4;4
797	798	797	798	3	3	trialwise	532;2292;4143	532;2292;4143	4;15;26	56;48;131	sub-006_ses-102_task-s4;sub-006_ses-201_task-s4;sub-006_ses-302_task-s4	532	4	56	sub-006	ses-102	task-s4	1;2;3	4;4;4
798	799	798	799	3	3	trialwise	1094;2763;4623	1094;2763;4623	7;18;29	143;44;136	sub-006_ses-103_task-s7;sub-006_ses-202_task-s7;sub-006_ses-303_task-s7	1094	7	143	sub-006	ses-103	task-s7	1;2;3	7;7;7
799	800	799	800	3	3	trialwise	987;2853;4524	987;2853;4524	7;18;29	36;134;37	sub-006_ses-103_task-s7;sub-006_ses-202_task-s7;sub-006_ses-303_task-s7	987	7	36	sub-006	ses-103	task-s7	1;2;3	7;7;7
800	801	800	801	3	3	trialwise	655;2456;4172	655;2456;4172	5;16;27	20;53;1	sub-006_ses-102_task-s5;sub-006_ses-202_task-s5;sub-006_ses-303_task-s5	655	5	20	sub-006	ses-102	task-s5	1;2;3	5;5;5
801	802	801	802	3	3	trialwise	99;1792;3660	99;1792;3660	1;12;23	100;25;125	sub-006_ses-101_task-s1;sub-006_ses-201_task-s1;sub-006_ses-301_task-s1	99	1	100	sub-006	ses-101	task-s1	1;2;3	1;1;1
802	803	802	803	3	3	trialwise	1173;2961;4692	1173;2961;4692	8;19;30	64;84;47	sub-006_ses-103_task-s8;sub-006_ses-202_task-s8;sub-006_ses-304_task-s8	1173	8	64	sub-006	ses-103	task-s8	1;2;3	8;8;8
803	804	803	804	3	3	trialwise	250;2067;3703	250;2067;3703	2;13;24	92;141;9	sub-006_ses-101_task-s2;sub-006_ses-201_task-s2;sub-006_ses-302_task-s2	250	2	92	sub-006	ses-101	task-s2	1;2;3	2;2;2
804	805	804	805	3	3	trialwise	300;2072;3697	300;2072;3697	2;13;24	142;146;3	sub-006_ses-101_task-s2;sub-006_ses-201_task-s2;sub-006_ses-302_task-s2	300	2	142	sub-006	ses-101	task-s2	1;2;3	2;2;2
805	806	805	806	3	3	trialwise	682;2487;4282	682;2487;4282	5;16;27	47;84;111	sub-006_ses-102_task-s5;sub-006_ses-202_task-s5;sub-006_ses-303_task-s5	682	5	47	sub-006	ses-102	task-s5	1;2;3	5;5;5
806	807	806	807	3	3	trialwise	80;1858;3543	80;1858;3543	1;12;23	81;91;8	sub-006_ses-101_task-s1;sub-006_ses-201_task-s1;sub-006_ses-301_task-s1	80	1	81	sub-006	ses-101	task-s1	1;2;3	1;1;1
807	808	807	808	3	3	trialwise	1194;2888;4707	1194;2888;4707	8;19;30	85;11;62	sub-006_ses-103_task-s8;sub-006_ses-202_task-s8;sub-006_ses-304_task-s8	1194	8	85	sub-006	ses-103	task-s8	1;2;3	8;8;8
808	809	808	809	3	3	trialwise	449;2220;3970	449;2220;3970	3;14;25	132;135;117	sub-006_ses-101_task-s3;sub-006_ses-201_task-s3;sub-006_ses-302_task-s3	449	3	132	sub-006	ses-101	task-s3	1;2;3	3;3;3
809	810	809	810	3	3	trialwise	96;1829;3589	96;1829;3589	1;12;23	97;62;54	sub-006_ses-101_task-s1;sub-006_ses-201_task-s1;sub-006_ses-301_task-s1	96	1	97	sub-006	ses-101	task-s1	1;2;3	1;1;1
810	811	810	811	3	3	trialwise	969;2831;4643	969;2831;4643	7;18;29	18;112;156	sub-006_ses-103_task-s7;sub-006_ses-202_task-s7;sub-006_ses-303_task-s7	969	7	18	sub-006	ses-103	task-s7	1;2;3	7;7;7
811	812	811	812	3	3	trialwise	893;2646;4362	893;2646;4362	6;17;28	100;85;33	sub-006_ses-103_task-s6;sub-006_ses-202_task-s6;sub-006_ses-303_task-s6	893	6	100	sub-006	ses-103	task-s6	1;2;3	6;6;6
812	813	812	813	3	3	trialwise	629;2294;4042	629;2294;4042	4;15;26	153;50;30	sub-006_ses-102_task-s4;sub-006_ses-201_task-s4;sub-006_ses-302_task-s4	629	4	153	sub-006	ses-102	task-s4	1;2;3	4;4;4
813	814	813	814	3	3	trialwise	1165;2940;4729	1165;2940;4729	8;19;30	56;63;84	sub-006_ses-103_task-s8;sub-006_ses-202_task-s8;sub-006_ses-304_task-s8	1165	8	56	sub-006	ses-103	task-s8	1;2;3	8;8;8
814	815	814	815	3	3	trialwise	557;2395;4130	557;2395;4130	4;15;26	81;151;118	sub-006_ses-102_task-s4;sub-006_ses-201_task-s4;sub-006_ses-302_task-s4	557	4	81	sub-006	ses-102	task-s4	1;2;3	4;4;4
815	816	815	816	3	3	trialwise	174;2048;3754	174;2048;3754	2;13;24	16;122;60	sub-006_ses-101_task-s2;sub-006_ses-201_task-s2;sub-006_ses-302_task-s2	174	2	16	sub-006	ses-101	task-s2	1;2;3	2;2;2
816	817	816	817	3	3	trialwise	929;2685;4370	929;2685;4370	6;17;28	136;124;41	sub-006_ses-103_task-s6;sub-006_ses-202_task-s6;sub-006_ses-303_task-s6	929	6	136	sub-006	ses-103	task-s6	1;2;3	6;6;6
817	818	817	818	3	3	trialwise	1110;2898;4716	1110;2898;4716	8;19;30	1;21;71	sub-006_ses-103_task-s8;sub-006_ses-202_task-s8;sub-006_ses-304_task-s8	1110	8	1	sub-006	ses-103	task-s8	1;2;3	8;8;8
818	819	818	819	3	3	trialwise	1192;2938;4726	1192;2938;4726	8;19;30	83;61;81	sub-006_ses-103_task-s8;sub-006_ses-202_task-s8;sub-006_ses-304_task-s8	1192	8	83	sub-006	ses-103	task-s8	1;2;3	8;8;8
819	820	819	820	3	3	trialwise	279;1934;3731	279;1934;3731	2;13;24	121;8;37	sub-006_ses-101_task-s2;sub-006_ses-201_task-s2;sub-006_ses-302_task-s2	279	2	121	sub-006	ses-101	task-s2	1;2;3	2;2;2
820	821	820	821	3	3	trialwise	30;1899;3604	30;1899;3604	1;12;23	31;132;69	sub-006_ses-101_task-s1;sub-006_ses-201_task-s1;sub-006_ses-301_task-s1	30	1	31	sub-006	ses-101	task-s1	1;2;3	1;1;1
821	822	821	822	3	3	trialwise	395;2112;3956	395;2112;3956	3;14;25	78;27;103	sub-006_ses-101_task-s3;sub-006_ses-201_task-s3;sub-006_ses-302_task-s3	395	3	78	sub-006	ses-101	task-s3	1;2;3	3;3;3
822	823	822	823	3	3	trialwise	204;2029;3761	204;2029;3761	2;13;24	46;103;67	sub-006_ses-101_task-s2;sub-006_ses-201_task-s2;sub-006_ses-302_task-s2	204	2	46	sub-006	ses-101	task-s2	1;2;3	2;2;2
823	824	823	824	3	3	trialwise	350;2150;3873	350;2150;3873	3;14;25	33;65;20	sub-006_ses-101_task-s3;sub-006_ses-201_task-s3;sub-006_ses-302_task-s3	350	3	33	sub-006	ses-101	task-s3	1;2;3	3;3;3
824	825	824	825	3	3	trialwise	867;2651;4376	867;2651;4376	6;17;28	74;90;47	sub-006_ses-103_task-s6;sub-006_ses-202_task-s6;sub-006_ses-303_task-s6	867	6	74	sub-006	ses-103	task-s6	1;2;3	6;6;6
825	826	825	826	3	3	trialwise	351;2102;3964	351;2102;3964	3;14;25	34;17;111	sub-006_ses-101_task-s3;sub-006_ses-201_task-s3;sub-006_ses-302_task-s3	351	3	34	sub-006	ses-101	task-s3	1;2;3	3;3;3
826	827	826	827	3	3	trialwise	1220;3000;4657	1220;3000;4657	8;19;30	111;123;12	sub-006_ses-103_task-s8;sub-006_ses-202_task-s8;sub-006_ses-304_task-s8	1220	8	111	sub-006	ses-103	task-s8	1;2;3	8;8;8
827	828	827	828	3	3	trialwise	264;2034;3720	264;2034;3720	2;13;24	106;108;26	sub-006_ses-101_task-s2;sub-006_ses-201_task-s2;sub-006_ses-302_task-s2	264	2	106	sub-006	ses-101	task-s2	1;2;3	2;2;2
828	829	828	829	3	3	trialwise	490;2335;4051	490;2335;4051	4;15;26	14;91;39	sub-006_ses-102_task-s4;sub-006_ses-201_task-s4;sub-006_ses-302_task-s4	490	4	14	sub-006	ses-102	task-s4	1;2;3	4;4;4
829	830	829	830	3	3	trialwise	1160;2973;4735	1160;2973;4735	8;19;30	51;96;90	sub-006_ses-103_task-s8;sub-006_ses-202_task-s8;sub-006_ses-304_task-s8	1160	8	51	sub-006	ses-103	task-s8	1;2;3	8;8;8
830	831	830	831	3	3	trialwise	1039;2725;4642	1039;2725;4642	7;18;29	88;6;155	sub-006_ses-103_task-s7;sub-006_ses-202_task-s7;sub-006_ses-303_task-s7	1039	7	88	sub-006	ses-103	task-s7	1;2;3	7;7;7
831	832	831	832	3	3	trialwise	1131;2992;4787	1131;2992;4787	8;19;30	22;115;142	sub-006_ses-103_task-s8;sub-006_ses-202_task-s8;sub-006_ses-304_task-s8	1131	8	22	sub-006	ses-103	task-s8	1;2;3	8;8;8
832	833	832	833	3	3	trialwise	122;1809;3578	122;1809;3578	1;12;23	123;42;43	sub-006_ses-101_task-s1;sub-006_ses-201_task-s1;sub-006_ses-301_task-s1	122	1	123	sub-006	ses-101	task-s1	1;2;3	1;1;1
833	834	833	834	3	3	trialwise	1033;2874;4576	1033;2874;4576	7;18;29	82;155;89	sub-006_ses-103_task-s7;sub-006_ses-202_task-s7;sub-006_ses-303_task-s7	1033	7	82	sub-006	ses-103	task-s7	1;2;3	7;7;7
834	835	834	835	3	3	trialwise	124;1900;3577	124;1900;3577	1;12;23	125;133;42	sub-006_ses-101_task-s1;sub-006_ses-201_task-s1;sub-006_ses-301_task-s1	124	1	125	sub-006	ses-101	task-s1	1;2;3	1;1;1
835	836	835	836	3	3	trialwise	1153;2979;4795	1153;2979;4795	8;19;30	44;102;150	sub-006_ses-103_task-s8;sub-006_ses-202_task-s8;sub-006_ses-304_task-s8	1153	8	44	sub-006	ses-103	task-s8	1;2;3	8;8;8
836	837	836	837	3	3	trialwise	559;2285;4137	559;2285;4137	4;15;26	83;41;125	sub-006_ses-102_task-s4;sub-006_ses-201_task-s4;sub-006_ses-302_task-s4	559	4	83	sub-006	ses-102	task-s4	1;2;3	4;4;4
837	838	837	838	3	3	trialwise	571;2268;4150	571;2268;4150	4;15;26	95;24;138	sub-006_ses-102_task-s4;sub-006_ses-201_task-s4;sub-006_ses-302_task-s4	571	4	95	sub-006	ses-102	task-s4	1;2;3	4;4;4
838	839	838	839	3	3	trialwise	47;1825;3672	47;1825;3672	1;12;23	48;58;137	sub-006_ses-101_task-s1;sub-006_ses-201_task-s1;sub-006_ses-301_task-s1	47	1	48	sub-006	ses-101	task-s1	1;2;3	1;1;1
839	840	839	840	3	3	trialwise	786;2418;4264	786;2418;4264	5;16;27	151;15;93	sub-006_ses-102_task-s5;sub-006_ses-202_task-s5;sub-006_ses-303_task-s5	786	5	151	sub-006	ses-102	task-s5	1;2;3	5;5;5
840	841	840	841	3	3	trialwise	672;2457;4210	672;2457;4210	5;16;27	37;54;39	sub-006_ses-102_task-s5;sub-006_ses-202_task-s5;sub-006_ses-303_task-s5	672	5	37	sub-006	ses-102	task-s5	1;2;3	5;5;5
841	842	841	842	3	3	trialwise	1182;2942;4673	1182;2942;4673	8;19;30	73;65;28	sub-006_ses-103_task-s8;sub-006_ses-202_task-s8;sub-006_ses-304_task-s8	1182	8	73	sub-006	ses-103	task-s8	1;2;3	8;8;8
842	843	842	843	3	3	trialwise	905;2640;4486	905;2640;4486	6;17;28	112;79;157	sub-006_ses-103_task-s6;sub-006_ses-202_task-s6;sub-006_ses-303_task-s6	905	6	112	sub-006	ses-103	task-s6	1;2;3	6;6;6
843	844	843	844	3	3	trialwise	739;2483;4328	739;2483;4328	5;16;27	104;80;157	sub-006_ses-102_task-s5;sub-006_ses-202_task-s5;sub-006_ses-303_task-s5	739	5	104	sub-006	ses-102	task-s5	1;2;3	5;5;5
844	845	844	845	3	3	trialwise	983;2810;4599	983;2810;4599	7;18;29	32;91;112	sub-006_ses-103_task-s7;sub-006_ses-202_task-s7;sub-006_ses-303_task-s7	983	7	32	sub-006	ses-103	task-s7	1;2;3	7;7;7
845	846	845	846	3	3	trialwise	1161;2884;4702	1161;2884;4702	8;19;30	52;7;57	sub-006_ses-103_task-s8;sub-006_ses-202_task-s8;sub-006_ses-304_task-s8	1161	8	52	sub-006	ses-103	task-s8	1;2;3	8;8;8
846	847	846	847	3	3	trialwise	525;2290;4165	525;2290;4165	4;15;26	49;46;153	sub-006_ses-102_task-s4;sub-006_ses-201_task-s4;sub-006_ses-302_task-s4	525	4	49	sub-006	ses-102	task-s4	1;2;3	4;4;4
847	848	847	848	2	2	trialwise	1842;3677	1842;3677	12;23	75;142	sub-006_ses-201_task-s1;sub-006_ses-301_task-s1	1842	12	75	sub-006	ses-201	task-s1	2;3	1;1
848	849	848	849	3	3	trialwise	137;1787;3560	137;1787;3560	1;12;23	138;20;25	sub-006_ses-101_task-s1;sub-006_ses-201_task-s1;sub-006_ses-301_task-s1	137	1	138	sub-006	ses-101	task-s1	1;2;3	1;1;1
849	850	849	850	3	3	trialwise	38;1917;3668	38;1917;3668	1;12;23	39;150;133	sub-006_ses-101_task-s1;sub-006_ses-201_task-s1;sub-006_ses-301_task-s1	38	1	39	sub-006	ses-101	task-s1	1;2;3	1;1;1
850	851	850	851	3	3	trialwise	523;2347;4155	523;2347;4155	4;15;26	47;103;143	sub-006_ses-102_task-s4;sub-006_ses-201_task-s4;sub-006_ses-302_task-s4	523	4	47	sub-006	ses-102	task-s4	1;2;3	4;4;4
851	852	851	852	3	3	trialwise	944;2562;4482	944;2562;4482	6;17;28	151;1;153	sub-006_ses-103_task-s6;sub-006_ses-202_task-s6;sub-006_ses-303_task-s6	944	6	151	sub-006	ses-103	task-s6	1;2;3	6;6;6
852	853	852	853	3	3	trialwise	896;2677;4445	896;2677;4445	6;17;28	103;116;116	sub-006_ses-103_task-s6;sub-006_ses-202_task-s6;sub-006_ses-303_task-s6	896	6	103	sub-006	ses-103	task-s6	1;2;3	6;6;6
853	854	853	854	3	3	trialwise	677;2454;4267	677;2454;4267	5;16;27	42;51;96	sub-006_ses-102_task-s5;sub-006_ses-202_task-s5;sub-006_ses-303_task-s5	677	5	42	sub-006	ses-102	task-s5	1;2;3	5;5;5
854	855	854	855	3	3	trialwise	1159;2883;4649	1159;2883;4649	8;19;30	50;6;4	sub-006_ses-103_task-s8;sub-006_ses-202_task-s8;sub-006_ses-304_task-s8	1159	8	50	sub-006	ses-103	task-s8	1;2;3	8;8;8
855	856	855	856	3	3	trialwise	1091;2876;4529	1091;2876;4529	7;18;29	140;157;42	sub-006_ses-103_task-s7;sub-006_ses-202_task-s7;sub-006_ses-303_task-s7	1091	7	140	sub-006	ses-103	task-s7	1;2;3	7;7;7
856	857	856	857	3	3	trialwise	566;2327;4050	566;2327;4050	4;15;26	90;83;38	sub-006_ses-102_task-s4;sub-006_ses-201_task-s4;sub-006_ses-302_task-s4	566	4	90	sub-006	ses-102	task-s4	1;2;3	4;4;4
857	858	857	858	3	3	trialwise	1038;2816;4592	1038;2816;4592	7;18;29	87;97;105	sub-006_ses-103_task-s7;sub-006_ses-202_task-s7;sub-006_ses-303_task-s7	1038	7	87	sub-006	ses-103	task-s7	1;2;3	7;7;7
858	859	858	859	3	3	trialwise	167;1963;3751	167;1963;3751	2;13;24	9;37;57	sub-006_ses-101_task-s2;sub-006_ses-201_task-s2;sub-006_ses-302_task-s2	167	2	9	sub-006	ses-101	task-s2	1;2;3	2;2;2
859	860	859	860	3	3	trialwise	606;2397;4166	606;2397;4166	4;15;26	130;153;154	sub-006_ses-102_task-s4;sub-006_ses-201_task-s4;sub-006_ses-302_task-s4	606	4	130	sub-006	ses-102	task-s4	1;2;3	4;4;4
860	861	860	861	3	3	trialwise	737;2524;4284	737;2524;4284	5;16;27	102;121;113	sub-006_ses-102_task-s5;sub-006_ses-202_task-s5;sub-006_ses-303_task-s5	737	5	102	sub-006	ses-102	task-s5	1;2;3	5;5;5
861	862	861	862	3	3	trialwise	837;2608;4386	837;2608;4386	6;17;28	44;47;57	sub-006_ses-103_task-s6;sub-006_ses-202_task-s6;sub-006_ses-303_task-s6	837	6	44	sub-006	ses-103	task-s6	1;2;3	6;6;6
862	863	862	863	3	3	trialwise	1175;2908;4781	1175;2908;4781	8;19;30	66;31;136	sub-006_ses-103_task-s8;sub-006_ses-202_task-s8;sub-006_ses-304_task-s8	1175	8	66	sub-006	ses-103	task-s8	1;2;3	8;8;8
863	864	863	864	3	3	trialwise	1115;2954;4662	1115;2954;4662	8;19;30	6;77;17	sub-006_ses-103_task-s8;sub-006_ses-202_task-s8;sub-006_ses-304_task-s8	1115	8	6	sub-006	ses-103	task-s8	1;2;3	8;8;8
864	865	864	865	3	3	trialwise	441;2108;3975	441;2108;3975	3;14;25	124;23;122	sub-006_ses-101_task-s3;sub-006_ses-201_task-s3;sub-006_ses-302_task-s3	441	3	124	sub-006	ses-101	task-s3	1;2;3	3;3;3
865	866	865	866	3	3	trialwise	553;2352;4019	553;2352;4019	4;15;26	77;108;7	sub-006_ses-102_task-s4;sub-006_ses-201_task-s4;sub-006_ses-302_task-s4	553	4	77	sub-006	ses-102	task-s4	1;2;3	4;4;4
866	867	866	867	3	3	trialwise	271;2052;3755	271;2052;3755	2;13;24	113;126;61	sub-006_ses-101_task-s2;sub-006_ses-201_task-s2;sub-006_ses-302_task-s2	271	2	113	sub-006	ses-101	task-s2	1;2;3	2;2;2
867	868	867	868	3	3	trialwise	565;2302;4127	565;2302;4127	4;15;26	89;58;115	sub-006_ses-102_task-s4;sub-006_ses-201_task-s4;sub-006_ses-302_task-s4	565	4	89	sub-006	ses-102	task-s4	1;2;3	4;4;4
868	869	868	869	3	3	trialwise	986;2806;4540	986;2806;4540	7;18;29	35;87;53	sub-006_ses-103_task-s7;sub-006_ses-202_task-s7;sub-006_ses-303_task-s7	986	7	35	sub-006	ses-103	task-s7	1;2;3	7;7;7
869	870	869	870	3	3	trialwise	161;2013;3822	161;2013;3822	2;13;24	3;87;128	sub-006_ses-101_task-s2;sub-006_ses-201_task-s2;sub-006_ses-302_task-s2	161	2	3	sub-006	ses-101	task-s2	1;2;3	2;2;2
870	871	870	871	3	3	trialwise	450;2201;3959	450;2201;3959	3;14;25	133;116;106	sub-006_ses-101_task-s3;sub-006_ses-201_task-s3;sub-006_ses-302_task-s3	450	3	133	sub-006	ses-101	task-s3	1;2;3	3;3;3
871	872	871	872	3	3	trialwise	527;2271;4135	527;2271;4135	4;15;26	51;27;123	sub-006_ses-102_task-s4;sub-006_ses-201_task-s4;sub-006_ses-302_task-s4	527	4	51	sub-006	ses-102	task-s4	1;2;3	4;4;4
872	873	872	873	3	3	trialwise	957;2765;4634	957;2765;4634	7;18;29	6;46;147	sub-006_ses-103_task-s7;sub-006_ses-202_task-s7;sub-006_ses-303_task-s7	957	7	6	sub-006	ses-103	task-s7	1;2;3	7;7;7
873	874	873	874	3	3	trialwise	782;2536;4200	782;2536;4200	5;16;27	147;133;29	sub-006_ses-102_task-s5;sub-006_ses-202_task-s5;sub-006_ses-303_task-s5	782	5	147	sub-006	ses-102	task-s5	1;2;3	5;5;5
874	875	874	875	3	3	trialwise	352;2148;3908	352;2148;3908	3;14;25	35;63;55	sub-006_ses-101_task-s3;sub-006_ses-201_task-s3;sub-006_ses-302_task-s3	352	3	35	sub-006	ses-101	task-s3	1;2;3	3;3;3
875	876	875	876	3	3	trialwise	130;1781;3645	130;1781;3645	1;12;23	131;14;110	sub-006_ses-101_task-s1;sub-006_ses-201_task-s1;sub-006_ses-301_task-s1	130	1	131	sub-006	ses-101	task-s1	1;2;3	1;1;1
876	877	876	877	3	3	trialwise	1100;2849;4585	1100;2849;4585	7;18;29	149;130;98	sub-006_ses-103_task-s7;sub-006_ses-202_task-s7;sub-006_ses-303_task-s7	1100	7	149	sub-006	ses-103	task-s7	1;2;3	7;7;7
877	878	877	878	2	2	trialwise	1779;3561	1779;3561	12;23	12;26	sub-006_ses-201_task-s1;sub-006_ses-301_task-s1	1779	12	12	sub-006	ses-201	task-s1	2;3	1;1
878	879	878	879	3	3	trialwise	243;1976;3730	243;1976;3730	2;13;24	85;50;36	sub-006_ses-101_task-s2;sub-006_ses-201_task-s2;sub-006_ses-302_task-s2	243	2	85	sub-006	ses-101	task-s2	1;2;3	2;2;2
879	880	879	880	3	3	trialwise	274;2009;3778	274;2009;3778	2;13;24	116;83;84	sub-006_ses-101_task-s2;sub-006_ses-201_task-s2;sub-006_ses-302_task-s2	274	2	116	sub-006	ses-101	task-s2	1;2;3	2;2;2
880	881	880	881	3	3	trialwise	707;2485;4248	707;2485;4248	5;16;27	72;82;77	sub-006_ses-102_task-s5;sub-006_ses-202_task-s5;sub-006_ses-303_task-s5	707	5	72	sub-006	ses-102	task-s5	1;2;3	5;5;5
881	882	881	882	3	3	trialwise	392;2123;3976	392;2123;3976	3;14;25	75;38;123	sub-006_ses-101_task-s3;sub-006_ses-201_task-s3;sub-006_ses-302_task-s3	392	3	75	sub-006	ses-101	task-s3	1;2;3	3;3;3
882	883	882	883	3	3	trialwise	563;2403;4073	563;2403;4073	4;15;26	87;159;61	sub-006_ses-102_task-s4;sub-006_ses-201_task-s4;sub-006_ses-302_task-s4	563	4	87	sub-006	ses-102	task-s4	1;2;3	4;4;4
883	884	883	884	3	3	trialwise	667;2477;4218	667;2477;4218	5;16;27	32;74;47	sub-006_ses-102_task-s5;sub-006_ses-202_task-s5;sub-006_ses-303_task-s5	667	5	32	sub-006	ses-102	task-s5	1;2;3	5;5;5
884	885	884	885	3	3	trialwise	293;2066;3737	293;2066;3737	2;13;24	135;140;43	sub-006_ses-101_task-s2;sub-006_ses-201_task-s2;sub-006_ses-302_task-s2	293	2	135	sub-006	ses-101	task-s2	1;2;3	2;2;2
885	886	885	886	3	3	trialwise	44;1821;3636	44;1821;3636	1;12;23	45;54;101	sub-006_ses-101_task-s1;sub-006_ses-201_task-s1;sub-006_ses-301_task-s1	44	1	45	sub-006	ses-101	task-s1	1;2;3	1;1;1
886	887	886	887	3	3	trialwise	619;2396;4129	619;2396;4129	4;15;26	143;152;117	sub-006_ses-102_task-s4;sub-006_ses-201_task-s4;sub-006_ses-302_task-s4	619	4	143	sub-006	ses-102	task-s4	1;2;3	4;4;4
887	888	887	888	3	3	trialwise	728;2479;4283	728;2479;4283	5;16;27	93;76;112	sub-006_ses-102_task-s5;sub-006_ses-202_task-s5;sub-006_ses-303_task-s5	728	5	93	sub-006	ses-102	task-s5	1;2;3	5;5;5
888	889	888	889	3	3	trialwise	625;2284;4068	625;2284;4068	4;15;26	149;40;56	sub-006_ses-102_task-s4;sub-006_ses-201_task-s4;sub-006_ses-302_task-s4	625	4	149	sub-006	ses-102	task-s4	1;2;3	4;4;4
889	890	889	890	3	3	trialwise	55;1833;3540	55;1833;3540	1;12;23	56;66;5	sub-006_ses-101_task-s1;sub-006_ses-201_task-s1;sub-006_ses-301_task-s1	55	1	56	sub-006	ses-101	task-s1	1;2;3	1;1;1
890	891	890	891	3	3	trialwise	822;2610;4473	822;2610;4473	6;17;28	29;49;144	sub-006_ses-103_task-s6;sub-006_ses-202_task-s6;sub-006_ses-303_task-s6	822	6	29	sub-006	ses-103	task-s6	1;2;3	6;6;6
891	892	891	892	3	3	trialwise	58;1775;3650	58;1775;3650	1;12;23	59;8;115	sub-006_ses-101_task-s1;sub-006_ses-201_task-s1;sub-006_ses-301_task-s1	58	1	59	sub-006	ses-101	task-s1	1;2;3	1;1;1
892	893	892	893	3	3	trialwise	468;2115;3918	468;2115;3918	3;14;25	151;30;65	sub-006_ses-101_task-s3;sub-006_ses-201_task-s3;sub-006_ses-302_task-s3	468	3	151	sub-006	ses-101	task-s3	1;2;3	3;3;3
893	894	893	894	3	3	trialwise	1234;2931;4744	1234;2931;4744	8;19;30	125;54;99	sub-006_ses-103_task-s8;sub-006_ses-202_task-s8;sub-006_ses-304_task-s8	1234	8	125	sub-006	ses-103	task-s8	1;2;3	8;8;8
894	895	894	895	3	3	trialwise	924;2574;4470	924;2574;4470	6;17;28	131;13;141	sub-006_ses-103_task-s6;sub-006_ses-202_task-s6;sub-006_ses-303_task-s6	924	6	131	sub-006	ses-103	task-s6	1;2;3	6;6;6
895	896	895	896	3	3	trialwise	20;1844;3537	20;1844;3537	1;12;23	21;77;2	sub-006_ses-101_task-s1;sub-006_ses-201_task-s1;sub-006_ses-301_task-s1	20	1	21	sub-006	ses-101	task-s1	1;2;3	1;1;1
896	897	896	897	3	3	trialwise	1035;2830;4561	1035;2830;4561	7;18;29	84;111;74	sub-006_ses-103_task-s7;sub-006_ses-202_task-s7;sub-006_ses-303_task-s7	1035	7	84	sub-006	ses-103	task-s7	1;2;3	7;7;7
897	898	897	898	3	3	trialwise	418;2158;3935	418;2158;3935	3;14;25	101;73;82	sub-006_ses-101_task-s3;sub-006_ses-201_task-s3;sub-006_ses-302_task-s3	418	3	101	sub-006	ses-101	task-s3	1;2;3	3;3;3
898	899	898	899	3	3	trialwise	1178;2930;4746	1178;2930;4746	8;19;30	69;53;101	sub-006_ses-103_task-s8;sub-006_ses-202_task-s8;sub-006_ses-304_task-s8	1178	8	69	sub-006	ses-103	task-s8	1;2;3	8;8;8
899	900	899	900	3	3	trialwise	928;2698;4391	928;2698;4391	6;17;28	135;137;62	sub-006_ses-103_task-s6;sub-006_ses-202_task-s6;sub-006_ses-303_task-s6	928	6	135	sub-006	ses-103	task-s6	1;2;3	6;6;6
900	901	900	901	3	3	trialwise	824;2713;4406	824;2713;4406	6;17;28	31;152;77	sub-006_ses-103_task-s6;sub-006_ses-202_task-s6;sub-006_ses-303_task-s6	824	6	31	sub-006	ses-103	task-s6	1;2;3	6;6;6
901	902	901	902	3	3	trialwise	106;1913;3652	106;1913;3652	1;12;23	107;146;117	sub-006_ses-101_task-s1;sub-006_ses-201_task-s1;sub-006_ses-301_task-s1	106	1	107	sub-006	ses-101	task-s1	1;2;3	1;1;1
902	903	902	903	3	3	trialwise	750;2451;4190	750;2451;4190	5;16;27	115;48;19	sub-006_ses-102_task-s5;sub-006_ses-202_task-s5;sub-006_ses-303_task-s5	750	5	115	sub-006	ses-102	task-s5	1;2;3	5;5;5
903	904	903	904	3	3	trialwise	1221;2880;4724	1221;2880;4724	8;19;30	112;3;79	sub-006_ses-103_task-s8;sub-006_ses-202_task-s8;sub-006_ses-304_task-s8	1221	8	112	sub-006	ses-103	task-s8	1;2;3	8;8;8
904	905	904	905	3	3	trialwise	780;2556;4273	780;2556;4273	5;16;27	145;153;102	sub-006_ses-102_task-s5;sub-006_ses-202_task-s5;sub-006_ses-303_task-s5	780	5	145	sub-006	ses-102	task-s5	1;2;3	5;5;5
905	906	905	906	3	3	trialwise	692;2428;4221	692;2428;4221	5;16;27	57;25;50	sub-006_ses-102_task-s5;sub-006_ses-202_task-s5;sub-006_ses-303_task-s5	692	5	57	sub-006	ses-102	task-s5	1;2;3	5;5;5
906	907	906	907	3	3	trialwise	846;2639;4342	846;2639;4342	6;17;28	53;78;13	sub-006_ses-103_task-s6;sub-006_ses-202_task-s6;sub-006_ses-303_task-s6	846	6	53	sub-006	ses-103	task-s6	1;2;3	6;6;6
907	908	907	908	3	3	trialwise	518;2317;4086	518;2317;4086	4;15;26	42;73;74	sub-006_ses-102_task-s4;sub-006_ses-201_task-s4;sub-006_ses-302_task-s4	518	4	42	sub-006	ses-102	task-s4	1;2;3	4;4;4
908	909	908	909	3	3	trialwise	1183;3035;4701	1183;3035;4701	8;19;30	74;158;56	sub-006_ses-103_task-s8;sub-006_ses-202_task-s8;sub-006_ses-304_task-s8	1183	8	74	sub-006	ses-103	task-s8	1;2;3	8;8;8
909	910	909	910	3	3	trialwise	1199;2929;4771	1199;2929;4771	8;19;30	90;52;126	sub-006_ses-103_task-s8;sub-006_ses-202_task-s8;sub-006_ses-304_task-s8	1199	8	90	sub-006	ses-103	task-s8	1;2;3	8;8;8
910	911	910	911	3	3	trialwise	258;1932;3807	258;1932;3807	2;13;24	100;6;113	sub-006_ses-101_task-s2;sub-006_ses-201_task-s2;sub-006_ses-302_task-s2	258	2	100	sub-006	ses-101	task-s2	1;2;3	2;2;2
911	912	911	912	3	3	trialwise	330;2205;3977	330;2205;3977	3;14;25	13;120;124	sub-006_ses-101_task-s3;sub-006_ses-201_task-s3;sub-006_ses-302_task-s3	330	3	13	sub-006	ses-101	task-s3	1;2;3	3;3;3
912	913	912	913	3	3	trialwise	1255;2990;4763	1255;2990;4763	8;19;30	146;113;118	sub-006_ses-103_task-s8;sub-006_ses-202_task-s8;sub-006_ses-304_task-s8	1255	8	146	sub-006	ses-103	task-s8	1;2;3	8;8;8
913	914	913	914	3	3	trialwise	1188;2999;4698	1188;2999;4698	8;19;30	79;122;53	sub-006_ses-103_task-s8;sub-006_ses-202_task-s8;sub-006_ses-304_task-s8	1188	8	79	sub-006	ses-103	task-s8	1;2;3	8;8;8
914	915	914	915	3	3	trialwise	254;2045;3705	254;2045;3705	2;13;24	96;119;11	sub-006_ses-101_task-s2;sub-006_ses-201_task-s2;sub-006_ses-302_task-s2	254	2	96	sub-006	ses-101	task-s2	1;2;3	2;2;2
915	916	915	916	3	3	trialwise	1114;2904;4670	1114;2904;4670	8;19;30	5;27;25	sub-006_ses-103_task-s8;sub-006_ses-202_task-s8;sub-006_ses-304_task-s8	1114	8	5	sub-006	ses-103	task-s8	1;2;3	8;8;8
916	917	916	917	3	3	trialwise	1151;2902;4777	1151;2902;4777	8;19;30	42;25;132	sub-006_ses-103_task-s8;sub-006_ses-202_task-s8;sub-006_ses-304_task-s8	1151	8	42	sub-006	ses-103	task-s8	1;2;3	8;8;8
917	918	917	918	3	3	trialwise	526;2247;4139	526;2247;4139	4;15;26	50;3;127	sub-006_ses-102_task-s4;sub-006_ses-201_task-s4;sub-006_ses-302_task-s4	526	4	50	sub-006	ses-102	task-s4	1;2;3	4;4;4
918	919	918	919	3	3	trialwise	536;2293;4065	536;2293;4065	4;15;26	60;49;53	sub-006_ses-102_task-s4;sub-006_ses-201_task-s4;sub-006_ses-302_task-s4	536	4	60	sub-006	ses-102	task-s4	1;2;3	4;4;4
919	920	919	920	3	3	trialwise	74;1794;3637	74;1794;3637	1;12;23	75;27;102	sub-006_ses-101_task-s1;sub-006_ses-201_task-s1;sub-006_ses-301_task-s1	74	1	75	sub-006	ses-101	task-s1	1;2;3	1;1;1
920	921	920	921	3	3	trialwise	1237;2953;4717	1237;2953;4717	8;19;30	128;76;72	sub-006_ses-103_task-s8;sub-006_ses-202_task-s8;sub-006_ses-304_task-s8	1237	8	128	sub-006	ses-103	task-s8	1;2;3	8;8;8
921	922	921	922	3	3	trialwise	807;2563;4385	807;2563;4385	6;17;28	14;2;56	sub-006_ses-103_task-s6;sub-006_ses-202_task-s6;sub-006_ses-303_task-s6	807	6	14	sub-006	ses-103	task-s6	1;2;3	6;6;6
922	923	922	923	3	3	trialwise	1223;2933;4660	1223;2933;4660	8;19;30	114;56;15	sub-006_ses-103_task-s8;sub-006_ses-202_task-s8;sub-006_ses-304_task-s8	1223	8	114	sub-006	ses-103	task-s8	1;2;3	8;8;8
923	924	923	924	3	3	trialwise	375;2152;3978	375;2152;3978	3;14;25	58;67;125	sub-006_ses-101_task-s3;sub-006_ses-201_task-s3;sub-006_ses-302_task-s3	375	3	58	sub-006	ses-101	task-s3	1;2;3	3;3;3
924	925	924	925	4	4	trialwise	4;15;1907;3575	4;15;1907;3575	1;1;12;23	5;16;140;40	sub-006_ses-101_task-s1;sub-006_ses-101_task-s1;sub-006_ses-201_task-s1;sub-006_ses-301_task-s1	4	1	5	sub-006	ses-101	task-s1	1;1;2;3	1;1;1;1
925	926	925	926	3	3	trialwise	463;2114;3881	463;2114;3881	3;14;25	146;29;28	sub-006_ses-101_task-s3;sub-006_ses-201_task-s3;sub-006_ses-302_task-s3	463	3	146	sub-006	ses-101	task-s3	1;2;3	3;3;3
926	927	926	927	3	3	trialwise	821;2624;4354	821;2624;4354	6;17;28	28;63;25	sub-006_ses-103_task-s6;sub-006_ses-202_task-s6;sub-006_ses-303_task-s6	821	6	28	sub-006	ses-103	task-s6	1;2;3	6;6;6
927	928	927	928	3	3	trialwise	353;2200;3902	353;2200;3902	3;14;25	36;115;49	sub-006_ses-101_task-s3;sub-006_ses-201_task-s3;sub-006_ses-302_task-s3	353	3	36	sub-006	ses-101	task-s3	1;2;3	3;3;3
928	929	928	929	3	3	trialwise	512;2316;4033	512;2316;4033	4;15;26	36;72;21	sub-006_ses-102_task-s4;sub-006_ses-201_task-s4;sub-006_ses-302_task-s4	512	4	36	sub-006	ses-102	task-s4	1;2;3	4;4;4
929	930	929	930	3	3	trialwise	304;2064;3800	304;2064;3800	2;13;24	146;138;106	sub-006_ses-101_task-s2;sub-006_ses-201_task-s2;sub-006_ses-302_task-s2	304	2	146	sub-006	ses-101	task-s2	1;2;3	2;2;2
930	931	930	931	3	3	trialwise	833;2673;4447	833;2673;4447	6;17;28	40;112;118	sub-006_ses-103_task-s6;sub-006_ses-202_task-s6;sub-006_ses-303_task-s6	833	6	40	sub-006	ses-103	task-s6	1;2;3	6;6;6
931	932	931	932	3	3	trialwise	715;2521;4203	715;2521;4203	5;16;27	80;118;32	sub-006_ses-102_task-s5;sub-006_ses-202_task-s5;sub-006_ses-303_task-s5	715	5	80	sub-006	ses-102	task-s5	1;2;3	5;5;5
932	933	932	933	3	3	trialwise	664;2406;4304	664;2406;4304	5;16;27	29;3;133	sub-006_ses-102_task-s5;sub-006_ses-202_task-s5;sub-006_ses-303_task-s5	664	5	29	sub-006	ses-102	task-s5	1;2;3	5;5;5
933	934	933	934	3	3	trialwise	630;2342;4062	630;2342;4062	4;15;26	154;98;50	sub-006_ses-102_task-s4;sub-006_ses-201_task-s4;sub-006_ses-302_task-s4	630	4	154	sub-006	ses-102	task-s4	1;2;3	4;4;4
934	935	934	935	3	3	trialwise	284;1961;3700	284;1961;3700	2;13;24	126;35;6	sub-006_ses-101_task-s2;sub-006_ses-201_task-s2;sub-006_ses-302_task-s2	284	2	126	sub-006	ses-101	task-s2	1;2;3	2;2;2
935	936	935	936	3	3	trialwise	287;1931;3744	287;1931;3744	2;13;24	129;5;50	sub-006_ses-101_task-s2;sub-006_ses-201_task-s2;sub-006_ses-302_task-s2	287	2	129	sub-006	ses-101	task-s2	1;2;3	2;2;2
936	937	936	937	3	3	trialwise	247;1938;3742	247;1938;3742	2;13;24	89;12;48	sub-006_ses-101_task-s2;sub-006_ses-201_task-s2;sub-006_ses-302_task-s2	247	2	89	sub-006	ses-101	task-s2	1;2;3	2;2;2
937	938	937	938	3	3	trialwise	1107;2761;4560	1107;2761;4560	7;18;29	156;42;73	sub-006_ses-103_task-s7;sub-006_ses-202_task-s7;sub-006_ses-303_task-s7	1107	7	156	sub-006	ses-103	task-s7	1;2;3	7;7;7
938	939	938	939	3	3	trialwise	1097;2762;4554	1097;2762;4554	7;18;29	146;43;67	sub-006_ses-103_task-s7;sub-006_ses-202_task-s7;sub-006_ses-303_task-s7	1097	7	146	sub-006	ses-103	task-s7	1;2;3	7;7;7
939	940	939	940	3	3	trialwise	528;2267;4015	528;2267;4015	4;15;26	52;23;3	sub-006_ses-102_task-s4;sub-006_ses-201_task-s4;sub-006_ses-302_task-s4	528	4	52	sub-006	ses-102	task-s4	1;2;3	4;4;4
940	941	940	941	3	3	trialwise	214;1994;3719	214;1994;3719	2;13;24	56;68;25	sub-006_ses-101_task-s2;sub-006_ses-201_task-s2;sub-006_ses-302_task-s2	214	2	56	sub-006	ses-101	task-s2	1;2;3	2;2;2
941	942	941	942	3	3	trialwise	635;2262;4103	635;2262;4103	4;15;26	159;18;91	sub-006_ses-102_task-s4;sub-006_ses-201_task-s4;sub-006_ses-302_task-s4	635	4	159	sub-006	ses-102	task-s4	1;2;3	4;4;4
942	943	942	943	3	3	trialwise	1174;2994;4754	1174;2994;4754	8;19;30	65;117;109	sub-006_ses-103_task-s8;sub-006_ses-202_task-s8;sub-006_ses-304_task-s8	1174	8	65	sub-006	ses-103	task-s8	1;2;3	8;8;8
943	944	943	944	3	3	trialwise	640;2552;4247	640;2552;4247	5;16;27	5;149;76	sub-006_ses-102_task-s5;sub-006_ses-202_task-s5;sub-006_ses-303_task-s5	640	5	5	sub-006	ses-102	task-s5	1;2;3	5;5;5
944	945	944	945	3	3	trialwise	578;2367;4026	578;2367;4026	4;15;26	102;123;14	sub-006_ses-102_task-s4;sub-006_ses-201_task-s4;sub-006_ses-302_task-s4	578	4	102	sub-006	ses-102	task-s4	1;2;3	4;4;4
945	946	945	946	3	3	trialwise	858;2600;4435	858;2600;4435	6;17;28	65;39;106	sub-006_ses-103_task-s6;sub-006_ses-202_task-s6;sub-006_ses-303_task-s6	858	6	65	sub-006	ses-103	task-s6	1;2;3	6;6;6
946	947	946	947	3	3	trialwise	270;1967;3787	270;1967;3787	2;13;24	112;41;93	sub-006_ses-101_task-s2;sub-006_ses-201_task-s2;sub-006_ses-302_task-s2	270	2	112	sub-006	ses-101	task-s2	1;2;3	2;2;2
947	948	947	948	3	3	trialwise	1000;2833;4601	1000;2833;4601	7;18;29	49;114;114	sub-006_ses-103_task-s7;sub-006_ses-202_task-s7;sub-006_ses-303_task-s7	1000	7	49	sub-006	ses-103	task-s7	1;2;3	7;7;7
948	949	948	949	3	3	trialwise	612;2337;4024	612;2337;4024	4;15;26	136;93;12	sub-006_ses-102_task-s4;sub-006_ses-201_task-s4;sub-006_ses-302_task-s4	612	4	136	sub-006	ses-102	task-s4	1;2;3	4;4;4
949	950	949	950	3	3	trialwise	360;2119;3913	360;2119;3913	3;14;25	43;34;60	sub-006_ses-101_task-s3;sub-006_ses-201_task-s3;sub-006_ses-302_task-s3	360	3	43	sub-006	ses-101	task-s3	1;2;3	3;3;3
950	951	950	951	3	3	trialwise	659;2412;4270	659;2412;4270	5;16;27	24;9;99	sub-006_ses-102_task-s5;sub-006_ses-202_task-s5;sub-006_ses-303_task-s5	659	5	24	sub-006	ses-102	task-s5	1;2;3	5;5;5
951	952	951	952	3	3	trialwise	515;2248;4168	515;2248;4168	4;15;26	39;4;156	sub-006_ses-102_task-s4;sub-006_ses-201_task-s4;sub-006_ses-302_task-s4	515	4	39	sub-006	ses-102	task-s4	1;2;3	4;4;4
952	953	952	953	3	3	trialwise	716;2501;4309	716;2501;4309	5;16;27	81;98;138	sub-006_ses-102_task-s5;sub-006_ses-202_task-s5;sub-006_ses-303_task-s5	716	5	81	sub-006	ses-102	task-s5	1;2;3	5;5;5
953	954	953	954	3	3	trialwise	197;1984;3774	197;1984;3774	2;13;24	39;58;80	sub-006_ses-101_task-s2;sub-006_ses-201_task-s2;sub-006_ses-302_task-s2	197	2	39	sub-006	ses-101	task-s2	1;2;3	2;2;2
954	955	954	955	3	3	trialwise	1204;2955;4695	1204;2955;4695	8;19;30	95;78;50	sub-006_ses-103_task-s8;sub-006_ses-202_task-s8;sub-006_ses-304_task-s8	1204	8	95	sub-006	ses-103	task-s8	1;2;3	8;8;8
955	956	955	956	3	3	trialwise	1249;2895;4774	1249;2895;4774	8;19;30	140;18;129	sub-006_ses-103_task-s8;sub-006_ses-202_task-s8;sub-006_ses-304_task-s8	1249	8	140	sub-006	ses-103	task-s8	1;2;3	8;8;8
956	957	956	957	3	3	trialwise	671;2410;4239	671;2410;4239	5;16;27	36;7;68	sub-006_ses-102_task-s5;sub-006_ses-202_task-s5;sub-006_ses-303_task-s5	671	5	36	sub-006	ses-102	task-s5	1;2;3	5;5;5
957	958	957	958	3	3	trialwise	145;1816;3682	145;1816;3682	1;12;23	146;49;147	sub-006_ses-101_task-s1;sub-006_ses-201_task-s1;sub-006_ses-301_task-s1	145	1	146	sub-006	ses-101	task-s1	1;2;3	1;1;1
958	959	958	959	3	3	trialwise	290;1956;3695	290;1956;3695	2;13;24	132;30;1	sub-006_ses-101_task-s2;sub-006_ses-201_task-s2;sub-006_ses-302_task-s2	290	2	132	sub-006	ses-101	task-s2	1;2;3	2;2;2
959	960	959	960	3	3	trialwise	1162;2960;4780	1162;2960;4780	8;19;30	53;83;135	sub-006_ses-103_task-s8;sub-006_ses-202_task-s8;sub-006_ses-304_task-s8	1162	8	53	sub-006	ses-103	task-s8	1;2;3	8;8;8
960	961	960	961	3	3	trialwise	530;2256;4133	530;2256;4133	4;15;26	54;12;121	sub-006_ses-102_task-s4;sub-006_ses-201_task-s4;sub-006_ses-302_task-s4	530	4	54	sub-006	ses-102	task-s4	1;2;3	4;4;4
961	962	961	962	3	3	trialwise	276;1942;3850	276;1942;3850	2;13;24	118;16;156	sub-006_ses-101_task-s2;sub-006_ses-201_task-s2;sub-006_ses-302_task-s2	276	2	118	sub-006	ses-101	task-s2	1;2;3	2;2;2
962	963	962	963	3	3	trialwise	696;2531;4222	696;2531;4222	5;16;27	61;128;51	sub-006_ses-102_task-s5;sub-006_ses-202_task-s5;sub-006_ses-303_task-s5	696	5	61	sub-006	ses-102	task-s5	1;2;3	5;5;5
963	964	963	964	3	3	trialwise	868;2663;4378	868;2663;4378	6;17;28	75;102;49	sub-006_ses-103_task-s6;sub-006_ses-202_task-s6;sub-006_ses-303_task-s6	868	6	75	sub-006	ses-103	task-s6	1;2;3	6;6;6
964	965	964	965	3	3	trialwise	415;2159;3885	415;2159;3885	3;14;25	98;74;32	sub-006_ses-101_task-s3;sub-006_ses-201_task-s3;sub-006_ses-302_task-s3	415	3	98	sub-006	ses-101	task-s3	1;2;3	3;3;3
965	966	965	966	3	3	trialwise	242;2023;3803	242;2023;3803	2;13;24	84;97;109	sub-006_ses-101_task-s2;sub-006_ses-201_task-s2;sub-006_ses-302_task-s2	242	2	84	sub-006	ses-101	task-s2	1;2;3	2;2;2
966	967	966	967	3	3	trialwise	691;2408;4271	691;2408;4271	5;16;27	56;5;100	sub-006_ses-102_task-s5;sub-006_ses-202_task-s5;sub-006_ses-303_task-s5	691	5	56	sub-006	ses-102	task-s5	1;2;3	5;5;5
967	968	967	968	3	3	trialwise	631;2329;4034	631;2329;4034	4;15;26	155;85;22	sub-006_ses-102_task-s4;sub-006_ses-201_task-s4;sub-006_ses-302_task-s4	631	4	155	sub-006	ses-102	task-s4	1;2;3	4;4;4
968	969	968	969	3	3	trialwise	602;2388;4077	602;2388;4077	4;15;26	126;144;65	sub-006_ses-102_task-s4;sub-006_ses-201_task-s4;sub-006_ses-302_task-s4	602	4	126	sub-006	ses-102	task-s4	1;2;3	4;4;4
969	970	969	970	3	3	trialwise	976;2825;4504	976;2825;4504	7;18;29	25;106;17	sub-006_ses-103_task-s7;sub-006_ses-202_task-s7;sub-006_ses-303_task-s7	976	7	25	sub-006	ses-103	task-s7	1;2;3	7;7;7
970	971	970	971	3	3	trialwise	496;2255;4106	496;2255;4106	4;15;26	20;11;94	sub-006_ses-102_task-s4;sub-006_ses-201_task-s4;sub-006_ses-302_task-s4	496	4	20	sub-006	ses-102	task-s4	1;2;3	4;4;4
971	972	971	972	3	3	trialwise	798;2641;4357	798;2641;4357	6;17;28	5;80;28	sub-006_ses-103_task-s6;sub-006_ses-202_task-s6;sub-006_ses-303_task-s6	798	6	5	sub-006	ses-103	task-s6	1;2;3	6;6;6
972	973	972	973	3	3	trialwise	673;2491;4318	673;2491;4318	5;16;27	38;88;147	sub-006_ses-102_task-s5;sub-006_ses-202_task-s5;sub-006_ses-303_task-s5	673	5	38	sub-006	ses-102	task-s5	1;2;3	5;5;5
973	974	973	974	3	3	trialwise	430;2212;4003	430;2212;4003	3;14;25	113;127;150	sub-006_ses-101_task-s3;sub-006_ses-201_task-s3;sub-006_ses-302_task-s3	430	3	113	sub-006	ses-101	task-s3	1;2;3	3;3;3
974	975	974	975	4	4	trialwise	10;120;1831;3646	10;120;1831;3646	1;1;12;23	11;121;64;111	sub-006_ses-101_task-s1;sub-006_ses-101_task-s1;sub-006_ses-201_task-s1;sub-006_ses-301_task-s1	10	1	11	sub-006	ses-101	task-s1	1;1;2;3	1;1;1;1
975	976	975	976	3	3	trialwise	485;2339;4076	485;2339;4076	4;15;26	9;95;64	sub-006_ses-102_task-s4;sub-006_ses-201_task-s4;sub-006_ses-302_task-s4	485	4	9	sub-006	ses-102	task-s4	1;2;3	4;4;4
976	977	976	977	3	3	trialwise	572;2261;4107	572;2261;4107	4;15;26	96;17;95	sub-006_ses-102_task-s4;sub-006_ses-201_task-s4;sub-006_ses-302_task-s4	572	4	96	sub-006	ses-102	task-s4	1;2;3	4;4;4
977	978	977	978	3	3	trialwise	157;1909;3665	157;1909;3665	1;12;23	158;142;130	sub-006_ses-101_task-s1;sub-006_ses-201_task-s1;sub-006_ses-301_task-s1	157	1	158	sub-006	ses-101	task-s1	1;2;3	1;1;1
978	979	978	979	3	3	trialwise	1258;2993;4797	1258;2993;4797	8;19;30	149;116;152	sub-006_ses-103_task-s8;sub-006_ses-202_task-s8;sub-006_ses-304_task-s8	1258	8	149	sub-006	ses-103	task-s8	1;2;3	8;8;8
979	980	979	980	3	3	trialwise	48;1777;3562	48;1777;3562	1;12;23	49;10;27	sub-006_ses-101_task-s1;sub-006_ses-201_task-s1;sub-006_ses-301_task-s1	48	1	49	sub-006	ses-101	task-s1	1;2;3	1;1;1
980	981	980	981	3	3	trialwise	125;1884;3570	125;1884;3570	1;12;23	126;117;35	sub-006_ses-101_task-s1;sub-006_ses-201_task-s1;sub-006_ses-301_task-s1	125	1	126	sub-006	ses-101	task-s1	1;2;3	1;1;1
981	982	981	982	4	4	trialwise	9;32;1894;3616	9;32;1894;3616	1;1;12;23	10;33;127;81	sub-006_ses-101_task-s1;sub-006_ses-101_task-s1;sub-006_ses-201_task-s1;sub-006_ses-301_task-s1	9	1	10	sub-006	ses-101	task-s1	1;1;2;3	1;1;1;1
982	983	982	983	3	3	trialwise	772;2484;4227	772;2484;4227	5;16;27	137;81;56	sub-006_ses-102_task-s5;sub-006_ses-202_task-s5;sub-006_ses-303_task-s5	772	5	137	sub-006	ses-102	task-s5	1;2;3	5;5;5
983	984	983	984	3	3	trialwise	871;2611;4481	871;2611;4481	6;17;28	78;50;152	sub-006_ses-103_task-s6;sub-006_ses-202_task-s6;sub-006_ses-303_task-s6	871	6	78	sub-006	ses-103	task-s6	1;2;3	6;6;6
984	985	984	985	3	3	trialwise	413;2196;3991	413;2196;3991	3;14;25	96;111;138	sub-006_ses-101_task-s3;sub-006_ses-201_task-s3;sub-006_ses-302_task-s3	413	3	96	sub-006	ses-101	task-s3	1;2;3	3;3;3
985	986	985	986	3	3	trialwise	736;2411;4189	736;2411;4189	5;16;27	101;8;18	sub-006_ses-102_task-s5;sub-006_ses-202_task-s5;sub-006_ses-303_task-s5	736	5	101	sub-006	ses-102	task-s5	1;2;3	5;5;5
986	987	986	987	3	3	trialwise	591;2345;4014	591;2345;4014	4;15;26	115;101;2	sub-006_ses-102_task-s4;sub-006_ses-201_task-s4;sub-006_ses-302_task-s4	591	4	115	sub-006	ses-102	task-s4	1;2;3	4;4;4
987	988	987	988	3	3	trialwise	427;2090;3871	427;2090;3871	3;14;25	110;5;18	sub-006_ses-101_task-s3;sub-006_ses-201_task-s3;sub-006_ses-302_task-s3	427	3	110	sub-006	ses-101	task-s3	1;2;3	3;3;3
988	989	988	989	3	3	trialwise	950;2586;4427	950;2586;4427	6;17;28	157;25;98	sub-006_ses-103_task-s6;sub-006_ses-202_task-s6;sub-006_ses-303_task-s6	950	6	157	sub-006	ses-103	task-s6	1;2;3	6;6;6
989	990	989	990	3	3	trialwise	993;2870;4629	993;2870;4629	7;18;29	42;151;142	sub-006_ses-103_task-s7;sub-006_ses-202_task-s7;sub-006_ses-303_task-s7	993	7	42	sub-006	ses-103	task-s7	1;2;3	7;7;7
990	991	990	991	3	3	trialwise	1267;2906;4785	1267;2906;4785	8;19;30	158;29;140	sub-006_ses-103_task-s8;sub-006_ses-202_task-s8;sub-006_ses-304_task-s8	1267	8	158	sub-006	ses-103	task-s8	1;2;3	8;8;8
991	992	991	992	3	3	trialwise	1164;3007;4651	1164;3007;4651	8;19;30	55;130;6	sub-006_ses-103_task-s8;sub-006_ses-202_task-s8;sub-006_ses-304_task-s8	1164	8	55	sub-006	ses-103	task-s8	1;2;3	8;8;8
992	993	992	993	3	3	trialwise	685;2498;4286	685;2498;4286	5;16;27	50;95;115	sub-006_ses-102_task-s5;sub-006_ses-202_task-s5;sub-006_ses-303_task-s5	685	5	50	sub-006	ses-102	task-s5	1;2;3	5;5;5
993	994	993	994	3	3	trialwise	797;2662;4472	797;2662;4472	6;17;28	4;101;143	sub-006_ses-103_task-s6;sub-006_ses-202_task-s6;sub-006_ses-303_task-s6	797	6	4	sub-006	ses-103	task-s6	1;2;3	6;6;6
994	995	994	995	3	3	trialwise	1032;2796;4544	1032;2796;4544	7;18;29	81;77;57	sub-006_ses-103_task-s7;sub-006_ses-202_task-s7;sub-006_ses-303_task-s7	1032	7	81	sub-006	ses-103	task-s7	1;2;3	7;7;7
995	996	995	996	3	3	trialwise	653;2542;4230	653;2542;4230	5;16;27	18;139;59	sub-006_ses-102_task-s5;sub-006_ses-202_task-s5;sub-006_ses-303_task-s5	653	5	18	sub-006	ses-102	task-s5	1;2;3	5;5;5
996	997	996	997	3	3	trialwise	1166;2914;4696	1166;2914;4696	8;19;30	57;37;51	sub-006_ses-103_task-s8;sub-006_ses-202_task-s8;sub-006_ses-304_task-s8	1166	8	57	sub-006	ses-103	task-s8	1;2;3	8;8;8
997	998	997	998	3	3	trialwise	364;2093;3986	364;2093;3986	3;14;25	47;8;133	sub-006_ses-101_task-s3;sub-006_ses-201_task-s3;sub-006_ses-302_task-s3	364	3	47	sub-006	ses-101	task-s3	1;2;3	3;3;3
998	999	998	999	3	3	trialwise	546;2315;4102	546;2315;4102	4;15;26	70;71;90	sub-006_ses-102_task-s4;sub-006_ses-201_task-s4;sub-006_ses-302_task-s4	546	4	70	sub-006	ses-102	task-s4	1;2;3	4;4;4
999	1000	999	1000	3	3	trialwise	1105;2729;4612	1105;2729;4612	7;18;29	154;10;125	sub-006_ses-103_task-s7;sub-006_ses-202_task-s7;sub-006_ses-303_task-s7	1105	7	154	sub-006	ses-103	task-s7	1;2;3	7;7;7
1000	1001	1000	1001	3	3	trialwise	488;2253;4162	488;2253;4162	4;15;26	12;9;150	sub-006_ses-102_task-s4;sub-006_ses-201_task-s4;sub-006_ses-302_task-s4	488	4	12	sub-006	ses-102	task-s4	1;2;3	4;4;4
1001	1002	1001	1002	3	3	trialwise	1006;2773;4550	1006;2773;4550	7;18;29	55;54;63	sub-006_ses-103_task-s7;sub-006_ses-202_task-s7;sub-006_ses-303_task-s7	1006	7	55	sub-006	ses-103	task-s7	1;2;3	7;7;7
1002	1003	1002	1003	3	3	trialwise	462;2096;4012	462;2096;4012	3;14;25	145;11;159	sub-006_ses-101_task-s3;sub-006_ses-201_task-s3;sub-006_ses-302_task-s3	462	3	145	sub-006	ses-101	task-s3	1;2;3	3;3;3
1003	1004	1003	1004	3	3	trialwise	613;2330;4083	613;2330;4083	4;15;26	137;86;71	sub-006_ses-102_task-s4;sub-006_ses-201_task-s4;sub-006_ses-302_task-s4	613	4	137	sub-006	ses-102	task-s4	1;2;3	4;4;4
1004	1005	1004	1005	3	3	trialwise	923;2683;4355	923;2683;4355	6;17;28	130;122;26	sub-006_ses-103_task-s6;sub-006_ses-202_task-s6;sub-006_ses-303_task-s6	923	6	130	sub-006	ses-103	task-s6	1;2;3	6;6;6
1005	1006	1005	1006	3	3	trialwise	498;2279;4027	498;2279;4027	4;15;26	22;35;15	sub-006_ses-102_task-s4;sub-006_ses-201_task-s4;sub-006_ses-302_task-s4	498	4	22	sub-006	ses-102	task-s4	1;2;3	4;4;4
1006	1007	1006	1007	3	3	trialwise	726;2447;4275	726;2447;4275	5;16;27	91;44;104	sub-006_ses-102_task-s5;sub-006_ses-202_task-s5;sub-006_ses-303_task-s5	726	5	91	sub-006	ses-102	task-s5	1;2;3	5;5;5
1007	1008	1007	1008	3	3	trialwise	324;2149;4001	324;2149;4001	3;14;25	7;64;148	sub-006_ses-101_task-s3;sub-006_ses-201_task-s3;sub-006_ses-302_task-s3	324	3	7	sub-006	ses-101	task-s3	1;2;3	3;3;3
1008	1009	1008	1009	3	3	trialwise	599;2381;4072	599;2381;4072	4;15;26	123;137;60	sub-006_ses-102_task-s4;sub-006_ses-201_task-s4;sub-006_ses-302_task-s4	599	4	123	sub-006	ses-102	task-s4	1;2;3	4;4;4
1009	1010	1009	1010	3	3	trialwise	156;1905;3679	156;1905;3679	1;12;23	157;138;144	sub-006_ses-101_task-s1;sub-006_ses-201_task-s1;sub-006_ses-301_task-s1	156	1	157	sub-006	ses-101	task-s1	1;2;3	1;1;1
1010	1011	1010	1011	3	3	trialwise	979;2786;4549	979;2786;4549	7;18;29	28;67;62	sub-006_ses-103_task-s7;sub-006_ses-202_task-s7;sub-006_ses-303_task-s7	979	7	28	sub-006	ses-103	task-s7	1;2;3	7;7;7
1011	1012	1011	1012	3	3	trialwise	652;2474;4295	652;2474;4295	5;16;27	17;71;124	sub-006_ses-102_task-s5;sub-006_ses-202_task-s5;sub-006_ses-303_task-s5	652	5	17	sub-006	ses-102	task-s5	1;2;3	5;5;5
1012	1013	1012	1013	3	3	trialwise	1261;2896;4700	1261;2896;4700	8;19;30	152;19;55	sub-006_ses-103_task-s8;sub-006_ses-202_task-s8;sub-006_ses-304_task-s8	1261	8	152	sub-006	ses-103	task-s8	1;2;3	8;8;8
1013	1014	1013	1014	3	3	trialwise	306;1962;3812	306;1962;3812	2;13;24	148;36;118	sub-006_ses-101_task-s2;sub-006_ses-201_task-s2;sub-006_ses-302_task-s2	306	2	148	sub-006	ses-101	task-s2	1;2;3	2;2;2
1014	1015	1014	1015	3	3	trialwise	469;2228;3955	469;2228;3955	3;14;25	152;143;102	sub-006_ses-101_task-s3;sub-006_ses-201_task-s3;sub-006_ses-302_task-s3	469	3	152	sub-006	ses-101	task-s3	1;2;3	3;3;3
1015	1016	1015	1016	3	3	trialwise	785;2550;4219	785;2550;4219	5;16;27	150;147;48	sub-006_ses-102_task-s5;sub-006_ses-202_task-s5;sub-006_ses-303_task-s5	785	5	150	sub-006	ses-102	task-s5	1;2;3	5;5;5
1016	1017	1016	1017	3	3	trialwise	112;1852;3551	112;1852;3551	1;12;23	113;85;16	sub-006_ses-101_task-s1;sub-006_ses-201_task-s1;sub-006_ses-301_task-s1	112	1	113	sub-006	ses-101	task-s1	1;2;3	1;1;1
1017	1018	1017	1018	3	3	trialwise	1019;2740;4494	1019;2740;4494	7;18;29	68;21;7	sub-006_ses-103_task-s7;sub-006_ses-202_task-s7;sub-006_ses-303_task-s7	1019	7	68	sub-006	ses-103	task-s7	1;2;3	7;7;7
1018	1019	1018	1019	3	3	trialwise	595;2319;4045	595;2319;4045	4;15;26	119;75;33	sub-006_ses-102_task-s4;sub-006_ses-201_task-s4;sub-006_ses-302_task-s4	595	4	119	sub-006	ses-102	task-s4	1;2;3	4;4;4
1019	1020	1019	1020	3	3	trialwise	1139;2970;4782	1139;2970;4782	8;19;30	30;93;137	sub-006_ses-103_task-s8;sub-006_ses-202_task-s8;sub-006_ses-304_task-s8	1139	8	30	sub-006	ses-103	task-s8	1;2;3	8;8;8
1020	1021	1020	1021	3	3	trialwise	847;2670;4416	847;2670;4416	6;17;28	54;109;87	sub-006_ses-103_task-s6;sub-006_ses-202_task-s6;sub-006_ses-303_task-s6	847	6	54	sub-006	ses-103	task-s6	1;2;3	6;6;6
1021	1022	1021	1022	3	3	trialwise	865;2632;4410	865;2632;4410	6;17;28	72;71;81	sub-006_ses-103_task-s6;sub-006_ses-202_task-s6;sub-006_ses-303_task-s6	865	6	72	sub-006	ses-103	task-s6	1;2;3	6;6;6
1022	1023	1022	1023	2	2	trialwise	1918;3687	1918;3687	12;23	151;152	sub-006_ses-201_task-s1;sub-006_ses-301_task-s1	1918	12	151	sub-006	ses-201	task-s1	2;3	1;1
1023	1024	1023	1024	3	3	trialwise	1264;2972;4675	1264;2972;4675	8;19;30	155;95;30	sub-006_ses-103_task-s8;sub-006_ses-202_task-s8;sub-006_ses-304_task-s8	1264	8	155	sub-006	ses-103	task-s8	1;2;3	8;8;8
1024	1025	1024	1025	3	3	trialwise	235;2004;3757	235;2004;3757	2;13;24	77;78;63	sub-006_ses-101_task-s2;sub-006_ses-201_task-s2;sub-006_ses-302_task-s2	235	2	77	sub-006	ses-101	task-s2	1;2;3	2;2;2
1025	1026	1025	1026	3	3	trialwise	951;2583;4344	951;2583;4344	6;17;28	158;22;15	sub-006_ses-103_task-s6;sub-006_ses-202_task-s6;sub-006_ses-303_task-s6	951	6	158	sub-006	ses-103	task-s6	1;2;3	6;6;6
1026	1027	1026	1027	3	3	trialwise	1012;2855;4605	1012;2855;4605	7;18;29	61;136;118	sub-006_ses-103_task-s7;sub-006_ses-202_task-s7;sub-006_ses-303_task-s7	1012	7	61	sub-006	ses-103	task-s7	1;2;3	7;7;7
1027	1028	1027	1028	3	3	trialwise	516;2313;4151	516;2313;4151	4;15;26	40;69;139	sub-006_ses-102_task-s4;sub-006_ses-201_task-s4;sub-006_ses-302_task-s4	516	4	40	sub-006	ses-102	task-s4	1;2;3	4;4;4
1028	1029	1028	1029	3	3	trialwise	95;1869;3599	95;1869;3599	1;12;23	96;102;64	sub-006_ses-101_task-s1;sub-006_ses-201_task-s1;sub-006_ses-301_task-s1	95	1	96	sub-006	ses-101	task-s1	1;2;3	1;1;1
1029	1030	1029	1030	3	3	trialwise	643;2481;4206	643;2481;4206	5;16;27	8;78;35	sub-006_ses-102_task-s5;sub-006_ses-202_task-s5;sub-006_ses-303_task-s5	643	5	8	sub-006	ses-102	task-s5	1;2;3	5;5;5
1030	1031	1030	1031	3	3	trialwise	354;2227;3999	354;2227;3999	3;14;25	37;142;146	sub-006_ses-101_task-s3;sub-006_ses-201_task-s3;sub-006_ses-302_task-s3	354	3	37	sub-006	ses-101	task-s3	1;2;3	3;3;3
1031	1032	1031	1032	3	3	trialwise	104;1857;3583	104;1857;3583	1;12;23	105;90;48	sub-006_ses-101_task-s1;sub-006_ses-201_task-s1;sub-006_ses-301_task-s1	104	1	105	sub-006	ses-101	task-s1	1;2;3	1;1;1
1032	1033	1032	1033	3	3	trialwise	78;1877;3669	78;1877;3669	1;12;23	79;110;134	sub-006_ses-101_task-s1;sub-006_ses-201_task-s1;sub-006_ses-301_task-s1	78	1	79	sub-006	ses-101	task-s1	1;2;3	1;1;1
1033	1034	1033	1034	3	3	trialwise	742;2469;4296	742;2469;4296	5;16;27	107;66;125	sub-006_ses-102_task-s5;sub-006_ses-202_task-s5;sub-006_ses-303_task-s5	742	5	107	sub-006	ses-102	task-s5	1;2;3	5;5;5
1034	1035	1034	1035	3	3	trialwise	458;2118;3984	458;2118;3984	3;14;25	141;33;131	sub-006_ses-101_task-s3;sub-006_ses-201_task-s3;sub-006_ses-302_task-s3	458	3	141	sub-006	ses-101	task-s3	1;2;3	3;3;3
1035	1036	1035	1036	3	3	trialwise	288;2060;3729	288;2060;3729	2;13;24	130;134;35	sub-006_ses-101_task-s2;sub-006_ses-201_task-s2;sub-006_ses-302_task-s2	288	2	130	sub-006	ses-101	task-s2	1;2;3	2;2;2
1036	1037	1036	1037	3	3	trialwise	1244;2951;4672	1244;2951;4672	8;19;30	135;74;27	sub-006_ses-103_task-s8;sub-006_ses-202_task-s8;sub-006_ses-304_task-s8	1244	8	135	sub-006	ses-103	task-s8	1;2;3	8;8;8
1037	1038	1037	1038	3	3	trialwise	219;1953;3788	219;1953;3788	2;13;24	61;27;94	sub-006_ses-101_task-s2;sub-006_ses-201_task-s2;sub-006_ses-302_task-s2	219	2	61	sub-006	ses-101	task-s2	1;2;3	2;2;2
1038	1039	1038	1039	3	3	trialwise	830;2582;4351	830;2582;4351	6;17;28	37;21;22	sub-006_ses-103_task-s6;sub-006_ses-202_task-s6;sub-006_ses-303_task-s6	830	6	37	sub-006	ses-103	task-s6	1;2;3	6;6;6
1039	1040	1039	1040	3	3	trialwise	799;2612;4439	799;2612;4439	6;17;28	6;51;110	sub-006_ses-103_task-s6;sub-006_ses-202_task-s6;sub-006_ses-303_task-s6	799	6	6	sub-006	ses-103	task-s6	1;2;3	6;6;6
1040	1041	1040	1041	3	3	trialwise	585;2274;4121	585;2274;4121	4;15;26	109;30;109	sub-006_ses-102_task-s4;sub-006_ses-201_task-s4;sub-006_ses-302_task-s4	585	4	109	sub-006	ses-102	task-s4	1;2;3	4;4;4
1041	1042	1041	1042	3	3	trialwise	1066;2842;4645	1066;2842;4645	7;18;29	115;123;158	sub-006_ses-103_task-s7;sub-006_ses-202_task-s7;sub-006_ses-303_task-s7	1066	7	115	sub-006	ses-103	task-s7	1;2;3	7;7;7
1042	1043	1042	1043	3	3	trialwise	1130;2956;4753	1130;2956;4753	8;19;30	21;79;108	sub-006_ses-103_task-s8;sub-006_ses-202_task-s8;sub-006_ses-304_task-s8	1130	8	21	sub-006	ses-103	task-s8	1;2;3	8;8;8
1043	1044	1043	1044	3	3	trialwise	26;1774;3571	26;1774;3571	1;12;23	27;7;36	sub-006_ses-101_task-s1;sub-006_ses-201_task-s1;sub-006_ses-301_task-s1	26	1	27	sub-006	ses-101	task-s1	1;2;3	1;1;1
1044	1045	1044	1045	3	3	trialwise	289;2051;3782	289;2051;3782	2;13;24	131;125;88	sub-006_ses-101_task-s2;sub-006_ses-201_task-s2;sub-006_ses-302_task-s2	289	2	131	sub-006	ses-101	task-s2	1;2;3	2;2;2
1045	1046	1045	1046	3	3	trialwise	582;2275;4053	582;2275;4053	4;15;26	106;31;41	sub-006_ses-102_task-s4;sub-006_ses-201_task-s4;sub-006_ses-302_task-s4	582	4	106	sub-006	ses-102	task-s4	1;2;3	4;4;4
1046	1047	1046	1047	3	3	trialwise	442;2191;3934	442;2191;3934	3;14;25	125;106;81	sub-006_ses-101_task-s3;sub-006_ses-201_task-s3;sub-006_ses-302_task-s3	442	3	125	sub-006	ses-101	task-s3	1;2;3	3;3;3
1047	1048	1047	1048	3	3	trialwise	614;2324;4100	614;2324;4100	4;15;26	138;80;88	sub-006_ses-102_task-s4;sub-006_ses-201_task-s4;sub-006_ses-302_task-s4	614	4	138	sub-006	ses-102	task-s4	1;2;3	4;4;4
1048	1049	1048	1049	3	3	trialwise	372;2157;4008	372;2157;4008	3;14;25	55;72;155	sub-006_ses-101_task-s3;sub-006_ses-201_task-s3;sub-006_ses-302_task-s3	372	3	55	sub-006	ses-101	task-s3	1;2;3	3;3;3
1049	1050	1049	1050	3	3	trialwise	686;2545;4251	686;2545;4251	5;16;27	51;142;80	sub-006_ses-102_task-s5;sub-006_ses-202_task-s5;sub-006_ses-303_task-s5	686	5	51	sub-006	ses-102	task-s5	1;2;3	5;5;5
1050	1051	1050	1051	2	2	trialwise	1812;3658	1812;3658	12;23	45;123	sub-006_ses-201_task-s1;sub-006_ses-301_task-s1	1812	12	45	sub-006	ses-201	task-s1	2;3	1;1
1051	1052	1051	1052	3	3	trialwise	937;2628;4464	937;2628;4464	6;17;28	144;67;135	sub-006_ses-103_task-s6;sub-006_ses-202_task-s6;sub-006_ses-303_task-s6	937	6	144	sub-006	ses-103	task-s6	1;2;3	6;6;6
1052	1053	1052	1053	3	3	trialwise	196;1989;3753	196;1989;3753	2;13;24	38;63;59	sub-006_ses-101_task-s2;sub-006_ses-201_task-s2;sub-006_ses-302_task-s2	196	2	38	sub-006	ses-101	task-s2	1;2;3	2;2;2
1053	1054	1053	1054	3	3	trialwise	175;2047;3797	175;2047;3797	2;13;24	17;121;103	sub-006_ses-101_task-s2;sub-006_ses-201_task-s2;sub-006_ses-302_task-s2	175	2	17	sub-006	ses-101	task-s2	1;2;3	2;2;2
1054	1055	1054	1055	3	3	trialwise	802;2631;4371	802;2631;4371	6;17;28	9;70;42	sub-006_ses-103_task-s6;sub-006_ses-202_task-s6;sub-006_ses-303_task-s6	802	6	9	sub-006	ses-103	task-s6	1;2;3	6;6;6
1055	1056	1055	1056	3	3	trialwise	879;2704;4436	879;2704;4436	6;17;28	86;143;107	sub-006_ses-103_task-s6;sub-006_ses-202_task-s6;sub-006_ses-303_task-s6	879	6	86	sub-006	ses-103	task-s6	1;2;3	6;6;6
1056	1057	1056	1057	3	3	trialwise	216;2027;3838	216;2027;3838	2;13;24	58;101;144	sub-006_ses-101_task-s2;sub-006_ses-201_task-s2;sub-006_ses-302_task-s2	216	2	58	sub-006	ses-101	task-s2	1;2;3	2;2;2
1057	1058	1057	1058	3	3	trialwise	1247;3004;4766	1247;3004;4766	8;19;30	138;127;121	sub-006_ses-103_task-s8;sub-006_ses-202_task-s8;sub-006_ses-304_task-s8	1247	8	138	sub-006	ses-103	task-s8	1;2;3	8;8;8
1058	1059	1058	1059	3	3	trialwise	452;2242;3899	452;2242;3899	3;14;25	135;157;46	sub-006_ses-101_task-s3;sub-006_ses-201_task-s3;sub-006_ses-302_task-s3	452	3	135	sub-006	ses-101	task-s3	1;2;3	3;3;3
1059	1060	1059	1060	3	3	trialwise	1015;2777;4635	1015;2777;4635	7;18;29	64;58;148	sub-006_ses-103_task-s7;sub-006_ses-202_task-s7;sub-006_ses-303_task-s7	1015	7	64	sub-006	ses-103	task-s7	1;2;3	7;7;7
1060	1061	1060	1061	3	3	trialwise	277;2003;3820	277;2003;3820	2;13;24	119;77;126	sub-006_ses-101_task-s2;sub-006_ses-201_task-s2;sub-006_ses-302_task-s2	277	2	119	sub-006	ses-101	task-s2	1;2;3	2;2;2
1061	1062	1061	1062	3	3	trialwise	777;2437;4191	777;2437;4191	5;16;27	142;34;20	sub-006_ses-102_task-s5;sub-006_ses-202_task-s5;sub-006_ses-303_task-s5	777	5	142	sub-006	ses-102	task-s5	1;2;3	5;5;5
1062	1063	1062	1063	3	3	trialwise	119;1826;3626	119;1826;3626	1;12;23	120;59;91	sub-006_ses-101_task-s1;sub-006_ses-201_task-s1;sub-006_ses-301_task-s1	119	1	120	sub-006	ses-101	task-s1	1;2;3	1;1;1
1063	1064	1063	1064	3	3	trialwise	1152;2952;4663	1152;2952;4663	8;19;30	43;75;18	sub-006_ses-103_task-s8;sub-006_ses-202_task-s8;sub-006_ses-304_task-s8	1152	8	43	sub-006	ses-103	task-s8	1;2;3	8;8;8
1064	1065	1064	1065	3	3	trialwise	240;1991;3840	240;1991;3840	2;13;24	82;65;146	sub-006_ses-101_task-s2;sub-006_ses-201_task-s2;sub-006_ses-302_task-s2	240	2	82	sub-006	ses-101	task-s2	1;2;3	2;2;2
1065	1066	1065	1066	3	3	trialwise	1132;2892;4711	1132;2892;4711	8;19;30	23;15;66	sub-006_ses-103_task-s8;sub-006_ses-202_task-s8;sub-006_ses-304_task-s8	1132	8	23	sub-006	ses-103	task-s8	1;2;3	8;8;8
1066	1067	1066	1067	3	3	trialwise	938;2695;4449	938;2695;4449	6;17;28	145;134;120	sub-006_ses-103_task-s6;sub-006_ses-202_task-s6;sub-006_ses-303_task-s6	938	6	145	sub-006	ses-103	task-s6	1;2;3	6;6;6
1067	1068	1067	1068	3	3	trialwise	539;2361;4138	539;2361;4138	4;15;26	63;117;126	sub-006_ses-102_task-s4;sub-006_ses-201_task-s4;sub-006_ses-302_task-s4	539	4	63	sub-006	ses-102	task-s4	1;2;3	4;4;4
1068	1069	1068	1069	3	3	trialwise	65;1824;3553	65;1824;3553	1;12;23	66;57;18	sub-006_ses-101_task-s1;sub-006_ses-201_task-s1;sub-006_ses-301_task-s1	65	1	66	sub-006	ses-101	task-s1	1;2;3	1;1;1
1069	1070	1069	1070	3	3	trialwise	320;2127;3880	320;2127;3880	3;14;25	3;42;27	sub-006_ses-101_task-s3;sub-006_ses-201_task-s3;sub-006_ses-302_task-s3	320	3	3	sub-006	ses-101	task-s3	1;2;3	3;3;3
1070	1071	1070	1071	3	3	trialwise	927;2693;4336	927;2693;4336	6;17;28	134;132;7	sub-006_ses-103_task-s6;sub-006_ses-202_task-s6;sub-006_ses-303_task-s6	927	6	134	sub-006	ses-103	task-s6	1;2;3	6;6;6
1071	1072	1071	1072	3	3	trialwise	194;2017;3779	194;2017;3779	2;13;24	36;91;85	sub-006_ses-101_task-s2;sub-006_ses-201_task-s2;sub-006_ses-302_task-s2	194	2	36	sub-006	ses-101	task-s2	1;2;3	2;2;2
1072	1073	1072	1073	3	3	trialwise	884;2684;4380	884;2684;4380	6;17;28	91;123;51	sub-006_ses-103_task-s6;sub-006_ses-202_task-s6;sub-006_ses-303_task-s6	884	6	91	sub-006	ses-103	task-s6	1;2;3	6;6;6
1073	1074	1073	1074	3	3	trialwise	796;2702;4343	796;2702;4343	6;17;28	3;141;14	sub-006_ses-103_task-s6;sub-006_ses-202_task-s6;sub-006_ses-303_task-s6	796	6	3	sub-006	ses-103	task-s6	1;2;3	6;6;6
1074	1075	1074	1075	3	3	trialwise	636;2435;4316	636;2435;4316	5;16;27	1;32;145	sub-006_ses-102_task-s5;sub-006_ses-202_task-s5;sub-006_ses-303_task-s5	636	5	1	sub-006	ses-102	task-s5	1;2;3	5;5;5
1075	1076	1075	1076	3	3	trialwise	1156;2969;4648	1156;2969;4648	8;19;30	47;92;3	sub-006_ses-103_task-s8;sub-006_ses-202_task-s8;sub-006_ses-304_task-s8	1156	8	47	sub-006	ses-103	task-s8	1;2;3	8;8;8
1076	1077	1076	1077	3	3	trialwise	1198;3002;4659	1198;3002;4659	8;19;30	89;125;14	sub-006_ses-103_task-s8;sub-006_ses-202_task-s8;sub-006_ses-304_task-s8	1198	8	89	sub-006	ses-103	task-s8	1;2;3	8;8;8
1077	1078	1077	1078	3	3	trialwise	819;2691;4483	819;2691;4483	6;17;28	26;130;154	sub-006_ses-103_task-s6;sub-006_ses-202_task-s6;sub-006_ses-303_task-s6	819	6	26	sub-006	ses-103	task-s6	1;2;3	6;6;6
1078	1079	1078	1079	3	3	trialwise	533;2365;4054	533;2365;4054	4;15;26	57;121;42	sub-006_ses-102_task-s4;sub-006_ses-201_task-s4;sub-006_ses-302_task-s4	533	4	57	sub-006	ses-102	task-s4	1;2;3	4;4;4
1079	1080	1079	1080	3	3	trialwise	980;2781;4608	980;2781;4608	7;18;29	29;62;121	sub-006_ses-103_task-s7;sub-006_ses-202_task-s7;sub-006_ses-303_task-s7	980	7	29	sub-006	ses-103	task-s7	1;2;3	7;7;7
1080	1081	1080	1081	3	3	trialwise	1180;2962;4764	1180;2962;4764	8;19;30	71;85;119	sub-006_ses-103_task-s8;sub-006_ses-202_task-s8;sub-006_ses-304_task-s8	1180	8	71	sub-006	ses-103	task-s8	1;2;3	8;8;8
1081	1082	1081	1082	3	3	trialwise	783;2530;4231	783;2530;4231	5;16;27	148;127;60	sub-006_ses-102_task-s5;sub-006_ses-202_task-s5;sub-006_ses-303_task-s5	783	5	148	sub-006	ses-102	task-s5	1;2;3	5;5;5
1082	1083	1082	1083	3	3	trialwise	915;2681;4444	915;2681;4444	6;17;28	122;120;115	sub-006_ses-103_task-s6;sub-006_ses-202_task-s6;sub-006_ses-303_task-s6	915	6	122	sub-006	ses-103	task-s6	1;2;3	6;6;6
1083	1084	1083	1084	3	3	trialwise	165;1997;3853	165;1997;3853	2;13;24	7;71;159	sub-006_ses-101_task-s2;sub-006_ses-201_task-s2;sub-006_ses-302_task-s2	165	2	7	sub-006	ses-101	task-s2	1;2;3	2;2;2
1084	1085	1084	1085	3	3	trialwise	1068;2852;4517	1068;2852;4517	7;18;29	117;133;30	sub-006_ses-103_task-s7;sub-006_ses-202_task-s7;sub-006_ses-303_task-s7	1068	7	117	sub-006	ses-103	task-s7	1;2;3	7;7;7
1085	1086	1085	1086	3	3	trialwise	778;2533;4173	778;2533;4173	5;16;27	143;130;2	sub-006_ses-102_task-s5;sub-006_ses-202_task-s5;sub-006_ses-303_task-s5	778	5	143	sub-006	ses-102	task-s5	1;2;3	5;5;5
1086	1087	1086	1087	3	3	trialwise	282;2030;3725	282;2030;3725	2;13;24	124;104;31	sub-006_ses-101_task-s2;sub-006_ses-201_task-s2;sub-006_ses-302_task-s2	282	2	124	sub-006	ses-101	task-s2	1;2;3	2;2;2
1087	1088	1087	1088	3	3	trialwise	296;1978;3851	296;1978;3851	2;13;24	138;52;157	sub-006_ses-101_task-s2;sub-006_ses-201_task-s2;sub-006_ses-302_task-s2	296	2	138	sub-006	ses-101	task-s2	1;2;3	2;2;2
1088	1089	1088	1089	3	3	trialwise	316;2039;3819	316;2039;3819	2;13;24	158;113;125	sub-006_ses-101_task-s2;sub-006_ses-201_task-s2;sub-006_ses-302_task-s2	316	2	158	sub-006	ses-101	task-s2	1;2;3	2;2;2
1089	1090	1089	1090	3	3	trialwise	244;2076;3828	244;2076;3828	2;13;24	86;150;134	sub-006_ses-101_task-s2;sub-006_ses-201_task-s2;sub-006_ses-302_task-s2	244	2	86	sub-006	ses-101	task-s2	1;2;3	2;2;2
1090	1091	1090	1091	3	3	trialwise	1176;2950;4722	1176;2950;4722	8;19;30	67;73;77	sub-006_ses-103_task-s8;sub-006_ses-202_task-s8;sub-006_ses-304_task-s8	1176	8	67	sub-006	ses-103	task-s8	1;2;3	8;8;8
1091	1092	1091	1092	3	3	trialwise	56;1920;3689	56;1920;3689	1;12;23	57;153;154	sub-006_ses-101_task-s1;sub-006_ses-201_task-s1;sub-006_ses-301_task-s1	56	1	57	sub-006	ses-101	task-s1	1;2;3	1;1;1
1092	1093	1092	1093	3	3	trialwise	87;1789;3640	87;1789;3640	1;12;23	88;22;105	sub-006_ses-101_task-s1;sub-006_ses-201_task-s1;sub-006_ses-301_task-s1	87	1	88	sub-006	ses-101	task-s1	1;2;3	1;1;1
1093	1094	1093	1094	3	3	trialwise	1111;3012;4732	1111;3012;4732	8;19;30	2;135;87	sub-006_ses-103_task-s8;sub-006_ses-202_task-s8;sub-006_ses-304_task-s8	1111	8	2	sub-006	ses-103	task-s8	1;2;3	8;8;8
1094	1095	1094	1095	3	3	trialwise	933;2661;4332	933;2661;4332	6;17;28	140;100;3	sub-006_ses-103_task-s6;sub-006_ses-202_task-s6;sub-006_ses-303_task-s6	933	6	140	sub-006	ses-103	task-s6	1;2;3	6;6;6
1095	1096	1095	1096	3	3	trialwise	820;2627;4394	820;2627;4394	6;17;28	27;66;65	sub-006_ses-103_task-s6;sub-006_ses-202_task-s6;sub-006_ses-303_task-s6	820	6	27	sub-006	ses-103	task-s6	1;2;3	6;6;6
1096	1097	1096	1097	3	3	trialwise	141;1873;3625	141;1873;3625	1;12;23	142;106;90	sub-006_ses-101_task-s1;sub-006_ses-201_task-s1;sub-006_ses-301_task-s1	141	1	142	sub-006	ses-101	task-s1	1;2;3	1;1;1
1097	1098	1097	1098	3	3	trialwise	842;2593;4403	842;2593;4403	6;17;28	49;32;74	sub-006_ses-103_task-s6;sub-006_ses-202_task-s6;sub-006_ses-303_task-s6	842	6	49	sub-006	ses-103	task-s6	1;2;3	6;6;6
1098	1099	1098	1099	3	3	trialwise	40;1813;3662	40;1813;3662	1;12;23	41;46;127	sub-006_ses-101_task-s1;sub-006_ses-201_task-s1;sub-006_ses-301_task-s1	40	1	41	sub-006	ses-101	task-s1	1;2;3	1;1;1
1099	1100	1099	1100	3	3	trialwise	502;2297;4097	502;2297;4097	4;15;26	26;53;85	sub-006_ses-102_task-s4;sub-006_ses-201_task-s4;sub-006_ses-302_task-s4	502	4	26	sub-006	ses-102	task-s4	1;2;3	4;4;4
1100	1101	1100	1101	3	3	trialwise	662;2438;4256	662;2438;4256	5;16;27	27;35;85	sub-006_ses-102_task-s5;sub-006_ses-202_task-s5;sub-006_ses-303_task-s5	662	5	27	sub-006	ses-102	task-s5	1;2;3	5;5;5
1101	1102	1101	1102	3	3	trialwise	1227;2987;4761	1227;2987;4761	8;19;30	118;110;116	sub-006_ses-103_task-s8;sub-006_ses-202_task-s8;sub-006_ses-304_task-s8	1227	8	118	sub-006	ses-103	task-s8	1;2;3	8;8;8
1102	1103	1102	1103	3	3	trialwise	806;2679;4409	806;2679;4409	6;17;28	13;118;80	sub-006_ses-103_task-s6;sub-006_ses-202_task-s6;sub-006_ses-303_task-s6	806	6	13	sub-006	ses-103	task-s6	1;2;3	6;6;6
1103	1104	1103	1104	3	3	trialwise	386;2237;3910	386;2237;3910	3;14;25	69;152;57	sub-006_ses-101_task-s3;sub-006_ses-201_task-s3;sub-006_ses-302_task-s3	386	3	69	sub-006	ses-101	task-s3	1;2;3	3;3;3
1104	1105	1104	1105	3	3	trialwise	164;2041;3777	164;2041;3777	2;13;24	6;115;83	sub-006_ses-101_task-s2;sub-006_ses-201_task-s2;sub-006_ses-302_task-s2	164	2	6	sub-006	ses-101	task-s2	1;2;3	2;2;2
1105	1106	1105	1106	3	3	trialwise	745;2509;4308	745;2509;4308	5;16;27	110;106;137	sub-006_ses-102_task-s5;sub-006_ses-202_task-s5;sub-006_ses-303_task-s5	745	5	110	sub-006	ses-102	task-s5	1;2;3	5;5;5
1106	1107	1106	1107	3	3	trialwise	1231;3027;4733	1231;3027;4733	8;19;30	122;150;88	sub-006_ses-103_task-s8;sub-006_ses-202_task-s8;sub-006_ses-304_task-s8	1231	8	122	sub-006	ses-103	task-s8	1;2;3	8;8;8
1107	1108	1107	1108	3	3	trialwise	1014;2847;4581	1014;2847;4581	7;18;29	63;128;94	sub-006_ses-103_task-s7;sub-006_ses-202_task-s7;sub-006_ses-303_task-s7	1014	7	63	sub-006	ses-103	task-s7	1;2;3	7;7;7
1108	1109	1108	1109	3	3	trialwise	303;2012;3721	303;2012;3721	2;13;24	145;86;27	sub-006_ses-101_task-s2;sub-006_ses-201_task-s2;sub-006_ses-302_task-s2	303	2	145	sub-006	ses-101	task-s2	1;2;3	2;2;2
1109	1110	1109	1110	3	3	trialwise	158;1904;3539	158;1904;3539	1;12;23	159;137;4	sub-006_ses-101_task-s1;sub-006_ses-201_task-s1;sub-006_ses-301_task-s1	158	1	159	sub-006	ses-101	task-s1	1;2;3	1;1;1
1110	1111	1110	1111	3	3	trialwise	520;2358;4154	520;2358;4154	4;15;26	44;114;142	sub-006_ses-102_task-s4;sub-006_ses-201_task-s4;sub-006_ses-302_task-s4	520	4	44	sub-006	ses-102	task-s4	1;2;3	4;4;4
1111	1112	1111	1112	3	3	trialwise	883;2664;4407	883;2664;4407	6;17;28	90;103;78	sub-006_ses-103_task-s6;sub-006_ses-202_task-s6;sub-006_ses-303_task-s6	883	6	90	sub-006	ses-103	task-s6	1;2;3	6;6;6
1112	1113	1112	1113	3	3	trialwise	318;2136;3884	318;2136;3884	3;14;25	1;51;31	sub-006_ses-101_task-s3;sub-006_ses-201_task-s3;sub-006_ses-302_task-s3	318	3	1	sub-006	ses-101	task-s3	1;2;3	3;3;3
1113	1114	1113	1114	3	3	trialwise	503;2340;4055	503;2340;4055	4;15;26	27;96;43	sub-006_ses-102_task-s4;sub-006_ses-201_task-s4;sub-006_ses-302_task-s4	503	4	27	sub-006	ses-102	task-s4	1;2;3	4;4;4
1114	1115	1114	1115	3	3	trialwise	529;2328;4079	529;2328;4079	4;15;26	53;84;67	sub-006_ses-102_task-s4;sub-006_ses-201_task-s4;sub-006_ses-302_task-s4	529	4	53	sub-006	ses-102	task-s4	1;2;3	4;4;4
1115	1116	1115	1116	3	3	trialwise	265;2078;3808	265;2078;3808	2;13;24	107;152;114	sub-006_ses-101_task-s2;sub-006_ses-201_task-s2;sub-006_ses-302_task-s2	265	2	107	sub-006	ses-101	task-s2	1;2;3	2;2;2
1116	1117	1116	1117	3	3	trialwise	771;2431;4209	771;2431;4209	5;16;27	136;28;38	sub-006_ses-102_task-s5;sub-006_ses-202_task-s5;sub-006_ses-303_task-s5	771	5	136	sub-006	ses-102	task-s5	1;2;3	5;5;5
1117	1118	1117	1118	3	3	trialwise	711;2423;4181	711;2423;4181	5;16;27	76;20;10	sub-006_ses-102_task-s5;sub-006_ses-202_task-s5;sub-006_ses-303_task-s5	711	5	76	sub-006	ses-102	task-s5	1;2;3	5;5;5
1118	1119	1118	1119	3	3	trialwise	570;2393;4112	570;2393;4112	4;15;26	94;149;100	sub-006_ses-102_task-s4;sub-006_ses-201_task-s4;sub-006_ses-302_task-s4	570	4	94	sub-006	ses-102	task-s4	1;2;3	4;4;4
1119	1120	1119	1120	3	3	trialwise	978;2817;4620	978;2817;4620	7;18;29	27;98;133	sub-006_ses-103_task-s7;sub-006_ses-202_task-s7;sub-006_ses-303_task-s7	978	7	27	sub-006	ses-103	task-s7	1;2;3	7;7;7
1120	1122	1120	1121	3	3	trialwise	1364;3174;4887	1364;3174;4887	9;20;31	97;139;84	sub-006_ses-104_task-s9;sub-006_ses-203_task-s9;sub-006_ses-304_task-s9	1364	9	97	sub-006	ses-104	task-s9	1;2;3	9;9;9
1121	1130	1121	1122	3	3	trialwise	1669;3457;5209	1669;3457;5209	11;22;33	68;88;72	sub-006_ses-104_task-s11;sub-006_ses-204_task-s11;sub-006_ses-304_task-s11	1669	11	68	sub-006	ses-104	task-s11	1;2;3	11;11;11
1122	1191	1122	1123	3	3	trialwise	1620;3445;5271	1620;3445;5271	11;22;33	19;76;134	sub-006_ses-104_task-s11;sub-006_ses-204_task-s11;sub-006_ses-304_task-s11	1620	11	19	sub-006	ses-104	task-s11	1;2;3	11;11;11
1123	1199	1123	1124	3	3	trialwise	1556;3336;5069	1556;3336;5069	10;21;32	122;134;99	sub-006_ses-104_task-s10;sub-006_ses-205_task-s10;sub-006_ses-304_task-s10	1556	10	122	sub-006	ses-104	task-s10	1;2;3	10;10;10
1124	1210	1124	1125	3	3	trialwise	1760;3485;5244	1760;3485;5244	11;22;33	159;116;107	sub-006_ses-104_task-s11;sub-006_ses-204_task-s11;sub-006_ses-304_task-s11	1760	11	159	sub-006	ses-104	task-s11	1;2;3	11;11;11
1125	1222	1125	1126	3	3	trialwise	1369;3046;4968	1369;3046;4968	9;20;31	102;11;165	sub-006_ses-104_task-s9;sub-006_ses-203_task-s9;sub-006_ses-304_task-s9	1369	9	102	sub-006	ses-104	task-s9	1;2;3	9;9;9
1126	1261	1126	1127	3	3	trialwise	1551;3349;5008	1551;3349;5008	10;21;32	117;147;38	sub-006_ses-104_task-s10;sub-006_ses-205_task-s10;sub-006_ses-304_task-s10	1551	10	117	sub-006	ses-104	task-s10	1;2;3	10;10;10
1127	1278	1127	1128	3	3	trialwise	1388;3103;4948	1388;3103;4948	9;20;31	121;68;145	sub-006_ses-104_task-s9;sub-006_ses-203_task-s9;sub-006_ses-304_task-s9	1388	9	121	sub-006	ses-104	task-s9	1;2;3	9;9;9
1128	1286	1128	1129	3	3	trialwise	1603;3425;5223	1603;3425;5223	11;22;33	2;56;86	sub-006_ses-104_task-s11;sub-006_ses-204_task-s11;sub-006_ses-304_task-s11	1603	11	2	sub-006	ses-104	task-s11	1;2;3	11;11;11
1129	1311	1129	1130	3	3	trialwise	1583;3223;5023	1583;3223;5023	10;21;32	149;21;53	sub-006_ses-104_task-s10;sub-006_ses-205_task-s10;sub-006_ses-304_task-s10	1583	10	149	sub-006	ses-104	task-s10	1;2;3	10;10;10
1130	1331	1130	1131	3	3	trialwise	1455;3352;5137	1455;3352;5137	10;21;32	21;150;167	sub-006_ses-104_task-s10;sub-006_ses-205_task-s10;sub-006_ses-304_task-s10	1455	10	21	sub-006	ses-104	task-s10	1;2;3	10;10;10
1131	1344	1131	1132	3	3	trialwise	1592;3306;4990	1592;3306;4990	10;21;32	158;104;20	sub-006_ses-104_task-s10;sub-006_ses-205_task-s10;sub-006_ses-304_task-s10	1592	10	158	sub-006	ses-104	task-s10	1;2;3	10;10;10
1132	1378	1132	1133	3	3	trialwise	1729;3521;5220	1729;3521;5220	11;22;33	128;152;83	sub-006_ses-104_task-s11;sub-006_ses-204_task-s11;sub-006_ses-304_task-s11	1729	11	128	sub-006	ses-104	task-s11	1;2;3	11;11;11
1133	1393	1133	1134	3	3	trialwise	1352;3070;4953	1352;3070;4953	9;20;31	85;35;150	sub-006_ses-104_task-s9;sub-006_ses-203_task-s9;sub-006_ses-304_task-s9	1352	9	85	sub-006	ses-104	task-s9	1;2;3	9;9;9
1134	1401	1134	1135	3	3	trialwise	1535;3218;5076	1535;3218;5076	10;21;32	101;16;106	sub-006_ses-104_task-s10;sub-006_ses-205_task-s10;sub-006_ses-304_task-s10	1535	10	101	sub-006	ses-104	task-s10	1;2;3	10;10;10
1135	1428	1135	1136	3	3	trialwise	1292;3137;4866	1292;3137;4866	9;20;31	25;102;63	sub-006_ses-104_task-s9;sub-006_ses-203_task-s9;sub-006_ses-304_task-s9	1292	9	25	sub-006	ses-104	task-s9	1;2;3	9;9;9
1136	1457	1136	1137	3	3	trialwise	1371;3074;4840	1371;3074;4840	9;20;31	104;39;37	sub-006_ses-104_task-s9;sub-006_ses-203_task-s9;sub-006_ses-304_task-s9	1371	9	104	sub-006	ses-104	task-s9	1;2;3	9;9;9
1137	1476	1137	1138	3	3	trialwise	1270;3131;4815	1270;3131;4815	9;20;31	3;96;12	sub-006_ses-104_task-s9;sub-006_ses-203_task-s9;sub-006_ses-304_task-s9	1270	9	3	sub-006	ses-104	task-s9	1;2;3	9;9;9
1138	1501	1138	1139	3	3	trialwise	1445;3257;4989	1445;3257;4989	10;21;32	11;55;19	sub-006_ses-104_task-s10;sub-006_ses-205_task-s10;sub-006_ses-304_task-s10	1445	10	11	sub-006	ses-104	task-s10	1;2;3	10;10;10
1139	1518	1139	1140	3	3	trialwise	1382;3176;4841	1382;3176;4841	9;20;31	115;141;38	sub-006_ses-104_task-s9;sub-006_ses-203_task-s9;sub-006_ses-304_task-s9	1382	9	115	sub-006	ses-104	task-s9	1;2;3	9;9;9
1140	1524	1140	1141	3	3	trialwise	1428;3047;4930	1428;3047;4930	9;20;31	161;12;127	sub-006_ses-104_task-s9;sub-006_ses-203_task-s9;sub-006_ses-304_task-s9	1428	9	161	sub-006	ses-104	task-s9	1;2;3	9;9;9
1141	1549	1141	1142	3	3	trialwise	1349;3162;4852	1349;3162;4852	9;20;31	82;127;49	sub-006_ses-104_task-s9;sub-006_ses-203_task-s9;sub-006_ses-304_task-s9	1349	9	82	sub-006	ses-104	task-s9	1;2;3	9;9;9
1142	1569	1142	1143	3	3	trialwise	1722;3454;5197	1722;3454;5197	11;22;33	121;85;60	sub-006_ses-104_task-s11;sub-006_ses-204_task-s11;sub-006_ses-304_task-s11	1722	11	121	sub-006	ses-104	task-s11	1;2;3	11;11;11
1143	1576	1143	1144	3	3	trialwise	1713;3434;5267	1713;3434;5267	11;22;33	112;65;130	sub-006_ses-104_task-s11;sub-006_ses-204_task-s11;sub-006_ses-304_task-s11	1713	11	112	sub-006	ses-104	task-s11	1;2;3	11;11;11
1144	1611	1144	1145	3	3	trialwise	1667;3489;5218	1667;3489;5218	11;22;33	66;120;81	sub-006_ses-104_task-s11;sub-006_ses-204_task-s11;sub-006_ses-304_task-s11	1667	11	66	sub-006	ses-104	task-s11	1;2;3	11;11;11
1145	1614	1145	1146	3	3	trialwise	1711;3535;5272	1711;3535;5272	11;22;33	110;166;135	sub-006_ses-104_task-s11;sub-006_ses-204_task-s11;sub-006_ses-304_task-s11	1711	11	110	sub-006	ses-104	task-s11	1;2;3	11;11;11
1146	1664	1146	1147	3	3	trialwise	1493;3294;5032	1493;3294;5032	10;21;32	59;92;62	sub-006_ses-104_task-s10;sub-006_ses-205_task-s10;sub-006_ses-304_task-s10	1493	10	59	sub-006	ses-104	task-s10	1;2;3	10;10;10
1147	1676	1147	1148	3	3	trialwise	1317;3097;4859	1317;3097;4859	9;20;31	50;62;56	sub-006_ses-104_task-s9;sub-006_ses-203_task-s9;sub-006_ses-304_task-s9	1317	9	50	sub-006	ses-104	task-s9	1;2;3	9;9;9
1148	1702	1148	1149	3	3	trialwise	1594;3362;4973	1594;3362;4973	10;21;32	160;160;3	sub-006_ses-104_task-s10;sub-006_ses-205_task-s10;sub-006_ses-304_task-s10	1594	10	160	sub-006	ses-104	task-s10	1;2;3	10;10;10
1149	1712	1149	1150	3	3	trialwise	1710;3419;5179	1710;3419;5179	11;22;33	109;50;42	sub-006_ses-104_task-s11;sub-006_ses-204_task-s11;sub-006_ses-304_task-s11	1710	11	109	sub-006	ses-104	task-s11	1;2;3	11;11;11
1150	1738	1150	1151	3	3	trialwise	1558;3367;5045	1558;3367;5045	10;21;32	124;165;75	sub-006_ses-104_task-s10;sub-006_ses-205_task-s10;sub-006_ses-304_task-s10	1558	10	124	sub-006	ses-104	task-s10	1;2;3	10;10;10
1151	1739	1151	1152	3	3	trialwise	1681;3504;5247	1681;3504;5247	11;22;33	80;135;110	sub-006_ses-104_task-s11;sub-006_ses-204_task-s11;sub-006_ses-304_task-s11	1681	11	80	sub-006	ses-104	task-s11	1;2;3	11;11;11
1152	1780	1152	1153	3	3	trialwise	1452;3233;5072	1452;3233;5072	10;21;32	18;31;102	sub-006_ses-104_task-s10;sub-006_ses-205_task-s10;sub-006_ses-304_task-s10	1452	10	18	sub-006	ses-104	task-s10	1;2;3	10;10;10
1153	1792	1153	1154	3	3	trialwise	1306;3141;4848	1306;3141;4848	9;20;31	39;106;45	sub-006_ses-104_task-s9;sub-006_ses-203_task-s9;sub-006_ses-304_task-s9	1306	9	39	sub-006	ses-104	task-s9	1;2;3	9;9;9
1154	1829	1154	1155	3	3	trialwise	1680;3509;5200	1680;3509;5200	11;22;33	79;140;63	sub-006_ses-104_task-s11;sub-006_ses-204_task-s11;sub-006_ses-304_task-s11	1680	11	79	sub-006	ses-104	task-s11	1;2;3	11;11;11
1155	1833	1155	1156	3	3	trialwise	1609;3531;5206	1609;3531;5206	11;22;33	8;162;69	sub-006_ses-104_task-s11;sub-006_ses-204_task-s11;sub-006_ses-304_task-s11	1609	11	8	sub-006	ses-104	task-s11	1;2;3	11;11;11
1156	1864	1156	1157	3	3	trialwise	1360;3079;4955	1360;3079;4955	9;20;31	93;44;152	sub-006_ses-104_task-s9;sub-006_ses-203_task-s9;sub-006_ses-304_task-s9	1360	9	93	sub-006	ses-104	task-s9	1;2;3	9;9;9
1157	1872	1157	1158	3	3	trialwise	1492;3368;5096	1492;3368;5096	10;21;32	58;166;126	sub-006_ses-104_task-s10;sub-006_ses-205_task-s10;sub-006_ses-304_task-s10	1492	10	58	sub-006	ses-104	task-s10	1;2;3	10;10;10
1158	1881	1158	1159	3	3	trialwise	1579;3361;5014	1579;3361;5014	10;21;32	145;159;44	sub-006_ses-104_task-s10;sub-006_ses-205_task-s10;sub-006_ses-304_task-s10	1579	10	145	sub-006	ses-104	task-s10	1;2;3	10;10;10
1159	1916	1159	1160	3	3	trialwise	1636;3512;5257	1636;3512;5257	11;22;33	35;143;120	sub-006_ses-104_task-s11;sub-006_ses-204_task-s11;sub-006_ses-304_task-s11	1636	11	35	sub-006	ses-104	task-s11	1;2;3	11;11;11
1160	1930	1160	1161	3	3	trialwise	1461;3284;5073	1461;3284;5073	10;21;32	27;82;103	sub-006_ses-104_task-s10;sub-006_ses-205_task-s10;sub-006_ses-304_task-s10	1461	10	27	sub-006	ses-104	task-s10	1;2;3	10;10;10
1161	1957	1161	1162	3	3	trialwise	1560;3334;5025	1560;3334;5025	10;21;32	126;132;55	sub-006_ses-104_task-s10;sub-006_ses-205_task-s10;sub-006_ses-304_task-s10	1560	10	126	sub-006	ses-104	task-s10	1;2;3	10;10;10
1162	1979	1162	1163	3	3	trialwise	1453;3228;5075	1453;3228;5075	10;21;32	19;26;105	sub-006_ses-104_task-s10;sub-006_ses-205_task-s10;sub-006_ses-304_task-s10	1453	10	19	sub-006	ses-104	task-s10	1;2;3	10;10;10
1163	1998	1163	1164	3	3	trialwise	1622;3416;5290	1622;3416;5290	11;22;33	21;47;153	sub-006_ses-104_task-s11;sub-006_ses-204_task-s11;sub-006_ses-304_task-s11	1622	11	21	sub-006	ses-104	task-s11	1;2;3	11;11;11
1164	2002	1164	1165	3	3	trialwise	1521;3276;5133	1521;3276;5133	10;21;32	87;74;163	sub-006_ses-104_task-s10;sub-006_ses-205_task-s10;sub-006_ses-304_task-s10	1521	10	87	sub-006	ses-104	task-s10	1;2;3	10;10;10
1165	2023	1165	1166	3	3	trialwise	1687;3455;5246	1687;3455;5246	11;22;33	86;86;109	sub-006_ses-104_task-s11;sub-006_ses-204_task-s11;sub-006_ses-304_task-s11	1687	11	86	sub-006	ses-104	task-s11	1;2;3	11;11;11
1166	2071	1166	1167	3	3	trialwise	1656;3394;5159	1656;3394;5159	11;22;33	55;25;22	sub-006_ses-104_task-s11;sub-006_ses-204_task-s11;sub-006_ses-304_task-s11	1656	11	55	sub-006	ses-104	task-s11	1;2;3	11;11;11
1167	2074	1167	1168	3	3	trialwise	1631;3511;5251	1631;3511;5251	11;22;33	30;142;114	sub-006_ses-104_task-s11;sub-006_ses-204_task-s11;sub-006_ses-304_task-s11	1631	11	30	sub-006	ses-104	task-s11	1;2;3	11;11;11
1168	2083	1168	1169	3	3	trialwise	1658;3460;5148	1658;3460;5148	11;22;33	57;91;11	sub-006_ses-104_task-s11;sub-006_ses-204_task-s11;sub-006_ses-304_task-s11	1658	11	57	sub-006	ses-104	task-s11	1;2;3	11;11;11
1169	2089	1169	1170	3	3	trialwise	1368;3160;4897	1368;3160;4897	9;20;31	101;125;94	sub-006_ses-104_task-s9;sub-006_ses-203_task-s9;sub-006_ses-304_task-s9	1368	9	101	sub-006	ses-104	task-s9	1;2;3	9;9;9
1170	2134	1170	1171	3	3	trialwise	1377;3109;4908	1377;3109;4908	9;20;31	110;74;105	sub-006_ses-104_task-s9;sub-006_ses-203_task-s9;sub-006_ses-304_task-s9	1377	9	110	sub-006	ses-104	task-s9	1;2;3	9;9;9
1171	2160	1171	1172	3	3	trialwise	1420;3188;4952	1420;3188;4952	9;20;31	153;153;149	sub-006_ses-104_task-s9;sub-006_ses-203_task-s9;sub-006_ses-304_task-s9	1420	9	153	sub-006	ses-104	task-s9	1;2;3	9;9;9
1172	2164	1172	1173	3	3	trialwise	1296;3124;4937	1296;3124;4937	9;20;31	29;89;134	sub-006_ses-104_task-s9;sub-006_ses-203_task-s9;sub-006_ses-304_task-s9	1296	9	29	sub-006	ses-104	task-s9	1;2;3	9;9;9
1173	2188	1173	1174	3	3	trialwise	1474;3353;5085	1474;3353;5085	10;21;32	40;151;115	sub-006_ses-104_task-s10;sub-006_ses-205_task-s10;sub-006_ses-304_task-s10	1474	10	40	sub-006	ses-104	task-s10	1;2;3	10;10;10
1174	2210	1174	1175	3	3	trialwise	1419;3198;4872	1419;3198;4872	9;20;31	152;163;69	sub-006_ses-104_task-s9;sub-006_ses-203_task-s9;sub-006_ses-304_task-s9	1419	9	152	sub-006	ses-104	task-s9	1;2;3	9;9;9
1175	2237	1175	1176	3	3	trialwise	1378;3108;4819	1378;3108;4819	9;20;31	111;73;16	sub-006_ses-104_task-s9;sub-006_ses-203_task-s9;sub-006_ses-304_task-s9	1378	9	111	sub-006	ses-104	task-s9	1;2;3	9;9;9
1176	2256	1176	1177	3	3	trialwise	1497;3330;5000	1497;3330;5000	10;21;32	63;128;30	sub-006_ses-104_task-s10;sub-006_ses-205_task-s10;sub-006_ses-304_task-s10	1497	10	63	sub-006	ses-104	task-s10	1;2;3	10;10;10
1177	2259	1177	1178	3	3	trialwise	1670;3502;5139	1670;3502;5139	11;22;33	69;133;2	sub-006_ses-104_task-s11;sub-006_ses-204_task-s11;sub-006_ses-304_task-s11	1670	11	69	sub-006	ses-104	task-s11	1;2;3	11;11;11
1178	2289	1178	1179	3	3	trialwise	1519;3364;4997	1519;3364;4997	10;21;32	85;162;27	sub-006_ses-104_task-s10;sub-006_ses-205_task-s10;sub-006_ses-304_task-s10	1519	10	85	sub-006	ses-104	task-s10	1;2;3	10;10;10
1179	2293	1179	1180	3	3	trialwise	1440;3311;5036	1440;3311;5036	10;21;32	6;109;66	sub-006_ses-104_task-s10;sub-006_ses-205_task-s10;sub-006_ses-304_task-s10	1440	10	6	sub-006	ses-104	task-s10	1;2;3	10;10;10
1180	2334	1180	1181	3	3	trialwise	1575;3207;5058	1575;3207;5058	10;21;32	141;5;88	sub-006_ses-104_task-s10;sub-006_ses-205_task-s10;sub-006_ses-304_task-s10	1575	10	141	sub-006	ses-104	task-s10	1;2;3	10;10;10
1181	2349	1181	1182	3	3	trialwise	1271;3106;4921	1271;3106;4921	9;20;31	4;71;118	sub-006_ses-104_task-s9;sub-006_ses-203_task-s9;sub-006_ses-304_task-s9	1271	9	4	sub-006	ses-104	task-s9	1;2;3	9;9;9
1182	2367	1182	1183	3	3	trialwise	1623;3464;5280	1623;3464;5280	11;22;33	22;95;143	sub-006_ses-104_task-s11;sub-006_ses-204_task-s11;sub-006_ses-304_task-s11	1623	11	22	sub-006	ses-104	task-s11	1;2;3	11;11;11
1183	2399	1183	1184	3	3	trialwise	1660;3402;5241	1660;3402;5241	11;22;33	59;33;104	sub-006_ses-104_task-s11;sub-006_ses-204_task-s11;sub-006_ses-304_task-s11	1660	11	59	sub-006	ses-104	task-s11	1;2;3	11;11;11
1184	2407	1184	1185	3	3	trialwise	1574;3342;5029	1574;3342;5029	10;21;32	140;140;59	sub-006_ses-104_task-s10;sub-006_ses-205_task-s10;sub-006_ses-304_task-s10	1574	10	140	sub-006	ses-104	task-s10	1;2;3	10;10;10
1185	2435	1185	1186	3	3	trialwise	1588;3356;5128	1588;3356;5128	10;21;32	154;154;158	sub-006_ses-104_task-s10;sub-006_ses-205_task-s10;sub-006_ses-304_task-s10	1588	10	154	sub-006	ses-104	task-s10	1;2;3	10;10;10
1186	2443	1186	1187	3	3	trialwise	1518;3312;5031	1518;3312;5031	10;21;32	84;110;61	sub-006_ses-104_task-s10;sub-006_ses-205_task-s10;sub-006_ses-304_task-s10	1518	10	84	sub-006	ses-104	task-s10	1;2;3	10;10;10
1187	2462	1187	1188	3	3	trialwise	1565;3325;5068	1565;3325;5068	10;21;32	131;123;98	sub-006_ses-104_task-s10;sub-006_ses-205_task-s10;sub-006_ses-304_task-s10	1565	10	131	sub-006	ses-104	task-s10	1;2;3	10;10;10
1188	2497	1188	1189	3	3	trialwise	1481;3319;5018	1481;3319;5018	10;21;32	47;117;48	sub-006_ses-104_task-s10;sub-006_ses-205_task-s10;sub-006_ses-304_task-s10	1481	10	47	sub-006	ses-104	task-s10	1;2;3	10;10;10
1189	2514	1189	1190	3	3	trialwise	1572;3271;5021	1572;3271;5021	10;21;32	138;69;51	sub-006_ses-104_task-s10;sub-006_ses-205_task-s10;sub-006_ses-304_task-s10	1572	10	138	sub-006	ses-104	task-s10	1;2;3	10;10;10
1190	2533	1190	1191	3	3	trialwise	1298;3117;4847	1298;3117;4847	9;20;31	31;82;44	sub-006_ses-104_task-s9;sub-006_ses-203_task-s9;sub-006_ses-304_task-s9	1298	9	31	sub-006	ses-104	task-s9	1;2;3	9;9;9
1191	2558	1191	1192	3	3	trialwise	1309;3082;4843	1309;3082;4843	9;20;31	42;47;40	sub-006_ses-104_task-s9;sub-006_ses-203_task-s9;sub-006_ses-304_task-s9	1309	9	42	sub-006	ses-104	task-s9	1;2;3	9;9;9
1192	2570	1192	1193	3	3	trialwise	1409;3057;4878	1409;3057;4878	9;20;31	142;22;75	sub-006_ses-104_task-s9;sub-006_ses-203_task-s9;sub-006_ses-304_task-s9	1409	9	142	sub-006	ses-104	task-s9	1;2;3	9;9;9
1193	2572	1193	1194	3	3	trialwise	1767;3461;5217	1767;3461;5217	11;22;33	166;92;80	sub-006_ses-104_task-s11;sub-006_ses-204_task-s11;sub-006_ses-304_task-s11	1767	11	166	sub-006	ses-104	task-s11	1;2;3	11;11;11
1194	2604	1194	1195	3	3	trialwise	1328;3075;4904	1328;3075;4904	9;20;31	61;40;101	sub-006_ses-104_task-s9;sub-006_ses-203_task-s9;sub-006_ses-304_task-s9	1328	9	61	sub-006	ses-104	task-s9	1;2;3	9;9;9
1195	2624	1195	1196	3	3	trialwise	1381;3067;4915	1381;3067;4915	9;20;31	114;32;112	sub-006_ses-104_task-s9;sub-006_ses-203_task-s9;sub-006_ses-304_task-s9	1381	9	114	sub-006	ses-104	task-s9	1;2;3	9;9;9
1196	2664	1196	1197	3	3	trialwise	1398;3135;4922	1398;3135;4922	9;20;31	131;100;119	sub-006_ses-104_task-s9;sub-006_ses-203_task-s9;sub-006_ses-304_task-s9	1398	9	131	sub-006	ses-104	task-s9	1;2;3	9;9;9
1197	2672	1197	1198	3	3	trialwise	1597;3310;4983	1597;3310;4983	10;21;32	163;108;13	sub-006_ses-104_task-s10;sub-006_ses-205_task-s10;sub-006_ses-304_task-s10	1597	10	163	sub-006	ses-104	task-s10	1;2;3	10;10;10
1198	2682	1198	1199	3	3	trialwise	1600;3237;5094	1600;3237;5094	10;21;32	166;35;124	sub-006_ses-104_task-s10;sub-006_ses-205_task-s10;sub-006_ses-304_task-s10	1600	10	166	sub-006	ses-104	task-s10	1;2;3	10;10;10
1199	2710	1199	1200	3	3	trialwise	1430;3185;4906	1430;3185;4906	9;20;31	163;150;103	sub-006_ses-104_task-s9;sub-006_ses-203_task-s9;sub-006_ses-304_task-s9	1430	9	163	sub-006	ses-104	task-s9	1;2;3	9;9;9
1200	2733	1200	1201	3	3	trialwise	1346;3036;4836	1346;3036;4836	9;20;31	79;1;33	sub-006_ses-104_task-s9;sub-006_ses-203_task-s9;sub-006_ses-304_task-s9	1346	9	79	sub-006	ses-104	task-s9	1;2;3	9;9;9
1201	2734	1201	1202	3	3	trialwise	1721;3398;5198	1721;3398;5198	11;22;33	120;29;61	sub-006_ses-104_task-s11;sub-006_ses-204_task-s11;sub-006_ses-304_task-s11	1721	11	120	sub-006	ses-104	task-s11	1;2;3	11;11;11
1202	2771	1202	1203	3	3	trialwise	1272;3197;4901	1272;3197;4901	9;20;31	5;162;98	sub-006_ses-104_task-s9;sub-006_ses-203_task-s9;sub-006_ses-304_task-s9	1272	9	5	sub-006	ses-104	task-s9	1;2;3	9;9;9
1203	2782	1203	1204	3	3	trialwise	1596;3317;5124	1596;3317;5124	10;21;32	162;115;154	sub-006_ses-104_task-s10;sub-006_ses-205_task-s10;sub-006_ses-304_task-s10	1596	10	162	sub-006	ses-104	task-s10	1;2;3	10;10;10
1204	2824	1204	1205	3	3	trialwise	1472;3205;5131	1472;3205;5131	10;21;32	38;3;161	sub-006_ses-104_task-s10;sub-006_ses-205_task-s10;sub-006_ses-304_task-s10	1472	10	38	sub-006	ses-104	task-s10	1;2;3	10;10;10
1205	2834	1205	1206	3	3	trialwise	1625;3477;5277	1625;3477;5277	11;22;33	24;108;140	sub-006_ses-104_task-s11;sub-006_ses-204_task-s11;sub-006_ses-304_task-s11	1625	11	24	sub-006	ses-104	task-s11	1;2;3	11;11;11
1206	2850	1206	1207	3	3	trialwise	1495;3256;5115	1495;3256;5115	10;21;32	61;54;145	sub-006_ses-104_task-s10;sub-006_ses-205_task-s10;sub-006_ses-304_task-s10	1495	10	61	sub-006	ses-104	task-s10	1;2;3	10;10;10
1207	2875	1207	1208	3	3	trialwise	1608;3405;5229	1608;3405;5229	11;22;33	7;36;92	sub-006_ses-104_task-s11;sub-006_ses-204_task-s11;sub-006_ses-304_task-s11	1608	11	7	sub-006	ses-104	task-s11	1;2;3	11;11;11
1208	2889	1208	1209	3	3	trialwise	1357;3173;4813	1357;3173;4813	9;20;31	90;138;10	sub-006_ses-104_task-s9;sub-006_ses-203_task-s9;sub-006_ses-304_task-s9	1357	9	90	sub-006	ses-104	task-s9	1;2;3	9;9;9
1209	2907	1209	1210	3	3	trialwise	1762;3493;5189	1762;3493;5189	11;22;33	161;124;52	sub-006_ses-104_task-s11;sub-006_ses-204_task-s11;sub-006_ses-304_task-s11	1762	11	161	sub-006	ses-104	task-s11	1;2;3	11;11;11
1210	2929	1210	1211	3	3	trialwise	1677;3529;5173	1677;3529;5173	11;22;33	76;160;36	sub-006_ses-104_task-s11;sub-006_ses-204_task-s11;sub-006_ses-304_task-s11	1677	11	76	sub-006	ses-104	task-s11	1;2;3	11;11;11
1211	2950	1211	1212	3	3	trialwise	1715;3406;5210	1715;3406;5210	11;22;33	114;37;73	sub-006_ses-104_task-s11;sub-006_ses-204_task-s11;sub-006_ses-304_task-s11	1715	11	114	sub-006	ses-104	task-s11	1;2;3	11;11;11
1212	2963	1212	1213	3	3	trialwise	1638;3516;5231	1638;3516;5231	11;22;33	37;147;94	sub-006_ses-104_task-s11;sub-006_ses-204_task-s11;sub-006_ses-304_task-s11	1638	11	37	sub-006	ses-104	task-s11	1;2;3	11;11;11
1213	2976	1213	1214	3	3	trialwise	1316;3149;4889	1316;3149;4889	9;20;31	49;114;86	sub-006_ses-104_task-s9;sub-006_ses-203_task-s9;sub-006_ses-304_task-s9	1316	9	49	sub-006	ses-104	task-s9	1;2;3	9;9;9
1214	3009	1214	1215	3	3	trialwise	1746;3427;5221	1746;3427;5221	11;22;33	145;58;84	sub-006_ses-104_task-s11;sub-006_ses-204_task-s11;sub-006_ses-304_task-s11	1746	11	145	sub-006	ses-104	task-s11	1;2;3	11;11;11
1215	3012	1215	1216	3	3	trialwise	1510;3208;5116	1510;3208;5116	10;21;32	76;6;146	sub-006_ses-104_task-s10;sub-006_ses-205_task-s10;sub-006_ses-304_task-s10	1510	10	76	sub-006	ses-104	task-s10	1;2;3	10;10;10
1216	3047	1216	1217	3	3	trialwise	1758;3469;5155	1758;3469;5155	11;22;33	157;100;18	sub-006_ses-104_task-s11;sub-006_ses-204_task-s11;sub-006_ses-304_task-s11	1758	11	157	sub-006	ses-104	task-s11	1;2;3	11;11;11
1217	3079	1217	1218	3	3	trialwise	1553;3217;5064	1553;3217;5064	10;21;32	119;15;94	sub-006_ses-104_task-s10;sub-006_ses-205_task-s10;sub-006_ses-304_task-s10	1553	10	119	sub-006	ses-104	task-s10	1;2;3	10;10;10
1218	3083	1218	1219	3	3	trialwise	1590;3338;5083	1590;3338;5083	10;21;32	156;136;113	sub-006_ses-104_task-s10;sub-006_ses-205_task-s10;sub-006_ses-304_task-s10	1590	10	156	sub-006	ses-104	task-s10	1;2;3	10;10;10
1219	3116	1219	1220	3	3	trialwise	1417;3133;4946	1417;3133;4946	9;20;31	150;98;143	sub-006_ses-104_task-s9;sub-006_ses-203_task-s9;sub-006_ses-304_task-s9	1417	9	150	sub-006	ses-104	task-s9	1;2;3	9;9;9
1220	3137	1220	1221	3	3	trialwise	1688;3473;5228	1688;3473;5228	11;22;33	87;104;91	sub-006_ses-104_task-s11;sub-006_ses-204_task-s11;sub-006_ses-304_task-s11	1688	11	87	sub-006	ses-104	task-s11	1;2;3	11;11;11
1221	3152	1221	1222	3	3	trialwise	1480;3315;5042	1480;3315;5042	10;21;32	46;113;72	sub-006_ses-104_task-s10;sub-006_ses-205_task-s10;sub-006_ses-304_task-s10	1480	10	46	sub-006	ses-104	task-s10	1;2;3	10;10;10
1222	3174	1222	1223	3	3	trialwise	1666;3478;5164	1666;3478;5164	11;22;33	65;109;27	sub-006_ses-104_task-s11;sub-006_ses-204_task-s11;sub-006_ses-304_task-s11	1666	11	65	sub-006	ses-104	task-s11	1;2;3	11;11;11
1223	3177	1223	1224	3	3	trialwise	1738;3530;5192	1738;3530;5192	11;22;33	137;161;55	sub-006_ses-104_task-s11;sub-006_ses-204_task-s11;sub-006_ses-304_task-s11	1738	11	137	sub-006	ses-104	task-s11	1;2;3	11;11;11
1224	3220	1224	1225	3	3	trialwise	1405;3153;4871	1405;3153;4871	9;20;31	138;118;68	sub-006_ses-104_task-s9;sub-006_ses-203_task-s9;sub-006_ses-304_task-s9	1405	9	138	sub-006	ses-104	task-s9	1;2;3	9;9;9
1225	3233	1225	1226	3	3	trialwise	1439;3260;4974	1439;3260;4974	10;21;32	5;58;4	sub-006_ses-104_task-s10;sub-006_ses-205_task-s10;sub-006_ses-304_task-s10	1439	10	5	sub-006	ses-104	task-s10	1;2;3	10;10;10
1226	3271	1226	1227	3	3	trialwise	1605;3513;5187	1605;3513;5187	11;22;33	4;144;50	sub-006_ses-104_task-s11;sub-006_ses-204_task-s11;sub-006_ses-304_task-s11	1605	11	4	sub-006	ses-104	task-s11	1;2;3	11;11;11
1227	3275	1227	1228	3	3	trialwise	1726;3494;5156	1726;3494;5156	11;22;33	125;125;19	sub-006_ses-104_task-s11;sub-006_ses-204_task-s11;sub-006_ses-304_task-s11	1726	11	125	sub-006	ses-104	task-s11	1;2;3	11;11;11
1228	3304	1228	1229	3	3	trialwise	1691;3382;5238	1691;3382;5238	11;22;33	90;13;101	sub-006_ses-104_task-s11;sub-006_ses-204_task-s11;sub-006_ses-304_task-s11	1691	11	90	sub-006	ses-104	task-s11	1;2;3	11;11;11
1229	3309	1229	1230	3	3	trialwise	1407;3043;4846	1407;3043;4846	9;20;31	140;8;43	sub-006_ses-104_task-s9;sub-006_ses-203_task-s9;sub-006_ses-304_task-s9	1407	9	140	sub-006	ses-104	task-s9	1;2;3	9;9;9
1230	3348	1230	1231	3	3	trialwise	1599;3360;5071	1599;3360;5071	10;21;32	165;158;101	sub-006_ses-104_task-s10;sub-006_ses-205_task-s10;sub-006_ses-304_task-s10	1599	10	165	sub-006	ses-104	task-s10	1;2;3	10;10;10
1231	3349	1231	1232	3	3	trialwise	1443;3206;5028	1443;3206;5028	10;21;32	9;4;58	sub-006_ses-104_task-s10;sub-006_ses-205_task-s10;sub-006_ses-304_task-s10	1443	10	9	sub-006	ses-104	task-s10	1;2;3	10;10;10
1232	3375	1232	1233	3	3	trialwise	1305;3201;4888	1305;3201;4888	9;20;31	38;166;85	sub-006_ses-104_task-s9;sub-006_ses-203_task-s9;sub-006_ses-304_task-s9	1305	9	38	sub-006	ses-104	task-s9	1;2;3	9;9;9
1233	3394	1233	1234	3	3	trialwise	1344;3200;4970	1344;3200;4970	9;20;31	77;165;167	sub-006_ses-104_task-s9;sub-006_ses-203_task-s9;sub-006_ses-304_task-s9	1344	9	77	sub-006	ses-104	task-s9	1;2;3	9;9;9
1234	3410	1234	1235	3	3	trialwise	1542;3278;5100	1542;3278;5100	10;21;32	108;76;130	sub-006_ses-104_task-s10;sub-006_ses-205_task-s10;sub-006_ses-304_task-s10	1542	10	108	sub-006	ses-104	task-s10	1;2;3	10;10;10
1235	3427	1235	1236	3	3	trialwise	1415;3038;4941	1415;3038;4941	9;20;31	148;3;138	sub-006_ses-104_task-s9;sub-006_ses-203_task-s9;sub-006_ses-304_task-s9	1415	9	148	sub-006	ses-104	task-s9	1;2;3	9;9;9
1236	3474	1236	1237	3	3	trialwise	1484;3269;5012	1484;3269;5012	10;21;32	50;67;42	sub-006_ses-104_task-s10;sub-006_ses-205_task-s10;sub-006_ses-304_task-s10	1484	10	50	sub-006	ses-104	task-s10	1;2;3	10;10;10
1237	3478	1237	1238	3	3	trialwise	1479;3326;5048	1479;3326;5048	10;21;32	45;124;78	sub-006_ses-104_task-s10;sub-006_ses-205_task-s10;sub-006_ses-304_task-s10	1479	10	45	sub-006	ses-104	task-s10	1;2;3	10;10;10
1238	3484	1238	1239	3	3	trialwise	1289;3161;4961	1289;3161;4961	9;20;31	22;126;158	sub-006_ses-104_task-s9;sub-006_ses-203_task-s9;sub-006_ses-304_task-s9	1289	9	22	sub-006	ses-104	task-s9	1;2;3	9;9;9
1239	3492	1239	1240	3	3	trialwise	1601;3332;4977	1601;3332;4977	10;21;32	167;130;7	sub-006_ses-104_task-s10;sub-006_ses-205_task-s10;sub-006_ses-304_task-s10	1601	10	167	sub-006	ses-104	task-s10	1;2;3	10;10;10
1240	3524	1240	1241	3	3	trialwise	1541;3240;5001	1541;3240;5001	10;21;32	107;38;31	sub-006_ses-104_task-s10;sub-006_ses-205_task-s10;sub-006_ses-304_task-s10	1541	10	107	sub-006	ses-104	task-s10	1;2;3	10;10;10
1241	3527	1241	1242	3	3	trialwise	1437;3286;5107	1437;3286;5107	10;21;32	3;84;137	sub-006_ses-104_task-s10;sub-006_ses-205_task-s10;sub-006_ses-304_task-s10	1437	10	3	sub-006	ses-104	task-s10	1;2;3	10;10;10
1242	3548	1242	1243	3	3	trialwise	1753;3501;5278	1753;3501;5278	11;22;33	152;132;141	sub-006_ses-104_task-s11;sub-006_ses-204_task-s11;sub-006_ses-304_task-s11	1753	11	152	sub-006	ses-104	task-s11	1;2;3	11;11;11
1243	3577	1243	1244	3	3	trialwise	1737;3400;5177	1737;3400;5177	11;22;33	136;31;40	sub-006_ses-104_task-s11;sub-006_ses-204_task-s11;sub-006_ses-304_task-s11	1737	11	136	sub-006	ses-104	task-s11	1;2;3	11;11;11
1244	3604	1244	1245	3	3	trialwise	1532;3280;5022	1532;3280;5022	10;21;32	98;78;52	sub-006_ses-104_task-s10;sub-006_ses-205_task-s10;sub-006_ses-304_task-s10	1532	10	98	sub-006	ses-104	task-s10	1;2;3	10;10;10
1245	3638	1245	1246	3	3	trialwise	1682;3435;5203	1682;3435;5203	11;22;33	81;66;66	sub-006_ses-104_task-s11;sub-006_ses-204_task-s11;sub-006_ses-304_task-s11	1682	11	81	sub-006	ses-104	task-s11	1;2;3	11;11;11
1246	3651	1246	1247	3	3	trialwise	1602;3488;5284	1602;3488;5284	11;22;33	1;119;147	sub-006_ses-104_task-s11;sub-006_ses-204_task-s11;sub-006_ses-304_task-s11	1602	11	1	sub-006	ses-104	task-s11	1;2;3	11;11;11
1247	3679	1247	1248	3	3	trialwise	1730;3424;5281	1730;3424;5281	11;22;33	129;55;144	sub-006_ses-104_task-s11;sub-006_ses-204_task-s11;sub-006_ses-304_task-s11	1730	11	129	sub-006	ses-104	task-s11	1;2;3	11;11;11
1248	3683	1248	1249	3	3	trialwise	1494;3307;5040	1494;3307;5040	10;21;32	60;105;70	sub-006_ses-104_task-s10;sub-006_ses-205_task-s10;sub-006_ses-304_task-s10	1494	10	60	sub-006	ses-104	task-s10	1;2;3	10;10;10
1249	3712	1249	1250	3	3	trialwise	1548;3318;5105	1548;3318;5105	10;21;32	114;116;135	sub-006_ses-104_task-s10;sub-006_ses-205_task-s10;sub-006_ses-304_task-s10	1548	10	114	sub-006	ses-104	task-s10	1;2;3	10;10;10
1250	3743	1250	1251	3	3	trialwise	1537;3323;5033	1537;3323;5033	10;21;32	103;121;63	sub-006_ses-104_task-s10;sub-006_ses-205_task-s10;sub-006_ses-304_task-s10	1537	10	103	sub-006	ses-104	task-s10	1;2;3	10;10;10
1251	3759	1251	1252	3	3	trialwise	1496;3255;5126	1496;3255;5126	10;21;32	62;53;156	sub-006_ses-104_task-s10;sub-006_ses-205_task-s10;sub-006_ses-304_task-s10	1496	10	62	sub-006	ses-104	task-s10	1;2;3	10;10;10
1252	3766	1252	1253	3	3	trialwise	1545;3313;5086	1545;3313;5086	10;21;32	111;111;116	sub-006_ses-104_task-s10;sub-006_ses-205_task-s10;sub-006_ses-304_task-s10	1545	10	111	sub-006	ses-104	task-s10	1;2;3	10;10;10
1253	3772	1253	1254	3	3	trialwise	1766;3388;5263	1766;3388;5263	11;22;33	165;19;126	sub-006_ses-104_task-s11;sub-006_ses-204_task-s11;sub-006_ses-304_task-s11	1766	11	165	sub-006	ses-104	task-s11	1;2;3	11;11;11
1254	3807	1254	1255	3	3	trialwise	1365;3119;4810	1365;3119;4810	9;20;31	98;84;7	sub-006_ses-104_task-s9;sub-006_ses-203_task-s9;sub-006_ses-304_task-s9	1365	9	98	sub-006	ses-104	task-s9	1;2;3	9;9;9
1255	3832	1255	1256	3	3	trialwise	1502;3309;5117	1502;3309;5117	10;21;32	68;107;147	sub-006_ses-104_task-s10;sub-006_ses-205_task-s10;sub-006_ses-304_task-s10	1502	10	68	sub-006	ses-104	task-s10	1;2;3	10;10;10
1256	3842	1256	1257	3	3	trialwise	1685;3404;5205	1685;3404;5205	11;22;33	84;35;68	sub-006_ses-104_task-s11;sub-006_ses-204_task-s11;sub-006_ses-304_task-s11	1685	11	84	sub-006	ses-104	task-s11	1;2;3	11;11;11
1257	3845	1257	1258	3	3	trialwise	1674;3490;5157	1674;3490;5157	11;22;33	73;121;20	sub-006_ses-104_task-s11;sub-006_ses-204_task-s11;sub-006_ses-304_task-s11	1674	11	73	sub-006	ses-104	task-s11	1;2;3	11;11;11
1258	3890	1258	1259	3	3	trialwise	1442;3235;4985	1442;3235;4985	10;21;32	8;33;15	sub-006_ses-104_task-s10;sub-006_ses-205_task-s10;sub-006_ses-304_task-s10	1442	10	8	sub-006	ses-104	task-s10	1;2;3	10;10;10
1259	3911	1259	1260	3	3	trialwise	1719;3533;5184	1719;3533;5184	11;22;33	118;164;47	sub-006_ses-104_task-s11;sub-006_ses-204_task-s11;sub-006_ses-304_task-s11	1719	11	118	sub-006	ses-104	task-s11	1;2;3	11;11;11
1260	3954	1260	1261	3	3	trialwise	1702;3522;5255	1702;3522;5255	11;22;33	101;153;118	sub-006_ses-104_task-s11;sub-006_ses-204_task-s11;sub-006_ses-304_task-s11	1702	11	101	sub-006	ses-104	task-s11	1;2;3	11;11;11
1261	3957	1261	1262	3	3	trialwise	1436;3221;5054	1436;3221;5054	10;21;32	2;19;84	sub-006_ses-104_task-s10;sub-006_ses-205_task-s10;sub-006_ses-304_task-s10	1436	10	2	sub-006	ses-104	task-s10	1;2;3	10;10;10
1262	3961	1262	1263	3	3	trialwise	1506;3288;5103	1506;3288;5103	10;21;32	72;86;133	sub-006_ses-104_task-s10;sub-006_ses-205_task-s10;sub-006_ses-304_task-s10	1506	10	72	sub-006	ses-104	task-s10	1;2;3	10;10;10
1263	3974	1263	1264	3	3	trialwise	1314;3155;4905	1314;3155;4905	9;20;31	47;120;102	sub-006_ses-104_task-s9;sub-006_ses-203_task-s9;sub-006_ses-304_task-s9	1314	9	47	sub-006	ses-104	task-s9	1;2;3	9;9;9
1264	4007	1264	1265	3	3	trialwise	1741;3475;5273	1741;3475;5273	11;22;33	140;106;136	sub-006_ses-104_task-s11;sub-006_ses-204_task-s11;sub-006_ses-304_task-s11	1741	11	140	sub-006	ses-104	task-s11	1;2;3	11;11;11
1265	4013	1265	1266	3	3	trialwise	1302;3091;4879	1302;3091;4879	9;20;31	35;56;76	sub-006_ses-104_task-s9;sub-006_ses-203_task-s9;sub-006_ses-304_task-s9	1302	9	35	sub-006	ses-104	task-s9	1;2;3	9;9;9
1266	4057	1266	1267	3	3	trialwise	1448;3365;4992	1448;3365;4992	10;21;32	14;163;22	sub-006_ses-104_task-s10;sub-006_ses-205_task-s10;sub-006_ses-304_task-s10	1448	10	14	sub-006	ses-104	task-s10	1;2;3	10;10;10
1267	4072	1267	1268	3	3	trialwise	1676;3390;5191	1676;3390;5191	11;22;33	75;21;54	sub-006_ses-104_task-s11;sub-006_ses-204_task-s11;sub-006_ses-304_task-s11	1676	11	75	sub-006	ses-104	task-s11	1;2;3	11;11;11
1268	4095	1268	1269	3	3	trialwise	1577;3263;4975	1577;3263;4975	10;21;32	143;61;5	sub-006_ses-104_task-s10;sub-006_ses-205_task-s10;sub-006_ses-304_task-s10	1577	10	143	sub-006	ses-104	task-s10	1;2;3	10;10;10
1269	4118	1269	1270	3	3	trialwise	1329;3081;4849	1329;3081;4849	9;20;31	62;46;46	sub-006_ses-104_task-s9;sub-006_ses-203_task-s9;sub-006_ses-304_task-s9	1329	9	62	sub-006	ses-104	task-s9	1;2;3	9;9;9
1270	4138	1270	1271	3	3	trialwise	1342;3184;4812	1342;3184;4812	9;20;31	75;149;9	sub-006_ses-104_task-s9;sub-006_ses-203_task-s9;sub-006_ses-304_task-s9	1342	9	75	sub-006	ses-104	task-s9	1;2;3	9;9;9
1271	4158	1271	1272	3	3	trialwise	1383;3041;4854	1383;3041;4854	9;20;31	116;6;51	sub-006_ses-104_task-s9;sub-006_ses-203_task-s9;sub-006_ses-304_task-s9	1383	9	116	sub-006	ses-104	task-s9	1;2;3	9;9;9
1272	4163	1272	1273	3	3	trialwise	1529;3302;5101	1529;3302;5101	10;21;32	95;100;131	sub-006_ses-104_task-s10;sub-006_ses-205_task-s10;sub-006_ses-304_task-s10	1529	10	95	sub-006	ses-104	task-s10	1;2;3	10;10;10
1273	4192	1273	1274	3	3	trialwise	1273;3189;4956	1273;3189;4956	9;20;31	6;154;153	sub-006_ses-104_task-s9;sub-006_ses-203_task-s9;sub-006_ses-304_task-s9	1273	9	6	sub-006	ses-104	task-s9	1;2;3	9;9;9
1274	4222	1274	1275	3	3	trialwise	1507;3242;5016	1507;3242;5016	10;21;32	73;40;46	sub-006_ses-104_task-s10;sub-006_ses-205_task-s10;sub-006_ses-304_task-s10	1507	10	73	sub-006	ses-104	task-s10	1;2;3	10;10;10
1275	4239	1275	1276	3	3	trialwise	1291;3142;4844	1291;3142;4844	9;20;31	24;107;41	sub-006_ses-104_task-s9;sub-006_ses-203_task-s9;sub-006_ses-304_task-s9	1291	9	24	sub-006	ses-104	task-s9	1;2;3	9;9;9
1276	4247	1276	1277	3	3	trialwise	1449;3321;5121	1449;3321;5121	10;21;32	15;119;151	sub-006_ses-104_task-s10;sub-006_ses-205_task-s10;sub-006_ses-304_task-s10	1449	10	15	sub-006	ses-104	task-s10	1;2;3	10;10;10
1277	4251	1277	1278	3	3	trialwise	1598;3250;5087	1598;3250;5087	10;21;32	164;48;117	sub-006_ses-104_task-s10;sub-006_ses-205_task-s10;sub-006_ses-304_task-s10	1598	10	164	sub-006	ses-104	task-s10	1;2;3	10;10;10
1278	4287	1278	1279	3	3	trialwise	1668;3456;5202	1668;3456;5202	11;22;33	67;87;65	sub-006_ses-104_task-s11;sub-006_ses-204_task-s11;sub-006_ses-304_task-s11	1668	11	67	sub-006	ses-104	task-s11	1;2;3	11;11;11
1279	4290	1279	1280	3	3	trialwise	1544;3289;5009	1544;3289;5009	10;21;32	110;87;39	sub-006_ses-104_task-s10;sub-006_ses-205_task-s10;sub-006_ses-304_task-s10	1544	10	110	sub-006	ses-104	task-s10	1;2;3	10;10;10
1280	4343	1280	1281	3	3	trialwise	1341;3061;4928	1341;3061;4928	9;20;31	74;26;125	sub-006_ses-104_task-s9;sub-006_ses-203_task-s9;sub-006_ses-304_task-s9	1341	9	74	sub-006	ses-104	task-s9	1;2;3	9;9;9
1281	4346	1281	1282	3	3	trialwise	1665;3505;5224	1665;3505;5224	11;22;33	64;136;87	sub-006_ses-104_task-s11;sub-006_ses-204_task-s11;sub-006_ses-304_task-s11	1665	11	64	sub-006	ses-104	task-s11	1;2;3	11;11;11
1282	4368	1282	1283	3	3	trialwise	1414;3087;4958	1414;3087;4958	9;20;31	147;52;155	sub-006_ses-104_task-s9;sub-006_ses-203_task-s9;sub-006_ses-304_task-s9	1414	9	147	sub-006	ses-104	task-s9	1;2;3	9;9;9
1283	4391	1283	1284	3	3	trialwise	1628;3412;5149	1628;3412;5149	11;22;33	27;43;12	sub-006_ses-104_task-s11;sub-006_ses-204_task-s11;sub-006_ses-304_task-s11	1628	11	27	sub-006	ses-104	task-s11	1;2;3	11;11;11
1284	4406	1284	1285	3	3	trialwise	1513;3316;5114	1513;3316;5114	10;21;32	79;114;144	sub-006_ses-104_task-s10;sub-006_ses-205_task-s10;sub-006_ses-304_task-s10	1513	10	79	sub-006	ses-104	task-s10	1;2;3	10;10;10
1285	4424	1285	1286	3	3	trialwise	1752;3397;5158	1752;3397;5158	11;22;33	151;28;21	sub-006_ses-104_task-s11;sub-006_ses-204_task-s11;sub-006_ses-304_task-s11	1752	11	151	sub-006	ses-104	task-s11	1;2;3	11;11;11
1286	4442	1286	1287	3	3	trialwise	1485;3346;5007	1485;3346;5007	10;21;32	51;144;37	sub-006_ses-104_task-s10;sub-006_ses-205_task-s10;sub-006_ses-304_task-s10	1485	10	51	sub-006	ses-104	task-s10	1;2;3	10;10;10
1287	4479	1287	1288	3	3	trialwise	1412;3164;4863	1412;3164;4863	9;20;31	145;129;60	sub-006_ses-104_task-s9;sub-006_ses-203_task-s9;sub-006_ses-304_task-s9	1412	9	145	sub-006	ses-104	task-s9	1;2;3	9;9;9
1288	4493	1288	1289	3	3	trialwise	1554;3363;5081	1554;3363;5081	10;21;32	120;161;111	sub-006_ses-104_task-s10;sub-006_ses-205_task-s10;sub-006_ses-304_task-s10	1554	10	120	sub-006	ses-104	task-s10	1;2;3	10;10;10
1289	4502	1289	1290	3	3	trialwise	1394;3144;4867	1394;3144;4867	9;20;31	127;109;64	sub-006_ses-104_task-s9;sub-006_ses-203_task-s9;sub-006_ses-304_task-s9	1394	9	127	sub-006	ses-104	task-s9	1;2;3	9;9;9
1290	4526	1290	1291	3	3	trialwise	1478;3295;5063	1478;3295;5063	10;21;32	44;93;93	sub-006_ses-104_task-s10;sub-006_ses-205_task-s10;sub-006_ses-304_task-s10	1478	10	44	sub-006	ses-104	task-s10	1;2;3	10;10;10
1291	4538	1291	1292	3	3	trialwise	1491;3227;5002	1491;3227;5002	10;21;32	57;25;32	sub-006_ses-104_task-s10;sub-006_ses-205_task-s10;sub-006_ses-304_task-s10	1491	10	57	sub-006	ses-104	task-s10	1;2;3	10;10;10
1292	4581	1292	1293	3	3	trialwise	1335;3156;4870	1335;3156;4870	9;20;31	68;121;67	sub-006_ses-104_task-s9;sub-006_ses-203_task-s9;sub-006_ses-304_task-s9	1335	9	68	sub-006	ses-104	task-s9	1;2;3	9;9;9
1293	4593	1293	1294	3	3	trialwise	1663;3472;5285	1663;3472;5285	11;22;33	62;103;148	sub-006_ses-104_task-s11;sub-006_ses-204_task-s11;sub-006_ses-304_task-s11	1663	11	62	sub-006	ses-104	task-s11	1;2;3	11;11;11
1294	4612	1294	1295	3	3	trialwise	1686;3462;5235	1686;3462;5235	11;22;33	85;93;98	sub-006_ses-104_task-s11;sub-006_ses-204_task-s11;sub-006_ses-304_task-s11	1686	11	85	sub-006	ses-104	task-s11	1;2;3	11;11;11
1295	4619	1295	1296	3	3	trialwise	1446;3231;5035	1446;3231;5035	10;21;32	12;29;65	sub-006_ses-104_task-s10;sub-006_ses-205_task-s10;sub-006_ses-304_task-s10	1446	10	12	sub-006	ses-104	task-s10	1;2;3	10;10;10
1296	4651	1296	1297	3	3	trialwise	1435;3251;5123	1435;3251;5123	10;21;32	1;49;153	sub-006_ses-104_task-s10;sub-006_ses-205_task-s10;sub-006_ses-304_task-s10	1435	10	1	sub-006	ses-104	task-s10	1;2;3	10;10;10
1297	4663	1297	1298	3	3	trialwise	1549;3341;5066	1549;3341;5066	10;21;32	115;139;96	sub-006_ses-104_task-s10;sub-006_ses-205_task-s10;sub-006_ses-304_task-s10	1549	10	115	sub-006	ses-104	task-s10	1;2;3	10;10;10
1298	4687	1298	1299	3	3	trialwise	1470;3249;5027	1470;3249;5027	10;21;32	36;47;57	sub-006_ses-104_task-s10;sub-006_ses-205_task-s10;sub-006_ses-304_task-s10	1470	10	36	sub-006	ses-104	task-s10	1;2;3	10;10;10
1299	4706	1299	1300	3	3	trialwise	1279;3084;4938	1279;3084;4938	9;20;31	12;49;135	sub-006_ses-104_task-s9;sub-006_ses-203_task-s9;sub-006_ses-304_task-s9	1279	9	12	sub-006	ses-104	task-s9	1;2;3	9;9;9
1300	4745	1300	1301	3	3	trialwise	1393;3078;4876	1393;3078;4876	9;20;31	126;43;73	sub-006_ses-104_task-s9;sub-006_ses-203_task-s9;sub-006_ses-304_task-s9	1393	9	126	sub-006	ses-104	task-s9	1;2;3	9;9;9
1301	4758	1301	1302	3	3	trialwise	1379;3148;4873	1379;3148;4873	9;20;31	112;113;70	sub-006_ses-104_task-s9;sub-006_ses-203_task-s9;sub-006_ses-304_task-s9	1379	9	112	sub-006	ses-104	task-s9	1;2;3	9;9;9
1302	4768	1302	1303	3	3	trialwise	1627;3526;5237	1627;3526;5237	11;22;33	26;157;100	sub-006_ses-104_task-s11;sub-006_ses-204_task-s11;sub-006_ses-304_task-s11	1627	11	26	sub-006	ses-104	task-s11	1;2;3	11;11;11
1303	4778	1303	1304	3	3	trialwise	1633;3524;5194	1633;3524;5194	11;22;33	32;155;57	sub-006_ses-104_task-s11;sub-006_ses-204_task-s11;sub-006_ses-304_task-s11	1633	11	32	sub-006	ses-104	task-s11	1;2;3	11;11;11
1304	4819	1304	1305	3	3	trialwise	1534;3335;4976	1534;3335;4976	10;21;32	100;133;6	sub-006_ses-104_task-s10;sub-006_ses-205_task-s10;sub-006_ses-304_task-s10	1534	10	100	sub-006	ses-104	task-s10	1;2;3	10;10;10
1305	4824	1305	1306	3	3	trialwise	1509;3247;5078	1509;3247;5078	10;21;32	75;45;108	sub-006_ses-104_task-s10;sub-006_ses-205_task-s10;sub-006_ses-304_task-s10	1509	10	75	sub-006	ses-104	task-s10	1;2;3	10;10;10
1306	4846	1306	1307	3	3	trialwise	1367;3121;4826	1367;3121;4826	9;20;31	100;86;23	sub-006_ses-104_task-s9;sub-006_ses-203_task-s9;sub-006_ses-304_task-s9	1367	9	100	sub-006	ses-104	task-s9	1;2;3	9;9;9
1307	4849	1307	1308	3	3	trialwise	1610;3507;5145	1610;3507;5145	11;22;33	9;138;8	sub-006_ses-104_task-s11;sub-006_ses-204_task-s11;sub-006_ses-304_task-s11	1610	11	9	sub-006	ses-104	task-s11	1;2;3	11;11;11
1308	4886	1308	1309	3	3	trialwise	1343;3169;4893	1343;3169;4893	9;20;31	76;134;90	sub-006_ses-104_task-s9;sub-006_ses-203_task-s9;sub-006_ses-304_task-s9	1343	9	76	sub-006	ses-104	task-s9	1;2;3	9;9;9
1309	4917	1309	1310	3	3	trialwise	1613;3408;5227	1613;3408;5227	11;22;33	12;39;90	sub-006_ses-104_task-s11;sub-006_ses-204_task-s11;sub-006_ses-304_task-s11	1613	11	12	sub-006	ses-104	task-s11	1;2;3	11;11;11
1310	4927	1310	1311	3	3	trialwise	1571;3355;5110	1571;3355;5110	10;21;32	137;153;140	sub-006_ses-104_task-s10;sub-006_ses-205_task-s10;sub-006_ses-304_task-s10	1571	10	137	sub-006	ses-104	task-s10	1;2;3	10;10;10
1311	4937	1311	1312	3	3	trialwise	1336;3102;4912	1336;3102;4912	9;20;31	69;67;109	sub-006_ses-104_task-s9;sub-006_ses-203_task-s9;sub-006_ses-304_task-s9	1336	9	69	sub-006	ses-104	task-s9	1;2;3	9;9;9
1312	4962	1312	1313	3	3	trialwise	1546;3264;5053	1546;3264;5053	10;21;32	112;62;83	sub-006_ses-104_task-s10;sub-006_ses-205_task-s10;sub-006_ses-304_task-s10	1546	10	112	sub-006	ses-104	task-s10	1;2;3	10;10;10
1313	4996	1313	1314	3	3	trialwise	1421;3073;4868	1421;3073;4868	9;20;31	154;38;65	sub-006_ses-104_task-s9;sub-006_ses-203_task-s9;sub-006_ses-304_task-s9	1421	9	154	sub-006	ses-104	task-s9	1;2;3	9;9;9
1314	5016	1314	1315	3	3	trialwise	1351;3099;4965	1351;3099;4965	9;20;31	84;64;162	sub-006_ses-104_task-s9;sub-006_ses-203_task-s9;sub-006_ses-304_task-s9	1351	9	84	sub-006	ses-104	task-s9	1;2;3	9;9;9
1315	5028	1315	1316	3	3	trialwise	1517;3241;5057	1517;3241;5057	10;21;32	83;39;87	sub-006_ses-104_task-s10;sub-006_ses-205_task-s10;sub-006_ses-304_task-s10	1517	10	83	sub-006	ses-104	task-s10	1;2;3	10;10;10
1316	5055	1316	1317	3	3	trialwise	1468;3248;5079	1468;3248;5079	10;21;32	34;46;109	sub-006_ses-104_task-s10;sub-006_ses-205_task-s10;sub-006_ses-304_task-s10	1468	10	34	sub-006	ses-104	task-s10	1;2;3	10;10;10
1317	5064	1317	1318	3	3	trialwise	1514;3304;5135	1514;3304;5135	10;21;32	80;102;165	sub-006_ses-104_task-s10;sub-006_ses-205_task-s10;sub-006_ses-304_task-s10	1514	10	80	sub-006	ses-104	task-s10	1;2;3	10;10;10
1318	5081	1318	1319	3	3	trialwise	1511;3283;5030	1511;3283;5030	10;21;32	77;81;60	sub-006_ses-104_task-s10;sub-006_ses-205_task-s10;sub-006_ses-304_task-s10	1511	10	77	sub-006	ses-104	task-s10	1;2;3	10;10;10
1319	5103	1319	1320	3	3	trialwise	1338;3069;4931	1338;3069;4931	9;20;31	71;34;128	sub-006_ses-104_task-s9;sub-006_ses-203_task-s9;sub-006_ses-304_task-s9	1338	9	71	sub-006	ses-104	task-s9	1;2;3	9;9;9
1320	5137	1320	1321	3	3	trialwise	1655;3438;5276	1655;3438;5276	11;22;33	54;69;139	sub-006_ses-104_task-s11;sub-006_ses-204_task-s11;sub-006_ses-304_task-s11	1655	11	54	sub-006	ses-104	task-s11	1;2;3	11;11;11
1321	5148	1321	1322	3	3	trialwise	1635;3498;5259	1635;3498;5259	11;22;33	34;129;122	sub-006_ses-104_task-s11;sub-006_ses-204_task-s11;sub-006_ses-304_task-s11	1635	11	34	sub-006	ses-104	task-s11	1;2;3	11;11;11
1322	5162	1322	1323	3	3	trialwise	1300;3168;4862	1300;3168;4862	9;20;31	33;133;59	sub-006_ses-104_task-s9;sub-006_ses-203_task-s9;sub-006_ses-304_task-s9	1300	9	33	sub-006	ses-104	task-s9	1;2;3	9;9;9
1323	5169	1323	1324	3	3	trialwise	1299;3190;4954	1299;3190;4954	9;20;31	32;155;151	sub-006_ses-104_task-s9;sub-006_ses-203_task-s9;sub-006_ses-304_task-s9	1299	9	32	sub-006	ses-104	task-s9	1;2;3	9;9;9
1324	5220	1324	1325	3	3	trialwise	1444;3266;5019	1444;3266;5019	10;21;32	10;64;49	sub-006_ses-104_task-s10;sub-006_ses-205_task-s10;sub-006_ses-304_task-s10	1444	10	10	sub-006	ses-104	task-s10	1;2;3	10;10;10
1325	5224	1325	1326	3	3	trialwise	1569;3340;5080	1569;3340;5080	10;21;32	135;138;110	sub-006_ses-104_task-s10;sub-006_ses-205_task-s10;sub-006_ses-304_task-s10	1569	10	135	sub-006	ses-104	task-s10	1;2;3	10;10;10
1326	5262	1326	1327	3	3	trialwise	1718;3422;5195	1718;3422;5195	11;22;33	117;53;58	sub-006_ses-104_task-s11;sub-006_ses-204_task-s11;sub-006_ses-304_task-s11	1718	11	117	sub-006	ses-104	task-s11	1;2;3	11;11;11
1327	5272	1327	1328	3	3	trialwise	1679;3468;5302	1679;3468;5302	11;22;33	78;99;165	sub-006_ses-104_task-s11;sub-006_ses-204_task-s11;sub-006_ses-304_task-s11	1679	11	78	sub-006	ses-104	task-s11	1;2;3	11;11;11
1328	5294	1328	1329	3	3	trialwise	1464;3301;5084	1464;3301;5084	10;21;32	30;99;114	sub-006_ses-104_task-s10;sub-006_ses-205_task-s10;sub-006_ses-304_task-s10	1464	10	30	sub-006	ses-104	task-s10	1;2;3	10;10;10
1329	5305	1329	1330	3	3	trialwise	1425;3187;4804	1425;3187;4804	9;20;31	158;152;1	sub-006_ses-104_task-s9;sub-006_ses-203_task-s9;sub-006_ses-304_task-s9	1425	9	158	sub-006	ses-104	task-s9	1;2;3	9;9;9
1330	5329	1330	1331	3	3	trialwise	1568;3296;4993	1568;3296;4993	10;21;32	134;94;23	sub-006_ses-104_task-s10;sub-006_ses-205_task-s10;sub-006_ses-304_task-s10	1568	10	134	sub-006	ses-104	task-s10	1;2;3	10;10;10
1331	5341	1331	1332	3	3	trialwise	1512;3354;5004	1512;3354;5004	10;21;32	78;152;34	sub-006_ses-104_task-s10;sub-006_ses-205_task-s10;sub-006_ses-304_task-s10	1512	10	78	sub-006	ses-104	task-s10	1;2;3	10;10;10
1332	5379	1332	1333	3	3	trialwise	1354;3068;4951	1354;3068;4951	9;20;31	87;33;148	sub-006_ses-104_task-s9;sub-006_ses-203_task-s9;sub-006_ses-304_task-s9	1354	9	87	sub-006	ses-104	task-s9	1;2;3	9;9;9
1333	5392	1333	1334	3	3	trialwise	1308;3064;4899	1308;3064;4899	9;20;31	41;29;96	sub-006_ses-104_task-s9;sub-006_ses-203_task-s9;sub-006_ses-304_task-s9	1308	9	41	sub-006	ses-104	task-s9	1;2;3	9;9;9
1334	5411	1334	1335	3	3	trialwise	1582;3258;5091	1582;3258;5091	10;21;32	148;56;121	sub-006_ses-104_task-s10;sub-006_ses-205_task-s10;sub-006_ses-304_task-s10	1582	10	148	sub-006	ses-104	task-s10	1;2;3	10;10;10
1335	5422	1335	1336	3	3	trialwise	1704;3484;5256	1704;3484;5256	11;22;33	103;115;119	sub-006_ses-104_task-s11;sub-006_ses-204_task-s11;sub-006_ses-304_task-s11	1704	11	103	sub-006	ses-104	task-s11	1;2;3	11;11;11
1336	5453	1336	1337	3	3	trialwise	1642;3381;5240	1642;3381;5240	11;22;33	41;12;103	sub-006_ses-104_task-s11;sub-006_ses-204_task-s11;sub-006_ses-304_task-s11	1642	11	41	sub-006	ses-104	task-s11	1;2;3	11;11;11
1337	5470	1337	1338	3	3	trialwise	1282;3080;4882	1282;3080;4882	9;20;31	15;45;79	sub-006_ses-104_task-s9;sub-006_ses-203_task-s9;sub-006_ses-304_task-s9	1282	9	15	sub-006	ses-104	task-s9	1;2;3	9;9;9
1338	5500	1338	1339	3	3	trialwise	1268;3049;4805	1268;3049;4805	9;20;31	1;14;2	sub-006_ses-104_task-s9;sub-006_ses-203_task-s9;sub-006_ses-304_task-s9	1268	9	1	sub-006	ses-104	task-s9	1;2;3	9;9;9
1339	5506	1339	1340	3	3	trialwise	1281;3178;4875	1281;3178;4875	9;20;31	14;143;72	sub-006_ses-104_task-s9;sub-006_ses-203_task-s9;sub-006_ses-304_task-s9	1281	9	14	sub-006	ses-104	task-s9	1;2;3	9;9;9
1340	5543	1340	1341	3	3	trialwise	1539;3324;4982	1539;3324;4982	10;21;32	105;122;12	sub-006_ses-104_task-s10;sub-006_ses-205_task-s10;sub-006_ses-304_task-s10	1539	10	105	sub-006	ses-104	task-s10	1;2;3	10;10;10
1341	5554	1341	1342	3	3	trialwise	1483;3322;5136	1483;3322;5136	10;21;32	49;120;166	sub-006_ses-104_task-s10;sub-006_ses-205_task-s10;sub-006_ses-304_task-s10	1483	10	49	sub-006	ses-104	task-s10	1;2;3	10;10;10
1342	5580	1342	1343	3	3	trialwise	1593;3268;5102	1593;3268;5102	10;21;32	159;66;132	sub-006_ses-104_task-s10;sub-006_ses-205_task-s10;sub-006_ses-304_task-s10	1593	10	159	sub-006	ses-104	task-s10	1;2;3	10;10;10
1343	5591	1343	1344	3	3	trialwise	1432;3163;4807	1432;3163;4807	9;20;31	165;128;4	sub-006_ses-104_task-s9;sub-006_ses-203_task-s9;sub-006_ses-304_task-s9	1432	9	165	sub-006	ses-104	task-s9	1;2;3	9;9;9
1344	5620	1344	1345	3	3	trialwise	1557;3298;5095	1557;3298;5095	10;21;32	123;96;125	sub-006_ses-104_task-s10;sub-006_ses-205_task-s10;sub-006_ses-304_task-s10	1557	10	123	sub-006	ses-104	task-s10	1;2;3	10;10;10
1345	5635	1345	1346	3	3	trialwise	1615;3373;5190	1615;3373;5190	11;22;33	14;4;53	sub-006_ses-104_task-s11;sub-006_ses-204_task-s11;sub-006_ses-304_task-s11	1615	11	14	sub-006	ses-104	task-s11	1;2;3	11;11;11
1346	5645	1346	1347	3	3	trialwise	1621;3370;5279	1621;3370;5279	11;22;33	20;1;142	sub-006_ses-104_task-s11;sub-006_ses-204_task-s11;sub-006_ses-304_task-s11	1621	11	20	sub-006	ses-104	task-s11	1;2;3	11;11;11
1347	5664	1347	1348	3	3	trialwise	1380;3125;4818	1380;3125;4818	9;20;31	113;90;15	sub-006_ses-104_task-s9;sub-006_ses-203_task-s9;sub-006_ses-304_task-s9	1380	9	113	sub-006	ses-104	task-s9	1;2;3	9;9;9
1348	5699	1348	1349	3	3	trialwise	1641;3423;5245	1641;3423;5245	11;22;33	40;54;108	sub-006_ses-104_task-s11;sub-006_ses-204_task-s11;sub-006_ses-304_task-s11	1641	11	40	sub-006	ses-104	task-s11	1;2;3	11;11;11
1349	5716	1349	1350	3	3	trialwise	1476;3211;5092	1476;3211;5092	10;21;32	42;9;122	sub-006_ses-104_task-s10;sub-006_ses-205_task-s10;sub-006_ses-304_task-s10	1476	10	42	sub-006	ses-104	task-s10	1;2;3	10;10;10
1350	5736	1350	1351	3	3	trialwise	1584;3210;4984	1584;3210;4984	10;21;32	150;8;14	sub-006_ses-104_task-s10;sub-006_ses-205_task-s10;sub-006_ses-304_task-s10	1584	10	150	sub-006	ses-104	task-s10	1;2;3	10;10;10
1351	5747	1351	1352	3	3	trialwise	1422;3118;4817	1422;3118;4817	9;20;31	155;83;14	sub-006_ses-104_task-s9;sub-006_ses-203_task-s9;sub-006_ses-304_task-s9	1422	9	155	sub-006	ses-104	task-s9	1;2;3	9;9;9
1352	5773	1352	1353	3	3	trialwise	1566;3292;4999	1566;3292;4999	10;21;32	132;90;29	sub-006_ses-104_task-s10;sub-006_ses-205_task-s10;sub-006_ses-304_task-s10	1566	10	132	sub-006	ses-104	task-s10	1;2;3	10;10;10
1353	5792	1353	1354	3	3	trialwise	1324;3104;4923	1324;3104;4923	9;20;31	57;69;120	sub-006_ses-104_task-s9;sub-006_ses-203_task-s9;sub-006_ses-304_task-s9	1324	9	57	sub-006	ses-104	task-s9	1;2;3	9;9;9
1354	5818	1354	1355	3	3	trialwise	1348;3165;4820	1348;3165;4820	9;20;31	81;130;17	sub-006_ses-104_task-s9;sub-006_ses-203_task-s9;sub-006_ses-304_task-s9	1348	9	81	sub-006	ses-104	task-s9	1;2;3	9;9;9
1355	5819	1355	1356	3	3	trialwise	1724;3479;5226	1724;3479;5226	11;22;33	123;110;89	sub-006_ses-104_task-s11;sub-006_ses-204_task-s11;sub-006_ses-304_task-s11	1724	11	123	sub-006	ses-104	task-s11	1;2;3	11;11;11
1356	5852	1356	1357	3	3	trialwise	1327;3180;4944	1327;3180;4944	9;20;31	60;145;141	sub-006_ses-104_task-s9;sub-006_ses-203_task-s9;sub-006_ses-304_task-s9	1327	9	60	sub-006	ses-104	task-s9	1;2;3	9;9;9
1357	5860	1357	1358	3	3	trialwise	1664;3482;5170	1664;3482;5170	11;22;33	63;113;33	sub-006_ses-104_task-s11;sub-006_ses-204_task-s11;sub-006_ses-304_task-s11	1664	11	63	sub-006	ses-104	task-s11	1;2;3	11;11;11
1358	5883	1358	1359	3	3	trialwise	1618;3441;5242	1618;3441;5242	11;22;33	17;72;105	sub-006_ses-104_task-s11;sub-006_ses-204_task-s11;sub-006_ses-304_task-s11	1618	11	17	sub-006	ses-104	task-s11	1;2;3	11;11;11
1359	5919	1359	1360	3	3	trialwise	1287;3147;4823	1287;3147;4823	9;20;31	20;112;20	sub-006_ses-104_task-s9;sub-006_ses-203_task-s9;sub-006_ses-304_task-s9	1287	9	20	sub-006	ses-104	task-s9	1;2;3	9;9;9
1360	5955	1360	1361	3	3	trialwise	1332;3157;4838	1332;3157;4838	9;20;31	65;122;35	sub-006_ses-104_task-s9;sub-006_ses-203_task-s9;sub-006_ses-304_task-s9	1332	9	65	sub-006	ses-104	task-s9	1;2;3	9;9;9
1361	5960	1361	1362	3	3	trialwise	1616;3393;5274	1616;3393;5274	11;22;33	15;24;137	sub-006_ses-104_task-s11;sub-006_ses-204_task-s11;sub-006_ses-304_task-s11	1616	11	15	sub-006	ses-104	task-s11	1;2;3	11;11;11
1362	5978	1362	1363	3	3	trialwise	1604;3401;5152	1604;3401;5152	11;22;33	3;32;15	sub-006_ses-104_task-s11;sub-006_ses-204_task-s11;sub-006_ses-304_task-s11	1604	11	3	sub-006	ses-104	task-s11	1;2;3	11;11;11
1363	5995	1363	1364	3	3	trialwise	1404;3045;4943	1404;3045;4943	9;20;31	137;10;140	sub-006_ses-104_task-s9;sub-006_ses-203_task-s9;sub-006_ses-304_task-s9	1404	9	137	sub-006	ses-104	task-s9	1;2;3	9;9;9
1364	6003	1364	1365	3	3	trialwise	1372;3037;4885	1372;3037;4885	9;20;31	105;2;82	sub-006_ses-104_task-s9;sub-006_ses-203_task-s9;sub-006_ses-304_task-s9	1372	9	105	sub-006	ses-104	task-s9	1;2;3	9;9;9
1365	6040	1365	1366	3	3	trialwise	1466;3328;5061	1466;3328;5061	10;21;32	32;126;91	sub-006_ses-104_task-s10;sub-006_ses-205_task-s10;sub-006_ses-304_task-s10	1466	10	32	sub-006	ses-104	task-s10	1;2;3	10;10;10
1366	6047	1366	1367	3	3	trialwise	1469;3357;5050	1469;3357;5050	10;21;32	35;155;80	sub-006_ses-104_task-s10;sub-006_ses-205_task-s10;sub-006_ses-304_task-s10	1469	10	35	sub-006	ses-104	task-s10	1;2;3	10;10;10
1367	6050	1367	1368	3	3	trialwise	1731;3451;5169	1731;3451;5169	11;22;33	130;82;32	sub-006_ses-104_task-s11;sub-006_ses-204_task-s11;sub-006_ses-304_task-s11	1731	11	130	sub-006	ses-104	task-s11	1;2;3	11;11;11
1368	6099	1368	1369	3	3	trialwise	1516;3224;5039	1516;3224;5039	10;21;32	82;22;69	sub-006_ses-104_task-s10;sub-006_ses-205_task-s10;sub-006_ses-304_task-s10	1516	10	82	sub-006	ses-104	task-s10	1;2;3	10;10;10
1369	6102	1369	1370	3	3	trialwise	1736;3463;5232	1736;3463;5232	11;22;33	135;94;95	sub-006_ses-104_task-s11;sub-006_ses-204_task-s11;sub-006_ses-304_task-s11	1736	11	135	sub-006	ses-104	task-s11	1;2;3	11;11;11
1370	6133	1370	1371	3	3	trialwise	1696;3415;5154	1696;3415;5154	11;22;33	95;46;17	sub-006_ses-104_task-s11;sub-006_ses-204_task-s11;sub-006_ses-304_task-s11	1696	11	95	sub-006	ses-104	task-s11	1;2;3	11;11;11
1371	6157	1371	1372	3	3	trialwise	1530;3299;5062	1530;3299;5062	10;21;32	96;97;92	sub-006_ses-104_task-s10;sub-006_ses-205_task-s10;sub-006_ses-304_task-s10	1530	10	96	sub-006	ses-104	task-s10	1;2;3	10;10;10
1372	6190	1372	1373	3	3	trialwise	1756;3496;5160	1756;3496;5160	11;22;33	155;127;23	sub-006_ses-104_task-s11;sub-006_ses-204_task-s11;sub-006_ses-304_task-s11	1756	11	155	sub-006	ses-104	task-s11	1;2;3	11;11;11
1373	6192	1373	1374	3	3	trialwise	1373;3145;4932	1373;3145;4932	9;20;31	106;110;129	sub-006_ses-104_task-s9;sub-006_ses-203_task-s9;sub-006_ses-304_task-s9	1373	9	106	sub-006	ses-104	task-s9	1;2;3	9;9;9
1374	6221	1374	1375	3	3	trialwise	1661;3525;5301	1661;3525;5301	11;22;33	60;156;164	sub-006_ses-104_task-s11;sub-006_ses-204_task-s11;sub-006_ses-304_task-s11	1661	11	60	sub-006	ses-104	task-s11	1;2;3	11;11;11
1375	6238	1375	1376	3	3	trialwise	1526;3282;5010	1526;3282;5010	10;21;32	92;80;40	sub-006_ses-104_task-s10;sub-006_ses-205_task-s10;sub-006_ses-304_task-s10	1526	10	92	sub-006	ses-104	task-s10	1;2;3	10;10;10
1376	6256	1376	1377	3	3	trialwise	1646;3418;5215	1646;3418;5215	11;22;33	45;49;78	sub-006_ses-104_task-s11;sub-006_ses-204_task-s11;sub-006_ses-304_task-s11	1646	11	45	sub-006	ses-104	task-s11	1;2;3	11;11;11
1377	6258	1377	1378	3	3	trialwise	1413;3058;4883	1413;3058;4883	9;20;31	146;23;80	sub-006_ses-104_task-s9;sub-006_ses-203_task-s9;sub-006_ses-304_task-s9	1413	9	146	sub-006	ses-104	task-s9	1;2;3	9;9;9
1378	6295	1378	1379	3	3	trialwise	1689;3476;5182	1689;3476;5182	11;22;33	88;107;45	sub-006_ses-104_task-s11;sub-006_ses-204_task-s11;sub-006_ses-304_task-s11	1689	11	88	sub-006	ses-104	task-s11	1;2;3	11;11;11
1379	6316	1379	1380	3	3	trialwise	1739;3420;5239	1739;3420;5239	11;22;33	138;51;102	sub-006_ses-104_task-s11;sub-006_ses-204_task-s11;sub-006_ses-304_task-s11	1739	11	138	sub-006	ses-104	task-s11	1;2;3	11;11;11
1380	6334	1380	1381	3	3	trialwise	1303;3071;4967	1303;3071;4967	9;20;31	36;36;164	sub-006_ses-104_task-s9;sub-006_ses-203_task-s9;sub-006_ses-304_task-s9	1303	9	36	sub-006	ses-104	task-s9	1;2;3	9;9;9
1381	6345	1381	1382	3	3	trialwise	1488;3204;5125	1488;3204;5125	10;21;32	54;2;155	sub-006_ses-104_task-s10;sub-006_ses-205_task-s10;sub-006_ses-304_task-s10	1488	10	54	sub-006	ses-104	task-s10	1;2;3	10;10;10
1382	6370	1382	1383	3	3	trialwise	1563;3261;4980	1563;3261;4980	10;21;32	129;59;10	sub-006_ses-104_task-s10;sub-006_ses-205_task-s10;sub-006_ses-304_task-s10	1563	10	129	sub-006	ses-104	task-s10	1;2;3	10;10;10
1383	6391	1383	1384	3	3	trialwise	1431;3122;4837	1431;3122;4837	9;20;31	164;87;34	sub-006_ses-104_task-s9;sub-006_ses-203_task-s9;sub-006_ses-304_task-s9	1431	9	164	sub-006	ses-104	task-s9	1;2;3	9;9;9
1384	6414	1384	1385	3	3	trialwise	1288;3093;4860	1288;3093;4860	9;20;31	21;58;57	sub-006_ses-104_task-s9;sub-006_ses-203_task-s9;sub-006_ses-304_task-s9	1288	9	21	sub-006	ses-104	task-s9	1;2;3	9;9;9
1385	6433	1385	1386	3	3	trialwise	1764;3448;5185	1764;3448;5185	11;22;33	163;79;48	sub-006_ses-104_task-s11;sub-006_ses-204_task-s11;sub-006_ses-304_task-s11	1764	11	163	sub-006	ses-104	task-s11	1;2;3	11;11;11
1386	6456	1386	1387	3	3	trialwise	1467;3234;5109	1467;3234;5109	10;21;32	33;32;139	sub-006_ses-104_task-s10;sub-006_ses-205_task-s10;sub-006_ses-304_task-s10	1467	10	33	sub-006	ses-104	task-s10	1;2;3	10;10;10
1387	6478	1387	1388	3	3	trialwise	1543;3331;5122	1543;3331;5122	10;21;32	109;129;152	sub-006_ses-104_task-s10;sub-006_ses-205_task-s10;sub-006_ses-304_task-s10	1543	10	109	sub-006	ses-104	task-s10	1;2;3	10;10;10
1388	6507	1388	1389	3	3	trialwise	1499;3259;5106	1499;3259;5106	10;21;32	65;57;136	sub-006_ses-104_task-s10;sub-006_ses-205_task-s10;sub-006_ses-304_task-s10	1499	10	65	sub-006	ses-104	task-s10	1;2;3	10;10;10
1389	6511	1389	1390	3	3	trialwise	1410;3100;4964	1410;3100;4964	9;20;31	143;65;161	sub-006_ses-104_task-s9;sub-006_ses-203_task-s9;sub-006_ses-304_task-s9	1410	9	143	sub-006	ses-104	task-s9	1;2;3	9;9;9
1390	6536	1390	1391	3	3	trialwise	1389;3050;4821	1389;3050;4821	9;20;31	122;15;18	sub-006_ses-104_task-s9;sub-006_ses-203_task-s9;sub-006_ses-304_task-s9	1389	9	122	sub-006	ses-104	task-s9	1;2;3	9;9;9
1391	6559	1391	1392	3	3	trialwise	1649;3417;5212	1649;3417;5212	11;22;33	48;48;75	sub-006_ses-104_task-s11;sub-006_ses-204_task-s11;sub-006_ses-304_task-s11	1649	11	48	sub-006	ses-104	task-s11	1;2;3	11;11;11
1392	6568	1392	1393	3	3	trialwise	1366;3065;4925	1366;3065;4925	9;20;31	99;30;122	sub-006_ses-104_task-s9;sub-006_ses-203_task-s9;sub-006_ses-304_task-s9	1366	9	99	sub-006	ses-104	task-s9	1;2;3	9;9;9
1393	6589	1393	1394	3	3	trialwise	1358;3085;4828	1358;3085;4828	9;20;31	91;50;25	sub-006_ses-104_task-s9;sub-006_ses-203_task-s9;sub-006_ses-304_task-s9	1358	9	91	sub-006	ses-104	task-s9	1;2;3	9;9;9
1394	6626	1394	1395	3	3	trialwise	1403;3098;4920	1403;3098;4920	9;20;31	136;63;117	sub-006_ses-104_task-s9;sub-006_ses-203_task-s9;sub-006_ses-304_task-s9	1403	9	136	sub-006	ses-104	task-s9	1;2;3	9;9;9
1395	6629	1395	1396	3	3	trialwise	1570;3291;5041	1570;3291;5041	10;21;32	136;89;71	sub-006_ses-104_task-s10;sub-006_ses-205_task-s10;sub-006_ses-304_task-s10	1570	10	136	sub-006	ses-104	task-s10	1;2;3	10;10;10
1396	6643	1396	1397	3	3	trialwise	1531;3236;5003	1531;3236;5003	10;21;32	97;34;33	sub-006_ses-104_task-s10;sub-006_ses-205_task-s10;sub-006_ses-304_task-s10	1531	10	97	sub-006	ses-104	task-s10	1;2;3	10;10;10
1397	6663	1397	1398	3	3	trialwise	1387;3090;4895	1387;3090;4895	9;20;31	120;55;92	sub-006_ses-104_task-s9;sub-006_ses-203_task-s9;sub-006_ses-304_task-s9	1387	9	120	sub-006	ses-104	task-s9	1;2;3	9;9;9
1398	6703	1398	1399	3	3	trialwise	1473;3303;5026	1473;3303;5026	10;21;32	39;101;56	sub-006_ses-104_task-s10;sub-006_ses-205_task-s10;sub-006_ses-304_task-s10	1473	10	39	sub-006	ses-104	task-s10	1;2;3	10;10;10
1399	6719	1399	1400	3	3	trialwise	1701;3443;5299	1701;3443;5299	11;22;33	100;74;162	sub-006_ses-104_task-s11;sub-006_ses-204_task-s11;sub-006_ses-304_task-s11	1701	11	100	sub-006	ses-104	task-s11	1;2;3	11;11;11
1400	6723	1400	1401	3	3	trialwise	1733;3431;5288	1733;3431;5288	11;22;33	132;62;151	sub-006_ses-104_task-s11;sub-006_ses-204_task-s11;sub-006_ses-304_task-s11	1733	11	132	sub-006	ses-104	task-s11	1;2;3	11;11;11
1401	6742	1401	1402	3	3	trialwise	1503;3253;5056	1503;3253;5056	10;21;32	69;51;86	sub-006_ses-104_task-s10;sub-006_ses-205_task-s10;sub-006_ses-304_task-s10	1503	10	69	sub-006	ses-104	task-s10	1;2;3	10;10;10
1402	6786	1402	1403	3	3	trialwise	1540;3308;5119	1540;3308;5119	10;21;32	106;106;149	sub-006_ses-104_task-s10;sub-006_ses-205_task-s10;sub-006_ses-304_task-s10	1540	10	106	sub-006	ses-104	task-s10	1;2;3	10;10;10
1403	6810	1403	1404	3	3	trialwise	1522;3314;5077	1522;3314;5077	10;21;32	88;112;107	sub-006_ses-104_task-s10;sub-006_ses-205_task-s10;sub-006_ses-304_task-s10	1522	10	88	sub-006	ses-104	task-s10	1;2;3	10;10;10
1404	6814	1404	1405	3	3	trialwise	1397;3143;4891	1397;3143;4891	9;20;31	130;108;88	sub-006_ses-104_task-s9;sub-006_ses-203_task-s9;sub-006_ses-304_task-s9	1397	9	130	sub-006	ses-104	task-s9	1;2;3	9;9;9
1405	6817	1405	1406	3	3	trialwise	1400;3132;4880	1400;3132;4880	9;20;31	133;97;77	sub-006_ses-104_task-s9;sub-006_ses-203_task-s9;sub-006_ses-304_task-s9	1400	9	133	sub-006	ses-104	task-s9	1;2;3	9;9;9
1406	6877	1406	1407	3	3	trialwise	1763;3392;5243	1763;3392;5243	11;22;33	162;23;106	sub-006_ses-104_task-s11;sub-006_ses-204_task-s11;sub-006_ses-304_task-s11	1763	11	162	sub-006	ses-104	task-s11	1;2;3	11;11;11
1407	6880	1407	1408	3	3	trialwise	1637;3440;5186	1637;3440;5186	11;22;33	36;71;49	sub-006_ses-104_task-s11;sub-006_ses-204_task-s11;sub-006_ses-304_task-s11	1637	11	36	sub-006	ses-104	task-s11	1;2;3	11;11;11
1408	6882	1408	1409	3	3	trialwise	1340;3042;4814	1340;3042;4814	9;20;31	73;7;11	sub-006_ses-104_task-s9;sub-006_ses-203_task-s9;sub-006_ses-304_task-s9	1340	9	73	sub-006	ses-104	task-s9	1;2;3	9;9;9
1409	6898	1409	1410	3	3	trialwise	1755;3486;5264	1755;3486;5264	11;22;33	154;117;127	sub-006_ses-104_task-s11;sub-006_ses-204_task-s11;sub-006_ses-304_task-s11	1755	11	154	sub-006	ses-104	task-s11	1;2;3	11;11;11
1410	6942	1410	1411	3	3	trialwise	1647;3378;5175	1647;3378;5175	11;22;33	46;9;38	sub-006_ses-104_task-s11;sub-006_ses-204_task-s11;sub-006_ses-304_task-s11	1647	11	46	sub-006	ses-104	task-s11	1;2;3	11;11;11
1411	6958	1411	1412	3	3	trialwise	1720;3384;5143	1720;3384;5143	11;22;33	119;15;6	sub-006_ses-104_task-s11;sub-006_ses-204_task-s11;sub-006_ses-304_task-s11	1720	11	119	sub-006	ses-104	task-s11	1;2;3	11;11;11
1412	6980	1412	1413	3	3	trialwise	1550;3320;5020	1550;3320;5020	10;21;32	116;118;50	sub-006_ses-104_task-s10;sub-006_ses-205_task-s10;sub-006_ses-304_task-s10	1550	10	116	sub-006	ses-104	task-s10	1;2;3	10;10;10
1413	7000	1413	1414	3	3	trialwise	1559;3281;5065	1559;3281;5065	10;21;32	125;79;95	sub-006_ses-104_task-s10;sub-006_ses-205_task-s10;sub-006_ses-304_task-s10	1559	10	125	sub-006	ses-104	task-s10	1;2;3	10;10;10
1414	7007	1414	1415	3	3	trialwise	1595;3214;5097	1595;3214;5097	10;21;32	161;12;127	sub-006_ses-104_task-s10;sub-006_ses-205_task-s10;sub-006_ses-304_task-s10	1595	10	161	sub-006	ses-104	task-s10	1;2;3	10;10;10
1415	7010	1415	1416	3	3	trialwise	1456;3243;5049	1456;3243;5049	10;21;32	22;41;79	sub-006_ses-104_task-s10;sub-006_ses-205_task-s10;sub-006_ses-304_task-s10	1456	10	22	sub-006	ses-104	task-s10	1;2;3	10;10;10
1416	7068	1416	1417	3	3	trialwise	1624;3499;5144	1624;3499;5144	11;22;33	23;130;7	sub-006_ses-104_task-s11;sub-006_ses-204_task-s11;sub-006_ses-304_task-s11	1624	11	23	sub-006	ses-104	task-s11	1;2;3	11;11;11
1417	7077	1417	1418	3	3	trialwise	1391;3052;4892	1391;3052;4892	9;20;31	124;17;89	sub-006_ses-104_task-s9;sub-006_ses-203_task-s9;sub-006_ses-304_task-s9	1391	9	124	sub-006	ses-104	task-s9	1;2;3	9;9;9
1418	7093	1418	1419	3	3	trialwise	1757;3480;5162	1757;3480;5162	11;22;33	156;111;25	sub-006_ses-104_task-s11;sub-006_ses-204_task-s11;sub-006_ses-304_task-s11	1757	11	156	sub-006	ses-104	task-s11	1;2;3	11;11;11
1419	7107	1419	1420	3	3	trialwise	1489;3351;4991	1489;3351;4991	10;21;32	55;149;21	sub-006_ses-104_task-s10;sub-006_ses-205_task-s10;sub-006_ses-304_task-s10	1489	10	55	sub-006	ses-104	task-s10	1;2;3	10;10;10
1420	7135	1420	1421	3	3	trialwise	1424;3066;4926	1424;3066;4926	9;20;31	157;31;123	sub-006_ses-104_task-s9;sub-006_ses-203_task-s9;sub-006_ses-304_task-s9	1424	9	157	sub-006	ses-104	task-s9	1;2;3	9;9;9
1421	7137	1421	1422	3	3	trialwise	1463;3232;5051	1463;3232;5051	10;21;32	29;30;81	sub-006_ses-104_task-s10;sub-006_ses-205_task-s10;sub-006_ses-304_task-s10	1463	10	29	sub-006	ses-104	task-s10	1;2;3	10;10;10
1422	7187	1422	1423	3	3	trialwise	1418;3167;4832	1418;3167;4832	9;20;31	151;132;29	sub-006_ses-104_task-s9;sub-006_ses-203_task-s9;sub-006_ses-304_task-s9	1418	9	151	sub-006	ses-104	task-s9	1;2;3	9;9;9
1423	7193	1423	1424	3	3	trialwise	1759;3465;5298	1759;3465;5298	11;22;33	158;96;161	sub-006_ses-104_task-s11;sub-006_ses-204_task-s11;sub-006_ses-304_task-s11	1759	11	158	sub-006	ses-104	task-s11	1;2;3	11;11;11
1424	7226	1424	1425	3	3	trialwise	1401;3096;4909	1401;3096;4909	9;20;31	134;61;106	sub-006_ses-104_task-s9;sub-006_ses-203_task-s9;sub-006_ses-304_task-s9	1401	9	134	sub-006	ses-104	task-s9	1;2;3	9;9;9
1425	7227	1425	1426	3	3	trialwise	1648;3495;5140	1648;3495;5140	11;22;33	47;126;3	sub-006_ses-104_task-s11;sub-006_ses-204_task-s11;sub-006_ses-304_task-s11	1648	11	47	sub-006	ses-104	task-s11	1;2;3	11;11;11
1426	7272	1426	1427	3	3	trialwise	1536;3339;5024	1536;3339;5024	10;21;32	102;137;54	sub-006_ses-104_task-s10;sub-006_ses-205_task-s10;sub-006_ses-304_task-s10	1536	10	102	sub-006	ses-104	task-s10	1;2;3	10;10;10
1427	7279	1427	1428	3	3	trialwise	1619;3492;5296	1619;3492;5296	11;22;33	18;123;159	sub-006_ses-104_task-s11;sub-006_ses-204_task-s11;sub-006_ses-304_task-s11	1619	11	18	sub-006	ses-104	task-s11	1;2;3	11;11;11
1428	7284	1428	1429	3	3	trialwise	1450;3293;5111	1450;3293;5111	10;21;32	16;91;141	sub-006_ses-104_task-s10;sub-006_ses-205_task-s10;sub-006_ses-304_task-s10	1450	10	16	sub-006	ses-104	task-s10	1;2;3	10;10;10
1429	7319	1429	1430	3	3	trialwise	1363;3130;4935	1363;3130;4935	9;20;31	96;95;132	sub-006_ses-104_task-s9;sub-006_ses-203_task-s9;sub-006_ses-304_task-s9	1363	9	96	sub-006	ses-104	task-s9	1;2;3	9;9;9
1430	7337	1430	1431	3	3	trialwise	1727;3534;5289	1727;3534;5289	11;22;33	126;165;152	sub-006_ses-104_task-s11;sub-006_ses-204_task-s11;sub-006_ses-304_task-s11	1727	11	126	sub-006	ses-104	task-s11	1;2;3	11;11;11
1431	7342	1431	1432	3	3	trialwise	1751;3395;5165	1751;3395;5165	11;22;33	150;26;28	sub-006_ses-104_task-s11;sub-006_ses-204_task-s11;sub-006_ses-304_task-s11	1751	11	150	sub-006	ses-104	task-s11	1;2;3	11;11;11
1432	7362	1432	1433	3	3	trialwise	1612;3430;5219	1612;3430;5219	11;22;33	11;61;82	sub-006_ses-104_task-s11;sub-006_ses-204_task-s11;sub-006_ses-304_task-s11	1612	11	11	sub-006	ses-104	task-s11	1;2;3	11;11;11
1433	7400	1433	1434	3	3	trialwise	1765;3391;5269	1765;3391;5269	11;22;33	164;22;132	sub-006_ses-104_task-s11;sub-006_ses-204_task-s11;sub-006_ses-304_task-s11	1765	11	164	sub-006	ses-104	task-s11	1;2;3	11;11;11
1434	7406	1434	1435	3	3	trialwise	1581;3369;4981	1581;3369;4981	10;21;32	147;167;11	sub-006_ses-104_task-s10;sub-006_ses-205_task-s10;sub-006_ses-304_task-s10	1581	10	147	sub-006	ses-104	task-s10	1;2;3	10;10;10
1435	7424	1435	1436	3	3	trialwise	1307;3113;4939	1307;3113;4939	9;20;31	40;78;136	sub-006_ses-104_task-s9;sub-006_ses-203_task-s9;sub-006_ses-304_task-s9	1307	9	40	sub-006	ses-104	task-s9	1;2;3	9;9;9
1436	7433	1436	1437	3	3	trialwise	1732;3523;5176	1732;3523;5176	11;22;33	131;154;39	sub-006_ses-104_task-s11;sub-006_ses-204_task-s11;sub-006_ses-304_task-s11	1732	11	131	sub-006	ses-104	task-s11	1;2;3	11;11;11
1437	7443	1437	1438	3	3	trialwise	1520;3213;5113	1520;3213;5113	10;21;32	86;11;143	sub-006_ses-104_task-s10;sub-006_ses-205_task-s10;sub-006_ses-304_task-s10	1520	10	86	sub-006	ses-104	task-s10	1;2;3	10;10;10
1438	7488	1438	1439	3	3	trialwise	1374;3092;4940	1374;3092;4940	9;20;31	107;57;137	sub-006_ses-104_task-s9;sub-006_ses-203_task-s9;sub-006_ses-304_task-s9	1374	9	107	sub-006	ses-104	task-s9	1;2;3	9;9;9
1439	7499	1439	1440	3	3	trialwise	1334;3170;4850	1334;3170;4850	9;20;31	67;135;47	sub-006_ses-104_task-s9;sub-006_ses-203_task-s9;sub-006_ses-304_task-s9	1334	9	67	sub-006	ses-104	task-s9	1;2;3	9;9;9
1440	7528	1440	1441	3	3	trialwise	1754;3517;5181	1754;3517;5181	11;22;33	153;148;44	sub-006_ses-104_task-s11;sub-006_ses-204_task-s11;sub-006_ses-304_task-s11	1754	11	153	sub-006	ses-104	task-s11	1;2;3	11;11;11
1441	7546	1441	1442	3	3	trialwise	1747;3376;5166	1747;3376;5166	11;22;33	146;7;29	sub-006_ses-104_task-s11;sub-006_ses-204_task-s11;sub-006_ses-304_task-s11	1747	11	146	sub-006	ses-104	task-s11	1;2;3	11;11;11
1442	7561	1442	1443	3	3	trialwise	1538;3279;5037	1538;3279;5037	10;21;32	104;77;67	sub-006_ses-104_task-s10;sub-006_ses-205_task-s10;sub-006_ses-304_task-s10	1538	10	104	sub-006	ses-104	task-s10	1;2;3	10;10;10
1443	7579	1443	1444	3	3	trialwise	1508;3219;5017	1508;3219;5017	10;21;32	74;17;47	sub-006_ses-104_task-s10;sub-006_ses-205_task-s10;sub-006_ses-304_task-s10	1508	10	74	sub-006	ses-104	task-s10	1;2;3	10;10;10
1444	7622	1444	1445	3	3	trialwise	1654;3374;5258	1654;3374;5258	11;22;33	53;5;121	sub-006_ses-104_task-s11;sub-006_ses-204_task-s11;sub-006_ses-304_task-s11	1654	11	53	sub-006	ses-104	task-s11	1;2;3	11;11;11
1445	7625	1445	1446	3	3	trialwise	1761;3414;5292	1761;3414;5292	11;22;33	160;45;155	sub-006_ses-104_task-s11;sub-006_ses-204_task-s11;sub-006_ses-304_task-s11	1761	11	160	sub-006	ses-104	task-s11	1;2;3	11;11;11
1446	7656	1446	1447	3	3	trialwise	1362;3136;4856	1362;3136;4856	9;20;31	95;101;53	sub-006_ses-104_task-s9;sub-006_ses-203_task-s9;sub-006_ses-304_task-s9	1362	9	95	sub-006	ses-104	task-s9	1;2;3	9;9;9
1447	7679	1447	1448	3	3	trialwise	1725;3371;5268	1725;3371;5268	11;22;33	124;2;131	sub-006_ses-104_task-s11;sub-006_ses-204_task-s11;sub-006_ses-304_task-s11	1725	11	124	sub-006	ses-104	task-s11	1;2;3	11;11;11
1448	7696	1448	1449	3	3	trialwise	1359;3055;4942	1359;3055;4942	9;20;31	92;20;139	sub-006_ses-104_task-s9;sub-006_ses-203_task-s9;sub-006_ses-304_task-s9	1359	9	92	sub-006	ses-104	task-s9	1;2;3	9;9;9
1449	7717	1449	1450	3	3	trialwise	1408;3040;4896	1408;3040;4896	9;20;31	141;5;93	sub-006_ses-104_task-s9;sub-006_ses-203_task-s9;sub-006_ses-304_task-s9	1408	9	141	sub-006	ses-104	task-s9	1;2;3	9;9;9
1450	7752	1450	1451	3	3	trialwise	1395;3059;4851	1395;3059;4851	9;20;31	128;24;48	sub-006_ses-104_task-s9;sub-006_ses-203_task-s9;sub-006_ses-304_task-s9	1395	9	128	sub-006	ses-104	task-s9	1;2;3	9;9;9
1451	7755	1451	1452	3	3	trialwise	1653;3518;5248	1653;3518;5248	11;22;33	52;149;111	sub-006_ses-104_task-s11;sub-006_ses-204_task-s11;sub-006_ses-304_task-s11	1653	11	52	sub-006	ses-104	task-s11	1;2;3	11;11;11
1452	7781	1452	1453	3	3	trialwise	1650;3466;5234	1650;3466;5234	11;22;33	49;97;97	sub-006_ses-104_task-s11;sub-006_ses-204_task-s11;sub-006_ses-304_task-s11	1650	11	49	sub-006	ses-104	task-s11	1;2;3	11;11;11
1453	7799	1453	1454	3	3	trialwise	1313;3171;4829	1313;3171;4829	9;20;31	46;136;26	sub-006_ses-104_task-s9;sub-006_ses-203_task-s9;sub-006_ses-304_task-s9	1313	9	46	sub-006	ses-104	task-s9	1;2;3	9;9;9
1454	7802	1454	1455	3	3	trialwise	1693;3437;5222	1693;3437;5222	11;22;33	92;68;85	sub-006_ses-104_task-s11;sub-006_ses-204_task-s11;sub-006_ses-304_task-s11	1693	11	92	sub-006	ses-104	task-s11	1;2;3	11;11;11
1455	7809	1455	1456	3	3	trialwise	1275;3138;4877	1275;3138;4877	9;20;31	8;103;74	sub-006_ses-104_task-s9;sub-006_ses-203_task-s9;sub-006_ses-304_task-s9	1275	9	8	sub-006	ses-104	task-s9	1;2;3	9;9;9
1456	7870	1456	1457	3	3	trialwise	1284;3150;4830	1284;3150;4830	9;20;31	17;115;27	sub-006_ses-104_task-s9;sub-006_ses-203_task-s9;sub-006_ses-304_task-s9	1284	9	17	sub-006	ses-104	task-s9	1;2;3	9;9;9
1457	7872	1457	1458	3	3	trialwise	1700;3483;5141	1700;3483;5141	11;22;33	99;114;4	sub-006_ses-104_task-s11;sub-006_ses-204_task-s11;sub-006_ses-304_task-s11	1700	11	99	sub-006	ses-104	task-s11	1;2;3	11;11;11
1458	7905	1458	1459	3	3	trialwise	1295;3127;4898	1295;3127;4898	9;20;31	28;92;95	sub-006_ses-104_task-s9;sub-006_ses-203_task-s9;sub-006_ses-304_task-s9	1295	9	28	sub-006	ses-104	task-s9	1;2;3	9;9;9
1459	7908	1459	1460	3	3	trialwise	1611;3375;5167	1611;3375;5167	11;22;33	10;6;30	sub-006_ses-104_task-s11;sub-006_ses-204_task-s11;sub-006_ses-304_task-s11	1611	11	10	sub-006	ses-104	task-s11	1;2;3	11;11;11
1460	7939	1460	1461	3	3	trialwise	1426;3126;4824	1426;3126;4824	9;20;31	159;91;21	sub-006_ses-104_task-s9;sub-006_ses-203_task-s9;sub-006_ses-304_task-s9	1426	9	159	sub-006	ses-104	task-s9	1;2;3	9;9;9
1461	7952	1461	1462	3	3	trialwise	1375;3194;4835	1375;3194;4835	9;20;31	108;159;32	sub-006_ses-104_task-s9;sub-006_ses-203_task-s9;sub-006_ses-304_task-s9	1375	9	108	sub-006	ses-104	task-s9	1;2;3	9;9;9
1462	7969	1462	1463	3	3	trialwise	1458;3366;5108	1458;3366;5108	10;21;32	24;164;138	sub-006_ses-104_task-s10;sub-006_ses-205_task-s10;sub-006_ses-304_task-s10	1458	10	24	sub-006	ses-104	task-s10	1;2;3	10;10;10
1463	7996	1463	1464	3	3	trialwise	1477;3203;5089	1477;3203;5089	10;21;32	43;1;119	sub-006_ses-104_task-s10;sub-006_ses-205_task-s10;sub-006_ses-304_task-s10	1477	10	43	sub-006	ses-104	task-s10	1;2;3	10;10;10
1464	8007	1464	1465	3	3	trialwise	1573;3327;4994	1573;3327;4994	10;21;32	139;125;24	sub-006_ses-104_task-s10;sub-006_ses-205_task-s10;sub-006_ses-304_task-s10	1573	10	139	sub-006	ses-104	task-s10	1;2;3	10;10;10
1465	8012	1465	1466	3	3	trialwise	1504;3337;5129	1504;3337;5129	10;21;32	70;135;159	sub-006_ses-104_task-s10;sub-006_ses-205_task-s10;sub-006_ses-304_task-s10	1504	10	70	sub-006	ses-104	task-s10	1;2;3	10;10;10
1466	8062	1466	1467	3	3	trialwise	1441;3344;5093	1441;3344;5093	10;21;32	7;142;123	sub-006_ses-104_task-s10;sub-006_ses-205_task-s10;sub-006_ses-304_task-s10	1441	10	7	sub-006	ses-104	task-s10	1;2;3	10;10;10
1467	8072	1467	1468	3	3	trialwise	1740;3433;5183	1740;3433;5183	11;22;33	139;64;46	sub-006_ses-104_task-s11;sub-006_ses-204_task-s11;sub-006_ses-304_task-s11	1740	11	139	sub-006	ses-104	task-s11	1;2;3	11;11;11
1468	8107	1468	1469	3	3	trialwise	1321;3191;4933	1321;3191;4933	9;20;31	54;156;130	sub-006_ses-104_task-s9;sub-006_ses-203_task-s9;sub-006_ses-304_task-s9	1321	9	54	sub-006	ses-104	task-s9	1;2;3	9;9;9
1469	8115	1469	1470	3	3	trialwise	1293;3196;4950	1293;3196;4950	9;20;31	26;161;147	sub-006_ses-104_task-s9;sub-006_ses-203_task-s9;sub-006_ses-304_task-s9	1293	9	26	sub-006	ses-104	task-s9	1;2;3	9;9;9
1470	8122	1470	1471	3	3	trialwise	1523;3215;5090	1523;3215;5090	10;21;32	89;13;120	sub-006_ses-104_task-s10;sub-006_ses-205_task-s10;sub-006_ses-304_task-s10	1523	10	89	sub-006	ses-104	task-s10	1;2;3	10;10;10
1471	8158	1471	1472	3	3	trialwise	1748;3453;5168	1748;3453;5168	11;22;33	147;84;31	sub-006_ses-104_task-s11;sub-006_ses-204_task-s11;sub-006_ses-304_task-s11	1748	11	147	sub-006	ses-104	task-s11	1;2;3	11;11;11
1472	8187	1472	1473	3	3	trialwise	1552;3272;4998	1552;3272;4998	10;21;32	118;70;28	sub-006_ses-104_task-s10;sub-006_ses-205_task-s10;sub-006_ses-304_task-s10	1552	10	118	sub-006	ses-104	task-s10	1;2;3	10;10;10
1473	8200	1473	1474	3	3	trialwise	1285;3101;4910	1285;3101;4910	9;20;31	18;66;107	sub-006_ses-104_task-s9;sub-006_ses-203_task-s9;sub-006_ses-304_task-s9	1285	9	18	sub-006	ses-104	task-s9	1;2;3	9;9;9
1474	8226	1474	1475	3	3	trialwise	1356;3120;4874	1356;3120;4874	9;20;31	89;85;71	sub-006_ses-104_task-s9;sub-006_ses-203_task-s9;sub-006_ses-304_task-s9	1356	9	89	sub-006	ses-104	task-s9	1;2;3	9;9;9
1475	8227	1475	1476	3	3	trialwise	1304;3060;4806	1304;3060;4806	9;20;31	37;25;3	sub-006_ses-104_task-s9;sub-006_ses-203_task-s9;sub-006_ses-304_task-s9	1304	9	37	sub-006	ses-104	task-s9	1;2;3	9;9;9
1476	8247	1476	1477	3	3	trialwise	1734;3436;5294	1734;3436;5294	11;22;33	133;67;157	sub-006_ses-104_task-s11;sub-006_ses-204_task-s11;sub-006_ses-304_task-s11	1734	11	133	sub-006	ses-104	task-s11	1;2;3	11;11;11
1477	8257	1477	1478	3	3	trialwise	1684;3508;5193	1684;3508;5193	11;22;33	83;139;56	sub-006_ses-104_task-s11;sub-006_ses-204_task-s11;sub-006_ses-304_task-s11	1684	11	83	sub-006	ses-104	task-s11	1;2;3	11;11;11
1478	8299	1478	1479	3	3	trialwise	1451;3252;4987	1451;3252;4987	10;21;32	17;50;17	sub-006_ses-104_task-s10;sub-006_ses-205_task-s10;sub-006_ses-304_task-s10	1451	10	17	sub-006	ses-104	task-s10	1;2;3	10;10;10
1479	8320	1479	1480	3	3	trialwise	1294;3192;4903	1294;3192;4903	9;20;31	27;157;100	sub-006_ses-104_task-s9;sub-006_ses-203_task-s9;sub-006_ses-304_task-s9	1294	9	27	sub-006	ses-104	task-s9	1;2;3	9;9;9
1480	8329	1480	1481	3	3	trialwise	1745;3458;5147	1745;3458;5147	11;22;33	144;89;10	sub-006_ses-104_task-s11;sub-006_ses-204_task-s11;sub-006_ses-304_task-s11	1745	11	144	sub-006	ses-104	task-s11	1;2;3	11;11;11
1481	8330	1481	1482	3	3	trialwise	1277;3128;4822	1277;3128;4822	9;20;31	10;93;19	sub-006_ses-104_task-s9;sub-006_ses-203_task-s9;sub-006_ses-304_task-s9	1277	9	10	sub-006	ses-104	task-s9	1;2;3	9;9;9
1482	8370	1482	1483	3	3	trialwise	1652;3481;5287	1652;3481;5287	11;22;33	51;112;150	sub-006_ses-104_task-s11;sub-006_ses-204_task-s11;sub-006_ses-304_task-s11	1652	11	51	sub-006	ses-104	task-s11	1;2;3	11;11;11
1483	8391	1483	1484	3	3	trialwise	1749;3379;5199	1749;3379;5199	11;22;33	148;10;62	sub-006_ses-104_task-s11;sub-006_ses-204_task-s11;sub-006_ses-304_task-s11	1749	11	148	sub-006	ses-104	task-s11	1;2;3	11;11;11
1484	8433	1484	1485	3	3	trialwise	1651;3407;5303	1651;3407;5303	11;22;33	50;38;166	sub-006_ses-104_task-s11;sub-006_ses-204_task-s11;sub-006_ses-304_task-s11	1651	11	50	sub-006	ses-104	task-s11	1;2;3	11;11;11
1485	8437	1485	1486	3	3	trialwise	1500;3333;5059	1500;3333;5059	10;21;32	66;131;89	sub-006_ses-104_task-s10;sub-006_ses-205_task-s10;sub-006_ses-304_task-s10	1500	10	66	sub-006	ses-104	task-s10	1;2;3	10;10;10
1486	8442	1486	1487	3	3	trialwise	1662;3452;5213	1662;3452;5213	11;22;33	61;83;76	sub-006_ses-104_task-s11;sub-006_ses-204_task-s11;sub-006_ses-304_task-s11	1662	11	61	sub-006	ses-104	task-s11	1;2;3	11;11;11
1487	8468	1487	1488	3	3	trialwise	1672;3520;5151	1672;3520;5151	11;22;33	71;151;14	sub-006_ses-104_task-s11;sub-006_ses-204_task-s11;sub-006_ses-304_task-s11	1672	11	71	sub-006	ses-104	task-s11	1;2;3	11;11;11
1488	8497	1488	1489	3	3	trialwise	1331;3181;4834	1331;3181;4834	9;20;31	64;146;31	sub-006_ses-104_task-s9;sub-006_ses-203_task-s9;sub-006_ses-304_task-s9	1331	9	64	sub-006	ses-104	task-s9	1;2;3	9;9;9
1489	8499	1489	1490	3	3	trialwise	1714;3411;5282	1714;3411;5282	11;22;33	113;42;145	sub-006_ses-104_task-s11;sub-006_ses-204_task-s11;sub-006_ses-304_task-s11	1714	11	113	sub-006	ses-104	task-s11	1;2;3	11;11;11
1490	8548	1490	1491	3	3	trialwise	1671;3510;5142	1671;3510;5142	11;22;33	70;141;5	sub-006_ses-104_task-s11;sub-006_ses-204_task-s11;sub-006_ses-304_task-s11	1671	11	70	sub-006	ses-104	task-s11	1;2;3	11;11;11
1491	8550	1491	1492	3	3	trialwise	1626;3426;5230	1626;3426;5230	11;22;33	25;57;93	sub-006_ses-104_task-s11;sub-006_ses-204_task-s11;sub-006_ses-304_task-s11	1626	11	25	sub-006	ses-104	task-s11	1;2;3	11;11;11
1492	8584	1492	1493	3	3	trialwise	1347;3115;4963	1347;3115;4963	9;20;31	80;80;160	sub-006_ses-104_task-s9;sub-006_ses-203_task-s9;sub-006_ses-304_task-s9	1347	9	80	sub-006	ses-104	task-s9	1;2;3	9;9;9
1493	8595	1493	1494	3	3	trialwise	1515;3277;5013	1515;3277;5013	10;21;32	81;75;43	sub-006_ses-104_task-s10;sub-006_ses-205_task-s10;sub-006_ses-304_task-s10	1515	10	81	sub-006	ses-104	task-s10	1;2;3	10;10;10
1494	8609	1494	1495	3	3	trialwise	1634;3421;5260	1634;3421;5260	11;22;33	33;52;123	sub-006_ses-104_task-s11;sub-006_ses-204_task-s11;sub-006_ses-304_task-s11	1634	11	33	sub-006	ses-104	task-s11	1;2;3	11;11;11
1495	8626	1495	1496	3	3	trialwise	1524;3350;4972	1524;3350;4972	10;21;32	90;148;2	sub-006_ses-104_task-s10;sub-006_ses-205_task-s10;sub-006_ses-304_task-s10	1524	10	90	sub-006	ses-104	task-s10	1;2;3	10;10;10
1496	8675	1496	1497	3	3	trialwise	1706;3372;5225	1706;3372;5225	11;22;33	105;3;88	sub-006_ses-104_task-s11;sub-006_ses-204_task-s11;sub-006_ses-304_task-s11	1706	11	105	sub-006	ses-104	task-s11	1;2;3	11;11;11
1497	8676	1497	1498	3	3	trialwise	1276;3186;4907	1276;3186;4907	9;20;31	9;151;104	sub-006_ses-104_task-s9;sub-006_ses-203_task-s9;sub-006_ses-304_task-s9	1276	9	9	sub-006	ses-104	task-s9	1;2;3	9;9;9
1498	8697	1498	1499	3	3	trialwise	1673;3471;5150	1673;3471;5150	11;22;33	72;102;13	sub-006_ses-104_task-s11;sub-006_ses-204_task-s11;sub-006_ses-304_task-s11	1673	11	72	sub-006	ses-104	task-s11	1;2;3	11;11;11
1499	8711	1499	1500	3	3	trialwise	1280;3112;4857	1280;3112;4857	9;20;31	13;77;54	sub-006_ses-104_task-s9;sub-006_ses-203_task-s9;sub-006_ses-304_task-s9	1280	9	13	sub-006	ses-104	task-s9	1;2;3	9;9;9
1500	8733	1500	1501	3	3	trialwise	1392;3083;4853	1392;3083;4853	9;20;31	125;48;50	sub-006_ses-104_task-s9;sub-006_ses-203_task-s9;sub-006_ses-304_task-s9	1392	9	125	sub-006	ses-104	task-s9	1;2;3	9;9;9
1501	8750	1501	1502	3	3	trialwise	1396;3152;4845	1396;3152;4845	9;20;31	129;117;42	sub-006_ses-104_task-s9;sub-006_ses-203_task-s9;sub-006_ses-304_task-s9	1396	9	129	sub-006	ses-104	task-s9	1;2;3	9;9;9
1502	8794	1502	1503	3	3	trialwise	1286;3116;4918	1286;3116;4918	9;20;31	19;81;115	sub-006_ses-104_task-s9;sub-006_ses-203_task-s9;sub-006_ses-304_task-s9	1286	9	19	sub-006	ses-104	task-s9	1;2;3	9;9;9
1503	8799	1503	1504	3	3	trialwise	1694;3459;5180	1694;3459;5180	11;22;33	93;90;43	sub-006_ses-104_task-s11;sub-006_ses-204_task-s11;sub-006_ses-304_task-s11	1694	11	93	sub-006	ses-104	task-s11	1;2;3	11;11;11
1504	8833	1504	1505	3	3	trialwise	1587;3238;5099	1587;3238;5099	10;21;32	153;36;129	sub-006_ses-104_task-s10;sub-006_ses-205_task-s10;sub-006_ses-304_task-s10	1587	10	153	sub-006	ses-104	task-s10	1;2;3	10;10;10
1505	8838	1505	1506	3	3	trialwise	1498;3254;5120	1498;3254;5120	10;21;32	64;52;150	sub-006_ses-104_task-s10;sub-006_ses-205_task-s10;sub-006_ses-304_task-s10	1498	10	64	sub-006	ses-104	task-s10	1;2;3	10;10;10
1506	8850	1506	1507	3	3	trialwise	1533;3230;5130	1533;3230;5130	10;21;32	99;28;160	sub-006_ses-104_task-s10;sub-006_ses-205_task-s10;sub-006_ses-304_task-s10	1533	10	99	sub-006	ses-104	task-s10	1;2;3	10;10;10
1507	8879	1507	1508	3	3	trialwise	1423;3195;4890	1423;3195;4890	9;20;31	156;160;87	sub-006_ses-104_task-s9;sub-006_ses-203_task-s9;sub-006_ses-304_task-s9	1423	9	156	sub-006	ses-104	task-s9	1;2;3	9;9;9
1508	8910	1508	1509	3	3	trialwise	1683;3506;5207	1683;3506;5207	11;22;33	82;137;70	sub-006_ses-104_task-s11;sub-006_ses-204_task-s11;sub-006_ses-304_task-s11	1683	11	82	sub-006	ses-104	task-s11	1;2;3	11;11;11
1509	8918	1509	1510	3	3	trialwise	1606;3491;5295	1606;3491;5295	11;22;33	5;122;158	sub-006_ses-104_task-s11;sub-006_ses-204_task-s11;sub-006_ses-304_task-s11	1606	11	5	sub-006	ses-104	task-s11	1;2;3	11;11;11
1510	8946	1510	1511	3	3	trialwise	1709;3528;5201	1709;3528;5201	11;22;33	108;159;64	sub-006_ses-104_task-s11;sub-006_ses-204_task-s11;sub-006_ses-304_task-s11	1709	11	108	sub-006	ses-104	task-s11	1;2;3	11;11;11
1511	8950	1511	1512	3	3	trialwise	1325;3044;4825	1325;3044;4825	9;20;31	58;9;22	sub-006_ses-104_task-s9;sub-006_ses-203_task-s9;sub-006_ses-304_task-s9	1325	9	58	sub-006	ses-104	task-s9	1;2;3	9;9;9
1512	8984	1512	1513	3	3	trialwise	1586;3226;5052	1586;3226;5052	10;21;32	152;24;82	sub-006_ses-104_task-s10;sub-006_ses-205_task-s10;sub-006_ses-304_task-s10	1586	10	152	sub-006	ses-104	task-s10	1;2;3	10;10;10
1513	8995	1513	1514	3	3	trialwise	1457;3345;5047	1457;3345;5047	10;21;32	23;143;77	sub-006_ses-104_task-s10;sub-006_ses-205_task-s10;sub-006_ses-304_task-s10	1457	10	23	sub-006	ses-104	task-s10	1;2;3	10;10;10
1514	9017	1514	1515	3	3	trialwise	1644;3377;5252	1644;3377;5252	11;22;33	43;8;115	sub-006_ses-104_task-s11;sub-006_ses-204_task-s11;sub-006_ses-304_task-s11	1644	11	43	sub-006	ses-104	task-s11	1;2;3	11;11;11
1515	9025	1515	1516	3	3	trialwise	1561;3300;5005	1561;3300;5005	10;21;32	127;98;35	sub-006_ses-104_task-s10;sub-006_ses-205_task-s10;sub-006_ses-304_task-s10	1561	10	127	sub-006	ses-104	task-s10	1;2;3	10;10;10
1516	9073	1516	1517	3	3	trialwise	1692;3432;5161	1692;3432;5161	11;22;33	91;63;24	sub-006_ses-104_task-s11;sub-006_ses-204_task-s11;sub-006_ses-304_task-s11	1692	11	91	sub-006	ses-104	task-s11	1;2;3	11;11;11
1517	9079	1517	1518	3	3	trialwise	1482;3297;5044	1482;3297;5044	10;21;32	48;95;74	sub-006_ses-104_task-s10;sub-006_ses-205_task-s10;sub-006_ses-304_task-s10	1482	10	48	sub-006	ses-104	task-s10	1;2;3	10;10;10
1518	9082	1518	1519	3	3	trialwise	1353;3158;4936	1353;3158;4936	9;20;31	86;123;133	sub-006_ses-104_task-s9;sub-006_ses-203_task-s9;sub-006_ses-304_task-s9	1353	9	86	sub-006	ses-104	task-s9	1;2;3	9;9;9
1519	9117	1519	1520	3	3	trialwise	1716;3403;5254	1716;3403;5254	11;22;33	115;34;117	sub-006_ses-104_task-s11;sub-006_ses-204_task-s11;sub-006_ses-304_task-s11	1716	11	115	sub-006	ses-104	task-s11	1;2;3	11;11;11
1520	9130	1520	1521	3	3	trialwise	1339;3039;4914	1339;3039;4914	9;20;31	72;4;111	sub-006_ses-104_task-s9;sub-006_ses-203_task-s9;sub-006_ses-304_task-s9	1339	9	72	sub-006	ses-104	task-s9	1;2;3	9;9;9
1521	9147	1521	1522	3	3	trialwise	1675;3503;5297	1675;3503;5297	11;22;33	74;134;160	sub-006_ses-104_task-s11;sub-006_ses-204_task-s11;sub-006_ses-304_task-s11	1675	11	74	sub-006	ses-104	task-s11	1;2;3	11;11;11
1522	9169	1522	1523	3	3	trialwise	1564;3229;5132	1564;3229;5132	10;21;32	130;27;162	sub-006_ses-104_task-s10;sub-006_ses-205_task-s10;sub-006_ses-304_task-s10	1564	10	130	sub-006	ses-104	task-s10	1;2;3	10;10;10
1523	9179	1523	1524	3	3	trialwise	1585;3343;4978	1585;3343;4978	10;21;32	151;141;8	sub-006_ses-104_task-s10;sub-006_ses-205_task-s10;sub-006_ses-304_task-s10	1585	10	151	sub-006	ses-104	task-s10	1;2;3	10;10;10
1524	9213	1524	1525	3	3	trialwise	1322;3146;4913	1322;3146;4913	9;20;31	55;111;110	sub-006_ses-104_task-s9;sub-006_ses-203_task-s9;sub-006_ses-304_task-s9	1322	9	55	sub-006	ses-104	task-s9	1;2;3	9;9;9
1525	9226	1525	1526	3	3	trialwise	1639;3410;5163	1639;3410;5163	11;22;33	38;41;26	sub-006_ses-104_task-s11;sub-006_ses-204_task-s11;sub-006_ses-304_task-s11	1639	11	38	sub-006	ses-104	task-s11	1;2;3	11;11;11
1526	9268	1526	1527	3	3	trialwise	1589;3305;5098	1589;3305;5098	10;21;32	155;103;128	sub-006_ses-104_task-s10;sub-006_ses-205_task-s10;sub-006_ses-304_task-s10	1589	10	155	sub-006	ses-104	task-s10	1;2;3	10;10;10
1527	9272	1527	1528	3	3	trialwise	1390;3154;4809	1390;3154;4809	9;20;31	123;119;6	sub-006_ses-104_task-s9;sub-006_ses-203_task-s9;sub-006_ses-304_task-s9	1390	9	123	sub-006	ses-104	task-s9	1;2;3	9;9;9
1528	9283	1528	1529	3	3	trialwise	1376;3054;4831	1376;3054;4831	9;20;31	109;19;28	sub-006_ses-104_task-s9;sub-006_ses-203_task-s9;sub-006_ses-304_task-s9	1376	9	109	sub-006	ses-104	task-s9	1;2;3	9;9;9
1529	9295	1529	1530	3	3	trialwise	1318;3166;4811	1318;3166;4811	9;20;31	51;131;8	sub-006_ses-104_task-s9;sub-006_ses-203_task-s9;sub-006_ses-304_task-s9	1318	9	51	sub-006	ses-104	task-s9	1;2;3	9;9;9
1530	9332	1530	1531	3	3	trialwise	1580;3265;5006	1580;3265;5006	10;21;32	146;63;36	sub-006_ses-104_task-s10;sub-006_ses-205_task-s10;sub-006_ses-304_task-s10	1580	10	146	sub-006	ses-104	task-s10	1;2;3	10;10;10
1531	9351	1531	1532	3	3	trialwise	1274;3151;4962	1274;3151;4962	9;20;31	7;116;159	sub-006_ses-104_task-s9;sub-006_ses-203_task-s9;sub-006_ses-304_task-s9	1274	9	7	sub-006	ses-104	task-s9	1;2;3	9;9;9
1532	9369	1532	1533	3	3	trialwise	1337;3110;4929	1337;3110;4929	9;20;31	70;75;126	sub-006_ses-104_task-s9;sub-006_ses-203_task-s9;sub-006_ses-304_task-s9	1337	9	70	sub-006	ses-104	task-s9	1;2;3	9;9;9
1533	9383	1533	1534	3	3	trialwise	1705;3500;5216	1705;3500;5216	11;22;33	104;131;79	sub-006_ses-104_task-s11;sub-006_ses-204_task-s11;sub-006_ses-304_task-s11	1705	11	104	sub-006	ses-104	task-s11	1;2;3	11;11;11
1534	9415	1534	1535	3	3	trialwise	1578;3290;5015	1578;3290;5015	10;21;32	144;88;45	sub-006_ses-104_task-s10;sub-006_ses-205_task-s10;sub-006_ses-304_task-s10	1578	10	144	sub-006	ses-104	task-s10	1;2;3	10;10;10
1535	9419	1535	1536	3	3	trialwise	1438;3273;5046	1438;3273;5046	10;21;32	4;71;76	sub-006_ses-104_task-s10;sub-006_ses-205_task-s10;sub-006_ses-304_task-s10	1438	10	4	sub-006	ses-104	task-s10	1;2;3	10;10;10
1536	9454	1536	1537	3	3	trialwise	1447;3212;5011	1447;3212;5011	10;21;32	13;10;41	sub-006_ses-104_task-s10;sub-006_ses-205_task-s10;sub-006_ses-304_task-s10	1447	10	13	sub-006	ses-104	task-s10	1;2;3	10;10;10
1537	9468	1537	1538	3	3	trialwise	1562;3244;5088	1562;3244;5088	10;21;32	128;42;118	sub-006_ses-104_task-s10;sub-006_ses-205_task-s10;sub-006_ses-304_task-s10	1562	10	128	sub-006	ses-104	task-s10	1;2;3	10;10;10
1538	9499	1538	1539	3	3	trialwise	1690;3429;5261	1690;3429;5261	11;22;33	89;60;124	sub-006_ses-104_task-s11;sub-006_ses-204_task-s11;sub-006_ses-304_task-s11	1690	11	89	sub-006	ses-104	task-s11	1;2;3	11;11;11
1539	9519	1539	1540	3	3	trialwise	1632;3467;5146	1632;3467;5146	11;22;33	31;98;9	sub-006_ses-104_task-s11;sub-006_ses-204_task-s11;sub-006_ses-304_task-s11	1632	11	31	sub-006	ses-104	task-s11	1;2;3	11;11;11
1540	9521	1540	1541	3	3	trialwise	1742;3385;5265	1742;3385;5265	11;22;33	141;16;128	sub-006_ses-104_task-s11;sub-006_ses-204_task-s11;sub-006_ses-304_task-s11	1742	11	141	sub-006	ses-104	task-s11	1;2;3	11;11;11
1541	9558	1541	1542	3	3	trialwise	1698;3515;5300	1698;3515;5300	11;22;33	97;146;163	sub-006_ses-104_task-s11;sub-006_ses-204_task-s11;sub-006_ses-304_task-s11	1698	11	97	sub-006	ses-104	task-s11	1;2;3	11;11;11
1542	9576	1542	1543	3	3	trialwise	1459;3222;5074	1459;3222;5074	10;21;32	25;20;104	sub-006_ses-104_task-s10;sub-006_ses-205_task-s10;sub-006_ses-304_task-s10	1459	10	25	sub-006	ses-104	task-s10	1;2;3	10;10;10
1543	9589	1543	1544	3	3	trialwise	1525;3239;5043	1525;3239;5043	10;21;32	91;37;73	sub-006_ses-104_task-s10;sub-006_ses-205_task-s10;sub-006_ses-304_task-s10	1525	10	91	sub-006	ses-104	task-s10	1;2;3	10;10;10
1544	9619	1544	1545	3	3	trialwise	1643;3380;5283	1643;3380;5283	11;22;33	42;11;146	sub-006_ses-104_task-s11;sub-006_ses-204_task-s11;sub-006_ses-304_task-s11	1643	11	42	sub-006	ses-104	task-s11	1;2;3	11;11;11
1545	9631	1545	1546	3	3	trialwise	1465;3245;4995	1465;3245;4995	10;21;32	31;43;25	sub-006_ses-104_task-s10;sub-006_ses-205_task-s10;sub-006_ses-304_task-s10	1465	10	31	sub-006	ses-104	task-s10	1;2;3	10;10;10
1546	9650	1546	1547	3	3	trialwise	1617;3442;5266	1617;3442;5266	11;22;33	16;73;129	sub-006_ses-104_task-s11;sub-006_ses-204_task-s11;sub-006_ses-304_task-s11	1617	11	16	sub-006	ses-104	task-s11	1;2;3	11;11;11
1547	9678	1547	1548	3	3	trialwise	1462;3275;5127	1462;3275;5127	10;21;32	28;73;157	sub-006_ses-104_task-s10;sub-006_ses-205_task-s10;sub-006_ses-304_task-s10	1462	10	28	sub-006	ses-104	task-s10	1;2;3	10;10;10
1548	9683	1548	1549	3	3	trialwise	1427;3134;4959	1427;3134;4959	9;20;31	160;99;156	sub-006_ses-104_task-s9;sub-006_ses-203_task-s9;sub-006_ses-304_task-s9	1427	9	160	sub-006	ses-104	task-s9	1;2;3	9;9;9
1549	9714	1549	1550	3	3	trialwise	1370;3051;4957	1370;3051;4957	9;20;31	103;16;154	sub-006_ses-104_task-s9;sub-006_ses-203_task-s9;sub-006_ses-304_task-s9	1370	9	103	sub-006	ses-104	task-s9	1;2;3	9;9;9
1550	9731	1550	1551	3	3	trialwise	1547;3209;4971	1547;3209;4971	10;21;32	113;7;1	sub-006_ses-104_task-s10;sub-006_ses-205_task-s10;sub-006_ses-304_task-s10	1547	10	113	sub-006	ses-104	task-s10	1;2;3	10;10;10
1551	9739	1551	1552	3	3	trialwise	1399;3114;4924	1399;3114;4924	9;20;31	132;79;121	sub-006_ses-104_task-s9;sub-006_ses-203_task-s9;sub-006_ses-304_task-s9	1399	9	132	sub-006	ses-104	task-s9	1;2;3	9;9;9
1552	9780	1552	1553	3	3	trialwise	1717;3514;5286	1717;3514;5286	11;22;33	116;145;149	sub-006_ses-104_task-s11;sub-006_ses-204_task-s11;sub-006_ses-304_task-s11	1717	11	116	sub-006	ses-104	task-s11	1;2;3	11;11;11
1553	9799	1553	1554	3	3	trialwise	1297;3123;4916	1297;3123;4916	9;20;31	30;88;113	sub-006_ses-104_task-s9;sub-006_ses-203_task-s9;sub-006_ses-304_task-s9	1297	9	30	sub-006	ses-104	task-s9	1;2;3	9;9;9
1554	9813	1554	1555	3	3	trialwise	1629;3439;5262	1629;3439;5262	11;22;33	28;70;125	sub-006_ses-104_task-s11;sub-006_ses-204_task-s11;sub-006_ses-304_task-s11	1629	11	28	sub-006	ses-104	task-s11	1;2;3	11;11;11
1555	9830	1555	1556	3	3	trialwise	1278;3089;4919	1278;3089;4919	9;20;31	11;54;116	sub-006_ses-104_task-s9;sub-006_ses-203_task-s9;sub-006_ses-304_task-s9	1278	9	11	sub-006	ses-104	task-s9	1;2;3	9;9;9
1556	9872	1556	1557	3	3	trialwise	1416;3063;4894	1416;3063;4894	9;20;31	149;28;91	sub-006_ses-104_task-s9;sub-006_ses-203_task-s9;sub-006_ses-304_task-s9	1416	9	149	sub-006	ses-104	task-s9	1;2;3	9;9;9
1557	9873	1557	1558	3	3	trialwise	1640;3399;5253	1640;3399;5253	11;22;33	39;30;116	sub-006_ses-104_task-s11;sub-006_ses-204_task-s11;sub-006_ses-304_task-s11	1640	11	39	sub-006	ses-104	task-s11	1;2;3	11;11;11
1558	9885	1558	1559	3	3	trialwise	1695;3383;5275	1695;3383;5275	11;22;33	94;14;138	sub-006_ses-104_task-s11;sub-006_ses-204_task-s11;sub-006_ses-304_task-s11	1695	11	94	sub-006	ses-104	task-s11	1;2;3	11;11;11
1559	9911	1559	1560	3	3	trialwise	1555;3348;4979	1555;3348;4979	10;21;32	121;146;9	sub-006_ses-104_task-s10;sub-006_ses-205_task-s10;sub-006_ses-304_task-s10	1555	10	121	sub-006	ses-104	task-s10	1;2;3	10;10;10
1560	9933	1560	1561	3	3	trialwise	1411;3175;4858	1411;3175;4858	9;20;31	144;140;55	sub-006_ses-104_task-s9;sub-006_ses-203_task-s9;sub-006_ses-304_task-s9	1411	9	144	sub-006	ses-104	task-s9	1;2;3	9;9;9
1561	9947	1561	1562	3	3	trialwise	1591;3359;5082	1591;3359;5082	10;21;32	157;157;112	sub-006_ses-104_task-s10;sub-006_ses-205_task-s10;sub-006_ses-304_task-s10	1591	10	157	sub-006	ses-104	task-s10	1;2;3	10;10;10
1562	9980	1562	1563	3	3	trialwise	1315;3193;4865	1315;3193;4865	9;20;31	48;158;62	sub-006_ses-104_task-s9;sub-006_ses-203_task-s9;sub-006_ses-304_task-s9	1315	9	48	sub-006	ses-104	task-s9	1;2;3	9;9;9
1563	9990	1563	1564	3	3	trialwise	1330;3159;4945	1330;3159;4945	9;20;31	63;124;142	sub-006_ses-104_task-s9;sub-006_ses-203_task-s9;sub-006_ses-304_task-s9	1330	9	63	sub-006	ses-104	task-s9	1;2;3	9;9;9
1564	10002	1564	1565	3	3	trialwise	1471;3287;4986	1471;3287;4986	10;21;32	37;85;16	sub-006_ses-104_task-s10;sub-006_ses-205_task-s10;sub-006_ses-304_task-s10	1471	10	37	sub-006	ses-104	task-s10	1;2;3	10;10;10
1565	10040	1565	1566	3	3	trialwise	1386;3111;4902	1386;3111;4902	9;20;31	119;76;99	sub-006_ses-104_task-s9;sub-006_ses-203_task-s9;sub-006_ses-304_task-s9	1386	9	119	sub-006	ses-104	task-s9	1;2;3	9;9;9
1566	10068	1566	1567	3	3	trialwise	1269;3202;4839	1269;3202;4839	9;20;31	2;167;36	sub-006_ses-104_task-s9;sub-006_ses-203_task-s9;sub-006_ses-304_task-s9	1269	9	2	sub-006	ses-104	task-s9	1;2;3	9;9;9
1567	10069	1567	1568	3	3	trialwise	1645;3409;5171	1645;3409;5171	11;22;33	44;40;34	sub-006_ses-104_task-s11;sub-006_ses-204_task-s11;sub-006_ses-304_task-s11	1645	11	44	sub-006	ses-104	task-s11	1;2;3	11;11;11
1568	10084	1568	1569	3	3	trialwise	1678;3474;5293	1678;3474;5293	11;22;33	77;105;156	sub-006_ses-104_task-s11;sub-006_ses-204_task-s11;sub-006_ses-304_task-s11	1678	11	77	sub-006	ses-104	task-s11	1;2;3	11;11;11
1569	10085	1569	1570	3	3	trialwise	1475;3285;5055	1475;3285;5055	10;21;32	41;83;85	sub-006_ses-104_task-s10;sub-006_ses-205_task-s10;sub-006_ses-304_task-s10	1475	10	41	sub-006	ses-104	task-s10	1;2;3	10;10;10
1570	10146	1570	1571	3	3	trialwise	1750;3396;5204	1750;3396;5204	11;22;33	149;27;67	sub-006_ses-104_task-s11;sub-006_ses-204_task-s11;sub-006_ses-304_task-s11	1750	11	149	sub-006	ses-104	task-s11	1;2;3	11;11;11
1571	10147	1571	1572	3	3	trialwise	1735;3387;5172	1735;3387;5172	11;22;33	134;18;35	sub-006_ses-104_task-s11;sub-006_ses-204_task-s11;sub-006_ses-304_task-s11	1735	11	134	sub-006	ses-104	task-s11	1;2;3	11;11;11
1572	10182	1572	1573	3	3	trialwise	1290;3072;4833	1290;3072;4833	9;20;31	23;37;30	sub-006_ses-104_task-s9;sub-006_ses-203_task-s9;sub-006_ses-304_task-s9	1290	9	23	sub-006	ses-104	task-s9	1;2;3	9;9;9
1573	10193	1573	1574	3	3	trialwise	1699;3470;5270	1699;3470;5270	11;22;33	98;101;133	sub-006_ses-104_task-s11;sub-006_ses-204_task-s11;sub-006_ses-304_task-s11	1699	11	98	sub-006	ses-104	task-s11	1;2;3	11;11;11
1574	10220	1574	1575	3	3	trialwise	1361;3056;4808	1361;3056;4808	9;20;31	94;21;5	sub-006_ses-104_task-s9;sub-006_ses-203_task-s9;sub-006_ses-304_task-s9	1361	9	94	sub-006	ses-104	task-s9	1;2;3	9;9;9
1575	10238	1575	1576	3	3	trialwise	1703;3447;5250	1703;3447;5250	11;22;33	102;78;113	sub-006_ses-104_task-s11;sub-006_ses-204_task-s11;sub-006_ses-304_task-s11	1703	11	102	sub-006	ses-104	task-s11	1;2;3	11;11;11
1576	10262	1576	1577	3	3	trialwise	1323;3088;4927	1323;3088;4927	9;20;31	56;53;124	sub-006_ses-104_task-s9;sub-006_ses-203_task-s9;sub-006_ses-304_task-s9	1323	9	56	sub-006	ses-104	task-s9	1;2;3	9;9;9
1577	10269	1577	1578	3	3	trialwise	1406;3183;4966	1406;3183;4966	9;20;31	139;148;163	sub-006_ses-104_task-s9;sub-006_ses-203_task-s9;sub-006_ses-304_task-s9	1406	9	139	sub-006	ses-104	task-s9	1;2;3	9;9;9
1578	10296	1578	1579	3	3	trialwise	1659;3386;5174	1659;3386;5174	11;22;33	58;17;37	sub-006_ses-104_task-s11;sub-006_ses-204_task-s11;sub-006_ses-304_task-s11	1659	11	58	sub-006	ses-104	task-s11	1;2;3	11;11;11
1579	10299	1579	1580	3	3	trialwise	1614;3389;5249	1614;3389;5249	11;22;33	13;20;112	sub-006_ses-104_task-s11;sub-006_ses-204_task-s11;sub-006_ses-304_task-s11	1614	11	13	sub-006	ses-104	task-s11	1;2;3	11;11;11
1580	10323	1580	1581	3	3	trialwise	1350;3053;4917	1350;3053;4917	9;20;31	83;18;114	sub-006_ses-104_task-s9;sub-006_ses-203_task-s9;sub-006_ses-304_task-s9	1350	9	83	sub-006	ses-104	task-s9	1;2;3	9;9;9
1581	10347	1581	1582	3	3	trialwise	1402;3177;4911	1402;3177;4911	9;20;31	135;142;108	sub-006_ses-104_task-s9;sub-006_ses-203_task-s9;sub-006_ses-304_task-s9	1402	9	135	sub-006	ses-104	task-s9	1;2;3	9;9;9
1582	10367	1582	1583	3	3	trialwise	1697;3444;5153	1697;3444;5153	11;22;33	96;75;16	sub-006_ses-104_task-s11;sub-006_ses-204_task-s11;sub-006_ses-304_task-s11	1697	11	96	sub-006	ses-104	task-s11	1;2;3	11;11;11
1583	10397	1583	1584	3	3	trialwise	1723;3519;5196	1723;3519;5196	11;22;33	122;150;59	sub-006_ses-104_task-s11;sub-006_ses-204_task-s11;sub-006_ses-304_task-s11	1723	11	122	sub-006	ses-104	task-s11	1;2;3	11;11;11
1584	10412	1584	1585	3	3	trialwise	1319;3086;4855	1319;3086;4855	9;20;31	52;51;52	sub-006_ses-104_task-s9;sub-006_ses-203_task-s9;sub-006_ses-304_task-s9	1319	9	52	sub-006	ses-104	task-s9	1;2;3	9;9;9
1585	10413	1585	1586	3	3	trialwise	1384;3172;4827	1384;3172;4827	9;20;31	117;137;24	sub-006_ses-104_task-s9;sub-006_ses-203_task-s9;sub-006_ses-304_task-s9	1384	9	117	sub-006	ses-104	task-s9	1;2;3	9;9;9
1586	10469	1586	1587	3	3	trialwise	1527;3262;4996	1527;3262;4996	10;21;32	93;60;26	sub-006_ses-104_task-s10;sub-006_ses-205_task-s10;sub-006_ses-304_task-s10	1527	10	93	sub-006	ses-104	task-s10	1;2;3	10;10;10
1587	10477	1587	1588	3	3	trialwise	1657;3446;5211	1657;3446;5211	11;22;33	56;77;74	sub-006_ses-104_task-s11;sub-006_ses-204_task-s11;sub-006_ses-304_task-s11	1657	11	56	sub-006	ses-104	task-s11	1;2;3	11;11;11
1588	10510	1588	1589	3	3	trialwise	1311;3139;4949	1311;3139;4949	9;20;31	44;104;146	sub-006_ses-104_task-s9;sub-006_ses-203_task-s9;sub-006_ses-304_task-s9	1311	9	44	sub-006	ses-104	task-s9	1;2;3	9;9;9
1589	10517	1589	1590	3	3	trialwise	1320;3048;4816	1320;3048;4816	9;20;31	53;13;13	sub-006_ses-104_task-s9;sub-006_ses-203_task-s9;sub-006_ses-304_task-s9	1320	9	53	sub-006	ses-104	task-s9	1;2;3	9;9;9
1590	10525	1590	1591	3	3	trialwise	1576;3347;5070	1576;3347;5070	10;21;32	142;145;100	sub-006_ses-104_task-s10;sub-006_ses-205_task-s10;sub-006_ses-304_task-s10	1576	10	142	sub-006	ses-104	task-s10	1;2;3	10;10;10
1591	10535	1591	1592	3	3	trialwise	1567;3267;5060	1567;3267;5060	10;21;32	133;65;90	sub-006_ses-104_task-s10;sub-006_ses-205_task-s10;sub-006_ses-304_task-s10	1567	10	133	sub-006	ses-104	task-s10	1;2;3	10;10;10
1592	10572	1592	1593	3	3	trialwise	1708;3449;5214	1708;3449;5214	11;22;33	107;80;77	sub-006_ses-104_task-s11;sub-006_ses-204_task-s11;sub-006_ses-304_task-s11	1708	11	107	sub-006	ses-104	task-s11	1;2;3	11;11;11
1593	10581	1593	1594	3	3	trialwise	1744;3497;5208	1744;3497;5208	11;22;33	143;128;71	sub-006_ses-104_task-s11;sub-006_ses-204_task-s11;sub-006_ses-304_task-s11	1744	11	143	sub-006	ses-104	task-s11	1;2;3	11;11;11
1594	10632	1594	1595	3	3	trialwise	1301;3077;4969	1301;3077;4969	9;20;31	34;42;166	sub-006_ses-104_task-s9;sub-006_ses-203_task-s9;sub-006_ses-304_task-s9	1301	9	34	sub-006	ses-104	task-s9	1;2;3	9;9;9
1595	10634	1595	1596	3	3	trialwise	1487;3220;5134	1487;3220;5134	10;21;32	53;18;164	sub-006_ses-104_task-s10;sub-006_ses-205_task-s10;sub-006_ses-304_task-s10	1487	10	53	sub-006	ses-104	task-s10	1;2;3	10;10;10
1596	10659	1596	1597	3	3	trialwise	1345;3129;4881	1345;3129;4881	9;20;31	78;94;78	sub-006_ses-104_task-s9;sub-006_ses-203_task-s9;sub-006_ses-304_task-s9	1345	9	78	sub-006	ses-104	task-s9	1;2;3	9;9;9
1597	10664	1597	1598	3	3	trialwise	1728;3413;5236	1728;3413;5236	11;22;33	127;44;99	sub-006_ses-104_task-s11;sub-006_ses-204_task-s11;sub-006_ses-304_task-s11	1728	11	127	sub-006	ses-104	task-s11	1;2;3	11;11;11
1598	10694	1598	1599	3	3	trialwise	1707;3532;5291	1707;3532;5291	11;22;33	106;163;154	sub-006_ses-104_task-s11;sub-006_ses-204_task-s11;sub-006_ses-304_task-s11	1707	11	106	sub-006	ses-104	task-s11	1;2;3	11;11;11
1599	10709	1599	1600	3	3	trialwise	1385;3095;4864	1385;3095;4864	9;20;31	118;60;61	sub-006_ses-104_task-s9;sub-006_ses-203_task-s9;sub-006_ses-304_task-s9	1385	9	118	sub-006	ses-104	task-s9	1;2;3	9;9;9
1600	10732	1600	1601	3	3	trialwise	1434;3140;4900	1434;3140;4900	9;20;31	167;105;97	sub-006_ses-104_task-s9;sub-006_ses-203_task-s9;sub-006_ses-304_task-s9	1434	9	167	sub-006	ses-104	task-s9	1;2;3	9;9;9
1601	10755	1601	1602	3	3	trialwise	1607;3450;5188	1607;3450;5188	11;22;33	6;81;51	sub-006_ses-104_task-s11;sub-006_ses-204_task-s11;sub-006_ses-304_task-s11	1607	11	6	sub-006	ses-104	task-s11	1;2;3	11;11;11
1602	10775	1602	1603	3	3	trialwise	1333;3062;4960	1333;3062;4960	9;20;31	66;27;157	sub-006_ses-104_task-s9;sub-006_ses-203_task-s9;sub-006_ses-304_task-s9	1333	9	66	sub-006	ses-104	task-s9	1;2;3	9;9;9
1603	10794	1603	1604	3	3	trialwise	1490;3329;5104	1490;3329;5104	10;21;32	56;127;134	sub-006_ses-104_task-s10;sub-006_ses-205_task-s10;sub-006_ses-304_task-s10	1490	10	56	sub-006	ses-104	task-s10	1;2;3	10;10;10
1604	10811	1604	1605	3	3	trialwise	1312;3107;4884	1312;3107;4884	9;20;31	45;72;81	sub-006_ses-104_task-s9;sub-006_ses-203_task-s9;sub-006_ses-304_task-s9	1312	9	45	sub-006	ses-104	task-s9	1;2;3	9;9;9
1605	10815	1605	1606	3	3	trialwise	1630;3428;5178	1630;3428;5178	11;22;33	29;59;41	sub-006_ses-104_task-s11;sub-006_ses-204_task-s11;sub-006_ses-304_task-s11	1630	11	29	sub-006	ses-104	task-s11	1;2;3	11;11;11
1606	10867	1606	1607	3	3	trialwise	1433;3076;4861	1433;3076;4861	9;20;31	166;41;58	sub-006_ses-104_task-s9;sub-006_ses-203_task-s9;sub-006_ses-304_task-s9	1433	9	166	sub-006	ses-104	task-s9	1;2;3	9;9;9
1607	10874	1607	1608	3	3	trialwise	1460;3270;5112	1460;3270;5112	10;21;32	26;68;142	sub-006_ses-104_task-s10;sub-006_ses-205_task-s10;sub-006_ses-304_task-s10	1460	10	26	sub-006	ses-104	task-s10	1;2;3	10;10;10
1608	10882	1608	1609	3	3	trialwise	1429;3179;4842	1429;3179;4842	9;20;31	162;144;39	sub-006_ses-104_task-s9;sub-006_ses-203_task-s9;sub-006_ses-304_task-s9	1429	9	162	sub-006	ses-104	task-s9	1;2;3	9;9;9
1609	10888	1609	1610	3	3	trialwise	1355;3094;4947	1355;3094;4947	9;20;31	88;59;144	sub-006_ses-104_task-s9;sub-006_ses-203_task-s9;sub-006_ses-304_task-s9	1355	9	88	sub-006	ses-104	task-s9	1;2;3	9;9;9
1610	10921	1610	1611	3	3	trialwise	1528;3246;4988	1528;3246;4988	10;21;32	94;44;18	sub-006_ses-104_task-s10;sub-006_ses-205_task-s10;sub-006_ses-304_task-s10	1528	10	94	sub-006	ses-104	task-s10	1;2;3	10;10;10
1611	10958	1611	1612	3	3	trialwise	1501;3274;5067	1501;3274;5067	10;21;32	67;72;97	sub-006_ses-104_task-s10;sub-006_ses-205_task-s10;sub-006_ses-304_task-s10	1501	10	67	sub-006	ses-104	task-s10	1;2;3	10;10;10
1612	10977	1612	1613	3	3	trialwise	1712;3527;5233	1712;3527;5233	11;22;33	111;158;96	sub-006_ses-104_task-s11;sub-006_ses-204_task-s11;sub-006_ses-304_task-s11	1712	11	111	sub-006	ses-104	task-s11	1;2;3	11;11;11
1613	10988	1613	1614	3	3	trialwise	1505;3216;5038	1505;3216;5038	10;21;32	71;14;68	sub-006_ses-104_task-s10;sub-006_ses-205_task-s10;sub-006_ses-304_task-s10	1505	10	71	sub-006	ses-104	task-s10	1;2;3	10;10;10
1614	11026	1614	1615	3	3	trialwise	1283;3105;4934	1283;3105;4934	9;20;31	16;70;131	sub-006_ses-104_task-s9;sub-006_ses-203_task-s9;sub-006_ses-304_task-s9	1283	9	16	sub-006	ses-104	task-s9	1;2;3	9;9;9
1615	11032	1615	1616	3	3	trialwise	1326;3182;4886	1326;3182;4886	9;20;31	59;147;83	sub-006_ses-104_task-s9;sub-006_ses-203_task-s9;sub-006_ses-304_task-s9	1326	9	59	sub-006	ses-104	task-s9	1;2;3	9;9;9
1616	11053	1616	1617	3	3	trialwise	1310;3199;4869	1310;3199;4869	9;20;31	43;164;66	sub-006_ses-104_task-s9;sub-006_ses-203_task-s9;sub-006_ses-304_task-s9	1310	9	43	sub-006	ses-104	task-s9	1;2;3	9;9;9
1617	11079	1617	1618	3	3	trialwise	1454;3225;5118	1454;3225;5118	10;21;32	20;23;148	sub-006_ses-104_task-s10;sub-006_ses-205_task-s10;sub-006_ses-304_task-s10	1454	10	20	sub-006	ses-104	task-s10	1;2;3	10;10;10
1618	11100	1618	1619	3	3	trialwise	1486;3358;5034	1486;3358;5034	10;21;32	52;156;64	sub-006_ses-104_task-s10;sub-006_ses-205_task-s10;sub-006_ses-304_task-s10	1486	10	52	sub-006	ses-104	task-s10	1;2;3	10;10;10
1619	11107	1619	1620	3	3	trialwise	1743;3487;5138	1743;3487;5138	11;22;33	142;118;1	sub-006_ses-104_task-s11;sub-006_ses-204_task-s11;sub-006_ses-304_task-s11	1743	11	142	sub-006	ses-104	task-s11	1;2;3	11;11;11
1620	11121	1620	1621	3	3	trialwise	1122;2916;4705	1122;2916;4705	8;19;30	13;39;60	sub-006_ses-103_task-s8;sub-006_ses-202_task-s8;sub-006_ses-304_task-s8	1122	8	13	sub-006	ses-103	task-s8	1;2;3	8;8;8
1621	11122	1621	1622	3	3	trialwise	658;2516;4228	658;2516;4228	5;16;27	23;113;57	sub-006_ses-102_task-s5;sub-006_ses-202_task-s5;sub-006_ses-303_task-s5	658	5	23	sub-006	ses-102	task-s5	1;2;3	5;5;5
1622	11123	1622	1623	3	3	trialwise	281;1966;3785	281;1966;3785	2;13;24	123;40;91	sub-006_ses-101_task-s2;sub-006_ses-201_task-s2;sub-006_ses-302_task-s2	281	2	123	sub-006	ses-101	task-s2	1;2;3	2;2;2
1623	11124	1623	1624	4	4	trialwise	2;98;1910;3587	2;98;1910;3587	1;1;12;23	3;99;143;52	sub-006_ses-101_task-s1;sub-006_ses-101_task-s1;sub-006_ses-201_task-s1;sub-006_ses-301_task-s1	2	1	3	sub-006	ses-101	task-s1	1;1;2;3	1;1;1;1
1624	11125	1624	1625	3	3	trialwise	864;2576;4331	864;2576;4331	6;17;28	71;15;2	sub-006_ses-103_task-s6;sub-006_ses-202_task-s6;sub-006_ses-303_task-s6	864	6	71	sub-006	ses-103	task-s6	1;2;3	6;6;6
1625	11126	1625	1626	3	3	trialwise	1232;2957;4652	1232;2957;4652	8;19;30	123;80;7	sub-006_ses-103_task-s8;sub-006_ses-202_task-s8;sub-006_ses-304_task-s8	1232	8	123	sub-006	ses-103	task-s8	1;2;3	8;8;8
1626	11127	1626	1627	3	3	trialwise	478;2320;4089	478;2320;4089	4;15;26	2;76;77	sub-006_ses-102_task-s4;sub-006_ses-201_task-s4;sub-006_ses-302_task-s4	478	4	2	sub-006	ses-102	task-s4	1;2;3	4;4;4
1627	11128	1627	1628	3	3	trialwise	13;1804;3628	13;1804;3628	1;12;23	14;37;93	sub-006_ses-101_task-s1;sub-006_ses-201_task-s1;sub-006_ses-301_task-s1	13	1	14	sub-006	ses-101	task-s1	1;2;3	1;1;1
1628	11129	1628	1629	3	3	trialwise	826;2668;4478	826;2668;4478	6;17;28	33;107;149	sub-006_ses-103_task-s6;sub-006_ses-202_task-s6;sub-006_ses-303_task-s6	826	6	33	sub-006	ses-103	task-s6	1;2;3	6;6;6
1629	11130	1629	1630	3	3	trialwise	148;1811;3622	148;1811;3622	1;12;23	149;44;87	sub-006_ses-101_task-s1;sub-006_ses-201_task-s1;sub-006_ses-301_task-s1	148	1	149	sub-006	ses-101	task-s1	1;2;3	1;1;1
1630	11131	1630	1631	3	3	trialwise	114;1897;3639	114;1897;3639	1;12;23	115;130;104	sub-006_ses-101_task-s1;sub-006_ses-201_task-s1;sub-006_ses-301_task-s1	114	1	115	sub-006	ses-101	task-s1	1;2;3	1;1;1
1631	11132	1631	1632	3	3	trialwise	901;2719;4455	901;2719;4455	6;17;28	108;158;126	sub-006_ses-103_task-s6;sub-006_ses-202_task-s6;sub-006_ses-303_task-s6	901	6	108	sub-006	ses-103	task-s6	1;2;3	6;6;6
1632	11133	1632	1633	3	3	trialwise	213;2036;3817	213;2036;3817	2;13;24	55;110;123	sub-006_ses-101_task-s2;sub-006_ses-201_task-s2;sub-006_ses-302_task-s2	213	2	55	sub-006	ses-101	task-s2	1;2;3	2;2;2
1633	11134	1633	1634	3	3	trialwise	238;1965;3815	238;1965;3815	2;13;24	80;39;121	sub-006_ses-101_task-s2;sub-006_ses-201_task-s2;sub-006_ses-302_task-s2	238	2	80	sub-006	ses-101	task-s2	1;2;3	2;2;2
1634	11135	1634	1635	3	3	trialwise	870;2591;4446	870;2591;4446	6;17;28	77;30;117	sub-006_ses-103_task-s6;sub-006_ses-202_task-s6;sub-006_ses-303_task-s6	870	6	77	sub-006	ses-103	task-s6	1;2;3	6;6;6
1635	11136	1635	1636	3	3	trialwise	540;2334;4111	540;2334;4111	4;15;26	64;90;99	sub-006_ses-102_task-s4;sub-006_ses-201_task-s4;sub-006_ses-302_task-s4	540	4	64	sub-006	ses-102	task-s4	1;2;3	4;4;4
1636	11137	1636	1637	3	3	trialwise	81;1914;3542	81;1914;3542	1;12;23	82;147;7	sub-006_ses-101_task-s1;sub-006_ses-201_task-s1;sub-006_ses-301_task-s1	81	1	82	sub-006	ses-101	task-s1	1;2;3	1;1;1
1637	11138	1637	1638	3	3	trialwise	371;2162;3861	371;2162;3861	3;14;25	54;77;8	sub-006_ses-101_task-s3;sub-006_ses-201_task-s3;sub-006_ses-302_task-s3	371	3	54	sub-006	ses-101	task-s3	1;2;3	3;3;3
1638	11139	1638	1639	3	3	trialwise	152;1867;3588	152;1867;3588	1;12;23	153;100;53	sub-006_ses-101_task-s1;sub-006_ses-201_task-s1;sub-006_ses-301_task-s1	152	1	153	sub-006	ses-101	task-s1	1;2;3	1;1;1
1639	11140	1639	1640	3	3	trialwise	763;2541;4255	763;2541;4255	5;16;27	128;138;84	sub-006_ses-102_task-s5;sub-006_ses-202_task-s5;sub-006_ses-303_task-s5	763	5	128	sub-006	ses-102	task-s5	1;2;3	5;5;5
1640	11141	1640	1641	3	3	trialwise	260;2008;3784	260;2008;3784	2;13;24	102;82;90	sub-006_ses-101_task-s2;sub-006_ses-201_task-s2;sub-006_ses-302_task-s2	260	2	102	sub-006	ses-101	task-s2	1;2;3	2;2;2
1641	11142	1641	1642	3	3	trialwise	815;2568;4379	815;2568;4379	6;17;28	22;7;50	sub-006_ses-103_task-s6;sub-006_ses-202_task-s6;sub-006_ses-303_task-s6	815	6	22	sub-006	ses-103	task-s6	1;2;3	6;6;6
1642	11143	1642	1643	3	3	trialwise	453;2192;3933	453;2192;3933	3;14;25	136;107;80	sub-006_ses-101_task-s3;sub-006_ses-201_task-s3;sub-006_ses-302_task-s3	453	3	136	sub-006	ses-101	task-s3	1;2;3	3;3;3
1643	11144	1643	1644	3	3	trialwise	660;2555;4311	660;2555;4311	5;16;27	25;152;140	sub-006_ses-102_task-s5;sub-006_ses-202_task-s5;sub-006_ses-303_task-s5	660	5	25	sub-006	ses-102	task-s5	1;2;3	5;5;5
1644	11145	1644	1645	3	3	trialwise	1251;2978;4678	1251;2978;4678	8;19;30	142;101;33	sub-006_ses-103_task-s8;sub-006_ses-202_task-s8;sub-006_ses-304_task-s8	1251	8	142	sub-006	ses-103	task-s8	1;2;3	8;8;8
1645	11146	1645	1646	3	3	trialwise	155;1854;3683	155;1854;3683	1;12;23	156;87;148	sub-006_ses-101_task-s1;sub-006_ses-201_task-s1;sub-006_ses-301_task-s1	155	1	156	sub-006	ses-101	task-s1	1;2;3	1;1;1
1646	11147	1646	1647	3	3	trialwise	426;2241;3982	426;2241;3982	3;14;25	109;156;129	sub-006_ses-101_task-s3;sub-006_ses-201_task-s3;sub-006_ses-302_task-s3	426	3	109	sub-006	ses-101	task-s3	1;2;3	3;3;3
1647	11148	1647	1648	3	3	trialwise	869;2655;4469	869;2655;4469	6;17;28	76;94;140	sub-006_ses-103_task-s6;sub-006_ses-202_task-s6;sub-006_ses-303_task-s6	869	6	76	sub-006	ses-103	task-s6	1;2;3	6;6;6
1648	11149	1648	1649	3	3	trialwise	706;2517;4246	706;2517;4246	5;16;27	71;114;75	sub-006_ses-102_task-s5;sub-006_ses-202_task-s5;sub-006_ses-303_task-s5	706	5	71	sub-006	ses-102	task-s5	1;2;3	5;5;5
1649	11150	1649	1650	3	3	trialwise	24;1890;3581	24;1890;3581	1;12;23	25;123;46	sub-006_ses-101_task-s1;sub-006_ses-201_task-s1;sub-006_ses-301_task-s1	24	1	25	sub-006	ses-101	task-s1	1;2;3	1;1;1
1650	11151	1650	1651	3	3	trialwise	134;1796;3621	134;1796;3621	1;12;23	135;29;86	sub-006_ses-101_task-s1;sub-006_ses-201_task-s1;sub-006_ses-301_task-s1	134	1	135	sub-006	ses-101	task-s1	1;2;3	1;1;1
1651	11152	1651	1652	3	3	trialwise	988;2772;4519	988;2772;4519	7;18;29	37;53;32	sub-006_ses-103_task-s7;sub-006_ses-202_task-s7;sub-006_ses-303_task-s7	988	7	37	sub-006	ses-103	task-s7	1;2;3	7;7;7
1652	11153	1652	1653	3	3	trialwise	733;2518;4212	733;2518;4212	5;16;27	98;115;41	sub-006_ses-102_task-s5;sub-006_ses-202_task-s5;sub-006_ses-303_task-s5	733	5	98	sub-006	ses-102	task-s5	1;2;3	5;5;5
1653	11154	1653	1654	3	3	trialwise	69;1772;3666	69;1772;3666	1;12;23	70;5;131	sub-006_ses-101_task-s1;sub-006_ses-201_task-s1;sub-006_ses-301_task-s1	69	1	70	sub-006	ses-101	task-s1	1;2;3	1;1;1
1654	11155	1654	1655	3	3	trialwise	391;2089;3998	391;2089;3998	3;14;25	74;4;145	sub-006_ses-101_task-s3;sub-006_ses-201_task-s3;sub-006_ses-302_task-s3	391	3	74	sub-006	ses-101	task-s3	1;2;3	3;3;3
1655	11156	1655	1656	3	3	trialwise	722;2445;4211	722;2445;4211	5;16;27	87;42;40	sub-006_ses-102_task-s5;sub-006_ses-202_task-s5;sub-006_ses-303_task-s5	722	5	87	sub-006	ses-102	task-s5	1;2;3	5;5;5
1656	11157	1656	1657	3	3	trialwise	738;2482;4324	738;2482;4324	5;16;27	103;79;153	sub-006_ses-102_task-s5;sub-006_ses-202_task-s5;sub-006_ses-303_task-s5	738	5	103	sub-006	ses-102	task-s5	1;2;3	5;5;5
1657	11158	1657	1658	3	3	trialwise	851;2638;4461	851;2638;4461	6;17;28	58;77;132	sub-006_ses-103_task-s6;sub-006_ses-202_task-s6;sub-006_ses-303_task-s6	851	6	58	sub-006	ses-103	task-s6	1;2;3	6;6;6
1658	11159	1658	1659	3	3	trialwise	592;2245;4094	592;2245;4094	4;15;26	116;1;82	sub-006_ses-102_task-s4;sub-006_ses-201_task-s4;sub-006_ses-302_task-s4	592	4	116	sub-006	ses-102	task-s4	1;2;3	4;4;4
1659	11160	1659	1660	3	3	trialwise	168;1943;3766	168;1943;3766	2;13;24	10;17;72	sub-006_ses-101_task-s2;sub-006_ses-201_task-s2;sub-006_ses-302_task-s2	168	2	10	sub-006	ses-101	task-s2	1;2;3	2;2;2
1660	11161	1660	1661	3	3	trialwise	534;2259;4104	534;2259;4104	4;15;26	58;15;92	sub-006_ses-102_task-s4;sub-006_ses-201_task-s4;sub-006_ses-302_task-s4	534	4	58	sub-006	ses-102	task-s4	1;2;3	4;4;4
1661	11162	1661	1662	3	3	trialwise	302;1973;3843	302;1973;3843	2;13;24	144;47;149	sub-006_ses-101_task-s2;sub-006_ses-201_task-s2;sub-006_ses-302_task-s2	302	2	144	sub-006	ses-101	task-s2	1;2;3	2;2;2
1662	11163	1662	1663	3	3	trialwise	443;2238;3923	443;2238;3923	3;14;25	126;153;70	sub-006_ses-101_task-s3;sub-006_ses-201_task-s3;sub-006_ses-302_task-s3	443	3	126	sub-006	ses-101	task-s3	1;2;3	3;3;3
1663	11164	1663	1664	3	3	trialwise	689;2528;4276	689;2528;4276	5;16;27	54;125;105	sub-006_ses-102_task-s5;sub-006_ses-202_task-s5;sub-006_ses-303_task-s5	689	5	54	sub-006	ses-102	task-s5	1;2;3	5;5;5
1664	11165	1664	1665	3	3	trialwise	369;2103;3877	369;2103;3877	3;14;25	52;18;24	sub-006_ses-101_task-s3;sub-006_ses-201_task-s3;sub-006_ses-302_task-s3	369	3	52	sub-006	ses-101	task-s3	1;2;3	3;3;3
1665	11166	1665	1666	3	3	trialwise	1171;2917;4757	1171;2917;4757	8;19;30	62;40;112	sub-006_ses-103_task-s8;sub-006_ses-202_task-s8;sub-006_ses-304_task-s8	1171	8	62	sub-006	ses-103	task-s8	1;2;3	8;8;8
1666	11167	1666	1667	3	3	trialwise	208;2071;3736	208;2071;3736	2;13;24	50;145;42	sub-006_ses-101_task-s2;sub-006_ses-201_task-s2;sub-006_ses-302_task-s2	208	2	50	sub-006	ses-101	task-s2	1;2;3	2;2;2
1667	11168	1667	1668	3	3	trialwise	465;2146;3882	465;2146;3882	3;14;25	148;61;29	sub-006_ses-101_task-s3;sub-006_ses-201_task-s3;sub-006_ses-302_task-s3	465	3	148	sub-006	ses-101	task-s3	1;2;3	3;3;3
1668	11169	1668	1669	3	3	trialwise	811;2633;4340	811;2633;4340	6;17;28	18;72;11	sub-006_ses-103_task-s6;sub-006_ses-202_task-s6;sub-006_ses-303_task-s6	811	6	18	sub-006	ses-103	task-s6	1;2;3	6;6;6
1669	11170	1669	1670	3	3	trialwise	333;2233;3867	333;2233;3867	3;14;25	16;148;14	sub-006_ses-101_task-s3;sub-006_ses-201_task-s3;sub-006_ses-302_task-s3	333	3	16	sub-006	ses-101	task-s3	1;2;3	3;3;3
1670	11171	1670	1671	3	3	trialwise	507;2270;4141	507;2270;4141	4;15;26	31;26;129	sub-006_ses-102_task-s4;sub-006_ses-201_task-s4;sub-006_ses-302_task-s4	507	4	31	sub-006	ses-102	task-s4	1;2;3	4;4;4
1671	11172	1671	1672	3	3	trialwise	1163;2881;4665	1163;2881;4665	8;19;30	54;4;20	sub-006_ses-103_task-s8;sub-006_ses-202_task-s8;sub-006_ses-304_task-s8	1163	8	54	sub-006	ses-103	task-s8	1;2;3	8;8;8
1672	11173	1672	1673	3	3	trialwise	28;1861;3591	28;1861;3591	1;12;23	29;94;56	sub-006_ses-101_task-s1;sub-006_ses-201_task-s1;sub-006_ses-301_task-s1	28	1	29	sub-006	ses-101	task-s1	1;2;3	1;1;1
1673	11174	1673	1674	3	3	trialwise	1058;2859;4507	1058;2859;4507	7;18;29	107;140;20	sub-006_ses-103_task-s7;sub-006_ses-202_task-s7;sub-006_ses-303_task-s7	1058	7	107	sub-006	ses-103	task-s7	1;2;3	7;7;7
1674	11175	1674	1675	3	3	trialwise	470;2169;3887	470;2169;3887	3;14;25	153;84;34	sub-006_ses-101_task-s3;sub-006_ses-201_task-s3;sub-006_ses-302_task-s3	470	3	153	sub-006	ses-101	task-s3	1;2;3	3;3;3
1675	11176	1675	1676	3	3	trialwise	641;2496;4281	641;2496;4281	5;16;27	6;93;110	sub-006_ses-102_task-s5;sub-006_ses-202_task-s5;sub-006_ses-303_task-s5	641	5	6	sub-006	ses-102	task-s5	1;2;3	5;5;5
1676	11177	1676	1677	3	3	trialwise	328;2139;3866	328;2139;3866	3;14;25	11;54;13	sub-006_ses-101_task-s3;sub-006_ses-201_task-s3;sub-006_ses-302_task-s3	328	3	11	sub-006	ses-101	task-s3	1;2;3	3;3;3
1677	11178	1677	1678	3	3	trialwise	590;2318;4160	590;2318;4160	4;15;26	114;74;148	sub-006_ses-102_task-s4;sub-006_ses-201_task-s4;sub-006_ses-302_task-s4	590	4	114	sub-006	ses-102	task-s4	1;2;3	4;4;4
1678	11179	1678	1679	3	3	trialwise	383;2130;3981	383;2130;3981	3;14;25	66;45;128	sub-006_ses-101_task-s3;sub-006_ses-201_task-s3;sub-006_ses-302_task-s3	383	3	66	sub-006	ses-101	task-s3	1;2;3	3;3;3
1679	11180	1679	1680	3	3	trialwise	1121;2959;4794	1121;2959;4794	8;19;30	12;82;149	sub-006_ses-103_task-s8;sub-006_ses-202_task-s8;sub-006_ses-304_task-s8	1121	8	12	sub-006	ses-103	task-s8	1;2;3	8;8;8
1680	11181	1680	1681	3	3	trialwise	1018;2826;4584	1018;2826;4584	7;18;29	67;107;97	sub-006_ses-103_task-s7;sub-006_ses-202_task-s7;sub-006_ses-303_task-s7	1018	7	67	sub-006	ses-103	task-s7	1;2;3	7;7;7
1681	11182	1681	1682	3	3	trialwise	740;2415;4279	740;2415;4279	5;16;27	105;12;108	sub-006_ses-102_task-s5;sub-006_ses-202_task-s5;sub-006_ses-303_task-s5	740	5	105	sub-006	ses-102	task-s5	1;2;3	5;5;5
1682	11183	1682	1683	4	4	trialwise	7;140;1864;3602	7;140;1864;3602	1;1;12;23	8;141;97;67	sub-006_ses-101_task-s1;sub-006_ses-101_task-s1;sub-006_ses-201_task-s1;sub-006_ses-301_task-s1	7	1	8	sub-006	ses-101	task-s1	1;1;2;3	1;1;1;1
1683	11184	1683	1684	3	3	trialwise	92;1926;3541	92;1926;3541	1;12;23	93;159;6	sub-006_ses-101_task-s1;sub-006_ses-201_task-s1;sub-006_ses-301_task-s1	92	1	93	sub-006	ses-101	task-s1	1;2;3	1;1;1
1684	11185	1684	1685	3	3	trialwise	359;2234;3988	359;2234;3988	3;14;25	42;149;135	sub-006_ses-101_task-s3;sub-006_ses-201_task-s3;sub-006_ses-302_task-s3	359	3	42	sub-006	ses-101	task-s3	1;2;3	3;3;3
1685	11186	1685	1686	3	3	trialwise	666;2430;4291	666;2430;4291	5;16;27	31;27;120	sub-006_ses-102_task-s5;sub-006_ses-202_task-s5;sub-006_ses-303_task-s5	666	5	31	sub-006	ses-102	task-s5	1;2;3	5;5;5
1686	11187	1686	1687	3	3	trialwise	1187;2968;4770	1187;2968;4770	8;19;30	78;91;125	sub-006_ses-103_task-s8;sub-006_ses-202_task-s8;sub-006_ses-304_task-s8	1187	8	78	sub-006	ses-103	task-s8	1;2;3	8;8;8
1687	11188	1687	1688	3	3	trialwise	1099;2861;4493	1099;2861;4493	7;18;29	148;142;6	sub-006_ses-103_task-s7;sub-006_ses-202_task-s7;sub-006_ses-303_task-s7	1099	7	148	sub-006	ses-103	task-s7	1;2;3	7;7;7
1688	11189	1688	1689	3	3	trialwise	748;2427;4193	748;2427;4193	5;16;27	113;24;22	sub-006_ses-102_task-s5;sub-006_ses-202_task-s5;sub-006_ses-303_task-s5	748	5	113	sub-006	ses-102	task-s5	1;2;3	5;5;5
1689	11190	1689	1690	3	3	trialwise	215;2073;3699	215;2073;3699	2;13;24	57;147;5	sub-006_ses-101_task-s2;sub-006_ses-201_task-s2;sub-006_ses-302_task-s2	215	2	57	sub-006	ses-101	task-s2	1;2;3	2;2;2
1690	11191	1690	1691	3	3	trialwise	552;2306;4120	552;2306;4120	4;15;26	76;62;108	sub-006_ses-102_task-s4;sub-006_ses-201_task-s4;sub-006_ses-302_task-s4	552	4	76	sub-006	ses-102	task-s4	1;2;3	4;4;4
1691	11192	1691	1692	3	3	trialwise	113;1843;3634	113;1843;3634	1;12;23	114;76;99	sub-006_ses-101_task-s1;sub-006_ses-201_task-s1;sub-006_ses-301_task-s1	113	1	114	sub-006	ses-101	task-s1	1;2;3	1;1;1
1692	11193	1692	1693	3	3	trialwise	758;2460;4242	758;2460;4242	5;16;27	123;57;71	sub-006_ses-102_task-s5;sub-006_ses-202_task-s5;sub-006_ses-303_task-s5	758	5	123	sub-006	ses-102	task-s5	1;2;3	5;5;5
1693	11194	1693	1694	3	3	trialwise	537;2282;4142	537;2282;4142	4;15;26	61;38;130	sub-006_ses-102_task-s4;sub-006_ses-201_task-s4;sub-006_ses-302_task-s4	537	4	61	sub-006	ses-102	task-s4	1;2;3	4;4;4
1694	11195	1694	1695	3	3	trialwise	230;2001;3741	230;2001;3741	2;13;24	72;75;47	sub-006_ses-101_task-s2;sub-006_ses-201_task-s2;sub-006_ses-302_task-s2	230	2	72	sub-006	ses-101	task-s2	1;2;3	2;2;2
1695	11196	1695	1696	3	3	trialwise	313;1972;3804	313;1972;3804	2;13;24	155;46;110	sub-006_ses-101_task-s2;sub-006_ses-201_task-s2;sub-006_ses-302_task-s2	313	2	155	sub-006	ses-101	task-s2	1;2;3	2;2;2
1696	11197	1696	1697	3	3	trialwise	1013;2804;4528	1013;2804;4528	7;18;29	62;85;41	sub-006_ses-103_task-s7;sub-006_ses-202_task-s7;sub-006_ses-303_task-s7	1013	7	62	sub-006	ses-103	task-s7	1;2;3	7;7;7
1697	11198	1697	1698	3	3	trialwise	956;2872;4508	956;2872;4508	7;18;29	5;153;21	sub-006_ses-103_task-s7;sub-006_ses-202_task-s7;sub-006_ses-303_task-s7	956	7	5	sub-006	ses-103	task-s7	1;2;3	7;7;7
1698	11199	1698	1699	3	3	trialwise	1118;3018;4706	1118;3018;4706	8;19;30	9;141;61	sub-006_ses-103_task-s8;sub-006_ses-202_task-s8;sub-006_ses-304_task-s8	1118	8	9	sub-006	ses-103	task-s8	1;2;3	8;8;8
1699	11200	1699	1700	3	3	trialwise	138;1797;3600	138;1797;3600	1;12;23	139;30;65	sub-006_ses-101_task-s1;sub-006_ses-201_task-s1;sub-006_ses-301_task-s1	138	1	139	sub-006	ses-101	task-s1	1;2;3	1;1;1
1700	11201	1700	1701	3	3	trialwise	1219;3019;4728	1219;3019;4728	8;19;30	110;142;83	sub-006_ses-103_task-s8;sub-006_ses-202_task-s8;sub-006_ses-304_task-s8	1219	8	110	sub-006	ses-103	task-s8	1;2;3	8;8;8
1701	11202	1701	1702	3	3	trialwise	1208;3005;4769	1208;3005;4769	8;19;30	99;128;124	sub-006_ses-103_task-s8;sub-006_ses-202_task-s8;sub-006_ses-304_task-s8	1208	8	99	sub-006	ses-103	task-s8	1;2;3	8;8;8
1702	11203	1702	1703	3	3	trialwise	1209;2939;4778	1209;2939;4778	8;19;30	100;62;133	sub-006_ses-103_task-s8;sub-006_ses-202_task-s8;sub-006_ses-304_task-s8	1209	8	100	sub-006	ses-103	task-s8	1;2;3	8;8;8
1703	11204	1703	1704	3	3	trialwise	535;2333;4043	535;2333;4043	4;15;26	59;89;31	sub-006_ses-102_task-s4;sub-006_ses-201_task-s4;sub-006_ses-302_task-s4	535	4	59	sub-006	ses-102	task-s4	1;2;3	4;4;4
1704	11205	1704	1705	3	3	trialwise	840;2690;4408	840;2690;4408	6;17;28	47;129;79	sub-006_ses-103_task-s6;sub-006_ses-202_task-s6;sub-006_ses-303_task-s6	840	6	47	sub-006	ses-103	task-s6	1;2;3	6;6;6
1705	11206	1705	1706	3	3	trialwise	601;2331;4046	601;2331;4046	4;15;26	125;87;34	sub-006_ses-102_task-s4;sub-006_ses-201_task-s4;sub-006_ses-302_task-s4	601	4	125	sub-006	ses-102	task-s4	1;2;3	4;4;4
1706	11207	1706	1707	3	3	trialwise	173;2046;3776	173;2046;3776	2;13;24	15;120;82	sub-006_ses-101_task-s2;sub-006_ses-201_task-s2;sub-006_ses-302_task-s2	173	2	15	sub-006	ses-101	task-s2	1;2;3	2;2;2
1707	11208	1707	1708	3	3	trialwise	377;2181;3904	377;2181;3904	3;14;25	60;96;51	sub-006_ses-101_task-s3;sub-006_ses-201_task-s3;sub-006_ses-302_task-s3	377	3	60	sub-006	ses-101	task-s3	1;2;3	3;3;3
1708	11209	1708	1709	3	3	trialwise	1243;2985;4749	1243;2985;4749	8;19;30	134;108;104	sub-006_ses-103_task-s8;sub-006_ses-202_task-s8;sub-006_ses-304_task-s8	1243	8	134	sub-006	ses-103	task-s8	1;2;3	8;8;8
1709	11210	1709	1710	3	3	trialwise	166;1980;3813	166;1980;3813	2;13;24	8;54;119	sub-006_ses-101_task-s2;sub-006_ses-201_task-s2;sub-006_ses-302_task-s2	166	2	8	sub-006	ses-101	task-s2	1;2;3	2;2;2
1710	11211	1710	1711	3	3	trialwise	617;2326;4059	617;2326;4059	4;15;26	141;82;47	sub-006_ses-102_task-s4;sub-006_ses-201_task-s4;sub-006_ses-302_task-s4	617	4	141	sub-006	ses-102	task-s4	1;2;3	4;4;4
1711	11212	1711	1712	3	3	trialwise	446;2174;3979	446;2174;3979	3;14;25	129;89;126	sub-006_ses-101_task-s3;sub-006_ses-201_task-s3;sub-006_ses-302_task-s3	446	3	129	sub-006	ses-101	task-s3	1;2;3	3;3;3
1712	11213	1712	1713	3	3	trialwise	768;2486;4207	768;2486;4207	5;16;27	133;83;36	sub-006_ses-102_task-s5;sub-006_ses-202_task-s5;sub-006_ses-303_task-s5	768	5	133	sub-006	ses-102	task-s5	1;2;3	5;5;5
1713	11214	1713	1714	3	3	trialwise	702;2560;4263	702;2560;4263	5;16;27	67;157;92	sub-006_ses-102_task-s5;sub-006_ses-202_task-s5;sub-006_ses-303_task-s5	702	5	67	sub-006	ses-102	task-s5	1;2;3	5;5;5
1714	11215	1714	1715	3	3	trialwise	1228;2991;4751	1228;2991;4751	8;19;30	119;114;106	sub-006_ses-103_task-s8;sub-006_ses-202_task-s8;sub-006_ses-304_task-s8	1228	8	119	sub-006	ses-103	task-s8	1;2;3	8;8;8
1715	11216	1715	1716	3	3	trialwise	1148;2922;4671	1148;2922;4671	8;19;30	39;45;26	sub-006_ses-103_task-s8;sub-006_ses-202_task-s8;sub-006_ses-304_task-s8	1148	8	39	sub-006	ses-103	task-s8	1;2;3	8;8;8
1716	11217	1716	1717	3	3	trialwise	594;2281;4140	594;2281;4140	4;15;26	118;37;128	sub-006_ses-102_task-s4;sub-006_ses-201_task-s4;sub-006_ses-302_task-s4	594	4	118	sub-006	ses-102	task-s4	1;2;3	4;4;4
1717	11218	1717	1718	3	3	trialwise	684;2440;4229	684;2440;4229	5;16;27	49;37;58	sub-006_ses-102_task-s5;sub-006_ses-202_task-s5;sub-006_ses-303_task-s5	684	5	49	sub-006	ses-102	task-s5	1;2;3	5;5;5
1718	11219	1718	1719	3	3	trialwise	25;1827;3635	25;1827;3635	1;12;23	26;60;100	sub-006_ses-101_task-s1;sub-006_ses-201_task-s1;sub-006_ses-301_task-s1	25	1	26	sub-006	ses-101	task-s1	1;2;3	1;1;1
1719	11220	1719	1720	3	3	trialwise	1009;2836;4488	1009;2836;4488	7;18;29	58;117;1	sub-006_ses-103_task-s7;sub-006_ses-202_task-s7;sub-006_ses-303_task-s7	1009	7	58	sub-006	ses-103	task-s7	1;2;3	7;7;7
1720	11221	1720	1721	3	3	trialwise	560;2283;4039	560;2283;4039	4;15;26	84;39;27	sub-006_ses-102_task-s4;sub-006_ses-201_task-s4;sub-006_ses-302_task-s4	560	4	84	sub-006	ses-102	task-s4	1;2;3	4;4;4
1721	11222	1721	1722	3	3	trialwise	460;2173;3895	460;2173;3895	3;14;25	143;88;42	sub-006_ses-101_task-s3;sub-006_ses-201_task-s3;sub-006_ses-302_task-s3	460	3	143	sub-006	ses-101	task-s3	1;2;3	3;3;3
1722	11223	1722	1723	3	3	trialwise	393;2134;3957	393;2134;3957	3;14;25	76;49;104	sub-006_ses-101_task-s3;sub-006_ses-201_task-s3;sub-006_ses-302_task-s3	393	3	76	sub-006	ses-101	task-s3	1;2;3	3;3;3
1723	11224	1723	1724	3	3	trialwise	966;2820;4568	966;2820;4568	7;18;29	15;101;81	sub-006_ses-103_task-s7;sub-006_ses-202_task-s7;sub-006_ses-303_task-s7	966	7	15	sub-006	ses-103	task-s7	1;2;3	7;7;7
1724	11225	1724	1725	3	3	trialwise	932;2567;4414	932;2567;4414	6;17;28	139;6;85	sub-006_ses-103_task-s6;sub-006_ses-202_task-s6;sub-006_ses-303_task-s6	932	6	139	sub-006	ses-103	task-s6	1;2;3	6;6;6
1725	11226	1725	1726	3	3	trialwise	1083;2731;4527	1083;2731;4527	7;18;29	132;12;40	sub-006_ses-103_task-s7;sub-006_ses-202_task-s7;sub-006_ses-303_task-s7	1083	7	132	sub-006	ses-103	task-s7	1;2;3	7;7;7
1726	11227	1726	1727	3	3	trialwise	231;2074;3821	231;2074;3821	2;13;24	73;148;127	sub-006_ses-101_task-s2;sub-006_ses-201_task-s2;sub-006_ses-302_task-s2	231	2	73	sub-006	ses-101	task-s2	1;2;3	2;2;2
1727	11228	1727	1728	3	3	trialwise	63;1901;3663	63;1901;3663	1;12;23	64;134;128	sub-006_ses-101_task-s1;sub-006_ses-201_task-s1;sub-006_ses-301_task-s1	63	1	64	sub-006	ses-101	task-s1	1;2;3	1;1;1
1728	11229	1728	1729	3	3	trialwise	57;1919;3609	57;1919;3609	1;12;23	58;152;74	sub-006_ses-101_task-s1;sub-006_ses-201_task-s1;sub-006_ses-301_task-s1	57	1	58	sub-006	ses-101	task-s1	1;2;3	1;1;1
1729	11230	1729	1730	2	2	trialwise	1782;3630	1782;3630	12;23	15;95	sub-006_ses-201_task-s1;sub-006_ses-301_task-s1	1782	12	15	sub-006	ses-201	task-s1	2;3	1;1
1730	11231	1730	1731	3	3	trialwise	223;1929;3830	223;1929;3830	2;13;24	65;3;136	sub-006_ses-101_task-s2;sub-006_ses-201_task-s2;sub-006_ses-302_task-s2	223	2	65	sub-006	ses-101	task-s2	1;2;3	2;2;2
1731	11232	1731	1732	3	3	trialwise	203;2065;3739	203;2065;3739	2;13;24	45;139;45	sub-006_ses-101_task-s2;sub-006_ses-201_task-s2;sub-006_ses-302_task-s2	203	2	45	sub-006	ses-101	task-s2	1;2;3	2;2;2
1732	11233	1732	1733	3	3	trialwise	721;2559;4250	721;2559;4250	5;16;27	86;156;79	sub-006_ses-102_task-s5;sub-006_ses-202_task-s5;sub-006_ses-303_task-s5	721	5	86	sub-006	ses-102	task-s5	1;2;3	5;5;5
1733	11234	1733	1734	3	3	trialwise	367;2209;3859	367;2209;3859	3;14;25	50;124;6	sub-006_ses-101_task-s3;sub-006_ses-201_task-s3;sub-006_ses-302_task-s3	367	3	50	sub-006	ses-101	task-s3	1;2;3	3;3;3
1734	11235	1734	1735	3	3	trialwise	1096;2845;4530	1096;2845;4530	7;18;29	145;126;43	sub-006_ses-103_task-s7;sub-006_ses-202_task-s7;sub-006_ses-303_task-s7	1096	7	145	sub-006	ses-103	task-s7	1;2;3	7;7;7
1735	11236	1735	1736	3	3	trialwise	51;1783;3574	51;1783;3574	1;12;23	52;16;39	sub-006_ses-101_task-s1;sub-006_ses-201_task-s1;sub-006_ses-301_task-s1	51	1	52	sub-006	ses-101	task-s1	1;2;3	1;1;1
1736	11237	1736	1737	3	3	trialwise	500;2300;4031	500;2300;4031	4;15;26	24;56;19	sub-006_ses-102_task-s4;sub-006_ses-201_task-s4;sub-006_ses-302_task-s4	500	4	24	sub-006	ses-102	task-s4	1;2;3	4;4;4
1737	11238	1737	1738	3	3	trialwise	723;2557;4320	723;2557;4320	5;16;27	88;154;149	sub-006_ses-102_task-s5;sub-006_ses-202_task-s5;sub-006_ses-303_task-s5	723	5	88	sub-006	ses-102	task-s5	1;2;3	5;5;5
1738	11239	1738	1739	3	3	trialwise	195;1996;3724	195;1996;3724	2;13;24	37;70;30	sub-006_ses-101_task-s2;sub-006_ses-201_task-s2;sub-006_ses-302_task-s2	195	2	37	sub-006	ses-101	task-s2	1;2;3	2;2;2
1739	11240	1739	1740	3	3	trialwise	1076;2782;4503	1076;2782;4503	7;18;29	125;63;16	sub-006_ses-103_task-s7;sub-006_ses-202_task-s7;sub-006_ses-303_task-s7	1076	7	125	sub-006	ses-103	task-s7	1;2;3	7;7;7
1740	11241	1740	1741	3	3	trialwise	1007;2868;4564	1007;2868;4564	7;18;29	56;149;77	sub-006_ses-103_task-s7;sub-006_ses-202_task-s7;sub-006_ses-303_task-s7	1007	7	56	sub-006	ses-103	task-s7	1;2;3	7;7;7
1741	11242	1741	1742	3	3	trialwise	588;2353;4169	588;2353;4169	4;15;26	112;109;157	sub-006_ses-102_task-s4;sub-006_ses-201_task-s4;sub-006_ses-302_task-s4	588	4	112	sub-006	ses-102	task-s4	1;2;3	4;4;4
1742	11243	1742	1743	3	3	trialwise	19;1820;3690	19;1820;3690	1;12;23	20;53;155	sub-006_ses-101_task-s1;sub-006_ses-201_task-s1;sub-006_ses-301_task-s1	19	1	20	sub-006	ses-101	task-s1	1;2;3	1;1;1
1743	11244	1743	1744	3	3	trialwise	295;2015;3771	295;2015;3771	2;13;24	137;89;77	sub-006_ses-101_task-s2;sub-006_ses-201_task-s2;sub-006_ses-302_task-s2	295	2	137	sub-006	ses-101	task-s2	1;2;3	2;2;2
1744	11245	1744	1745	3	3	trialwise	543;2389;4085	543;2389;4085	4;15;26	67;145;73	sub-006_ses-102_task-s4;sub-006_ses-201_task-s4;sub-006_ses-302_task-s4	543	4	67	sub-006	ses-102	task-s4	1;2;3	4;4;4
1745	11246	1745	1746	3	3	trialwise	1127;2905;4743	1127;2905;4743	8;19;30	18;28;98	sub-006_ses-103_task-s8;sub-006_ses-202_task-s8;sub-006_ses-304_task-s8	1127	8	18	sub-006	ses-103	task-s8	1;2;3	8;8;8
1746	11247	1746	1747	3	3	trialwise	764;2538;4186	764;2538;4186	5;16;27	129;135;15	sub-006_ses-102_task-s5;sub-006_ses-202_task-s5;sub-006_ses-303_task-s5	764	5	129	sub-006	ses-102	task-s5	1;2;3	5;5;5
1747	11248	1747	1748	3	3	trialwise	955;2846;4631	955;2846;4631	7;18;29	4;127;144	sub-006_ses-103_task-s7;sub-006_ses-202_task-s7;sub-006_ses-303_task-s7	955	7	4	sub-006	ses-103	task-s7	1;2;3	7;7;7
1748	11249	1748	1749	3	3	trialwise	229;2084;3767	229;2084;3767	2;13;24	71;158;73	sub-006_ses-101_task-s2;sub-006_ses-201_task-s2;sub-006_ses-302_task-s2	229	2	71	sub-006	ses-101	task-s2	1;2;3	2;2;2
1749	11250	1749	1750	3	3	trialwise	461;2179;3907	461;2179;3907	3;14;25	144;94;54	sub-006_ses-101_task-s3;sub-006_ses-201_task-s3;sub-006_ses-302_task-s3	461	3	144	sub-006	ses-101	task-s3	1;2;3	3;3;3
1750	11251	1750	1751	3	3	trialwise	628;2373;4092	628;2373;4092	4;15;26	152;129;80	sub-006_ses-102_task-s4;sub-006_ses-201_task-s4;sub-006_ses-302_task-s4	628	4	152	sub-006	ses-102	task-s4	1;2;3	4;4;4
1751	11252	1751	1752	3	3	trialwise	945;2642;4453	945;2642;4453	6;17;28	152;81;124	sub-006_ses-103_task-s6;sub-006_ses-202_task-s6;sub-006_ses-303_task-s6	945	6	152	sub-006	ses-103	task-s6	1;2;3	6;6;6
1752	11253	1752	1753	2	2	trialwise	1785;3675	1785;3675	12;23	18;140	sub-006_ses-201_task-s1;sub-006_ses-301_task-s1	1785	12	18	sub-006	ses-201	task-s1	2;3	1;1
1753	11254	1753	1754	3	3	trialwise	60;1780;3617	60;1780;3617	1;12;23	61;13;82	sub-006_ses-101_task-s1;sub-006_ses-201_task-s1;sub-006_ses-301_task-s1	60	1	61	sub-006	ses-101	task-s1	1;2;3	1;1;1
1754	11255	1754	1755	3	3	trialwise	860;2697;4353	860;2697;4353	6;17;28	67;136;24	sub-006_ses-103_task-s6;sub-006_ses-202_task-s6;sub-006_ses-303_task-s6	860	6	67	sub-006	ses-103	task-s6	1;2;3	6;6;6
1755	11256	1755	1756	3	3	trialwise	199;1948;3765	199;1948;3765	2;13;24	41;22;71	sub-006_ses-101_task-s2;sub-006_ses-201_task-s2;sub-006_ses-302_task-s2	199	2	41	sub-006	ses-101	task-s2	1;2;3	2;2;2
1756	11257	1756	1757	3	3	trialwise	1090;2814;4579	1090;2814;4579	7;18;29	139;95;92	sub-006_ses-103_task-s7;sub-006_ses-202_task-s7;sub-006_ses-303_task-s7	1090	7	139	sub-006	ses-103	task-s7	1;2;3	7;7;7
1757	11258	1757	1758	4	4	trialwise	0;153;1891;3603	0;153;1891;3603	1;1;12;23	1;154;124;68	sub-006_ses-101_task-s1;sub-006_ses-101_task-s1;sub-006_ses-201_task-s1;sub-006_ses-301_task-s1	0	1	1	sub-006	ses-101	task-s1	1;1;2;3	1;1;1;1
1758	11259	1758	1759	3	3	trialwise	298;1992;3805	298;1992;3805	2;13;24	140;66;111	sub-006_ses-101_task-s2;sub-006_ses-201_task-s2;sub-006_ses-302_task-s2	298	2	140	sub-006	ses-101	task-s2	1;2;3	2;2;2
1759	11260	1759	1760	3	3	trialwise	362;2088;3898	362;2088;3898	3;14;25	45;3;45	sub-006_ses-101_task-s3;sub-006_ses-201_task-s3;sub-006_ses-302_task-s3	362	3	45	sub-006	ses-101	task-s3	1;2;3	3;3;3
1760	11261	1760	1761	3	3	trialwise	317;2056;3799	317;2056;3799	2;13;24	159;130;105	sub-006_ses-101_task-s2;sub-006_ses-201_task-s2;sub-006_ses-302_task-s2	317	2	159	sub-006	ses-101	task-s2	1;2;3	2;2;2
1761	11262	1761	1762	3	3	trialwise	1203;2980;4756	1203;2980;4756	8;19;30	94;103;111	sub-006_ses-103_task-s8;sub-006_ses-202_task-s8;sub-006_ses-304_task-s8	1203	8	94	sub-006	ses-103	task-s8	1;2;3	8;8;8
1762	11263	1762	1763	3	3	trialwise	269;2077;3738	269;2077;3738	2;13;24	111;151;44	sub-006_ses-101_task-s2;sub-006_ses-201_task-s2;sub-006_ses-302_task-s2	269	2	111	sub-006	ses-101	task-s2	1;2;3	2;2;2
1763	11264	1763	1764	3	3	trialwise	610;2379;4123	610;2379;4123	4;15;26	134;135;111	sub-006_ses-102_task-s4;sub-006_ses-201_task-s4;sub-006_ses-302_task-s4	610	4	134	sub-006	ses-102	task-s4	1;2;3	4;4;4
1764	11265	1764	1765	3	3	trialwise	873;2584;4466	873;2584;4466	6;17;28	80;23;137	sub-006_ses-103_task-s6;sub-006_ses-202_task-s6;sub-006_ses-303_task-s6	873	6	80	sub-006	ses-103	task-s6	1;2;3	6;6;6
1765	11266	1765	1766	3	3	trialwise	600;2355;4070	600;2355;4070	4;15;26	124;111;58	sub-006_ses-102_task-s4;sub-006_ses-201_task-s4;sub-006_ses-302_task-s4	600	4	124	sub-006	ses-102	task-s4	1;2;3	4;4;4
1766	11267	1766	1767	3	3	trialwise	467;2188;3925	467;2188;3925	3;14;25	150;103;72	sub-006_ses-101_task-s3;sub-006_ses-201_task-s3;sub-006_ses-302_task-s3	467	3	150	sub-006	ses-101	task-s3	1;2;3	3;3;3
1767	11268	1767	1768	3	3	trialwise	451;2101;3919	451;2101;3919	3;14;25	134;16;66	sub-006_ses-101_task-s3;sub-006_ses-201_task-s3;sub-006_ses-302_task-s3	451	3	134	sub-006	ses-101	task-s3	1;2;3	3;3;3
