scalar_index_0based	condition_id	condition_col_0based	condition_col_1based	n_trials_presented	n_betas_averaged	beta_index_mode	source_beta_rows_0based	trial_indices_0based	run_indices_1based	local_trial_indices	run_stems	first_trial_index_0based	first_run_index_1based	first_local_trial_index	first_sub	first_ses	first_task	repeat_indices	task_indices
0	1	0	1	3	3	trialwise	381;2094;3945	381;2094;3945	3;14;25	64;9;92	sub-010_ses-101_task-s3;sub-010_ses-201_task-s3;sub-010_ses-301_task-s3	381	3	64	sub-010	ses-101	task-s3	1;2;3	3;3;3
1	2	1	2	3	3	trialwise	73;1894;3662	73;1894;3662	1;12;23	74;127;127	sub-010_ses-101_task-s1;sub-010_ses-201_task-s1;sub-010_ses-301_task-s1	73	1	74	sub-010	ses-101	task-s1	1;2;3	1;1;1
2	3	2	3	3	3	trialwise	214;2010;3767	214;2010;3767	2;13;24	56;84;73	sub-010_ses-101_task-s2;sub-010_ses-201_task-s2;sub-010_ses-301_task-s2	214	2	56	sub-010	ses-101	task-s2	1;2;3	2;2;2
3	4	3	4	3	3	trialwise	597;2345;4171	597;2345;4171	4;15;26	121;101;159	sub-010_ses-102_task-s4;sub-010_ses-201_task-s4;sub-010_ses-301_task-s4	597	4	121	sub-010	ses-102	task-s4	1;2;3	4;4;4
4	5	4	5	3	3	trialwise	877;2678;4453	877;2678;4453	6;17;28	84;117;124	sub-010_ses-102_task-s6;sub-010_ses-202_task-s6;sub-010_ses-302_task-s6	877	6	84	sub-010	ses-102	task-s6	1;2;3	6;6;6
5	6	5	6	3	3	trialwise	846;2567;4377	846;2567;4377	6;17;28	53;6;48	sub-010_ses-102_task-s6;sub-010_ses-202_task-s6;sub-010_ses-302_task-s6	846	6	53	sub-010	ses-102	task-s6	1;2;3	6;6;6
6	7	6	7	3	3	trialwise	1101;2772;4619	1101;2772;4619	7;18;29	150;53;132	sub-010_ses-102_task-s7;sub-010_ses-202_task-s7;sub-010_ses-302_task-s7	1101	7	150	sub-010	ses-102	task-s7	1;2;3	7;7;7
7	8	7	8	3	3	trialwise	1125;3026;4681	1125;3026;4681	8;19;30	16;149;36	sub-010_ses-102_task-s8;sub-010_ses-202_task-s8;sub-010_ses-302_task-s8	1125	8	16	sub-010	ses-102	task-s8	1;2;3	8;8;8
8	9	8	9	3	3	trialwise	1023;2766;4632	1023;2766;4632	7;18;29	72;47;145	sub-010_ses-102_task-s7;sub-010_ses-202_task-s7;sub-010_ses-302_task-s7	1023	7	72	sub-010	ses-102	task-s7	1;2;3	7;7;7
9	10	9	10	3	3	trialwise	1012;2751;4515	1012;2751;4515	7;18;29	61;32;28	sub-010_ses-102_task-s7;sub-010_ses-202_task-s7;sub-010_ses-302_task-s7	1012	7	61	sub-010	ses-102	task-s7	1;2;3	7;7;7
10	11	10	11	3	3	trialwise	120;1907;3675	120;1907;3675	1;12;23	121;140;140	sub-010_ses-101_task-s1;sub-010_ses-201_task-s1;sub-010_ses-301_task-s1	120	1	121	sub-010	ses-101	task-s1	1;2;3	1;1;1
11	12	11	12	3	3	trialwise	88;1786;3554	88;1786;3554	1;12;23	89;19;19	sub-010_ses-101_task-s1;sub-010_ses-201_task-s1;sub-010_ses-301_task-s1	88	1	89	sub-010	ses-101	task-s1	1;2;3	1;1;1
12	13	12	13	3	3	trialwise	849;2603;4381	849;2603;4381	6;17;28	56;42;52	sub-010_ses-102_task-s6;sub-010_ses-202_task-s6;sub-010_ses-302_task-s6	849	6	56	sub-010	ses-102	task-s6	1;2;3	6;6;6
13	14	13	14	3	3	trialwise	434;2217;3952	434;2217;3952	3;14;25	117;132;99	sub-010_ses-101_task-s3;sub-010_ses-201_task-s3;sub-010_ses-301_task-s3	434	3	117	sub-010	ses-101	task-s3	1;2;3	3;3;3
14	15	14	15	3	3	trialwise	1126;2895;4662	1126;2895;4662	8;19;30	17;18;17	sub-010_ses-102_task-s8;sub-010_ses-202_task-s8;sub-010_ses-302_task-s8	1126	8	17	sub-010	ses-102	task-s8	1;2;3	8;8;8
15	16	15	16	3	3	trialwise	718;2558;4315	718;2558;4315	5;16;27	83;155;144	sub-010_ses-102_task-s5;sub-010_ses-202_task-s5;sub-010_ses-302_task-s5	718	5	83	sub-010	ses-102	task-s5	1;2;3	5;5;5
16	17	16	17	3	3	trialwise	460;2107;3936	460;2107;3936	3;14;25	143;22;83	sub-010_ses-101_task-s3;sub-010_ses-201_task-s3;sub-010_ses-301_task-s3	460	3	143	sub-010	ses-101	task-s3	1;2;3	3;3;3
17	18	17	18	3	3	trialwise	1145;3007;4671	1145;3007;4671	8;19;30	36;130;26	sub-010_ses-102_task-s8;sub-010_ses-202_task-s8;sub-010_ses-302_task-s8	1145	8	36	sub-010	ses-102	task-s8	1;2;3	8;8;8
18	19	18	19	3	3	trialwise	949;2589;4436	949;2589;4436	6;17;28	156;28;107	sub-010_ses-102_task-s6;sub-010_ses-202_task-s6;sub-010_ses-302_task-s6	949	6	156	sub-010	ses-102	task-s6	1;2;3	6;6;6
19	20	19	20	3	3	trialwise	848;2615;4393	848;2615;4393	6;17;28	55;54;64	sub-010_ses-102_task-s6;sub-010_ses-202_task-s6;sub-010_ses-302_task-s6	848	6	55	sub-010	ses-102	task-s6	1;2;3	6;6;6
20	21	20	21	3	3	trialwise	382;2114;3894	382;2114;3894	3;14;25	65;29;41	sub-010_ses-101_task-s3;sub-010_ses-201_task-s3;sub-010_ses-301_task-s3	382	3	65	sub-010	ses-101	task-s3	1;2;3	3;3;3
21	22	21	22	3	3	trialwise	682;2436;4325	682;2436;4325	5;16;27	47;33;154	sub-010_ses-102_task-s5;sub-010_ses-202_task-s5;sub-010_ses-302_task-s5	682	5	47	sub-010	ses-102	task-s5	1;2;3	5;5;5
22	23	22	23	3	3	trialwise	704;2546;4201	704;2546;4201	5;16;27	69;143;30	sub-010_ses-102_task-s5;sub-010_ses-202_task-s5;sub-010_ses-302_task-s5	704	5	69	sub-010	ses-102	task-s5	1;2;3	5;5;5
23	24	23	24	3	3	trialwise	254;1934;3750	254;1934;3750	2;13;24	96;8;56	sub-010_ses-101_task-s2;sub-010_ses-201_task-s2;sub-010_ses-301_task-s2	254	2	96	sub-010	ses-101	task-s2	1;2;3	2;2;2
24	25	24	25	3	3	trialwise	79;1910;3678	79;1910;3678	1;12;23	80;143;143	sub-010_ses-101_task-s1;sub-010_ses-201_task-s1;sub-010_ses-301_task-s1	79	1	80	sub-010	ses-101	task-s1	1;2;3	1;1;1
25	26	25	26	3	3	trialwise	248;2024;3816	248;2024;3816	2;13;24	90;98;122	sub-010_ses-101_task-s2;sub-010_ses-201_task-s2;sub-010_ses-301_task-s2	248	2	90	sub-010	ses-101	task-s2	1;2;3	2;2;2
26	27	26	27	3	3	trialwise	1061;2754;4630	1061;2754;4630	7;18;29	110;35;143	sub-010_ses-102_task-s7;sub-010_ses-202_task-s7;sub-010_ses-302_task-s7	1061	7	110	sub-010	ses-102	task-s7	1;2;3	7;7;7
27	28	27	28	3	3	trialwise	393;2192;3940	393;2192;3940	3;14;25	76;107;87	sub-010_ses-101_task-s3;sub-010_ses-201_task-s3;sub-010_ses-301_task-s3	393	3	76	sub-010	ses-101	task-s3	1;2;3	3;3;3
28	29	28	29	3	3	trialwise	483;2265;4136	483;2265;4136	4;15;26	7;21;124	sub-010_ses-102_task-s4;sub-010_ses-201_task-s4;sub-010_ses-301_task-s4	483	4	7	sub-010	ses-102	task-s4	1;2;3	4;4;4
29	30	29	30	3	3	trialwise	743;2553;4243	743;2553;4243	5;16;27	108;150;72	sub-010_ses-102_task-s5;sub-010_ses-202_task-s5;sub-010_ses-302_task-s5	743	5	108	sub-010	ses-102	task-s5	1;2;3	5;5;5
30	31	30	31	3	3	trialwise	223;2028;3756	223;2028;3756	2;13;24	65;102;62	sub-010_ses-101_task-s2;sub-010_ses-201_task-s2;sub-010_ses-301_task-s2	223	2	65	sub-010	ses-101	task-s2	1;2;3	2;2;2
31	32	31	32	3	3	trialwise	1096;2775;4527	1096;2775;4527	7;18;29	145;56;40	sub-010_ses-102_task-s7;sub-010_ses-202_task-s7;sub-010_ses-302_task-s7	1096	7	145	sub-010	ses-102	task-s7	1;2;3	7;7;7
32	33	32	33	3	3	trialwise	1072;2875;4605	1072;2875;4605	7;18;29	121;156;118	sub-010_ses-102_task-s7;sub-010_ses-202_task-s7;sub-010_ses-302_task-s7	1072	7	121	sub-010	ses-102	task-s7	1;2;3	7;7;7
33	34	33	34	3	3	trialwise	1019;2845;4492	1019;2845;4492	7;18;29	68;126;5	sub-010_ses-102_task-s7;sub-010_ses-202_task-s7;sub-010_ses-302_task-s7	1019	7	68	sub-010	ses-102	task-s7	1;2;3	7;7;7
34	35	34	35	3	3	trialwise	781;2507;4234	781;2507;4234	5;16;27	146;104;63	sub-010_ses-102_task-s5;sub-010_ses-202_task-s5;sub-010_ses-302_task-s5	781	5	146	sub-010	ses-102	task-s5	1;2;3	5;5;5
35	36	35	36	3	3	trialwise	575;2385;4169	575;2385;4169	4;15;26	99;141;157	sub-010_ses-102_task-s4;sub-010_ses-201_task-s4;sub-010_ses-301_task-s4	575	4	99	sub-010	ses-102	task-s4	1;2;3	4;4;4
36	37	36	37	3	3	trialwise	310;2013;3699	310;2013;3699	2;13;24	152;87;5	sub-010_ses-101_task-s2;sub-010_ses-201_task-s2;sub-010_ses-301_task-s2	310	2	152	sub-010	ses-101	task-s2	1;2;3	2;2;2
37	38	37	38	3	3	trialwise	1238;2945;4661	1238;2945;4661	8;19;30	129;68;16	sub-010_ses-102_task-s8;sub-010_ses-202_task-s8;sub-010_ses-302_task-s8	1238	8	129	sub-010	ses-102	task-s8	1;2;3	8;8;8
38	39	38	39	3	3	trialwise	863;2619;4431	863;2619;4431	6;17;28	70;58;102	sub-010_ses-102_task-s6;sub-010_ses-202_task-s6;sub-010_ses-302_task-s6	863	6	70	sub-010	ses-102	task-s6	1;2;3	6;6;6
39	40	39	40	3	3	trialwise	1186;2884;4751	1186;2884;4751	8;19;30	77;7;106	sub-010_ses-102_task-s8;sub-010_ses-202_task-s8;sub-010_ses-302_task-s8	1186	8	77	sub-010	ses-102	task-s8	1;2;3	8;8;8
40	41	40	41	3	3	trialwise	1222;2987;4789	1222;2987;4789	8;19;30	113;110;144	sub-010_ses-102_task-s8;sub-010_ses-202_task-s8;sub-010_ses-302_task-s8	1222	8	113	sub-010	ses-102	task-s8	1;2;3	8;8;8
41	42	41	42	3	3	trialwise	429;2168;3974	429;2168;3974	3;14;25	112;83;121	sub-010_ses-101_task-s3;sub-010_ses-201_task-s3;sub-010_ses-301_task-s3	429	3	112	sub-010	ses-101	task-s3	1;2;3	3;3;3
42	43	42	43	3	3	trialwise	49;1865;3633	49;1865;3633	1;12;23	50;98;98	sub-010_ses-101_task-s1;sub-010_ses-201_task-s1;sub-010_ses-301_task-s1	49	1	50	sub-010	ses-101	task-s1	1;2;3	1;1;1
43	44	43	44	3	3	trialwise	292;1985;3792	292;1985;3792	2;13;24	134;59;98	sub-010_ses-101_task-s2;sub-010_ses-201_task-s2;sub-010_ses-301_task-s2	292	2	134	sub-010	ses-101	task-s2	1;2;3	2;2;2
44	45	44	45	3	3	trialwise	356;2215;3963	356;2215;3963	3;14;25	39;130;110	sub-010_ses-101_task-s3;sub-010_ses-201_task-s3;sub-010_ses-301_task-s3	356	3	39	sub-010	ses-101	task-s3	1;2;3	3;3;3
45	46	45	46	3	3	trialwise	173;1953;3836	173;1953;3836	2;13;24	15;27;142	sub-010_ses-101_task-s2;sub-010_ses-201_task-s2;sub-010_ses-301_task-s2	173	2	15	sub-010	ses-101	task-s2	1;2;3	2;2;2
46	47	46	47	3	3	trialwise	1266;2942;4795	1266;2942;4795	8;19;30	157;65;150	sub-010_ses-102_task-s8;sub-010_ses-202_task-s8;sub-010_ses-302_task-s8	1266	8	157	sub-010	ses-102	task-s8	1;2;3	8;8;8
47	48	47	48	3	3	trialwise	125;1782;3550	125;1782;3550	1;12;23	126;15;15	sub-010_ses-101_task-s1;sub-010_ses-201_task-s1;sub-010_ses-301_task-s1	125	1	126	sub-010	ses-101	task-s1	1;2;3	1;1;1
48	49	48	49	3	3	trialwise	70;1818;3586	70;1818;3586	1;12;23	71;51;51	sub-010_ses-101_task-s1;sub-010_ses-201_task-s1;sub-010_ses-301_task-s1	70	1	71	sub-010	ses-101	task-s1	1;2;3	1;1;1
49	50	49	50	3	3	trialwise	304;1929;3838	304;1929;3838	2;13;24	146;3;144	sub-010_ses-101_task-s2;sub-010_ses-201_task-s2;sub-010_ses-301_task-s2	304	2	146	sub-010	ses-101	task-s2	1;2;3	2;2;2
50	51	50	51	3	3	trialwise	457;2093;3968	457;2093;3968	3;14;25	140;8;115	sub-010_ses-101_task-s3;sub-010_ses-201_task-s3;sub-010_ses-301_task-s3	457	3	140	sub-010	ses-101	task-s3	1;2;3	3;3;3
51	52	51	52	3	3	trialwise	374;2143;3860	374;2143;3860	3;14;25	57;58;7	sub-010_ses-101_task-s3;sub-010_ses-201_task-s3;sub-010_ses-301_task-s3	374	3	57	sub-010	ses-101	task-s3	1;2;3	3;3;3
52	53	52	53	3	3	trialwise	830;2666;4416	830;2666;4416	6;17;28	37;105;87	sub-010_ses-102_task-s6;sub-010_ses-202_task-s6;sub-010_ses-302_task-s6	830	6	37	sub-010	ses-102	task-s6	1;2;3	6;6;6
53	54	53	54	3	3	trialwise	1211;2929;4728	1211;2929;4728	8;19;30	102;52;83	sub-010_ses-102_task-s8;sub-010_ses-202_task-s8;sub-010_ses-302_task-s8	1211	8	102	sub-010	ses-102	task-s8	1;2;3	8;8;8
54	55	54	55	3	3	trialwise	1026;2805;4621	1026;2805;4621	7;18;29	75;86;134	sub-010_ses-102_task-s7;sub-010_ses-202_task-s7;sub-010_ses-302_task-s7	1026	7	75	sub-010	ses-102	task-s7	1;2;3	7;7;7
55	56	55	56	3	3	trialwise	763;2439;4204	763;2439;4204	5;16;27	128;36;33	sub-010_ses-102_task-s5;sub-010_ses-202_task-s5;sub-010_ses-302_task-s5	763	5	128	sub-010	ses-102	task-s5	1;2;3	5;5;5
56	57	56	57	3	3	trialwise	654;2536;4184	654;2536;4184	5;16;27	19;133;13	sub-010_ses-102_task-s5;sub-010_ses-202_task-s5;sub-010_ses-302_task-s5	654	5	19	sub-010	ses-102	task-s5	1;2;3	5;5;5
57	58	57	58	3	3	trialwise	944;2645;4334	944;2645;4334	6;17;28	151;84;5	sub-010_ses-102_task-s6;sub-010_ses-202_task-s6;sub-010_ses-302_task-s6	944	6	151	sub-010	ses-102	task-s6	1;2;3	6;6;6
58	59	58	59	3	3	trialwise	971;2877;4519	971;2877;4519	7;18;29	20;158;32	sub-010_ses-102_task-s7;sub-010_ses-202_task-s7;sub-010_ses-302_task-s7	971	7	20	sub-010	ses-102	task-s7	1;2;3	7;7;7
59	60	59	60	3	3	trialwise	1040;2846;4638	1040;2846;4638	7;18;29	89;127;151	sub-010_ses-102_task-s7;sub-010_ses-202_task-s7;sub-010_ses-302_task-s7	1040	7	89	sub-010	ses-102	task-s7	1;2;3	7;7;7
60	61	60	61	3	3	trialwise	114;1853;3621	114;1853;3621	1;12;23	115;86;86	sub-010_ses-101_task-s1;sub-010_ses-201_task-s1;sub-010_ses-301_task-s1	114	1	115	sub-010	ses-101	task-s1	1;2;3	1;1;1
61	62	61	62	3	3	trialwise	1099;2811;4576	1099;2811;4576	7;18;29	148;92;89	sub-010_ses-102_task-s7;sub-010_ses-202_task-s7;sub-010_ses-302_task-s7	1099	7	148	sub-010	ses-102	task-s7	1;2;3	7;7;7
62	63	62	63	3	3	trialwise	403;2233;3935	403;2233;3935	3;14;25	86;148;82	sub-010_ses-101_task-s3;sub-010_ses-201_task-s3;sub-010_ses-301_task-s3	403	3	86	sub-010	ses-101	task-s3	1;2;3	3;3;3
63	64	63	64	3	3	trialwise	558;2395;4055	558;2395;4055	4;15;26	82;151;43	sub-010_ses-102_task-s4;sub-010_ses-201_task-s4;sub-010_ses-301_task-s4	558	4	82	sub-010	ses-102	task-s4	1;2;3	4;4;4
64	65	64	65	3	3	trialwise	768;2459;4307	768;2459;4307	5;16;27	133;56;136	sub-010_ses-102_task-s5;sub-010_ses-202_task-s5;sub-010_ses-302_task-s5	768	5	133	sub-010	ses-102	task-s5	1;2;3	5;5;5
65	66	65	66	3	3	trialwise	1263;2896;4679	1263;2896;4679	8;19;30	154;19;34	sub-010_ses-102_task-s8;sub-010_ses-202_task-s8;sub-010_ses-302_task-s8	1263	8	154	sub-010	ses-102	task-s8	1;2;3	8;8;8
66	67	66	67	3	3	trialwise	492;2289;4154	492;2289;4154	4;15;26	16;45;142	sub-010_ses-102_task-s4;sub-010_ses-201_task-s4;sub-010_ses-301_task-s4	492	4	16	sub-010	ses-102	task-s4	1;2;3	4;4;4
67	68	67	68	3	3	trialwise	880;2709;4399	880;2709;4399	6;17;28	87;148;70	sub-010_ses-102_task-s6;sub-010_ses-202_task-s6;sub-010_ses-302_task-s6	880	6	87	sub-010	ses-102	task-s6	1;2;3	6;6;6
68	69	68	69	3	3	trialwise	617;2324;4129	617;2324;4129	4;15;26	141;80;117	sub-010_ses-102_task-s4;sub-010_ses-201_task-s4;sub-010_ses-301_task-s4	617	4	141	sub-010	ses-102	task-s4	1;2;3	4;4;4
69	70	69	70	3	3	trialwise	734;2506;4238	734;2506;4238	5;16;27	99;103;67	sub-010_ses-102_task-s5;sub-010_ses-202_task-s5;sub-010_ses-302_task-s5	734	5	99	sub-010	ses-102	task-s5	1;2;3	5;5;5
70	71	70	71	3	3	trialwise	834;2634;4359	834;2634;4359	6;17;28	41;73;30	sub-010_ses-102_task-s6;sub-010_ses-202_task-s6;sub-010_ses-302_task-s6	834	6	41	sub-010	ses-102	task-s6	1;2;3	6;6;6
71	72	71	72	3	3	trialwise	309;2006;3813	309;2006;3813	2;13;24	151;80;119	sub-010_ses-101_task-s2;sub-010_ses-201_task-s2;sub-010_ses-301_task-s2	309	2	151	sub-010	ses-101	task-s2	1;2;3	2;2;2
72	73	72	73	3	3	trialwise	696;2435;4244	696;2435;4244	5;16;27	61;32;73	sub-010_ses-102_task-s5;sub-010_ses-202_task-s5;sub-010_ses-302_task-s5	696	5	61	sub-010	ses-102	task-s5	1;2;3	5;5;5
73	74	73	74	3	3	trialwise	221;2039;3743	221;2039;3743	2;13;24	63;113;49	sub-010_ses-101_task-s2;sub-010_ses-201_task-s2;sub-010_ses-301_task-s2	221	2	63	sub-010	ses-101	task-s2	1;2;3	2;2;2
74	75	74	75	3	3	trialwise	379;2139;3941	379;2139;3941	3;14;25	62;54;88	sub-010_ses-101_task-s3;sub-010_ses-201_task-s3;sub-010_ses-301_task-s3	379	3	62	sub-010	ses-101	task-s3	1;2;3	3;3;3
75	76	75	76	3	3	trialwise	127;1919;3687	127;1919;3687	1;12;23	128;152;152	sub-010_ses-101_task-s1;sub-010_ses-201_task-s1;sub-010_ses-301_task-s1	127	1	128	sub-010	ses-101	task-s1	1;2;3	1;1;1
76	77	76	77	3	3	trialwise	660;2470;4275	660;2470;4275	5;16;27	25;67;104	sub-010_ses-102_task-s5;sub-010_ses-202_task-s5;sub-010_ses-302_task-s5	660	5	25	sub-010	ses-102	task-s5	1;2;3	5;5;5
77	78	77	78	3	3	trialwise	475;2160;3909	475;2160;3909	3;14;25	158;75;56	sub-010_ses-101_task-s3;sub-010_ses-201_task-s3;sub-010_ses-301_task-s3	475	3	158	sub-010	ses-101	task-s3	1;2;3	3;3;3
78	79	78	79	3	3	trialwise	91;1924;3692	91;1924;3692	1;12;23	92;157;157	sub-010_ses-101_task-s1;sub-010_ses-201_task-s1;sub-010_ses-301_task-s1	91	1	92	sub-010	ses-101	task-s1	1;2;3	1;1;1
79	80	79	80	3	3	trialwise	201;1944;3720	201;1944;3720	2;13;24	43;18;26	sub-010_ses-101_task-s2;sub-010_ses-201_task-s2;sub-010_ses-301_task-s2	201	2	43	sub-010	ses-101	task-s2	1;2;3	2;2;2
80	81	80	81	3	3	trialwise	1160;2878;4767	1160;2878;4767	8;19;30	51;1;122	sub-010_ses-102_task-s8;sub-010_ses-202_task-s8;sub-010_ses-302_task-s8	1160	8	51	sub-010	ses-102	task-s8	1;2;3	8;8;8
81	82	81	82	3	3	trialwise	651;2420;4191	651;2420;4191	5;16;27	16;17;20	sub-010_ses-102_task-s5;sub-010_ses-202_task-s5;sub-010_ses-302_task-s5	651	5	16	sub-010	ses-102	task-s5	1;2;3	5;5;5
82	83	82	83	3	3	trialwise	1166;2957;4700	1166;2957;4700	8;19;30	57;80;55	sub-010_ses-102_task-s8;sub-010_ses-202_task-s8;sub-010_ses-302_task-s8	1166	8	57	sub-010	ses-102	task-s8	1;2;3	8;8;8
83	84	83	84	3	3	trialwise	986;2788;4518	986;2788;4518	7;18;29	35;69;31	sub-010_ses-102_task-s7;sub-010_ses-202_task-s7;sub-010_ses-302_task-s7	986	7	35	sub-010	ses-102	task-s7	1;2;3	7;7;7
84	85	84	85	3	3	trialwise	427;2190;3890	427;2190;3890	3;14;25	110;105;37	sub-010_ses-101_task-s3;sub-010_ses-201_task-s3;sub-010_ses-301_task-s3	427	3	110	sub-010	ses-101	task-s3	1;2;3	3;3;3
85	86	85	86	3	3	trialwise	23;1795;3563	23;1795;3563	1;12;23	24;28;28	sub-010_ses-101_task-s1;sub-010_ses-201_task-s1;sub-010_ses-301_task-s1	23	1	24	sub-010	ses-101	task-s1	1;2;3	1;1;1
86	87	86	87	3	3	trialwise	855;2673;4351	855;2673;4351	6;17;28	62;112;22	sub-010_ses-102_task-s6;sub-010_ses-202_task-s6;sub-010_ses-302_task-s6	855	6	62	sub-010	ses-102	task-s6	1;2;3	6;6;6
87	88	87	88	3	3	trialwise	681;2550;4229	681;2550;4229	5;16;27	46;147;58	sub-010_ses-102_task-s5;sub-010_ses-202_task-s5;sub-010_ses-302_task-s5	681	5	46	sub-010	ses-102	task-s5	1;2;3	5;5;5
88	89	88	89	3	3	trialwise	1093;2739;4582	1093;2739;4582	7;18;29	142;20;95	sub-010_ses-102_task-s7;sub-010_ses-202_task-s7;sub-010_ses-302_task-s7	1093	7	142	sub-010	ses-102	task-s7	1;2;3	7;7;7
89	90	89	90	3	3	trialwise	1111;3031;4736	1111;3031;4736	8;19;30	2;154;91	sub-010_ses-102_task-s8;sub-010_ses-202_task-s8;sub-010_ses-302_task-s8	1111	8	2	sub-010	ses-102	task-s8	1;2;3	8;8;8
90	91	90	91	3	3	trialwise	932;2587;4440	932;2587;4440	6;17;28	139;26;111	sub-010_ses-102_task-s6;sub-010_ses-202_task-s6;sub-010_ses-302_task-s6	932	6	139	sub-010	ses-102	task-s6	1;2;3	6;6;6
91	92	91	92	3	3	trialwise	924;2667;4362	924;2667;4362	6;17;28	131;106;33	sub-010_ses-102_task-s6;sub-010_ses-202_task-s6;sub-010_ses-302_task-s6	924	6	131	sub-010	ses-102	task-s6	1;2;3	6;6;6
92	93	92	93	3	3	trialwise	402;2162;3895	402;2162;3895	3;14;25	85;77;42	sub-010_ses-101_task-s3;sub-010_ses-201_task-s3;sub-010_ses-301_task-s3	402	3	85	sub-010	ses-101	task-s3	1;2;3	3;3;3
93	94	93	94	3	3	trialwise	8;1925;3693	8;1925;3693	1;12;23	9;158;158	sub-010_ses-101_task-s1;sub-010_ses-201_task-s1;sub-010_ses-301_task-s1	8	1	9	sub-010	ses-101	task-s1	1;2;3	1;1;1
94	95	94	95	3	3	trialwise	272;2072;3840	272;2072;3840	2;13;24	114;146;146	sub-010_ses-101_task-s2;sub-010_ses-201_task-s2;sub-010_ses-301_task-s2	272	2	114	sub-010	ses-101	task-s2	1;2;3	2;2;2
95	96	95	96	3	3	trialwise	240;2002;3695	240;2002;3695	2;13;24	82;76;1	sub-010_ses-101_task-s2;sub-010_ses-201_task-s2;sub-010_ses-301_task-s2	240	2	82	sub-010	ses-101	task-s2	1;2;3	2;2;2
96	97	96	97	3	3	trialwise	735;2486;4224	735;2486;4224	5;16;27	100;83;53	sub-010_ses-102_task-s5;sub-010_ses-202_task-s5;sub-010_ses-302_task-s5	735	5	100	sub-010	ses-102	task-s5	1;2;3	5;5;5
97	98	97	98	3	3	trialwise	929;2606;4458	929;2606;4458	6;17;28	136;45;129	sub-010_ses-102_task-s6;sub-010_ses-202_task-s6;sub-010_ses-302_task-s6	929	6	136	sub-010	ses-102	task-s6	1;2;3	6;6;6
98	99	98	99	3	3	trialwise	788;2516;4225	788;2516;4225	5;16;27	153;113;54	sub-010_ses-102_task-s5;sub-010_ses-202_task-s5;sub-010_ses-302_task-s5	788	5	153	sub-010	ses-102	task-s5	1;2;3	5;5;5
99	100	99	100	3	3	trialwise	518;2369;4147	518;2369;4147	4;15;26	42;125;135	sub-010_ses-102_task-s4;sub-010_ses-201_task-s4;sub-010_ses-301_task-s4	518	4	42	sub-010	ses-102	task-s4	1;2;3	4;4;4
100	101	100	101	3	3	trialwise	608;2344;4041	608;2344;4041	4;15;26	132;100;29	sub-010_ses-102_task-s4;sub-010_ses-201_task-s4;sub-010_ses-301_task-s4	608	4	132	sub-010	ses-102	task-s4	1;2;3	4;4;4
101	102	101	102	3	3	trialwise	514;2300;4086	514;2300;4086	4;15;26	38;56;74	sub-010_ses-102_task-s4;sub-010_ses-201_task-s4;sub-010_ses-301_task-s4	514	4	38	sub-010	ses-102	task-s4	1;2;3	4;4;4
102	103	102	103	3	3	trialwise	325;2173;3867	325;2173;3867	3;14;25	8;88;14	sub-010_ses-101_task-s3;sub-010_ses-201_task-s3;sub-010_ses-301_task-s3	325	3	8	sub-010	ses-101	task-s3	1;2;3	3;3;3
103	104	103	104	3	3	trialwise	663;2512;4322	663;2512;4322	5;16;27	28;109;151	sub-010_ses-102_task-s5;sub-010_ses-202_task-s5;sub-010_ses-302_task-s5	663	5	28	sub-010	ses-102	task-s5	1;2;3	5;5;5
104	105	104	105	3	3	trialwise	398;2121;3857	398;2121;3857	3;14;25	81;36;4	sub-010_ses-101_task-s3;sub-010_ses-201_task-s3;sub-010_ses-301_task-s3	398	3	81	sub-010	ses-101	task-s3	1;2;3	3;3;3
105	106	105	106	3	3	trialwise	694;2456;4263	694;2456;4263	5;16;27	59;53;92	sub-010_ses-102_task-s5;sub-010_ses-202_task-s5;sub-010_ses-302_task-s5	694	5	59	sub-010	ses-102	task-s5	1;2;3	5;5;5
106	107	106	107	3	3	trialwise	943;2670;4426	943;2670;4426	6;17;28	150;109;97	sub-010_ses-102_task-s6;sub-010_ses-202_task-s6;sub-010_ses-302_task-s6	943	6	150	sub-010	ses-102	task-s6	1;2;3	6;6;6
107	108	107	108	3	3	trialwise	266;1941;3712	266;1941;3712	2;13;24	108;15;18	sub-010_ses-101_task-s2;sub-010_ses-201_task-s2;sub-010_ses-301_task-s2	266	2	108	sub-010	ses-101	task-s2	1;2;3	2;2;2
108	109	108	109	3	3	trialwise	1002;2756;4633	1002;2756;4633	7;18;29	51;37;146	sub-010_ses-102_task-s7;sub-010_ses-202_task-s7;sub-010_ses-302_task-s7	1002	7	51	sub-010	ses-102	task-s7	1;2;3	7;7;7
109	110	109	110	3	3	trialwise	300;2040;3837	300;2040;3837	2;13;24	142;114;143	sub-010_ses-101_task-s2;sub-010_ses-201_task-s2;sub-010_ses-301_task-s2	300	2	142	sub-010	ses-101	task-s2	1;2;3	2;2;2
110	111	110	111	3	3	trialwise	959;2725;4534	959;2725;4534	7;18;29	8;6;47	sub-010_ses-102_task-s7;sub-010_ses-202_task-s7;sub-010_ses-302_task-s7	959	7	8	sub-010	ses-102	task-s7	1;2;3	7;7;7
111	112	111	112	3	3	trialwise	1077;2863;4563	1077;2863;4563	7;18;29	126;144;76	sub-010_ses-102_task-s7;sub-010_ses-202_task-s7;sub-010_ses-302_task-s7	1077	7	126	sub-010	ses-102	task-s7	1;2;3	7;7;7
112	113	112	113	3	3	trialwise	915;2613;4469	915;2613;4469	6;17;28	122;52;140	sub-010_ses-102_task-s6;sub-010_ses-202_task-s6;sub-010_ses-302_task-s6	915	6	122	sub-010	ses-102	task-s6	1;2;3	6;6;6
113	114	113	114	3	3	trialwise	719;2515;4256	719;2515;4256	5;16;27	84;112;85	sub-010_ses-102_task-s5;sub-010_ses-202_task-s5;sub-010_ses-302_task-s5	719	5	84	sub-010	ses-102	task-s5	1;2;3	5;5;5
114	115	114	115	3	3	trialwise	1100;2838;4577	1100;2838;4577	7;18;29	149;119;90	sub-010_ses-102_task-s7;sub-010_ses-202_task-s7;sub-010_ses-302_task-s7	1100	7	149	sub-010	ses-102	task-s7	1;2;3	7;7;7
115	116	115	116	3	3	trialwise	908;2686;4420	908;2686;4420	6;17;28	115;125;91	sub-010_ses-102_task-s6;sub-010_ses-202_task-s6;sub-010_ses-302_task-s6	908	6	115	sub-010	ses-102	task-s6	1;2;3	6;6;6
116	117	116	117	3	3	trialwise	566;2331;4157	566;2331;4157	4;15;26	90;87;145	sub-010_ses-102_task-s4;sub-010_ses-201_task-s4;sub-010_ses-301_task-s4	566	4	90	sub-010	ses-102	task-s4	1;2;3	4;4;4
117	118	117	118	3	3	trialwise	635;2268;4064	635;2268;4064	4;15;26	159;24;52	sub-010_ses-102_task-s4;sub-010_ses-201_task-s4;sub-010_ses-301_task-s4	635	4	159	sub-010	ses-102	task-s4	1;2;3	4;4;4
118	119	118	119	3	3	trialwise	721;2427;4187	721;2427;4187	5;16;27	86;24;16	sub-010_ses-102_task-s5;sub-010_ses-202_task-s5;sub-010_ses-302_task-s5	721	5	86	sub-010	ses-102	task-s5	1;2;3	5;5;5
119	120	119	120	3	3	trialwise	731;2406;4291	731;2406;4291	5;16;27	96;3;120	sub-010_ses-102_task-s5;sub-010_ses-202_task-s5;sub-010_ses-302_task-s5	731	5	96	sub-010	ses-102	task-s5	1;2;3	5;5;5
120	121	120	121	3	3	trialwise	1237;3002;4744	1237;3002;4744	8;19;30	128;125;99	sub-010_ses-102_task-s8;sub-010_ses-202_task-s8;sub-010_ses-302_task-s8	1237	8	128	sub-010	ses-102	task-s8	1;2;3	8;8;8
121	122	121	122	3	3	trialwise	337;2231;3979	337;2231;3979	3;14;25	20;146;126	sub-010_ses-101_task-s3;sub-010_ses-201_task-s3;sub-010_ses-301_task-s3	337	3	20	sub-010	ses-101	task-s3	1;2;3	3;3;3
122	123	122	123	3	3	trialwise	98;1918;3686	98;1918;3686	1;12;23	99;151;151	sub-010_ses-101_task-s1;sub-010_ses-201_task-s1;sub-010_ses-301_task-s1	98	1	99	sub-010	ses-101	task-s1	1;2;3	1;1;1
123	124	123	124	3	3	trialwise	1070;2793;4589	1070;2793;4589	7;18;29	119;74;102	sub-010_ses-102_task-s7;sub-010_ses-202_task-s7;sub-010_ses-302_task-s7	1070	7	119	sub-010	ses-102	task-s7	1;2;3	7;7;7
124	125	124	125	3	3	trialwise	198;2057;3709	198;2057;3709	2;13;24	40;131;15	sub-010_ses-101_task-s2;sub-010_ses-201_task-s2;sub-010_ses-301_task-s2	198	2	40	sub-010	ses-101	task-s2	1;2;3	2;2;2
125	126	125	126	3	3	trialwise	738;2480;4327	738;2480;4327	5;16;27	103;77;156	sub-010_ses-102_task-s5;sub-010_ses-202_task-s5;sub-010_ses-302_task-s5	738	5	103	sub-010	ses-102	task-s5	1;2;3	5;5;5
126	127	126	127	3	3	trialwise	101;1843;3611	101;1843;3611	1;12;23	102;76;76	sub-010_ses-101_task-s1;sub-010_ses-201_task-s1;sub-010_ses-301_task-s1	101	1	102	sub-010	ses-101	task-s1	1;2;3	1;1;1
127	128	127	128	3	3	trialwise	85;1892;3660	85;1892;3660	1;12;23	86;125;125	sub-010_ses-101_task-s1;sub-010_ses-201_task-s1;sub-010_ses-301_task-s1	85	1	86	sub-010	ses-101	task-s1	1;2;3	1;1;1
128	129	128	129	3	3	trialwise	129;1790;3558	129;1790;3558	1;12;23	130;23;23	sub-010_ses-101_task-s1;sub-010_ses-201_task-s1;sub-010_ses-301_task-s1	129	1	130	sub-010	ses-101	task-s1	1;2;3	1;1;1
129	130	129	130	3	3	trialwise	879;2573;4409	879;2573;4409	6;17;28	86;12;80	sub-010_ses-102_task-s6;sub-010_ses-202_task-s6;sub-010_ses-302_task-s6	879	6	86	sub-010	ses-102	task-s6	1;2;3	6;6;6
130	131	130	131	3	3	trialwise	202;2061;3809	202;2061;3809	2;13;24	44;135;115	sub-010_ses-101_task-s2;sub-010_ses-201_task-s2;sub-010_ses-301_task-s2	202	2	44	sub-010	ses-101	task-s2	1;2;3	2;2;2
131	132	131	132	3	3	trialwise	942;2651;4368	942;2651;4368	6;17;28	149;90;39	sub-010_ses-102_task-s6;sub-010_ses-202_task-s6;sub-010_ses-302_task-s6	942	6	149	sub-010	ses-102	task-s6	1;2;3	6;6;6
132	133	132	133	3	3	trialwise	1204;3005;4758	1204;3005;4758	8;19;30	95;128;113	sub-010_ses-102_task-s8;sub-010_ses-202_task-s8;sub-010_ses-302_task-s8	1204	8	95	sub-010	ses-102	task-s8	1;2;3	8;8;8
133	134	133	134	3	3	trialwise	450;2097;3898	450;2097;3898	3;14;25	133;12;45	sub-010_ses-101_task-s3;sub-010_ses-201_task-s3;sub-010_ses-301_task-s3	450	3	133	sub-010	ses-101	task-s3	1;2;3	3;3;3
134	135	134	135	3	3	trialwise	814;2712;4441	814;2712;4441	6;17;28	21;151;112	sub-010_ses-102_task-s6;sub-010_ses-202_task-s6;sub-010_ses-302_task-s6	814	6	21	sub-010	ses-102	task-s6	1;2;3	6;6;6
135	136	135	136	3	3	trialwise	837;2636;4427	837;2636;4427	6;17;28	44;75;98	sub-010_ses-102_task-s6;sub-010_ses-202_task-s6;sub-010_ses-302_task-s6	837	6	44	sub-010	ses-102	task-s6	1;2;3	6;6;6
136	137	136	137	3	3	trialwise	1207;2996;4729	1207;2996;4729	8;19;30	98;119;84	sub-010_ses-102_task-s8;sub-010_ses-202_task-s8;sub-010_ses-302_task-s8	1207	8	98	sub-010	ses-102	task-s8	1;2;3	8;8;8
137	138	137	138	3	3	trialwise	81;1835;3603	81;1835;3603	1;12;23	82;68;68	sub-010_ses-101_task-s1;sub-010_ses-201_task-s1;sub-010_ses-301_task-s1	81	1	82	sub-010	ses-101	task-s1	1;2;3	1;1;1
138	139	138	139	3	3	trialwise	43;1911;3679	43;1911;3679	1;12;23	44;144;144	sub-010_ses-101_task-s1;sub-010_ses-201_task-s1;sub-010_ses-301_task-s1	43	1	44	sub-010	ses-101	task-s1	1;2;3	1;1;1
139	140	139	140	3	3	trialwise	883;2652;4433	883;2652;4433	6;17;28	90;91;104	sub-010_ses-102_task-s6;sub-010_ses-202_task-s6;sub-010_ses-302_task-s6	883	6	90	sub-010	ses-102	task-s6	1;2;3	6;6;6
140	141	140	141	3	3	trialwise	797;2674;4423	797;2674;4423	6;17;28	4;113;94	sub-010_ses-102_task-s6;sub-010_ses-202_task-s6;sub-010_ses-302_task-s6	797	6	4	sub-010	ses-102	task-s6	1;2;3	6;6;6
141	142	141	142	3	3	trialwise	1133;2965;4775	1133;2965;4775	8;19;30	24;88;130	sub-010_ses-102_task-s8;sub-010_ses-202_task-s8;sub-010_ses-302_task-s8	1133	8	24	sub-010	ses-102	task-s8	1;2;3	8;8;8
142	143	142	143	3	3	trialwise	1059;2833;4557	1059;2833;4557	7;18;29	108;114;70	sub-010_ses-102_task-s7;sub-010_ses-202_task-s7;sub-010_ses-302_task-s7	1059	7	108	sub-010	ses-102	task-s7	1;2;3	7;7;7
143	144	143	144	3	3	trialwise	230;2082;3823	230;2082;3823	2;13;24	72;156;129	sub-010_ses-101_task-s2;sub-010_ses-201_task-s2;sub-010_ses-301_task-s2	230	2	72	sub-010	ses-101	task-s2	1;2;3	2;2;2
144	145	144	145	3	3	trialwise	779;2460;4309	779;2460;4309	5;16;27	144;57;138	sub-010_ses-102_task-s5;sub-010_ses-202_task-s5;sub-010_ses-302_task-s5	779	5	144	sub-010	ses-102	task-s5	1;2;3	5;5;5
145	146	145	146	3	3	trialwise	772;2461;4285	772;2461;4285	5;16;27	137;58;114	sub-010_ses-102_task-s5;sub-010_ses-202_task-s5;sub-010_ses-302_task-s5	772	5	137	sub-010	ses-102	task-s5	1;2;3	5;5;5
146	147	146	147	3	3	trialwise	1140;2885;4648	1140;2885;4648	8;19;30	31;8;3	sub-010_ses-102_task-s8;sub-010_ses-202_task-s8;sub-010_ses-302_task-s8	1140	8	31	sub-010	ses-102	task-s8	1;2;3	8;8;8
147	148	147	148	3	3	trialwise	333;2239;3861	333;2239;3861	3;14;25	16;154;8	sub-010_ses-101_task-s3;sub-010_ses-201_task-s3;sub-010_ses-301_task-s3	333	3	16	sub-010	ses-101	task-s3	1;2;3	3;3;3
148	149	148	149	3	3	trialwise	387;2142;3886	387;2142;3886	3;14;25	70;57;33	sub-010_ses-101_task-s3;sub-010_ses-201_task-s3;sub-010_ses-301_task-s3	387	3	70	sub-010	ses-101	task-s3	1;2;3	3;3;3
149	150	149	150	3	3	trialwise	36;1888;3656	36;1888;3656	1;12;23	37;121;121	sub-010_ses-101_task-s1;sub-010_ses-201_task-s1;sub-010_ses-301_task-s1	36	1	37	sub-010	ses-101	task-s1	1;2;3	1;1;1
150	151	150	151	3	3	trialwise	529;2347;4070	529;2347;4070	4;15;26	53;103;58	sub-010_ses-102_task-s4;sub-010_ses-201_task-s4;sub-010_ses-301_task-s4	529	4	53	sub-010	ses-102	task-s4	1;2;3	4;4;4
151	152	151	152	3	3	trialwise	496;2251;4026	496;2251;4026	4;15;26	20;7;14	sub-010_ses-102_task-s4;sub-010_ses-201_task-s4;sub-010_ses-301_task-s4	496	4	20	sub-010	ses-102	task-s4	1;2;3	4;4;4
152	153	152	153	3	3	trialwise	205;1959;3848	205;1959;3848	2;13;24	47;33;154	sub-010_ses-101_task-s2;sub-010_ses-201_task-s2;sub-010_ses-301_task-s2	205	2	47	sub-010	ses-101	task-s2	1;2;3	2;2;2
153	154	153	154	3	3	trialwise	206;1967;3776	206;1967;3776	2;13;24	48;41;82	sub-010_ses-101_task-s2;sub-010_ses-201_task-s2;sub-010_ses-301_task-s2	206	2	48	sub-010	ses-101	task-s2	1;2;3	2;2;2
154	155	154	155	3	3	trialwise	527;2333;4141	527;2333;4141	4;15;26	51;89;129	sub-010_ses-102_task-s4;sub-010_ses-201_task-s4;sub-010_ses-301_task-s4	527	4	51	sub-010	ses-102	task-s4	1;2;3	4;4;4
155	156	155	156	3	3	trialwise	151;1921;3689	151;1921;3689	1;12;23	152;154;154	sub-010_ses-101_task-s1;sub-010_ses-201_task-s1;sub-010_ses-301_task-s1	151	1	152	sub-010	ses-101	task-s1	1;2;3	1;1;1
156	157	156	157	3	3	trialwise	395;2201;3872	395;2201;3872	3;14;25	78;116;19	sub-010_ses-101_task-s3;sub-010_ses-201_task-s3;sub-010_ses-301_task-s3	395	3	78	sub-010	ses-101	task-s3	1;2;3	3;3;3
157	158	157	158	3	3	trialwise	308;2053;3793	308;2053;3793	2;13;24	150;127;99	sub-010_ses-101_task-s2;sub-010_ses-201_task-s2;sub-010_ses-301_task-s2	308	2	150	sub-010	ses-101	task-s2	1;2;3	2;2;2
158	159	158	159	3	3	trialwise	1168;2923;4802	1168;2923;4802	8;19;30	59;46;157	sub-010_ses-102_task-s8;sub-010_ses-202_task-s8;sub-010_ses-302_task-s8	1168	8	59	sub-010	ses-102	task-s8	1;2;3	8;8;8
159	160	159	160	3	3	trialwise	813;2562;4361	813;2562;4361	6;17;28	20;1;32	sub-010_ses-102_task-s6;sub-010_ses-202_task-s6;sub-010_ses-302_task-s6	813	6	20	sub-010	ses-102	task-s6	1;2;3	6;6;6
160	161	160	161	3	3	trialwise	229;2014;3822	229;2014;3822	2;13;24	71;88;128	sub-010_ses-101_task-s2;sub-010_ses-201_task-s2;sub-010_ses-301_task-s2	229	2	71	sub-010	ses-101	task-s2	1;2;3	2;2;2
161	162	161	162	3	3	trialwise	647;2488;4239	647;2488;4239	5;16;27	12;85;68	sub-010_ses-102_task-s5;sub-010_ses-202_task-s5;sub-010_ses-302_task-s5	647	5	12	sub-010	ses-102	task-s5	1;2;3	5;5;5
162	163	162	163	3	3	trialwise	371;2136;3862	371;2136;3862	3;14;25	54;51;9	sub-010_ses-101_task-s3;sub-010_ses-201_task-s3;sub-010_ses-301_task-s3	371	3	54	sub-010	ses-101	task-s3	1;2;3	3;3;3
163	164	163	164	3	3	trialwise	1024;2727;4555	1024;2727;4555	7;18;29	73;8;68	sub-010_ses-102_task-s7;sub-010_ses-202_task-s7;sub-010_ses-302_task-s7	1024	7	73	sub-010	ses-102	task-s7	1;2;3	7;7;7
164	165	164	165	3	3	trialwise	284;2076;3783	284;2076;3783	2;13;24	126;150;89	sub-010_ses-101_task-s2;sub-010_ses-201_task-s2;sub-010_ses-301_task-s2	284	2	126	sub-010	ses-101	task-s2	1;2;3	2;2;2
165	166	165	166	3	3	trialwise	1029;2779;4541	1029;2779;4541	7;18;29	78;60;54	sub-010_ses-102_task-s7;sub-010_ses-202_task-s7;sub-010_ses-302_task-s7	1029	7	78	sub-010	ses-102	task-s7	1;2;3	7;7;7
166	167	166	167	3	3	trialwise	256;1958;3820	256;1958;3820	2;13;24	98;32;126	sub-010_ses-101_task-s2;sub-010_ses-201_task-s2;sub-010_ses-301_task-s2	256	2	98	sub-010	ses-101	task-s2	1;2;3	2;2;2
167	168	167	168	3	3	trialwise	99;1870;3638	99;1870;3638	1;12;23	100;103;103	sub-010_ses-101_task-s1;sub-010_ses-201_task-s1;sub-010_ses-301_task-s1	99	1	100	sub-010	ses-101	task-s1	1;2;3	1;1;1
168	169	168	169	3	3	trialwise	318;2175;3915	318;2175;3915	3;14;25	1;90;62	sub-010_ses-101_task-s3;sub-010_ses-201_task-s3;sub-010_ses-301_task-s3	318	3	1	sub-010	ses-101	task-s3	1;2;3	3;3;3
169	170	169	170	3	3	trialwise	307;2011;3706	307;2011;3706	2;13;24	149;85;12	sub-010_ses-101_task-s2;sub-010_ses-201_task-s2;sub-010_ses-301_task-s2	307	2	149	sub-010	ses-101	task-s2	1;2;3	2;2;2
170	171	170	171	3	3	trialwise	1054;2834;4585	1054;2834;4585	7;18;29	103;115;98	sub-010_ses-102_task-s7;sub-010_ses-202_task-s7;sub-010_ses-302_task-s7	1054	7	103	sub-010	ses-102	task-s7	1;2;3	7;7;7
171	172	171	172	3	3	trialwise	888;2713;4348	888;2713;4348	6;17;28	95;152;19	sub-010_ses-102_task-s6;sub-010_ses-202_task-s6;sub-010_ses-302_task-s6	888	6	95	sub-010	ses-102	task-s6	1;2;3	6;6;6
172	173	172	173	3	3	trialwise	471;2161;3875	471;2161;3875	3;14;25	154;76;22	sub-010_ses-101_task-s3;sub-010_ses-201_task-s3;sub-010_ses-301_task-s3	471	3	154	sub-010	ses-101	task-s3	1;2;3	3;3;3
173	174	173	174	3	3	trialwise	873;2585;4481	873;2585;4481	6;17;28	80;24;152	sub-010_ses-102_task-s6;sub-010_ses-202_task-s6;sub-010_ses-302_task-s6	873	6	80	sub-010	ses-102	task-s6	1;2;3	6;6;6
174	175	174	175	3	3	trialwise	417;2131;3876	417;2131;3876	3;14;25	100;46;23	sub-010_ses-101_task-s3;sub-010_ses-201_task-s3;sub-010_ses-301_task-s3	417	3	100	sub-010	ses-101	task-s3	1;2;3	3;3;3
175	176	175	176	3	3	trialwise	559;2270;4049	559;2270;4049	4;15;26	83;26;37	sub-010_ses-102_task-s4;sub-010_ses-201_task-s4;sub-010_ses-301_task-s4	559	4	83	sub-010	ses-102	task-s4	1;2;3	4;4;4
176	177	176	177	3	3	trialwise	540;2319;4145	540;2319;4145	4;15;26	64;75;133	sub-010_ses-102_task-s4;sub-010_ses-201_task-s4;sub-010_ses-301_task-s4	540	4	64	sub-010	ses-102	task-s4	1;2;3	4;4;4
177	178	177	178	3	3	trialwise	952;2748;4587	952;2748;4587	7;18;29	1;29;100	sub-010_ses-102_task-s7;sub-010_ses-202_task-s7;sub-010_ses-302_task-s7	952	7	1	sub-010	ses-102	task-s7	1;2;3	7;7;7
178	179	178	179	3	3	trialwise	1086;2856;4641	1086;2856;4641	7;18;29	135;137;154	sub-010_ses-102_task-s7;sub-010_ses-202_task-s7;sub-010_ses-302_task-s7	1086	7	135	sub-010	ses-102	task-s7	1;2;3	7;7;7
179	180	179	180	3	3	trialwise	161;1962;3777	161;1962;3777	2;13;24	3;36;83	sub-010_ses-101_task-s2;sub-010_ses-201_task-s2;sub-010_ses-301_task-s2	161	2	3	sub-010	ses-101	task-s2	1;2;3	2;2;2
180	181	180	181	3	3	trialwise	644;2479;4281	644;2479;4281	5;16;27	9;76;110	sub-010_ses-102_task-s5;sub-010_ses-202_task-s5;sub-010_ses-302_task-s5	644	5	9	sub-010	ses-102	task-s5	1;2;3	5;5;5
181	182	181	182	3	3	trialwise	1252;2934;4675	1252;2934;4675	8;19;30	143;57;30	sub-010_ses-102_task-s8;sub-010_ses-202_task-s8;sub-010_ses-302_task-s8	1252	8	143	sub-010	ses-102	task-s8	1;2;3	8;8;8
182	183	182	183	3	3	trialwise	1053;2752;4614	1053;2752;4614	7;18;29	102;33;127	sub-010_ses-102_task-s7;sub-010_ses-202_task-s7;sub-010_ses-302_task-s7	1053	7	102	sub-010	ses-102	task-s7	1;2;3	7;7;7
183	184	183	184	3	3	trialwise	826;2706;4425	826;2706;4425	6;17;28	33;145;96	sub-010_ses-102_task-s6;sub-010_ses-202_task-s6;sub-010_ses-302_task-s6	826	6	33	sub-010	ses-102	task-s6	1;2;3	6;6;6
184	185	184	185	3	3	trialwise	196;2078;3752	196;2078;3752	2;13;24	38;152;58	sub-010_ses-101_task-s2;sub-010_ses-201_task-s2;sub-010_ses-301_task-s2	196	2	38	sub-010	ses-101	task-s2	1;2;3	2;2;2
185	186	185	186	3	3	trialwise	397;2170;3914	397;2170;3914	3;14;25	80;85;61	sub-010_ses-101_task-s3;sub-010_ses-201_task-s3;sub-010_ses-301_task-s3	397	3	80	sub-010	ses-101	task-s3	1;2;3	3;3;3
186	187	186	187	3	3	trialwise	500;2338;4090	500;2338;4090	4;15;26	24;94;78	sub-010_ses-102_task-s4;sub-010_ses-201_task-s4;sub-010_ses-301_task-s4	500	4	24	sub-010	ses-102	task-s4	1;2;3	4;4;4
187	188	187	188	3	3	trialwise	639;2518;4261	639;2518;4261	5;16;27	4;115;90	sub-010_ses-102_task-s5;sub-010_ses-202_task-s5;sub-010_ses-302_task-s5	639	5	4	sub-010	ses-102	task-s5	1;2;3	5;5;5
188	189	188	189	3	3	trialwise	823;2641;4429	823;2641;4429	6;17;28	30;80;100	sub-010_ses-102_task-s6;sub-010_ses-202_task-s6;sub-010_ses-302_task-s6	823	6	30	sub-010	ses-102	task-s6	1;2;3	6;6;6
189	190	189	190	3	3	trialwise	64;1772;3540	64;1772;3540	1;12;23	65;5;5	sub-010_ses-101_task-s1;sub-010_ses-201_task-s1;sub-010_ses-301_task-s1	64	1	65	sub-010	ses-101	task-s1	1;2;3	1;1;1
190	191	190	191	3	3	trialwise	104;1900;3668	104;1900;3668	1;12;23	105;133;133	sub-010_ses-101_task-s1;sub-010_ses-201_task-s1;sub-010_ses-301_task-s1	104	1	105	sub-010	ses-101	task-s1	1;2;3	1;1;1
191	192	191	192	3	3	trialwise	517;2349;4111	517;2349;4111	4;15;26	41;105;99	sub-010_ses-102_task-s4;sub-010_ses-201_task-s4;sub-010_ses-301_task-s4	517	4	41	sub-010	ses-102	task-s4	1;2;3	4;4;4
192	193	192	193	3	3	trialwise	1057;2732;4530	1057;2732;4530	7;18;29	106;13;43	sub-010_ses-102_task-s7;sub-010_ses-202_task-s7;sub-010_ses-302_task-s7	1057	7	106	sub-010	ses-102	task-s7	1;2;3	7;7;7
193	194	193	194	3	3	trialwise	59;1914;3682	59;1914;3682	1;12;23	60;147;147	sub-010_ses-101_task-s1;sub-010_ses-201_task-s1;sub-010_ses-301_task-s1	59	1	60	sub-010	ses-101	task-s1	1;2;3	1;1;1
194	195	194	195	3	3	trialwise	515;2396;4139	515;2396;4139	4;15;26	39;152;127	sub-010_ses-102_task-s4;sub-010_ses-201_task-s4;sub-010_ses-301_task-s4	515	4	39	sub-010	ses-102	task-s4	1;2;3	4;4;4
195	196	195	196	3	3	trialwise	159;2025;3794	159;2025;3794	2;13;24	1;99;100	sub-010_ses-101_task-s2;sub-010_ses-201_task-s2;sub-010_ses-301_task-s2	159	2	1	sub-010	ses-101	task-s2	1;2;3	2;2;2
196	197	196	197	3	3	trialwise	742;2511;4313	742;2511;4313	5;16;27	107;108;142	sub-010_ses-102_task-s5;sub-010_ses-202_task-s5;sub-010_ses-302_task-s5	742	5	107	sub-010	ses-102	task-s5	1;2;3	5;5;5
197	198	197	198	3	3	trialwise	1267;3021;4749	1267;3021;4749	8;19;30	158;144;104	sub-010_ses-102_task-s8;sub-010_ses-202_task-s8;sub-010_ses-302_task-s8	1267	8	158	sub-010	ses-102	task-s8	1;2;3	8;8;8
198	199	198	199	3	3	trialwise	283;2064;3727	283;2064;3727	2;13;24	125;138;33	sub-010_ses-101_task-s2;sub-010_ses-201_task-s2;sub-010_ses-301_task-s2	283	2	125	sub-010	ses-101	task-s2	1;2;3	2;2;2
199	200	199	200	3	3	trialwise	62;1871;3639	62;1871;3639	1;12;23	63;104;104	sub-010_ses-101_task-s1;sub-010_ses-201_task-s1;sub-010_ses-301_task-s1	62	1	63	sub-010	ses-101	task-s1	1;2;3	1;1;1
200	201	200	201	3	3	trialwise	1205;3011;4653	1205;3011;4653	8;19;30	96;134;8	sub-010_ses-102_task-s8;sub-010_ses-202_task-s8;sub-010_ses-302_task-s8	1205	8	96	sub-010	ses-102	task-s8	1;2;3	8;8;8
201	202	201	202	3	3	trialwise	626;2262;4126	626;2262;4126	4;15;26	150;18;114	sub-010_ses-102_task-s4;sub-010_ses-201_task-s4;sub-010_ses-301_task-s4	626	4	150	sub-010	ses-102	task-s4	1;2;3	4;4;4
202	203	202	203	3	3	trialwise	701;2496;4272	701;2496;4272	5;16;27	66;93;101	sub-010_ses-102_task-s5;sub-010_ses-202_task-s5;sub-010_ses-302_task-s5	701	5	66	sub-010	ses-102	task-s5	1;2;3	5;5;5
203	204	203	204	3	3	trialwise	799;2658;4350	799;2658;4350	6;17;28	6;97;21	sub-010_ses-102_task-s6;sub-010_ses-202_task-s6;sub-010_ses-302_task-s6	799	6	6	sub-010	ses-102	task-s6	1;2;3	6;6;6
204	205	204	205	3	3	trialwise	965;2742;4543	965;2742;4543	7;18;29	14;23;56	sub-010_ses-102_task-s7;sub-010_ses-202_task-s7;sub-010_ses-302_task-s7	965	7	14	sub-010	ses-102	task-s7	1;2;3	7;7;7
205	206	205	206	3	3	trialwise	1262;2930;4762	1262;2930;4762	8;19;30	153;53;117	sub-010_ses-102_task-s8;sub-010_ses-202_task-s8;sub-010_ses-302_task-s8	1262	8	153	sub-010	ses-102	task-s8	1;2;3	8;8;8
206	207	206	207	3	3	trialwise	1090;2840;4567	1090;2840;4567	7;18;29	139;121;80	sub-010_ses-102_task-s7;sub-010_ses-202_task-s7;sub-010_ses-302_task-s7	1090	7	139	sub-010	ses-102	task-s7	1;2;3	7;7;7
207	208	207	208	3	3	trialwise	739;2432;4328	739;2432;4328	5;16;27	104;29;157	sub-010_ses-102_task-s5;sub-010_ses-202_task-s5;sub-010_ses-302_task-s5	739	5	104	sub-010	ses-102	task-s5	1;2;3	5;5;5
208	209	208	209	3	3	trialwise	458;2128;3889	458;2128;3889	3;14;25	141;43;36	sub-010_ses-101_task-s3;sub-010_ses-201_task-s3;sub-010_ses-301_task-s3	458	3	141	sub-010	ses-101	task-s3	1;2;3	3;3;3
209	210	209	210	3	3	trialwise	668;2444;4284	668;2444;4284	5;16;27	33;41;113	sub-010_ses-102_task-s5;sub-010_ses-202_task-s5;sub-010_ses-302_task-s5	668	5	33	sub-010	ses-102	task-s5	1;2;3	5;5;5
210	211	210	211	3	3	trialwise	557;2387;4151	557;2387;4151	4;15;26	81;143;139	sub-010_ses-102_task-s4;sub-010_ses-201_task-s4;sub-010_ses-301_task-s4	557	4	81	sub-010	ses-102	task-s4	1;2;3	4;4;4
211	212	211	212	3	3	trialwise	972;2804;4571	972;2804;4571	7;18;29	21;85;84	sub-010_ses-102_task-s7;sub-010_ses-202_task-s7;sub-010_ses-302_task-s7	972	7	21	sub-010	ses-102	task-s7	1;2;3	7;7;7
212	213	212	213	3	3	trialwise	446;2189;3975	446;2189;3975	3;14;25	129;104;122	sub-010_ses-101_task-s3;sub-010_ses-201_task-s3;sub-010_ses-301_task-s3	446	3	129	sub-010	ses-101	task-s3	1;2;3	3;3;3
213	214	213	214	3	3	trialwise	1038;2787;4497	1038;2787;4497	7;18;29	87;68;10	sub-010_ses-102_task-s7;sub-010_ses-202_task-s7;sub-010_ses-302_task-s7	1038	7	87	sub-010	ses-102	task-s7	1;2;3	7;7;7
214	215	214	215	3	3	trialwise	472;2130;3996	472;2130;3996	3;14;25	155;45;143	sub-010_ses-101_task-s3;sub-010_ses-201_task-s3;sub-010_ses-301_task-s3	472	3	155	sub-010	ses-101	task-s3	1;2;3	3;3;3
215	216	215	216	3	3	trialwise	1150;2978;4765	1150;2978;4765	8;19;30	41;101;120	sub-010_ses-102_task-s8;sub-010_ses-202_task-s8;sub-010_ses-302_task-s8	1150	8	41	sub-010	ses-102	task-s8	1;2;3	8;8;8
216	217	216	217	3	3	trialwise	237;2015;3754	237;2015;3754	2;13;24	79;89;60	sub-010_ses-101_task-s2;sub-010_ses-201_task-s2;sub-010_ses-301_task-s2	237	2	79	sub-010	ses-101	task-s2	1;2;3	2;2;2
217	218	217	218	3	3	trialwise	1264;2961;4713	1264;2961;4713	8;19;30	155;84;68	sub-010_ses-102_task-s8;sub-010_ses-202_task-s8;sub-010_ses-302_task-s8	1264	8	155	sub-010	ses-102	task-s8	1;2;3	8;8;8
218	219	218	219	3	3	trialwise	407;2152;3882	407;2152;3882	3;14;25	90;67;29	sub-010_ses-101_task-s3;sub-010_ses-201_task-s3;sub-010_ses-301_task-s3	407	3	90	sub-010	ses-101	task-s3	1;2;3	3;3;3
219	220	219	220	3	3	trialwise	183;2008;3745	183;2008;3745	2;13;24	25;82;51	sub-010_ses-101_task-s2;sub-010_ses-201_task-s2;sub-010_ses-301_task-s2	183	2	25	sub-010	ses-101	task-s2	1;2;3	2;2;2
220	221	220	221	3	3	trialwise	1018;2830;4536	1018;2830;4536	7;18;29	67;111;49	sub-010_ses-102_task-s7;sub-010_ses-202_task-s7;sub-010_ses-302_task-s7	1018	7	67	sub-010	ses-102	task-s7	1;2;3	7;7;7
221	222	221	222	3	3	trialwise	180;2003;3774	180;2003;3774	2;13;24	22;77;80	sub-010_ses-101_task-s2;sub-010_ses-201_task-s2;sub-010_ses-301_task-s2	180	2	22	sub-010	ses-101	task-s2	1;2;3	2;2;2
222	223	222	223	3	3	trialwise	895;2719;4367	895;2719;4367	6;17;28	102;158;38	sub-010_ses-102_task-s6;sub-010_ses-202_task-s6;sub-010_ses-302_task-s6	895	6	102	sub-010	ses-102	task-s6	1;2;3	6;6;6
223	224	223	224	3	3	trialwise	656;2412;4308	656;2412;4308	5;16;27	21;9;137	sub-010_ses-102_task-s5;sub-010_ses-202_task-s5;sub-010_ses-302_task-s5	656	5	21	sub-010	ses-102	task-s5	1;2;3	5;5;5
224	225	224	225	3	3	trialwise	1103;2841;4616	1103;2841;4616	7;18;29	152;122;129	sub-010_ses-102_task-s7;sub-010_ses-202_task-s7;sub-010_ses-302_task-s7	1103	7	152	sub-010	ses-102	task-s7	1;2;3	7;7;7
225	226	225	226	3	3	trialwise	323;2179;3961	323;2179;3961	3;14;25	6;94;108	sub-010_ses-101_task-s3;sub-010_ses-201_task-s3;sub-010_ses-301_task-s3	323	3	6	sub-010	ses-101	task-s3	1;2;3	3;3;3
226	227	226	227	3	3	trialwise	956;2854;4566	956;2854;4566	7;18;29	5;135;79	sub-010_ses-102_task-s7;sub-010_ses-202_task-s7;sub-010_ses-302_task-s7	956	7	5	sub-010	ses-102	task-s7	1;2;3	7;7;7
227	228	227	228	3	3	trialwise	287;1984;3749	287;1984;3749	2;13;24	129;58;55	sub-010_ses-101_task-s2;sub-010_ses-201_task-s2;sub-010_ses-301_task-s2	287	2	129	sub-010	ses-101	task-s2	1;2;3	2;2;2
228	229	228	229	3	3	trialwise	764;2422;4318	764;2422;4318	5;16;27	129;19;147	sub-010_ses-102_task-s5;sub-010_ses-202_task-s5;sub-010_ses-302_task-s5	764	5	129	sub-010	ses-102	task-s5	1;2;3	5;5;5
229	230	229	230	3	3	trialwise	1257;2906;4727	1257;2906;4727	8;19;30	148;29;82	sub-010_ses-102_task-s8;sub-010_ses-202_task-s8;sub-010_ses-302_task-s8	1257	8	148	sub-010	ses-102	task-s8	1;2;3	8;8;8
230	231	230	231	3	3	trialwise	984;2771;4609	984;2771;4609	7;18;29	33;52;122	sub-010_ses-102_task-s7;sub-010_ses-202_task-s7;sub-010_ses-302_task-s7	984	7	33	sub-010	ses-102	task-s7	1;2;3	7;7;7
231	232	231	232	3	3	trialwise	1065;2844;4610	1065;2844;4610	7;18;29	114;125;123	sub-010_ses-102_task-s7;sub-010_ses-202_task-s7;sub-010_ses-302_task-s7	1065	7	114	sub-010	ses-102	task-s7	1;2;3	7;7;7
232	233	232	233	3	3	trialwise	909;2576;4465	909;2576;4465	6;17;28	116;15;136	sub-010_ses-102_task-s6;sub-010_ses-202_task-s6;sub-010_ses-302_task-s6	909	6	116	sub-010	ses-102	task-s6	1;2;3	6;6;6
233	234	233	234	3	3	trialwise	983;2724;4533	983;2724;4533	7;18;29	32;5;46	sub-010_ses-102_task-s7;sub-010_ses-202_task-s7;sub-010_ses-302_task-s7	983	7	32	sub-010	ses-102	task-s7	1;2;3	7;7;7
234	235	234	235	3	3	trialwise	1046;2847;4627	1046;2847;4627	7;18;29	95;128;140	sub-010_ses-102_task-s7;sub-010_ses-202_task-s7;sub-010_ses-302_task-s7	1046	7	95	sub-010	ses-102	task-s7	1;2;3	7;7;7
235	236	235	236	3	3	trialwise	372;2237;3924	372;2237;3924	3;14;25	55;152;71	sub-010_ses-101_task-s3;sub-010_ses-201_task-s3;sub-010_ses-301_task-s3	372	3	55	sub-010	ses-101	task-s3	1;2;3	3;3;3
236	237	236	237	3	3	trialwise	538;2260;4164	538;2260;4164	4;15;26	62;16;152	sub-010_ses-102_task-s4;sub-010_ses-201_task-s4;sub-010_ses-301_task-s4	538	4	62	sub-010	ses-102	task-s4	1;2;3	4;4;4
237	238	237	238	3	3	trialwise	1236;3009;4778	1236;3009;4778	8;19;30	127;132;133	sub-010_ses-102_task-s8;sub-010_ses-202_task-s8;sub-010_ses-302_task-s8	1236	8	127	sub-010	ses-102	task-s8	1;2;3	8;8;8
238	239	238	239	3	3	trialwise	899;2602;4457	899;2602;4457	6;17;28	106;41;128	sub-010_ses-102_task-s6;sub-010_ses-202_task-s6;sub-010_ses-302_task-s6	899	6	106	sub-010	ses-102	task-s6	1;2;3	6;6;6
239	240	239	240	3	3	trialwise	1155;3017;4697	1155;3017;4697	8;19;30	46;140;52	sub-010_ses-102_task-s8;sub-010_ses-202_task-s8;sub-010_ses-302_task-s8	1155	8	46	sub-010	ses-102	task-s8	1;2;3	8;8;8
240	241	240	241	3	3	trialwise	1118;2920;4667	1118;2920;4667	8;19;30	9;43;22	sub-010_ses-102_task-s8;sub-010_ses-202_task-s8;sub-010_ses-302_task-s8	1118	8	9	sub-010	ses-102	task-s8	1;2;3	8;8;8
241	242	241	242	3	3	trialwise	336;2112;4000	336;2112;4000	3;14;25	19;27;147	sub-010_ses-101_task-s3;sub-010_ses-201_task-s3;sub-010_ses-301_task-s3	336	3	19	sub-010	ses-101	task-s3	1;2;3	3;3;3
242	243	242	243	3	3	trialwise	1006;2745;4535	1006;2745;4535	7;18;29	55;26;48	sub-010_ses-102_task-s7;sub-010_ses-202_task-s7;sub-010_ses-302_task-s7	1006	7	55	sub-010	ses-102	task-s7	1;2;3	7;7;7
243	244	243	244	3	3	trialwise	392;2203;4002	392;2203;4002	3;14;25	75;118;149	sub-010_ses-101_task-s3;sub-010_ses-201_task-s3;sub-010_ses-301_task-s3	392	3	75	sub-010	ses-101	task-s3	1;2;3	3;3;3
244	245	244	245	3	3	trialwise	270;1977;3740	270;1977;3740	2;13;24	112;51;46	sub-010_ses-101_task-s2;sub-010_ses-201_task-s2;sub-010_ses-301_task-s2	270	2	112	sub-010	ses-101	task-s2	1;2;3	2;2;2
245	246	245	246	3	3	trialwise	24;1884;3652	24;1884;3652	1;12;23	25;117;117	sub-010_ses-101_task-s1;sub-010_ses-201_task-s1;sub-010_ses-301_task-s1	24	1	25	sub-010	ses-101	task-s1	1;2;3	1;1;1
246	247	246	247	3	3	trialwise	748;2551;4274	748;2551;4274	5;16;27	113;148;103	sub-010_ses-102_task-s5;sub-010_ses-202_task-s5;sub-010_ses-302_task-s5	748	5	113	sub-010	ses-102	task-s5	1;2;3	5;5;5
247	248	247	248	3	3	trialwise	655;2445;4273	655;2445;4273	5;16;27	20;42;102	sub-010_ses-102_task-s5;sub-010_ses-202_task-s5;sub-010_ses-302_task-s5	655	5	20	sub-010	ses-102	task-s5	1;2;3	5;5;5
248	249	248	249	3	3	trialwise	414;2178;3928	414;2178;3928	3;14;25	97;93;75	sub-010_ses-101_task-s3;sub-010_ses-201_task-s3;sub-010_ses-301_task-s3	414	3	97	sub-010	ses-101	task-s3	1;2;3	3;3;3
249	250	249	250	3	3	trialwise	16;1878;3646	16;1878;3646	1;12;23	17;111;111	sub-010_ses-101_task-s1;sub-010_ses-201_task-s1;sub-010_ses-301_task-s1	16	1	17	sub-010	ses-101	task-s1	1;2;3	1;1;1
250	251	250	251	3	3	trialwise	595;2247;4130	595;2247;4130	4;15;26	119;3;118	sub-010_ses-102_task-s4;sub-010_ses-201_task-s4;sub-010_ses-301_task-s4	595	4	119	sub-010	ses-102	task-s4	1;2;3	4;4;4
251	252	251	252	3	3	trialwise	759;2555;4267	759;2555;4267	5;16;27	124;152;96	sub-010_ses-102_task-s5;sub-010_ses-202_task-s5;sub-010_ses-302_task-s5	759	5	124	sub-010	ses-102	task-s5	1;2;3	5;5;5
252	253	252	253	3	3	trialwise	259;2059;3762	259;2059;3762	2;13;24	101;133;68	sub-010_ses-101_task-s2;sub-010_ses-201_task-s2;sub-010_ses-301_task-s2	259	2	101	sub-010	ses-101	task-s2	1;2;3	2;2;2
253	254	253	254	3	3	trialwise	842;2650;4410	842;2650;4410	6;17;28	49;89;81	sub-010_ses-102_task-s6;sub-010_ses-202_task-s6;sub-010_ses-302_task-s6	842	6	49	sub-010	ses-102	task-s6	1;2;3	6;6;6
254	255	254	255	3	3	trialwise	60;1831;3599	60;1831;3599	1;12;23	61;64;64	sub-010_ses-101_task-s1;sub-010_ses-201_task-s1;sub-010_ses-301_task-s1	60	1	61	sub-010	ses-101	task-s1	1;2;3	1;1;1
255	256	255	256	3	3	trialwise	430;2115;3854	430;2115;3854	3;14;25	113;30;1	sub-010_ses-101_task-s3;sub-010_ses-201_task-s3;sub-010_ses-301_task-s3	430	3	113	sub-010	ses-101	task-s3	1;2;3	3;3;3
256	257	256	257	3	3	trialwise	891;2614;4447	891;2614;4447	6;17;28	98;53;118	sub-010_ses-102_task-s6;sub-010_ses-202_task-s6;sub-010_ses-302_task-s6	891	6	98	sub-010	ses-102	task-s6	1;2;3	6;6;6
257	258	257	258	3	3	trialwise	1244;2993;4785	1244;2993;4785	8;19;30	135;116;140	sub-010_ses-102_task-s8;sub-010_ses-202_task-s8;sub-010_ses-302_task-s8	1244	8	135	sub-010	ses-102	task-s8	1;2;3	8;8;8
258	259	258	259	3	3	trialwise	511;2256;4074	511;2256;4074	4;15;26	35;12;62	sub-010_ses-102_task-s4;sub-010_ses-201_task-s4;sub-010_ses-301_task-s4	511	4	35	sub-010	ses-102	task-s4	1;2;3	4;4;4
259	260	259	260	3	3	trialwise	773;2510;4199	773;2510;4199	5;16;27	138;107;28	sub-010_ses-102_task-s5;sub-010_ses-202_task-s5;sub-010_ses-302_task-s5	773	5	138	sub-010	ses-102	task-s5	1;2;3	5;5;5
260	261	260	261	3	3	trialwise	1063;2808;4521	1063;2808;4521	7;18;29	112;89;34	sub-010_ses-102_task-s7;sub-010_ses-202_task-s7;sub-010_ses-302_task-s7	1063	7	112	sub-010	ses-102	task-s7	1;2;3	7;7;7
261	262	261	262	3	3	trialwise	419;2180;3922	419;2180;3922	3;14;25	102;95;69	sub-010_ses-101_task-s3;sub-010_ses-201_task-s3;sub-010_ses-301_task-s3	419	3	102	sub-010	ses-101	task-s3	1;2;3	3;3;3
262	263	262	263	3	3	trialwise	589;2284;4046	589;2284;4046	4;15;26	113;40;34	sub-010_ses-102_task-s4;sub-010_ses-201_task-s4;sub-010_ses-301_task-s4	589	4	113	sub-010	ses-102	task-s4	1;2;3	4;4;4
263	264	263	264	3	3	trialwise	1209;2913;4754	1209;2913;4754	8;19;30	100;36;109	sub-010_ses-102_task-s8;sub-010_ses-202_task-s8;sub-010_ses-302_task-s8	1209	8	100	sub-010	ses-102	task-s8	1;2;3	8;8;8
264	265	264	265	3	3	trialwise	208;2029;3741	208;2029;3741	2;13;24	50;103;47	sub-010_ses-101_task-s2;sub-010_ses-201_task-s2;sub-010_ses-301_task-s2	208	2	50	sub-010	ses-101	task-s2	1;2;3	2;2;2
265	266	265	266	3	3	trialwise	57;1869;3637	57;1869;3637	1;12;23	58;102;102	sub-010_ses-101_task-s1;sub-010_ses-201_task-s1;sub-010_ses-301_task-s1	57	1	58	sub-010	ses-101	task-s1	1;2;3	1;1;1
266	267	266	267	3	3	trialwise	871;2696;4477	871;2696;4477	6;17;28	78;135;148	sub-010_ses-102_task-s6;sub-010_ses-202_task-s6;sub-010_ses-302_task-s6	871	6	78	sub-010	ses-102	task-s6	1;2;3	6;6;6
267	268	267	268	3	3	trialwise	636;2449;4188	636;2449;4188	5;16;27	1;46;17	sub-010_ses-102_task-s5;sub-010_ses-202_task-s5;sub-010_ses-302_task-s5	636	5	1	sub-010	ses-102	task-s5	1;2;3	5;5;5
268	269	268	269	3	3	trialwise	428;2240;3891	428;2240;3891	3;14;25	111;155;38	sub-010_ses-101_task-s3;sub-010_ses-201_task-s3;sub-010_ses-301_task-s3	428	3	111	sub-010	ses-101	task-s3	1;2;3	3;3;3
269	270	269	270	3	3	trialwise	940;2644;4480	940;2644;4480	6;17;28	147;83;151	sub-010_ses-102_task-s6;sub-010_ses-202_task-s6;sub-010_ses-302_task-s6	940	6	147	sub-010	ses-102	task-s6	1;2;3	6;6;6
270	271	270	271	3	3	trialwise	32;1799;3567	32;1799;3567	1;12;23	33;32;32	sub-010_ses-101_task-s1;sub-010_ses-201_task-s1;sub-010_ses-301_task-s1	32	1	33	sub-010	ses-101	task-s1	1;2;3	1;1;1
271	272	271	272	3	3	trialwise	299;1976;3825	299;1976;3825	2;13;24	141;50;131	sub-010_ses-101_task-s2;sub-010_ses-201_task-s2;sub-010_ses-301_task-s2	299	2	141	sub-010	ses-101	task-s2	1;2;3	2;2;2
272	273	272	273	3	3	trialwise	1110;3025;4741	1110;3025;4741	8;19;30	1;148;96	sub-010_ses-102_task-s8;sub-010_ses-202_task-s8;sub-010_ses-302_task-s8	1110	8	1	sub-010	ses-102	task-s8	1;2;3	8;8;8
273	274	273	274	3	3	trialwise	1011;2740;4578	1011;2740;4578	7;18;29	60;21;91	sub-010_ses-102_task-s7;sub-010_ses-202_task-s7;sub-010_ses-302_task-s7	1011	7	60	sub-010	ses-102	task-s7	1;2;3	7;7;7
274	275	274	275	3	3	trialwise	1226;2948;4731	1226;2948;4731	8;19;30	117;71;86	sub-010_ses-102_task-s8;sub-010_ses-202_task-s8;sub-010_ses-302_task-s8	1226	8	117	sub-010	ses-102	task-s8	1;2;3	8;8;8
275	276	275	276	3	3	trialwise	109;1876;3644	109;1876;3644	1;12;23	110;109;109	sub-010_ses-101_task-s1;sub-010_ses-201_task-s1;sub-010_ses-301_task-s1	109	1	110	sub-010	ses-101	task-s1	1;2;3	1;1;1
276	277	276	277	3	3	trialwise	812;2648;4404	812;2648;4404	6;17;28	19;87;75	sub-010_ses-102_task-s6;sub-010_ses-202_task-s6;sub-010_ses-302_task-s6	812	6	19	sub-010	ses-102	task-s6	1;2;3	6;6;6
277	278	277	278	3	3	trialwise	741;2431;4211	741;2431;4211	5;16;27	106;28;40	sub-010_ses-102_task-s5;sub-010_ses-202_task-s5;sub-010_ses-302_task-s5	741	5	106	sub-010	ses-102	task-s5	1;2;3	5;5;5
278	279	278	279	3	3	trialwise	869;2571;4472	869;2571;4472	6;17;28	76;10;143	sub-010_ses-102_task-s6;sub-010_ses-202_task-s6;sub-010_ses-302_task-s6	869	6	76	sub-010	ses-102	task-s6	1;2;3	6;6;6
279	280	279	280	3	3	trialwise	317;1982;3808	317;1982;3808	2;13;24	159;56;114	sub-010_ses-101_task-s2;sub-010_ses-201_task-s2;sub-010_ses-301_task-s2	317	2	159	sub-010	ses-101	task-s2	1;2;3	2;2;2
280	281	280	281	3	3	trialwise	412;2096;3926	412;2096;3926	3;14;25	95;11;73	sub-010_ses-101_task-s3;sub-010_ses-201_task-s3;sub-010_ses-301_task-s3	412	3	95	sub-010	ses-101	task-s3	1;2;3	3;3;3
281	282	281	282	3	3	trialwise	802;2657;4340	802;2657;4340	6;17;28	9;96;11	sub-010_ses-102_task-s6;sub-010_ses-202_task-s6;sub-010_ses-302_task-s6	802	6	9	sub-010	ses-102	task-s6	1;2;3	6;6;6
282	283	282	283	3	3	trialwise	769;2433;4189	769;2433;4189	5;16;27	134;30;18	sub-010_ses-102_task-s5;sub-010_ses-202_task-s5;sub-010_ses-302_task-s5	769	5	134	sub-010	ses-102	task-s5	1;2;3	5;5;5
283	284	283	284	3	3	trialwise	1189;2888;4781	1189;2888;4781	8;19;30	80;11;136	sub-010_ses-102_task-s8;sub-010_ses-202_task-s8;sub-010_ses-302_task-s8	1189	8	80	sub-010	ses-102	task-s8	1;2;3	8;8;8
284	285	284	285	3	3	trialwise	1176;2971;4651	1176;2971;4651	8;19;30	67;94;6	sub-010_ses-102_task-s8;sub-010_ses-202_task-s8;sub-010_ses-302_task-s8	1176	8	67	sub-010	ses-102	task-s8	1;2;3	8;8;8
285	286	285	286	3	3	trialwise	487;2282;4019	487;2282;4019	4;15;26	11;38;7	sub-010_ses-102_task-s4;sub-010_ses-201_task-s4;sub-010_ses-301_task-s4	487	4	11	sub-010	ses-102	task-s4	1;2;3	4;4;4
286	287	286	287	3	3	trialwise	714;2502;4245	714;2502;4245	5;16;27	79;99;74	sub-010_ses-102_task-s5;sub-010_ses-202_task-s5;sub-010_ses-302_task-s5	714	5	79	sub-010	ses-102	task-s5	1;2;3	5;5;5
287	288	287	288	3	3	trialwise	54;1770;3538	54;1770;3538	1;12;23	55;3;3	sub-010_ses-101_task-s1;sub-010_ses-201_task-s1;sub-010_ses-301_task-s1	54	1	55	sub-010	ses-101	task-s1	1;2;3	1;1;1
288	289	288	289	3	3	trialwise	394;2102;4001	394;2102;4001	3;14;25	77;17;148	sub-010_ses-101_task-s3;sub-010_ses-201_task-s3;sub-010_ses-301_task-s3	394	3	77	sub-010	ses-101	task-s3	1;2;3	3;3;3
289	290	289	290	3	3	trialwise	1084;2873;4595	1084;2873;4595	7;18;29	133;154;108	sub-010_ses-102_task-s7;sub-010_ses-202_task-s7;sub-010_ses-302_task-s7	1084	7	133	sub-010	ses-102	task-s7	1;2;3	7;7;7
290	291	290	291	3	3	trialwise	978;2806;4524	978;2806;4524	7;18;29	27;87;37	sub-010_ses-102_task-s7;sub-010_ses-202_task-s7;sub-010_ses-302_task-s7	978	7	27	sub-010	ses-102	task-s7	1;2;3	7;7;7
291	292	291	292	3	3	trialwise	243;1973;3785	243;1973;3785	2;13;24	85;47;91	sub-010_ses-101_task-s2;sub-010_ses-201_task-s2;sub-010_ses-301_task-s2	243	2	85	sub-010	ses-101	task-s2	1;2;3	2;2;2
292	293	292	293	3	3	trialwise	1069;2842;4603	1069;2842;4603	7;18;29	118;123;116	sub-010_ses-102_task-s7;sub-010_ses-202_task-s7;sub-010_ses-302_task-s7	1069	7	118	sub-010	ses-102	task-s7	1;2;3	7;7;7
293	294	293	294	3	3	trialwise	1036;2795;4639	1036;2795;4639	7;18;29	85;76;152	sub-010_ses-102_task-s7;sub-010_ses-202_task-s7;sub-010_ses-302_task-s7	1036	7	85	sub-010	ses-102	task-s7	1;2;3	7;7;7
294	295	294	295	3	3	trialwise	958;2857;4509	958;2857;4509	7;18;29	7;138;22	sub-010_ses-102_task-s7;sub-010_ses-202_task-s7;sub-010_ses-302_task-s7	958	7	7	sub-010	ses-102	task-s7	1;2;3	7;7;7
295	296	295	296	3	3	trialwise	69;1817;3585	69;1817;3585	1;12;23	70;50;50	sub-010_ses-101_task-s1;sub-010_ses-201_task-s1;sub-010_ses-301_task-s1	69	1	70	sub-010	ses-101	task-s1	1;2;3	1;1;1
296	297	296	297	3	3	trialwise	329;2228;3874	329;2228;3874	3;14;25	12;143;21	sub-010_ses-101_task-s3;sub-010_ses-201_task-s3;sub-010_ses-301_task-s3	329	3	12	sub-010	ses-101	task-s3	1;2;3	3;3;3
297	298	297	298	3	3	trialwise	179;2007;3781	179;2007;3781	2;13;24	21;81;87	sub-010_ses-101_task-s2;sub-010_ses-201_task-s2;sub-010_ses-301_task-s2	179	2	21	sub-010	ses-101	task-s2	1;2;3	2;2;2
298	299	298	299	3	3	trialwise	275;1935;3829	275;1935;3829	2;13;24	117;9;135	sub-010_ses-101_task-s2;sub-010_ses-201_task-s2;sub-010_ses-301_task-s2	275	2	117	sub-010	ses-101	task-s2	1;2;3	2;2;2
299	300	299	300	3	3	trialwise	851;2596;4385	851;2596;4385	6;17;28	58;35;56	sub-010_ses-102_task-s6;sub-010_ses-202_task-s6;sub-010_ses-302_task-s6	851	6	58	sub-010	ses-102	task-s6	1;2;3	6;6;6
300	301	300	301	3	3	trialwise	420;2219;3899	420;2219;3899	3;14;25	103;134;46	sub-010_ses-101_task-s3;sub-010_ses-201_task-s3;sub-010_ses-301_task-s3	420	3	103	sub-010	ses-101	task-s3	1;2;3	3;3;3
301	302	301	302	3	3	trialwise	1152;2922;4721	1152;2922;4721	8;19;30	43;45;76	sub-010_ses-102_task-s8;sub-010_ses-202_task-s8;sub-010_ses-302_task-s8	1152	8	43	sub-010	ses-102	task-s8	1;2;3	8;8;8
302	303	302	303	3	3	trialwise	142;1773;3541	142;1773;3541	1;12;23	143;6;6	sub-010_ses-101_task-s1;sub-010_ses-201_task-s1;sub-010_ses-301_task-s1	142	1	143	sub-010	ses-101	task-s1	1;2;3	1;1;1
303	304	303	304	3	3	trialwise	456;2185;3933	456;2185;3933	3;14;25	139;100;80	sub-010_ses-101_task-s3;sub-010_ses-201_task-s3;sub-010_ses-301_task-s3	456	3	139	sub-010	ses-101	task-s3	1;2;3	3;3;3
304	305	304	305	3	3	trialwise	255;1981;3734	255;1981;3734	2;13;24	97;55;40	sub-010_ses-101_task-s2;sub-010_ses-201_task-s2;sub-010_ses-301_task-s2	255	2	97	sub-010	ses-101	task-s2	1;2;3	2;2;2
305	306	305	306	3	3	trialwise	352;2150;3987	352;2150;3987	3;14;25	35;65;134	sub-010_ses-101_task-s3;sub-010_ses-201_task-s3;sub-010_ses-301_task-s3	352	3	35	sub-010	ses-101	task-s3	1;2;3	3;3;3
306	307	306	307	3	3	trialwise	122;1781;3549	122;1781;3549	1;12;23	123;14;14	sub-010_ses-101_task-s1;sub-010_ses-201_task-s1;sub-010_ses-301_task-s1	122	1	123	sub-010	ses-101	task-s1	1;2;3	1;1;1
307	308	307	308	3	3	trialwise	84;1896;3664	84;1896;3664	1;12;23	85;129;129	sub-010_ses-101_task-s1;sub-010_ses-201_task-s1;sub-010_ses-301_task-s1	84	1	85	sub-010	ses-101	task-s1	1;2;3	1;1;1
308	309	308	309	3	3	trialwise	278;1960;3784	278;1960;3784	2;13;24	120;34;90	sub-010_ses-101_task-s2;sub-010_ses-201_task-s2;sub-010_ses-301_task-s2	278	2	120	sub-010	ses-101	task-s2	1;2;3	2;2;2
309	310	309	310	3	3	trialwise	199;2005;3803	199;2005;3803	2;13;24	41;79;109	sub-010_ses-101_task-s2;sub-010_ses-201_task-s2;sub-010_ses-301_task-s2	199	2	41	sub-010	ses-101	task-s2	1;2;3	2;2;2
310	311	310	311	3	3	trialwise	2;1874;3642	2;1874;3642	1;12;23	3;107;107	sub-010_ses-101_task-s1;sub-010_ses-201_task-s1;sub-010_ses-301_task-s1	2	1	3	sub-010	ses-101	task-s1	1;2;3	1;1;1
311	312	311	312	3	3	trialwise	776;2487;4215	776;2487;4215	5;16;27	141;84;44	sub-010_ses-102_task-s5;sub-010_ses-202_task-s5;sub-010_ses-302_task-s5	776	5	141	sub-010	ses-102	task-s5	1;2;3	5;5;5
312	313	312	313	3	3	trialwise	1044;2750;4546	1044;2750;4546	7;18;29	93;31;59	sub-010_ses-102_task-s7;sub-010_ses-202_task-s7;sub-010_ses-302_task-s7	1044	7	93	sub-010	ses-102	task-s7	1;2;3	7;7;7
313	314	313	314	3	3	trialwise	835;2563;4485	835;2563;4485	6;17;28	42;2;156	sub-010_ses-102_task-s6;sub-010_ses-202_task-s6;sub-010_ses-302_task-s6	835	6	42	sub-010	ses-102	task-s6	1;2;3	6;6;6
314	315	314	315	3	3	trialwise	21;1821;3589	21;1821;3589	1;12;23	22;54;54	sub-010_ses-101_task-s1;sub-010_ses-201_task-s1;sub-010_ses-301_task-s1	21	1	22	sub-010	ses-101	task-s1	1;2;3	1;1;1
315	316	315	316	3	3	trialwise	396;2098;3993	396;2098;3993	3;14;25	79;13;140	sub-010_ses-101_task-s3;sub-010_ses-201_task-s3;sub-010_ses-301_task-s3	396	3	79	sub-010	ses-101	task-s3	1;2;3	3;3;3
316	317	316	317	3	3	trialwise	686;2443;4251	686;2443;4251	5;16;27	51;40;80	sub-010_ses-102_task-s5;sub-010_ses-202_task-s5;sub-010_ses-302_task-s5	686	5	51	sub-010	ses-102	task-s5	1;2;3	5;5;5
317	318	317	318	3	3	trialwise	34;1917;3685	34;1917;3685	1;12;23	35;150;150	sub-010_ses-101_task-s1;sub-010_ses-201_task-s1;sub-010_ses-301_task-s1	34	1	35	sub-010	ses-101	task-s1	1;2;3	1;1;1
318	319	318	319	3	3	trialwise	82;1771;3539	82;1771;3539	1;12;23	83;4;4	sub-010_ses-101_task-s1;sub-010_ses-201_task-s1;sub-010_ses-301_task-s1	82	1	83	sub-010	ses-101	task-s1	1;2;3	1;1;1
319	320	319	320	3	3	trialwise	1049;2872;4517	1049;2872;4517	7;18;29	98;153;30	sub-010_ses-102_task-s7;sub-010_ses-202_task-s7;sub-010_ses-302_task-s7	1049	7	98	sub-010	ses-102	task-s7	1;2;3	7;7;7
320	321	320	321	3	3	trialwise	422;2126;3938	422;2126;3938	3;14;25	105;41;85	sub-010_ses-101_task-s3;sub-010_ses-201_task-s3;sub-010_ses-301_task-s3	422	3	105	sub-010	ses-101	task-s3	1;2;3	3;3;3
321	322	321	322	3	3	trialwise	1265;2932;4746	1265;2932;4746	8;19;30	156;55;101	sub-010_ses-102_task-s8;sub-010_ses-202_task-s8;sub-010_ses-302_task-s8	1265	8	156	sub-010	ses-102	task-s8	1;2;3	8;8;8
322	323	322	323	3	3	trialwise	377;2210;3976	377;2210;3976	3;14;25	60;125;123	sub-010_ses-101_task-s3;sub-010_ses-201_task-s3;sub-010_ses-301_task-s3	377	3	60	sub-010	ses-101	task-s3	1;2;3	3;3;3
323	324	323	324	3	3	trialwise	1180;2992;4794	1180;2992;4794	8;19;30	71;115;149	sub-010_ses-102_task-s8;sub-010_ses-202_task-s8;sub-010_ses-302_task-s8	1180	8	71	sub-010	ses-102	task-s8	1;2;3	8;8;8
324	325	324	325	3	3	trialwise	116;1837;3605	116;1837;3605	1;12;23	117;70;70	sub-010_ses-101_task-s1;sub-010_ses-201_task-s1;sub-010_ses-301_task-s1	116	1	117	sub-010	ses-101	task-s1	1;2;3	1;1;1
325	326	325	326	3	3	trialwise	1229;2973;4783	1229;2973;4783	8;19;30	120;96;138	sub-010_ses-102_task-s8;sub-010_ses-202_task-s8;sub-010_ses-302_task-s8	1229	8	120	sub-010	ses-102	task-s8	1;2;3	8;8;8
326	327	326	327	3	3	trialwise	261;2056;3705	261;2056;3705	2;13;24	103;130;11	sub-010_ses-101_task-s2;sub-010_ses-201_task-s2;sub-010_ses-301_task-s2	261	2	103	sub-010	ses-101	task-s2	1;2;3	2;2;2
327	328	327	328	3	3	trialwise	1234;2940;4745	1234;2940;4745	8;19;30	125;63;100	sub-010_ses-102_task-s8;sub-010_ses-202_task-s8;sub-010_ses-302_task-s8	1234	8	125	sub-010	ses-102	task-s8	1;2;3	8;8;8
328	329	328	329	3	3	trialwise	732;2527;4280	732;2527;4280	5;16;27	97;124;109	sub-010_ses-102_task-s5;sub-010_ses-202_task-s5;sub-010_ses-302_task-s5	732	5	97	sub-010	ses-102	task-s5	1;2;3	5;5;5
329	330	329	330	3	3	trialwise	820;2616;4370	820;2616;4370	6;17;28	27;55;41	sub-010_ses-102_task-s6;sub-010_ses-202_task-s6;sub-010_ses-302_task-s6	820	6	27	sub-010	ses-102	task-s6	1;2;3	6;6;6
330	331	330	331	3	3	trialwise	588;2383;4087	588;2383;4087	4;15;26	112;139;75	sub-010_ses-102_task-s4;sub-010_ses-201_task-s4;sub-010_ses-301_task-s4	588	4	112	sub-010	ses-102	task-s4	1;2;3	4;4;4
331	332	331	332	3	3	trialwise	378;2195;3994	378;2195;3994	3;14;25	61;110;141	sub-010_ses-101_task-s3;sub-010_ses-201_task-s3;sub-010_ses-301_task-s3	378	3	61	sub-010	ses-101	task-s3	1;2;3	3;3;3
332	333	332	333	3	3	trialwise	163;2071;3747	163;2071;3747	2;13;24	5;145;53	sub-010_ses-101_task-s2;sub-010_ses-201_task-s2;sub-010_ses-301_task-s2	163	2	5	sub-010	ses-101	task-s2	1;2;3	2;2;2
333	334	333	334	3	3	trialwise	501;2377;4121	501;2377;4121	4;15;26	25;133;109	sub-010_ses-102_task-s4;sub-010_ses-201_task-s4;sub-010_ses-301_task-s4	501	4	25	sub-010	ses-102	task-s4	1;2;3	4;4;4
334	335	334	335	3	3	trialwise	55;1830;3598	55;1830;3598	1;12;23	56;63;63	sub-010_ses-101_task-s1;sub-010_ses-201_task-s1;sub-010_ses-301_task-s1	55	1	56	sub-010	ses-101	task-s1	1;2;3	1;1;1
335	336	335	336	3	3	trialwise	200;1997;3796	200;1997;3796	2;13;24	42;71;102	sub-010_ses-101_task-s2;sub-010_ses-201_task-s2;sub-010_ses-301_task-s2	200	2	42	sub-010	ses-101	task-s2	1;2;3	2;2;2
336	337	336	337	3	3	trialwise	345;2101;3958	345;2101;3958	3;14;25	28;16;105	sub-010_ses-101_task-s3;sub-010_ses-201_task-s3;sub-010_ses-301_task-s3	345	3	28	sub-010	ses-101	task-s3	1;2;3	3;3;3
337	338	337	338	3	3	trialwise	819;2665;4396	819;2665;4396	6;17;28	26;104;67	sub-010_ses-102_task-s6;sub-010_ses-202_task-s6;sub-010_ses-302_task-s6	819	6	26	sub-010	ses-102	task-s6	1;2;3	6;6;6
338	339	338	339	3	3	trialwise	234;1932;3797	234;1932;3797	2;13;24	76;6;103	sub-010_ses-101_task-s2;sub-010_ses-201_task-s2;sub-010_ses-301_task-s2	234	2	76	sub-010	ses-101	task-s2	1;2;3	2;2;2
339	340	339	340	3	3	trialwise	713;2408;4228	713;2408;4228	5;16;27	78;5;57	sub-010_ses-102_task-s5;sub-010_ses-202_task-s5;sub-010_ses-302_task-s5	713	5	78	sub-010	ses-102	task-s5	1;2;3	5;5;5
340	341	340	341	3	3	trialwise	922;2633;4421	922;2633;4421	6;17;28	129;72;92	sub-010_ses-102_task-s6;sub-010_ses-202_task-s6;sub-010_ses-302_task-s6	922	6	129	sub-010	ses-102	task-s6	1;2;3	6;6;6
341	342	341	342	3	3	trialwise	168;2050;3805	168;2050;3805	2;13;24	10;124;111	sub-010_ses-101_task-s2;sub-010_ses-201_task-s2;sub-010_ses-301_task-s2	168	2	10	sub-010	ses-101	task-s2	1;2;3	2;2;2
342	343	342	343	3	3	trialwise	657;2437;4294	657;2437;4294	5;16;27	22;34;123	sub-010_ses-102_task-s5;sub-010_ses-202_task-s5;sub-010_ses-302_task-s5	657	5	22	sub-010	ses-102	task-s5	1;2;3	5;5;5
343	344	343	344	3	3	trialwise	989;2859;4510	989;2859;4510	7;18;29	38;140;23	sub-010_ses-102_task-s7;sub-010_ses-202_task-s7;sub-010_ses-302_task-s7	989	7	38	sub-010	ses-102	task-s7	1;2;3	7;7;7
344	345	344	345	3	3	trialwise	344;2127;3873	344;2127;3873	3;14;25	27;42;20	sub-010_ses-101_task-s3;sub-010_ses-201_task-s3;sub-010_ses-301_task-s3	344	3	27	sub-010	ses-101	task-s3	1;2;3	3;3;3
345	346	345	346	3	3	trialwise	560;2355;4029	560;2355;4029	4;15;26	84;111;17	sub-010_ses-102_task-s4;sub-010_ses-201_task-s4;sub-010_ses-301_task-s4	560	4	84	sub-010	ses-102	task-s4	1;2;3	4;4;4
346	347	346	347	3	3	trialwise	985;2835;4564	985;2835;4564	7;18;29	34;116;77	sub-010_ses-102_task-s7;sub-010_ses-202_task-s7;sub-010_ses-302_task-s7	985	7	34	sub-010	ses-102	task-s7	1;2;3	7;7;7
347	348	347	348	3	3	trialwise	131;1885;3653	131;1885;3653	1;12;23	132;118;118	sub-010_ses-101_task-s1;sub-010_ses-201_task-s1;sub-010_ses-301_task-s1	131	1	132	sub-010	ses-101	task-s1	1;2;3	1;1;1
348	349	348	349	3	3	trialwise	338;2221;3858	338;2221;3858	3;14;25	21;136;5	sub-010_ses-101_task-s3;sub-010_ses-201_task-s3;sub-010_ses-301_task-s3	338	3	21	sub-010	ses-101	task-s3	1;2;3	3;3;3
349	350	349	350	3	3	trialwise	26;1890;3658	26;1890;3658	1;12;23	27;123;123	sub-010_ses-101_task-s1;sub-010_ses-201_task-s1;sub-010_ses-301_task-s1	26	1	27	sub-010	ses-101	task-s1	1;2;3	1;1;1
350	351	350	351	3	3	trialwise	239;2043;3817	239;2043;3817	2;13;24	81;117;123	sub-010_ses-101_task-s2;sub-010_ses-201_task-s2;sub-010_ses-301_task-s2	239	2	81	sub-010	ses-101	task-s2	1;2;3	2;2;2
351	352	351	352	3	3	trialwise	384;2153;3925	384;2153;3925	3;14;25	67;68;72	sub-010_ses-101_task-s3;sub-010_ses-201_task-s3;sub-010_ses-301_task-s3	384	3	67	sub-010	ses-101	task-s3	1;2;3	3;3;3
352	353	352	353	3	3	trialwise	633;2254;4133	633;2254;4133	4;15;26	157;10;121	sub-010_ses-102_task-s4;sub-010_ses-201_task-s4;sub-010_ses-301_task-s4	633	4	157	sub-010	ses-102	task-s4	1;2;3	4;4;4
353	354	353	354	3	3	trialwise	747;2557;4183	747;2557;4183	5;16;27	112;154;12	sub-010_ses-102_task-s5;sub-010_ses-202_task-s5;sub-010_ses-302_task-s5	747	5	112	sub-010	ses-102	task-s5	1;2;3	5;5;5
354	355	354	355	3	3	trialwise	752;2417;4311	752;2417;4311	5;16;27	117;14;140	sub-010_ses-102_task-s5;sub-010_ses-202_task-s5;sub-010_ses-302_task-s5	752	5	117	sub-010	ses-102	task-s5	1;2;3	5;5;5
355	356	355	356	3	3	trialwise	700;2478;4209	700;2478;4209	5;16;27	65;75;38	sub-010_ses-102_task-s5;sub-010_ses-202_task-s5;sub-010_ses-302_task-s5	700	5	65	sub-010	ses-102	task-s5	1;2;3	5;5;5
356	357	356	357	3	3	trialwise	859;2628;4459	859;2628;4459	6;17;28	66;67;130	sub-010_ses-102_task-s6;sub-010_ses-202_task-s6;sub-010_ses-302_task-s6	859	6	66	sub-010	ses-102	task-s6	1;2;3	6;6;6
357	358	357	358	3	3	trialwise	516;2356;4106	516;2356;4106	4;15;26	40;112;94	sub-010_ses-102_task-s4;sub-010_ses-201_task-s4;sub-010_ses-301_task-s4	516	4	40	sub-010	ses-102	task-s4	1;2;3	4;4;4
358	359	358	359	3	3	trialwise	335;2155;3931	335;2155;3931	3;14;25	18;70;78	sub-010_ses-101_task-s3;sub-010_ses-201_task-s3;sub-010_ses-301_task-s3	335	3	18	sub-010	ses-101	task-s3	1;2;3	3;3;3
359	360	359	360	3	3	trialwise	807;2692;4437	807;2692;4437	6;17;28	14;131;108	sub-010_ses-102_task-s6;sub-010_ses-202_task-s6;sub-010_ses-302_task-s6	807	6	14	sub-010	ses-102	task-s6	1;2;3	6;6;6
360	361	360	361	3	3	trialwise	74;1802;3570	74;1802;3570	1;12;23	75;35;35	sub-010_ses-101_task-s1;sub-010_ses-201_task-s1;sub-010_ses-301_task-s1	74	1	75	sub-010	ses-101	task-s1	1;2;3	1;1;1
361	362	361	362	3	3	trialwise	391;2089;3893	391;2089;3893	3;14;25	74;4;40	sub-010_ses-101_task-s3;sub-010_ses-201_task-s3;sub-010_ses-301_task-s3	391	3	74	sub-010	ses-101	task-s3	1;2;3	3;3;3
362	363	362	363	3	3	trialwise	1245;3027;4790	1245;3027;4790	8;19;30	136;150;145	sub-010_ses-102_task-s8;sub-010_ses-202_task-s8;sub-010_ses-302_task-s8	1245	8	136	sub-010	ses-102	task-s8	1;2;3	8;8;8
363	364	363	364	3	3	trialwise	648;2541;4298	648;2541;4298	5;16;27	13;138;127	sub-010_ses-102_task-s5;sub-010_ses-202_task-s5;sub-010_ses-302_task-s5	648	5	13	sub-010	ses-102	task-s5	1;2;3	5;5;5
364	365	364	365	3	3	trialwise	139;1845;3613	139;1845;3613	1;12;23	140;78;78	sub-010_ses-101_task-s1;sub-010_ses-201_task-s1;sub-010_ses-301_task-s1	139	1	140	sub-010	ses-101	task-s1	1;2;3	1;1;1
365	366	365	366	3	3	trialwise	896;2595;4403	896;2595;4403	6;17;28	103;34;74	sub-010_ses-102_task-s6;sub-010_ses-202_task-s6;sub-010_ses-302_task-s6	896	6	103	sub-010	ses-102	task-s6	1;2;3	6;6;6
366	367	366	367	3	3	trialwise	67;1839;3607	67;1839;3607	1;12;23	68;72;72	sub-010_ses-101_task-s1;sub-010_ses-201_task-s1;sub-010_ses-301_task-s1	67	1	68	sub-010	ses-101	task-s1	1;2;3	1;1;1
367	368	367	368	3	3	trialwise	1197;2989;4718	1197;2989;4718	8;19;30	88;112;73	sub-010_ses-102_task-s8;sub-010_ses-202_task-s8;sub-010_ses-302_task-s8	1197	8	88	sub-010	ses-102	task-s8	1;2;3	8;8;8
368	369	368	369	3	3	trialwise	762;2457;4279	762;2457;4279	5;16;27	127;54;108	sub-010_ses-102_task-s5;sub-010_ses-202_task-s5;sub-010_ses-302_task-s5	762	5	127	sub-010	ses-102	task-s5	1;2;3	5;5;5
369	370	369	370	3	3	trialwise	171;2046;3851	171;2046;3851	2;13;24	13;120;157	sub-010_ses-101_task-s2;sub-010_ses-201_task-s2;sub-010_ses-301_task-s2	171	2	13	sub-010	ses-101	task-s2	1;2;3	2;2;2
370	371	370	371	3	3	trialwise	667;2542;4237	667;2542;4237	5;16;27	32;139;66	sub-010_ses-102_task-s5;sub-010_ses-202_task-s5;sub-010_ses-302_task-s5	667	5	32	sub-010	ses-102	task-s5	1;2;3	5;5;5
371	372	371	372	3	3	trialwise	544;2392;4140	544;2392;4140	4;15;26	68;148;128	sub-010_ses-102_task-s4;sub-010_ses-201_task-s4;sub-010_ses-301_task-s4	544	4	68	sub-010	ses-102	task-s4	1;2;3	4;4;4
372	373	372	373	3	3	trialwise	1071;2810;4532	1071;2810;4532	7;18;29	120;91;45	sub-010_ses-102_task-s7;sub-010_ses-202_task-s7;sub-010_ses-302_task-s7	1071	7	120	sub-010	ses-102	task-s7	1;2;3	7;7;7
373	374	373	374	3	3	trialwise	1088;2855;4645	1088;2855;4645	7;18;29	137;136;158	sub-010_ses-102_task-s7;sub-010_ses-202_task-s7;sub-010_ses-302_task-s7	1088	7	137	sub-010	ses-102	task-s7	1;2;3	7;7;7
374	375	374	375	3	3	trialwise	290;2021;3799	290;2021;3799	2;13;24	132;95;105	sub-010_ses-101_task-s2;sub-010_ses-201_task-s2;sub-010_ses-301_task-s2	290	2	132	sub-010	ses-101	task-s2	1;2;3	2;2;2
375	376	375	376	3	3	trialwise	525;2365;4048	525;2365;4048	4;15;26	49;121;36	sub-010_ses-102_task-s4;sub-010_ses-201_task-s4;sub-010_ses-301_task-s4	525	4	49	sub-010	ses-102	task-s4	1;2;3	4;4;4
376	377	376	377	3	3	trialwise	78;1866;3634	78;1866;3634	1;12;23	79;99;99	sub-010_ses-101_task-s1;sub-010_ses-201_task-s1;sub-010_ses-301_task-s1	78	1	79	sub-010	ses-101	task-s1	1;2;3	1;1;1
377	378	377	378	3	3	trialwise	1037;2876;4531	1037;2876;4531	7;18;29	86;157;44	sub-010_ses-102_task-s7;sub-010_ses-202_task-s7;sub-010_ses-302_task-s7	1037	7	86	sub-010	ses-102	task-s7	1;2;3	7;7;7
378	379	378	379	3	3	trialwise	262;2036;3755	262;2036;3755	2;13;24	104;110;61	sub-010_ses-101_task-s2;sub-010_ses-201_task-s2;sub-010_ses-301_task-s2	262	2	104	sub-010	ses-101	task-s2	1;2;3	2;2;2
379	380	379	380	3	3	trialwise	33;1877;3645	33;1877;3645	1;12;23	34;110;110	sub-010_ses-101_task-s1;sub-010_ses-201_task-s1;sub-010_ses-301_task-s1	33	1	34	sub-010	ses-101	task-s1	1;2;3	1;1;1
380	381	380	381	3	3	trialwise	789;2453;4174	789;2453;4174	5;16;27	154;50;3	sub-010_ses-102_task-s5;sub-010_ses-202_task-s5;sub-010_ses-302_task-s5	789	5	154	sub-010	ses-102	task-s5	1;2;3	5;5;5
381	382	381	382	3	3	trialwise	767;2521;4218	767;2521;4218	5;16;27	132;118;47	sub-010_ses-102_task-s5;sub-010_ses-202_task-s5;sub-010_ses-302_task-s5	767	5	132	sub-010	ses-102	task-s5	1;2;3	5;5;5
382	383	382	383	3	3	trialwise	358;2207;4010	358;2207;4010	3;14;25	41;122;157	sub-010_ses-101_task-s3;sub-010_ses-201_task-s3;sub-010_ses-301_task-s3	358	3	41	sub-010	ses-101	task-s3	1;2;3	3;3;3
383	384	383	384	3	3	trialwise	1112;2909;4703	1112;2909;4703	8;19;30	3;32;58	sub-010_ses-102_task-s8;sub-010_ses-202_task-s8;sub-010_ses-302_task-s8	1112	8	3	sub-010	ses-102	task-s8	1;2;3	8;8;8
384	385	384	385	3	3	trialwise	273;1968;3696	273;1968;3696	2;13;24	115;42;2	sub-010_ses-101_task-s2;sub-010_ses-201_task-s2;sub-010_ses-301_task-s2	273	2	115	sub-010	ses-101	task-s2	1;2;3	2;2;2
385	386	385	386	3	3	trialwise	999;2871;4586	999;2871;4586	7;18;29	48;152;99	sub-010_ses-102_task-s7;sub-010_ses-202_task-s7;sub-010_ses-302_task-s7	999	7	48	sub-010	ses-102	task-s7	1;2;3	7;7;7
386	387	386	387	3	3	trialwise	684;2532;4259	684;2532;4259	5;16;27	49;129;88	sub-010_ses-102_task-s5;sub-010_ses-202_task-s5;sub-010_ses-302_task-s5	684	5	49	sub-010	ses-102	task-s5	1;2;3	5;5;5
387	388	387	388	3	3	trialwise	1039;2773;4598	1039;2773;4598	7;18;29	88;54;111	sub-010_ses-102_task-s7;sub-010_ses-202_task-s7;sub-010_ses-302_task-s7	1039	7	88	sub-010	ses-102	task-s7	1;2;3	7;7;7
388	389	388	389	3	3	trialwise	576;2353;4159	576;2353;4159	4;15;26	100;109;147	sub-010_ses-102_task-s4;sub-010_ses-201_task-s4;sub-010_ses-301_task-s4	576	4	100	sub-010	ses-102	task-s4	1;2;3	4;4;4
389	390	389	390	3	3	trialwise	451;2213;3887	451;2213;3887	3;14;25	134;128;34	sub-010_ses-101_task-s3;sub-010_ses-201_task-s3;sub-010_ses-301_task-s3	451	3	134	sub-010	ses-101	task-s3	1;2;3	3;3;3
390	391	390	391	3	3	trialwise	46;1882;3650	46;1882;3650	1;12;23	47;115;115	sub-010_ses-101_task-s1;sub-010_ses-201_task-s1;sub-010_ses-301_task-s1	46	1	47	sub-010	ses-101	task-s1	1;2;3	1;1;1
391	392	391	392	3	3	trialwise	582;2348;4071	582;2348;4071	4;15;26	106;104;59	sub-010_ses-102_task-s4;sub-010_ses-201_task-s4;sub-010_ses-301_task-s4	582	4	106	sub-010	ses-102	task-s4	1;2;3	4;4;4
392	393	392	393	3	3	trialwise	380;2092;3949	380;2092;3949	3;14;25	63;7;96	sub-010_ses-101_task-s3;sub-010_ses-201_task-s3;sub-010_ses-301_task-s3	380	3	63	sub-010	ses-101	task-s3	1;2;3	3;3;3
393	394	393	394	3	3	trialwise	618;2280;4077	618;2280;4077	4;15;26	142;36;65	sub-010_ses-102_task-s4;sub-010_ses-201_task-s4;sub-010_ses-301_task-s4	618	4	142	sub-010	ses-102	task-s4	1;2;3	4;4;4
394	395	394	395	3	3	trialwise	366;2176;3879	366;2176;3879	3;14;25	49;91;26	sub-010_ses-101_task-s3;sub-010_ses-201_task-s3;sub-010_ses-301_task-s3	366	3	49	sub-010	ses-101	task-s3	1;2;3	3;3;3
395	396	395	396	3	3	trialwise	1242;2944;4769	1242;2944;4769	8;19;30	133;67;124	sub-010_ses-102_task-s8;sub-010_ses-202_task-s8;sub-010_ses-302_task-s8	1242	8	133	sub-010	ses-102	task-s8	1;2;3	8;8;8
396	397	396	397	3	3	trialwise	1094;2792;4556	1094;2792;4556	7;18;29	143;73;69	sub-010_ses-102_task-s7;sub-010_ses-202_task-s7;sub-010_ses-302_task-s7	1094	7	143	sub-010	ses-102	task-s7	1;2;3	7;7;7
397	398	397	398	3	3	trialwise	691;2428;4286	691;2428;4286	5;16;27	56;25;115	sub-010_ses-102_task-s5;sub-010_ses-202_task-s5;sub-010_ses-302_task-s5	691	5	56	sub-010	ses-102	task-s5	1;2;3	5;5;5
398	399	398	399	3	3	trialwise	980;2735;4496	980;2735;4496	7;18;29	29;16;9	sub-010_ses-102_task-s7;sub-010_ses-202_task-s7;sub-010_ses-302_task-s7	980	7	29	sub-010	ses-102	task-s7	1;2;3	7;7;7
399	400	399	400	3	3	trialwise	1067;2848;4631	1067;2848;4631	7;18;29	116;129;144	sub-010_ses-102_task-s7;sub-010_ses-202_task-s7;sub-010_ses-302_task-s7	1067	7	116	sub-010	ses-102	task-s7	1;2;3	7;7;7
400	401	400	401	3	3	trialwise	1164;3013;4660	1164;3013;4660	8;19;30	55;136;15	sub-010_ses-102_task-s8;sub-010_ses-202_task-s8;sub-010_ses-302_task-s8	1164	8	55	sub-010	ses-102	task-s8	1;2;3	8;8;8
401	402	401	402	3	3	trialwise	605;2302;4107	605;2302;4107	4;15;26	129;58;95	sub-010_ses-102_task-s4;sub-010_ses-201_task-s4;sub-010_ses-301_task-s4	605	4	129	sub-010	ses-102	task-s4	1;2;3	4;4;4
402	403	402	403	3	3	trialwise	878;2626;4383	878;2626;4383	6;17;28	85;65;54	sub-010_ses-102_task-s6;sub-010_ses-202_task-s6;sub-010_ses-302_task-s6	878	6	85	sub-010	ses-102	task-s6	1;2;3	6;6;6
403	404	403	404	3	3	trialwise	955;2807;4623	955;2807;4623	7;18;29	4;88;136	sub-010_ses-102_task-s7;sub-010_ses-202_task-s7;sub-010_ses-302_task-s7	955	7	4	sub-010	ses-102	task-s7	1;2;3	7;7;7
404	405	404	405	3	3	trialwise	990;2737;4629	990;2737;4629	7;18;29	39;18;142	sub-010_ses-102_task-s7;sub-010_ses-202_task-s7;sub-010_ses-302_task-s7	990	7	39	sub-010	ses-102	task-s7	1;2;3	7;7;7
405	406	405	406	3	3	trialwise	673;2501;4247	673;2501;4247	5;16;27	38;98;76	sub-010_ses-102_task-s5;sub-010_ses-202_task-s5;sub-010_ses-302_task-s5	673	5	38	sub-010	ses-102	task-s5	1;2;3	5;5;5
406	407	406	407	3	3	trialwise	709;2539;4226	709;2539;4226	5;16;27	74;136;55	sub-010_ses-102_task-s5;sub-010_ses-202_task-s5;sub-010_ses-302_task-s5	709	5	74	sub-010	ses-102	task-s5	1;2;3	5;5;5
407	408	407	408	3	3	trialwise	40;1816;3584	40;1816;3584	1;12;23	41;49;49	sub-010_ses-101_task-s1;sub-010_ses-201_task-s1;sub-010_ses-301_task-s1	40	1	41	sub-010	ses-101	task-s1	1;2;3	1;1;1
408	409	408	409	3	3	trialwise	76;1872;3640	76;1872;3640	1;12;23	77;105;105	sub-010_ses-101_task-s1;sub-010_ses-201_task-s1;sub-010_ses-301_task-s1	76	1	77	sub-010	ses-101	task-s1	1;2;3	1;1;1
409	410	409	410	3	3	trialwise	1147;2912;4695	1147;2912;4695	8;19;30	38;35;50	sub-010_ses-102_task-s8;sub-010_ses-202_task-s8;sub-010_ses-302_task-s8	1147	8	38	sub-010	ses-102	task-s8	1;2;3	8;8;8
410	411	410	411	3	3	trialwise	25;1868;3636	25;1868;3636	1;12;23	26;101;101	sub-010_ses-101_task-s1;sub-010_ses-201_task-s1;sub-010_ses-301_task-s1	25	1	26	sub-010	ses-101	task-s1	1;2;3	1;1;1
411	412	411	412	3	3	trialwise	552;2401;4158	552;2401;4158	4;15;26	76;157;146	sub-010_ses-102_task-s4;sub-010_ses-201_task-s4;sub-010_ses-301_task-s4	552	4	76	sub-010	ses-102	task-s4	1;2;3	4;4;4
412	413	412	413	3	3	trialwise	416;2236;3948	416;2236;3948	3;14;25	99;151;95	sub-010_ses-101_task-s3;sub-010_ses-201_task-s3;sub-010_ses-301_task-s3	416	3	99	sub-010	ses-101	task-s3	1;2;3	3;3;3
413	414	413	414	3	3	trialwise	1119;2960;4708	1119;2960;4708	8;19;30	10;83;63	sub-010_ses-102_task-s8;sub-010_ses-202_task-s8;sub-010_ses-302_task-s8	1119	8	10	sub-010	ses-102	task-s8	1;2;3	8;8;8
414	415	414	415	3	3	trialwise	568;2386;4057	568;2386;4057	4;15;26	92;142;45	sub-010_ses-102_task-s4;sub-010_ses-201_task-s4;sub-010_ses-301_task-s4	568	4	92	sub-010	ses-102	task-s4	1;2;3	4;4;4
415	416	415	416	3	3	trialwise	1163;3010;4710	1163;3010;4710	8;19;30	54;133;65	sub-010_ses-102_task-s8;sub-010_ses-202_task-s8;sub-010_ses-302_task-s8	1163	8	54	sub-010	ses-102	task-s8	1;2;3	8;8;8
416	417	416	417	3	3	trialwise	729;2508;4300	729;2508;4300	5;16;27	94;105;129	sub-010_ses-102_task-s5;sub-010_ses-202_task-s5;sub-010_ses-302_task-s5	729	5	94	sub-010	ses-102	task-s5	1;2;3	5;5;5
417	418	417	418	3	3	trialwise	717;2538;4246	717;2538;4246	5;16;27	82;135;75	sub-010_ses-102_task-s5;sub-010_ses-202_task-s5;sub-010_ses-302_task-s5	717	5	82	sub-010	ses-102	task-s5	1;2;3	5;5;5
418	419	418	419	3	3	trialwise	39;1797;3565	39;1797;3565	1;12;23	40;30;30	sub-010_ses-101_task-s1;sub-010_ses-201_task-s1;sub-010_ses-301_task-s1	39	1	40	sub-010	ses-101	task-s1	1;2;3	1;1;1
419	420	419	420	3	3	trialwise	1115;3020;4682	1115;3020;4682	8;19;30	6;143;37	sub-010_ses-102_task-s8;sub-010_ses-202_task-s8;sub-010_ses-302_task-s8	1115	8	6	sub-010	ses-102	task-s8	1;2;3	8;8;8
420	421	420	421	3	3	trialwise	444;2149;3950	444;2149;3950	3;14;25	127;64;97	sub-010_ses-101_task-s3;sub-010_ses-201_task-s3;sub-010_ses-301_task-s3	444	3	127	sub-010	ses-101	task-s3	1;2;3	3;3;3
421	422	421	422	3	3	trialwise	726;2509;4262	726;2509;4262	5;16;27	91;106;91	sub-010_ses-102_task-s5;sub-010_ses-202_task-s5;sub-010_ses-302_task-s5	726	5	91	sub-010	ses-102	task-s5	1;2;3	5;5;5
422	423	422	423	3	3	trialwise	838;2637;4466	838;2637;4466	6;17;28	45;76;137	sub-010_ses-102_task-s6;sub-010_ses-202_task-s6;sub-010_ses-302_task-s6	838	6	45	sub-010	ses-102	task-s6	1;2;3	6;6;6
423	424	423	424	3	3	trialwise	1104;2815;4620	1104;2815;4620	7;18;29	153;96;133	sub-010_ses-102_task-s7;sub-010_ses-202_task-s7;sub-010_ses-302_task-s7	1104	7	153	sub-010	ses-102	task-s7	1;2;3	7;7;7
424	425	424	425	3	3	trialwise	447;2183;3896	447;2183;3896	3;14;25	130;98;43	sub-010_ses-101_task-s3;sub-010_ses-201_task-s3;sub-010_ses-301_task-s3	447	3	130	sub-010	ses-101	task-s3	1;2;3	3;3;3
425	426	425	426	3	3	trialwise	733;2467;4176	733;2467;4176	5;16;27	98;64;5	sub-010_ses-102_task-s5;sub-010_ses-202_task-s5;sub-010_ses-302_task-s5	733	5	98	sub-010	ses-102	task-s5	1;2;3	5;5;5
426	427	426	427	3	3	trialwise	75;1784;3552	75;1784;3552	1;12;23	76;17;17	sub-010_ses-101_task-s1;sub-010_ses-201_task-s1;sub-010_ses-301_task-s1	75	1	76	sub-010	ses-101	task-s1	1;2;3	1;1;1
427	428	427	428	3	3	trialwise	1032;2798;4591	1032;2798;4591	7;18;29	81;79;104	sub-010_ses-102_task-s7;sub-010_ses-202_task-s7;sub-010_ses-302_task-s7	1032	7	81	sub-010	ses-102	task-s7	1;2;3	7;7;7
428	429	428	429	3	3	trialwise	670;2451;4303	670;2451;4303	5;16;27	35;48;132	sub-010_ses-102_task-s5;sub-010_ses-202_task-s5;sub-010_ses-302_task-s5	670	5	35	sub-010	ses-102	task-s5	1;2;3	5;5;5
429	430	429	430	3	3	trialwise	1162;2994;4659	1162;2994;4659	8;19;30	53;117;14	sub-010_ses-102_task-s8;sub-010_ses-202_task-s8;sub-010_ses-302_task-s8	1162	8	53	sub-010	ses-102	task-s8	1;2;3	8;8;8
430	431	430	431	3	3	trialwise	362;2145;3864	362;2145;3864	3;14;25	45;60;11	sub-010_ses-101_task-s3;sub-010_ses-201_task-s3;sub-010_ses-301_task-s3	362	3	45	sub-010	ses-101	task-s3	1;2;3	3;3;3
431	432	431	432	3	3	trialwise	1218;2997;4797	1218;2997;4797	8;19;30	109;120;152	sub-010_ses-102_task-s8;sub-010_ses-202_task-s8;sub-010_ses-302_task-s8	1218	8	109	sub-010	ses-102	task-s8	1;2;3	8;8;8
432	433	432	433	3	3	trialwise	993;2734;4502	993;2734;4502	7;18;29	42;15;15	sub-010_ses-102_task-s7;sub-010_ses-202_task-s7;sub-010_ses-302_task-s7	993	7	42	sub-010	ses-102	task-s7	1;2;3	7;7;7
433	434	433	434	3	3	trialwise	580;2398;4165	580;2398;4165	4;15;26	104;154;153	sub-010_ses-102_task-s4;sub-010_ses-201_task-s4;sub-010_ses-301_task-s4	580	4	104	sub-010	ses-102	task-s4	1;2;3	4;4;4
434	435	434	435	3	3	trialwise	401;2220;4008	401;2220;4008	3;14;25	84;135;155	sub-010_ses-101_task-s3;sub-010_ses-201_task-s3;sub-010_ses-301_task-s3	401	3	84	sub-010	ses-101	task-s3	1;2;3	3;3;3
435	436	435	436	3	3	trialwise	1106;2746;4542	1106;2746;4542	7;18;29	155;27;55	sub-010_ses-102_task-s7;sub-010_ses-202_task-s7;sub-010_ses-302_task-s7	1106	7	155	sub-010	ses-102	task-s7	1;2;3	7;7;7
436	437	436	437	3	3	trialwise	755;2499;4319	755;2499;4319	5;16;27	120;96;148	sub-010_ses-102_task-s5;sub-010_ses-202_task-s5;sub-010_ses-302_task-s5	755	5	120	sub-010	ses-102	task-s5	1;2;3	5;5;5
437	438	437	438	3	3	trialwise	415;2165;3934	415;2165;3934	3;14;25	98;80;81	sub-010_ses-101_task-s3;sub-010_ses-201_task-s3;sub-010_ses-301_task-s3	415	3	98	sub-010	ses-101	task-s3	1;2;3	3;3;3
438	439	438	439	3	3	trialwise	508;2371;4063	508;2371;4063	4;15;26	32;127;51	sub-010_ses-102_task-s4;sub-010_ses-201_task-s4;sub-010_ses-301_task-s4	508	4	32	sub-010	ses-102	task-s4	1;2;3	4;4;4
439	440	439	440	3	3	trialwise	803;2597;4387	803;2597;4387	6;17;28	10;36;58	sub-010_ses-102_task-s6;sub-010_ses-202_task-s6;sub-010_ses-302_task-s6	803	6	10	sub-010	ses-102	task-s6	1;2;3	6;6;6
440	441	440	441	3	3	trialwise	133;1847;3615	133;1847;3615	1;12;23	134;80;80	sub-010_ses-101_task-s1;sub-010_ses-201_task-s1;sub-010_ses-301_task-s1	133	1	134	sub-010	ses-101	task-s1	1;2;3	1;1;1
441	442	441	442	3	3	trialwise	400;2148;3863	400;2148;3863	3;14;25	83;63;10	sub-010_ses-101_task-s3;sub-010_ses-201_task-s3;sub-010_ses-301_task-s3	400	3	83	sub-010	ses-101	task-s3	1;2;3	3;3;3
442	443	442	443	3	3	trialwise	766;2447;4292	766;2447;4292	5;16;27	131;44;121	sub-010_ses-102_task-s5;sub-010_ses-202_task-s5;sub-010_ses-302_task-s5	766	5	131	sub-010	ses-102	task-s5	1;2;3	5;5;5
443	444	443	444	3	3	trialwise	806;2714;4336	806;2714;4336	6;17;28	13;153;7	sub-010_ses-102_task-s6;sub-010_ses-202_task-s6;sub-010_ses-302_task-s6	806	6	13	sub-010	ses-102	task-s6	1;2;3	6;6;6
444	445	444	445	3	3	trialwise	20;1922;3690	20;1922;3690	1;12;23	21;155;155	sub-010_ses-101_task-s1;sub-010_ses-201_task-s1;sub-010_ses-301_task-s1	20	1	21	sub-010	ses-101	task-s1	1;2;3	1;1;1
445	446	445	446	3	3	trialwise	634;2263;4018	634;2263;4018	4;15;26	158;19;6	sub-010_ses-102_task-s4;sub-010_ses-201_task-s4;sub-010_ses-301_task-s4	634	4	158	sub-010	ses-102	task-s4	1;2;3	4;4;4
446	447	446	447	3	3	trialwise	852;2611;4468	852;2611;4468	6;17;28	59;50;139	sub-010_ses-102_task-s6;sub-010_ses-202_task-s6;sub-010_ses-302_task-s6	852	6	59	sub-010	ses-102	task-s6	1;2;3	6;6;6
447	448	447	448	3	3	trialwise	437;2100;3884	437;2100;3884	3;14;25	120;15;31	sub-010_ses-101_task-s3;sub-010_ses-201_task-s3;sub-010_ses-301_task-s3	437	3	120	sub-010	ses-101	task-s3	1;2;3	3;3;3
448	449	448	449	3	3	trialwise	65;1824;3592	65;1824;3592	1;12;23	66;57;57	sub-010_ses-101_task-s1;sub-010_ses-201_task-s1;sub-010_ses-301_task-s1	65	1	66	sub-010	ses-101	task-s1	1;2;3	1;1;1
449	450	449	450	3	3	trialwise	449;2091;3970	449;2091;3970	3;14;25	132;6;117	sub-010_ses-101_task-s3;sub-010_ses-201_task-s3;sub-010_ses-301_task-s3	449	3	132	sub-010	ses-101	task-s3	1;2;3	3;3;3
450	451	450	451	3	3	trialwise	708;2485;4197	708;2485;4197	5;16;27	73;82;26	sub-010_ses-102_task-s5;sub-010_ses-202_task-s5;sub-010_ses-302_task-s5	708	5	73	sub-010	ses-102	task-s5	1;2;3	5;5;5
451	452	451	452	3	3	trialwise	632;2357;4084	632;2357;4084	4;15;26	156;113;72	sub-010_ses-102_task-s4;sub-010_ses-201_task-s4;sub-010_ses-301_task-s4	632	4	156	sub-010	ses-102	task-s4	1;2;3	4;4;4
452	453	452	453	3	3	trialwise	164;1948;3790	164;1948;3790	2;13;24	6;22;96	sub-010_ses-101_task-s2;sub-010_ses-201_task-s2;sub-010_ses-301_task-s2	164	2	6	sub-010	ses-101	task-s2	1;2;3	2;2;2
453	454	453	454	3	3	trialwise	1127;2911;4759	1127;2911;4759	8;19;30	18;34;114	sub-010_ses-102_task-s8;sub-010_ses-202_task-s8;sub-010_ses-302_task-s8	1127	8	18	sub-010	ses-102	task-s8	1;2;3	8;8;8
454	455	454	455	3	3	trialwise	342;2138;3939	342;2138;3939	3;14;25	25;53;86	sub-010_ses-101_task-s3;sub-010_ses-201_task-s3;sub-010_ses-301_task-s3	342	3	25	sub-010	ses-101	task-s3	1;2;3	3;3;3
455	456	455	456	3	3	trialwise	294;1963;3729	294;1963;3729	2;13;24	136;37;35	sub-010_ses-101_task-s2;sub-010_ses-201_task-s2;sub-010_ses-301_task-s2	294	2	136	sub-010	ses-101	task-s2	1;2;3	2;2;2
456	457	456	457	3	3	trialwise	121;1861;3629	121;1861;3629	1;12;23	122;94;94	sub-010_ses-101_task-s1;sub-010_ses-201_task-s1;sub-010_ses-301_task-s1	121	1	122	sub-010	ses-101	task-s1	1;2;3	1;1;1
457	458	457	458	3	3	trialwise	606;2403;4170	606;2403;4170	4;15;26	130;159;158	sub-010_ses-102_task-s4;sub-010_ses-201_task-s4;sub-010_ses-301_task-s4	606	4	130	sub-010	ses-102	task-s4	1;2;3	4;4;4
458	459	458	459	3	3	trialwise	934;2609;4330	934;2609;4330	6;17;28	141;48;1	sub-010_ses-102_task-s6;sub-010_ses-202_task-s6;sub-010_ses-302_task-s6	934	6	141	sub-010	ses-102	task-s6	1;2;3	6;6;6
459	460	459	460	3	3	trialwise	550;2261;4101	550;2261;4101	4;15;26	74;17;89	sub-010_ses-102_task-s4;sub-010_ses-201_task-s4;sub-010_ses-301_task-s4	550	4	74	sub-010	ses-102	task-s4	1;2;3	4;4;4
460	461	460	461	3	3	trialwise	1219;2901;4773	1219;2901;4773	8;19;30	110;24;128	sub-010_ses-102_task-s8;sub-010_ses-202_task-s8;sub-010_ses-302_task-s8	1219	8	110	sub-010	ses-102	task-s8	1;2;3	8;8;8
461	462	461	462	3	3	trialwise	1220;2910;4652	1220;2910;4652	8;19;30	111;33;7	sub-010_ses-102_task-s8;sub-010_ses-202_task-s8;sub-010_ses-302_task-s8	1220	8	111	sub-010	ses-102	task-s8	1;2;3	8;8;8
462	463	462	463	3	3	trialwise	930;2661;4365	930;2661;4365	6;17;28	137;100;36	sub-010_ses-102_task-s6;sub-010_ses-202_task-s6;sub-010_ses-302_task-s6	930	6	137	sub-010	ses-102	task-s6	1;2;3	6;6;6
463	464	463	464	3	3	trialwise	1047;2843;4584	1047;2843;4584	7;18;29	96;124;97	sub-010_ses-102_task-s7;sub-010_ses-202_task-s7;sub-010_ses-302_task-s7	1047	7	96	sub-010	ses-102	task-s7	1;2;3	7;7;7
464	465	464	465	3	3	trialwise	536;2269;4062	536;2269;4062	4;15;26	60;25;50	sub-010_ses-102_task-s4;sub-010_ses-201_task-s4;sub-010_ses-301_task-s4	536	4	60	sub-010	ses-102	task-s4	1;2;3	4;4;4
465	466	465	466	3	3	trialwise	1193;2980;4777	1193;2980;4777	8;19;30	84;103;132	sub-010_ses-102_task-s8;sub-010_ses-202_task-s8;sub-010_ses-302_task-s8	1193	8	84	sub-010	ses-102	task-s8	1;2;3	8;8;8
466	467	466	467	3	3	trialwise	263;1942;3832	263;1942;3832	2;13;24	105;16;138	sub-010_ses-101_task-s2;sub-010_ses-201_task-s2;sub-010_ses-301_task-s2	263	2	105	sub-010	ses-101	task-s2	1;2;3	2;2;2
467	468	467	468	3	3	trialwise	28;1804;3572	28;1804;3572	1;12;23	29;37;37	sub-010_ses-101_task-s1;sub-010_ses-201_task-s1;sub-010_ses-301_task-s1	28	1	29	sub-010	ses-101	task-s1	1;2;3	1;1;1
468	469	468	469	3	3	trialwise	474;2235;3913	474;2235;3913	3;14;25	157;150;60	sub-010_ses-101_task-s3;sub-010_ses-201_task-s3;sub-010_ses-301_task-s3	474	3	157	sub-010	ses-101	task-s3	1;2;3	3;3;3
469	470	469	470	3	3	trialwise	809;2694;4443	809;2694;4443	6;17;28	16;133;114	sub-010_ses-102_task-s6;sub-010_ses-202_task-s6;sub-010_ses-302_task-s6	809	6	16	sub-010	ses-102	task-s6	1;2;3	6;6;6
470	471	470	471	3	3	trialwise	291;2001;3758	291;2001;3758	2;13;24	133;75;64	sub-010_ses-101_task-s2;sub-010_ses-201_task-s2;sub-010_ses-301_task-s2	291	2	133	sub-010	ses-101	task-s2	1;2;3	2;2;2
471	472	471	472	3	3	trialwise	226;1969;3735	226;1969;3735	2;13;24	68;43;41	sub-010_ses-101_task-s2;sub-010_ses-201_task-s2;sub-010_ses-301_task-s2	226	2	68	sub-010	ses-101	task-s2	1;2;3	2;2;2
472	473	472	473	3	3	trialwise	1181;2900;4793	1181;2900;4793	8;19;30	72;23;148	sub-010_ses-102_task-s8;sub-010_ses-202_task-s8;sub-010_ses-302_task-s8	1181	8	72	sub-010	ses-102	task-s8	1;2;3	8;8;8
473	474	473	474	3	3	trialwise	630;2267;4123	630;2267;4123	4;15;26	154;23;111	sub-010_ses-102_task-s4;sub-010_ses-201_task-s4;sub-010_ses-301_task-s4	630	4	154	sub-010	ses-102	task-s4	1;2;3	4;4;4
474	475	474	475	3	3	trialwise	369;2198;3997	369;2198;3997	3;14;25	52;113;144	sub-010_ses-101_task-s3;sub-010_ses-201_task-s3;sub-010_ses-301_task-s3	369	3	52	sub-010	ses-101	task-s3	1;2;3	3;3;3
475	476	475	476	3	3	trialwise	1171;2999;4768	1171;2999;4768	8;19;30	62;122;123	sub-010_ses-102_task-s8;sub-010_ses-202_task-s8;sub-010_ses-302_task-s8	1171	8	62	sub-010	ses-102	task-s8	1;2;3	8;8;8
476	477	476	477	3	3	trialwise	666;2547;4258	666;2547;4258	5;16;27	31;144;87	sub-010_ses-102_task-s5;sub-010_ses-202_task-s5;sub-010_ses-302_task-s5	666	5	31	sub-010	ses-102	task-s5	1;2;3	5;5;5
477	478	477	478	3	3	trialwise	1033;2821;4617	1033;2821;4617	7;18;29	82;102;130	sub-010_ses-102_task-s7;sub-010_ses-202_task-s7;sub-010_ses-302_task-s7	1033	7	82	sub-010	ses-102	task-s7	1;2;3	7;7;7
478	479	478	479	3	3	trialwise	892;2702;4389	892;2702;4389	6;17;28	99;141;60	sub-010_ses-102_task-s6;sub-010_ses-202_task-s6;sub-010_ses-302_task-s6	892	6	99	sub-010	ses-102	task-s6	1;2;3	6;6;6
479	480	479	480	3	3	trialwise	695;2434;4257	695;2434;4257	5;16;27	60;31;86	sub-010_ses-102_task-s5;sub-010_ses-202_task-s5;sub-010_ses-302_task-s5	695	5	60	sub-010	ses-102	task-s5	1;2;3	5;5;5
480	481	480	481	3	3	trialwise	260;1986;3726	260;1986;3726	2;13;24	102;60;32	sub-010_ses-101_task-s2;sub-010_ses-201_task-s2;sub-010_ses-301_task-s2	260	2	102	sub-010	ses-101	task-s2	1;2;3	2;2;2
481	482	481	482	3	3	trialwise	551;2311;4058	551;2311;4058	4;15;26	75;67;46	sub-010_ses-102_task-s4;sub-010_ses-201_task-s4;sub-010_ses-301_task-s4	551	4	75	sub-010	ses-102	task-s4	1;2;3	4;4;4
482	483	482	483	3	3	trialwise	1055;2824;4514	1055;2824;4514	7;18;29	104;105;27	sub-010_ses-102_task-s7;sub-010_ses-202_task-s7;sub-010_ses-302_task-s7	1055	7	104	sub-010	ses-102	task-s7	1;2;3	7;7;7
483	484	483	484	3	3	trialwise	827;2593;4414	827;2593;4414	6;17;28	34;32;85	sub-010_ses-102_task-s6;sub-010_ses-202_task-s6;sub-010_ses-302_task-s6	827	6	34	sub-010	ses-102	task-s6	1;2;3	6;6;6
484	485	484	485	3	3	trialwise	367;2088;4006	367;2088;4006	3;14;25	50;3;153	sub-010_ses-101_task-s3;sub-010_ses-201_task-s3;sub-010_ses-301_task-s3	367	3	50	sub-010	ses-101	task-s3	1;2;3	3;3;3
485	486	485	486	3	3	trialwise	1131;3003;4764	1131;3003;4764	8;19;30	22;126;119	sub-010_ses-102_task-s8;sub-010_ses-202_task-s8;sub-010_ses-302_task-s8	1131	8	22	sub-010	ses-102	task-s8	1;2;3	8;8;8
486	487	486	487	3	3	trialwise	188;1952;3770	188;1952;3770	2;13;24	30;26;76	sub-010_ses-101_task-s2;sub-010_ses-201_task-s2;sub-010_ses-301_task-s2	188	2	30	sub-010	ses-101	task-s2	1;2;3	2;2;2
487	488	487	488	3	3	trialwise	388;2226;3944	388;2226;3944	3;14;25	71;141;91	sub-010_ses-101_task-s3;sub-010_ses-201_task-s3;sub-010_ses-301_task-s3	388	3	71	sub-010	ses-101	task-s3	1;2;3	3;3;3
488	489	488	489	3	3	trialwise	203;2067;3725	203;2067;3725	2;13;24	45;141;31	sub-010_ses-101_task-s2;sub-010_ses-201_task-s2;sub-010_ses-301_task-s2	203	2	45	sub-010	ses-101	task-s2	1;2;3	2;2;2
489	490	489	490	3	3	trialwise	1159;3014;4771	1159;3014;4771	8;19;30	50;137;126	sub-010_ses-102_task-s8;sub-010_ses-202_task-s8;sub-010_ses-302_task-s8	1159	8	50	sub-010	ses-102	task-s8	1;2;3	8;8;8
490	491	490	491	3	3	trialwise	441;2222;3880	441;2222;3880	3;14;25	124;137;27	sub-010_ses-101_task-s3;sub-010_ses-201_task-s3;sub-010_ses-301_task-s3	441	3	124	sub-010	ses-101	task-s3	1;2;3	3;3;3
491	492	491	492	3	3	trialwise	1258;2972;4733	1258;2972;4733	8;19;30	149;95;88	sub-010_ses-102_task-s8;sub-010_ses-202_task-s8;sub-010_ses-302_task-s8	1258	8	149	sub-010	ses-102	task-s8	1;2;3	8;8;8
492	493	492	493	3	3	trialwise	643;2556;4221	643;2556;4221	5;16;27	8;153;50	sub-010_ses-102_task-s5;sub-010_ses-202_task-s5;sub-010_ses-302_task-s5	643	5	8	sub-010	ses-102	task-s5	1;2;3	5;5;5
493	494	493	494	3	3	trialwise	1217;3032;4705	1217;3032;4705	8;19;30	108;155;60	sub-010_ses-102_task-s8;sub-010_ses-202_task-s8;sub-010_ses-302_task-s8	1217	8	108	sub-010	ses-102	task-s8	1;2;3	8;8;8
494	495	494	495	3	3	trialwise	805;2655;4471	805;2655;4471	6;17;28	12;94;142	sub-010_ses-102_task-s6;sub-010_ses-202_task-s6;sub-010_ses-302_task-s6	805	6	12	sub-010	ses-102	task-s6	1;2;3	6;6;6
495	496	495	496	3	3	trialwise	974;2794;4615	974;2794;4615	7;18;29	23;75;128	sub-010_ses-102_task-s7;sub-010_ses-202_task-s7;sub-010_ses-302_task-s7	974	7	23	sub-010	ses-102	task-s7	1;2;3	7;7;7
496	497	496	497	3	3	trialwise	5;1880;3648	5;1880;3648	1;12;23	6;113;113	sub-010_ses-101_task-s1;sub-010_ses-201_task-s1;sub-010_ses-301_task-s1	5	1	6	sub-010	ses-101	task-s1	1;2;3	1;1;1
497	498	497	498	3	3	trialwise	599;2304;4078	599;2304;4078	4;15;26	123;60;66	sub-010_ses-102_task-s4;sub-010_ses-201_task-s4;sub-010_ses-301_task-s4	599	4	123	sub-010	ses-102	task-s4	1;2;3	4;4;4
498	499	498	499	3	3	trialwise	966;2749;4499	966;2749;4499	7;18;29	15;30;12	sub-010_ses-102_task-s7;sub-010_ses-202_task-s7;sub-010_ses-302_task-s7	966	7	15	sub-010	ses-102	task-s7	1;2;3	7;7;7
499	500	499	500	3	3	trialwise	469;2172;3912	469;2172;3912	3;14;25	152;87;59	sub-010_ses-101_task-s3;sub-010_ses-201_task-s3;sub-010_ses-301_task-s3	469	3	152	sub-010	ses-101	task-s3	1;2;3	3;3;3
500	501	500	501	3	3	trialwise	350;2171;3966	350;2171;3966	3;14;25	33;86;113	sub-010_ses-101_task-s3;sub-010_ses-201_task-s3;sub-010_ses-301_task-s3	350	3	33	sub-010	ses-101	task-s3	1;2;3	3;3;3
501	502	501	502	3	3	trialwise	244;1972;3779	244;1972;3779	2;13;24	86;46;85	sub-010_ses-101_task-s2;sub-010_ses-201_task-s2;sub-010_ses-301_task-s2	244	2	86	sub-010	ses-101	task-s2	1;2;3	2;2;2
502	503	502	503	3	3	trialwise	219;1945;3704	219;1945;3704	2;13;24	61;19;10	sub-010_ses-101_task-s2;sub-010_ses-201_task-s2;sub-010_ses-301_task-s2	219	2	61	sub-010	ses-101	task-s2	1;2;3	2;2;2
503	504	503	504	3	3	trialwise	754;2473;4213	754;2473;4213	5;16;27	119;70;42	sub-010_ses-102_task-s5;sub-010_ses-202_task-s5;sub-010_ses-302_task-s5	754	5	119	sub-010	ses-102	task-s5	1;2;3	5;5;5
504	505	504	505	3	3	trialwise	824;2572;4337	824;2572;4337	6;17;28	31;11;8	sub-010_ses-102_task-s6;sub-010_ses-202_task-s6;sub-010_ses-302_task-s6	824	6	31	sub-010	ses-102	task-s6	1;2;3	6;6;6
505	506	505	506	3	3	trialwise	29;1811;3579	29;1811;3579	1;12;23	30;44;44	sub-010_ses-101_task-s1;sub-010_ses-201_task-s1;sub-010_ses-301_task-s1	29	1	30	sub-010	ses-101	task-s1	1;2;3	1;1;1
506	507	506	507	3	3	trialwise	194;1975;3765	194;1975;3765	2;13;24	36;49;71	sub-010_ses-101_task-s2;sub-010_ses-201_task-s2;sub-010_ses-301_task-s2	194	2	36	sub-010	ses-101	task-s2	1;2;3	2;2;2
507	508	507	508	3	3	trialwise	658;2421;4278	658;2421;4278	5;16;27	23;18;107	sub-010_ses-102_task-s5;sub-010_ses-202_task-s5;sub-010_ses-302_task-s5	658	5	23	sub-010	ses-102	task-s5	1;2;3	5;5;5
508	509	508	509	3	3	trialwise	1001;2850;4579	1001;2850;4579	7;18;29	50;131;92	sub-010_ses-102_task-s7;sub-010_ses-202_task-s7;sub-010_ses-302_task-s7	1001	7	50	sub-010	ses-102	task-s7	1;2;3	7;7;7
509	510	509	510	3	3	trialwise	172;2016;3728	172;2016;3728	2;13;24	14;90;34	sub-010_ses-101_task-s2;sub-010_ses-201_task-s2;sub-010_ses-301_task-s2	172	2	14	sub-010	ses-101	task-s2	1;2;3	2;2;2
510	511	510	511	3	3	trialwise	512;2291;4148	512;2291;4148	4;15;26	36;47;136	sub-010_ses-102_task-s4;sub-010_ses-201_task-s4;sub-010_ses-301_task-s4	512	4	36	sub-010	ses-102	task-s4	1;2;3	4;4;4
511	512	511	512	3	3	trialwise	176;1989;3731	176;1989;3731	2;13;24	18;63;37	sub-010_ses-101_task-s2;sub-010_ses-201_task-s2;sub-010_ses-301_task-s2	176	2	18	sub-010	ses-101	task-s2	1;2;3	2;2;2
512	513	512	513	3	3	trialwise	699;2413;4222	699;2413;4222	5;16;27	64;10;51	sub-010_ses-102_task-s5;sub-010_ses-202_task-s5;sub-010_ses-302_task-s5	699	5	64	sub-010	ses-102	task-s5	1;2;3	5;5;5
513	514	513	514	3	3	trialwise	491;2378;4153	491;2378;4153	4;15;26	15;134;141	sub-010_ses-102_task-s4;sub-010_ses-201_task-s4;sub-010_ses-301_task-s4	491	4	15	sub-010	ses-102	task-s4	1;2;3	4;4;4
514	515	514	515	3	3	trialwise	584;2339;4160	584;2339;4160	4;15;26	108;95;148	sub-010_ses-102_task-s4;sub-010_ses-201_task-s4;sub-010_ses-301_task-s4	584	4	108	sub-010	ses-102	task-s4	1;2;3	4;4;4
515	516	515	516	3	3	trialwise	1213;2882;4761	1213;2882;4761	8;19;30	104;5;116	sub-010_ses-102_task-s8;sub-010_ses-202_task-s8;sub-010_ses-302_task-s8	1213	8	104	sub-010	ses-102	task-s8	1;2;3	8;8;8
516	517	516	517	3	3	trialwise	1120;2995;4748	1120;2995;4748	8;19;30	11;118;103	sub-010_ses-102_task-s8;sub-010_ses-202_task-s8;sub-010_ses-302_task-s8	1120	8	11	sub-010	ses-102	task-s8	1;2;3	8;8;8
517	518	517	518	3	3	trialwise	1230;2908;4677	1230;2908;4677	8;19;30	121;31;32	sub-010_ses-102_task-s8;sub-010_ses-202_task-s8;sub-010_ses-302_task-s8	1230	8	121	sub-010	ses-102	task-s8	1;2;3	8;8;8
518	519	518	519	3	3	trialwise	56;1848;3616	56;1848;3616	1;12;23	57;81;81	sub-010_ses-101_task-s1;sub-010_ses-201_task-s1;sub-010_ses-301_task-s1	56	1	57	sub-010	ses-101	task-s1	1;2;3	1;1;1
519	520	519	520	3	3	trialwise	587;2283;4113	587;2283;4113	4;15;26	111;39;101	sub-010_ses-102_task-s4;sub-010_ses-201_task-s4;sub-010_ses-301_task-s4	587	4	111	sub-010	ses-102	task-s4	1;2;3	4;4;4
520	521	520	521	3	3	trialwise	646;2535;4248	646;2535;4248	5;16;27	11;132;77	sub-010_ses-102_task-s5;sub-010_ses-202_task-s5;sub-010_ses-302_task-s5	646	5	11	sub-010	ses-102	task-s5	1;2;3	5;5;5
521	522	521	522	3	3	trialwise	860;2649;4332	860;2649;4332	6;17;28	67;88;3	sub-010_ses-102_task-s6;sub-010_ses-202_task-s6;sub-010_ses-302_task-s6	860	6	67	sub-010	ses-102	task-s6	1;2;3	6;6;6
522	523	522	523	3	3	trialwise	968;2728;4489	968;2728;4489	7;18;29	17;9;2	sub-010_ses-102_task-s7;sub-010_ses-202_task-s7;sub-010_ses-302_task-s7	968	7	17	sub-010	ses-102	task-s7	1;2;3	7;7;7
523	524	523	524	3	3	trialwise	818;2684;4476	818;2684;4476	6;17;28	25;123;147	sub-010_ses-102_task-s6;sub-010_ses-202_task-s6;sub-010_ses-302_task-s6	818	6	25	sub-010	ses-102	task-s6	1;2;3	6;6;6
524	525	524	525	3	3	trialwise	847;2697;4343	847;2697;4343	6;17;28	54;136;14	sub-010_ses-102_task-s6;sub-010_ses-202_task-s6;sub-010_ses-302_task-s6	847	6	54	sub-010	ses-102	task-s6	1;2;3	6;6;6
525	526	525	526	3	3	trialwise	1082;2831;4507	1082;2831;4507	7;18;29	131;112;20	sub-010_ses-102_task-s7;sub-010_ses-202_task-s7;sub-010_ses-302_task-s7	1082	7	131	sub-010	ses-102	task-s7	1;2;3	7;7;7
526	527	526	527	3	3	trialwise	464;2099;3929	464;2099;3929	3;14;25	147;14;76	sub-010_ses-101_task-s3;sub-010_ses-201_task-s3;sub-010_ses-301_task-s3	464	3	147	sub-010	ses-101	task-s3	1;2;3	3;3;3
527	528	527	528	3	3	trialwise	251;2075;3771	251;2075;3771	2;13;24	93;149;77	sub-010_ses-101_task-s2;sub-010_ses-201_task-s2;sub-010_ses-301_task-s2	251	2	93	sub-010	ses-101	task-s2	1;2;3	2;2;2
528	529	528	529	3	3	trialwise	124;1875;3643	124;1875;3643	1;12;23	125;108;108	sub-010_ses-101_task-s1;sub-010_ses-201_task-s1;sub-010_ses-301_task-s1	124	1	125	sub-010	ses-101	task-s1	1;2;3	1;1;1
529	530	529	530	3	3	trialwise	1178;2985;4782	1178;2985;4782	8;19;30	69;108;137	sub-010_ses-102_task-s8;sub-010_ses-202_task-s8;sub-010_ses-302_task-s8	1178	8	69	sub-010	ses-102	task-s8	1;2;3	8;8;8
530	531	530	531	3	3	trialwise	581;2397;4017	581;2397;4017	4;15;26	105;153;5	sub-010_ses-102_task-s4;sub-010_ses-201_task-s4;sub-010_ses-301_task-s4	581	4	105	sub-010	ses-102	task-s4	1;2;3	4;4;4
531	532	531	532	3	3	trialwise	1165;2966;4673	1165;2966;4673	8;19;30	56;89;28	sub-010_ses-102_task-s8;sub-010_ses-202_task-s8;sub-010_ses-302_task-s8	1165	8	56	sub-010	ses-102	task-s8	1;2;3	8;8;8
532	533	532	533	3	3	trialwise	1232;2892;4734	1232;2892;4734	8;19;30	123;15;89	sub-010_ses-102_task-s8;sub-010_ses-202_task-s8;sub-010_ses-302_task-s8	1232	8	123	sub-010	ses-102	task-s8	1;2;3	8;8;8
533	534	533	534	3	3	trialwise	1060;2778;4588	1060;2778;4588	7;18;29	109;59;101	sub-010_ses-102_task-s7;sub-010_ses-202_task-s7;sub-010_ses-302_task-s7	1060	7	109	sub-010	ses-102	task-s7	1;2;3	7;7;7
534	535	534	535	3	3	trialwise	1062;2774;4561	1062;2774;4561	7;18;29	111;55;74	sub-010_ses-102_task-s7;sub-010_ses-202_task-s7;sub-010_ses-302_task-s7	1062	7	111	sub-010	ses-102	task-s7	1;2;3	7;7;7
535	536	535	536	3	3	trialwise	822;2659;4344	822;2659;4344	6;17;28	29;98;15	sub-010_ses-102_task-s6;sub-010_ses-202_task-s6;sub-010_ses-302_task-s6	822	6	29	sub-010	ses-102	task-s6	1;2;3	6;6;6
536	537	536	537	3	3	trialwise	723;2522;4314	723;2522;4314	5;16;27	88;119;143	sub-010_ses-102_task-s5;sub-010_ses-202_task-s5;sub-010_ses-302_task-s5	723	5	88	sub-010	ses-102	task-s5	1;2;3	5;5;5
537	538	537	538	3	3	trialwise	614;2327;4105	614;2327;4105	4;15;26	138;83;93	sub-010_ses-102_task-s4;sub-010_ses-201_task-s4;sub-010_ses-301_task-s4	614	4	138	sub-010	ses-102	task-s4	1;2;3	4;4;4
538	539	538	539	3	3	trialwise	170;1974;3733	170;1974;3733	2;13;24	12;48;39	sub-010_ses-101_task-s2;sub-010_ses-201_task-s2;sub-010_ses-301_task-s2	170	2	12	sub-010	ses-101	task-s2	1;2;3	2;2;2
539	540	539	540	3	3	trialwise	235;1979;3702	235;1979;3702	2;13;24	77;53;8	sub-010_ses-101_task-s2;sub-010_ses-201_task-s2;sub-010_ses-301_task-s2	235	2	77	sub-010	ses-101	task-s2	1;2;3	2;2;2
540	541	540	541	3	3	trialwise	546;2305;4021	546;2305;4021	4;15;26	70;61;9	sub-010_ses-102_task-s4;sub-010_ses-201_task-s4;sub-010_ses-301_task-s4	546	4	70	sub-010	ses-102	task-s4	1;2;3	4;4;4
541	542	541	542	3	3	trialwise	1177;2939;4685	1177;2939;4685	8;19;30	68;62;40	sub-010_ses-102_task-s8;sub-010_ses-202_task-s8;sub-010_ses-302_task-s8	1177	8	68	sub-010	ses-102	task-s8	1;2;3	8;8;8
542	543	542	543	3	3	trialwise	153;1904;3672	153;1904;3672	1;12;23	154;137;137	sub-010_ses-101_task-s1;sub-010_ses-201_task-s1;sub-010_ses-301_task-s1	153	1	154	sub-010	ses-101	task-s1	1;2;3	1;1;1
543	544	543	544	3	3	trialwise	365;2090;3870	365;2090;3870	3;14;25	48;5;17	sub-010_ses-101_task-s3;sub-010_ses-201_task-s3;sub-010_ses-301_task-s3	365	3	48	sub-010	ses-101	task-s3	1;2;3	3;3;3
544	545	544	545	3	3	trialwise	1013;2825;4592	1013;2825;4592	7;18;29	62;106;105	sub-010_ses-102_task-s7;sub-010_ses-202_task-s7;sub-010_ses-302_task-s7	1013	7	62	sub-010	ses-102	task-s7	1;2;3	7;7;7
545	546	545	546	3	3	trialwise	296;2085;3697	296;2085;3697	2;13;24	138;159;3	sub-010_ses-101_task-s2;sub-010_ses-201_task-s2;sub-010_ses-301_task-s2	296	2	138	sub-010	ses-101	task-s2	1;2;3	2;2;2
546	547	546	547	3	3	trialwise	1005;2777;4634	1005;2777;4634	7;18;29	54;58;147	sub-010_ses-102_task-s7;sub-010_ses-202_task-s7;sub-010_ses-302_task-s7	1005	7	54	sub-010	ses-102	task-s7	1;2;3	7;7;7
547	548	547	548	3	3	trialwise	563;2285;4138	563;2285;4138	4;15;26	87;41;126	sub-010_ses-102_task-s4;sub-010_ses-201_task-s4;sub-010_ses-301_task-s4	563	4	87	sub-010	ses-102	task-s4	1;2;3	4;4;4
548	549	548	549	3	3	trialwise	786;2517;4295	786;2517;4295	5;16;27	151;114;124	sub-010_ses-102_task-s5;sub-010_ses-202_task-s5;sub-010_ses-302_task-s5	786	5	151	sub-010	ses-102	task-s5	1;2;3	5;5;5
549	550	549	550	3	3	trialwise	306;1933;3795	306;1933;3795	2;13;24	148;7;101	sub-010_ses-101_task-s2;sub-010_ses-201_task-s2;sub-010_ses-301_task-s2	306	2	148	sub-010	ses-101	task-s2	1;2;3	2;2;2
550	551	550	551	3	3	trialwise	117;1920;3688	117;1920;3688	1;12;23	118;153;153	sub-010_ses-101_task-s1;sub-010_ses-201_task-s1;sub-010_ses-301_task-s1	117	1	118	sub-010	ses-101	task-s1	1;2;3	1;1;1
551	552	551	552	3	3	trialwise	519;2310;4039	519;2310;4039	4;15;26	43;66;27	sub-010_ses-102_task-s4;sub-010_ses-201_task-s4;sub-010_ses-301_task-s4	519	4	43	sub-010	ses-102	task-s4	1;2;3	4;4;4
552	553	552	553	3	3	trialwise	439;2103;3985	439;2103;3985	3;14;25	122;18;132	sub-010_ses-101_task-s3;sub-010_ses-201_task-s3;sub-010_ses-301_task-s3	439	3	122	sub-010	ses-101	task-s3	1;2;3	3;3;3
553	554	553	554	3	3	trialwise	927;2687;4455	927;2687;4455	6;17;28	134;126;126	sub-010_ses-102_task-s6;sub-010_ses-202_task-s6;sub-010_ses-302_task-s6	927	6	134	sub-010	ses-102	task-s6	1;2;3	6;6;6
554	555	554	555	3	3	trialwise	570;2362;4045	570;2362;4045	4;15;26	94;118;33	sub-010_ses-102_task-s4;sub-010_ses-201_task-s4;sub-010_ses-301_task-s4	570	4	94	sub-010	ses-102	task-s4	1;2;3	4;4;4
555	556	555	556	3	3	trialwise	1041;2741;4539	1041;2741;4539	7;18;29	90;22;52	sub-010_ses-102_task-s7;sub-010_ses-202_task-s7;sub-010_ses-302_task-s7	1041	7	90	sub-010	ses-102	task-s7	1;2;3	7;7;7
556	557	556	557	3	3	trialwise	107;1854;3622	107;1854;3622	1;12;23	108;87;87	sub-010_ses-101_task-s1;sub-010_ses-201_task-s1;sub-010_ses-301_task-s1	107	1	108	sub-010	ses-101	task-s1	1;2;3	1;1;1
557	558	557	558	3	3	trialwise	997;2768;4574	997;2768;4574	7;18;29	46;49;87	sub-010_ses-102_task-s7;sub-010_ses-202_task-s7;sub-010_ses-302_task-s7	997	7	46	sub-010	ses-102	task-s7	1;2;3	7;7;7
558	559	558	559	3	3	trialwise	271;1939;3753	271;1939;3753	2;13;24	113;13;59	sub-010_ses-101_task-s2;sub-010_ses-201_task-s2;sub-010_ses-301_task-s2	271	2	113	sub-010	ses-101	task-s2	1;2;3	2;2;2
559	560	559	560	3	3	trialwise	494;2278;4156	494;2278;4156	4;15;26	18;34;144	sub-010_ses-102_task-s4;sub-010_ses-201_task-s4;sub-010_ses-301_task-s4	494	4	18	sub-010	ses-102	task-s4	1;2;3	4;4;4
560	561	560	561	3	3	trialwise	455;2241;3965	455;2241;3965	3;14;25	138;156;112	sub-010_ses-101_task-s3;sub-010_ses-201_task-s3;sub-010_ses-301_task-s3	455	3	138	sub-010	ses-101	task-s3	1;2;3	3;3;3
561	562	561	562	3	3	trialwise	1143;2924;4743	1143;2924;4743	8;19;30	34;47;98	sub-010_ses-102_task-s8;sub-010_ses-202_task-s8;sub-010_ses-302_task-s8	1143	8	34	sub-010	ses-102	task-s8	1;2;3	8;8;8
562	563	562	563	3	3	trialwise	771;2419;4172	771;2419;4172	5;16;27	136;16;1	sub-010_ses-102_task-s5;sub-010_ses-202_task-s5;sub-010_ses-302_task-s5	771	5	136	sub-010	ses-102	task-s5	1;2;3	5;5;5
563	564	563	564	3	3	trialwise	957;2729;4537	957;2729;4537	7;18;29	6;10;50	sub-010_ses-102_task-s7;sub-010_ses-202_task-s7;sub-010_ses-302_task-s7	957	7	6	sub-010	ses-102	task-s7	1;2;3	7;7;7
564	565	564	565	3	3	trialwise	876;2695;4401	876;2695;4401	6;17;28	83;134;72	sub-010_ses-102_task-s6;sub-010_ses-202_task-s6;sub-010_ses-302_task-s6	876	6	83	sub-010	ses-102	task-s6	1;2;3	6;6;6
565	566	565	566	3	3	trialwise	1142;3028;4649	1142;3028;4649	8;19;30	33;151;4	sub-010_ses-102_task-s8;sub-010_ses-202_task-s8;sub-010_ses-302_task-s8	1142	8	33	sub-010	ses-102	task-s8	1;2;3	8;8;8
566	567	566	567	3	3	trialwise	462;2157;3971	462;2157;3971	3;14;25	145;72;118	sub-010_ses-101_task-s3;sub-010_ses-201_task-s3;sub-010_ses-301_task-s3	462	3	145	sub-010	ses-101	task-s3	1;2;3	3;3;3
567	568	567	568	3	3	trialwise	141;1789;3557	141;1789;3557	1;12;23	142;22;22	sub-010_ses-101_task-s1;sub-010_ses-201_task-s1;sub-010_ses-301_task-s1	141	1	142	sub-010	ses-101	task-s1	1;2;3	1;1;1
568	569	568	569	3	3	trialwise	158;1793;3561	158;1793;3561	1;12;23	159;26;26	sub-010_ses-101_task-s1;sub-010_ses-201_task-s1;sub-010_ses-301_task-s1	158	1	159	sub-010	ses-101	task-s1	1;2;3	1;1;1
569	570	569	570	3	3	trialwise	562;2363;4150	562;2363;4150	4;15;26	86;119;138	sub-010_ses-102_task-s4;sub-010_ses-201_task-s4;sub-010_ses-301_task-s4	562	4	86	sub-010	ses-102	task-s4	1;2;3	4;4;4
570	571	570	571	3	3	trialwise	1015;2868;4554	1015;2868;4554	7;18;29	64;149;67	sub-010_ses-102_task-s7;sub-010_ses-202_task-s7;sub-010_ses-302_task-s7	1015	7	64	sub-010	ses-102	task-s7	1;2;3	7;7;7
571	572	571	572	3	3	trialwise	351;2159;3904	351;2159;3904	3;14;25	34;74;51	sub-010_ses-101_task-s3;sub-010_ses-201_task-s3;sub-010_ses-301_task-s3	351	3	34	sub-010	ses-101	task-s3	1;2;3	3;3;3
572	573	572	573	3	3	trialwise	850;2570;4434	850;2570;4434	6;17;28	57;9;105	sub-010_ses-102_task-s6;sub-010_ses-202_task-s6;sub-010_ses-302_task-s6	850	6	57	sub-010	ses-102	task-s6	1;2;3	6;6;6
573	574	573	574	3	3	trialwise	1179;2921;4760	1179;2921;4760	8;19;30	70;44;115	sub-010_ses-102_task-s8;sub-010_ses-202_task-s8;sub-010_ses-302_task-s8	1179	8	70	sub-010	ses-102	task-s8	1;2;3	8;8;8
574	575	574	575	3	3	trialwise	1194;3004;4646	1194;3004;4646	8;19;30	85;127;1	sub-010_ses-102_task-s8;sub-010_ses-202_task-s8;sub-010_ses-302_task-s8	1194	8	85	sub-010	ses-102	task-s8	1;2;3	8;8;8
575	576	575	576	3	3	trialwise	1261;2962;4686	1261;2962;4686	8;19;30	152;85;41	sub-010_ses-102_task-s8;sub-010_ses-202_task-s8;sub-010_ses-302_task-s8	1261	8	152	sub-010	ses-102	task-s8	1;2;3	8;8;8
576	577	576	577	3	3	trialwise	1004;2827;4608	1004;2827;4608	7;18;29	53;108;121	sub-010_ses-102_task-s7;sub-010_ses-202_task-s7;sub-010_ses-302_task-s7	1004	7	53	sub-010	ses-102	task-s7	1;2;3	7;7;7
577	578	577	578	3	3	trialwise	1052;2816;4500	1052;2816;4500	7;18;29	101;97;13	sub-010_ses-102_task-s7;sub-010_ses-202_task-s7;sub-010_ses-302_task-s7	1052	7	101	sub-010	ses-102	task-s7	1;2;3	7;7;7
578	579	578	579	3	3	trialwise	1;1812;3580	1;1812;3580	1;12;23	2;45;45	sub-010_ses-101_task-s1;sub-010_ses-201_task-s1;sub-010_ses-301_task-s1	1	1	2	sub-010	ses-101	task-s1	1;2;3	1;1;1
579	580	579	580	3	3	trialwise	311;1961;3845	311;1961;3845	2;13;24	153;35;151	sub-010_ses-101_task-s2;sub-010_ses-201_task-s2;sub-010_ses-301_task-s2	311	2	153	sub-010	ses-101	task-s2	1;2;3	2;2;2
580	581	580	581	3	3	trialwise	1017;2723;4565	1017;2723;4565	7;18;29	66;4;78	sub-010_ses-102_task-s7;sub-010_ses-202_task-s7;sub-010_ses-302_task-s7	1017	7	66	sub-010	ses-102	task-s7	1;2;3	7;7;7
581	582	581	582	3	3	trialwise	1010;2869;4540	1010;2869;4540	7;18;29	59;150;53	sub-010_ses-102_task-s7;sub-010_ses-202_task-s7;sub-010_ses-302_task-s7	1010	7	59	sub-010	ses-102	task-s7	1;2;3	7;7;7
582	583	582	583	3	3	trialwise	86;1899;3667	86;1899;3667	1;12;23	87;132;132	sub-010_ses-101_task-s1;sub-010_ses-201_task-s1;sub-010_ses-301_task-s1	86	1	87	sub-010	ses-101	task-s1	1;2;3	1;1;1
583	584	583	584	3	3	trialwise	7;1810;3578	7;1810;3578	1;12;23	8;43;43	sub-010_ses-101_task-s1;sub-010_ses-201_task-s1;sub-010_ses-301_task-s1	7	1	8	sub-010	ses-101	task-s1	1;2;3	1;1;1
584	585	584	585	3	3	trialwise	671;2477;4236	671;2477;4236	5;16;27	36;74;65	sub-010_ses-102_task-s5;sub-010_ses-202_task-s5;sub-010_ses-302_task-s5	671	5	36	sub-010	ses-102	task-s5	1;2;3	5;5;5
585	586	585	586	3	3	trialwise	1196;3022;4665	1196;3022;4665	8;19;30	87;145;20	sub-010_ses-102_task-s8;sub-010_ses-202_task-s8;sub-010_ses-302_task-s8	1196	8	87	sub-010	ses-102	task-s8	1;2;3	8;8;8
586	587	586	587	3	3	trialwise	321;2193;3964	321;2193;3964	3;14;25	4;108;111	sub-010_ses-101_task-s3;sub-010_ses-201_task-s3;sub-010_ses-301_task-s3	321	3	4	sub-010	ses-101	task-s3	1;2;3	3;3;3
587	588	587	588	3	3	trialwise	1014;2796;4498	1014;2796;4498	7;18;29	63;77;11	sub-010_ses-102_task-s7;sub-010_ses-202_task-s7;sub-010_ses-302_task-s7	1014	7	63	sub-010	ses-102	task-s7	1;2;3	7;7;7
588	589	588	589	3	3	trialwise	224;1951;3835	224;1951;3835	2;13;24	66;25;141	sub-010_ses-101_task-s2;sub-010_ses-201_task-s2;sub-010_ses-301_task-s2	224	2	66	sub-010	ses-101	task-s2	1;2;3	2;2;2
589	590	589	590	3	3	trialwise	697;2561;4329	697;2561;4329	5;16;27	62;158;158	sub-010_ses-102_task-s5;sub-010_ses-202_task-s5;sub-010_ses-302_task-s5	697	5	62	sub-010	ses-102	task-s5	1;2;3	5;5;5
590	591	590	591	3	3	trialwise	889;2625;4382	889;2625;4382	6;17;28	96;64;53	sub-010_ses-102_task-s6;sub-010_ses-202_task-s6;sub-010_ses-302_task-s6	889	6	96	sub-010	ses-102	task-s6	1;2;3	6;6;6
591	592	591	592	3	3	trialwise	953;2866;4607	953;2866;4607	7;18;29	2;147;120	sub-010_ses-102_task-s7;sub-010_ses-202_task-s7;sub-010_ses-302_task-s7	953	7	2	sub-010	ses-102	task-s7	1;2;3	7;7;7
592	593	592	593	3	3	trialwise	213;1950;3849	213;1950;3849	2;13;24	55;24;155	sub-010_ses-101_task-s2;sub-010_ses-201_task-s2;sub-010_ses-301_task-s2	213	2	55	sub-010	ses-101	task-s2	1;2;3	2;2;2
593	594	593	594	3	3	trialwise	1008;2769;4636	1008;2769;4636	7;18;29	57;50;149	sub-010_ses-102_task-s7;sub-010_ses-202_task-s7;sub-010_ses-302_task-s7	1008	7	57	sub-010	ses-102	task-s7	1;2;3	7;7;7
594	595	594	595	3	3	trialwise	794;2698;4402	794;2698;4402	6;17;28	1;137;73	sub-010_ses-102_task-s6;sub-010_ses-202_task-s6;sub-010_ses-302_task-s6	794	6	1	sub-010	ses-102	task-s6	1;2;3	6;6;6
595	596	595	596	3	3	trialwise	844;2704;4390	844;2704;4390	6;17;28	51;143;61	sub-010_ses-102_task-s6;sub-010_ses-202_task-s6;sub-010_ses-302_task-s6	844	6	51	sub-010	ses-102	task-s6	1;2;3	6;6;6
596	597	596	597	3	3	trialwise	1000;2832;4604	1000;2832;4604	7;18;29	49;113;117	sub-010_ses-102_task-s7;sub-010_ses-202_task-s7;sub-010_ses-302_task-s7	1000	7	49	sub-010	ses-102	task-s7	1;2;3	7;7;7
597	598	597	598	3	3	trialwise	711;2476;4304	711;2476;4304	5;16;27	76;73;133	sub-010_ses-102_task-s5;sub-010_ses-202_task-s5;sub-010_ses-302_task-s5	711	5	76	sub-010	ses-102	task-s5	1;2;3	5;5;5
598	599	598	599	3	3	trialwise	1141;2898;4664	1141;2898;4664	8;19;30	32;21;19	sub-010_ses-102_task-s8;sub-010_ses-202_task-s8;sub-010_ses-302_task-s8	1141	8	32	sub-010	ses-102	task-s8	1;2;3	8;8;8
599	600	599	600	3	3	trialwise	910;2607;4415	910;2607;4415	6;17;28	117;46;86	sub-010_ses-102_task-s6;sub-010_ses-202_task-s6;sub-010_ses-302_task-s6	910	6	117	sub-010	ses-102	task-s6	1;2;3	6;6;6
600	601	600	601	3	3	trialwise	461;2125;3951	461;2125;3951	3;14;25	144;40;98	sub-010_ses-101_task-s3;sub-010_ses-201_task-s3;sub-010_ses-301_task-s3	461	3	144	sub-010	ses-101	task-s3	1;2;3	3;3;3
601	602	601	602	3	3	trialwise	541;2326;4014	541;2326;4014	4;15;26	65;82;2	sub-010_ses-102_task-s4;sub-010_ses-201_task-s4;sub-010_ses-301_task-s4	541	4	65	sub-010	ses-102	task-s4	1;2;3	4;4;4
602	603	602	603	3	3	trialwise	1256;2917;4670	1256;2917;4670	8;19;30	147;40;25	sub-010_ses-102_task-s8;sub-010_ses-202_task-s8;sub-010_ses-302_task-s8	1256	8	147	sub-010	ses-102	task-s8	1;2;3	8;8;8
603	604	603	604	3	3	trialwise	598;2390;4168	598;2390;4168	4;15;26	122;146;156	sub-010_ses-102_task-s4;sub-010_ses-201_task-s4;sub-010_ses-301_task-s4	598	4	122	sub-010	ses-102	task-s4	1;2;3	4;4;4
604	605	604	605	3	3	trialwise	424;2140;3984	424;2140;3984	3;14;25	107;55;131	sub-010_ses-101_task-s3;sub-010_ses-201_task-s3;sub-010_ses-301_task-s3	424	3	107	sub-010	ses-101	task-s3	1;2;3	3;3;3
605	606	605	606	3	3	trialwise	1225;2926;4668	1225;2926;4668	8;19;30	116;49;23	sub-010_ses-102_task-s8;sub-010_ses-202_task-s8;sub-010_ses-302_task-s8	1225	8	116	sub-010	ses-102	task-s8	1;2;3	8;8;8
606	607	606	607	3	3	trialwise	825;2617;4464	825;2617;4464	6;17;28	32;56;135	sub-010_ses-102_task-s6;sub-010_ses-202_task-s6;sub-010_ses-302_task-s6	825	6	32	sub-010	ses-102	task-s6	1;2;3	6;6;6
607	608	607	608	3	3	trialwise	341;2211;3942	341;2211;3942	3;14;25	24;126;89	sub-010_ses-101_task-s3;sub-010_ses-201_task-s3;sub-010_ses-301_task-s3	341	3	24	sub-010	ses-101	task-s3	1;2;3	3;3;3
608	609	608	609	3	3	trialwise	649;2446;4265	649;2446;4265	5;16;27	14;43;94	sub-010_ses-102_task-s5;sub-010_ses-202_task-s5;sub-010_ses-302_task-s5	649	5	14	sub-010	ses-102	task-s5	1;2;3	5;5;5
609	610	609	610	3	3	trialwise	1248;2879;4711	1248;2879;4711	8;19;30	139;2;66	sub-010_ses-102_task-s8;sub-010_ses-202_task-s8;sub-010_ses-302_task-s8	1248	8	139	sub-010	ses-102	task-s8	1;2;3	8;8;8
610	611	610	611	3	3	trialwise	761;2425;4301	761;2425;4301	5;16;27	126;22;130	sub-010_ses-102_task-s5;sub-010_ses-202_task-s5;sub-010_ses-302_task-s5	761	5	126	sub-010	ses-102	task-s5	1;2;3	5;5;5
611	612	611	612	3	3	trialwise	615;2337;4033	615;2337;4033	4;15;26	139;93;21	sub-010_ses-102_task-s4;sub-010_ses-201_task-s4;sub-010_ses-301_task-s4	615	4	139	sub-010	ses-102	task-s4	1;2;3	4;4;4
612	613	612	613	3	3	trialwise	692;2481;4293	692;2481;4293	5;16;27	57;78;122	sub-010_ses-102_task-s5;sub-010_ses-202_task-s5;sub-010_ses-302_task-s5	692	5	57	sub-010	ses-102	task-s5	1;2;3	5;5;5
613	614	613	614	3	3	trialwise	268;2032;3843	268;2032;3843	2;13;24	110;106;149	sub-010_ses-101_task-s2;sub-010_ses-201_task-s2;sub-010_ses-301_task-s2	268	2	110	sub-010	ses-101	task-s2	1;2;3	2;2;2
614	615	614	615	3	3	trialwise	506;2307;4036	506;2307;4036	4;15;26	30;63;24	sub-010_ses-102_task-s4;sub-010_ses-201_task-s4;sub-010_ses-301_task-s4	506	4	30	sub-010	ses-102	task-s4	1;2;3	4;4;4
615	616	615	616	3	3	trialwise	1022;2743;4573	1022;2743;4573	7;18;29	71;24;86	sub-010_ses-102_task-s7;sub-010_ses-202_task-s7;sub-010_ses-302_task-s7	1022	7	71	sub-010	ses-102	task-s7	1;2;3	7;7;7
616	617	616	617	3	3	trialwise	808;2703;4376	808;2703;4376	6;17;28	15;142;47	sub-010_ses-102_task-s6;sub-010_ses-202_task-s6;sub-010_ses-302_task-s6	808	6	15	sub-010	ses-102	task-s6	1;2;3	6;6;6
617	618	617	618	3	3	trialwise	573;2328;4082	573;2328;4082	4;15;26	97;84;70	sub-010_ses-102_task-s4;sub-010_ses-201_task-s4;sub-010_ses-301_task-s4	573	4	97	sub-010	ses-102	task-s4	1;2;3	4;4;4
618	619	618	619	3	3	trialwise	737;2492;4317	737;2492;4317	5;16;27	102;89;146	sub-010_ses-102_task-s5;sub-010_ses-202_task-s5;sub-010_ses-302_task-s5	737	5	102	sub-010	ses-102	task-s5	1;2;3	5;5;5
619	620	619	620	3	3	trialwise	572;2313;4024	572;2313;4024	4;15;26	96;69;12	sub-010_ses-102_task-s4;sub-010_ses-201_task-s4;sub-010_ses-301_task-s4	572	4	96	sub-010	ses-102	task-s4	1;2;3	4;4;4
620	621	620	621	3	3	trialwise	854;2575;4450	854;2575;4450	6;17;28	61;14;121	sub-010_ses-102_task-s6;sub-010_ses-202_task-s6;sub-010_ses-302_task-s6	854	6	61	sub-010	ses-102	task-s6	1;2;3	6;6;6
621	622	621	622	3	3	trialwise	994;2862;4559	994;2862;4559	7;18;29	43;143;72	sub-010_ses-102_task-s7;sub-010_ses-202_task-s7;sub-010_ses-302_task-s7	994	7	43	sub-010	ses-102	task-s7	1;2;3	7;7;7
622	623	622	623	3	3	trialwise	740;2495;4252	740;2495;4252	5;16;27	105;92;81	sub-010_ses-102_task-s5;sub-010_ses-202_task-s5;sub-010_ses-302_task-s5	740	5	105	sub-010	ses-102	task-s5	1;2;3	5;5;5
623	624	623	624	3	3	trialwise	950;2591;4341	950;2591;4341	6;17;28	157;30;12	sub-010_ses-102_task-s6;sub-010_ses-202_task-s6;sub-010_ses-302_task-s6	950	6	157	sub-010	ses-102	task-s6	1;2;3	6;6;6
624	625	624	625	3	3	trialwise	981;2839;4494	981;2839;4494	7;18;29	30;120;7	sub-010_ses-102_task-s7;sub-010_ses-202_task-s7;sub-010_ses-302_task-s7	981	7	30	sub-010	ses-102	task-s7	1;2;3	7;7;7
625	626	625	626	3	3	trialwise	800;2631;4391	800;2631;4391	6;17;28	7;70;62	sub-010_ses-102_task-s6;sub-010_ses-202_task-s6;sub-010_ses-302_task-s6	800	6	7	sub-010	ses-102	task-s6	1;2;3	6;6;6
626	627	626	627	3	3	trialwise	9;1893;3661	9;1893;3661	1;12;23	10;126;126	sub-010_ses-101_task-s1;sub-010_ses-201_task-s1;sub-010_ses-301_task-s1	9	1	10	sub-010	ses-101	task-s1	1;2;3	1;1;1
627	628	627	628	3	3	trialwise	705;2418;4219	705;2418;4219	5;16;27	70;15;48	sub-010_ses-102_task-s5;sub-010_ses-202_task-s5;sub-010_ses-302_task-s5	705	5	70	sub-010	ses-102	task-s5	1;2;3	5;5;5
628	629	628	629	3	3	trialwise	93;1808;3576	93;1808;3576	1;12;23	94;41;41	sub-010_ses-101_task-s1;sub-010_ses-201_task-s1;sub-010_ses-301_task-s1	93	1	94	sub-010	ses-101	task-s1	1;2;3	1;1;1
629	630	629	630	3	3	trialwise	884;2642;4373	884;2642;4373	6;17;28	91;81;44	sub-010_ses-102_task-s6;sub-010_ses-202_task-s6;sub-010_ses-302_task-s6	884	6	91	sub-010	ses-102	task-s6	1;2;3	6;6;6
630	631	630	631	3	3	trialwise	112;1913;3681	112;1913;3681	1;12;23	113;146;146	sub-010_ses-101_task-s1;sub-010_ses-201_task-s1;sub-010_ses-301_task-s1	112	1	113	sub-010	ses-101	task-s1	1;2;3	1;1;1
631	632	631	632	3	3	trialwise	63;1825;3593	63;1825;3593	1;12;23	64;58;58	sub-010_ses-101_task-s1;sub-010_ses-201_task-s1;sub-010_ses-301_task-s1	63	1	64	sub-010	ses-101	task-s1	1;2;3	1;1;1
632	633	632	633	3	3	trialwise	836;2663;4452	836;2663;4452	6;17;28	43;102;123	sub-010_ses-102_task-s6;sub-010_ses-202_task-s6;sub-010_ses-302_task-s6	836	6	43	sub-010	ses-102	task-s6	1;2;3	6;6;6
633	634	633	634	3	3	trialwise	368;2230;3877	368;2230;3877	3;14;25	51;145;24	sub-010_ses-101_task-s3;sub-010_ses-201_task-s3;sub-010_ses-301_task-s3	368	3	51	sub-010	ses-101	task-s3	1;2;3	3;3;3
634	635	634	635	3	3	trialwise	858;2604;4486	858;2604;4486	6;17;28	65;43;157	sub-010_ses-102_task-s6;sub-010_ses-202_task-s6;sub-010_ses-302_task-s6	858	6	65	sub-010	ses-102	task-s6	1;2;3	6;6;6
635	636	635	636	3	3	trialwise	431;2166;3983	431;2166;3983	3;14;25	114;81;130	sub-010_ses-101_task-s3;sub-010_ses-201_task-s3;sub-010_ses-301_task-s3	431	3	114	sub-010	ses-101	task-s3	1;2;3	3;3;3
636	637	636	637	3	3	trialwise	1190;2927;4707	1190;2927;4707	8;19;30	81;50;62	sub-010_ses-102_task-s8;sub-010_ses-202_task-s8;sub-010_ses-302_task-s8	1190	8	81	sub-010	ses-102	task-s8	1;2;3	8;8;8
637	638	637	638	3	3	trialwise	346;2212;3947	346;2212;3947	3;14;25	29;127;94	sub-010_ses-101_task-s3;sub-010_ses-201_task-s3;sub-010_ses-301_task-s3	346	3	29	sub-010	ses-101	task-s3	1;2;3	3;3;3
638	639	638	639	3	3	trialwise	831;2647;4461	831;2647;4461	6;17;28	38;86;132	sub-010_ses-102_task-s6;sub-010_ses-202_task-s6;sub-010_ses-302_task-s6	831	6	38	sub-010	ses-102	task-s6	1;2;3	6;6;6
639	640	639	640	3	3	trialwise	996;2730;4618	996;2730;4618	7;18;29	45;11;131	sub-010_ses-102_task-s7;sub-010_ses-202_task-s7;sub-010_ses-302_task-s7	996	7	45	sub-010	ses-102	task-s7	1;2;3	7;7;7
640	641	640	641	3	3	trialwise	777;2560;4203	777;2560;4203	5;16;27	142;157;32	sub-010_ses-102_task-s5;sub-010_ses-202_task-s5;sub-010_ses-302_task-s5	777	5	142	sub-010	ses-102	task-s5	1;2;3	5;5;5
641	642	641	642	3	3	trialwise	607;2359;4051	607;2359;4051	4;15;26	131;115;39	sub-010_ses-102_task-s4;sub-010_ses-201_task-s4;sub-010_ses-301_task-s4	607	4	131	sub-010	ses-102	task-s4	1;2;3	4;4;4
642	643	642	643	3	3	trialwise	137;1803;3571	137;1803;3571	1;12;23	138;36;36	sub-010_ses-101_task-s1;sub-010_ses-201_task-s1;sub-010_ses-301_task-s1	137	1	138	sub-010	ses-101	task-s1	1;2;3	1;1;1
643	644	643	644	3	3	trialwise	1078;2747;4512	1078;2747;4512	7;18;29	127;28;25	sub-010_ses-102_task-s7;sub-010_ses-202_task-s7;sub-010_ses-302_task-s7	1078	7	127	sub-010	ses-102	task-s7	1;2;3	7;7;7
644	645	644	645	3	3	trialwise	399;2133;3902	399;2133;3902	3;14;25	82;48;49	sub-010_ses-101_task-s3;sub-010_ses-201_task-s3;sub-010_ses-301_task-s3	399	3	82	sub-010	ses-101	task-s3	1;2;3	3;3;3
645	646	645	646	3	3	trialwise	45;1809;3577	45;1809;3577	1;12;23	46;42;42	sub-010_ses-101_task-s1;sub-010_ses-201_task-s1;sub-010_ses-301_task-s1	45	1	46	sub-010	ses-101	task-s1	1;2;3	1;1;1
646	647	646	647	3	3	trialwise	1129;3000;4691	1129;3000;4691	8;19;30	20;123;46	sub-010_ses-102_task-s8;sub-010_ses-202_task-s8;sub-010_ses-302_task-s8	1129	8	20	sub-010	ses-102	task-s8	1;2;3	8;8;8
647	648	647	648	3	3	trialwise	331;2144;3923	331;2144;3923	3;14;25	14;59;70	sub-010_ses-101_task-s3;sub-010_ses-201_task-s3;sub-010_ses-301_task-s3	331	3	14	sub-010	ses-101	task-s3	1;2;3	3;3;3
648	649	648	649	3	3	trialwise	1045;2803;4635	1045;2803;4635	7;18;29	94;84;148	sub-010_ses-102_task-s7;sub-010_ses-202_task-s7;sub-010_ses-302_task-s7	1045	7	94	sub-010	ses-102	task-s7	1;2;3	7;7;7
649	650	649	650	3	3	trialwise	865;2621;4347	865;2621;4347	6;17;28	72;60;18	sub-010_ses-102_task-s6;sub-010_ses-202_task-s6;sub-010_ses-302_task-s6	865	6	72	sub-010	ses-102	task-s6	1;2;3	6;6;6
650	651	650	651	3	3	trialwise	453;2117;3908	453;2117;3908	3;14;25	136;32;55	sub-010_ses-101_task-s3;sub-010_ses-201_task-s3;sub-010_ses-301_task-s3	453	3	136	sub-010	ses-101	task-s3	1;2;3	3;3;3
651	652	651	652	3	3	trialwise	951;2618;4487	951;2618;4487	6;17;28	158;57;158	sub-010_ses-102_task-s6;sub-010_ses-202_task-s6;sub-010_ses-302_task-s6	951	6	158	sub-010	ses-102	task-s6	1;2;3	6;6;6
652	653	652	653	3	3	trialwise	1130;3030;4742	1130;3030;4742	8;19;30	21;153;97	sub-010_ses-102_task-s8;sub-010_ses-202_task-s8;sub-010_ses-302_task-s8	1130	8	21	sub-010	ses-102	task-s8	1;2;3	8;8;8
653	654	653	654	3	3	trialwise	470;2216;3960	470;2216;3960	3;14;25	153;131;107	sub-010_ses-101_task-s3;sub-010_ses-201_task-s3;sub-010_ses-301_task-s3	470	3	153	sub-010	ses-101	task-s3	1;2;3	3;3;3
654	655	654	655	3	3	trialwise	1208;2938;4706	1208;2938;4706	8;19;30	99;61;61	sub-010_ses-102_task-s8;sub-010_ses-202_task-s8;sub-010_ses-302_task-s8	1208	8	99	sub-010	ses-102	task-s8	1;2;3	8;8;8
655	656	655	656	3	3	trialwise	282;1946;3716	282;1946;3716	2;13;24	124;20;22	sub-010_ses-101_task-s2;sub-010_ses-201_task-s2;sub-010_ses-301_task-s2	282	2	124	sub-010	ses-101	task-s2	1;2;3	2;2;2
656	657	656	657	3	3	trialwise	1016;2849;4495	1016;2849;4495	7;18;29	65;130;8	sub-010_ses-102_task-s7;sub-010_ses-202_task-s7;sub-010_ses-302_task-s7	1016	7	65	sub-010	ses-102	task-s7	1;2;3	7;7;7
657	658	657	658	3	3	trialwise	1095;2786;4599	1095;2786;4599	7;18;29	144;67;112	sub-010_ses-102_task-s7;sub-010_ses-202_task-s7;sub-010_ses-302_task-s7	1095	7	144	sub-010	ses-102	task-s7	1;2;3	7;7;7
658	659	658	659	3	3	trialwise	334;2108;3988	334;2108;3988	3;14;25	17;23;135	sub-010_ses-101_task-s3;sub-010_ses-201_task-s3;sub-010_ses-301_task-s3	334	3	17	sub-010	ses-101	task-s3	1;2;3	3;3;3
659	660	659	660	3	3	trialwise	710;2430;4323	710;2430;4323	5;16;27	75;27;152	sub-010_ses-102_task-s5;sub-010_ses-202_task-s5;sub-010_ses-302_task-s5	710	5	75	sub-010	ses-102	task-s5	1;2;3	5;5;5
660	661	660	661	3	3	trialwise	165;2004;3698	165;2004;3698	2;13;24	7;78;4	sub-010_ses-101_task-s2;sub-010_ses-201_task-s2;sub-010_ses-301_task-s2	165	2	7	sub-010	ses-101	task-s2	1;2;3	2;2;2
661	662	661	662	3	3	trialwise	921;2718;4475	921;2718;4475	6;17;28	128;157;146	sub-010_ses-102_task-s6;sub-010_ses-202_task-s6;sub-010_ses-302_task-s6	921	6	128	sub-010	ses-102	task-s6	1;2;3	6;6;6
662	663	662	663	3	3	trialwise	12;1863;3631	12;1863;3631	1;12;23	13;96;96	sub-010_ses-101_task-s1;sub-010_ses-201_task-s1;sub-010_ses-301_task-s1	12	1	13	sub-010	ses-101	task-s1	1;2;3	1;1;1
663	664	663	664	3	3	trialwise	765;2552;4316	765;2552;4316	5;16;27	130;149;145	sub-010_ses-102_task-s5;sub-010_ses-202_task-s5;sub-010_ses-302_task-s5	765	5	130	sub-010	ses-102	task-s5	1;2;3	5;5;5
664	665	664	665	3	3	trialwise	796;2660;4448	796;2660;4448	6;17;28	3;99;119	sub-010_ses-102_task-s6;sub-010_ses-202_task-s6;sub-010_ses-302_task-s6	796	6	3	sub-010	ses-102	task-s6	1;2;3	6;6;6
665	666	665	666	3	3	trialwise	616;2342;4127	616;2342;4127	4;15;26	140;98;115	sub-010_ses-102_task-s4;sub-010_ses-201_task-s4;sub-010_ses-301_task-s4	616	4	140	sub-010	ses-102	task-s4	1;2;3	4;4;4
666	667	666	667	3	3	trialwise	750;2523;4276	750;2523;4276	5;16;27	115;120;105	sub-010_ses-102_task-s5;sub-010_ses-202_task-s5;sub-010_ses-302_task-s5	750	5	115	sub-010	ses-102	task-s5	1;2;3	5;5;5
667	668	667	668	3	3	trialwise	490;2303;4052	490;2303;4052	4;15;26	14;59;40	sub-010_ses-102_task-s4;sub-010_ses-201_task-s4;sub-010_ses-301_task-s4	490	4	14	sub-010	ses-102	task-s4	1;2;3	4;4;4
668	669	668	669	3	3	trialwise	315;1956;3791	315;1956;3791	2;13;24	157;30;97	sub-010_ses-101_task-s2;sub-010_ses-201_task-s2;sub-010_ses-301_task-s2	315	2	157	sub-010	ses-101	task-s2	1;2;3	2;2;2
669	670	669	670	3	3	trialwise	1081;2861;4551	1081;2861;4551	7;18;29	130;142;64	sub-010_ses-102_task-s7;sub-010_ses-202_task-s7;sub-010_ses-302_task-s7	1081	7	130	sub-010	ses-102	task-s7	1;2;3	7;7;7
670	671	670	671	3	3	trialwise	553;2288;4067	553;2288;4067	4;15;26	77;44;55	sub-010_ses-102_task-s4;sub-010_ses-201_task-s4;sub-010_ses-301_task-s4	553	4	77	sub-010	ses-102	task-s4	1;2;3	4;4;4
671	672	671	672	3	3	trialwise	832;2677;4379	832;2677;4379	6;17;28	39;116;50	sub-010_ses-102_task-s6;sub-010_ses-202_task-s6;sub-010_ses-302_task-s6	832	6	39	sub-010	ses-102	task-s6	1;2;3	6;6;6
672	673	672	673	3	3	trialwise	1003;2765;4550	1003;2765;4550	7;18;29	52;46;63	sub-010_ses-102_task-s7;sub-010_ses-202_task-s7;sub-010_ses-302_task-s7	1003	7	52	sub-010	ses-102	task-s7	1;2;3	7;7;7
673	674	673	674	3	3	trialwise	111;1842;3610	111;1842;3610	1;12;23	112;75;75	sub-010_ses-101_task-s1;sub-010_ses-201_task-s1;sub-010_ses-301_task-s1	111	1	112	sub-010	ses-101	task-s1	1;2;3	1;1;1
674	675	674	675	3	3	trialwise	1075;2826;4601	1075;2826;4601	7;18;29	124;107;114	sub-010_ses-102_task-s7;sub-010_ses-202_task-s7;sub-010_ses-302_task-s7	1075	7	124	sub-010	ses-102	task-s7	1;2;3	7;7;7
675	676	675	676	3	3	trialwise	92;1827;3595	92;1827;3595	1;12;23	93;60;60	sub-010_ses-101_task-s1;sub-010_ses-201_task-s1;sub-010_ses-301_task-s1	92	1	93	sub-010	ses-101	task-s1	1;2;3	1;1;1
676	677	676	677	3	3	trialwise	87;1898;3666	87;1898;3666	1;12;23	88;131;131	sub-010_ses-101_task-s1;sub-010_ses-201_task-s1;sub-010_ses-301_task-s1	87	1	88	sub-010	ses-101	task-s1	1;2;3	1;1;1
677	678	677	678	3	3	trialwise	1139;2975;4678	1139;2975;4678	8;19;30	30;98;33	sub-010_ses-102_task-s8;sub-010_ses-202_task-s8;sub-010_ses-302_task-s8	1139	8	30	sub-010	ses-102	task-s8	1;2;3	8;8;8
678	679	678	679	3	3	trialwise	585;2364;4079	585;2364;4079	4;15;26	109;120;67	sub-010_ses-102_task-s4;sub-010_ses-201_task-s4;sub-010_ses-301_task-s4	585	4	109	sub-010	ses-102	task-s4	1;2;3	4;4;4
679	680	679	680	3	3	trialwise	245;2084;3819	245;2084;3819	2;13;24	87;158;125	sub-010_ses-101_task-s2;sub-010_ses-201_task-s2;sub-010_ses-301_task-s2	245	2	87	sub-010	ses-101	task-s2	1;2;3	2;2;2
680	681	680	681	3	3	trialwise	902;2688;4451	902;2688;4451	6;17;28	109;127;122	sub-010_ses-102_task-s6;sub-010_ses-202_task-s6;sub-010_ses-302_task-s6	902	6	109	sub-010	ses-102	task-s6	1;2;3	6;6;6
681	682	681	682	3	3	trialwise	27;1860;3628	27;1860;3628	1;12;23	28;93;93	sub-010_ses-101_task-s1;sub-010_ses-201_task-s1;sub-010_ses-301_task-s1	27	1	28	sub-010	ses-101	task-s1	1;2;3	1;1;1
682	683	682	683	3	3	trialwise	435;2177;3916	435;2177;3916	3;14;25	118;92;63	sub-010_ses-101_task-s3;sub-010_ses-201_task-s3;sub-010_ses-301_task-s3	435	3	118	sub-010	ses-101	task-s3	1;2;3	3;3;3
683	684	683	684	3	3	trialwise	665;2464;4193	665;2464;4193	5;16;27	30;61;22	sub-010_ses-102_task-s5;sub-010_ses-202_task-s5;sub-010_ses-302_task-s5	665	5	30	sub-010	ses-102	task-s5	1;2;3	5;5;5
684	685	684	685	3	3	trialwise	926;2689;4430	926;2689;4430	6;17;28	133;128;101	sub-010_ses-102_task-s6;sub-010_ses-202_task-s6;sub-010_ses-302_task-s6	926	6	133	sub-010	ses-102	task-s6	1;2;3	6;6;6
685	686	685	686	3	3	trialwise	477;2245;4134	477;2245;4134	4;15;26	1;1;122	sub-010_ses-102_task-s4;sub-010_ses-201_task-s4;sub-010_ses-301_task-s4	477	4	1	sub-010	ses-102	task-s4	1;2;3	4;4;4
686	687	686	687	3	3	trialwise	1042;2852;4549	1042;2852;4549	7;18;29	91;133;62	sub-010_ses-102_task-s7;sub-010_ses-202_task-s7;sub-010_ses-302_task-s7	1042	7	91	sub-010	ses-102	task-s7	1;2;3	7;7;7
687	688	687	688	3	3	trialwise	579;2249;4144	579;2249;4144	4;15;26	103;5;132	sub-010_ses-102_task-s4;sub-010_ses-201_task-s4;sub-010_ses-301_task-s4	579	4	103	sub-010	ses-102	task-s4	1;2;3	4;4;4
688	689	688	689	3	3	trialwise	386;2169;3932	386;2169;3932	3;14;25	69;84;79	sub-010_ses-101_task-s3;sub-010_ses-201_task-s3;sub-010_ses-301_task-s3	386	3	69	sub-010	ses-101	task-s3	1;2;3	3;3;3
689	690	689	690	3	3	trialwise	1167;2959;4732	1167;2959;4732	8;19;30	58;82;87	sub-010_ses-102_task-s8;sub-010_ses-202_task-s8;sub-010_ses-302_task-s8	1167	8	58	sub-010	ses-102	task-s8	1;2;3	8;8;8
690	691	690	691	3	3	trialwise	790;2465;4310	790;2465;4310	5;16;27	155;62;139	sub-010_ses-102_task-s5;sub-010_ses-202_task-s5;sub-010_ses-302_task-s5	790	5	155	sub-010	ses-102	task-s5	1;2;3	5;5;5
691	692	691	692	3	3	trialwise	698;2468;4177	698;2468;4177	5;16;27	63;65;6	sub-010_ses-102_task-s5;sub-010_ses-202_task-s5;sub-010_ses-302_task-s5	698	5	63	sub-010	ses-102	task-s5	1;2;3	5;5;5
692	693	692	693	3	3	trialwise	44;1855;3623	44;1855;3623	1;12;23	45;88;88	sub-010_ses-101_task-s1;sub-010_ses-201_task-s1;sub-010_ses-301_task-s1	44	1	45	sub-010	ses-101	task-s1	1;2;3	1;1;1
693	694	693	694	3	3	trialwise	238;1999;3847	238;1999;3847	2;13;24	80;73;153	sub-010_ses-101_task-s2;sub-010_ses-201_task-s2;sub-010_ses-301_task-s2	238	2	80	sub-010	ses-101	task-s2	1;2;3	2;2;2
694	695	694	695	3	3	trialwise	715;2409;4288	715;2409;4288	5;16;27	80;6;117	sub-010_ses-102_task-s5;sub-010_ses-202_task-s5;sub-010_ses-302_task-s5	715	5	80	sub-010	ses-102	task-s5	1;2;3	5;5;5
695	696	695	696	3	3	trialwise	1087;2870;4520	1087;2870;4520	7;18;29	136;151;33	sub-010_ses-102_task-s7;sub-010_ses-202_task-s7;sub-010_ses-302_task-s7	1087	7	136	sub-010	ses-102	task-s7	1;2;3	7;7;7
696	697	696	697	3	3	trialwise	166;2079;3748	166;2079;3748	2;13;24	8;153;54	sub-010_ses-101_task-s2;sub-010_ses-201_task-s2;sub-010_ses-301_task-s2	166	2	8	sub-010	ses-101	task-s2	1;2;3	2;2;2
697	698	697	698	3	3	trialwise	916;2630;4484	916;2630;4484	6;17;28	123;69;155	sub-010_ses-102_task-s6;sub-010_ses-202_task-s6;sub-010_ses-302_task-s6	916	6	123	sub-010	ses-102	task-s6	1;2;3	6;6;6
698	699	698	699	3	3	trialwise	815;2565;4398	815;2565;4398	6;17;28	22;4;69	sub-010_ses-102_task-s6;sub-010_ses-202_task-s6;sub-010_ses-302_task-s6	815	6	22	sub-010	ses-102	task-s6	1;2;3	6;6;6
699	700	699	700	3	3	trialwise	987;2760;4602	987;2760;4602	7;18;29	36;41;115	sub-010_ses-102_task-s7;sub-010_ses-202_task-s7;sub-010_ses-302_task-s7	987	7	36	sub-010	ses-102	task-s7	1;2;3	7;7;7
700	701	700	701	3	3	trialwise	503;2393;4092	503;2393;4092	4;15;26	27;149;80	sub-010_ses-102_task-s4;sub-010_ses-201_task-s4;sub-010_ses-301_task-s4	503	4	27	sub-010	ses-102	task-s4	1;2;3	4;4;4
701	702	701	702	3	3	trialwise	1050;2800;4547	1050;2800;4547	7;18;29	99;81;60	sub-010_ses-102_task-s7;sub-010_ses-202_task-s7;sub-010_ses-302_task-s7	1050	7	99	sub-010	ses-102	task-s7	1;2;3	7;7;7
702	703	702	703	3	3	trialwise	1114;2903;4792	1114;2903;4792	8;19;30	5;26;147	sub-010_ses-102_task-s8;sub-010_ses-202_task-s8;sub-010_ses-302_task-s8	1114	8	5	sub-010	ses-102	task-s8	1;2;3	8;8;8
703	704	703	704	3	3	trialwise	1091;2790;4508	1091;2790;4508	7;18;29	140;71;21	sub-010_ses-102_task-s7;sub-010_ses-202_task-s7;sub-010_ses-302_task-s7	1091	7	140	sub-010	ses-102	task-s7	1;2;3	7;7;7
704	705	704	705	3	3	trialwise	128;1912;3680	128;1912;3680	1;12;23	129;145;145	sub-010_ses-101_task-s1;sub-010_ses-201_task-s1;sub-010_ses-301_task-s1	128	1	129	sub-010	ses-101	task-s1	1;2;3	1;1;1
705	706	705	706	3	3	trialwise	875;2669;4411	875;2669;4411	6;17;28	82;108;82	sub-010_ses-102_task-s6;sub-010_ses-202_task-s6;sub-010_ses-302_task-s6	875	6	82	sub-010	ses-102	task-s6	1;2;3	6;6;6
706	707	706	707	3	3	trialwise	600;2318;4054	600;2318;4054	4;15;26	124;74;42	sub-010_ses-102_task-s4;sub-010_ses-201_task-s4;sub-010_ses-301_task-s4	600	4	124	sub-010	ses-102	task-s4	1;2;3	4;4;4
707	708	707	708	3	3	trialwise	174;1957;3786	174;1957;3786	2;13;24	16;31;92	sub-010_ses-101_task-s2;sub-010_ses-201_task-s2;sub-010_ses-301_task-s2	174	2	16	sub-010	ses-101	task-s2	1;2;3	2;2;2
708	709	708	709	3	3	trialwise	829;2579;4397	829;2579;4397	6;17;28	36;18;68	sub-010_ses-102_task-s6;sub-010_ses-202_task-s6;sub-010_ses-302_task-s6	829	6	36	sub-010	ses-102	task-s6	1;2;3	6;6;6
709	710	709	710	3	3	trialwise	727;2493;4296	727;2493;4296	5;16;27	92;90;125	sub-010_ses-102_task-s5;sub-010_ses-202_task-s5;sub-010_ses-302_task-s5	727	5	92	sub-010	ses-102	task-s5	1;2;3	5;5;5
710	711	710	711	3	3	trialwise	348;2242;4012	348;2242;4012	3;14;25	31;157;159	sub-010_ses-101_task-s3;sub-010_ses-201_task-s3;sub-010_ses-301_task-s3	348	3	31	sub-010	ses-101	task-s3	1;2;3	3;3;3
711	712	711	712	3	3	trialwise	961;2828;4581	961;2828;4581	7;18;29	10;109;94	sub-010_ses-102_task-s7;sub-010_ses-202_task-s7;sub-010_ses-302_task-s7	961	7	10	sub-010	ses-102	task-s7	1;2;3	7;7;7
712	713	712	713	3	3	trialwise	1138;3018;4656	1138;3018;4656	8;19;30	29;141;11	sub-010_ses-102_task-s8;sub-010_ses-202_task-s8;sub-010_ses-302_task-s8	1138	8	29	sub-010	ses-102	task-s8	1;2;3	8;8;8
713	714	713	714	3	3	trialwise	535;2258;4066	535;2258;4066	4;15;26	59;14;54	sub-010_ses-102_task-s4;sub-010_ses-201_task-s4;sub-010_ses-301_task-s4	535	4	59	sub-010	ses-102	task-s4	1;2;3	4;4;4
714	715	714	715	3	3	trialwise	17;1819;3587	17;1819;3587	1;12;23	18;52;52	sub-010_ses-101_task-s1;sub-010_ses-201_task-s1;sub-010_ses-301_task-s1	17	1	18	sub-010	ses-101	task-s1	1;2;3	1;1;1
715	716	715	716	3	3	trialwise	421;2209;3917	421;2209;3917	3;14;25	104;124;64	sub-010_ses-101_task-s3;sub-010_ses-201_task-s3;sub-010_ses-301_task-s3	421	3	104	sub-010	ses-101	task-s3	1;2;3	3;3;3
716	717	716	717	3	3	trialwise	532;2399;4065	532;2399;4065	4;15;26	56;155;53	sub-010_ses-102_task-s4;sub-010_ses-201_task-s4;sub-010_ses-301_task-s4	532	4	56	sub-010	ses-102	task-s4	1;2;3	4;4;4
717	718	717	718	3	3	trialwise	904;2627;4353	904;2627;4353	6;17;28	111;66;24	sub-010_ses-102_task-s6;sub-010_ses-202_task-s6;sub-010_ses-302_task-s6	904	6	111	sub-010	ses-102	task-s6	1;2;3	6;6;6
718	719	718	719	3	3	trialwise	227;2017;3722	227;2017;3722	2;13;24	69;91;28	sub-010_ses-101_task-s2;sub-010_ses-201_task-s2;sub-010_ses-301_task-s2	227	2	69	sub-010	ses-101	task-s2	1;2;3	2;2;2
719	720	719	720	3	3	trialwise	1201;2949;4698	1201;2949;4698	8;19;30	92;72;53	sub-010_ses-102_task-s8;sub-010_ses-202_task-s8;sub-010_ses-302_task-s8	1201	8	92	sub-010	ses-102	task-s8	1;2;3	8;8;8
720	721	720	721	3	3	trialwise	564;2250;4016	564;2250;4016	4;15;26	88;6;4	sub-010_ses-102_task-s4;sub-010_ses-201_task-s4;sub-010_ses-301_task-s4	564	4	88	sub-010	ses-102	task-s4	1;2;3	4;4;4
721	722	721	722	3	3	trialwise	134;1883;3651	134;1883;3651	1;12;23	135;116;116	sub-010_ses-101_task-s1;sub-010_ses-201_task-s1;sub-010_ses-301_task-s1	134	1	135	sub-010	ses-101	task-s1	1;2;3	1;1;1
722	723	722	723	3	3	trialwise	894;2635;4428	894;2635;4428	6;17;28	101;74;99	sub-010_ses-102_task-s6;sub-010_ses-202_task-s6;sub-010_ses-302_task-s6	894	6	101	sub-010	ses-102	task-s6	1;2;3	6;6;6
723	724	723	724	3	3	trialwise	992;2758;4505	992;2758;4505	7;18;29	41;39;18	sub-010_ses-102_task-s7;sub-010_ses-202_task-s7;sub-010_ses-302_task-s7	992	7	41	sub-010	ses-102	task-s7	1;2;3	7;7;7
724	725	724	725	3	3	trialwise	624;2374;4089	624;2374;4089	4;15;26	148;130;77	sub-010_ses-102_task-s4;sub-010_ses-201_task-s4;sub-010_ses-301_task-s4	624	4	148	sub-010	ses-102	task-s4	1;2;3	4;4;4
725	726	725	726	3	3	trialwise	861;2672;4467	861;2672;4467	6;17;28	68;111;138	sub-010_ses-102_task-s6;sub-010_ses-202_task-s6;sub-010_ses-302_task-s6	861	6	68	sub-010	ses-102	task-s6	1;2;3	6;6;6
726	727	726	727	3	3	trialwise	661;2554;4297	661;2554;4297	5;16;27	26;151;126	sub-010_ses-102_task-s5;sub-010_ses-202_task-s5;sub-010_ses-302_task-s5	661	5	26	sub-010	ses-102	task-s5	1;2;3	5;5;5
727	728	727	728	3	3	trialwise	1079;2851;4594	1079;2851;4594	7;18;29	128;132;107	sub-010_ses-102_task-s7;sub-010_ses-202_task-s7;sub-010_ses-302_task-s7	1079	7	128	sub-010	ses-102	task-s7	1;2;3	7;7;7
728	729	728	729	3	3	trialwise	1254;2916;4766	1254;2916;4766	8;19;30	145;39;121	sub-010_ses-102_task-s8;sub-010_ses-202_task-s8;sub-010_ses-302_task-s8	1254	8	145	sub-010	ses-102	task-s8	1;2;3	8;8;8
729	730	729	730	3	3	trialwise	106;1881;3649	106;1881;3649	1;12;23	107;114;114	sub-010_ses-101_task-s1;sub-010_ses-201_task-s1;sub-010_ses-301_task-s1	106	1	107	sub-010	ses-101	task-s1	1;2;3	1;1;1
730	731	730	731	3	3	trialwise	973;2853;4490	973;2853;4490	7;18;29	22;134;3	sub-010_ses-102_task-s7;sub-010_ses-202_task-s7;sub-010_ses-302_task-s7	973	7	22	sub-010	ses-102	task-s7	1;2;3	7;7;7
731	732	731	732	3	3	trialwise	611;2255;4146	611;2255;4146	4;15;26	135;11;134	sub-010_ses-102_task-s4;sub-010_ses-201_task-s4;sub-010_ses-301_task-s4	611	4	135	sub-010	ses-102	task-s4	1;2;3	4;4;4
732	733	732	733	3	3	trialwise	534;2360;4061	534;2360;4061	4;15;26	58;116;49	sub-010_ses-102_task-s4;sub-010_ses-201_task-s4;sub-010_ses-301_task-s4	534	4	58	sub-010	ses-102	task-s4	1;2;3	4;4;4
733	734	733	734	3	3	trialwise	436;2191;3982	436;2191;3982	3;14;25	119;106;129	sub-010_ses-101_task-s3;sub-010_ses-201_task-s3;sub-010_ses-301_task-s3	436	3	119	sub-010	ses-101	task-s3	1;2;3	3;3;3
734	735	734	735	3	3	trialwise	753;2529;4223	753;2529;4223	5;16;27	118;126;52	sub-010_ses-102_task-s5;sub-010_ses-202_task-s5;sub-010_ses-302_task-s5	753	5	118	sub-010	ses-102	task-s5	1;2;3	5;5;5
735	736	735	736	3	3	trialwise	1224;2986;4712	1224;2986;4712	8;19;30	115;109;67	sub-010_ses-102_task-s8;sub-010_ses-202_task-s8;sub-010_ses-302_task-s8	1224	8	115	sub-010	ses-102	task-s8	1;2;3	8;8;8
736	737	736	737	3	3	trialwise	212;1938;3715	212;1938;3715	2;13;24	54;12;21	sub-010_ses-101_task-s2;sub-010_ses-201_task-s2;sub-010_ses-301_task-s2	212	2	54	sub-010	ses-101	task-s2	1;2;3	2;2;2
737	738	737	738	3	3	trialwise	795;2653;4349	795;2653;4349	6;17;28	2;92;20	sub-010_ses-102_task-s6;sub-010_ses-202_task-s6;sub-010_ses-302_task-s6	795	6	2	sub-010	ses-102	task-s6	1;2;3	6;6;6
738	739	738	739	3	3	trialwise	405;2224;3903	405;2224;3903	3;14;25	88;139;50	sub-010_ses-101_task-s3;sub-010_ses-201_task-s3;sub-010_ses-301_task-s3	405	3	88	sub-010	ses-101	task-s3	1;2;3	3;3;3
739	740	739	740	3	3	trialwise	1215;2928;4699	1215;2928;4699	8;19;30	106;51;54	sub-010_ses-102_task-s8;sub-010_ses-202_task-s8;sub-010_ses-302_task-s8	1215	8	106	sub-010	ses-102	task-s8	1;2;3	8;8;8
740	741	740	741	3	3	trialwise	103;1829;3597	103;1829;3597	1;12;23	104;62;62	sub-010_ses-101_task-s1;sub-010_ses-201_task-s1;sub-010_ses-301_task-s1	103	1	104	sub-010	ses-101	task-s1	1;2;3	1;1;1
741	742	741	742	3	3	trialwise	145;1857;3625	145;1857;3625	1;12;23	146;90;90	sub-010_ses-101_task-s1;sub-010_ses-201_task-s1;sub-010_ses-301_task-s1	145	1	146	sub-010	ses-101	task-s1	1;2;3	1;1;1
742	743	742	743	3	3	trialwise	931;2683;4405	931;2683;4405	6;17;28	138;122;76	sub-010_ses-102_task-s6;sub-010_ses-202_task-s6;sub-010_ses-302_task-s6	931	6	138	sub-010	ses-102	task-s6	1;2;3	6;6;6
743	744	743	744	3	3	trialwise	612;2329;4050	612;2329;4050	4;15;26	136;85;38	sub-010_ses-102_task-s4;sub-010_ses-201_task-s4;sub-010_ses-301_task-s4	612	4	136	sub-010	ses-102	task-s4	1;2;3	4;4;4
744	745	744	745	3	3	trialwise	1184;2954;4709	1184;2954;4709	8;19;30	75;77;64	sub-010_ses-102_task-s8;sub-010_ses-202_task-s8;sub-010_ses-302_task-s8	1184	8	75	sub-010	ses-102	task-s8	1;2;3	8;8;8
745	746	745	746	3	3	trialwise	313;1987;3778	313;1987;3778	2;13;24	155;61;84	sub-010_ses-101_task-s2;sub-010_ses-201_task-s2;sub-010_ses-301_task-s2	313	2	155	sub-010	ses-101	task-s2	1;2;3	2;2;2
746	747	746	747	3	3	trialwise	653;2426;4214	653;2426;4214	5;16;27	18;23;43	sub-010_ses-102_task-s5;sub-010_ses-202_task-s5;sub-010_ses-302_task-s5	653	5	18	sub-010	ses-102	task-s5	1;2;3	5;5;5
747	748	747	748	3	3	trialwise	149;1776;3544	149;1776;3544	1;12;23	150;9;9	sub-010_ses-101_task-s1;sub-010_ses-201_task-s1;sub-010_ses-301_task-s1	149	1	150	sub-010	ses-101	task-s1	1;2;3	1;1;1
748	749	748	749	3	3	trialwise	144;1775;3543	144;1775;3543	1;12;23	145;8;8	sub-010_ses-101_task-s1;sub-010_ses-201_task-s1;sub-010_ses-301_task-s1	144	1	145	sub-010	ses-101	task-s1	1;2;3	1;1;1
749	750	749	750	3	3	trialwise	433;2123;3992	433;2123;3992	3;14;25	116;38;139	sub-010_ses-101_task-s3;sub-010_ses-201_task-s3;sub-010_ses-301_task-s3	433	3	116	sub-010	ses-101	task-s3	1;2;3	3;3;3
750	751	750	751	3	3	trialwise	923;2640;4456	923;2640;4456	6;17;28	130;79;127	sub-010_ses-102_task-s6;sub-010_ses-202_task-s6;sub-010_ses-302_task-s6	923	6	130	sub-010	ses-102	task-s6	1;2;3	6;6;6
751	752	751	752	3	3	trialwise	94;1851;3619	94;1851;3619	1;12;23	95;84;84	sub-010_ses-101_task-s1;sub-010_ses-201_task-s1;sub-010_ses-301_task-s1	94	1	95	sub-010	ses-101	task-s1	1;2;3	1;1;1
752	753	752	753	3	3	trialwise	1089;2770;4562	1089;2770;4562	7;18;29	138;51;75	sub-010_ses-102_task-s7;sub-010_ses-202_task-s7;sub-010_ses-302_task-s7	1089	7	138	sub-010	ses-102	task-s7	1;2;3	7;7;7
753	754	753	754	3	3	trialwise	269;1994;3708	269;1994;3708	2;13;24	111;68;14	sub-010_ses-101_task-s2;sub-010_ses-201_task-s2;sub-010_ses-301_task-s2	269	2	111	sub-010	ses-101	task-s2	1;2;3	2;2;2
754	755	754	755	3	3	trialwise	322;2202;3911	322;2202;3911	3;14;25	5;117;58	sub-010_ses-101_task-s3;sub-010_ses-201_task-s3;sub-010_ses-301_task-s3	322	3	5	sub-010	ses-101	task-s3	1;2;3	3;3;3
755	756	755	756	3	3	trialwise	217;2047;3826	217;2047;3826	2;13;24	59;121;132	sub-010_ses-101_task-s2;sub-010_ses-201_task-s2;sub-010_ses-301_task-s2	217	2	59	sub-010	ses-101	task-s2	1;2;3	2;2;2
756	757	756	757	3	3	trialwise	901;2638;4463	901;2638;4463	6;17;28	108;77;134	sub-010_ses-102_task-s6;sub-010_ses-202_task-s6;sub-010_ses-302_task-s6	901	6	108	sub-010	ses-102	task-s6	1;2;3	6;6;6
757	758	757	758	3	3	trialwise	787;2500;4200	787;2500;4200	5;16;27	152;97;29	sub-010_ses-102_task-s5;sub-010_ses-202_task-s5;sub-010_ses-302_task-s5	787	5	152	sub-010	ses-102	task-s5	1;2;3	5;5;5
758	759	758	759	3	3	trialwise	945;2681;4446	945;2681;4446	6;17;28	152;120;117	sub-010_ses-102_task-s6;sub-010_ses-202_task-s6;sub-010_ses-302_task-s6	945	6	152	sub-010	ses-102	task-s6	1;2;3	6;6;6
759	760	759	760	3	3	trialwise	375;2113;3918	375;2113;3918	3;14;25	58;28;65	sub-010_ses-101_task-s3;sub-010_ses-201_task-s3;sub-010_ses-301_task-s3	375	3	58	sub-010	ses-101	task-s3	1;2;3	3;3;3
760	761	760	761	3	3	trialwise	495;2340;4135	495;2340;4135	4;15;26	19;96;123	sub-010_ses-102_task-s4;sub-010_ses-201_task-s4;sub-010_ses-301_task-s4	495	4	19	sub-010	ses-102	task-s4	1;2;3	4;4;4
761	762	761	762	3	3	trialwise	947;2646;4439	947;2646;4439	6;17;28	154;85;110	sub-010_ses-102_task-s6;sub-010_ses-202_task-s6;sub-010_ses-302_task-s6	947	6	154	sub-010	ses-102	task-s6	1;2;3	6;6;6
762	763	762	763	3	3	trialwise	637;2545;4182	637;2545;4182	5;16;27	2;142;11	sub-010_ses-102_task-s5;sub-010_ses-202_task-s5;sub-010_ses-302_task-s5	637	5	2	sub-010	ses-102	task-s5	1;2;3	5;5;5
763	764	763	764	3	3	trialwise	1156;3023;4796	1156;3023;4796	8;19;30	47;146;151	sub-010_ses-102_task-s8;sub-010_ses-202_task-s8;sub-010_ses-302_task-s8	1156	8	47	sub-010	ses-102	task-s8	1;2;3	8;8;8
764	765	764	765	3	3	trialwise	1109;2791;4644	1109;2791;4644	7;18;29	158;72;157	sub-010_ses-102_task-s7;sub-010_ses-202_task-s7;sub-010_ses-302_task-s7	1109	7	158	sub-010	ses-102	task-s7	1;2;3	7;7;7
765	766	765	766	3	3	trialwise	975;2755;4526	975;2755;4526	7;18;29	24;36;39	sub-010_ses-102_task-s7;sub-010_ses-202_task-s7;sub-010_ses-302_task-s7	975	7	24	sub-010	ses-102	task-s7	1;2;3	7;7;7
766	767	766	767	3	3	trialwise	1020;2799;4625	1020;2799;4625	7;18;29	69;80;138	sub-010_ses-102_task-s7;sub-010_ses-202_task-s7;sub-010_ses-302_task-s7	1020	7	69	sub-010	ses-102	task-s7	1;2;3	7;7;7
767	768	767	768	3	3	trialwise	326;2104;4003	326;2104;4003	3;14;25	9;19;150	sub-010_ses-101_task-s3;sub-010_ses-201_task-s3;sub-010_ses-301_task-s3	326	3	9	sub-010	ses-101	task-s3	1;2;3	3;3;3
768	769	768	769	3	3	trialwise	445;2223;3981	445;2223;3981	3;14;25	128;138;128	sub-010_ses-101_task-s3;sub-010_ses-201_task-s3;sub-010_ses-301_task-s3	445	3	128	sub-010	ses-101	task-s3	1;2;3	3;3;3
769	770	769	770	3	3	trialwise	537;2281;4059	537;2281;4059	4;15;26	61;37;47	sub-010_ses-102_task-s4;sub-010_ses-201_task-s4;sub-010_ses-301_task-s4	537	4	61	sub-010	ses-102	task-s4	1;2;3	4;4;4
770	771	770	771	3	3	trialwise	1092;2780;4596	1092;2780;4596	7;18;29	141;61;109	sub-010_ses-102_task-s7;sub-010_ses-202_task-s7;sub-010_ses-302_task-s7	1092	7	141	sub-010	ses-102	task-s7	1;2;3	7;7;7
771	772	771	772	3	3	trialwise	935;2705;4346	935;2705;4346	6;17;28	142;144;17	sub-010_ses-102_task-s6;sub-010_ses-202_task-s6;sub-010_ses-302_task-s6	935	6	142	sub-010	ses-102	task-s6	1;2;3	6;6;6
772	773	772	773	3	3	trialwise	1206;2958;4704	1206;2958;4704	8;19;30	97;81;59	sub-010_ses-102_task-s8;sub-010_ses-202_task-s8;sub-010_ses-302_task-s8	1206	8	97	sub-010	ses-102	task-s8	1;2;3	8;8;8
773	774	773	774	3	3	trialwise	409;2141;3859	409;2141;3859	3;14;25	92;56;6	sub-010_ses-101_task-s3;sub-010_ses-201_task-s3;sub-010_ses-301_task-s3	409	3	92	sub-010	ses-101	task-s3	1;2;3	3;3;3
774	775	774	775	3	3	trialwise	289;2012;3744	289;2012;3744	2;13;24	131;86;50	sub-010_ses-101_task-s2;sub-010_ses-201_task-s2;sub-010_ses-301_task-s2	289	2	131	sub-010	ses-101	task-s2	1;2;3	2;2;2
775	776	775	776	3	3	trialwise	530;2358;4115	530;2358;4115	4;15;26	54;114;103	sub-010_ses-102_task-s4;sub-010_ses-201_task-s4;sub-010_ses-301_task-s4	530	4	54	sub-010	ses-102	task-s4	1;2;3	4;4;4
776	777	776	777	3	3	trialwise	898;2568;4352	898;2568;4352	6;17;28	105;7;23	sub-010_ses-102_task-s6;sub-010_ses-202_task-s6;sub-010_ses-302_task-s6	898	6	105	sub-010	ses-102	task-s6	1;2;3	6;6;6
777	778	777	778	3	3	trialwise	1083;2781;4637	1083;2781;4637	7;18;29	132;62;150	sub-010_ses-102_task-s7;sub-010_ses-202_task-s7;sub-010_ses-302_task-s7	1083	7	132	sub-010	ses-102	task-s7	1;2;3	7;7;7
778	779	778	779	3	3	trialwise	936;2624;4444	936;2624;4444	6;17;28	143;63;115	sub-010_ses-102_task-s6;sub-010_ses-202_task-s6;sub-010_ses-302_task-s6	936	6	143	sub-010	ses-102	task-s6	1;2;3	6;6;6
779	780	779	780	3	3	trialwise	1259;2904;4788	1259;2904;4788	8;19;30	150;27;143	sub-010_ses-102_task-s8;sub-010_ses-202_task-s8;sub-010_ses-302_task-s8	1259	8	150	sub-010	ses-102	task-s8	1;2;3	8;8;8
780	781	780	781	3	3	trialwise	856;2701;4394	856;2701;4394	6;17;28	63;140;65	sub-010_ses-102_task-s6;sub-010_ses-202_task-s6;sub-010_ses-302_task-s6	856	6	63	sub-010	ses-102	task-s6	1;2;3	6;6;6
781	782	781	782	3	3	trialwise	1048;2783;4552	1048;2783;4552	7;18;29	97;64;65	sub-010_ses-102_task-s7;sub-010_ses-202_task-s7;sub-010_ses-302_task-s7	1048	7	97	sub-010	ses-102	task-s7	1;2;3	7;7;7
782	783	782	783	3	3	trialwise	47;1887;3655	47;1887;3655	1;12;23	48;120;120	sub-010_ses-101_task-s1;sub-010_ses-201_task-s1;sub-010_ses-301_task-s1	47	1	48	sub-010	ses-101	task-s1	1;2;3	1;1;1
783	784	783	784	3	3	trialwise	51;1915;3683	51;1915;3683	1;12;23	52;148;148	sub-010_ses-101_task-s1;sub-010_ses-201_task-s1;sub-010_ses-301_task-s1	51	1	52	sub-010	ses-101	task-s1	1;2;3	1;1;1
784	785	784	785	3	3	trialwise	882;2590;4470	882;2590;4470	6;17;28	89;29;141	sub-010_ses-102_task-s6;sub-010_ses-202_task-s6;sub-010_ses-302_task-s6	882	6	89	sub-010	ses-102	task-s6	1;2;3	6;6;6
785	786	785	786	3	3	trialwise	280;2048;3764	280;2048;3764	2;13;24	122;122;70	sub-010_ses-101_task-s2;sub-010_ses-201_task-s2;sub-010_ses-301_task-s2	280	2	122	sub-010	ses-101	task-s2	1;2;3	2;2;2
786	787	786	787	3	3	trialwise	1034;2858;4624	1034;2858;4624	7;18;29	83;139;137	sub-010_ses-102_task-s7;sub-010_ses-202_task-s7;sub-010_ses-302_task-s7	1034	7	83	sub-010	ses-102	task-s7	1;2;3	7;7;7
787	788	787	788	3	3	trialwise	293;1964;3763	293;1964;3763	2;13;24	135;38;69	sub-010_ses-101_task-s2;sub-010_ses-201_task-s2;sub-010_ses-301_task-s2	293	2	135	sub-010	ses-101	task-s2	1;2;3	2;2;2
788	789	788	789	3	3	trialwise	478;2394;4142	478;2394;4142	4;15;26	2;150;130	sub-010_ses-102_task-s4;sub-010_ses-201_task-s4;sub-010_ses-301_task-s4	478	4	2	sub-010	ses-102	task-s4	1;2;3	4;4;4
789	790	789	790	3	3	trialwise	454;2214;3969	454;2214;3969	3;14;25	137;129;116	sub-010_ses-101_task-s3;sub-010_ses-201_task-s3;sub-010_ses-301_task-s3	454	3	137	sub-010	ses-101	task-s3	1;2;3	3;3;3
790	791	790	791	3	3	trialwise	319;2187;3878	319;2187;3878	3;14;25	2;102;25	sub-010_ses-101_task-s3;sub-010_ses-201_task-s3;sub-010_ses-301_task-s3	319	3	2	sub-010	ses-101	task-s3	1;2;3	3;3;3
791	792	791	792	3	3	trialwise	521;2366;4028	521;2366;4028	4;15;26	45;122;16	sub-010_ses-102_task-s4;sub-010_ses-201_task-s4;sub-010_ses-301_task-s4	521	4	45	sub-010	ses-102	task-s4	1;2;3	4;4;4
792	793	792	793	3	3	trialwise	1161;3015;4772	1161;3015;4772	8;19;30	52;138;127	sub-010_ses-102_task-s8;sub-010_ses-202_task-s8;sub-010_ses-302_task-s8	1161	8	52	sub-010	ses-102	task-s8	1;2;3	8;8;8
793	794	793	794	3	3	trialwise	314;2000;3780	314;2000;3780	2;13;24	156;74;86	sub-010_ses-101_task-s2;sub-010_ses-201_task-s2;sub-010_ses-301_task-s2	314	2	156	sub-010	ses-101	task-s2	1;2;3	2;2;2
794	795	794	795	3	3	trialwise	215;1947;3711	215;1947;3711	2;13;24	57;21;17	sub-010_ses-101_task-s2;sub-010_ses-201_task-s2;sub-010_ses-301_task-s2	215	2	57	sub-010	ses-101	task-s2	1;2;3	2;2;2
795	796	795	796	3	3	trialwise	571;2381;4032	571;2381;4032	4;15;26	95;137;20	sub-010_ses-102_task-s4;sub-010_ses-201_task-s4;sub-010_ses-301_task-s4	571	4	95	sub-010	ses-102	task-s4	1;2;3	4;4;4
796	797	796	797	3	3	trialwise	574;2354;4037	574;2354;4037	4;15;26	98;110;25	sub-010_ses-102_task-s4;sub-010_ses-201_task-s4;sub-010_ses-301_task-s4	574	4	98	sub-010	ses-102	task-s4	1;2;3	4;4;4
797	798	797	798	3	3	trialwise	481;2384;4152	481;2384;4152	4;15;26	5;140;140	sub-010_ses-102_task-s4;sub-010_ses-201_task-s4;sub-010_ses-301_task-s4	481	4	5	sub-010	ses-102	task-s4	1;2;3	4;4;4
798	799	798	799	3	3	trialwise	1097;2738;4622	1097;2738;4622	7;18;29	146;19;135	sub-010_ses-102_task-s7;sub-010_ses-202_task-s7;sub-010_ses-302_task-s7	1097	7	146	sub-010	ses-102	task-s7	1;2;3	7;7;7
799	800	799	800	3	3	trialwise	979;2731;4611	979;2731;4611	7;18;29	28;12;124	sub-010_ses-102_task-s7;sub-010_ses-202_task-s7;sub-010_ses-302_task-s7	979	7	28	sub-010	ses-102	task-s7	1;2;3	7;7;7
800	801	800	801	3	3	trialwise	728;2438;4230	728;2438;4230	5;16;27	93;35;59	sub-010_ses-102_task-s5;sub-010_ses-202_task-s5;sub-010_ses-302_task-s5	728	5	93	sub-010	ses-102	task-s5	1;2;3	5;5;5
801	802	801	802	3	3	trialwise	95;1787;3555	95;1787;3555	1;12;23	96;20;20	sub-010_ses-101_task-s1;sub-010_ses-201_task-s1;sub-010_ses-301_task-s1	95	1	96	sub-010	ses-101	task-s1	1;2;3	1;1;1
802	803	802	803	3	3	trialwise	1173;2967;4714	1173;2967;4714	8;19;30	64;90;69	sub-010_ses-102_task-s8;sub-010_ses-202_task-s8;sub-010_ses-302_task-s8	1173	8	64	sub-010	ses-102	task-s8	1;2;3	8;8;8
803	804	803	804	3	3	trialwise	267;1993;3833	267;1993;3833	2;13;24	109;67;139	sub-010_ses-101_task-s2;sub-010_ses-201_task-s2;sub-010_ses-301_task-s2	267	2	109	sub-010	ses-101	task-s2	1;2;3	2;2;2
804	805	804	805	3	3	trialwise	192;2077;3800	192;2077;3800	2;13;24	34;151;106	sub-010_ses-101_task-s2;sub-010_ses-201_task-s2;sub-010_ses-301_task-s2	192	2	34	sub-010	ses-101	task-s2	1;2;3	2;2;2
805	806	805	806	3	3	trialwise	716;2463;4175	716;2463;4175	5;16;27	81;60;4	sub-010_ses-102_task-s5;sub-010_ses-202_task-s5;sub-010_ses-302_task-s5	716	5	81	sub-010	ses-102	task-s5	1;2;3	5;5;5
806	807	806	807	3	3	trialwise	148;1858;3626	148;1858;3626	1;12;23	149;91;91	sub-010_ses-101_task-s1;sub-010_ses-201_task-s1;sub-010_ses-301_task-s1	148	1	149	sub-010	ses-101	task-s1	1;2;3	1;1;1
807	808	807	808	3	3	trialwise	1249;2915;4693	1249;2915;4693	8;19;30	140;38;48	sub-010_ses-102_task-s8;sub-010_ses-202_task-s8;sub-010_ses-302_task-s8	1249	8	140	sub-010	ses-102	task-s8	1;2;3	8;8;8
808	809	808	809	3	3	trialwise	357;2194;3907	357;2194;3907	3;14;25	40;109;54	sub-010_ses-101_task-s3;sub-010_ses-201_task-s3;sub-010_ses-301_task-s3	357	3	40	sub-010	ses-101	task-s3	1;2;3	3;3;3
809	810	809	810	3	3	trialwise	150;1841;3609	150;1841;3609	1;12;23	151;74;74	sub-010_ses-101_task-s1;sub-010_ses-201_task-s1;sub-010_ses-301_task-s1	150	1	151	sub-010	ses-101	task-s1	1;2;3	1;1;1
810	811	810	811	3	3	trialwise	998;2819;4538	998;2819;4538	7;18;29	47;100;51	sub-010_ses-102_task-s7;sub-010_ses-202_task-s7;sub-010_ses-302_task-s7	998	7	47	sub-010	ses-102	task-s7	1;2;3	7;7;7
811	812	811	812	3	3	trialwise	911;2679;4483	911;2679;4483	6;17;28	118;118;154	sub-010_ses-102_task-s6;sub-010_ses-202_task-s6;sub-010_ses-302_task-s6	911	6	118	sub-010	ses-102	task-s6	1;2;3	6;6;6
812	813	812	813	3	3	trialwise	604;2402;4068	604;2402;4068	4;15;26	128;158;56	sub-010_ses-102_task-s4;sub-010_ses-201_task-s4;sub-010_ses-301_task-s4	604	4	128	sub-010	ses-102	task-s4	1;2;3	4;4;4
813	814	813	814	3	3	trialwise	1240;2880;4680	1240;2880;4680	8;19;30	131;3;35	sub-010_ses-102_task-s8;sub-010_ses-202_task-s8;sub-010_ses-302_task-s8	1240	8	131	sub-010	ses-102	task-s8	1;2;3	8;8;8
814	815	814	815	3	3	trialwise	601;2306;4118	601;2306;4118	4;15;26	125;62;106	sub-010_ses-102_task-s4;sub-010_ses-201_task-s4;sub-010_ses-301_task-s4	601	4	125	sub-010	ses-102	task-s4	1;2;3	4;4;4
815	816	815	816	3	3	trialwise	247;2081;3842	247;2081;3842	2;13;24	89;155;148	sub-010_ses-101_task-s2;sub-010_ses-201_task-s2;sub-010_ses-301_task-s2	247	2	89	sub-010	ses-101	task-s2	1;2;3	2;2;2
816	817	816	817	3	3	trialwise	893;2707;4345	893;2707;4345	6;17;28	100;146;16	sub-010_ses-102_task-s6;sub-010_ses-202_task-s6;sub-010_ses-302_task-s6	893	6	100	sub-010	ses-102	task-s6	1;2;3	6;6;6
817	818	817	818	3	3	trialwise	1260;2979;4752	1260;2979;4752	8;19;30	151;102;107	sub-010_ses-102_task-s8;sub-010_ses-202_task-s8;sub-010_ses-302_task-s8	1260	8	151	sub-010	ses-102	task-s8	1;2;3	8;8;8
818	819	818	819	3	3	trialwise	1228;2897;4674	1228;2897;4674	8;19;30	119;20;29	sub-010_ses-102_task-s8;sub-010_ses-202_task-s8;sub-010_ses-302_task-s8	1228	8	119	sub-010	ses-102	task-s8	1;2;3	8;8;8
819	820	819	820	3	3	trialwise	305;2063;3719	305;2063;3719	2;13;24	147;137;25	sub-010_ses-101_task-s2;sub-010_ses-201_task-s2;sub-010_ses-301_task-s2	305	2	147	sub-010	ses-101	task-s2	1;2;3	2;2;2
820	821	820	821	3	3	trialwise	89;1769;3537	89;1769;3537	1;12;23	90;2;2	sub-010_ses-101_task-s1;sub-010_ses-201_task-s1;sub-010_ses-301_task-s1	89	1	90	sub-010	ses-101	task-s1	1;2;3	1;1;1
821	822	821	822	3	3	trialwise	443;2158;3927	443;2158;3927	3;14;25	126;73;74	sub-010_ses-101_task-s3;sub-010_ses-201_task-s3;sub-010_ses-301_task-s3	443	3	126	sub-010	ses-101	task-s3	1;2;3	3;3;3
822	823	822	823	3	3	trialwise	258;2038;3818	258;2038;3818	2;13;24	100;112;124	sub-010_ses-101_task-s2;sub-010_ses-201_task-s2;sub-010_ses-301_task-s2	258	2	100	sub-010	ses-101	task-s2	1;2;3	2;2;2
823	824	823	824	3	3	trialwise	389;2205;4005	389;2205;4005	3;14;25	72;120;152	sub-010_ses-101_task-s3;sub-010_ses-201_task-s3;sub-010_ses-301_task-s3	389	3	72	sub-010	ses-101	task-s3	1;2;3	3;3;3
824	825	824	825	3	3	trialwise	912;2594;4418	912;2594;4418	6;17;28	119;33;89	sub-010_ses-102_task-s6;sub-010_ses-202_task-s6;sub-010_ses-302_task-s6	912	6	119	sub-010	ses-102	task-s6	1;2;3	6;6;6
825	826	825	826	3	3	trialwise	347;2229;3995	347;2229;3995	3;14;25	30;144;142	sub-010_ses-101_task-s3;sub-010_ses-201_task-s3;sub-010_ses-301_task-s3	347	3	30	sub-010	ses-101	task-s3	1;2;3	3;3;3
826	827	826	827	3	3	trialwise	1251;2918;4800	1251;2918;4800	8;19;30	142;41;155	sub-010_ses-102_task-s8;sub-010_ses-202_task-s8;sub-010_ses-302_task-s8	1251	8	142	sub-010	ses-102	task-s8	1;2;3	8;8;8
827	828	827	828	3	3	trialwise	301;1936;3713	301;1936;3713	2;13;24	143;10;19	sub-010_ses-101_task-s2;sub-010_ses-201_task-s2;sub-010_ses-301_task-s2	301	2	143	sub-010	ses-101	task-s2	1;2;3	2;2;2
828	829	828	829	3	3	trialwise	549;2275;4073	549;2275;4073	4;15;26	73;31;61	sub-010_ses-102_task-s4;sub-010_ses-201_task-s4;sub-010_ses-301_task-s4	549	4	73	sub-010	ses-102	task-s4	1;2;3	4;4;4
829	830	829	830	3	3	trialwise	1148;2907;4702	1148;2907;4702	8;19;30	39;30;57	sub-010_ses-102_task-s8;sub-010_ses-202_task-s8;sub-010_ses-302_task-s8	1148	8	39	sub-010	ses-102	task-s8	1;2;3	8;8;8
830	831	830	831	3	3	trialwise	1074;2763;4640	1074;2763;4640	7;18;29	123;44;153	sub-010_ses-102_task-s7;sub-010_ses-202_task-s7;sub-010_ses-302_task-s7	1074	7	123	sub-010	ses-102	task-s7	1;2;3	7;7;7
831	832	831	832	3	3	trialwise	1199;2952;4701	1199;2952;4701	8;19;30	90;75;56	sub-010_ses-102_task-s8;sub-010_ses-202_task-s8;sub-010_ses-302_task-s8	1199	8	90	sub-010	ses-102	task-s8	1;2;3	8;8;8
832	833	832	833	3	3	trialwise	13;1822;3590	13;1822;3590	1;12;23	14;55;55	sub-010_ses-101_task-s1;sub-010_ses-201_task-s1;sub-010_ses-301_task-s1	13	1	14	sub-010	ses-101	task-s1	1;2;3	1;1;1
833	834	833	834	3	3	trialwise	967;2829;4590	967;2829;4590	7;18;29	16;110;103	sub-010_ses-102_task-s7;sub-010_ses-202_task-s7;sub-010_ses-302_task-s7	967	7	16	sub-010	ses-102	task-s7	1;2;3	7;7;7
834	835	834	835	3	3	trialwise	71;1796;3564	71;1796;3564	1;12;23	72;29;29	sub-010_ses-101_task-s1;sub-010_ses-201_task-s1;sub-010_ses-301_task-s1	71	1	72	sub-010	ses-101	task-s1	1;2;3	1;1;1
835	836	835	836	3	3	trialwise	1246;3035;4784	1246;3035;4784	8;19;30	137;158;139	sub-010_ses-102_task-s8;sub-010_ses-202_task-s8;sub-010_ses-302_task-s8	1246	8	137	sub-010	ses-102	task-s8	1;2;3	8;8;8
836	837	836	837	3	3	trialwise	507;2388;4120	507;2388;4120	4;15;26	31;144;108	sub-010_ses-102_task-s4;sub-010_ses-201_task-s4;sub-010_ses-301_task-s4	507	4	31	sub-010	ses-102	task-s4	1;2;3	4;4;4
837	838	837	838	3	3	trialwise	591;2286;4132	591;2286;4132	4;15;26	115;42;120	sub-010_ses-102_task-s4;sub-010_ses-201_task-s4;sub-010_ses-301_task-s4	591	4	115	sub-010	ses-102	task-s4	1;2;3	4;4;4
838	839	838	839	3	3	trialwise	22;1889;3657	22;1889;3657	1;12;23	23;122;122	sub-010_ses-101_task-s1;sub-010_ses-201_task-s1;sub-010_ses-301_task-s1	22	1	23	sub-010	ses-101	task-s1	1;2;3	1;1;1
839	840	839	840	3	3	trialwise	720;2494;4195	720;2494;4195	5;16;27	85;91;24	sub-010_ses-102_task-s5;sub-010_ses-202_task-s5;sub-010_ses-302_task-s5	720	5	85	sub-010	ses-102	task-s5	1;2;3	5;5;5
840	841	840	841	3	3	trialwise	683;2466;4190	683;2466;4190	5;16;27	48;63;19	sub-010_ses-102_task-s5;sub-010_ses-202_task-s5;sub-010_ses-302_task-s5	683	5	48	sub-010	ses-102	task-s5	1;2;3	5;5;5
841	842	841	842	3	3	trialwise	1223;2902;4716	1223;2902;4716	8;19;30	114;25;71	sub-010_ses-102_task-s8;sub-010_ses-202_task-s8;sub-010_ses-302_task-s8	1223	8	114	sub-010	ses-102	task-s8	1;2;3	8;8;8
842	843	842	843	3	3	trialwise	914;2598;4386	914;2598;4386	6;17;28	121;37;57	sub-010_ses-102_task-s6;sub-010_ses-202_task-s6;sub-010_ses-302_task-s6	914	6	121	sub-010	ses-102	task-s6	1;2;3	6;6;6
843	844	843	844	3	3	trialwise	725;2469;4232	725;2469;4232	5;16;27	90;66;61	sub-010_ses-102_task-s5;sub-010_ses-202_task-s5;sub-010_ses-302_task-s5	725	5	90	sub-010	ses-102	task-s5	1;2;3	5;5;5
844	845	844	845	3	3	trialwise	963;2764;4529	963;2764;4529	7;18;29	12;45;42	sub-010_ses-102_task-s7;sub-010_ses-202_task-s7;sub-010_ses-302_task-s7	963	7	12	sub-010	ses-102	task-s7	1;2;3	7;7;7
845	846	845	846	3	3	trialwise	1221;2970;4739	1221;2970;4739	8;19;30	112;93;94	sub-010_ses-102_task-s8;sub-010_ses-202_task-s8;sub-010_ses-302_task-s8	1221	8	112	sub-010	ses-102	task-s8	1;2;3	8;8;8
846	847	846	847	3	3	trialwise	593;2380;4072	593;2380;4072	4;15;26	117;136;60	sub-010_ses-102_task-s4;sub-010_ses-201_task-s4;sub-010_ses-301_task-s4	593	4	117	sub-010	ses-102	task-s4	1;2;3	4;4;4
847	848	847	848	3	3	trialwise	66;1820;3588	66;1820;3588	1;12;23	67;53;53	sub-010_ses-101_task-s1;sub-010_ses-201_task-s1;sub-010_ses-301_task-s1	66	1	67	sub-010	ses-101	task-s1	1;2;3	1;1;1
848	849	848	849	3	3	trialwise	136;1850;3618	136;1850;3618	1;12;23	137;83;83	sub-010_ses-101_task-s1;sub-010_ses-201_task-s1;sub-010_ses-301_task-s1	136	1	137	sub-010	ses-101	task-s1	1;2;3	1;1;1
849	850	849	850	3	3	trialwise	96;1798;3566	96;1798;3566	1;12;23	97;31;31	sub-010_ses-101_task-s1;sub-010_ses-201_task-s1;sub-010_ses-301_task-s1	96	1	97	sub-010	ses-101	task-s1	1;2;3	1;1;1
850	851	850	851	3	3	trialwise	502;2334;4088	502;2334;4088	4;15;26	26;90;76	sub-010_ses-102_task-s4;sub-010_ses-201_task-s4;sub-010_ses-301_task-s4	502	4	26	sub-010	ses-102	task-s4	1;2;3	4;4;4
851	852	851	852	3	3	trialwise	906;2622;4372	906;2622;4372	6;17;28	113;61;43	sub-010_ses-102_task-s6;sub-010_ses-202_task-s6;sub-010_ses-302_task-s6	906	6	113	sub-010	ses-102	task-s6	1;2;3	6;6;6
852	853	852	853	3	3	trialwise	841;2610;4378	841;2610;4378	6;17;28	48;49;49	sub-010_ses-102_task-s6;sub-010_ses-202_task-s6;sub-010_ses-302_task-s6	841	6	48	sub-010	ses-102	task-s6	1;2;3	6;6;6
853	854	853	854	3	3	trialwise	703;2531;4180	703;2531;4180	5;16;27	68;128;9	sub-010_ses-102_task-s5;sub-010_ses-202_task-s5;sub-010_ses-302_task-s5	703	5	68	sub-010	ses-102	task-s5	1;2;3	5;5;5
854	855	854	855	3	3	trialwise	1210;2951;4669	1210;2951;4669	8;19;30	101;74;24	sub-010_ses-102_task-s8;sub-010_ses-202_task-s8;sub-010_ses-302_task-s8	1210	8	101	sub-010	ses-102	task-s8	1;2;3	8;8;8
855	856	855	856	3	3	trialwise	1021;2797;4504	1021;2797;4504	7;18;29	70;78;17	sub-010_ses-102_task-s7;sub-010_ses-202_task-s7;sub-010_ses-302_task-s7	1021	7	70	sub-010	ses-102	task-s7	1;2;3	7;7;7
856	857	856	857	3	3	trialwise	567;2382;4122	567;2382;4122	4;15;26	91;138;110	sub-010_ses-102_task-s4;sub-010_ses-201_task-s4;sub-010_ses-301_task-s4	567	4	91	sub-010	ses-102	task-s4	1;2;3	4;4;4
857	858	857	858	3	3	trialwise	1051;2785;4606	1051;2785;4606	7;18;29	100;66;119	sub-010_ses-102_task-s7;sub-010_ses-202_task-s7;sub-010_ses-302_task-s7	1051	7	100	sub-010	ses-102	task-s7	1;2;3	7;7;7
858	859	858	859	3	3	trialwise	218;2031;3701	218;2031;3701	2;13;24	60;105;7	sub-010_ses-101_task-s2;sub-010_ses-201_task-s2;sub-010_ses-301_task-s2	218	2	60	sub-010	ses-101	task-s2	1;2;3	2;2;2
859	860	859	860	3	3	trialwise	545;2346;4023	545;2346;4023	4;15;26	69;102;11	sub-010_ses-102_task-s4;sub-010_ses-201_task-s4;sub-010_ses-301_task-s4	545	4	69	sub-010	ses-102	task-s4	1;2;3	4;4;4
860	861	860	861	3	3	trialwise	678;2530;4305	678;2530;4305	5;16;27	43;127;134	sub-010_ses-102_task-s5;sub-010_ses-202_task-s5;sub-010_ses-302_task-s5	678	5	43	sub-010	ses-102	task-s5	1;2;3	5;5;5
861	862	861	862	3	3	trialwise	874;2654;4442	874;2654;4442	6;17;28	81;93;113	sub-010_ses-102_task-s6;sub-010_ses-202_task-s6;sub-010_ses-302_task-s6	874	6	81	sub-010	ses-102	task-s6	1;2;3	6;6;6
862	863	862	863	3	3	trialwise	1212;2919;4747	1212;2919;4747	8;19;30	103;42;102	sub-010_ses-102_task-s8;sub-010_ses-202_task-s8;sub-010_ses-302_task-s8	1212	8	103	sub-010	ses-102	task-s8	1;2;3	8;8;8
863	864	863	864	3	3	trialwise	1124;2990;4757	1124;2990;4757	8;19;30	15;113;112	sub-010_ses-102_task-s8;sub-010_ses-202_task-s8;sub-010_ses-302_task-s8	1124	8	15	sub-010	ses-102	task-s8	1;2;3	8;8;8
864	865	864	865	3	3	trialwise	340;2151;3892	340;2151;3892	3;14;25	23;66;39	sub-010_ses-101_task-s3;sub-010_ses-201_task-s3;sub-010_ses-301_task-s3	340	3	23	sub-010	ses-101	task-s3	1;2;3	3;3;3
865	866	865	866	3	3	trialwise	505;2335;4060	505;2335;4060	4;15;26	29;91;48	sub-010_ses-102_task-s4;sub-010_ses-201_task-s4;sub-010_ses-301_task-s4	505	4	29	sub-010	ses-102	task-s4	1;2;3	4;4;4
866	867	866	867	3	3	trialwise	225;1937;3830	225;1937;3830	2;13;24	67;11;136	sub-010_ses-101_task-s2;sub-010_ses-201_task-s2;sub-010_ses-301_task-s2	225	2	67	sub-010	ses-101	task-s2	1;2;3	2;2;2
867	868	867	868	3	3	trialwise	629;2316;4022	629;2316;4022	4;15;26	153;72;10	sub-010_ses-102_task-s4;sub-010_ses-201_task-s4;sub-010_ses-301_task-s4	629	4	153	sub-010	ses-102	task-s4	1;2;3	4;4;4
868	869	868	869	3	3	trialwise	1108;2753;4626	1108;2753;4626	7;18;29	157;34;139	sub-010_ses-102_task-s7;sub-010_ses-202_task-s7;sub-010_ses-302_task-s7	1108	7	157	sub-010	ses-102	task-s7	1;2;3	7;7;7
869	870	869	870	3	3	trialwise	298;2052;3703	298;2052;3703	2;13;24	140;126;9	sub-010_ses-101_task-s2;sub-010_ses-201_task-s2;sub-010_ses-301_task-s2	298	2	140	sub-010	ses-101	task-s2	1;2;3	2;2;2
870	871	870	871	3	3	trialwise	426;2106;3956	426;2106;3956	3;14;25	109;21;103	sub-010_ses-101_task-s3;sub-010_ses-201_task-s3;sub-010_ses-301_task-s3	426	3	109	sub-010	ses-101	task-s3	1;2;3	3;3;3
871	872	871	872	3	3	trialwise	569;2271;4081	569;2271;4081	4;15;26	93;27;69	sub-010_ses-102_task-s4;sub-010_ses-201_task-s4;sub-010_ses-301_task-s4	569	4	93	sub-010	ses-102	task-s4	1;2;3	4;4;4
872	873	872	873	3	3	trialwise	1027;2820;4572	1027;2820;4572	7;18;29	76;101;85	sub-010_ses-102_task-s7;sub-010_ses-202_task-s7;sub-010_ses-302_task-s7	1027	7	76	sub-010	ses-102	task-s7	1;2;3	7;7;7
873	874	873	874	3	3	trialwise	679;2533;4216	679;2533;4216	5;16;27	44;130;45	sub-010_ses-102_task-s5;sub-010_ses-202_task-s5;sub-010_ses-302_task-s5	679	5	44	sub-010	ses-102	task-s5	1;2;3	5;5;5
874	875	874	875	3	3	trialwise	452;2163;3883	452;2163;3883	3;14;25	135;78;30	sub-010_ses-101_task-s3;sub-010_ses-201_task-s3;sub-010_ses-301_task-s3	452	3	135	sub-010	ses-101	task-s3	1;2;3	3;3;3
875	876	875	876	3	3	trialwise	102;1862;3630	102;1862;3630	1;12;23	103;95;95	sub-010_ses-101_task-s1;sub-010_ses-201_task-s1;sub-010_ses-301_task-s1	102	1	103	sub-010	ses-101	task-s1	1;2;3	1;1;1
876	877	876	877	3	3	trialwise	1068;2814;4642	1068;2814;4642	7;18;29	117;95;155	sub-010_ses-102_task-s7;sub-010_ses-202_task-s7;sub-010_ses-302_task-s7	1068	7	117	sub-010	ses-102	task-s7	1;2;3	7;7;7
877	878	877	878	3	3	trialwise	58;1814;3582	58;1814;3582	1;12;23	59;47;47	sub-010_ses-101_task-s1;sub-010_ses-201_task-s1;sub-010_ses-301_task-s1	58	1	59	sub-010	ses-101	task-s1	1;2;3	1;1;1
878	879	878	879	3	3	trialwise	220;2033;3812	220;2033;3812	2;13;24	62;107;118	sub-010_ses-101_task-s2;sub-010_ses-201_task-s2;sub-010_ses-301_task-s2	220	2	62	sub-010	ses-101	task-s2	1;2;3	2;2;2
879	880	879	880	3	3	trialwise	197;2058;3710	197;2058;3710	2;13;24	39;132;16	sub-010_ses-101_task-s2;sub-010_ses-201_task-s2;sub-010_ses-301_task-s2	197	2	39	sub-010	ses-101	task-s2	1;2;3	2;2;2
880	881	880	881	3	3	trialwise	689;2455;4290	689;2455;4290	5;16;27	54;52;119	sub-010_ses-102_task-s5;sub-010_ses-202_task-s5;sub-010_ses-302_task-s5	689	5	54	sub-010	ses-102	task-s5	1;2;3	5;5;5
881	882	881	882	3	3	trialwise	324;2137;4004	324;2137;4004	3;14;25	7;52;151	sub-010_ses-101_task-s3;sub-010_ses-201_task-s3;sub-010_ses-301_task-s3	324	3	7	sub-010	ses-101	task-s3	1;2;3	3;3;3
882	883	882	883	3	3	trialwise	542;2297;4108	542;2297;4108	4;15;26	66;53;96	sub-010_ses-102_task-s4;sub-010_ses-201_task-s4;sub-010_ses-301_task-s4	542	4	66	sub-010	ses-102	task-s4	1;2;3	4;4;4
883	884	883	884	3	3	trialwise	659;2489;4240	659;2489;4240	5;16;27	24;86;69	sub-010_ses-102_task-s5;sub-010_ses-202_task-s5;sub-010_ses-302_task-s5	659	5	24	sub-010	ses-102	task-s5	1;2;3	5;5;5
884	885	884	885	3	3	trialwise	162;1983;3853	162;1983;3853	2;13;24	4;57;159	sub-010_ses-101_task-s2;sub-010_ses-201_task-s2;sub-010_ses-301_task-s2	162	2	4	sub-010	ses-101	task-s2	1;2;3	2;2;2
885	886	885	886	3	3	trialwise	105;1867;3635	105;1867;3635	1;12;23	106;100;100	sub-010_ses-101_task-s1;sub-010_ses-201_task-s1;sub-010_ses-301_task-s1	105	1	106	sub-010	ses-101	task-s1	1;2;3	1;1;1
886	887	886	887	3	3	trialwise	609;2350;4114	609;2350;4114	4;15;26	133;106;102	sub-010_ses-102_task-s4;sub-010_ses-201_task-s4;sub-010_ses-301_task-s4	609	4	133	sub-010	ses-102	task-s4	1;2;3	4;4;4
887	888	887	888	3	3	trialwise	793;2411;4212	793;2411;4212	5;16;27	158;8;41	sub-010_ses-102_task-s5;sub-010_ses-202_task-s5;sub-010_ses-302_task-s5	793	5	158	sub-010	ses-102	task-s5	1;2;3	5;5;5
888	889	888	889	3	3	trialwise	631;2361;4069	631;2361;4069	4;15;26	155;117;57	sub-010_ses-102_task-s4;sub-010_ses-201_task-s4;sub-010_ses-301_task-s4	631	4	155	sub-010	ses-102	task-s4	1;2;3	4;4;4
889	890	889	890	3	3	trialwise	110;1873;3641	110;1873;3641	1;12;23	111;106;106	sub-010_ses-101_task-s1;sub-010_ses-201_task-s1;sub-010_ses-301_task-s1	110	1	111	sub-010	ses-101	task-s1	1;2;3	1;1;1
890	891	890	891	3	3	trialwise	867;2656;4374	867;2656;4374	6;17;28	74;95;45	sub-010_ses-102_task-s6;sub-010_ses-202_task-s6;sub-010_ses-302_task-s6	867	6	74	sub-010	ses-102	task-s6	1;2;3	6;6;6
891	892	891	892	3	3	trialwise	97;1879;3647	97;1879;3647	1;12;23	98;112;112	sub-010_ses-101_task-s1;sub-010_ses-201_task-s1;sub-010_ses-301_task-s1	97	1	98	sub-010	ses-101	task-s1	1;2;3	1;1;1
892	893	892	893	3	3	trialwise	467;2208;3906	467;2208;3906	3;14;25	150;123;53	sub-010_ses-101_task-s3;sub-010_ses-201_task-s3;sub-010_ses-301_task-s3	467	3	150	sub-010	ses-101	task-s3	1;2;3	3;3;3
893	894	893	894	3	3	trialwise	1117;3008;4655	1117;3008;4655	8;19;30	8;131;10	sub-010_ses-102_task-s8;sub-010_ses-202_task-s8;sub-010_ses-302_task-s8	1117	8	8	sub-010	ses-102	task-s8	1;2;3	8;8;8
894	895	894	895	3	3	trialwise	920;2716;4413	920;2716;4413	6;17;28	127;155;84	sub-010_ses-102_task-s6;sub-010_ses-202_task-s6;sub-010_ses-302_task-s6	920	6	127	sub-010	ses-102	task-s6	1;2;3	6;6;6
895	896	895	896	3	3	trialwise	146;1840;3608	146;1840;3608	1;12;23	147;73;73	sub-010_ses-101_task-s1;sub-010_ses-201_task-s1;sub-010_ses-301_task-s1	146	1	147	sub-010	ses-101	task-s1	1;2;3	1;1;1
896	897	896	897	3	3	trialwise	1030;2761;4600	1030;2761;4600	7;18;29	79;42;113	sub-010_ses-102_task-s7;sub-010_ses-202_task-s7;sub-010_ses-302_task-s7	1030	7	79	sub-010	ses-102	task-s7	1;2;3	7;7;7
897	898	897	898	3	3	trialwise	385;2199;3986	385;2199;3986	3;14;25	68;114;133	sub-010_ses-101_task-s3;sub-010_ses-201_task-s3;sub-010_ses-301_task-s3	385	3	68	sub-010	ses-101	task-s3	1;2;3	3;3;3
898	899	898	899	3	3	trialwise	1183;2988;4657	1183;2988;4657	8;19;30	74;111;12	sub-010_ses-102_task-s8;sub-010_ses-202_task-s8;sub-010_ses-302_task-s8	1183	8	74	sub-010	ses-102	task-s8	1;2;3	8;8;8
899	900	899	900	3	3	trialwise	897;2693;4354	897;2693;4354	6;17;28	104;132;25	sub-010_ses-102_task-s6;sub-010_ses-202_task-s6;sub-010_ses-302_task-s6	897	6	104	sub-010	ses-102	task-s6	1;2;3	6;6;6
900	901	900	901	3	3	trialwise	925;2691;4384	925;2691;4384	6;17;28	132;130;55	sub-010_ses-102_task-s6;sub-010_ses-202_task-s6;sub-010_ses-302_task-s6	925	6	132	sub-010	ses-102	task-s6	1;2;3	6;6;6
901	902	901	902	3	3	trialwise	31;1779;3547	31;1779;3547	1;12;23	32;12;12	sub-010_ses-101_task-s1;sub-010_ses-201_task-s1;sub-010_ses-301_task-s1	31	1	32	sub-010	ses-101	task-s1	1;2;3	1;1;1
902	903	902	903	3	3	trialwise	675;2483;4242	675;2483;4242	5;16;27	40;80;71	sub-010_ses-102_task-s5;sub-010_ses-202_task-s5;sub-010_ses-302_task-s5	675	5	40	sub-010	ses-102	task-s5	1;2;3	5;5;5
903	904	903	904	3	3	trialwise	1227;2889;4647	1227;2889;4647	8;19;30	118;12;2	sub-010_ses-102_task-s8;sub-010_ses-202_task-s8;sub-010_ses-302_task-s8	1227	8	118	sub-010	ses-102	task-s8	1;2;3	8;8;8
904	905	904	905	3	3	trialwise	680;2458;4306	680;2458;4306	5;16;27	45;55;135	sub-010_ses-102_task-s5;sub-010_ses-202_task-s5;sub-010_ses-302_task-s5	680	5	45	sub-010	ses-102	task-s5	1;2;3	5;5;5
905	906	905	906	3	3	trialwise	782;2548;4264	782;2548;4264	5;16;27	147;145;93	sub-010_ses-102_task-s5;sub-010_ses-202_task-s5;sub-010_ses-302_task-s5	782	5	147	sub-010	ses-102	task-s5	1;2;3	5;5;5
906	907	906	907	3	3	trialwise	886;2592;4358	886;2592;4358	6;17;28	93;31;29	sub-010_ses-102_task-s6;sub-010_ses-202_task-s6;sub-010_ses-302_task-s6	886	6	93	sub-010	ses-102	task-s6	1;2;3	6;6;6
907	908	907	908	3	3	trialwise	543;2373;4043	543;2373;4043	4;15;26	67;129;31	sub-010_ses-102_task-s4;sub-010_ses-201_task-s4;sub-010_ses-301_task-s4	543	4	67	sub-010	ses-102	task-s4	1;2;3	4;4;4
908	909	908	909	3	3	trialwise	1136;2968;4692	1136;2968;4692	8;19;30	27;91;47	sub-010_ses-102_task-s8;sub-010_ses-202_task-s8;sub-010_ses-302_task-s8	1136	8	27	sub-010	ses-102	task-s8	1;2;3	8;8;8
909	910	909	910	3	3	trialwise	1187;2937;4663	1187;2937;4663	8;19;30	78;60;18	sub-010_ses-102_task-s8;sub-010_ses-202_task-s8;sub-010_ses-302_task-s8	1187	8	78	sub-010	ses-102	task-s8	1;2;3	8;8;8
910	911	910	911	3	3	trialwise	211;1930;3773	211;1930;3773	2;13;24	53;4;79	sub-010_ses-101_task-s2;sub-010_ses-201_task-s2;sub-010_ses-301_task-s2	211	2	53	sub-010	ses-101	task-s2	1;2;3	2;2;2
911	912	911	912	3	3	trialwise	327;2196;3973	327;2196;3973	3;14;25	10;111;120	sub-010_ses-101_task-s3;sub-010_ses-201_task-s3;sub-010_ses-301_task-s3	327	3	10	sub-010	ses-101	task-s3	1;2;3	3;3;3
912	913	912	913	3	3	trialwise	1243;2976;4719	1243;2976;4719	8;19;30	134;99;74	sub-010_ses-102_task-s8;sub-010_ses-202_task-s8;sub-010_ses-302_task-s8	1243	8	134	sub-010	ses-102	task-s8	1;2;3	8;8;8
913	914	913	914	3	3	trialwise	1122;2974;4737	1122;2974;4737	8;19;30	13;97;92	sub-010_ses-102_task-s8;sub-010_ses-202_task-s8;sub-010_ses-302_task-s8	1122	8	13	sub-010	ses-102	task-s8	1;2;3	8;8;8
914	915	914	915	3	3	trialwise	185;1995;3806	185;1995;3806	2;13;24	27;69;112	sub-010_ses-101_task-s2;sub-010_ses-201_task-s2;sub-010_ses-301_task-s2	185	2	27	sub-010	ses-101	task-s2	1;2;3	2;2;2
915	916	915	916	3	3	trialwise	1123;3034;4676	1123;3034;4676	8;19;30	14;157;31	sub-010_ses-102_task-s8;sub-010_ses-202_task-s8;sub-010_ses-302_task-s8	1123	8	14	sub-010	ses-102	task-s8	1;2;3	8;8;8
916	917	916	917	3	3	trialwise	1216;3019;4740	1216;3019;4740	8;19;30	107;142;95	sub-010_ses-102_task-s8;sub-010_ses-202_task-s8;sub-010_ses-302_task-s8	1216	8	107	sub-010	ses-102	task-s8	1;2;3	8;8;8
917	918	917	918	3	3	trialwise	526;2314;4047	526;2314;4047	4;15;26	50;70;35	sub-010_ses-102_task-s4;sub-010_ses-201_task-s4;sub-010_ses-301_task-s4	526	4	50	sub-010	ses-102	task-s4	1;2;3	4;4;4
918	919	918	919	3	3	trialwise	528;2372;4103	528;2372;4103	4;15;26	52;128;91	sub-010_ses-102_task-s4;sub-010_ses-201_task-s4;sub-010_ses-301_task-s4	528	4	52	sub-010	ses-102	task-s4	1;2;3	4;4;4
919	920	919	920	3	3	trialwise	41;1805;3573	41;1805;3573	1;12;23	42;38;38	sub-010_ses-101_task-s1;sub-010_ses-201_task-s1;sub-010_ses-301_task-s1	41	1	42	sub-010	ses-101	task-s1	1;2;3	1;1;1
920	921	920	921	3	3	trialwise	1158;2887;4798	1158;2887;4798	8;19;30	49;10;153	sub-010_ses-102_task-s8;sub-010_ses-202_task-s8;sub-010_ses-302_task-s8	1158	8	49	sub-010	ses-102	task-s8	1;2;3	8;8;8
921	922	921	922	3	3	trialwise	811;2581;4331	811;2581;4331	6;17;28	18;20;2	sub-010_ses-102_task-s6;sub-010_ses-202_task-s6;sub-010_ses-302_task-s6	811	6	18	sub-010	ses-102	task-s6	1;2;3	6;6;6
922	923	922	923	3	3	trialwise	1241;2953;4756	1241;2953;4756	8;19;30	132;76;111	sub-010_ses-102_task-s8;sub-010_ses-202_task-s8;sub-010_ses-302_task-s8	1241	8	132	sub-010	ses-102	task-s8	1;2;3	8;8;8
923	924	923	924	3	3	trialwise	442;2243;3953	442;2243;3953	3;14;25	125;158;100	sub-010_ses-101_task-s3;sub-010_ses-201_task-s3;sub-010_ses-301_task-s3	442	3	125	sub-010	ses-101	task-s3	1;2;3	3;3;3
924	925	924	925	3	3	trialwise	19;1909;3677	19;1909;3677	1;12;23	20;142;142	sub-010_ses-101_task-s1;sub-010_ses-201_task-s1;sub-010_ses-301_task-s1	19	1	20	sub-010	ses-101	task-s1	1;2;3	1;1;1
925	926	925	926	3	3	trialwise	343;2111;4007	343;2111;4007	3;14;25	26;26;154	sub-010_ses-101_task-s3;sub-010_ses-201_task-s3;sub-010_ses-301_task-s3	343	3	26	sub-010	ses-101	task-s3	1;2;3	3;3;3
926	927	926	927	3	3	trialwise	840;2569;4360	840;2569;4360	6;17;28	47;8;31	sub-010_ses-102_task-s6;sub-010_ses-202_task-s6;sub-010_ses-302_task-s6	840	6	47	sub-010	ses-102	task-s6	1;2;3	6;6;6
927	928	927	928	3	3	trialwise	332;2227;3967	332;2227;3967	3;14;25	15;142;114	sub-010_ses-101_task-s3;sub-010_ses-201_task-s3;sub-010_ses-301_task-s3	332	3	15	sub-010	ses-101	task-s3	1;2;3	3;3;3
928	929	928	929	3	3	trialwise	488;2248;4095	488;2248;4095	4;15;26	12;4;83	sub-010_ses-102_task-s4;sub-010_ses-201_task-s4;sub-010_ses-301_task-s4	488	4	12	sub-010	ses-102	task-s4	1;2;3	4;4;4
929	930	929	930	3	3	trialwise	285;1978;3775	285;1978;3775	2;13;24	127;52;81	sub-010_ses-101_task-s2;sub-010_ses-201_task-s2;sub-010_ses-301_task-s2	285	2	127	sub-010	ses-101	task-s2	1;2;3	2;2;2
930	931	930	931	3	3	trialwise	933;2676;4375	933;2676;4375	6;17;28	140;115;46	sub-010_ses-102_task-s6;sub-010_ses-202_task-s6;sub-010_ses-302_task-s6	933	6	140	sub-010	ses-102	task-s6	1;2;3	6;6;6
931	932	931	932	3	3	trialwise	652;2407;4283	652;2407;4283	5;16;27	17;4;112	sub-010_ses-102_task-s5;sub-010_ses-202_task-s5;sub-010_ses-302_task-s5	652	5	17	sub-010	ses-102	task-s5	1;2;3	5;5;5
932	933	932	933	3	3	trialwise	780;2505;4250	780;2505;4250	5;16;27	145;102;79	sub-010_ses-102_task-s5;sub-010_ses-202_task-s5;sub-010_ses-302_task-s5	780	5	145	sub-010	ses-102	task-s5	1;2;3	5;5;5
933	934	933	934	3	3	trialwise	603;2323;4056	603;2323;4056	4;15;26	127;79;44	sub-010_ses-102_task-s4;sub-010_ses-201_task-s4;sub-010_ses-301_task-s4	603	4	127	sub-010	ses-102	task-s4	1;2;3	4;4;4
934	935	934	935	3	3	trialwise	265;2035;3768	265;2035;3768	2;13;24	107;109;74	sub-010_ses-101_task-s2;sub-010_ses-201_task-s2;sub-010_ses-301_task-s2	265	2	107	sub-010	ses-101	task-s2	1;2;3	2;2;2
935	936	935	936	3	3	trialwise	242;2080;3782	242;2080;3782	2;13;24	84;154;88	sub-010_ses-101_task-s2;sub-010_ses-201_task-s2;sub-010_ses-301_task-s2	242	2	84	sub-010	ses-101	task-s2	1;2;3	2;2;2
936	937	936	937	3	3	trialwise	177;1988;3841	177;1988;3841	2;13;24	19;62;147	sub-010_ses-101_task-s2;sub-010_ses-201_task-s2;sub-010_ses-301_task-s2	177	2	19	sub-010	ses-101	task-s2	1;2;3	2;2;2
937	938	937	938	3	3	trialwise	1007;2733;4558	1007;2733;4558	7;18;29	56;14;71	sub-010_ses-102_task-s7;sub-010_ses-202_task-s7;sub-010_ses-302_task-s7	1007	7	56	sub-010	ses-102	task-s7	1;2;3	7;7;7
938	939	938	939	3	3	trialwise	1066;2782;4503	1066;2782;4503	7;18;29	115;63;16	sub-010_ses-102_task-s7;sub-010_ses-202_task-s7;sub-010_ses-302_task-s7	1066	7	115	sub-010	ses-102	task-s7	1;2;3	7;7;7
939	940	939	940	3	3	trialwise	482;2266;4119	482;2266;4119	4;15;26	6;22;107	sub-010_ses-102_task-s4;sub-010_ses-201_task-s4;sub-010_ses-301_task-s4	482	4	6	sub-010	ses-102	task-s4	1;2;3	4;4;4
940	941	940	941	3	3	trialwise	193;1955;3746	193;1955;3746	2;13;24	35;29;52	sub-010_ses-101_task-s2;sub-010_ses-201_task-s2;sub-010_ses-301_task-s2	193	2	35	sub-010	ses-101	task-s2	1;2;3	2;2;2
941	942	941	942	3	3	trialwise	489;2367;4161	489;2367;4161	4;15;26	13;123;149	sub-010_ses-102_task-s4;sub-010_ses-201_task-s4;sub-010_ses-301_task-s4	489	4	13	sub-010	ses-102	task-s4	1;2;3	4;4;4
942	943	942	943	3	3	trialwise	1172;2982;4776	1172;2982;4776	8;19;30	63;105;131	sub-010_ses-102_task-s8;sub-010_ses-202_task-s8;sub-010_ses-302_task-s8	1172	8	63	sub-010	ses-102	task-s8	1;2;3	8;8;8
943	944	943	944	3	3	trialwise	791;2448;4205	791;2448;4205	5;16;27	156;45;34	sub-010_ses-102_task-s5;sub-010_ses-202_task-s5;sub-010_ses-302_task-s5	791	5	156	sub-010	ses-102	task-s5	1;2;3	5;5;5
944	945	944	945	3	3	trialwise	479;2322;4075	479;2322;4075	4;15;26	3;78;63	sub-010_ses-102_task-s4;sub-010_ses-201_task-s4;sub-010_ses-301_task-s4	479	4	3	sub-010	ses-102	task-s4	1;2;3	4;4;4
945	946	945	946	3	3	trialwise	905;2639;4395	905;2639;4395	6;17;28	112;78;66	sub-010_ses-102_task-s6;sub-010_ses-202_task-s6;sub-010_ses-302_task-s6	905	6	112	sub-010	ses-102	task-s6	1;2;3	6;6;6
946	947	946	947	3	3	trialwise	191;2070;3801	191;2070;3801	2;13;24	33;144;107	sub-010_ses-101_task-s2;sub-010_ses-201_task-s2;sub-010_ses-301_task-s2	191	2	33	sub-010	ses-101	task-s2	1;2;3	2;2;2
947	948	947	948	3	3	trialwise	1073;2784;4580	1073;2784;4580	7;18;29	122;65;93	sub-010_ses-102_task-s7;sub-010_ses-202_task-s7;sub-010_ses-302_task-s7	1073	7	122	sub-010	ses-102	task-s7	1;2;3	7;7;7
948	949	948	949	3	3	trialwise	547;2246;4166	547;2246;4166	4;15;26	71;2;154	sub-010_ses-102_task-s4;sub-010_ses-201_task-s4;sub-010_ses-301_task-s4	547	4	71	sub-010	ses-102	task-s4	1;2;3	4;4;4
949	950	949	950	3	3	trialwise	410;2154;3885	410;2154;3885	3;14;25	93;69;32	sub-010_ses-101_task-s3;sub-010_ses-201_task-s3;sub-010_ses-301_task-s3	410	3	93	sub-010	ses-101	task-s3	1;2;3	3;3;3
950	951	950	951	3	3	trialwise	744;2454;4202	744;2454;4202	5;16;27	109;51;31	sub-010_ses-102_task-s5;sub-010_ses-202_task-s5;sub-010_ses-302_task-s5	744	5	109	sub-010	ses-102	task-s5	1;2;3	5;5;5
951	952	951	952	3	3	trialwise	621;2317;4117	621;2317;4117	4;15;26	145;73;105	sub-010_ses-102_task-s4;sub-010_ses-201_task-s4;sub-010_ses-301_task-s4	621	4	145	sub-010	ses-102	task-s4	1;2;3	4;4;4
952	953	952	953	3	3	trialwise	749;2543;4220	749;2543;4220	5;16;27	114;140;49	sub-010_ses-102_task-s5;sub-010_ses-202_task-s5;sub-010_ses-302_task-s5	749	5	114	sub-010	ses-102	task-s5	1;2;3	5;5;5
953	954	953	954	3	3	trialwise	302;2055;3844	302;2055;3844	2;13;24	144;129;150	sub-010_ses-101_task-s2;sub-010_ses-201_task-s2;sub-010_ses-301_task-s2	302	2	144	sub-010	ses-101	task-s2	1;2;3	2;2;2
954	955	954	955	3	3	trialwise	1174;2914;4799	1174;2914;4799	8;19;30	65;37;154	sub-010_ses-102_task-s8;sub-010_ses-202_task-s8;sub-010_ses-302_task-s8	1174	8	65	sub-010	ses-102	task-s8	1;2;3	8;8;8
955	956	955	956	3	3	trialwise	1191;2998;4683	1191;2998;4683	8;19;30	82;121;38	sub-010_ses-102_task-s8;sub-010_ses-202_task-s8;sub-010_ses-302_task-s8	1191	8	82	sub-010	ses-102	task-s8	1;2;3	8;8;8
956	957	956	957	3	3	trialwise	745;2452;4249	745;2452;4249	5;16;27	110;49;78	sub-010_ses-102_task-s5;sub-010_ses-202_task-s5;sub-010_ses-302_task-s5	745	5	110	sub-010	ses-102	task-s5	1;2;3	5;5;5
957	958	957	958	3	3	trialwise	38;1794;3562	38;1794;3562	1;12;23	39;27;27	sub-010_ses-101_task-s1;sub-010_ses-201_task-s1;sub-010_ses-301_task-s1	38	1	39	sub-010	ses-101	task-s1	1;2;3	1;1;1
958	959	958	959	3	3	trialwise	297;1954;3718	297;1954;3718	2;13;24	139;28;24	sub-010_ses-101_task-s2;sub-010_ses-201_task-s2;sub-010_ses-301_task-s2	297	2	139	sub-010	ses-101	task-s2	1;2;3	2;2;2
959	960	959	960	3	3	trialwise	1137;2905;4694	1137;2905;4694	8;19;30	28;28;49	sub-010_ses-102_task-s8;sub-010_ses-202_task-s8;sub-010_ses-302_task-s8	1137	8	28	sub-010	ses-102	task-s8	1;2;3	8;8;8
960	961	960	961	3	3	trialwise	592;2296;4131	592;2296;4131	4;15;26	116;52;119	sub-010_ses-102_task-s4;sub-010_ses-201_task-s4;sub-010_ses-301_task-s4	592	4	116	sub-010	ses-102	task-s4	1;2;3	4;4;4
961	962	961	962	3	3	trialwise	279;1996;3739	279;1996;3739	2;13;24	121;70;45	sub-010_ses-101_task-s2;sub-010_ses-201_task-s2;sub-010_ses-301_task-s2	279	2	121	sub-010	ses-101	task-s2	1;2;3	2;2;2
962	963	962	963	3	3	trialwise	784;2429;4287	784;2429;4287	5;16;27	149;26;116	sub-010_ses-102_task-s5;sub-010_ses-202_task-s5;sub-010_ses-302_task-s5	784	5	149	sub-010	ses-102	task-s5	1;2;3	5;5;5
963	964	963	964	3	3	trialwise	939;2583;4388	939;2583;4388	6;17;28	146;22;59	sub-010_ses-102_task-s6;sub-010_ses-202_task-s6;sub-010_ses-302_task-s6	939	6	146	sub-010	ses-102	task-s6	1;2;3	6;6;6
964	965	964	965	3	3	trialwise	339;2234;3946	339;2234;3946	3;14;25	22;149;93	sub-010_ses-101_task-s3;sub-010_ses-201_task-s3;sub-010_ses-301_task-s3	339	3	22	sub-010	ses-101	task-s3	1;2;3	3;3;3
965	966	965	966	3	3	trialwise	288;2027;3760	288;2027;3760	2;13;24	130;101;66	sub-010_ses-101_task-s2;sub-010_ses-201_task-s2;sub-010_ses-301_task-s2	288	2	130	sub-010	ses-101	task-s2	1;2;3	2;2;2
966	967	966	967	3	3	trialwise	688;2503;4233	688;2503;4233	5;16;27	53;100;62	sub-010_ses-102_task-s5;sub-010_ses-202_task-s5;sub-010_ses-302_task-s5	688	5	53	sub-010	ses-102	task-s5	1;2;3	5;5;5
967	968	967	968	3	3	trialwise	590;2368;4040	590;2368;4040	4;15;26	114;124;28	sub-010_ses-102_task-s4;sub-010_ses-201_task-s4;sub-010_ses-301_task-s4	590	4	114	sub-010	ses-102	task-s4	1;2;3	4;4;4
968	969	968	969	3	3	trialwise	556;2274;4163	556;2274;4163	4;15;26	80;30;151	sub-010_ses-102_task-s4;sub-010_ses-201_task-s4;sub-010_ses-301_task-s4	556	4	80	sub-010	ses-102	task-s4	1;2;3	4;4;4
969	970	969	970	3	3	trialwise	1058;2864;4544	1058;2864;4544	7;18;29	107;145;57	sub-010_ses-102_task-s7;sub-010_ses-202_task-s7;sub-010_ses-302_task-s7	1058	7	107	sub-010	ses-102	task-s7	1;2;3	7;7;7
970	971	970	971	3	3	trialwise	523;2294;4102	523;2294;4102	4;15;26	47;50;90	sub-010_ses-102_task-s4;sub-010_ses-201_task-s4;sub-010_ses-301_task-s4	523	4	47	sub-010	ses-102	task-s4	1;2;3	4;4;4
971	972	971	972	3	3	trialwise	907;2668;4366	907;2668;4366	6;17;28	114;107;37	sub-010_ses-102_task-s6;sub-010_ses-202_task-s6;sub-010_ses-302_task-s6	907	6	114	sub-010	ses-102	task-s6	1;2;3	6;6;6
972	973	972	973	3	3	trialwise	640;2416;4194	640;2416;4194	5;16;27	5;13;23	sub-010_ses-102_task-s5;sub-010_ses-202_task-s5;sub-010_ses-302_task-s5	640	5	5	sub-010	ses-102	task-s5	1;2;3	5;5;5
973	974	973	974	3	3	trialwise	353;2116;3881	353;2116;3881	3;14;25	36;31;28	sub-010_ses-101_task-s3;sub-010_ses-201_task-s3;sub-010_ses-301_task-s3	353	3	36	sub-010	ses-101	task-s3	1;2;3	3;3;3
974	975	974	975	3	3	trialwise	37;1897;3665	37;1897;3665	1;12;23	38;130;130	sub-010_ses-101_task-s1;sub-010_ses-201_task-s1;sub-010_ses-301_task-s1	37	1	38	sub-010	ses-101	task-s1	1;2;3	1;1;1
975	976	975	976	3	3	trialwise	548;2341;4013	548;2341;4013	4;15;26	72;97;1	sub-010_ses-102_task-s4;sub-010_ses-201_task-s4;sub-010_ses-301_task-s4	548	4	72	sub-010	ses-102	task-s4	1;2;3	4;4;4
976	977	976	977	3	3	trialwise	577;2351;4091	577;2351;4091	4;15;26	101;107;79	sub-010_ses-102_task-s4;sub-010_ses-201_task-s4;sub-010_ses-301_task-s4	577	4	101	sub-010	ses-102	task-s4	1;2;3	4;4;4
977	978	977	978	3	3	trialwise	4;1852;3620	4;1852;3620	1;12;23	5;85;85	sub-010_ses-101_task-s1;sub-010_ses-201_task-s1;sub-010_ses-301_task-s1	4	1	5	sub-010	ses-101	task-s1	1;2;3	1;1;1
978	979	978	979	3	3	trialwise	1214;2891;4650	1214;2891;4650	8;19;30	105;14;5	sub-010_ses-102_task-s8;sub-010_ses-202_task-s8;sub-010_ses-302_task-s8	1214	8	105	sub-010	ses-102	task-s8	1;2;3	8;8;8
979	980	979	980	3	3	trialwise	138;1926;3694	138;1926;3694	1;12;23	139;159;159	sub-010_ses-101_task-s1;sub-010_ses-201_task-s1;sub-010_ses-301_task-s1	138	1	139	sub-010	ses-101	task-s1	1;2;3	1;1;1
980	981	980	981	3	3	trialwise	113;1778;3546	113;1778;3546	1;12;23	114;11;11	sub-010_ses-101_task-s1;sub-010_ses-201_task-s1;sub-010_ses-301_task-s1	113	1	114	sub-010	ses-101	task-s1	1;2;3	1;1;1
981	982	981	982	3	3	trialwise	118;1838;3606	118;1838;3606	1;12;23	119;71;71	sub-010_ses-101_task-s1;sub-010_ses-201_task-s1;sub-010_ses-301_task-s1	118	1	119	sub-010	ses-101	task-s1	1;2;3	1;1;1
982	983	982	983	3	3	trialwise	687;2462;4302	687;2462;4302	5;16;27	52;59;131	sub-010_ses-102_task-s5;sub-010_ses-202_task-s5;sub-010_ses-302_task-s5	687	5	52	sub-010	ses-102	task-s5	1;2;3	5;5;5
983	984	983	984	3	3	trialwise	887;2675;4364	887;2675;4364	6;17;28	94;114;35	sub-010_ses-102_task-s6;sub-010_ses-202_task-s6;sub-010_ses-302_task-s6	887	6	94	sub-010	ses-102	task-s6	1;2;3	6;6;6
984	985	984	985	3	3	trialwise	406;2181;4009	406;2181;4009	3;14;25	89;96;156	sub-010_ses-101_task-s3;sub-010_ses-201_task-s3;sub-010_ses-301_task-s3	406	3	89	sub-010	ses-101	task-s3	1;2;3	3;3;3
985	986	985	986	3	3	trialwise	685;2526;4326	685;2526;4326	5;16;27	50;123;155	sub-010_ses-102_task-s5;sub-010_ses-202_task-s5;sub-010_ses-302_task-s5	685	5	50	sub-010	ses-102	task-s5	1;2;3	5;5;5
986	987	986	987	3	3	trialwise	583;2391;4162	583;2391;4162	4;15;26	107;147;150	sub-010_ses-102_task-s4;sub-010_ses-201_task-s4;sub-010_ses-301_task-s4	583	4	107	sub-010	ses-102	task-s4	1;2;3	4;4;4
987	988	987	988	3	3	trialwise	361;2238;3972	361;2238;3972	3;14;25	44;153;119	sub-010_ses-101_task-s3;sub-010_ses-201_task-s3;sub-010_ses-301_task-s3	361	3	44	sub-010	ses-101	task-s3	1;2;3	3;3;3
988	989	988	989	3	3	trialwise	900;2699;4462	900;2699;4462	6;17;28	107;138;133	sub-010_ses-102_task-s6;sub-010_ses-202_task-s6;sub-010_ses-302_task-s6	900	6	107	sub-010	ses-102	task-s6	1;2;3	6;6;6
989	990	989	990	3	3	trialwise	964;2801;4513	964;2801;4513	7;18;29	13;82;26	sub-010_ses-102_task-s7;sub-010_ses-202_task-s7;sub-010_ses-302_task-s7	964	7	13	sub-010	ses-102	task-s7	1;2;3	7;7;7
990	991	990	991	3	3	trialwise	1153;2931;4690	1153;2931;4690	8;19;30	44;54;45	sub-010_ses-102_task-s8;sub-010_ses-202_task-s8;sub-010_ses-302_task-s8	1153	8	44	sub-010	ses-102	task-s8	1;2;3	8;8;8
991	992	991	992	3	3	trialwise	1185;2956;4687	1185;2956;4687	8;19;30	76;79;42	sub-010_ses-102_task-s8;sub-010_ses-202_task-s8;sub-010_ses-302_task-s8	1185	8	76	sub-010	ses-102	task-s8	1;2;3	8;8;8
992	993	992	993	3	3	trialwise	751;2440;4266	751;2440;4266	5;16;27	116;37;95	sub-010_ses-102_task-s5;sub-010_ses-202_task-s5;sub-010_ses-302_task-s5	751	5	116	sub-010	ses-102	task-s5	1;2;3	5;5;5
993	994	993	994	3	3	trialwise	903;2578;4435	903;2578;4435	6;17;28	110;17;106	sub-010_ses-102_task-s6;sub-010_ses-202_task-s6;sub-010_ses-302_task-s6	903	6	110	sub-010	ses-102	task-s6	1;2;3	6;6;6
994	995	994	995	3	3	trialwise	1028;2837;4553	1028;2837;4553	7;18;29	77;118;66	sub-010_ses-102_task-s7;sub-010_ses-202_task-s7;sub-010_ses-302_task-s7	1028	7	77	sub-010	ses-102	task-s7	1;2;3	7;7;7
995	996	995	996	3	3	trialwise	770;2519;4282	770;2519;4282	5;16;27	135;116;111	sub-010_ses-102_task-s5;sub-010_ses-202_task-s5;sub-010_ses-302_task-s5	770	5	135	sub-010	ses-102	task-s5	1;2;3	5;5;5
996	997	996	997	3	3	trialwise	1195;3029;4684	1195;3029;4684	8;19;30	86;152;39	sub-010_ses-102_task-s8;sub-010_ses-202_task-s8;sub-010_ses-302_task-s8	1195	8	86	sub-010	ses-102	task-s8	1;2;3	8;8;8
997	998	997	998	3	3	trialwise	459;2086;3937	459;2086;3937	3;14;25	142;1;84	sub-010_ses-101_task-s3;sub-010_ses-201_task-s3;sub-010_ses-301_task-s3	459	3	142	sub-010	ses-101	task-s3	1;2;3	3;3;3
998	999	998	999	3	3	trialwise	539;2370;4098	539;2370;4098	4;15;26	63;126;86	sub-010_ses-102_task-s4;sub-010_ses-201_task-s4;sub-010_ses-301_task-s4	539	4	63	sub-010	ses-102	task-s4	1;2;3	4;4;4
999	1000	999	1000	3	3	trialwise	977;2809;4516	977;2809;4516	7;18;29	26;90;29	sub-010_ses-102_task-s7;sub-010_ses-202_task-s7;sub-010_ses-302_task-s7	977	7	26	sub-010	ses-102	task-s7	1;2;3	7;7;7
1000	1001	1000	1001	3	3	trialwise	555;2400;4097	555;2400;4097	4;15;26	79;156;85	sub-010_ses-102_task-s4;sub-010_ses-201_task-s4;sub-010_ses-301_task-s4	555	4	79	sub-010	ses-102	task-s4	1;2;3	4;4;4
1001	1002	1001	1002	3	3	trialwise	995;2874;4488	995;2874;4488	7;18;29	44;155;1	sub-010_ses-102_task-s7;sub-010_ses-202_task-s7;sub-010_ses-302_task-s7	995	7	44	sub-010	ses-102	task-s7	1;2;3	7;7;7
1002	1003	1002	1003	3	3	trialwise	404;2146;3856	404;2146;3856	3;14;25	87;61;3	sub-010_ses-101_task-s3;sub-010_ses-201_task-s3;sub-010_ses-301_task-s3	404	3	87	sub-010	ses-101	task-s3	1;2;3	3;3;3
1003	1004	1003	1004	3	3	trialwise	497;2375;4125	497;2375;4125	4;15;26	21;131;113	sub-010_ses-102_task-s4;sub-010_ses-201_task-s4;sub-010_ses-301_task-s4	497	4	21	sub-010	ses-102	task-s4	1;2;3	4;4;4
1004	1005	1004	1005	3	3	trialwise	816;2664;4369	816;2664;4369	6;17;28	23;103;40	sub-010_ses-102_task-s6;sub-010_ses-202_task-s6;sub-010_ses-302_task-s6	816	6	23	sub-010	ses-102	task-s6	1;2;3	6;6;6
1005	1006	1005	1006	3	3	trialwise	596;2295;4031	596;2295;4031	4;15;26	120;51;19	sub-010_ses-102_task-s4;sub-010_ses-201_task-s4;sub-010_ses-301_task-s4	596	4	120	sub-010	ses-102	task-s4	1;2;3	4;4;4
1006	1007	1006	1007	3	3	trialwise	706;2423;4192	706;2423;4192	5;16;27	71;20;21	sub-010_ses-102_task-s5;sub-010_ses-202_task-s5;sub-010_ses-302_task-s5	706	5	71	sub-010	ses-102	task-s5	1;2;3	5;5;5
1007	1008	1007	1008	3	3	trialwise	370;2132;3901	370;2132;3901	3;14;25	53;47;48	sub-010_ses-101_task-s3;sub-010_ses-201_task-s3;sub-010_ses-301_task-s3	370	3	53	sub-010	ses-101	task-s3	1;2;3	3;3;3
1008	1009	1008	1009	3	3	trialwise	586;2279;4149	586;2279;4149	4;15;26	110;35;137	sub-010_ses-102_task-s4;sub-010_ses-201_task-s4;sub-010_ses-301_task-s4	586	4	110	sub-010	ses-102	task-s4	1;2;3	4;4;4
1009	1010	1009	1010	3	3	trialwise	140;1783;3551	140;1783;3551	1;12;23	141;16;16	sub-010_ses-101_task-s1;sub-010_ses-201_task-s1;sub-010_ses-301_task-s1	140	1	141	sub-010	ses-101	task-s1	1;2;3	1;1;1
1010	1011	1010	1011	3	3	trialwise	1085;2726;4560	1085;2726;4560	7;18;29	134;7;73	sub-010_ses-102_task-s7;sub-010_ses-202_task-s7;sub-010_ses-302_task-s7	1085	7	134	sub-010	ses-102	task-s7	1;2;3	7;7;7
1011	1012	1011	1012	3	3	trialwise	757;2534;4179	757;2534;4179	5;16;27	122;131;8	sub-010_ses-102_task-s5;sub-010_ses-202_task-s5;sub-010_ses-302_task-s5	757	5	122	sub-010	ses-102	task-s5	1;2;3	5;5;5
1012	1013	1012	1013	3	3	trialwise	1169;2899;4803	1169;2899;4803	8;19;30	60;22;158	sub-010_ses-102_task-s8;sub-010_ses-202_task-s8;sub-010_ses-302_task-s8	1169	8	60	sub-010	ses-102	task-s8	1;2;3	8;8;8
1013	1014	1013	1014	3	3	trialwise	281;2030;3766	281;2030;3766	2;13;24	123;104;72	sub-010_ses-101_task-s2;sub-010_ses-201_task-s2;sub-010_ses-301_task-s2	281	2	123	sub-010	ses-101	task-s2	1;2;3	2;2;2
1014	1015	1014	1015	3	3	trialwise	390;2164;3919	390;2164;3919	3;14;25	73;79;66	sub-010_ses-101_task-s3;sub-010_ses-201_task-s3;sub-010_ses-301_task-s3	390	3	73	sub-010	ses-101	task-s3	1;2;3	3;3;3
1015	1016	1015	1016	3	3	trialwise	650;2442;4173	650;2442;4173	5;16;27	15;39;2	sub-010_ses-102_task-s5;sub-010_ses-202_task-s5;sub-010_ses-302_task-s5	650	5	15	sub-010	ses-102	task-s5	1;2;3	5;5;5
1016	1017	1016	1017	3	3	trialwise	50;1923;3691	50;1923;3691	1;12;23	51;156;156	sub-010_ses-101_task-s1;sub-010_ses-201_task-s1;sub-010_ses-301_task-s1	50	1	51	sub-010	ses-101	task-s1	1;2;3	1;1;1
1017	1018	1017	1018	3	3	trialwise	1107;2762;4613	1107;2762;4613	7;18;29	156;43;126	sub-010_ses-102_task-s7;sub-010_ses-202_task-s7;sub-010_ses-302_task-s7	1107	7	156	sub-010	ses-102	task-s7	1;2;3	7;7;7
1018	1019	1018	1019	3	3	trialwise	498;2253;4083	498;2253;4083	4;15;26	22;9;71	sub-010_ses-102_task-s4;sub-010_ses-201_task-s4;sub-010_ses-301_task-s4	498	4	22	sub-010	ses-102	task-s4	1;2;3	4;4;4
1019	1020	1019	1020	3	3	trialwise	1151;3016;4722	1151;3016;4722	8;19;30	42;139;77	sub-010_ses-102_task-s8;sub-010_ses-202_task-s8;sub-010_ses-302_task-s8	1151	8	42	sub-010	ses-102	task-s8	1;2;3	8;8;8
1020	1021	1020	1021	3	3	trialwise	938;2605;4473	938;2605;4473	6;17;28	145;44;144	sub-010_ses-102_task-s6;sub-010_ses-202_task-s6;sub-010_ses-302_task-s6	938	6	145	sub-010	ses-102	task-s6	1;2;3	6;6;6
1021	1022	1021	1022	3	3	trialwise	872;2574;4454	872;2574;4454	6;17;28	79;13;125	sub-010_ses-102_task-s6;sub-010_ses-202_task-s6;sub-010_ses-302_task-s6	872	6	79	sub-010	ses-102	task-s6	1;2;3	6;6;6
1022	1023	1022	1023	3	3	trialwise	48;1768;3536	48;1768;3536	1;12;23	49;1;1	sub-010_ses-101_task-s1;sub-010_ses-201_task-s1;sub-010_ses-301_task-s1	48	1	49	sub-010	ses-101	task-s1	1;2;3	1;1;1
1023	1024	1023	1024	3	3	trialwise	1175;2950;4735	1175;2950;4735	8;19;30	66;73;90	sub-010_ses-102_task-s8;sub-010_ses-202_task-s8;sub-010_ses-302_task-s8	1175	8	66	sub-010	ses-102	task-s8	1;2;3	8;8;8
1024	1025	1024	1025	3	3	trialwise	286;2009;3846	286;2009;3846	2;13;24	128;83;152	sub-010_ses-101_task-s2;sub-010_ses-201_task-s2;sub-010_ses-301_task-s2	286	2	128	sub-010	ses-101	task-s2	1;2;3	2;2;2
1025	1026	1025	1026	3	3	trialwise	885;2601;4380	885;2601;4380	6;17;28	92;40;51	sub-010_ses-102_task-s6;sub-010_ses-202_task-s6;sub-010_ses-302_task-s6	885	6	92	sub-010	ses-102	task-s6	1;2;3	6;6;6
1026	1027	1026	1027	3	3	trialwise	962;2812;4593	962;2812;4593	7;18;29	11;93;106	sub-010_ses-102_task-s7;sub-010_ses-202_task-s7;sub-010_ses-302_task-s7	962	7	11	sub-010	ses-102	task-s7	1;2;3	7;7;7
1027	1028	1027	1028	3	3	trialwise	623;2259;4104	623;2259;4104	4;15;26	147;15;92	sub-010_ses-102_task-s4;sub-010_ses-201_task-s4;sub-010_ses-301_task-s4	623	4	147	sub-010	ses-102	task-s4	1;2;3	4;4;4
1028	1029	1028	1029	3	3	trialwise	157;1886;3654	157;1886;3654	1;12;23	158;119;119	sub-010_ses-101_task-s1;sub-010_ses-201_task-s1;sub-010_ses-301_task-s1	157	1	158	sub-010	ses-101	task-s1	1;2;3	1;1;1
1029	1030	1029	1030	3	3	trialwise	792;2559;4289	792;2559;4289	5;16;27	157;156;118	sub-010_ses-102_task-s5;sub-010_ses-202_task-s5;sub-010_ses-302_task-s5	792	5	157	sub-010	ses-102	task-s5	1;2;3	5;5;5
1030	1031	1030	1031	3	3	trialwise	349;2167;3980	349;2167;3980	3;14;25	32;82;127	sub-010_ses-101_task-s3;sub-010_ses-201_task-s3;sub-010_ses-301_task-s3	349	3	32	sub-010	ses-101	task-s3	1;2;3	3;3;3
1031	1032	1031	1032	3	3	trialwise	119;1895;3663	119;1895;3663	1;12;23	120;128;128	sub-010_ses-101_task-s1;sub-010_ses-201_task-s1;sub-010_ses-301_task-s1	119	1	120	sub-010	ses-101	task-s1	1;2;3	1;1;1
1032	1033	1032	1033	3	3	trialwise	42;1902;3670	42;1902;3670	1;12;23	43;135;135	sub-010_ses-101_task-s1;sub-010_ses-201_task-s1;sub-010_ses-301_task-s1	42	1	43	sub-010	ses-101	task-s1	1;2;3	1;1;1
1033	1034	1033	1034	3	3	trialwise	746;2504;4207	746;2504;4207	5;16;27	111;101;36	sub-010_ses-102_task-s5;sub-010_ses-202_task-s5;sub-010_ses-302_task-s5	746	5	111	sub-010	ses-102	task-s5	1;2;3	5;5;5
1034	1035	1034	1035	3	3	trialwise	413;2182;3920	413;2182;3920	3;14;25	96;97;67	sub-010_ses-101_task-s3;sub-010_ses-201_task-s3;sub-010_ses-301_task-s3	413	3	96	sub-010	ses-101	task-s3	1;2;3	3;3;3
1035	1036	1035	1036	3	3	trialwise	169;2023;3721	169;2023;3721	2;13;24	11;97;27	sub-010_ses-101_task-s2;sub-010_ses-201_task-s2;sub-010_ses-301_task-s2	169	2	11	sub-010	ses-101	task-s2	1;2;3	2;2;2
1036	1037	1036	1037	3	3	trialwise	1253;2925;4720	1253;2925;4720	8;19;30	144;48;75	sub-010_ses-102_task-s8;sub-010_ses-202_task-s8;sub-010_ses-302_task-s8	1253	8	144	sub-010	ses-102	task-s8	1;2;3	8;8;8
1037	1038	1037	1038	3	3	trialwise	246;1980;3787	246;1980;3787	2;13;24	88;54;93	sub-010_ses-101_task-s2;sub-010_ses-201_task-s2;sub-010_ses-301_task-s2	246	2	88	sub-010	ses-101	task-s2	1;2;3	2;2;2
1038	1039	1038	1039	3	3	trialwise	804;2582;4432	804;2582;4432	6;17;28	11;21;103	sub-010_ses-102_task-s6;sub-010_ses-202_task-s6;sub-010_ses-302_task-s6	804	6	11	sub-010	ses-102	task-s6	1;2;3	6;6;6
1039	1040	1039	1040	3	3	trialwise	810;2708;4478	810;2708;4478	6;17;28	17;147;149	sub-010_ses-102_task-s6;sub-010_ses-202_task-s6;sub-010_ses-302_task-s6	810	6	17	sub-010	ses-102	task-s6	1;2;3	6;6;6
1040	1041	1040	1041	3	3	trialwise	578;2321;4110	578;2321;4110	4;15;26	102;77;98	sub-010_ses-102_task-s4;sub-010_ses-201_task-s4;sub-010_ses-301_task-s4	578	4	102	sub-010	ses-102	task-s4	1;2;3	4;4;4
1041	1042	1041	1042	3	3	trialwise	1102;2789;4568	1102;2789;4568	7;18;29	151;70;81	sub-010_ses-102_task-s7;sub-010_ses-202_task-s7;sub-010_ses-302_task-s7	1102	7	151	sub-010	ses-102	task-s7	1;2;3	7;7;7
1042	1043	1042	1043	3	3	trialwise	1231;2947;4689	1231;2947;4689	8;19;30	122;70;44	sub-010_ses-102_task-s8;sub-010_ses-202_task-s8;sub-010_ses-302_task-s8	1231	8	122	sub-010	ses-102	task-s8	1;2;3	8;8;8
1043	1044	1043	1044	3	3	trialwise	155;1780;3548	155;1780;3548	1;12;23	156;13;13	sub-010_ses-101_task-s1;sub-010_ses-201_task-s1;sub-010_ses-301_task-s1	155	1	156	sub-010	ses-101	task-s1	1;2;3	1;1;1
1044	1045	1044	1045	3	3	trialwise	167;1940;3821	167;1940;3821	2;13;24	9;14;127	sub-010_ses-101_task-s2;sub-010_ses-201_task-s2;sub-010_ses-301_task-s2	167	2	9	sub-010	ses-101	task-s2	1;2;3	2;2;2
1045	1046	1045	1046	3	3	trialwise	510;2301;4155	510;2301;4155	4;15;26	34;57;143	sub-010_ses-102_task-s4;sub-010_ses-201_task-s4;sub-010_ses-301_task-s4	510	4	34	sub-010	ses-102	task-s4	1;2;3	4;4;4
1046	1047	1046	1047	3	3	trialwise	359;2110;4011	359;2110;4011	3;14;25	42;25;158	sub-010_ses-101_task-s3;sub-010_ses-201_task-s3;sub-010_ses-301_task-s3	359	3	42	sub-010	ses-101	task-s3	1;2;3	3;3;3
1047	1048	1047	1048	3	3	trialwise	625;2276;4042	625;2276;4042	4;15;26	149;32;30	sub-010_ses-102_task-s4;sub-010_ses-201_task-s4;sub-010_ses-301_task-s4	625	4	149	sub-010	ses-102	task-s4	1;2;3	4;4;4
1048	1049	1048	1049	3	3	trialwise	418;2197;3921	418;2197;3921	3;14;25	101;112;68	sub-010_ses-101_task-s3;sub-010_ses-201_task-s3;sub-010_ses-301_task-s3	418	3	101	sub-010	ses-101	task-s3	1;2;3	3;3;3
1049	1050	1049	1050	3	3	trialwise	662;2524;4198	662;2524;4198	5;16;27	27;121;27	sub-010_ses-102_task-s5;sub-010_ses-202_task-s5;sub-010_ses-302_task-s5	662	5	27	sub-010	ses-102	task-s5	1;2;3	5;5;5
1050	1051	1050	1051	3	3	trialwise	15;1832;3600	15;1832;3600	1;12;23	16;65;65	sub-010_ses-101_task-s1;sub-010_ses-201_task-s1;sub-010_ses-301_task-s1	15	1	16	sub-010	ses-101	task-s1	1;2;3	1;1;1
1051	1052	1051	1052	3	3	trialwise	917;2629;4449	917;2629;4449	6;17;28	124;68;120	sub-010_ses-102_task-s6;sub-010_ses-202_task-s6;sub-010_ses-302_task-s6	917	6	124	sub-010	ses-102	task-s6	1;2;3	6;6;6
1052	1053	1052	1053	3	3	trialwise	189;1965;3824	189;1965;3824	2;13;24	31;39;130	sub-010_ses-101_task-s2;sub-010_ses-201_task-s2;sub-010_ses-301_task-s2	189	2	31	sub-010	ses-101	task-s2	1;2;3	2;2;2
1053	1054	1053	1054	3	3	trialwise	160;2073;3751	160;2073;3751	2;13;24	2;147;57	sub-010_ses-101_task-s2;sub-010_ses-201_task-s2;sub-010_ses-301_task-s2	160	2	2	sub-010	ses-101	task-s2	1;2;3	2;2;2
1054	1055	1054	1055	3	3	trialwise	941;2586;4438	941;2586;4438	6;17;28	148;25;109	sub-010_ses-102_task-s6;sub-010_ses-202_task-s6;sub-010_ses-302_task-s6	941	6	148	sub-010	ses-102	task-s6	1;2;3	6;6;6
1055	1056	1055	1056	3	3	trialwise	948;2643;4422	948;2643;4422	6;17;28	155;82;93	sub-010_ses-102_task-s6;sub-010_ses-202_task-s6;sub-010_ses-302_task-s6	948	6	155	sub-010	ses-102	task-s6	1;2;3	6;6;6
1056	1057	1056	1057	3	3	trialwise	216;2042;3789	216;2042;3789	2;13;24	58;116;95	sub-010_ses-101_task-s2;sub-010_ses-201_task-s2;sub-010_ses-301_task-s2	216	2	58	sub-010	ses-101	task-s2	1;2;3	2;2;2
1057	1058	1057	1058	3	3	trialwise	1202;2984;4755	1202;2984;4755	8;19;30	93;107;110	sub-010_ses-102_task-s8;sub-010_ses-202_task-s8;sub-010_ses-302_task-s8	1202	8	93	sub-010	ses-102	task-s8	1;2;3	8;8;8
1058	1059	1058	1059	3	3	trialwise	438;2184;3897	438;2184;3897	3;14;25	121;99;44	sub-010_ses-101_task-s3;sub-010_ses-201_task-s3;sub-010_ses-301_task-s3	438	3	121	sub-010	ses-101	task-s3	1;2;3	3;3;3
1059	1060	1059	1060	3	3	trialwise	988;2836;4597	988;2836;4597	7;18;29	37;117;110	sub-010_ses-102_task-s7;sub-010_ses-202_task-s7;sub-010_ses-302_task-s7	988	7	37	sub-010	ses-102	task-s7	1;2;3	7;7;7
1060	1061	1060	1061	3	3	trialwise	252;2051;3788	252;2051;3788	2;13;24	94;125;94	sub-010_ses-101_task-s2;sub-010_ses-201_task-s2;sub-010_ses-301_task-s2	252	2	94	sub-010	ses-101	task-s2	1;2;3	2;2;2
1061	1062	1061	1062	3	3	trialwise	669;2474;4231	669;2474;4231	5;16;27	34;71;60	sub-010_ses-102_task-s5;sub-010_ses-202_task-s5;sub-010_ses-302_task-s5	669	5	34	sub-010	ses-102	task-s5	1;2;3	5;5;5
1062	1063	1062	1063	3	3	trialwise	18;1813;3581	18;1813;3581	1;12;23	19;46;46	sub-010_ses-101_task-s1;sub-010_ses-201_task-s1;sub-010_ses-301_task-s1	18	1	19	sub-010	ses-101	task-s1	1;2;3	1;1;1
1063	1064	1063	1064	3	3	trialwise	1200;2981;4666	1200;2981;4666	8;19;30	91;104;21	sub-010_ses-102_task-s8;sub-010_ses-202_task-s8;sub-010_ses-302_task-s8	1200	8	91	sub-010	ses-102	task-s8	1;2;3	8;8;8
1064	1065	1064	1065	3	3	trialwise	257;2068;3761	257;2068;3761	2;13;24	99;142;67	sub-010_ses-101_task-s2;sub-010_ses-201_task-s2;sub-010_ses-301_task-s2	257	2	99	sub-010	ses-101	task-s2	1;2;3	2;2;2
1065	1066	1065	1066	3	3	trialwise	1146;2977;4791	1146;2977;4791	8;19;30	37;100;146	sub-010_ses-102_task-s8;sub-010_ses-202_task-s8;sub-010_ses-302_task-s8	1146	8	37	sub-010	ses-102	task-s8	1;2;3	8;8;8
1066	1067	1066	1067	3	3	trialwise	913;2682;4474	913;2682;4474	6;17;28	120;121;145	sub-010_ses-102_task-s6;sub-010_ses-202_task-s6;sub-010_ses-302_task-s6	913	6	120	sub-010	ses-102	task-s6	1;2;3	6;6;6
1067	1068	1067	1068	3	3	trialwise	565;2379;4044	565;2379;4044	4;15;26	89;135;32	sub-010_ses-102_task-s4;sub-010_ses-201_task-s4;sub-010_ses-301_task-s4	565	4	89	sub-010	ses-102	task-s4	1;2;3	4;4;4
1068	1069	1068	1069	3	3	trialwise	123;1891;3659	123;1891;3659	1;12;23	124;124;124	sub-010_ses-101_task-s1;sub-010_ses-201_task-s1;sub-010_ses-301_task-s1	123	1	124	sub-010	ses-101	task-s1	1;2;3	1;1;1
1069	1070	1069	1070	3	3	trialwise	468;2122;3954	468;2122;3954	3;14;25	151;37;101	sub-010_ses-101_task-s3;sub-010_ses-201_task-s3;sub-010_ses-301_task-s3	468	3	151	sub-010	ses-101	task-s3	1;2;3	3;3;3
1070	1071	1070	1071	3	3	trialwise	843;2671;4333	843;2671;4333	6;17;28	50;110;4	sub-010_ses-102_task-s6;sub-010_ses-202_task-s6;sub-010_ses-302_task-s6	843	6	50	sub-010	ses-102	task-s6	1;2;3	6;6;6
1071	1072	1071	1072	3	3	trialwise	181;1928;3810	181;1928;3810	2;13;24	23;2;116	sub-010_ses-101_task-s2;sub-010_ses-201_task-s2;sub-010_ses-301_task-s2	181	2	23	sub-010	ses-101	task-s2	1;2;3	2;2;2
1072	1073	1072	1073	3	3	trialwise	821;2620;4424	821;2620;4424	6;17;28	28;59;95	sub-010_ses-102_task-s6;sub-010_ses-202_task-s6;sub-010_ses-302_task-s6	821	6	28	sub-010	ses-102	task-s6	1;2;3	6;6;6
1073	1074	1073	1074	3	3	trialwise	937;2715;4363	937;2715;4363	6;17;28	144;154;34	sub-010_ses-102_task-s6;sub-010_ses-202_task-s6;sub-010_ses-302_task-s6	937	6	144	sub-010	ses-102	task-s6	1;2;3	6;6;6
1074	1075	1074	1075	3	3	trialwise	724;2414;4324	724;2414;4324	5;16;27	89;11;153	sub-010_ses-102_task-s5;sub-010_ses-202_task-s5;sub-010_ses-302_task-s5	724	5	89	sub-010	ses-102	task-s5	1;2;3	5;5;5
1075	1076	1075	1076	3	3	trialwise	1157;2946;4725	1157;2946;4725	8;19;30	48;69;80	sub-010_ses-102_task-s8;sub-010_ses-202_task-s8;sub-010_ses-302_task-s8	1157	8	48	sub-010	ses-102	task-s8	1;2;3	8;8;8
1076	1077	1076	1077	3	3	trialwise	1235;3033;4786	1235;3033;4786	8;19;30	126;156;141	sub-010_ses-102_task-s8;sub-010_ses-202_task-s8;sub-010_ses-302_task-s8	1235	8	126	sub-010	ses-102	task-s8	1;2;3	8;8;8
1077	1078	1077	1078	3	3	trialwise	862;2608;4357	862;2608;4357	6;17;28	69;47;28	sub-010_ses-102_task-s6;sub-010_ses-202_task-s6;sub-010_ses-302_task-s6	862	6	69	sub-010	ses-102	task-s6	1;2;3	6;6;6
1078	1079	1078	1079	3	3	trialwise	480;2330;4096	480;2330;4096	4;15;26	4;86;84	sub-010_ses-102_task-s4;sub-010_ses-201_task-s4;sub-010_ses-301_task-s4	480	4	4	sub-010	ses-102	task-s4	1;2;3	4;4;4
1079	1080	1079	1080	3	3	trialwise	1035;2860;4506	1035;2860;4506	7;18;29	84;141;19	sub-010_ses-102_task-s7;sub-010_ses-202_task-s7;sub-010_ses-302_task-s7	1035	7	84	sub-010	ses-102	task-s7	1;2;3	7;7;7
1080	1081	1080	1081	3	3	trialwise	1188;2991;4658	1188;2991;4658	8;19;30	79;114;13	sub-010_ses-102_task-s8;sub-010_ses-202_task-s8;sub-010_ses-302_task-s8	1188	8	79	sub-010	ses-102	task-s8	1;2;3	8;8;8
1081	1082	1081	1082	3	3	trialwise	707;2475;4255	707;2475;4255	5;16;27	72;72;84	sub-010_ses-102_task-s5;sub-010_ses-202_task-s5;sub-010_ses-302_task-s5	707	5	72	sub-010	ses-102	task-s5	1;2;3	5;5;5
1082	1083	1082	1083	3	3	trialwise	828;2566;4408	828;2566;4408	6;17;28	35;5;79	sub-010_ses-102_task-s6;sub-010_ses-202_task-s6;sub-010_ses-302_task-s6	828	6	35	sub-010	ses-102	task-s6	1;2;3	6;6;6
1083	1084	1083	1084	3	3	trialwise	184;2020;3815	184;2020;3815	2;13;24	26;94;121	sub-010_ses-101_task-s2;sub-010_ses-201_task-s2;sub-010_ses-301_task-s2	184	2	26	sub-010	ses-101	task-s2	1;2;3	2;2;2
1084	1085	1084	1085	3	3	trialwise	1064;2736;4501	1064;2736;4501	7;18;29	113;17;14	sub-010_ses-102_task-s7;sub-010_ses-202_task-s7;sub-010_ses-302_task-s7	1064	7	113	sub-010	ses-102	task-s7	1;2;3	7;7;7
1085	1086	1085	1086	3	3	trialwise	664;2549;4254	664;2549;4254	5;16;27	29;146;83	sub-010_ses-102_task-s5;sub-010_ses-202_task-s5;sub-010_ses-302_task-s5	664	5	29	sub-010	ses-102	task-s5	1;2;3	5;5;5
1086	1087	1086	1087	3	3	trialwise	210;2026;3804	210;2026;3804	2;13;24	52;100;110	sub-010_ses-101_task-s2;sub-010_ses-201_task-s2;sub-010_ses-301_task-s2	210	2	52	sub-010	ses-101	task-s2	1;2;3	2;2;2
1087	1088	1087	1088	3	3	trialwise	204;1931;3714	204;1931;3714	2;13;24	46;5;20	sub-010_ses-101_task-s2;sub-010_ses-201_task-s2;sub-010_ses-301_task-s2	204	2	46	sub-010	ses-101	task-s2	1;2;3	2;2;2
1088	1089	1088	1089	3	3	trialwise	182;2045;3730	182;2045;3730	2;13;24	24;119;36	sub-010_ses-101_task-s2;sub-010_ses-201_task-s2;sub-010_ses-301_task-s2	182	2	24	sub-010	ses-101	task-s2	1;2;3	2;2;2
1089	1090	1089	1090	3	3	trialwise	228;1943;3742	228;1943;3742	2;13;24	70;17;48	sub-010_ses-101_task-s2;sub-010_ses-201_task-s2;sub-010_ses-301_task-s2	228	2	70	sub-010	ses-101	task-s2	1;2;3	2;2;2
1090	1091	1090	1091	3	3	trialwise	1203;3006;4730	1203;3006;4730	8;19;30	94;129;85	sub-010_ses-102_task-s8;sub-010_ses-202_task-s8;sub-010_ses-302_task-s8	1203	8	94	sub-010	ses-102	task-s8	1;2;3	8;8;8
1091	1092	1091	1092	3	3	trialwise	61;1836;3604	61;1836;3604	1;12;23	62;69;69	sub-010_ses-101_task-s1;sub-010_ses-201_task-s1;sub-010_ses-301_task-s1	61	1	62	sub-010	ses-101	task-s1	1;2;3	1;1;1
1092	1093	1092	1093	3	3	trialwise	72;1908;3676	72;1908;3676	1;12;23	73;141;141	sub-010_ses-101_task-s1;sub-010_ses-201_task-s1;sub-010_ses-301_task-s1	72	1	73	sub-010	ses-101	task-s1	1;2;3	1;1;1
1093	1094	1093	1094	3	3	trialwise	1170;3012;4780	1170;3012;4780	8;19;30	61;135;135	sub-010_ses-102_task-s8;sub-010_ses-202_task-s8;sub-010_ses-302_task-s8	1170	8	61	sub-010	ses-102	task-s8	1;2;3	8;8;8
1094	1095	1094	1095	3	3	trialwise	890;2662;4338	890;2662;4338	6;17;28	97;101;9	sub-010_ses-102_task-s6;sub-010_ses-202_task-s6;sub-010_ses-302_task-s6	890	6	97	sub-010	ses-102	task-s6	1;2;3	6;6;6
1095	1096	1095	1096	3	3	trialwise	853;2588;4406	853;2588;4406	6;17;28	60;27;77	sub-010_ses-102_task-s6;sub-010_ses-202_task-s6;sub-010_ses-302_task-s6	853	6	60	sub-010	ses-102	task-s6	1;2;3	6;6;6
1096	1097	1096	1097	3	3	trialwise	30;1800;3568	30;1800;3568	1;12;23	31;33;33	sub-010_ses-101_task-s1;sub-010_ses-201_task-s1;sub-010_ses-301_task-s1	30	1	31	sub-010	ses-101	task-s1	1;2;3	1;1;1
1097	1098	1097	1098	3	3	trialwise	864;2580;4407	864;2580;4407	6;17;28	71;19;78	sub-010_ses-102_task-s6;sub-010_ses-202_task-s6;sub-010_ses-302_task-s6	864	6	71	sub-010	ses-102	task-s6	1;2;3	6;6;6
1098	1099	1098	1099	3	3	trialwise	83;1815;3583	83;1815;3583	1;12;23	84;48;48	sub-010_ses-101_task-s1;sub-010_ses-201_task-s1;sub-010_ses-301_task-s1	83	1	84	sub-010	ses-101	task-s1	1;2;3	1;1;1
1099	1100	1099	1100	3	3	trialwise	620;2257;4085	620;2257;4085	4;15;26	144;13;73	sub-010_ses-102_task-s4;sub-010_ses-201_task-s4;sub-010_ses-301_task-s4	620	4	144	sub-010	ses-102	task-s4	1;2;3	4;4;4
1100	1101	1100	1101	3	3	trialwise	677;2410;4320	677;2410;4320	5;16;27	42;7;149	sub-010_ses-102_task-s5;sub-010_ses-202_task-s5;sub-010_ses-302_task-s5	677	5	42	sub-010	ses-102	task-s5	1;2;3	5;5;5
1101	1102	1101	1102	3	3	trialwise	1128;2933;4753	1128;2933;4753	8;19;30	19;56;108	sub-010_ses-102_task-s8;sub-010_ses-202_task-s8;sub-010_ses-302_task-s8	1128	8	19	sub-010	ses-102	task-s8	1;2;3	8;8;8
1102	1103	1102	1103	3	3	trialwise	817;2717;4371	817;2717;4371	6;17;28	24;156;42	sub-010_ses-102_task-s6;sub-010_ses-202_task-s6;sub-010_ses-302_task-s6	817	6	24	sub-010	ses-102	task-s6	1;2;3	6;6;6
1103	1104	1103	1104	3	3	trialwise	363;2119;3869	363;2119;3869	3;14;25	46;34;16	sub-010_ses-101_task-s3;sub-010_ses-201_task-s3;sub-010_ses-301_task-s3	363	3	46	sub-010	ses-101	task-s3	1;2;3	3;3;3
1104	1105	1104	1105	3	3	trialwise	241;1998;3700	241;1998;3700	2;13;24	83;72;6	sub-010_ses-101_task-s2;sub-010_ses-201_task-s2;sub-010_ses-301_task-s2	241	2	83	sub-010	ses-101	task-s2	1;2;3	2;2;2
1105	1106	1105	1106	3	3	trialwise	674;2484;4210	674;2484;4210	5;16;27	39;81;39	sub-010_ses-102_task-s5;sub-010_ses-202_task-s5;sub-010_ses-302_task-s5	674	5	39	sub-010	ses-102	task-s5	1;2;3	5;5;5
1106	1107	1106	1107	3	3	trialwise	1198;2881;4715	1198;2881;4715	8;19;30	89;4;70	sub-010_ses-102_task-s8;sub-010_ses-202_task-s8;sub-010_ses-302_task-s8	1198	8	89	sub-010	ses-102	task-s8	1;2;3	8;8;8
1107	1108	1107	1108	3	3	trialwise	982;2823;4523	982;2823;4523	7;18;29	31;104;36	sub-010_ses-102_task-s7;sub-010_ses-202_task-s7;sub-010_ses-302_task-s7	982	7	31	sub-010	ses-102	task-s7	1;2;3	7;7;7
1108	1109	1108	1109	3	3	trialwise	274;2037;3798	274;2037;3798	2;13;24	116;111;104	sub-010_ses-101_task-s2;sub-010_ses-201_task-s2;sub-010_ses-301_task-s2	274	2	116	sub-010	ses-101	task-s2	1;2;3	2;2;2
1109	1110	1109	1110	3	3	trialwise	147;1792;3560	147;1792;3560	1;12;23	148;25;25	sub-010_ses-101_task-s1;sub-010_ses-201_task-s1;sub-010_ses-301_task-s1	147	1	148	sub-010	ses-101	task-s1	1;2;3	1;1;1
1110	1111	1110	1111	3	3	trialwise	484;2336;4099	484;2336;4099	4;15;26	8;92;87	sub-010_ses-102_task-s4;sub-010_ses-201_task-s4;sub-010_ses-301_task-s4	484	4	8	sub-010	ses-102	task-s4	1;2;3	4;4;4
1111	1112	1111	1112	3	3	trialwise	868;2564;4339	868;2564;4339	6;17;28	75;3;10	sub-010_ses-102_task-s6;sub-010_ses-202_task-s6;sub-010_ses-302_task-s6	868	6	75	sub-010	ses-102	task-s6	1;2;3	6;6;6
1112	1113	1112	1113	3	3	trialwise	463;2134;3930	463;2134;3930	3;14;25	146;49;77	sub-010_ses-101_task-s3;sub-010_ses-201_task-s3;sub-010_ses-301_task-s3	463	3	146	sub-010	ses-101	task-s3	1;2;3	3;3;3
1113	1114	1113	1114	3	3	trialwise	613;2315;4025	613;2315;4025	4;15;26	137;71;13	sub-010_ses-102_task-s4;sub-010_ses-201_task-s4;sub-010_ses-301_task-s4	613	4	137	sub-010	ses-102	task-s4	1;2;3	4;4;4
1114	1115	1114	1115	3	3	trialwise	602;2252;4015	602;2252;4015	4;15;26	126;8;3	sub-010_ses-102_task-s4;sub-010_ses-201_task-s4;sub-010_ses-301_task-s4	602	4	126	sub-010	ses-102	task-s4	1;2;3	4;4;4
1115	1116	1115	1116	3	3	trialwise	175;2069;3814	175;2069;3814	2;13;24	17;143;120	sub-010_ses-101_task-s2;sub-010_ses-201_task-s2;sub-010_ses-301_task-s2	175	2	17	sub-010	ses-101	task-s2	1;2;3	2;2;2
1116	1117	1116	1117	3	3	trialwise	736;2525;4277	736;2525;4277	5;16;27	101;122;106	sub-010_ses-102_task-s5;sub-010_ses-202_task-s5;sub-010_ses-302_task-s5	736	5	101	sub-010	ses-102	task-s5	1;2;3	5;5;5
1117	1118	1117	1118	3	3	trialwise	778;2405;4260	778;2405;4260	5;16;27	143;2;89	sub-010_ses-102_task-s5;sub-010_ses-202_task-s5;sub-010_ses-302_task-s5	778	5	143	sub-010	ses-102	task-s5	1;2;3	5;5;5
1118	1119	1118	1119	3	3	trialwise	522;2320;4038	522;2320;4038	4;15;26	46;76;26	sub-010_ses-102_task-s4;sub-010_ses-201_task-s4;sub-010_ses-301_task-s4	522	4	46	sub-010	ses-102	task-s4	1;2;3	4;4;4
1119	1120	1119	1120	3	3	trialwise	1025;2802;4583	1025;2802;4583	7;18;29	74;83;96	sub-010_ses-102_task-s7;sub-010_ses-202_task-s7;sub-010_ses-302_task-s7	1025	7	74	sub-010	ses-102	task-s7	1;2;3	7;7;7
1120	1140	1120	1121	3	3	trialwise	1389;3185;4820	1389;3185;4820	9;20;31	122;150;17	sub-010_ses-103_task-s9;sub-010_ses-203_task-s9;sub-010_ses-303_task-s9	1389	9	122	sub-010	ses-103	task-s9	1;2;3	9;9;9
1121	1146	1121	1122	3	3	trialwise	1727;3492;5186	1727;3492;5186	11;22;33	126;123;49	sub-010_ses-103_task-s11;sub-010_ses-203_task-s11;sub-010_ses-303_task-s11	1727	11	126	sub-010	ses-103	task-s11	1;2;3	11;11;11
1122	1163	1122	1123	3	3	trialwise	1271;3037;4895	1271;3037;4895	9;20;31	4;2;92	sub-010_ses-103_task-s9;sub-010_ses-203_task-s9;sub-010_ses-303_task-s9	1271	9	4	sub-010	ses-103	task-s9	1;2;3	9;9;9
1123	1182	1123	1124	3	3	trialwise	1476;3312;5104	1476;3312;5104	10;21;32	42;110;134	sub-010_ses-103_task-s10;sub-010_ses-203_task-s10;sub-010_ses-304_task-s10	1476	10	42	sub-010	ses-103	task-s10	1;2;3	10;10;10
1124	1209	1124	1125	3	3	trialwise	1704;3406;5141	1704;3406;5141	11;22;33	103;37;4	sub-010_ses-103_task-s11;sub-010_ses-203_task-s11;sub-010_ses-303_task-s11	1704	11	103	sub-010	ses-103	task-s11	1;2;3	11;11;11
1125	1212	1125	1126	3	3	trialwise	1617;3404;5258	1617;3404;5258	11;22;33	16;35;121	sub-010_ses-103_task-s11;sub-010_ses-203_task-s11;sub-010_ses-303_task-s11	1617	11	16	sub-010	ses-103	task-s11	1;2;3	11;11;11
1126	1242	1126	1127	3	3	trialwise	1442;3229;5117	1442;3229;5117	10;21;32	8;27;147	sub-010_ses-103_task-s10;sub-010_ses-203_task-s10;sub-010_ses-304_task-s10	1442	10	8	sub-010	ses-103	task-s10	1;2;3	10;10;10
1127	1251	1127	1128	3	3	trialwise	1391;3104;4940	1391;3104;4940	9;20;31	124;69;137	sub-010_ses-103_task-s9;sub-010_ses-203_task-s9;sub-010_ses-303_task-s9	1391	9	124	sub-010	ses-103	task-s9	1;2;3	9;9;9
1128	1262	1128	1129	3	3	trialwise	1521;3213;4991	1521;3213;4991	10;21;32	87;11;21	sub-010_ses-103_task-s10;sub-010_ses-203_task-s10;sub-010_ses-304_task-s10	1521	10	87	sub-010	ses-103	task-s10	1;2;3	10;10;10
1129	1267	1129	1130	3	3	trialwise	1624;3452;5253	1624;3452;5253	11;22;33	23;83;116	sub-010_ses-103_task-s11;sub-010_ses-203_task-s11;sub-010_ses-303_task-s11	1624	11	23	sub-010	ses-103	task-s11	1;2;3	11;11;11
1130	1327	1130	1131	3	3	trialwise	1550;3246;5120	1550;3246;5120	10;21;32	116;44;150	sub-010_ses-103_task-s10;sub-010_ses-203_task-s10;sub-010_ses-304_task-s10	1550	10	116	sub-010	ses-103	task-s10	1;2;3	10;10;10
1131	1348	1131	1132	3	3	trialwise	1513;3286;5074	1513;3286;5074	10;21;32	79;84;104	sub-010_ses-103_task-s10;sub-010_ses-203_task-s10;sub-010_ses-304_task-s10	1513	10	79	sub-010	ses-103	task-s10	1;2;3	10;10;10
1132	1362	1132	1133	3	3	trialwise	1666;3443;5166	1666;3443;5166	11;22;33	65;74;29	sub-010_ses-103_task-s11;sub-010_ses-203_task-s11;sub-010_ses-303_task-s11	1666	11	65	sub-010	ses-103	task-s11	1;2;3	11;11;11
1133	1400	1133	1134	3	3	trialwise	1361;3201;4903	1361;3201;4903	9;20;31	94;166;100	sub-010_ses-103_task-s9;sub-010_ses-203_task-s9;sub-010_ses-303_task-s9	1361	9	94	sub-010	ses-103	task-s9	1;2;3	9;9;9
1134	1433	1134	1135	3	3	trialwise	1340;3097;4935	1340;3097;4935	9;20;31	73;62;132	sub-010_ses-103_task-s9;sub-010_ses-203_task-s9;sub-010_ses-303_task-s9	1340	9	73	sub-010	ses-103	task-s9	1;2;3	9;9;9
1135	1436	1135	1136	3	3	trialwise	1637;3474;5259	1637;3474;5259	11;22;33	36;105;122	sub-010_ses-103_task-s11;sub-010_ses-203_task-s11;sub-010_ses-303_task-s11	1637	11	36	sub-010	ses-103	task-s11	1;2;3	11;11;11
1136	1450	1136	1137	3	3	trialwise	1415;3151;4926	1415;3151;4926	9;20;31	148;116;123	sub-010_ses-103_task-s9;sub-010_ses-203_task-s9;sub-010_ses-303_task-s9	1415	9	148	sub-010	ses-103	task-s9	1;2;3	9;9;9
1137	1456	1137	1138	3	3	trialwise	1510;3368;4986	1510;3368;4986	10;21;32	76;166;16	sub-010_ses-103_task-s10;sub-010_ses-203_task-s10;sub-010_ses-304_task-s10	1510	10	76	sub-010	ses-103	task-s10	1;2;3	10;10;10
1138	1494	1138	1139	3	3	trialwise	1338;3040;4915	1338;3040;4915	9;20;31	71;5;112	sub-010_ses-103_task-s9;sub-010_ses-203_task-s9;sub-010_ses-303_task-s9	1338	9	71	sub-010	ses-103	task-s9	1;2;3	9;9;9
1139	1508	1139	1140	3	3	trialwise	1517;3226;5025	1517;3226;5025	10;21;32	83;24;55	sub-010_ses-103_task-s10;sub-010_ses-203_task-s10;sub-010_ses-304_task-s10	1517	10	83	sub-010	ses-103	task-s10	1;2;3	10;10;10
1140	1545	1140	1141	3	3	trialwise	1678;3442;5203	1678;3442;5203	11;22;33	77;73;66	sub-010_ses-103_task-s11;sub-010_ses-203_task-s11;sub-010_ses-303_task-s11	1678	11	77	sub-010	ses-103	task-s11	1;2;3	11;11;11
1141	1546	1141	1142	3	3	trialwise	1734;3436;5206	1734;3436;5206	11;22;33	133;67;69	sub-010_ses-103_task-s11;sub-010_ses-203_task-s11;sub-010_ses-303_task-s11	1734	11	133	sub-010	ses-103	task-s11	1;2;3	11;11;11
1142	1584	1142	1143	3	3	trialwise	1511;3209;5062	1511;3209;5062	10;21;32	77;7;92	sub-010_ses-103_task-s10;sub-010_ses-203_task-s10;sub-010_ses-304_task-s10	1511	10	77	sub-010	ses-103	task-s10	1;2;3	10;10;10
1143	1589	1143	1144	3	3	trialwise	1305;3125;4823	1305;3125;4823	9;20;31	38;90;20	sub-010_ses-103_task-s9;sub-010_ses-203_task-s9;sub-010_ses-303_task-s9	1305	9	38	sub-010	ses-103	task-s9	1;2;3	9;9;9
1144	1631	1144	1145	3	3	trialwise	1396;3170;4969	1396;3170;4969	9;20;31	129;135;166	sub-010_ses-103_task-s9;sub-010_ses-203_task-s9;sub-010_ses-303_task-s9	1396	9	129	sub-010	ses-103	task-s9	1;2;3	9;9;9
1145	1637	1145	1146	3	3	trialwise	1348;3089;4960	1348;3089;4960	9;20;31	81;54;157	sub-010_ses-103_task-s9;sub-010_ses-203_task-s9;sub-010_ses-303_task-s9	1348	9	81	sub-010	ses-103	task-s9	1;2;3	9;9;9
1146	1645	1146	1147	3	3	trialwise	1758;3469;5281	1758;3469;5281	11;22;33	157;100;144	sub-010_ses-103_task-s11;sub-010_ses-203_task-s11;sub-010_ses-303_task-s11	1758	11	157	sub-010	ses-103	task-s11	1;2;3	11;11;11
1147	1656	1147	1148	3	3	trialwise	1269;3176;4928	1269;3176;4928	9;20;31	2;141;125	sub-010_ses-103_task-s9;sub-010_ses-203_task-s9;sub-010_ses-303_task-s9	1269	9	2	sub-010	ses-103	task-s9	1;2;3	9;9;9
1148	1716	1148	1149	3	3	trialwise	1291;3099;4822	1291;3099;4822	9;20;31	24;64;19	sub-010_ses-103_task-s9;sub-010_ses-203_task-s9;sub-010_ses-303_task-s9	1291	9	24	sub-010	ses-103	task-s9	1;2;3	9;9;9
1149	1720	1149	1150	3	3	trialwise	1438;3217;5130	1438;3217;5130	10;21;32	4;15;160	sub-010_ses-103_task-s10;sub-010_ses-203_task-s10;sub-010_ses-304_task-s10	1438	10	4	sub-010	ses-103	task-s10	1;2;3	10;10;10
1150	1728	1150	1151	3	3	trialwise	1616;3393;5294	1616;3393;5294	11;22;33	15;24;157	sub-010_ses-103_task-s11;sub-010_ses-203_task-s11;sub-010_ses-303_task-s11	1616	11	15	sub-010	ses-103	task-s11	1;2;3	11;11;11
1151	1746	1151	1152	3	3	trialwise	1603;3485;5233	1603;3485;5233	11;22;33	2;116;96	sub-010_ses-103_task-s11;sub-010_ses-203_task-s11;sub-010_ses-303_task-s11	1603	11	2	sub-010	ses-103	task-s11	1;2;3	11;11;11
1152	1765	1152	1153	3	3	trialwise	1668;3423;5216	1668;3423;5216	11;22;33	67;54;79	sub-010_ses-103_task-s11;sub-010_ses-203_task-s11;sub-010_ses-303_task-s11	1668	11	67	sub-010	ses-103	task-s11	1;2;3	11;11;11
1153	1781	1153	1154	3	3	trialwise	1539;3314;5135	1539;3314;5135	10;21;32	105;112;165	sub-010_ses-103_task-s10;sub-010_ses-203_task-s10;sub-010_ses-304_task-s10	1539	10	105	sub-010	ses-103	task-s10	1;2;3	10;10;10
1154	1813	1154	1155	3	3	trialwise	1433;3042;4922	1433;3042;4922	9;20;31	166;7;119	sub-010_ses-103_task-s9;sub-010_ses-203_task-s9;sub-010_ses-303_task-s9	1433	9	166	sub-010	ses-103	task-s9	1;2;3	9;9;9
1155	1834	1155	1156	3	3	trialwise	1288;3048;4937	1288;3048;4937	9;20;31	21;13;134	sub-010_ses-103_task-s9;sub-010_ses-203_task-s9;sub-010_ses-303_task-s9	1288	9	21	sub-010	ses-103	task-s9	1;2;3	9;9;9
1156	1855	1156	1157	3	3	trialwise	1470;3292;5001	1470;3292;5001	10;21;32	36;90;31	sub-010_ses-103_task-s10;sub-010_ses-203_task-s10;sub-010_ses-304_task-s10	1470	10	36	sub-010	ses-103	task-s10	1;2;3	10;10;10
1157	1871	1157	1158	3	3	trialwise	1282;3144;4876	1282;3144;4876	9;20;31	15;109;73	sub-010_ses-103_task-s9;sub-010_ses-203_task-s9;sub-010_ses-303_task-s9	1282	9	15	sub-010	ses-103	task-s9	1;2;3	9;9;9
1158	1884	1158	1159	3	3	trialwise	1683;3509;5280	1683;3509;5280	11;22;33	82;140;143	sub-010_ses-103_task-s11;sub-010_ses-203_task-s11;sub-010_ses-303_task-s11	1683	11	82	sub-010	ses-103	task-s11	1;2;3	11;11;11
1159	1891	1159	1160	3	3	trialwise	1587;3298;5136	1587;3298;5136	10;21;32	153;96;166	sub-010_ses-103_task-s10;sub-010_ses-203_task-s10;sub-010_ses-304_task-s10	1587	10	153	sub-010	ses-103	task-s10	1;2;3	10;10;10
1160	1921	1160	1161	3	3	trialwise	1645;3383;5175	1645;3383;5175	11;22;33	44;14;38	sub-010_ses-103_task-s11;sub-010_ses-203_task-s11;sub-010_ses-303_task-s11	1645	11	44	sub-010	ses-103	task-s11	1;2;3	11;11;11
1161	1928	1161	1162	3	3	trialwise	1392;3074;4828	1392;3074;4828	9;20;31	125;39;25	sub-010_ses-103_task-s9;sub-010_ses-203_task-s9;sub-010_ses-303_task-s9	1392	9	125	sub-010	ses-103	task-s9	1;2;3	9;9;9
1162	1980	1162	1163	3	3	trialwise	1522;3345;5129	1522;3345;5129	10;21;32	88;143;159	sub-010_ses-103_task-s10;sub-010_ses-203_task-s10;sub-010_ses-304_task-s10	1522	10	88	sub-010	ses-103	task-s10	1;2;3	10;10;10
1163	1987	1163	1164	3	3	trialwise	1346;3078;4890	1346;3078;4890	9;20;31	79;43;87	sub-010_ses-103_task-s9;sub-010_ses-203_task-s9;sub-010_ses-303_task-s9	1346	9	79	sub-010	ses-103	task-s9	1;2;3	9;9;9
1164	2014	1164	1165	3	3	trialwise	1602;3408;5277	1602;3408;5277	11;22;33	1;39;140	sub-010_ses-103_task-s11;sub-010_ses-203_task-s11;sub-010_ses-303_task-s11	1602	11	1	sub-010	ses-103	task-s11	1;2;3	11;11;11
1165	2039	1165	1166	3	3	trialwise	1386;3093;4899	1386;3093;4899	9;20;31	119;58;96	sub-010_ses-103_task-s9;sub-010_ses-203_task-s9;sub-010_ses-303_task-s9	1386	9	119	sub-010	ses-103	task-s9	1;2;3	9;9;9
1166	2048	1166	1167	3	3	trialwise	1274;3055;4938	1274;3055;4938	9;20;31	7;20;135	sub-010_ses-103_task-s9;sub-010_ses-203_task-s9;sub-010_ses-303_task-s9	1274	9	7	sub-010	ses-103	task-s9	1;2;3	9;9;9
1167	2072	1167	1168	3	3	trialwise	1619;3424;5226	1619;3424;5226	11;22;33	18;55;89	sub-010_ses-103_task-s11;sub-010_ses-203_task-s11;sub-010_ses-303_task-s11	1619	11	18	sub-010	ses-103	task-s11	1;2;3	11;11;11
1168	2093	1168	1169	3	3	trialwise	1548;3235;5052	1548;3235;5052	10;21;32	114;33;82	sub-010_ses-103_task-s10;sub-010_ses-203_task-s10;sub-010_ses-304_task-s10	1548	10	114	sub-010	ses-103	task-s10	1;2;3	10;10;10
1169	2113	1169	1170	3	3	trialwise	1643;3497;5268	1643;3497;5268	11;22;33	42;128;131	sub-010_ses-103_task-s11;sub-010_ses-203_task-s11;sub-010_ses-303_task-s11	1643	11	42	sub-010	ses-103	task-s11	1;2;3	11;11;11
1170	2131	1170	1171	3	3	trialwise	1676;3432;5194	1676;3432;5194	11;22;33	75;63;57	sub-010_ses-103_task-s11;sub-010_ses-203_task-s11;sub-010_ses-303_task-s11	1676	11	75	sub-010	ses-103	task-s11	1;2;3	11;11;11
1171	2142	1171	1172	3	3	trialwise	1671;3504;5246	1671;3504;5246	11;22;33	70;135;109	sub-010_ses-103_task-s11;sub-010_ses-203_task-s11;sub-010_ses-303_task-s11	1671	11	70	sub-010	ses-103	task-s11	1;2;3	11;11;11
1172	2176	1172	1173	3	3	trialwise	1737;3380;5222	1737;3380;5222	11;22;33	136;11;85	sub-010_ses-103_task-s11;sub-010_ses-203_task-s11;sub-010_ses-303_task-s11	1737	11	136	sub-010	ses-103	task-s11	1;2;3	11;11;11
1173	2194	1173	1174	3	3	trialwise	1367;3171;4849	1367;3171;4849	9;20;31	100;136;46	sub-010_ses-103_task-s9;sub-010_ses-203_task-s9;sub-010_ses-303_task-s9	1367	9	100	sub-010	ses-103	task-s9	1;2;3	9;9;9
1174	2202	1174	1175	3	3	trialwise	1634;3409;5219	1634;3409;5219	11;22;33	33;40;82	sub-010_ses-103_task-s11;sub-010_ses-203_task-s11;sub-010_ses-303_task-s11	1634	11	33	sub-010	ses-103	task-s11	1;2;3	11;11;11
1175	2235	1175	1176	3	3	trialwise	1662;3498;5159	1662;3498;5159	11;22;33	61;129;22	sub-010_ses-103_task-s11;sub-010_ses-203_task-s11;sub-010_ses-303_task-s11	1662	11	61	sub-010	ses-103	task-s11	1;2;3	11;11;11
1176	2260	1176	1177	3	3	trialwise	1394;3088;4893	1394;3088;4893	9;20;31	127;53;90	sub-010_ses-103_task-s9;sub-010_ses-203_task-s9;sub-010_ses-303_task-s9	1394	9	127	sub-010	ses-103	task-s9	1;2;3	9;9;9
1177	2267	1177	1178	3	3	trialwise	1606;3410;5153	1606;3410;5153	11;22;33	5;41;16	sub-010_ses-103_task-s11;sub-010_ses-203_task-s11;sub-010_ses-303_task-s11	1606	11	5	sub-010	ses-103	task-s11	1;2;3	11;11;11
1178	2297	1178	1179	3	3	trialwise	1615;3392;5278	1615;3392;5278	11;22;33	14;23;141	sub-010_ses-103_task-s11;sub-010_ses-203_task-s11;sub-010_ses-303_task-s11	1615	11	14	sub-010	ses-103	task-s11	1;2;3	11;11;11
1179	2312	1179	1180	3	3	trialwise	1499;3215;5102	1499;3215;5102	10;21;32	65;13;132	sub-010_ses-103_task-s10;sub-010_ses-203_task-s10;sub-010_ses-304_task-s10	1499	10	65	sub-010	ses-103	task-s10	1;2;3	10;10;10
1180	2337	1180	1181	3	3	trialwise	1583;3330;4996	1583;3330;4996	10;21;32	149;128;26	sub-010_ses-103_task-s10;sub-010_ses-203_task-s10;sub-010_ses-304_task-s10	1583	10	149	sub-010	ses-103	task-s10	1;2;3	10;10;10
1181	2355	1181	1182	3	3	trialwise	1456;3253;5044	1456;3253;5044	10;21;32	22;51;74	sub-010_ses-103_task-s10;sub-010_ses-203_task-s10;sub-010_ses-304_task-s10	1456	10	22	sub-010	ses-103	task-s10	1;2;3	10;10;10
1182	2382	1182	1183	3	3	trialwise	1681;3415;5184	1681;3415;5184	11;22;33	80;46;47	sub-010_ses-103_task-s11;sub-010_ses-203_task-s11;sub-010_ses-303_task-s11	1681	11	80	sub-010	ses-103	task-s11	1;2;3	11;11;11
1183	2398	1183	1184	3	3	trialwise	1545;3276;5121	1545;3276;5121	10;21;32	111;74;151	sub-010_ses-103_task-s10;sub-010_ses-203_task-s10;sub-010_ses-304_task-s10	1545	10	111	sub-010	ses-103	task-s10	1;2;3	10;10;10
1184	2419	1184	1185	3	3	trialwise	1562;3317;5098	1562;3317;5098	10;21;32	128;115;128	sub-010_ses-103_task-s10;sub-010_ses-203_task-s10;sub-010_ses-304_task-s10	1562	10	128	sub-010	ses-103	task-s10	1;2;3	10;10;10
1185	2438	1185	1186	3	3	trialwise	1733;3374;5249	1733;3374;5249	11;22;33	132;5;112	sub-010_ses-103_task-s11;sub-010_ses-203_task-s11;sub-010_ses-303_task-s11	1733	11	132	sub-010	ses-103	task-s11	1;2;3	11;11;11
1186	2448	1186	1187	3	3	trialwise	1599;3319;5132	1599;3319;5132	10;21;32	165;117;162	sub-010_ses-103_task-s10;sub-010_ses-203_task-s10;sub-010_ses-304_task-s10	1599	10	165	sub-010	ses-103	task-s10	1;2;3	10;10;10
1187	2455	1187	1188	3	3	trialwise	1502;3318;5079	1502;3318;5079	10;21;32	68;116;109	sub-010_ses-103_task-s10;sub-010_ses-203_task-s10;sub-010_ses-304_task-s10	1502	10	68	sub-010	ses-103	task-s10	1;2;3	10;10;10
1188	2487	1188	1189	3	3	trialwise	1636;3458;5264	1636;3458;5264	11;22;33	35;89;127	sub-010_ses-103_task-s11;sub-010_ses-203_task-s11;sub-010_ses-303_task-s11	1636	11	35	sub-010	ses-103	task-s11	1;2;3	11;11;11
1189	2500	1189	1190	3	3	trialwise	1558;3248;4975	1558;3248;4975	10;21;32	124;46;5	sub-010_ses-103_task-s10;sub-010_ses-203_task-s10;sub-010_ses-304_task-s10	1558	10	124	sub-010	ses-103	task-s10	1;2;3	10;10;10
1190	2543	1190	1191	3	3	trialwise	1430;3149;4839	1430;3149;4839	9;20;31	163;114;36	sub-010_ses-103_task-s9;sub-010_ses-203_task-s9;sub-010_ses-303_task-s9	1430	9	163	sub-010	ses-103	task-s9	1;2;3	9;9;9
1191	2550	1191	1192	3	3	trialwise	1488;3316;5110	1488;3316;5110	10;21;32	54;114;140	sub-010_ses-103_task-s10;sub-010_ses-203_task-s10;sub-010_ses-304_task-s10	1488	10	54	sub-010	ses-103	task-s10	1;2;3	10;10;10
1192	2596	1192	1193	3	3	trialwise	1590;3338;5124	1590;3338;5124	10;21;32	156;136;154	sub-010_ses-103_task-s10;sub-010_ses-203_task-s10;sub-010_ses-304_task-s10	1590	10	156	sub-010	ses-103	task-s10	1;2;3	10;10;10
1193	2598	1193	1194	3	3	trialwise	1344;3178;4954	1344;3178;4954	9;20;31	77;143;151	sub-010_ses-103_task-s9;sub-010_ses-203_task-s9;sub-010_ses-303_task-s9	1344	9	77	sub-010	ses-103	task-s9	1;2;3	9;9;9
1194	2603	1194	1195	3	3	trialwise	1379;3039;4884	1379;3039;4884	9;20;31	112;4;81	sub-010_ses-103_task-s9;sub-010_ses-203_task-s9;sub-010_ses-303_task-s9	1379	9	112	sub-010	ses-103	task-s9	1;2;3	9;9;9
1195	2638	1195	1196	3	3	trialwise	1631;3505;5303	1631;3505;5303	11;22;33	30;136;166	sub-010_ses-103_task-s11;sub-010_ses-203_task-s11;sub-010_ses-303_task-s11	1631	11	30	sub-010	ses-103	task-s11	1;2;3	11;11;11
1196	2647	1196	1197	3	3	trialwise	1675;3389;5164	1675;3389;5164	11;22;33	74;20;27	sub-010_ses-103_task-s11;sub-010_ses-203_task-s11;sub-010_ses-303_task-s11	1675	11	74	sub-010	ses-103	task-s11	1;2;3	11;11;11
1197	2653	1197	1198	3	3	trialwise	1540;3255;5080	1540;3255;5080	10;21;32	106;53;110	sub-010_ses-103_task-s10;sub-010_ses-203_task-s10;sub-010_ses-304_task-s10	1540	10	106	sub-010	ses-103	task-s10	1;2;3	10;10;10
1198	2698	1198	1199	3	3	trialwise	1310;3133;4958	1310;3133;4958	9;20;31	43;98;155	sub-010_ses-103_task-s9;sub-010_ses-203_task-s9;sub-010_ses-303_task-s9	1310	9	43	sub-010	ses-103	task-s9	1;2;3	9;9;9
1199	2707	1199	1200	3	3	trialwise	1607;3418;5154	1607;3418;5154	11;22;33	6;49;17	sub-010_ses-103_task-s11;sub-010_ses-203_task-s11;sub-010_ses-303_task-s11	1607	11	6	sub-010	ses-103	task-s11	1;2;3	11;11;11
1200	2750	1200	1201	3	3	trialwise	1535;3258;5093	1535;3258;5093	10;21;32	101;56;123	sub-010_ses-103_task-s10;sub-010_ses-203_task-s10;sub-010_ses-304_task-s10	1535	10	101	sub-010	ses-103	task-s10	1;2;3	10;10;10
1201	2756	1201	1202	3	3	trialwise	1731;3405;5295	1731;3405;5295	11;22;33	130;36;158	sub-010_ses-103_task-s11;sub-010_ses-203_task-s11;sub-010_ses-303_task-s11	1731	11	130	sub-010	ses-103	task-s11	1;2;3	11;11;11
1202	2773	1202	1203	3	3	trialwise	1519;3359;5087	1519;3359;5087	10;21;32	85;157;117	sub-010_ses-103_task-s10;sub-010_ses-203_task-s10;sub-010_ses-304_task-s10	1519	10	85	sub-010	ses-103	task-s10	1;2;3	10;10;10
1203	2774	1203	1204	3	3	trialwise	1359;3200;4892	1359;3200;4892	9;20;31	92;165;89	sub-010_ses-103_task-s9;sub-010_ses-203_task-s9;sub-010_ses-303_task-s9	1359	9	92	sub-010	ses-103	task-s9	1;2;3	9;9;9
1204	2815	1204	1205	3	3	trialwise	1381;3062;4855	1381;3062;4855	9;20;31	114;27;52	sub-010_ses-103_task-s9;sub-010_ses-203_task-s9;sub-010_ses-303_task-s9	1381	9	114	sub-010	ses-103	task-s9	1;2;3	9;9;9
1205	2839	1205	1206	3	3	trialwise	1751;3480;5155	1751;3480;5155	11;22;33	150;111;18	sub-010_ses-103_task-s11;sub-010_ses-203_task-s11;sub-010_ses-303_task-s11	1751	11	150	sub-010	ses-103	task-s11	1;2;3	11;11;11
1206	2857	1206	1207	3	3	trialwise	1388;3162;4952	1388;3162;4952	9;20;31	121;127;149	sub-010_ses-103_task-s9;sub-010_ses-203_task-s9;sub-010_ses-303_task-s9	1388	9	121	sub-010	ses-103	task-s9	1;2;3	9;9;9
1207	2868	1207	1208	3	3	trialwise	1439;3328;5039	1439;3328;5039	10;21;32	5;126;69	sub-010_ses-103_task-s10;sub-010_ses-203_task-s10;sub-010_ses-304_task-s10	1439	10	5	sub-010	ses-103	task-s10	1;2;3	10;10;10
1208	2892	1208	1209	3	3	trialwise	1486;3358;5078	1486;3358;5078	10;21;32	52;156;108	sub-010_ses-103_task-s10;sub-010_ses-203_task-s10;sub-010_ses-304_task-s10	1486	10	52	sub-010	ses-103	task-s10	1;2;3	10;10;10
1209	2898	1209	1210	3	3	trialwise	1530;3271;5005	1530;3271;5005	10;21;32	96;69;35	sub-010_ses-103_task-s10;sub-010_ses-203_task-s10;sub-010_ses-304_task-s10	1530	10	96	sub-010	ses-103	task-s10	1;2;3	10;10;10
1210	2923	1210	1211	3	3	trialwise	1667;3397;5261	1667;3397;5261	11;22;33	66;28;124	sub-010_ses-103_task-s11;sub-010_ses-203_task-s11;sub-010_ses-303_task-s11	1667	11	66	sub-010	ses-103	task-s11	1;2;3	11;11;11
1211	2931	1211	1212	3	3	trialwise	1418;3128;4885	1418;3128;4885	9;20;31	151;93;82	sub-010_ses-103_task-s9;sub-010_ses-203_task-s9;sub-010_ses-303_task-s9	1418	9	151	sub-010	ses-103	task-s9	1;2;3	9;9;9
1212	2990	1212	1213	3	3	trialwise	1454;3287;5085	1454;3287;5085	10;21;32	20;85;115	sub-010_ses-103_task-s10;sub-010_ses-203_task-s10;sub-010_ses-304_task-s10	1454	10	20	sub-010	ses-103	task-s10	1;2;3	10;10;10
1213	2994	1213	1214	3	3	trialwise	1481;3203;4973	1481;3203;4973	10;21;32	47;1;3	sub-010_ses-103_task-s10;sub-010_ses-203_task-s10;sub-010_ses-304_task-s10	1481	10	47	sub-010	ses-103	task-s10	1;2;3	10;10;10
1214	3018	1214	1215	3	3	trialwise	1591;3270;5024	1591;3270;5024	10;21;32	157;68;54	sub-010_ses-103_task-s10;sub-010_ses-203_task-s10;sub-010_ses-304_task-s10	1591	10	157	sub-010	ses-103	task-s10	1;2;3	10;10;10
1215	3036	1215	1216	3	3	trialwise	1334;3038;4805	1334;3038;4805	9;20;31	67;3;2	sub-010_ses-103_task-s9;sub-010_ses-203_task-s9;sub-010_ses-303_task-s9	1334	9	67	sub-010	ses-103	task-s9	1;2;3	9;9;9
1216	3051	1216	1217	3	3	trialwise	1505;3290;4976	1505;3290;4976	10;21;32	71;88;6	sub-010_ses-103_task-s10;sub-010_ses-203_task-s10;sub-010_ses-304_task-s10	1505	10	71	sub-010	ses-103	task-s10	1;2;3	10;10;10
1217	3067	1217	1218	3	3	trialwise	1360;3063;4844	1360;3063;4844	9;20;31	93;28;41	sub-010_ses-103_task-s9;sub-010_ses-203_task-s9;sub-010_ses-303_task-s9	1360	9	93	sub-010	ses-103	task-s9	1;2;3	9;9;9
1218	3089	1218	1219	3	3	trialwise	1313;3137;4924	1313;3137;4924	9;20;31	46;102;121	sub-010_ses-103_task-s9;sub-010_ses-203_task-s9;sub-010_ses-303_task-s9	1313	9	46	sub-010	ses-103	task-s9	1;2;3	9;9;9
1219	3101	1219	1220	3	3	trialwise	1563;3278;4985	1563;3278;4985	10;21;32	129;76;15	sub-010_ses-103_task-s10;sub-010_ses-203_task-s10;sub-010_ses-304_task-s10	1563	10	129	sub-010	ses-103	task-s10	1;2;3	10;10;10
1220	3145	1220	1221	3	3	trialwise	1682;3513;5282	1682;3513;5282	11;22;33	81;144;145	sub-010_ses-103_task-s11;sub-010_ses-203_task-s11;sub-010_ses-303_task-s11	1682	11	81	sub-010	ses-103	task-s11	1;2;3	11;11;11
1221	3158	1221	1222	3	3	trialwise	1647;3441;5199	1647;3441;5199	11;22;33	46;72;62	sub-010_ses-103_task-s11;sub-010_ses-203_task-s11;sub-010_ses-303_task-s11	1647	11	46	sub-010	ses-103	task-s11	1;2;3	11;11;11
1222	3162	1222	1223	3	3	trialwise	1307;3190;4913	1307;3190;4913	9;20;31	40;155;110	sub-010_ses-103_task-s9;sub-010_ses-203_task-s9;sub-010_ses-303_task-s9	1307	9	40	sub-010	ses-103	task-s9	1;2;3	9;9;9
1223	3167	1223	1224	3	3	trialwise	1559;3212;5106	1559;3212;5106	10;21;32	125;10;136	sub-010_ses-103_task-s10;sub-010_ses-203_task-s10;sub-010_ses-304_task-s10	1559	10	125	sub-010	ses-103	task-s10	1;2;3	10;10;10
1224	3201	1224	1225	3	3	trialwise	1342;3161;4840	1342;3161;4840	9;20;31	75;126;37	sub-010_ses-103_task-s9;sub-010_ses-203_task-s9;sub-010_ses-303_task-s9	1342	9	75	sub-010	ses-103	task-s9	1;2;3	9;9;9
1225	3239	1225	1226	3	3	trialwise	1567;3234;5083	1567;3234;5083	10;21;32	133;32;113	sub-010_ses-103_task-s10;sub-010_ses-203_task-s10;sub-010_ses-304_task-s10	1567	10	133	sub-010	ses-103	task-s10	1;2;3	10;10;10
1226	3241	1226	1227	3	3	trialwise	1766;3449;5284	1766;3449;5284	11;22;33	165;80;147	sub-010_ses-103_task-s11;sub-010_ses-203_task-s11;sub-010_ses-303_task-s11	1766	11	165	sub-010	ses-103	task-s11	1;2;3	11;11;11
1227	3270	1227	1228	3	3	trialwise	1320;3118;4807	1320;3118;4807	9;20;31	53;83;4	sub-010_ses-103_task-s9;sub-010_ses-203_task-s9;sub-010_ses-303_task-s9	1320	9	53	sub-010	ses-103	task-s9	1;2;3	9;9;9
1228	3290	1228	1229	3	3	trialwise	1279;3079;4917	1279;3079;4917	9;20;31	12;44;114	sub-010_ses-103_task-s9;sub-010_ses-203_task-s9;sub-010_ses-303_task-s9	1279	9	12	sub-010	ses-103	task-s9	1;2;3	9;9;9
1229	3306	1229	1230	3	3	trialwise	1322;3179;4939	1322;3179;4939	9;20;31	55;144;136	sub-010_ses-103_task-s9;sub-010_ses-203_task-s9;sub-010_ses-303_task-s9	1322	9	55	sub-010	ses-103	task-s9	1;2;3	9;9;9
1230	3321	1230	1231	3	3	trialwise	1385;3083;4944	1385;3083;4944	9;20;31	118;48;141	sub-010_ses-103_task-s9;sub-010_ses-203_task-s9;sub-010_ses-303_task-s9	1385	9	118	sub-010	ses-103	task-s9	1;2;3	9;9;9
1231	3358	1231	1232	3	3	trialwise	1463;3268;5028	1463;3268;5028	10;21;32	29;66;58	sub-010_ses-103_task-s10;sub-010_ses-203_task-s10;sub-010_ses-304_task-s10	1463	10	29	sub-010	ses-103	task-s10	1;2;3	10;10;10
1232	3369	1232	1233	3	3	trialwise	1526;3274;5128	1526;3274;5128	10;21;32	92;72;158	sub-010_ses-103_task-s10;sub-010_ses-203_task-s10;sub-010_ses-304_task-s10	1526	10	92	sub-010	ses-103	task-s10	1;2;3	10;10;10
1233	3399	1233	1234	3	3	trialwise	1642;3494;5283	1642;3494;5283	11;22;33	41;125;146	sub-010_ses-103_task-s11;sub-010_ses-203_task-s11;sub-010_ses-303_task-s11	1642	11	41	sub-010	ses-103	task-s11	1;2;3	11;11;11
1234	3402	1234	1235	3	3	trialwise	1577;3280;4974	1577;3280;4974	10;21;32	143;78;4	sub-010_ses-103_task-s10;sub-010_ses-203_task-s10;sub-010_ses-304_task-s10	1577	10	143	sub-010	ses-103	task-s10	1;2;3	10;10;10
1235	3431	1235	1236	3	3	trialwise	1749;3430;5250	1749;3430;5250	11;22;33	148;61;113	sub-010_ses-103_task-s11;sub-010_ses-203_task-s11;sub-010_ses-303_task-s11	1749	11	148	sub-010	ses-103	task-s11	1;2;3	11;11;11
1236	3445	1236	1237	3	3	trialwise	1658;3445;5147	1658;3445;5147	11;22;33	57;76;10	sub-010_ses-103_task-s11;sub-010_ses-203_task-s11;sub-010_ses-303_task-s11	1658	11	57	sub-010	ses-103	task-s11	1;2;3	11;11;11
1237	3471	1237	1238	3	3	trialwise	1650;3475;5285	1650;3475;5285	11;22;33	49;106;148	sub-010_ses-103_task-s11;sub-010_ses-203_task-s11;sub-010_ses-303_task-s11	1650	11	49	sub-010	ses-103	task-s11	1;2;3	11;11;11
1238	3503	1238	1239	3	3	trialwise	1380;3054;4845	1380;3054;4845	9;20;31	113;19;42	sub-010_ses-103_task-s9;sub-010_ses-203_task-s9;sub-010_ses-303_task-s9	1380	9	113	sub-010	ses-103	task-s9	1;2;3	9;9;9
1239	3517	1239	1240	3	3	trialwise	1383;3096;4862	1383;3096;4862	9;20;31	116;61;59	sub-010_ses-103_task-s9;sub-010_ses-203_task-s9;sub-010_ses-303_task-s9	1383	9	116	sub-010	ses-103	task-s9	1;2;3	9;9;9
1240	3528	1240	1241	3	3	trialwise	1600;3244;5046	1600;3244;5046	10;21;32	166;42;76	sub-010_ses-103_task-s10;sub-010_ses-203_task-s10;sub-010_ses-304_task-s10	1600	10	166	sub-010	ses-103	task-s10	1;2;3	10;10;10
1241	3539	1241	1242	3	3	trialwise	1349;3050;4965	1349;3050;4965	9;20;31	82;15;162	sub-010_ses-103_task-s9;sub-010_ses-203_task-s9;sub-010_ses-303_task-s9	1349	9	82	sub-010	ses-103	task-s9	1;2;3	9;9;9
1242	3564	1242	1243	3	3	trialwise	1598;3277;5037	1598;3277;5037	10;21;32	164;75;67	sub-010_ses-103_task-s10;sub-010_ses-203_task-s10;sub-010_ses-304_task-s10	1598	10	164	sub-010	ses-103	task-s10	1;2;3	10;10;10
1243	3582	1243	1244	3	3	trialwise	1461;3313;5094	1461;3313;5094	10;21;32	27;111;124	sub-010_ses-103_task-s10;sub-010_ses-203_task-s10;sub-010_ses-304_task-s10	1461	10	27	sub-010	ses-103	task-s10	1;2;3	10;10;10
1244	3607	1244	1245	3	3	trialwise	1485;3288;5100	1485;3288;5100	10;21;32	51;86;130	sub-010_ses-103_task-s10;sub-010_ses-203_task-s10;sub-010_ses-304_task-s10	1485	10	51	sub-010	ses-103	task-s10	1;2;3	10;10;10
1245	3628	1245	1246	3	3	trialwise	1495;3230;5008	1495;3230;5008	10;21;32	61;28;38	sub-010_ses-103_task-s10;sub-010_ses-203_task-s10;sub-010_ses-304_task-s10	1495	10	61	sub-010	ses-103	task-s10	1;2;3	10;10;10
1246	3657	1246	1247	3	3	trialwise	1493;3242;5054	1493;3242;5054	10;21;32	59;40;84	sub-010_ses-103_task-s10;sub-010_ses-203_task-s10;sub-010_ses-304_task-s10	1493	10	59	sub-010	ses-103	task-s10	1;2;3	10;10;10
1247	3659	1247	1248	3	3	trialwise	1618;3401;5142	1618;3401;5142	11;22;33	17;32;5	sub-010_ses-103_task-s11;sub-010_ses-203_task-s11;sub-010_ses-303_task-s11	1618	11	17	sub-010	ses-103	task-s11	1;2;3	11;11;11
1248	3705	1248	1249	3	3	trialwise	1674;3527;5170	1674;3527;5170	11;22;33	73;158;33	sub-010_ses-103_task-s11;sub-010_ses-203_task-s11;sub-010_ses-303_task-s11	1674	11	73	sub-010	ses-103	task-s11	1;2;3	11;11;11
1249	3715	1249	1250	3	3	trialwise	1351;3102;4871	1351;3102;4871	9;20;31	84;67;68	sub-010_ses-103_task-s9;sub-010_ses-203_task-s9;sub-010_ses-303_task-s9	1351	9	84	sub-010	ses-103	task-s9	1;2;3	9;9;9
1250	3724	1250	1251	3	3	trialwise	1722;3501;5145	1722;3501;5145	11;22;33	121;132;8	sub-010_ses-103_task-s11;sub-010_ses-203_task-s11;sub-010_ses-303_task-s11	1722	11	121	sub-010	ses-103	task-s11	1;2;3	11;11;11
1251	3746	1251	1252	3	3	trialwise	1432;3076;4886	1432;3076;4886	9;20;31	165;41;83	sub-010_ses-103_task-s9;sub-010_ses-203_task-s9;sub-010_ses-303_task-s9	1432	9	165	sub-010	ses-103	task-s9	1;2;3	9;9;9
1252	3762	1252	1253	3	3	trialwise	1483;3218;5048	1483;3218;5048	10;21;32	49;16;78	sub-010_ses-103_task-s10;sub-010_ses-203_task-s10;sub-010_ses-304_task-s10	1483	10	49	sub-010	ses-103	task-s10	1;2;3	10;10;10
1253	3794	1253	1254	3	3	trialwise	1611;3398;5185	1611;3398;5185	11;22;33	10;29;48	sub-010_ses-103_task-s11;sub-010_ses-203_task-s11;sub-010_ses-303_task-s11	1611	11	10	sub-010	ses-103	task-s11	1;2;3	11;11;11
1254	3828	1254	1255	3	3	trialwise	1501;3329;5075	1501;3329;5075	10;21;32	67;127;105	sub-010_ses-103_task-s10;sub-010_ses-203_task-s10;sub-010_ses-304_task-s10	1501	10	67	sub-010	ses-103	task-s10	1;2;3	10;10;10
1255	3833	1255	1256	3	3	trialwise	1613;3491;5236	1613;3491;5236	11;22;33	12;122;99	sub-010_ses-103_task-s11;sub-010_ses-203_task-s11;sub-010_ses-303_task-s11	1613	11	12	sub-010	ses-103	task-s11	1;2;3	11;11;11
1256	3866	1256	1257	3	3	trialwise	1434;3053;4877	1434;3053;4877	9;20;31	167;18;74	sub-010_ses-103_task-s9;sub-010_ses-203_task-s9;sub-010_ses-303_task-s9	1434	9	167	sub-010	ses-103	task-s9	1;2;3	9;9;9
1257	3869	1257	1258	3	3	trialwise	1585;3273;5086	1585;3273;5086	10;21;32	151;71;116	sub-010_ses-103_task-s10;sub-010_ses-203_task-s10;sub-010_ses-304_task-s10	1585	10	151	sub-010	ses-103	task-s10	1;2;3	10;10;10
1258	3881	1258	1259	3	3	trialwise	1452;3282;5091	1452;3282;5091	10;21;32	18;80;121	sub-010_ses-103_task-s10;sub-010_ses-203_task-s10;sub-010_ses-304_task-s10	1452	10	18	sub-010	ses-103	task-s10	1;2;3	10;10;10
1259	3906	1259	1260	3	3	trialwise	1538;3321;5023	1538;3321;5023	10;21;32	104;119;53	sub-010_ses-103_task-s10;sub-010_ses-203_task-s10;sub-010_ses-304_task-s10	1538	10	104	sub-010	ses-103	task-s10	1;2;3	10;10;10
1260	3934	1260	1261	3	3	trialwise	1605;3499;5245	1605;3499;5245	11;22;33	4;130;108	sub-010_ses-103_task-s11;sub-010_ses-203_task-s11;sub-010_ses-303_task-s11	1605	11	4	sub-010	ses-103	task-s11	1;2;3	11;11;11
1261	3946	1261	1262	3	3	trialwise	1424;3069;4932	1424;3069;4932	9;20;31	157;34;129	sub-010_ses-103_task-s9;sub-010_ses-203_task-s9;sub-010_ses-303_task-s9	1424	9	157	sub-010	ses-103	task-s9	1;2;3	9;9;9
1262	3983	1262	1263	3	3	trialwise	1621;3438;5270	1621;3438;5270	11;22;33	20;69;133	sub-010_ses-103_task-s11;sub-010_ses-203_task-s11;sub-010_ses-303_task-s11	1621	11	20	sub-010	ses-103	task-s11	1;2;3	11;11;11
1263	3996	1263	1264	3	3	trialwise	1478;3332;5081	1478;3332;5081	10;21;32	44;130;111	sub-010_ses-103_task-s10;sub-010_ses-203_task-s10;sub-010_ses-304_task-s10	1478	10	44	sub-010	ses-103	task-s10	1;2;3	10;10;10
1264	4019	1264	1265	3	3	trialwise	1339;3123;4861	1339;3123;4861	9;20;31	72;88;58	sub-010_ses-103_task-s9;sub-010_ses-203_task-s9;sub-010_ses-303_task-s9	1339	9	72	sub-010	ses-103	task-s9	1;2;3	9;9;9
1265	4030	1265	1266	3	3	trialwise	1419;3202;4923	1419;3202;4923	9;20;31	152;167;120	sub-010_ses-103_task-s9;sub-010_ses-203_task-s9;sub-010_ses-303_task-s9	1419	9	152	sub-010	ses-103	task-s9	1;2;3	9;9;9
1266	4066	1266	1267	3	3	trialwise	1686;3428;5165	1686;3428;5165	11;22;33	85;59;28	sub-010_ses-103_task-s11;sub-010_ses-203_task-s11;sub-010_ses-303_task-s11	1686	11	85	sub-010	ses-103	task-s11	1;2;3	11;11;11
1267	4071	1267	1268	3	3	trialwise	1468;3364;5077	1468;3364;5077	10;21;32	34;162;107	sub-010_ses-103_task-s10;sub-010_ses-203_task-s10;sub-010_ses-304_task-s10	1468	10	34	sub-010	ses-103	task-s10	1;2;3	10;10;10
1268	4109	1268	1269	3	3	trialwise	1716;3531;5291	1716;3531;5291	11;22;33	115;162;154	sub-010_ses-103_task-s11;sub-010_ses-203_task-s11;sub-010_ses-303_task-s11	1716	11	115	sub-010	ses-103	task-s11	1;2;3	11;11;11
1269	4113	1269	1270	3	3	trialwise	1308;3186;4824	1308;3186;4824	9;20;31	41;151;21	sub-010_ses-103_task-s9;sub-010_ses-203_task-s9;sub-010_ses-303_task-s9	1308	9	41	sub-010	ses-103	task-s9	1;2;3	9;9;9
1270	4136	1270	1271	3	3	trialwise	1336;3044;4835	1336;3044;4835	9;20;31	69;9;32	sub-010_ses-103_task-s9;sub-010_ses-203_task-s9;sub-010_ses-303_task-s9	1336	9	69	sub-010	ses-103	task-s9	1;2;3	9;9;9
1271	4146	1271	1272	3	3	trialwise	1508;3257;5003	1508;3257;5003	10;21;32	74;55;33	sub-010_ses-103_task-s10;sub-010_ses-203_task-s10;sub-010_ses-304_task-s10	1508	10	74	sub-010	ses-103	task-s10	1;2;3	10;10;10
1272	4182	1272	1273	3	3	trialwise	1347;3122;4821	1347;3122;4821	9;20;31	80;87;18	sub-010_ses-103_task-s9;sub-010_ses-203_task-s9;sub-010_ses-303_task-s9	1347	9	80	sub-010	ses-103	task-s9	1;2;3	9;9;9
1273	4184	1273	1274	3	3	trialwise	1661;3400;5238	1661;3400;5238	11;22;33	60;31;101	sub-010_ses-103_task-s11;sub-010_ses-203_task-s11;sub-010_ses-303_task-s11	1661	11	60	sub-010	ses-103	task-s11	1;2;3	11;11;11
1274	4211	1274	1275	3	3	trialwise	1568;3264;4989	1568;3264;4989	10;21;32	134;62;19	sub-010_ses-103_task-s10;sub-010_ses-203_task-s10;sub-010_ses-304_task-s10	1568	10	134	sub-010	ses-103	task-s10	1;2;3	10;10;10
1275	4219	1275	1276	3	3	trialwise	1451;3354;5056	1451;3354;5056	10;21;32	17;152;86	sub-010_ses-103_task-s10;sub-010_ses-203_task-s10;sub-010_ses-304_task-s10	1451	10	17	sub-010	ses-103	task-s10	1;2;3	10;10;10
1276	4254	1276	1277	3	3	trialwise	1755;3386;5215	1755;3386;5215	11;22;33	154;17;78	sub-010_ses-103_task-s11;sub-010_ses-203_task-s11;sub-010_ses-303_task-s11	1755	11	154	sub-010	ses-103	task-s11	1;2;3	11;11;11
1277	4262	1277	1278	3	3	trialwise	1329;3121;4878	1329;3121;4878	9;20;31	62;86;75	sub-010_ses-103_task-s9;sub-010_ses-203_task-s9;sub-010_ses-303_task-s9	1329	9	62	sub-010	ses-103	task-s9	1;2;3	9;9;9
1278	4308	1278	1279	3	3	trialwise	1592;3210;5133	1592;3210;5133	10;21;32	158;8;163	sub-010_ses-103_task-s10;sub-010_ses-203_task-s10;sub-010_ses-304_task-s10	1592	10	158	sub-010	ses-103	task-s10	1;2;3	10;10;10
1279	4311	1279	1280	3	3	trialwise	1423;3148;4902	1423;3148;4902	9;20;31	156;113;99	sub-010_ses-103_task-s9;sub-010_ses-203_task-s9;sub-010_ses-303_task-s9	1423	9	156	sub-010	ses-103	task-s9	1;2;3	9;9;9
1280	4354	1280	1281	3	3	trialwise	1694;3454;5151	1694;3454;5151	11;22;33	93;85;14	sub-010_ses-103_task-s11;sub-010_ses-203_task-s11;sub-010_ses-303_task-s11	1694	11	93	sub-010	ses-103	task-s11	1;2;3	11;11;11
1281	4358	1281	1282	3	3	trialwise	1366;3115;4818	1366;3115;4818	9;20;31	99;80;15	sub-010_ses-103_task-s9;sub-010_ses-203_task-s9;sub-010_ses-303_task-s9	1366	9	99	sub-010	ses-103	task-s9	1;2;3	9;9;9
1282	4381	1282	1283	3	3	trialwise	1697;3411;5240	1697;3411;5240	11;22;33	96;42;103	sub-010_ses-103_task-s11;sub-010_ses-203_task-s11;sub-010_ses-303_task-s11	1697	11	96	sub-010	ses-103	task-s11	1;2;3	11;11;11
1283	4392	1283	1284	3	3	trialwise	1355;3043;4851	1355;3043;4851	9;20;31	88;8;48	sub-010_ses-103_task-s9;sub-010_ses-203_task-s9;sub-010_ses-303_task-s9	1355	9	88	sub-010	ses-103	task-s9	1;2;3	9;9;9
1284	4438	1284	1285	3	3	trialwise	1337;3167;4953	1337;3167;4953	9;20;31	70;132;150	sub-010_ses-103_task-s9;sub-010_ses-203_task-s9;sub-010_ses-303_task-s9	1337	9	70	sub-010	ses-103	task-s9	1;2;3	9;9;9
1285	4440	1285	1286	3	3	trialwise	1445;3263;5031	1445;3263;5031	10;21;32	11;61;61	sub-010_ses-103_task-s10;sub-010_ses-203_task-s10;sub-010_ses-304_task-s10	1445	10	11	sub-010	ses-103	task-s10	1;2;3	10;10;10
1286	4458	1286	1287	3	3	trialwise	1509;3310;5070	1509;3310;5070	10;21;32	75;108;100	sub-010_ses-103_task-s10;sub-010_ses-203_task-s10;sub-010_ses-304_task-s10	1509	10	75	sub-010	ses-103	task-s10	1;2;3	10;10;10
1287	4462	1287	1288	3	3	trialwise	1280;3143;4898	1280;3143;4898	9;20;31	13;108;95	sub-010_ses-103_task-s9;sub-010_ses-203_task-s9;sub-010_ses-303_task-s9	1280	9	13	sub-010	ses-103	task-s9	1;2;3	9;9;9
1288	4482	1288	1289	3	3	trialwise	1300;3047;4945	1300;3047;4945	9;20;31	33;12;142	sub-010_ses-103_task-s9;sub-010_ses-203_task-s9;sub-010_ses-303_task-s9	1300	9	33	sub-010	ses-103	task-s9	1;2;3	9;9;9
1289	4516	1289	1290	3	3	trialwise	1608;3448;5191	1608;3448;5191	11;22;33	7;79;54	sub-010_ses-103_task-s11;sub-010_ses-203_task-s11;sub-010_ses-303_task-s11	1608	11	7	sub-010	ses-103	task-s11	1;2;3	11;11;11
1290	4536	1290	1291	3	3	trialwise	1765;3395;5239	1765;3395;5239	11;22;33	164;26;102	sub-010_ses-103_task-s11;sub-010_ses-203_task-s11;sub-010_ses-303_task-s11	1765	11	164	sub-010	ses-103	task-s11	1;2;3	11;11;11
1291	4553	1291	1292	3	3	trialwise	1726;3403;5265	1726;3403;5265	11;22;33	125;34;128	sub-010_ses-103_task-s11;sub-010_ses-203_task-s11;sub-010_ses-303_task-s11	1726	11	125	sub-010	ses-103	task-s11	1;2;3	11;11;11
1292	4564	1292	1293	3	3	trialwise	1472;3214;5010	1472;3214;5010	10;21;32	38;12;40	sub-010_ses-103_task-s10;sub-010_ses-203_task-s10;sub-010_ses-304_task-s10	1472	10	38	sub-010	ses-103	task-s10	1;2;3	10;10;10
1293	4597	1293	1294	3	3	trialwise	1487;3228;5089	1487;3228;5089	10;21;32	53;26;119	sub-010_ses-103_task-s10;sub-010_ses-203_task-s10;sub-010_ses-304_task-s10	1487	10	53	sub-010	ses-103	task-s10	1;2;3	10;10;10
1294	4624	1294	1295	3	3	trialwise	1326;3141;4910	1326;3141;4910	9;20;31	59;106;107	sub-010_ses-103_task-s9;sub-010_ses-203_task-s9;sub-010_ses-303_task-s9	1326	9	59	sub-010	ses-103	task-s9	1;2;3	9;9;9
1295	4640	1295	1296	3	3	trialwise	1690;3465;5157	1690;3465;5157	11;22;33	89;96;20	sub-010_ses-103_task-s11;sub-010_ses-203_task-s11;sub-010_ses-303_task-s11	1690	11	89	sub-010	ses-103	task-s11	1;2;3	11;11;11
1296	4646	1296	1297	3	3	trialwise	1449;3275;5018	1449;3275;5018	10;21;32	15;73;48	sub-010_ses-103_task-s10;sub-010_ses-203_task-s10;sub-010_ses-304_task-s10	1449	10	15	sub-010	ses-103	task-s10	1;2;3	10;10;10
1297	4674	1297	1298	3	3	trialwise	1629;3496;5210	1629;3496;5210	11;22;33	28;127;73	sub-010_ses-103_task-s11;sub-010_ses-203_task-s11;sub-010_ses-303_task-s11	1629	11	28	sub-010	ses-103	task-s11	1;2;3	11;11;11
1298	4686	1298	1299	3	3	trialwise	1375;3108;4882	1375;3108;4882	9;20;31	108;73;79	sub-010_ses-103_task-s9;sub-010_ses-203_task-s9;sub-010_ses-303_task-s9	1375	9	108	sub-010	ses-103	task-s9	1;2;3	9;9;9
1299	4692	1299	1300	3	3	trialwise	1371;3085;4826	1371;3085;4826	9;20;31	104;50;23	sub-010_ses-103_task-s9;sub-010_ses-203_task-s9;sub-010_ses-303_task-s9	1371	9	104	sub-010	ses-103	task-s9	1;2;3	9;9;9
1300	4737	1300	1301	3	3	trialwise	1705;3382;5177	1705;3382;5177	11;22;33	104;13;40	sub-010_ses-103_task-s11;sub-010_ses-203_task-s11;sub-010_ses-303_task-s11	1705	11	104	sub-010	ses-103	task-s11	1;2;3	11;11;11
1301	4749	1301	1302	3	3	trialwise	1390;3036;4943	1390;3036;4943	9;20;31	123;1;140	sub-010_ses-103_task-s9;sub-010_ses-203_task-s9;sub-010_ses-303_task-s9	1390	9	123	sub-010	ses-103	task-s9	1;2;3	9;9;9
1302	4764	1302	1303	3	3	trialwise	1345;3187;4867	1345;3187;4867	9;20;31	78;152;64	sub-010_ses-103_task-s9;sub-010_ses-203_task-s9;sub-010_ses-303_task-s9	1345	9	78	sub-010	ses-103	task-s9	1;2;3	9;9;9
1303	4770	1303	1304	3	3	trialwise	1382;3082;4957	1382;3082;4957	9;20;31	115;47;154	sub-010_ses-103_task-s9;sub-010_ses-203_task-s9;sub-010_ses-303_task-s9	1382	9	115	sub-010	ses-103	task-s9	1;2;3	9;9;9
1304	4816	1304	1305	3	3	trialwise	1691;3455;5256	1691;3455;5256	11;22;33	90;86;119	sub-010_ses-103_task-s11;sub-010_ses-203_task-s11;sub-010_ses-303_task-s11	1691	11	90	sub-010	ses-103	task-s11	1;2;3	11;11;11
1305	4825	1305	1306	3	3	trialwise	1466;3256;5057	1466;3256;5057	10;21;32	32;54;87	sub-010_ses-103_task-s10;sub-010_ses-203_task-s10;sub-010_ses-304_task-s10	1466	10	32	sub-010	ses-103	task-s10	1;2;3	10;10;10
1306	4853	1306	1307	3	3	trialwise	1729;3376;5188	1729;3376;5188	11;22;33	128;7;51	sub-010_ses-103_task-s11;sub-010_ses-203_task-s11;sub-010_ses-303_task-s11	1729	11	128	sub-010	ses-103	task-s11	1;2;3	11;11;11
1307	4859	1307	1308	3	3	trialwise	1268;3107;4931	1268;3107;4931	9;20;31	1;72;128	sub-010_ses-103_task-s9;sub-010_ses-203_task-s9;sub-010_ses-303_task-s9	1268	9	1	sub-010	ses-103	task-s9	1;2;3	9;9;9
1308	4906	1308	1309	3	3	trialwise	1739;3461;5201	1739;3461;5201	11;22;33	138;92;64	sub-010_ses-103_task-s11;sub-010_ses-203_task-s11;sub-010_ses-303_task-s11	1739	11	138	sub-010	ses-103	task-s11	1;2;3	11;11;11
1309	4912	1309	1310	3	3	trialwise	1316;3105;4857	1316;3105;4857	9;20;31	49;70;54	sub-010_ses-103_task-s9;sub-010_ses-203_task-s9;sub-010_ses-303_task-s9	1316	9	49	sub-010	ses-103	task-s9	1;2;3	9;9;9
1310	4945	1310	1311	3	3	trialwise	1363;3191;4933	1363;3191;4933	9;20;31	96;156;130	sub-010_ses-103_task-s9;sub-010_ses-203_task-s9;sub-010_ses-303_task-s9	1363	9	96	sub-010	ses-103	task-s9	1;2;3	9;9;9
1311	4947	1311	1312	3	3	trialwise	1531;3221;5084	1531;3221;5084	10;21;32	97;19;114	sub-010_ses-103_task-s10;sub-010_ses-203_task-s10;sub-010_ses-304_task-s10	1531	10	97	sub-010	ses-103	task-s10	1;2;3	10;10;10
1312	4966	1312	1313	3	3	trialwise	1639;3417;5242	1639;3417;5242	11;22;33	38;48;105	sub-010_ses-103_task-s11;sub-010_ses-203_task-s11;sub-010_ses-303_task-s11	1639	11	38	sub-010	ses-103	task-s11	1;2;3	11;11;11
1313	4978	1313	1314	3	3	trialwise	1594;3302;5114	1594;3302;5114	10;21;32	160;100;144	sub-010_ses-103_task-s10;sub-010_ses-203_task-s10;sub-010_ses-304_task-s10	1594	10	160	sub-010	ses-103	task-s10	1;2;3	10;10;10
1314	5009	1314	1315	3	3	trialwise	1459;3341;5131	1459;3341;5131	10;21;32	25;139;161	sub-010_ses-103_task-s10;sub-010_ses-203_task-s10;sub-010_ses-304_task-s10	1459	10	25	sub-010	ses-103	task-s10	1;2;3	10;10;10
1315	5018	1315	1316	3	3	trialwise	1706;3427;5229	1706;3427;5229	11;22;33	105;58;92	sub-010_ses-103_task-s11;sub-010_ses-203_task-s11;sub-010_ses-303_task-s11	1706	11	105	sub-010	ses-103	task-s11	1;2;3	11;11;11
1316	5043	1316	1317	3	3	trialwise	1401;3169;4869	1401;3169;4869	9;20;31	134;134;66	sub-010_ses-103_task-s9;sub-010_ses-203_task-s9;sub-010_ses-303_task-s9	1401	9	134	sub-010	ses-103	task-s9	1;2;3	9;9;9
1317	5062	1317	1318	3	3	trialwise	1612;3476;5208	1612;3476;5208	11;22;33	11;107;71	sub-010_ses-103_task-s11;sub-010_ses-203_task-s11;sub-010_ses-303_task-s11	1612	11	11	sub-010	ses-103	task-s11	1;2;3	11;11;11
1318	5091	1318	1319	3	3	trialwise	1721;3518;5190	1721;3518;5190	11;22;33	120;149;53	sub-010_ses-103_task-s11;sub-010_ses-203_task-s11;sub-010_ses-303_task-s11	1721	11	120	sub-010	ses-103	task-s11	1;2;3	11;11;11
1319	5110	1319	1320	3	3	trialwise	1397;3196;4930	1397;3196;4930	9;20;31	130;161;127	sub-010_ses-103_task-s9;sub-010_ses-203_task-s9;sub-010_ses-303_task-s9	1397	9	130	sub-010	ses-103	task-s9	1;2;3	9;9;9
1320	5151	1320	1321	3	3	trialwise	1570;3369;5063	1570;3369;5063	10;21;32	136;167;93	sub-010_ses-103_task-s10;sub-010_ses-203_task-s10;sub-010_ses-304_task-s10	1570	10	136	sub-010	ses-103	task-s10	1;2;3	10;10;10
1321	5157	1321	1322	3	3	trialwise	1741;3447;5302	1741;3447;5302	11;22;33	140;78;165	sub-010_ses-103_task-s11;sub-010_ses-203_task-s11;sub-010_ses-303_task-s11	1741	11	140	sub-010	ses-103	task-s11	1;2;3	11;11;11
1322	5176	1322	1323	3	3	trialwise	1655;3525;5192	1655;3525;5192	11;22;33	54;156;55	sub-010_ses-103_task-s11;sub-010_ses-203_task-s11;sub-010_ses-303_task-s11	1655	11	54	sub-010	ses-103	task-s11	1;2;3	11;11;11
1323	5186	1323	1324	3	3	trialwise	1480;3206;4995	1480;3206;4995	10;21;32	46;4;25	sub-010_ses-103_task-s10;sub-010_ses-203_task-s10;sub-010_ses-304_task-s10	1480	10	46	sub-010	ses-103	task-s10	1;2;3	10;10;10
1324	5214	1324	1325	3	3	trialwise	1460;3211;4999	1460;3211;4999	10;21;32	26;9;29	sub-010_ses-103_task-s10;sub-010_ses-203_task-s10;sub-010_ses-304_task-s10	1460	10	26	sub-010	ses-103	task-s10	1;2;3	10;10;10
1325	5235	1325	1326	3	3	trialwise	1572;3296;5019	1572;3296;5019	10;21;32	138;94;49	sub-010_ses-103_task-s10;sub-010_ses-203_task-s10;sub-010_ses-304_task-s10	1572	10	138	sub-010	ses-103	task-s10	1;2;3	10;10;10
1326	5247	1326	1327	3	3	trialwise	1742;3373;5193	1742;3373;5193	11;22;33	141;4;56	sub-010_ses-103_task-s11;sub-010_ses-203_task-s11;sub-010_ses-303_task-s11	1742	11	141	sub-010	ses-103	task-s11	1;2;3	11;11;11
1327	5280	1327	1328	3	3	trialwise	1411;3159;4907	1411;3159;4907	9;20;31	144;124;104	sub-010_ses-103_task-s9;sub-010_ses-203_task-s9;sub-010_ses-303_task-s9	1411	9	144	sub-010	ses-103	task-s9	1;2;3	9;9;9
1328	5295	1328	1329	3	3	trialwise	1462;3300;5109	1462;3300;5109	10;21;32	28;98;139	sub-010_ses-103_task-s10;sub-010_ses-203_task-s10;sub-010_ses-304_task-s10	1462	10	28	sub-010	ses-103	task-s10	1;2;3	10;10;10
1329	5313	1329	1330	3	3	trialwise	1752;3446;5144	1752;3446;5144	11;22;33	151;77;7	sub-010_ses-103_task-s11;sub-010_ses-203_task-s11;sub-010_ses-303_task-s11	1752	11	151	sub-010	ses-103	task-s11	1;2;3	11;11;11
1330	5330	1330	1331	3	3	trialwise	1448;3219;5017	1448;3219;5017	10;21;32	14;17;47	sub-010_ses-103_task-s10;sub-010_ses-203_task-s10;sub-010_ses-304_task-s10	1448	10	14	sub-010	ses-103	task-s10	1;2;3	10;10;10
1331	5336	1331	1332	3	3	trialwise	1565;3301;5103	1565;3301;5103	10;21;32	131;99;133	sub-010_ses-103_task-s10;sub-010_ses-203_task-s10;sub-010_ses-304_task-s10	1565	10	131	sub-010	ses-103	task-s10	1;2;3	10;10;10
1332	5367	1332	1333	3	3	trialwise	1699;3484;5148	1699;3484;5148	11;22;33	98;115;11	sub-010_ses-103_task-s11;sub-010_ses-203_task-s11;sub-010_ses-303_task-s11	1699	11	98	sub-010	ses-103	task-s11	1;2;3	11;11;11
1333	5368	1333	1334	3	3	trialwise	1714;3437;5209	1714;3437;5209	11;22;33	113;68;72	sub-010_ses-103_task-s11;sub-010_ses-203_task-s11;sub-010_ses-303_task-s11	1714	11	113	sub-010	ses-103	task-s11	1;2;3	11;11;11
1334	5409	1334	1335	3	3	trialwise	1373;3130;4887	1373;3130;4887	9;20;31	106;95;84	sub-010_ses-103_task-s9;sub-010_ses-203_task-s9;sub-010_ses-303_task-s9	1373	9	106	sub-010	ses-103	task-s9	1;2;3	9;9;9
1335	5426	1335	1336	3	3	trialwise	1387;3156;4825	1387;3156;4825	9;20;31	120;121;22	sub-010_ses-103_task-s9;sub-010_ses-203_task-s9;sub-010_ses-303_task-s9	1387	9	120	sub-010	ses-103	task-s9	1;2;3	9;9;9
1336	5443	1336	1337	3	3	trialwise	1604;3450;5255	1604;3450;5255	11;22;33	3;81;118	sub-010_ses-103_task-s11;sub-010_ses-203_task-s11;sub-010_ses-303_task-s11	1604	11	3	sub-010	ses-103	task-s11	1;2;3	11;11;11
1337	5448	1337	1338	3	3	trialwise	1357;3073;4888	1357;3073;4888	9;20;31	90;38;85	sub-010_ses-103_task-s9;sub-010_ses-203_task-s9;sub-010_ses-303_task-s9	1357	9	90	sub-010	ses-103	task-s9	1;2;3	9;9;9
1338	5497	1338	1339	3	3	trialwise	1764;3506;5301	1764;3506;5301	11;22;33	163;137;164	sub-010_ses-103_task-s11;sub-010_ses-203_task-s11;sub-010_ses-303_task-s11	1764	11	163	sub-010	ses-103	task-s11	1;2;3	11;11;11
1339	5510	1339	1340	3	3	trialwise	1551;3227;5015	1551;3227;5015	10;21;32	117;25;45	sub-010_ses-103_task-s10;sub-010_ses-203_task-s10;sub-010_ses-304_task-s10	1551	10	117	sub-010	ses-103	task-s10	1;2;3	10;10;10
1340	5547	1340	1341	3	3	trialwise	1407;3098;4858	1407;3098;4858	9;20;31	140;63;55	sub-010_ses-103_task-s9;sub-010_ses-203_task-s9;sub-010_ses-303_task-s9	1407	9	140	sub-010	ses-103	task-s9	1;2;3	9;9;9
1341	5557	1341	1342	3	3	trialwise	1601;3232;5123	1601;3232;5123	10;21;32	167;30;153	sub-010_ses-103_task-s10;sub-010_ses-203_task-s10;sub-010_ses-304_task-s10	1601	10	167	sub-010	ses-103	task-s10	1;2;3	10;10;10
1342	5575	1342	1343	3	3	trialwise	1370;3080;4836	1370;3080;4836	9;20;31	103;45;33	sub-010_ses-103_task-s9;sub-010_ses-203_task-s9;sub-010_ses-303_task-s9	1370	9	103	sub-010	ses-103	task-s9	1;2;3	9;9;9
1343	5583	1343	1344	3	3	trialwise	1762;3466;5231	1762;3466;5231	11;22;33	161;97;94	sub-010_ses-103_task-s11;sub-010_ses-203_task-s11;sub-010_ses-303_task-s11	1762	11	161	sub-010	ses-103	task-s11	1;2;3	11;11;11
1344	5610	1344	1345	3	3	trialwise	1753;3468;5180	1753;3468;5180	11;22;33	152;99;43	sub-010_ses-103_task-s11;sub-010_ses-203_task-s11;sub-010_ses-303_task-s11	1753	11	152	sub-010	ses-103	task-s11	1;2;3	11;11;11
1345	5633	1345	1346	3	3	trialwise	1471;3327;5032	1471;3327;5032	10;21;32	37;125;62	sub-010_ses-103_task-s10;sub-010_ses-203_task-s10;sub-010_ses-304_task-s10	1471	10	37	sub-010	ses-103	task-s10	1;2;3	10;10;10
1346	5644	1346	1347	3	3	trialwise	1276;3111;4964	1276;3111;4964	9;20;31	9;76;161	sub-010_ses-103_task-s9;sub-010_ses-203_task-s9;sub-010_ses-303_task-s9	1276	9	9	sub-010	ses-103	task-s9	1;2;3	9;9;9
1347	5671	1347	1348	3	3	trialwise	1321;3153;4868	1321;3153;4868	9;20;31	54;118;65	sub-010_ses-103_task-s9;sub-010_ses-203_task-s9;sub-010_ses-303_task-s9	1321	9	54	sub-010	ses-103	task-s9	1;2;3	9;9;9
1348	5689	1348	1349	3	3	trialwise	1440;3247;5009	1440;3247;5009	10;21;32	6;45;39	sub-010_ses-103_task-s10;sub-010_ses-203_task-s10;sub-010_ses-304_task-s10	1440	10	6	sub-010	ses-103	task-s10	1;2;3	10;10;10
1349	5718	1349	1350	3	3	trialwise	1648;3384;5254	1648;3384;5254	11;22;33	47;15;117	sub-010_ses-103_task-s11;sub-010_ses-203_task-s11;sub-010_ses-303_task-s11	1648	11	47	sub-010	ses-103	task-s11	1;2;3	11;11;11
1350	5722	1350	1351	3	3	trialwise	1728;3478;5172	1728;3478;5172	11;22;33	127;109;35	sub-010_ses-103_task-s11;sub-010_ses-203_task-s11;sub-010_ses-303_task-s11	1728	11	127	sub-010	ses-103	task-s11	1;2;3	11;11;11
1351	5749	1351	1352	3	3	trialwise	1447;3262;5016	1447;3262;5016	10;21;32	13;60;46	sub-010_ses-103_task-s10;sub-010_ses-203_task-s10;sub-010_ses-304_task-s10	1447	10	13	sub-010	ses-103	task-s10	1;2;3	10;10;10
1352	5780	1352	1353	3	3	trialwise	1628;3502;5248	1628;3502;5248	11;22;33	27;133;111	sub-010_ses-103_task-s11;sub-010_ses-203_task-s11;sub-010_ses-303_task-s11	1628	11	27	sub-010	ses-103	task-s11	1;2;3	11;11;11
1353	5798	1353	1354	3	3	trialwise	1745;3535;5202	1745;3535;5202	11;22;33	144;166;65	sub-010_ses-103_task-s11;sub-010_ses-203_task-s11;sub-010_ses-303_task-s11	1745	11	144	sub-010	ses-103	task-s11	1;2;3	11;11;11
1354	5816	1354	1355	3	3	trialwise	1402;3181;4864	1402;3181;4864	9;20;31	135;146;61	sub-010_ses-103_task-s9;sub-010_ses-203_task-s9;sub-010_ses-303_task-s9	1402	9	135	sub-010	ses-103	task-s9	1;2;3	9;9;9
1355	5838	1355	1356	3	3	trialwise	1630;3462;5176	1630;3462;5176	11;22;33	29;93;39	sub-010_ses-103_task-s11;sub-010_ses-203_task-s11;sub-010_ses-303_task-s11	1630	11	29	sub-010	ses-103	task-s11	1;2;3	11;11;11
1356	5845	1356	1357	3	3	trialwise	1273;3165;4846	1273;3165;4846	9;20;31	6;130;43	sub-010_ses-103_task-s9;sub-010_ses-203_task-s9;sub-010_ses-303_task-s9	1273	9	6	sub-010	ses-103	task-s9	1;2;3	9;9;9
1357	5862	1357	1358	3	3	trialwise	1324;3157;4948	1324;3157;4948	9;20;31	57;122;145	sub-010_ses-103_task-s9;sub-010_ses-203_task-s9;sub-010_ses-303_task-s9	1324	9	57	sub-010	ses-103	task-s9	1;2;3	9;9;9
1358	5894	1358	1359	3	3	trialwise	1270;3106;4874	1270;3106;4874	9;20;31	3;71;71	sub-010_ses-103_task-s9;sub-010_ses-203_task-s9;sub-010_ses-303_task-s9	1270	9	3	sub-010	ses-103	task-s9	1;2;3	9;9;9
1359	5904	1359	1360	3	3	trialwise	1534;3260;5072	1534;3260;5072	10;21;32	100;58;102	sub-010_ses-103_task-s10;sub-010_ses-203_task-s10;sub-010_ses-304_task-s10	1534	10	100	sub-010	ses-103	task-s10	1;2;3	10;10;10
1360	5934	1360	1361	3	3	trialwise	1299;3119;4904	1299;3119;4904	9;20;31	32;84;101	sub-010_ses-103_task-s9;sub-010_ses-203_task-s9;sub-010_ses-303_task-s9	1299	9	32	sub-010	ses-103	task-s9	1;2;3	9;9;9
1361	5945	1361	1362	3	3	trialwise	1747;3435;5263	1747;3435;5263	11;22;33	146;66;126	sub-010_ses-103_task-s11;sub-010_ses-203_task-s11;sub-010_ses-303_task-s11	1747	11	146	sub-010	ses-103	task-s11	1;2;3	11;11;11
1362	5969	1362	1363	3	3	trialwise	1297;3126;4812	1297;3126;4812	9;20;31	30;91;9	sub-010_ses-103_task-s9;sub-010_ses-203_task-s9;sub-010_ses-303_task-s9	1297	9	30	sub-010	ses-103	task-s9	1;2;3	9;9;9
1363	5992	1363	1364	3	3	trialwise	1525;3254;5051	1525;3254;5051	10;21;32	91;52;81	sub-010_ses-103_task-s10;sub-010_ses-203_task-s10;sub-010_ses-304_task-s10	1525	10	91	sub-010	ses-103	task-s10	1;2;3	10;10;10
1364	6005	1364	1365	3	3	trialwise	1376;3140;4841	1376;3140;4841	9;20;31	109;105;38	sub-010_ses-103_task-s9;sub-010_ses-203_task-s9;sub-010_ses-303_task-s9	1376	9	109	sub-010	ses-103	task-s9	1;2;3	9;9;9
1365	6013	1365	1366	3	3	trialwise	1491;3224;5034	1491;3224;5034	10;21;32	57;22;64	sub-010_ses-103_task-s10;sub-010_ses-203_task-s10;sub-010_ses-304_task-s10	1491	10	57	sub-010	ses-103	task-s10	1;2;3	10;10;10
1366	6042	1366	1367	3	3	trialwise	1368;3164;4905	1368;3164;4905	9;20;31	101;129;102	sub-010_ses-103_task-s9;sub-010_ses-203_task-s9;sub-010_ses-303_task-s9	1368	9	101	sub-010	ses-103	task-s9	1;2;3	9;9;9
1367	6069	1367	1368	3	3	trialwise	1761;3394;5274	1761;3394;5274	11;22;33	160;25;137	sub-010_ses-103_task-s11;sub-010_ses-203_task-s11;sub-010_ses-303_task-s11	1761	11	160	sub-010	ses-103	task-s11	1;2;3	11;11;11
1368	6084	1368	1369	3	3	trialwise	1503;3223;5108	1503;3223;5108	10;21;32	69;21;138	sub-010_ses-103_task-s10;sub-010_ses-203_task-s10;sub-010_ses-304_task-s10	1503	10	69	sub-010	ses-103	task-s10	1;2;3	10;10;10
1369	6088	1369	1370	3	3	trialwise	1384;3195;4947	1384;3195;4947	9;20;31	117;160;144	sub-010_ses-103_task-s9;sub-010_ses-203_task-s9;sub-010_ses-303_task-s9	1384	9	117	sub-010	ses-103	task-s9	1;2;3	9;9;9
1370	6126	1370	1371	3	3	trialwise	1679;3528;5152	1679;3528;5152	11;22;33	78;159;15	sub-010_ses-103_task-s11;sub-010_ses-203_task-s11;sub-010_ses-303_task-s11	1679	11	78	sub-010	ses-103	task-s11	1;2;3	11;11;11
1371	6158	1371	1372	3	3	trialwise	1627;3526;5232	1627;3526;5232	11;22;33	26;157;95	sub-010_ses-103_task-s11;sub-010_ses-203_task-s11;sub-010_ses-303_task-s11	1627	11	26	sub-010	ses-103	task-s11	1;2;3	11;11;11
1372	6175	1372	1373	3	3	trialwise	1328;3194;4968	1328;3194;4968	9;20;31	61;159;165	sub-010_ses-103_task-s9;sub-010_ses-203_task-s9;sub-010_ses-303_task-s9	1328	9	61	sub-010	ses-103	task-s9	1;2;3	9;9;9
1373	6183	1373	1374	3	3	trialwise	1754;3377;5156	1754;3377;5156	11;22;33	153;8;19	sub-010_ses-103_task-s11;sub-010_ses-203_task-s11;sub-010_ses-303_task-s11	1754	11	153	sub-010	ses-103	task-s11	1;2;3	11;11;11
1374	6206	1374	1375	3	3	trialwise	1638;3381;5181	1638;3381;5181	11;22;33	37;12;44	sub-010_ses-103_task-s11;sub-010_ses-203_task-s11;sub-010_ses-303_task-s11	1638	11	37	sub-010	ses-103	task-s11	1;2;3	11;11;11
1375	6228	1375	1376	3	3	trialwise	1730;3390;5290	1730;3390;5290	11;22;33	129;21;153	sub-010_ses-103_task-s11;sub-010_ses-203_task-s11;sub-010_ses-303_task-s11	1730	11	129	sub-010	ses-103	task-s11	1;2;3	11;11;11
1376	6251	1376	1377	3	3	trialwise	1333;3183;4929	1333;3183;4929	9;20;31	66;148;126	sub-010_ses-103_task-s9;sub-010_ses-203_task-s9;sub-010_ses-303_task-s9	1333	9	66	sub-010	ses-103	task-s9	1;2;3	9;9;9
1377	6268	1377	1378	3	3	trialwise	1564;3337;5069	1564;3337;5069	10;21;32	130;135;99	sub-010_ses-103_task-s10;sub-010_ses-203_task-s10;sub-010_ses-304_task-s10	1564	10	130	sub-010	ses-103	task-s10	1;2;3	10;10;10
1378	6302	1378	1379	3	3	trialwise	1398;3142;4901	1398;3142;4901	9;20;31	131;107;98	sub-010_ses-103_task-s9;sub-010_ses-203_task-s9;sub-010_ses-303_task-s9	1398	9	131	sub-010	ses-103	task-s9	1;2;3	9;9;9
1379	6320	1379	1380	3	3	trialwise	1500;3362;5064	1500;3362;5064	10;21;32	66;160;94	sub-010_ses-103_task-s10;sub-010_ses-203_task-s10;sub-010_ses-304_task-s10	1500	10	66	sub-010	ses-103	task-s10	1;2;3	10;10;10
1380	6327	1380	1381	3	3	trialwise	1715;3429;5140	1715;3429;5140	11;22;33	114;60;3	sub-010_ses-103_task-s11;sub-010_ses-203_task-s11;sub-010_ses-303_task-s11	1715	11	114	sub-010	ses-103	task-s11	1;2;3	11;11;11
1381	6350	1381	1382	3	3	trialwise	1651;3460;5223	1651;3460;5223	11;22;33	50;91;86	sub-010_ses-103_task-s11;sub-010_ses-203_task-s11;sub-010_ses-303_task-s11	1651	11	50	sub-010	ses-103	task-s11	1;2;3	11;11;11
1382	6383	1382	1383	3	3	trialwise	1576;3324;5122	1576;3324;5122	10;21;32	142;122;152	sub-010_ses-103_task-s10;sub-010_ses-203_task-s10;sub-010_ses-304_task-s10	1576	10	142	sub-010	ses-103	task-s10	1;2;3	10;10;10
1383	6387	1383	1384	3	3	trialwise	1657;3483;5171	1657;3483;5171	11;22;33	56;114;34	sub-010_ses-103_task-s11;sub-010_ses-203_task-s11;sub-010_ses-303_task-s11	1657	11	56	sub-010	ses-103	task-s11	1;2;3	11;11;11
1384	6428	1384	1385	3	3	trialwise	1416;3101;4956	1416;3101;4956	9;20;31	149;66;153	sub-010_ses-103_task-s9;sub-010_ses-203_task-s9;sub-010_ses-303_task-s9	1416	9	149	sub-010	ses-103	task-s9	1;2;3	9;9;9
1385	6436	1385	1386	3	3	trialwise	1286;3059;4967	1286;3059;4967	9;20;31	19;24;164	sub-010_ses-103_task-s9;sub-010_ses-203_task-s9;sub-010_ses-303_task-s9	1286	9	19	sub-010	ses-103	task-s9	1;2;3	9;9;9
1386	6458	1386	1387	3	3	trialwise	1626;3490;5162	1626;3490;5162	11;22;33	25;121;25	sub-010_ses-103_task-s11;sub-010_ses-203_task-s11;sub-010_ses-303_task-s11	1626	11	25	sub-010	ses-103	task-s11	1;2;3	11;11;11
1387	6467	1387	1388	3	3	trialwise	1580;3236;5026	1580;3236;5026	10;21;32	146;34;56	sub-010_ses-103_task-s10;sub-010_ses-203_task-s10;sub-010_ses-304_task-s10	1580	10	146	sub-010	ses-103	task-s10	1;2;3	10;10;10
1388	6497	1388	1389	3	3	trialwise	1453;3304;5092	1453;3304;5092	10;21;32	19;102;122	sub-010_ses-103_task-s10;sub-010_ses-203_task-s10;sub-010_ses-304_task-s10	1453	10	19	sub-010	ses-103	task-s10	1;2;3	10;10;10
1389	6515	1389	1390	3	3	trialwise	1554;3222;5090	1554;3222;5090	10;21;32	120;20;120	sub-010_ses-103_task-s10;sub-010_ses-203_task-s10;sub-010_ses-304_task-s10	1554	10	120	sub-010	ses-103	task-s10	1;2;3	10;10;10
1390	6527	1390	1391	3	3	trialwise	1294;3049;4866	1294;3049;4866	9;20;31	27;14;63	sub-010_ses-103_task-s9;sub-010_ses-203_task-s9;sub-010_ses-303_task-s9	1294	9	27	sub-010	ses-103	task-s9	1;2;3	9;9;9
1391	6533	1391	1392	3	3	trialwise	1293;3087;4873	1293;3087;4873	9;20;31	26;52;70	sub-010_ses-103_task-s9;sub-010_ses-203_task-s9;sub-010_ses-303_task-s9	1293	9	26	sub-010	ses-103	task-s9	1;2;3	9;9;9
1392	6562	1392	1393	3	3	trialwise	1625;3532;5289	1625;3532;5289	11;22;33	24;163;152	sub-010_ses-103_task-s11;sub-010_ses-203_task-s11;sub-010_ses-303_task-s11	1625	11	24	sub-010	ses-103	task-s11	1;2;3	11;11;11
1393	6576	1393	1394	3	3	trialwise	1669;3503;5189	1669;3503;5189	11;22;33	68;134;52	sub-010_ses-103_task-s11;sub-010_ses-203_task-s11;sub-010_ses-303_task-s11	1669	11	68	sub-010	ses-103	task-s11	1;2;3	11;11;11
1394	6633	1394	1395	3	3	trialwise	1524;3339;5036	1524;3339;5036	10;21;32	90;137;66	sub-010_ses-103_task-s10;sub-010_ses-203_task-s10;sub-010_ses-304_task-s10	1524	10	90	sub-010	ses-103	task-s10	1;2;3	10;10;10
1395	6639	1395	1396	3	3	trialwise	1670;3516;5197	1670;3516;5197	11;22;33	69;147;60	sub-010_ses-103_task-s11;sub-010_ses-203_task-s11;sub-010_ses-303_task-s11	1670	11	69	sub-010	ses-103	task-s11	1;2;3	11;11;11
1396	6667	1396	1397	3	3	trialwise	1412;3197;4831	1412;3197;4831	9;20;31	145;162;28	sub-010_ses-103_task-s9;sub-010_ses-203_task-s9;sub-010_ses-303_task-s9	1412	9	145	sub-010	ses-103	task-s9	1;2;3	9;9;9
1397	6677	1397	1398	3	3	trialwise	1436;3266;5066	1436;3266;5066	10;21;32	2;64;96	sub-010_ses-103_task-s10;sub-010_ses-203_task-s10;sub-010_ses-304_task-s10	1436	10	2	sub-010	ses-103	task-s10	1;2;3	10;10;10
1398	6688	1398	1399	3	3	trialwise	1395;3064;4941	1395;3064;4941	9;20;31	128;29;138	sub-010_ses-103_task-s9;sub-010_ses-203_task-s9;sub-010_ses-303_task-s9	1395	9	128	sub-010	ses-103	task-s9	1;2;3	9;9;9
1399	6697	1399	1400	3	3	trialwise	1673;3488;5266	1673;3488;5266	11;22;33	72;119;129	sub-010_ses-103_task-s11;sub-010_ses-203_task-s11;sub-010_ses-303_task-s11	1673	11	72	sub-010	ses-103	task-s11	1;2;3	11;11;11
1400	6745	1400	1401	3	3	trialwise	1711;3477;5161	1711;3477;5161	11;22;33	110;108;24	sub-010_ses-103_task-s11;sub-010_ses-203_task-s11;sub-010_ses-303_task-s11	1711	11	110	sub-010	ses-103	task-s11	1;2;3	11;11;11
1401	6758	1401	1402	3	3	trialwise	1482;3243;4979	1482;3243;4979	10;21;32	48;41;9	sub-010_ses-103_task-s10;sub-010_ses-203_task-s10;sub-010_ses-304_task-s10	1482	10	48	sub-010	ses-103	task-s10	1;2;3	10;10;10
1402	6798	1402	1403	3	3	trialwise	1589;3322;4978	1589;3322;4978	10;21;32	155;120;8	sub-010_ses-103_task-s10;sub-010_ses-203_task-s10;sub-010_ses-304_task-s10	1589	10	155	sub-010	ses-103	task-s10	1;2;3	10;10;10
1403	6808	1403	1404	3	3	trialwise	1479;3291;5060	1479;3291;5060	10;21;32	45;89;90	sub-010_ses-103_task-s10;sub-010_ses-203_task-s10;sub-010_ses-304_task-s10	1479	10	45	sub-010	ses-103	task-s10	1;2;3	10;10;10
1404	6827	1404	1405	3	3	trialwise	1353;3150;4829	1353;3150;4829	9;20;31	86;115;26	sub-010_ses-103_task-s9;sub-010_ses-203_task-s9;sub-010_ses-303_task-s9	1353	9	86	sub-010	ses-103	task-s9	1;2;3	9;9;9
1405	6830	1405	1406	3	3	trialwise	1515;3344;5096	1515;3344;5096	10;21;32	81;142;126	sub-010_ses-103_task-s10;sub-010_ses-203_task-s10;sub-010_ses-304_task-s10	1515	10	81	sub-010	ses-103	task-s10	1;2;3	10;10;10
1406	6841	1406	1407	3	3	trialwise	1736;3399;5286	1736;3399;5286	11;22;33	135;30;149	sub-010_ses-103_task-s11;sub-010_ses-203_task-s11;sub-010_ses-303_task-s11	1736	11	135	sub-010	ses-103	task-s11	1;2;3	11;11;11
1407	6874	1407	1408	3	3	trialwise	1759;3489;5276	1759;3489;5276	11;22;33	158;120;139	sub-010_ses-103_task-s11;sub-010_ses-203_task-s11;sub-010_ses-303_task-s11	1759	11	158	sub-010	ses-103	task-s11	1;2;3	11;11;11
1408	6895	1408	1409	3	3	trialwise	1284;3158;4856	1284;3158;4856	9;20;31	17;123;53	sub-010_ses-103_task-s9;sub-010_ses-203_task-s9;sub-010_ses-303_task-s9	1284	9	17	sub-010	ses-103	task-s9	1;2;3	9;9;9
1409	6902	1409	1410	3	3	trialwise	1635;3388;5183	1635;3388;5183	11;22;33	34;19;46	sub-010_ses-103_task-s11;sub-010_ses-203_task-s11;sub-010_ses-303_task-s11	1635	11	34	sub-010	ses-103	task-s11	1;2;3	11;11;11
1410	6939	1410	1411	3	3	trialwise	1738;3510;5211	1738;3510;5211	11;22;33	137;141;74	sub-010_ses-103_task-s11;sub-010_ses-203_task-s11;sub-010_ses-303_task-s11	1738	11	137	sub-010	ses-103	task-s11	1;2;3	11;11;11
1411	6940	1411	1412	3	3	trialwise	1547;3216;5125	1547;3216;5125	10;21;32	113;14;155	sub-010_ses-103_task-s10;sub-010_ses-203_task-s10;sub-010_ses-304_task-s10	1547	10	113	sub-010	ses-103	task-s10	1;2;3	10;10;10
1412	6968	1412	1413	3	3	trialwise	1622;3515;5221	1622;3515;5221	11;22;33	21;146;84	sub-010_ses-103_task-s11;sub-010_ses-203_task-s11;sub-010_ses-303_task-s11	1622	11	21	sub-010	ses-103	task-s11	1;2;3	11;11;11
1413	6992	1413	1414	3	3	trialwise	1352;3154;4837	1352;3154;4837	9;20;31	85;119;34	sub-010_ses-103_task-s9;sub-010_ses-203_task-s9;sub-010_ses-303_task-s9	1352	9	85	sub-010	ses-103	task-s9	1;2;3	9;9;9
1414	7016	1414	1415	3	3	trialwise	1306;3174;4914	1306;3174;4914	9;20;31	39;139;111	sub-010_ses-103_task-s9;sub-010_ses-203_task-s9;sub-010_ses-303_task-s9	1306	9	39	sub-010	ses-103	task-s9	1;2;3	9;9;9
1415	7029	1415	1416	3	3	trialwise	1723;3434;5138	1723;3434;5138	11;22;33	122;65;1	sub-010_ses-103_task-s11;sub-010_ses-203_task-s11;sub-010_ses-303_task-s11	1723	11	122	sub-010	ses-103	task-s11	1;2;3	11;11;11
1416	7048	1416	1417	3	3	trialwise	1573;3367;4992	1573;3367;4992	10;21;32	139;165;22	sub-010_ses-103_task-s10;sub-010_ses-203_task-s10;sub-010_ses-304_task-s10	1573	10	139	sub-010	ses-103	task-s10	1;2;3	10;10;10
1417	7060	1417	1418	3	3	trialwise	1420;3132;4843	1420;3132;4843	9;20;31	153;97;40	sub-010_ses-103_task-s9;sub-010_ses-203_task-s9;sub-010_ses-303_task-s9	1420	9	153	sub-010	ses-103	task-s9	1;2;3	9;9;9
1418	7097	1418	1419	3	3	trialwise	1750;3471;5287	1750;3471;5287	11;22;33	149;102;150	sub-010_ses-103_task-s11;sub-010_ses-203_task-s11;sub-010_ses-303_task-s11	1750	11	149	sub-010	ses-103	task-s11	1;2;3	11;11;11
1419	7099	1419	1420	3	3	trialwise	1335;3070;4879	1335;3070;4879	9;20;31	68;35;76	sub-010_ses-103_task-s9;sub-010_ses-203_task-s9;sub-010_ses-303_task-s9	1335	9	68	sub-010	ses-103	task-s9	1;2;3	9;9;9
1420	7147	1420	1421	3	3	trialwise	1292;3045;4816	1292;3045;4816	9;20;31	25;10;13	sub-010_ses-103_task-s9;sub-010_ses-203_task-s9;sub-010_ses-303_task-s9	1292	9	25	sub-010	ses-103	task-s9	1;2;3	9;9;9
1421	7150	1421	1422	3	3	trialwise	1365;3145;4810	1365;3145;4810	9;20;31	98;110;7	sub-010_ses-103_task-s9;sub-010_ses-203_task-s9;sub-010_ses-303_task-s9	1365	9	98	sub-010	ses-103	task-s9	1;2;3	9;9;9
1422	7164	1422	1423	3	3	trialwise	1314;3136;4921	1314;3136;4921	9;20;31	47;101;118	sub-010_ses-103_task-s9;sub-010_ses-203_task-s9;sub-010_ses-303_task-s9	1314	9	47	sub-010	ses-103	task-s9	1;2;3	9;9;9
1423	7197	1423	1424	3	3	trialwise	1596;3233;5067	1596;3233;5067	10;21;32	162;31;97	sub-010_ses-103_task-s10;sub-010_ses-203_task-s10;sub-010_ses-304_task-s10	1596	10	162	sub-010	ses-103	task-s10	1;2;3	10;10;10
1424	7209	1424	1425	3	3	trialwise	1441;3272;5050	1441;3272;5050	10;21;32	7;70;80	sub-010_ses-103_task-s10;sub-010_ses-203_task-s10;sub-010_ses-304_task-s10	1441	10	7	sub-010	ses-103	task-s10	1;2;3	10;10;10
1425	7215	1425	1426	3	3	trialwise	1610;3524;5143	1610;3524;5143	11;22;33	9;155;6	sub-010_ses-103_task-s11;sub-010_ses-203_task-s11;sub-010_ses-303_task-s11	1610	11	9	sub-010	ses-103	task-s11	1;2;3	11;11;11
1426	7248	1426	1427	3	3	trialwise	1518;3284;4972	1518;3284;4972	10;21;32	84;82;2	sub-010_ses-103_task-s10;sub-010_ses-203_task-s10;sub-010_ses-304_task-s10	1518	10	84	sub-010	ses-103	task-s10	1;2;3	10;10;10
1427	7256	1427	1428	3	3	trialwise	1684;3440;5260	1684;3440;5260	11;22;33	83;71;123	sub-010_ses-103_task-s11;sub-010_ses-203_task-s11;sub-010_ses-303_task-s11	1684	11	83	sub-010	ses-103	task-s11	1;2;3	11;11;11
1428	7296	1428	1429	3	3	trialwise	1287;3199;4963	1287;3199;4963	9;20;31	20;164;160	sub-010_ses-103_task-s9;sub-010_ses-203_task-s9;sub-010_ses-303_task-s9	1287	9	20	sub-010	ses-103	task-s9	1;2;3	9;9;9
1429	7311	1429	1430	3	3	trialwise	1537;3250;5029	1537;3250;5029	10;21;32	103;48;59	sub-010_ses-103_task-s10;sub-010_ses-203_task-s10;sub-010_ses-304_task-s10	1537	10	103	sub-010	ses-103	task-s10	1;2;3	10;10;10
1430	7354	1430	1431	3	3	trialwise	1272;3046;4919	1272;3046;4919	9;20;31	5;11;116	sub-010_ses-103_task-s9;sub-010_ses-203_task-s9;sub-010_ses-303_task-s9	1272	9	5	sub-010	ses-103	task-s9	1;2;3	9;9;9
1431	7358	1431	1432	3	3	trialwise	1689;3481;5300	1689;3481;5300	11;22;33	88;112;163	sub-010_ses-103_task-s11;sub-010_ses-203_task-s11;sub-010_ses-303_task-s11	1689	11	88	sub-010	ses-103	task-s11	1;2;3	11;11;11
1432	7366	1432	1433	3	3	trialwise	1477;3261;5002	1477;3261;5002	10;21;32	43;59;32	sub-010_ses-103_task-s10;sub-010_ses-203_task-s10;sub-010_ses-304_task-s10	1477	10	43	sub-010	ses-103	task-s10	1;2;3	10;10;10
1433	7383	1433	1434	3	3	trialwise	1552;3361;5099	1552;3361;5099	10;21;32	118;159;129	sub-010_ses-103_task-s10;sub-010_ses-203_task-s10;sub-010_ses-304_task-s10	1552	10	118	sub-010	ses-103	task-s10	1;2;3	10;10;10
1434	7418	1434	1435	3	3	trialwise	1464;3205;5027	1464;3205;5027	10;21;32	30;3;57	sub-010_ses-103_task-s10;sub-010_ses-203_task-s10;sub-010_ses-304_task-s10	1464	10	30	sub-010	ses-103	task-s10	1;2;3	10;10;10
1435	7427	1435	1436	3	3	trialwise	1278;3065;4909	1278;3065;4909	9;20;31	11;30;106	sub-010_ses-103_task-s9;sub-010_ses-203_task-s9;sub-010_ses-303_task-s9	1278	9	11	sub-010	ses-103	task-s9	1;2;3	9;9;9
1436	7459	1436	1437	3	3	trialwise	1527;3252;5059	1527;3252;5059	10;21;32	93;50;89	sub-010_ses-103_task-s10;sub-010_ses-203_task-s10;sub-010_ses-304_task-s10	1527	10	93	sub-010	ses-103	task-s10	1;2;3	10;10;10
1437	7468	1437	1438	3	3	trialwise	1652;3479;5178	1652;3479;5178	11;22;33	51;110;41	sub-010_ses-103_task-s11;sub-010_ses-203_task-s11;sub-010_ses-303_task-s11	1652	11	51	sub-010	ses-103	task-s11	1;2;3	11;11;11
1438	7502	1438	1439	3	3	trialwise	1735;3529;5204	1735;3529;5204	11;22;33	134;160;67	sub-010_ses-103_task-s11;sub-010_ses-203_task-s11;sub-010_ses-303_task-s11	1735	11	134	sub-010	ses-103	task-s11	1;2;3	11;11;11
1439	7505	1439	1440	3	3	trialwise	1665;3413;5237	1665;3413;5237	11;22;33	64;44;100	sub-010_ses-103_task-s11;sub-010_ses-203_task-s11;sub-010_ses-303_task-s11	1665	11	64	sub-010	ses-103	task-s11	1;2;3	11;11;11
1440	7526	1440	1441	3	3	trialwise	1374;3182;4850	1374;3182;4850	9;20;31	107;147;47	sub-010_ses-103_task-s9;sub-010_ses-203_task-s9;sub-010_ses-303_task-s9	1374	9	107	sub-010	ses-103	task-s9	1;2;3	9;9;9
1441	7552	1441	1442	3	3	trialwise	1331;3058;4949	1331;3058;4949	9;20;31	64;23;146	sub-010_ses-103_task-s9;sub-010_ses-203_task-s9;sub-010_ses-303_task-s9	1331	9	64	sub-010	ses-103	task-s9	1;2;3	9;9;9
1442	7566	1442	1443	3	3	trialwise	1465;3309;5004	1465;3309;5004	10;21;32	31;107;34	sub-010_ses-103_task-s10;sub-010_ses-203_task-s10;sub-010_ses-304_task-s10	1465	10	31	sub-010	ses-103	task-s10	1;2;3	10;10;10
1443	7598	1443	1444	3	3	trialwise	1484;3306;5071	1484;3306;5071	10;21;32	50;104;101	sub-010_ses-103_task-s10;sub-010_ses-203_task-s10;sub-010_ses-304_task-s10	1484	10	50	sub-010	ses-103	task-s10	1;2;3	10;10;10
1444	7618	1444	1445	3	3	trialwise	1490;3349;5021	1490;3349;5021	10;21;32	56;147;51	sub-010_ses-103_task-s10;sub-010_ses-203_task-s10;sub-010_ses-304_task-s10	1490	10	56	sub-010	ses-103	task-s10	1;2;3	10;10;10
1445	7620	1445	1446	3	3	trialwise	1700;3467;5158	1700;3467;5158	11;22;33	99;98;21	sub-010_ses-103_task-s11;sub-010_ses-203_task-s11;sub-010_ses-303_task-s11	1700	11	99	sub-010	ses-103	task-s11	1;2;3	11;11;11
1446	7644	1446	1447	3	3	trialwise	1536;3279;5076	1536;3279;5076	10;21;32	102;77;106	sub-010_ses-103_task-s10;sub-010_ses-203_task-s10;sub-010_ses-304_task-s10	1536	10	102	sub-010	ses-103	task-s10	1;2;3	10;10;10
1447	7660	1447	1448	3	3	trialwise	1311;3114;4961	1311;3114;4961	9;20;31	44;79;158	sub-010_ses-103_task-s9;sub-010_ses-203_task-s9;sub-010_ses-303_task-s9	1311	9	44	sub-010	ses-103	task-s9	1;2;3	9;9;9
1448	7683	1448	1449	3	3	trialwise	1523;3343;5082	1523;3343;5082	10;21;32	89;141;112	sub-010_ses-103_task-s10;sub-010_ses-203_task-s10;sub-010_ses-304_task-s10	1523	10	89	sub-010	ses-103	task-s10	1;2;3	10;10;10
1449	7701	1449	1450	3	3	trialwise	1569;3352;5088	1569;3352;5088	10;21;32	135;150;118	sub-010_ses-103_task-s10;sub-010_ses-203_task-s10;sub-010_ses-304_task-s10	1569	10	135	sub-010	ses-103	task-s10	1;2;3	10;10;10
1450	7722	1450	1451	3	3	trialwise	1298;3100;4830	1298;3100;4830	9;20;31	31;65;27	sub-010_ses-103_task-s9;sub-010_ses-203_task-s9;sub-010_ses-303_task-s9	1298	9	31	sub-010	ses-103	task-s9	1;2;3	9;9;9
1451	7758	1451	1452	3	3	trialwise	1696;3391;5271	1696;3391;5271	11;22;33	95;22;134	sub-010_ses-103_task-s11;sub-010_ses-203_task-s11;sub-010_ses-303_task-s11	1696	11	95	sub-010	ses-103	task-s11	1;2;3	11;11;11
1452	7763	1452	1453	3	3	trialwise	1732;3470;5244	1732;3470;5244	11;22;33	131;101;107	sub-010_ses-103_task-s11;sub-010_ses-203_task-s11;sub-010_ses-303_task-s11	1732	11	131	sub-010	ses-103	task-s11	1;2;3	11;11;11
1453	7764	1453	1454	3	3	trialwise	1574;3237;5049	1574;3237;5049	10;21;32	140;35;79	sub-010_ses-103_task-s10;sub-010_ses-203_task-s10;sub-010_ses-304_task-s10	1574	10	140	sub-010	ses-103	task-s10	1;2;3	10;10;10
1454	7804	1454	1455	3	3	trialwise	1644;3534;5247	1644;3534;5247	11;22;33	43;165;110	sub-010_ses-103_task-s11;sub-010_ses-203_task-s11;sub-010_ses-303_task-s11	1644	11	43	sub-010	ses-103	task-s11	1;2;3	11;11;11
1455	7819	1455	1456	3	3	trialwise	1588;3265;4982	1588;3265;4982	10;21;32	154;63;12	sub-010_ses-103_task-s10;sub-010_ses-203_task-s10;sub-010_ses-304_task-s10	1588	10	154	sub-010	ses-103	task-s10	1;2;3	10;10;10
1456	7852	1456	1457	3	3	trialwise	1364;3160;4946	1364;3160;4946	9;20;31	97;125;143	sub-010_ses-103_task-s9;sub-010_ses-203_task-s9;sub-010_ses-303_task-s9	1364	9	97	sub-010	ses-103	task-s9	1;2;3	9;9;9
1457	7855	1457	1458	3	3	trialwise	1597;3351;5011	1597;3351;5011	10;21;32	163;149;41	sub-010_ses-103_task-s10;sub-010_ses-203_task-s10;sub-010_ses-304_task-s10	1597	10	163	sub-010	ses-103	task-s10	1;2;3	10;10;10
1458	7887	1458	1459	3	3	trialwise	1757;3523;5243	1757;3523;5243	11;22;33	156;154;106	sub-010_ses-103_task-s11;sub-010_ses-203_task-s11;sub-010_ses-303_task-s11	1757	11	156	sub-010	ses-103	task-s11	1;2;3	11;11;11
1459	7917	1459	1460	3	3	trialwise	1663;3519;5213	1663;3519;5213	11;22;33	62;150;76	sub-010_ses-103_task-s11;sub-010_ses-203_task-s11;sub-010_ses-303_task-s11	1663	11	62	sub-010	ses-103	task-s11	1;2;3	11;11;11
1460	7925	1460	1461	3	3	trialwise	1672;3530;5169	1672;3530;5169	11;22;33	71;161;32	sub-010_ses-103_task-s11;sub-010_ses-203_task-s11;sub-010_ses-303_task-s11	1672	11	71	sub-010	ses-103	task-s11	1;2;3	11;11;11
1461	7950	1461	1462	3	3	trialwise	1319;3124;4936	1319;3124;4936	9;20;31	52;89;133	sub-010_ses-103_task-s9;sub-010_ses-203_task-s9;sub-010_ses-303_task-s9	1319	9	52	sub-010	ses-103	task-s9	1;2;3	9;9;9
1462	7967	1462	1463	3	3	trialwise	1425;3084;4889	1425;3084;4889	9;20;31	158;49;86	sub-010_ses-103_task-s9;sub-010_ses-203_task-s9;sub-010_ses-303_task-s9	1425	9	158	sub-010	ses-103	task-s9	1;2;3	9;9;9
1463	7971	1463	1464	3	3	trialwise	1372;3067;4894	1372;3067;4894	9;20;31	105;32;91	sub-010_ses-103_task-s9;sub-010_ses-203_task-s9;sub-010_ses-303_task-s9	1372	9	105	sub-010	ses-103	task-s9	1;2;3	9;9;9
1464	8027	1464	1465	3	3	trialwise	1566;3356;5119	1566;3356;5119	10;21;32	132;154;149	sub-010_ses-103_task-s10;sub-010_ses-203_task-s10;sub-010_ses-304_task-s10	1566	10	132	sub-010	ses-103	task-s10	1;2;3	10;10;10
1465	8038	1465	1466	3	3	trialwise	1507;3239;5000	1507;3239;5000	10;21;32	73;37;30	sub-010_ses-103_task-s10;sub-010_ses-203_task-s10;sub-010_ses-304_task-s10	1507	10	73	sub-010	ses-103	task-s10	1;2;3	10;10;10
1466	8064	1466	1467	3	3	trialwise	1362;3041;4891	1362;3041;4891	9;20;31	95;6;88	sub-010_ses-103_task-s9;sub-010_ses-203_task-s9;sub-010_ses-303_task-s9	1362	9	95	sub-010	ses-103	task-s9	1;2;3	9;9;9
1467	8071	1467	1468	3	3	trialwise	1575;3325;5107	1575;3325;5107	10;21;32	141;123;137	sub-010_ses-103_task-s10;sub-010_ses-203_task-s10;sub-010_ses-304_task-s10	1575	10	141	sub-010	ses-103	task-s10	1;2;3	10;10;10
1468	8086	1468	1469	3	3	trialwise	1399;3193;4906	1399;3193;4906	9;20;31	132;158;103	sub-010_ses-103_task-s9;sub-010_ses-203_task-s9;sub-010_ses-303_task-s9	1399	9	132	sub-010	ses-103	task-s9	1;2;3	9;9;9
1469	8104	1469	1470	3	3	trialwise	1712;3517;5139	1712;3517;5139	11;22;33	111;148;2	sub-010_ses-103_task-s11;sub-010_ses-203_task-s11;sub-010_ses-303_task-s11	1712	11	111	sub-010	ses-103	task-s11	1;2;3	11;11;11
1470	8132	1470	1471	3	3	trialwise	1414;3109;4804	1414;3109;4804	9;20;31	147;74;1	sub-010_ses-103_task-s9;sub-010_ses-203_task-s9;sub-010_ses-303_task-s9	1414	9	147	sub-010	ses-103	task-s9	1;2;3	9;9;9
1471	8156	1471	1472	3	3	trialwise	1609;3512;5196	1609;3512;5196	11;22;33	8;143;59	sub-010_ses-103_task-s11;sub-010_ses-203_task-s11;sub-010_ses-303_task-s11	1609	11	8	sub-010	ses-103	task-s11	1;2;3	11;11;11
1472	8171	1472	1473	3	3	trialwise	1304;3066;4908	1304;3066;4908	9;20;31	37;31;105	sub-010_ses-103_task-s9;sub-010_ses-203_task-s9;sub-010_ses-303_task-s9	1304	9	37	sub-010	ses-103	task-s9	1;2;3	9;9;9
1473	8173	1473	1474	3	3	trialwise	1275;3081;4970	1275;3081;4970	9;20;31	8;46;167	sub-010_ses-103_task-s9;sub-010_ses-203_task-s9;sub-010_ses-303_task-s9	1275	9	8	sub-010	ses-103	task-s9	1;2;3	9;9;9
1474	8205	1474	1475	3	3	trialwise	1614;3533;5168	1614;3533;5168	11;22;33	13;164;31	sub-010_ses-103_task-s11;sub-010_ses-203_task-s11;sub-010_ses-303_task-s11	1614	11	13	sub-010	ses-103	task-s11	1;2;3	11;11;11
1475	8220	1475	1476	3	3	trialwise	1408;3152;4955	1408;3152;4955	9;20;31	141;117;152	sub-010_ses-103_task-s9;sub-010_ses-203_task-s9;sub-010_ses-303_task-s9	1408	9	141	sub-010	ses-103	task-s9	1;2;3	9;9;9
1476	8255	1476	1477	3	3	trialwise	1444;3363;5061	1444;3363;5061	10;21;32	10;161;91	sub-010_ses-103_task-s10;sub-010_ses-203_task-s10;sub-010_ses-304_task-s10	1444	10	10	sub-010	ses-103	task-s10	1;2;3	10;10;10
1477	8271	1477	1478	3	3	trialwise	1427;3116;4911	1427;3116;4911	9;20;31	160;81;108	sub-010_ses-103_task-s9;sub-010_ses-203_task-s9;sub-010_ses-303_task-s9	1427	9	160	sub-010	ses-103	task-s9	1;2;3	9;9;9
1478	8283	1478	1479	3	3	trialwise	1640;3453;5160	1640;3453;5160	11;22;33	39;84;23	sub-010_ses-103_task-s11;sub-010_ses-203_task-s11;sub-010_ses-303_task-s11	1640	11	39	sub-010	ses-103	task-s11	1;2;3	11;11;11
1479	8284	1479	1480	3	3	trialwise	1528;3347;5137	1528;3347;5137	10;21;32	94;145;167	sub-010_ses-103_task-s10;sub-010_ses-203_task-s10;sub-010_ses-304_task-s10	1528	10	94	sub-010	ses-103	task-s10	1;2;3	10;10;10
1480	8327	1480	1481	3	3	trialwise	1724;3493;5200	1724;3493;5200	11;22;33	123;124;63	sub-010_ses-103_task-s11;sub-010_ses-203_task-s11;sub-010_ses-303_task-s11	1724	11	123	sub-010	ses-103	task-s11	1;2;3	11;11;11
1481	8360	1481	1482	3	3	trialwise	1512;3355;4981	1512;3355;4981	10;21;32	78;153;11	sub-010_ses-103_task-s10;sub-010_ses-203_task-s10;sub-010_ses-304_task-s10	1512	10	78	sub-010	ses-103	task-s10	1;2;3	10;10;10
1482	8388	1482	1483	3	3	trialwise	1497;3305;5047	1497;3305;5047	10;21;32	63;103;77	sub-010_ses-103_task-s10;sub-010_ses-203_task-s10;sub-010_ses-304_task-s10	1497	10	63	sub-010	ses-103	task-s10	1;2;3	10;10;10
1483	8389	1483	1484	3	3	trialwise	1763;3425;5187	1763;3425;5187	11;22;33	162;56;50	sub-010_ses-103_task-s11;sub-010_ses-203_task-s11;sub-010_ses-303_task-s11	1763	11	162	sub-010	ses-103	task-s11	1;2;3	11;11;11
1484	8410	1484	1485	3	3	trialwise	1504;3336;4987	1504;3336;4987	10;21;32	70;134;17	sub-010_ses-103_task-s10;sub-010_ses-203_task-s10;sub-010_ses-304_task-s10	1504	10	70	sub-010	ses-103	task-s10	1;2;3	10;10;10
1485	8427	1485	1486	3	3	trialwise	1301;3175;4847	1301;3175;4847	9;20;31	34;140;44	sub-010_ses-103_task-s9;sub-010_ses-203_task-s9;sub-010_ses-303_task-s9	1301	9	34	sub-010	ses-103	task-s9	1;2;3	9;9;9
1486	8444	1486	1487	3	3	trialwise	1410;3092;4900	1410;3092;4900	9;20;31	143;57;97	sub-010_ses-103_task-s9;sub-010_ses-203_task-s9;sub-010_ses-303_task-s9	1410	9	143	sub-010	ses-103	task-s9	1;2;3	9;9;9
1487	8445	1487	1488	3	3	trialwise	1296;3094;4859	1296;3094;4859	9;20;31	29;59;56	sub-010_ses-103_task-s9;sub-010_ses-203_task-s9;sub-010_ses-303_task-s9	1296	9	29	sub-010	ses-103	task-s9	1;2;3	9;9;9
1488	8492	1488	1489	3	3	trialwise	1312;3134;4809	1312;3134;4809	9;20;31	45;99;6	sub-010_ses-103_task-s9;sub-010_ses-203_task-s9;sub-010_ses-303_task-s9	1312	9	45	sub-010	ses-103	task-s9	1;2;3	9;9;9
1489	8518	1489	1490	3	3	trialwise	1713;3371;5288	1713;3371;5288	11;22;33	112;2;151	sub-010_ses-103_task-s11;sub-010_ses-203_task-s11;sub-010_ses-303_task-s11	1713	11	112	sub-010	ses-103	task-s11	1;2;3	11;11;11
1490	8525	1490	1491	3	3	trialwise	1718;3412;5179	1718;3412;5179	11;22;33	117;43;42	sub-010_ses-103_task-s11;sub-010_ses-203_task-s11;sub-010_ses-303_task-s11	1718	11	117	sub-010	ses-103	task-s11	1;2;3	11;11;11
1491	8558	1491	1492	3	3	trialwise	1341;3188;4916	1341;3188;4916	9;20;31	74;153;113	sub-010_ses-103_task-s9;sub-010_ses-203_task-s9;sub-010_ses-303_task-s9	1341	9	74	sub-010	ses-103	task-s9	1;2;3	9;9;9
1492	8562	1492	1493	3	3	trialwise	1514;3357;5134	1514;3357;5134	10;21;32	80;155;164	sub-010_ses-103_task-s10;sub-010_ses-203_task-s10;sub-010_ses-304_task-s10	1514	10	80	sub-010	ses-103	task-s10	1;2;3	10;10;10
1493	8576	1493	1494	3	3	trialwise	1586;3335;4971	1586;3335;4971	10;21;32	152;133;1	sub-010_ses-103_task-s10;sub-010_ses-203_task-s10;sub-010_ses-304_task-s10	1586	10	152	sub-010	ses-103	task-s10	1;2;3	10;10;10
1494	8633	1494	1495	3	3	trialwise	1702;3387;5225	1702;3387;5225	11;22;33	101;18;88	sub-010_ses-103_task-s11;sub-010_ses-203_task-s11;sub-010_ses-303_task-s11	1702	11	101	sub-010	ses-103	task-s11	1;2;3	11;11;11
1495	8636	1495	1496	3	3	trialwise	1692;3514;5205	1692;3514;5205	11;22;33	91;145;68	sub-010_ses-103_task-s11;sub-010_ses-203_task-s11;sub-010_ses-303_task-s11	1692	11	91	sub-010	ses-103	task-s11	1;2;3	11;11;11
1496	8643	1496	1497	3	3	trialwise	1680;3426;5227	1680;3426;5227	11;22;33	79;57;90	sub-010_ses-103_task-s11;sub-010_ses-203_task-s11;sub-010_ses-303_task-s11	1680	11	79	sub-010	ses-103	task-s11	1;2;3	11;11;11
1497	8647	1497	1498	3	3	trialwise	1541;3365;5095	1541;3365;5095	10;21;32	107;163;125	sub-010_ses-103_task-s10;sub-010_ses-203_task-s10;sub-010_ses-304_task-s10	1541	10	107	sub-010	ses-103	task-s10	1;2;3	10;10;10
1498	8684	1498	1499	3	3	trialwise	1467;3331;5105	1467;3331;5105	10;21;32	33;129;135	sub-010_ses-103_task-s10;sub-010_ses-203_task-s10;sub-010_ses-304_task-s10	1467	10	33	sub-010	ses-103	task-s10	1;2;3	10;10;10
1499	8719	1499	1500	3	3	trialwise	1544;3360;5112	1544;3360;5112	10;21;32	110;158;142	sub-010_ses-103_task-s10;sub-010_ses-203_task-s10;sub-010_ses-304_task-s10	1544	10	110	sub-010	ses-103	task-s10	1;2;3	10;10;10
1500	8727	1500	1501	3	3	trialwise	1330;3189;4860	1330;3189;4860	9;20;31	63;154;57	sub-010_ses-103_task-s9;sub-010_ses-203_task-s9;sub-010_ses-303_task-s9	1330	9	63	sub-010	ses-103	task-s9	1;2;3	9;9;9
1501	8755	1501	1502	3	3	trialwise	1660;3451;5228	1660;3451;5228	11;22;33	59;82;91	sub-010_ses-103_task-s11;sub-010_ses-203_task-s11;sub-010_ses-303_task-s11	1660	11	59	sub-010	ses-103	task-s11	1;2;3	11;11;11
1502	8788	1502	1503	3	3	trialwise	1496;3308;4983	1496;3308;4983	10;21;32	62;106;13	sub-010_ses-103_task-s10;sub-010_ses-203_task-s10;sub-010_ses-304_task-s10	1496	10	62	sub-010	ses-103	task-s10	1;2;3	10;10;10
1503	8795	1503	1504	3	3	trialwise	1620;3482;5269	1620;3482;5269	11;22;33	19;113;132	sub-010_ses-103_task-s11;sub-010_ses-203_task-s11;sub-010_ses-303_task-s11	1620	11	19	sub-010	ses-103	task-s11	1;2;3	11;11;11
1504	8807	1504	1505	3	3	trialwise	1543;3249;5040	1543;3249;5040	10;21;32	109;47;70	sub-010_ses-103_task-s10;sub-010_ses-203_task-s10;sub-010_ses-304_task-s10	1543	10	109	sub-010	ses-103	task-s10	1;2;3	10;10;10
1505	8827	1505	1506	3	3	trialwise	1409;3117;4925	1409;3117;4925	9;20;31	142;82;122	sub-010_ses-103_task-s9;sub-010_ses-203_task-s9;sub-010_ses-303_task-s9	1409	9	142	sub-010	ses-103	task-s9	1;2;3	9;9;9
1506	8844	1506	1507	3	3	trialwise	1709;3486;5198	1709;3486;5198	11;22;33	108;117;61	sub-010_ses-103_task-s11;sub-010_ses-203_task-s11;sub-010_ses-303_task-s11	1709	11	108	sub-010	ses-103	task-s11	1;2;3	11;11;11
1507	8855	1507	1508	3	3	trialwise	1542;3289;5020	1542;3289;5020	10;21;32	108;87;50	sub-010_ses-103_task-s10;sub-010_ses-203_task-s10;sub-010_ses-304_task-s10	1542	10	108	sub-010	ses-103	task-s10	1;2;3	10;10;10
1508	8901	1508	1509	3	3	trialwise	1285;3068;4838	1285;3068;4838	9;20;31	18;33;35	sub-010_ses-103_task-s9;sub-010_ses-203_task-s9;sub-010_ses-303_task-s9	1285	9	18	sub-010	ses-103	task-s9	1;2;3	9;9;9
1509	8906	1509	1510	3	3	trialwise	1633;3522;5218	1633;3522;5218	11;22;33	32;153;81	sub-010_ses-103_task-s11;sub-010_ses-203_task-s11;sub-010_ses-303_task-s11	1633	11	32	sub-010	ses-103	task-s11	1;2;3	11;11;11
1510	8926	1510	1511	3	3	trialwise	1546;3269;5101	1546;3269;5101	10;21;32	112;67;131	sub-010_ses-103_task-s10;sub-010_ses-203_task-s10;sub-010_ses-304_task-s10	1546	10	112	sub-010	ses-103	task-s10	1;2;3	10;10;10
1511	8951	1511	1512	3	3	trialwise	1283;3163;4852	1283;3163;4852	9;20;31	16;128;49	sub-010_ses-103_task-s9;sub-010_ses-203_task-s9;sub-010_ses-303_task-s9	1283	9	16	sub-010	ses-103	task-s9	1;2;3	9;9;9
1512	8974	1512	1513	3	3	trialwise	1707;3520;5234	1707;3520;5234	11;22;33	106;151;97	sub-010_ses-103_task-s11;sub-010_ses-203_task-s11;sub-010_ses-303_task-s11	1707	11	106	sub-010	ses-103	task-s11	1;2;3	11;11;11
1513	8977	1513	1514	3	3	trialwise	1327;3112;4962	1327;3112;4962	9;20;31	60;77;159	sub-010_ses-103_task-s9;sub-010_ses-203_task-s9;sub-010_ses-303_task-s9	1327	9	60	sub-010	ses-103	task-s9	1;2;3	9;9;9
1514	9022	1514	1515	3	3	trialwise	1632;3457;5167	1632;3457;5167	11;22;33	31;88;30	sub-010_ses-103_task-s11;sub-010_ses-203_task-s11;sub-010_ses-303_task-s11	1632	11	31	sub-010	ses-103	task-s11	1;2;3	11;11;11
1515	9036	1515	1516	3	3	trialwise	1437;3241;5045	1437;3241;5045	10;21;32	3;39;75	sub-010_ses-103_task-s10;sub-010_ses-203_task-s10;sub-010_ses-304_task-s10	1437	10	3	sub-010	ses-103	task-s10	1;2;3	10;10;10
1516	9051	1516	1517	3	3	trialwise	1450;3353;5118	1450;3353;5118	10;21;32	16;151;148	sub-010_ses-103_task-s10;sub-010_ses-203_task-s10;sub-010_ses-304_task-s10	1450	10	16	sub-010	ses-103	task-s10	1;2;3	10;10;10
1517	9061	1517	1518	3	3	trialwise	1581;3240;5006	1581;3240;5006	10;21;32	147;38;36	sub-010_ses-103_task-s10;sub-010_ses-203_task-s10;sub-010_ses-304_task-s10	1581	10	147	sub-010	ses-103	task-s10	1;2;3	10;10;10
1518	9102	1518	1519	3	3	trialwise	1584;3208;5022	1584;3208;5022	10;21;32	150;6;52	sub-010_ses-103_task-s10;sub-010_ses-203_task-s10;sub-010_ses-304_task-s10	1584	10	150	sub-010	ses-103	task-s10	1;2;3	10;10;10
1519	9119	1519	1520	3	3	trialwise	1720;3463;5262	1720;3463;5262	11;22;33	119;94;125	sub-010_ses-103_task-s11;sub-010_ses-203_task-s11;sub-010_ses-303_task-s11	1720	11	119	sub-010	ses-103	task-s11	1;2;3	11;11;11
1520	9140	1520	1521	3	3	trialwise	1687;3507;5275	1687;3507;5275	11;22;33	86;138;138	sub-010_ses-103_task-s11;sub-010_ses-203_task-s11;sub-010_ses-303_task-s11	1687	11	86	sub-010	ses-103	task-s11	1;2;3	11;11;11
1521	9149	1521	1522	3	3	trialwise	1289;3147;4966	1289;3147;4966	9;20;31	22;112;163	sub-010_ses-103_task-s9;sub-010_ses-203_task-s9;sub-010_ses-303_task-s9	1289	9	22	sub-010	ses-103	task-s9	1;2;3	9;9;9
1522	9177	1522	1523	3	3	trialwise	1489;3204;4998	1489;3204;4998	10;21;32	55;2;28	sub-010_ses-103_task-s10;sub-010_ses-203_task-s10;sub-010_ses-304_task-s10	1489	10	55	sub-010	ses-103	task-s10	1;2;3	10;10;10
1523	9196	1523	1524	3	3	trialwise	1332;3060;4950	1332;3060;4950	9;20;31	65;25;147	sub-010_ses-103_task-s9;sub-010_ses-203_task-s9;sub-010_ses-303_task-s9	1332	9	65	sub-010	ses-103	task-s9	1;2;3	9;9;9
1524	9201	1524	1525	3	3	trialwise	1403;3129;4959	1403;3129;4959	9;20;31	136;94;156	sub-010_ses-103_task-s9;sub-010_ses-203_task-s9;sub-010_ses-303_task-s9	1403	9	136	sub-010	ses-103	task-s9	1;2;3	9;9;9
1525	9235	1525	1526	3	3	trialwise	1354;3051;4833	1354;3051;4833	9;20;31	87;16;30	sub-010_ses-103_task-s9;sub-010_ses-203_task-s9;sub-010_ses-303_task-s9	1354	9	87	sub-010	ses-103	task-s9	1;2;3	9;9;9
1526	9243	1526	1527	3	3	trialwise	1664;3419;5230	1664;3419;5230	11;22;33	63;50;93	sub-010_ses-103_task-s11;sub-010_ses-203_task-s11;sub-010_ses-303_task-s11	1664	11	63	sub-010	ses-103	task-s11	1;2;3	11;11;11
1527	9245	1527	1528	3	3	trialwise	1429;3135;4811	1429;3135;4811	9;20;31	162;100;8	sub-010_ses-103_task-s9;sub-010_ses-203_task-s9;sub-010_ses-303_task-s9	1429	9	162	sub-010	ses-103	task-s9	1;2;3	9;9;9
1528	9284	1528	1529	3	3	trialwise	1703;3416;5235	1703;3416;5235	11;22;33	102;47;98	sub-010_ses-103_task-s11;sub-010_ses-203_task-s11;sub-010_ses-303_task-s11	1703	11	102	sub-010	ses-103	task-s11	1;2;3	11;11;11
1529	9287	1529	1530	3	3	trialwise	1358;3172;4951	1358;3172;4951	9;20;31	91;137;148	sub-010_ses-103_task-s9;sub-010_ses-203_task-s9;sub-010_ses-303_task-s9	1358	9	91	sub-010	ses-103	task-s9	1;2;3	9;9;9
1530	9322	1530	1531	3	3	trialwise	1688;3379;5293	1688;3379;5293	11;22;33	87;10;156	sub-010_ses-103_task-s11;sub-010_ses-203_task-s11;sub-010_ses-303_task-s11	1688	11	87	sub-010	ses-103	task-s11	1;2;3	11;11;11
1531	9357	1531	1532	3	3	trialwise	1557;3307;4994	1557;3307;4994	10;21;32	123;105;24	sub-010_ses-103_task-s10;sub-010_ses-203_task-s10;sub-010_ses-304_task-s10	1557	10	123	sub-010	ses-103	task-s10	1;2;3	10;10;10
1532	9362	1532	1533	3	3	trialwise	1756;3421;5150	1756;3421;5150	11;22;33	155;52;13	sub-010_ses-103_task-s11;sub-010_ses-203_task-s11;sub-010_ses-303_task-s11	1756	11	155	sub-010	ses-103	task-s11	1;2;3	11;11;11
1533	9398	1533	1534	3	3	trialwise	1743;3431;5257	1743;3431;5257	11;22;33	142;62;120	sub-010_ses-103_task-s11;sub-010_ses-203_task-s11;sub-010_ses-303_task-s11	1743	11	142	sub-010	ses-103	task-s11	1;2;3	11;11;11
1534	9421	1534	1535	3	3	trialwise	1656;3456;5252	1656;3456;5252	11;22;33	55;87;115	sub-010_ses-103_task-s11;sub-010_ses-203_task-s11;sub-010_ses-303_task-s11	1656	11	55	sub-010	ses-103	task-s11	1;2;3	11;11;11
1535	9434	1535	1536	3	3	trialwise	1393;3077;4942	1393;3077;4942	9;20;31	126;42;139	sub-010_ses-103_task-s9;sub-010_ses-203_task-s9;sub-010_ses-303_task-s9	1393	9	126	sub-010	ses-103	task-s9	1;2;3	9;9;9
1536	9453	1536	1537	3	3	trialwise	1369;3061;4817	1369;3061;4817	9;20;31	102;26;14	sub-010_ses-103_task-s9;sub-010_ses-203_task-s9;sub-010_ses-303_task-s9	1369	9	102	sub-010	ses-103	task-s9	1;2;3	9;9;9
1537	9455	1537	1538	3	3	trialwise	1457;3297;5113	1457;3297;5113	10;21;32	23;95;143	sub-010_ses-103_task-s10;sub-010_ses-203_task-s10;sub-010_ses-304_task-s10	1457	10	23	sub-010	ses-103	task-s10	1;2;3	10;10;10
1538	9486	1538	1539	3	3	trialwise	1623;3407;5214	1623;3407;5214	11;22;33	22;38;77	sub-010_ses-103_task-s11;sub-010_ses-203_task-s11;sub-010_ses-303_task-s11	1623	11	22	sub-010	ses-103	task-s11	1;2;3	11;11;11
1539	9495	1539	1540	3	3	trialwise	1717;3511;5195	1717;3511;5195	11;22;33	116;142;58	sub-010_ses-103_task-s11;sub-010_ses-203_task-s11;sub-010_ses-303_task-s11	1717	11	116	sub-010	ses-103	task-s11	1;2;3	11;11;11
1540	9538	1540	1541	3	3	trialwise	1582;3207;5068	1582;3207;5068	10;21;32	148;5;98	sub-010_ses-103_task-s10;sub-010_ses-203_task-s10;sub-010_ses-304_task-s10	1582	10	148	sub-010	ses-103	task-s10	1;2;3	10;10;10
1541	9550	1541	1542	3	3	trialwise	1469;3350;5065	1469;3350;5065	10;21;32	35;148;95	sub-010_ses-103_task-s10;sub-010_ses-203_task-s10;sub-010_ses-304_task-s10	1469	10	35	sub-010	ses-103	task-s10	1;2;3	10;10;10
1542	9574	1542	1543	3	3	trialwise	1710;3459;5272	1710;3459;5272	11;22;33	109;90;135	sub-010_ses-103_task-s11;sub-010_ses-203_task-s11;sub-010_ses-303_task-s11	1710	11	109	sub-010	ses-103	task-s11	1;2;3	11;11;11
1543	9583	1543	1544	3	3	trialwise	1685;3402;5224	1685;3402;5224	11;22;33	84;33;87	sub-010_ses-103_task-s11;sub-010_ses-203_task-s11;sub-010_ses-303_task-s11	1685	11	84	sub-010	ses-103	task-s11	1;2;3	11;11;11
1544	9605	1544	1545	3	3	trialwise	1520;3267;4997	1520;3267;4997	10;21;32	86;65;27	sub-010_ses-103_task-s10;sub-010_ses-203_task-s10;sub-010_ses-304_task-s10	1520	10	86	sub-010	ses-103	task-s10	1;2;3	10;10;10
1545	9614	1545	1546	3	3	trialwise	1760;3508;5174	1760;3508;5174	11;22;33	159;139;37	sub-010_ses-103_task-s11;sub-010_ses-203_task-s11;sub-010_ses-303_task-s11	1760	11	159	sub-010	ses-103	task-s11	1;2;3	11;11;11
1546	9656	1546	1547	3	3	trialwise	1725;3396;5220	1725;3396;5220	11;22;33	124;27;83	sub-010_ses-103_task-s11;sub-010_ses-203_task-s11;sub-010_ses-303_task-s11	1725	11	124	sub-010	ses-103	task-s11	1;2;3	11;11;11
1547	9680	1547	1548	3	3	trialwise	1579;3366;5111	1579;3366;5111	10;21;32	145;164;141	sub-010_ses-103_task-s10;sub-010_ses-203_task-s10;sub-010_ses-304_task-s10	1579	10	145	sub-010	ses-103	task-s10	1;2;3	10;10;10
1548	9699	1548	1549	3	3	trialwise	1473;3238;5073	1473;3238;5073	10;21;32	39;36;103	sub-010_ses-103_task-s10;sub-010_ses-203_task-s10;sub-010_ses-304_task-s10	1473	10	39	sub-010	ses-103	task-s10	1;2;3	10;10;10
1549	9719	1549	1550	3	3	trialwise	1458;3342;5033	1458;3342;5033	10;21;32	24;140;63	sub-010_ses-103_task-s10;sub-010_ses-203_task-s10;sub-010_ses-304_task-s10	1458	10	24	sub-010	ses-103	task-s10	1;2;3	10;10;10
1550	9746	1550	1551	3	3	trialwise	1377;3192;4934	1377;3192;4934	9;20;31	110;157;131	sub-010_ses-103_task-s9;sub-010_ses-203_task-s9;sub-010_ses-303_task-s9	1377	9	110	sub-010	ses-103	task-s9	1;2;3	9;9;9
1551	9759	1551	1552	3	3	trialwise	1533;3245;5058	1533;3245;5058	10;21;32	99;43;88	sub-010_ses-103_task-s10;sub-010_ses-203_task-s10;sub-010_ses-304_task-s10	1533	10	99	sub-010	ses-103	task-s10	1;2;3	10;10;10
1552	9766	1552	1553	3	3	trialwise	1708;3375;5207	1708;3375;5207	11;22;33	107;6;70	sub-010_ses-103_task-s11;sub-010_ses-203_task-s11;sub-010_ses-303_task-s11	1708	11	107	sub-010	ses-103	task-s11	1;2;3	11;11;11
1553	9794	1553	1554	3	3	trialwise	1400;3139;4848	1400;3139;4848	9;20;31	133;104;45	sub-010_ses-103_task-s9;sub-010_ses-203_task-s9;sub-010_ses-303_task-s9	1400	9	133	sub-010	ses-103	task-s9	1;2;3	9;9;9
1554	9814	1554	1555	3	3	trialwise	1555;3251;5041	1555;3251;5041	10;21;32	121;49;71	sub-010_ses-103_task-s10;sub-010_ses-203_task-s10;sub-010_ses-304_task-s10	1555	10	121	sub-010	ses-103	task-s10	1;2;3	10;10;10
1555	9838	1555	1556	3	3	trialwise	1309;3198;4880	1309;3198;4880	9;20;31	42;163;77	sub-010_ses-103_task-s9;sub-010_ses-203_task-s9;sub-010_ses-303_task-s9	1309	9	42	sub-010	ses-103	task-s9	1;2;3	9;9;9
1556	9844	1556	1557	3	3	trialwise	1719;3500;5173	1719;3500;5173	11;22;33	118;131;36	sub-010_ses-103_task-s11;sub-010_ses-203_task-s11;sub-010_ses-303_task-s11	1719	11	118	sub-010	ses-103	task-s11	1;2;3	11;11;11
1557	9846	1557	1558	3	3	trialwise	1549;3323;4980	1549;3323;4980	10;21;32	115;121;10	sub-010_ses-103_task-s10;sub-010_ses-203_task-s10;sub-010_ses-304_task-s10	1549	10	115	sub-010	ses-103	task-s10	1;2;3	10;10;10
1558	9884	1558	1559	3	3	trialwise	1356;3127;4853	1356;3127;4853	9;20;31	89;92;50	sub-010_ses-103_task-s9;sub-010_ses-203_task-s9;sub-010_ses-303_task-s9	1356	9	89	sub-010	ses-103	task-s9	1;2;3	9;9;9
1559	9888	1559	1560	3	3	trialwise	1492;3283;5012	1492;3283;5012	10;21;32	58;81;42	sub-010_ses-103_task-s10;sub-010_ses-203_task-s10;sub-010_ses-304_task-s10	1492	10	58	sub-010	ses-103	task-s10	1;2;3	10;10;10
1560	9944	1560	1561	3	3	trialwise	1677;3472;5251	1677;3472;5251	11;22;33	76;103;114	sub-010_ses-103_task-s11;sub-010_ses-203_task-s11;sub-010_ses-303_task-s11	1677	11	76	sub-010	ses-103	task-s11	1;2;3	11;11;11
1561	9949	1561	1562	3	3	trialwise	1443;3340;4990	1443;3340;4990	10;21;32	9;138;20	sub-010_ses-103_task-s10;sub-010_ses-203_task-s10;sub-010_ses-304_task-s10	1443	10	9	sub-010	ses-103	task-s10	1;2;3	10;10;10
1562	9968	1562	1563	3	3	trialwise	1325;3072;4872	1325;3072;4872	9;20;31	58;37;69	sub-010_ses-103_task-s9;sub-010_ses-203_task-s9;sub-010_ses-303_task-s9	1325	9	58	sub-010	ses-103	task-s9	1;2;3	9;9;9
1563	9993	1563	1564	3	3	trialwise	1431;3177;4806	1431;3177;4806	9;20;31	164;142;3	sub-010_ses-103_task-s9;sub-010_ses-203_task-s9;sub-010_ses-303_task-s9	1431	9	164	sub-010	ses-103	task-s9	1;2;3	9;9;9
1564	10019	1564	1565	3	3	trialwise	1698;3444;5217	1698;3444;5217	11;22;33	97;75;80	sub-010_ses-103_task-s11;sub-010_ses-203_task-s11;sub-010_ses-303_task-s11	1698	11	97	sub-010	ses-103	task-s11	1;2;3	11;11;11
1565	10039	1565	1566	3	3	trialwise	1422;3131;4865	1422;3131;4865	9;20;31	155;96;62	sub-010_ses-103_task-s9;sub-010_ses-203_task-s9;sub-010_ses-303_task-s9	1422	9	155	sub-010	ses-103	task-s9	1;2;3	9;9;9
1566	10059	1566	1567	3	3	trialwise	1701;3372;5241	1701;3372;5241	11;22;33	100;3;104	sub-010_ses-103_task-s11;sub-010_ses-203_task-s11;sub-010_ses-303_task-s11	1701	11	100	sub-010	ses-103	task-s11	1;2;3	11;11;11
1567	10079	1567	1568	3	3	trialwise	1302;3086;4863	1302;3086;4863	9;20;31	35;51;60	sub-010_ses-103_task-s9;sub-010_ses-203_task-s9;sub-010_ses-303_task-s9	1302	9	35	sub-010	ses-103	task-s9	1;2;3	9;9;9
1568	10099	1568	1569	3	3	trialwise	1506;3220;5007	1506;3220;5007	10;21;32	72;18;37	sub-010_ses-103_task-s10;sub-010_ses-203_task-s10;sub-010_ses-304_task-s10	1506	10	72	sub-010	ses-103	task-s10	1;2;3	10;10;10
1569	10114	1569	1570	3	3	trialwise	1659;3414;5212	1659;3414;5212	11;22;33	58;45;75	sub-010_ses-103_task-s11;sub-010_ses-203_task-s11;sub-010_ses-303_task-s11	1659	11	58	sub-010	ses-103	task-s11	1;2;3	11;11;11
1570	10133	1570	1571	3	3	trialwise	1516;3326;5013	1516;3326;5013	10;21;32	82;124;43	sub-010_ses-103_task-s10;sub-010_ses-203_task-s10;sub-010_ses-304_task-s10	1516	10	82	sub-010	ses-103	task-s10	1;2;3	10;10;10
1571	10136	1571	1572	3	3	trialwise	1746;3433;5146	1746;3433;5146	11;22;33	145;64;9	sub-010_ses-103_task-s11;sub-010_ses-203_task-s11;sub-010_ses-303_task-s11	1746	11	145	sub-010	ses-103	task-s11	1;2;3	11;11;11
1572	10166	1572	1573	3	3	trialwise	1744;3378;5296	1744;3378;5296	11;22;33	143;9;159	sub-010_ses-103_task-s11;sub-010_ses-203_task-s11;sub-010_ses-303_task-s11	1744	11	143	sub-010	ses-103	task-s11	1;2;3	11;11;11
1573	10176	1573	1574	3	3	trialwise	1641;3439;5149	1641;3439;5149	11;22;33	40;70;12	sub-010_ses-103_task-s11;sub-010_ses-203_task-s11;sub-010_ses-303_task-s11	1641	11	40	sub-010	ses-103	task-s11	1;2;3	11;11;11
1574	10203	1574	1575	3	3	trialwise	1560;3333;5043	1560;3333;5043	10;21;32	126;131;73	sub-010_ses-103_task-s10;sub-010_ses-203_task-s10;sub-010_ses-304_task-s10	1560	10	126	sub-010	ses-103	task-s10	1;2;3	10;10;10
1575	10229	1575	1576	3	3	trialwise	1426;3091;4815	1426;3091;4815	9;20;31	159;56;12	sub-010_ses-103_task-s9;sub-010_ses-203_task-s9;sub-010_ses-303_task-s9	1426	9	159	sub-010	ses-103	task-s9	1;2;3	9;9;9
1576	10264	1576	1577	3	3	trialwise	1323;3138;4920	1323;3138;4920	9;20;31	56;103;117	sub-010_ses-103_task-s9;sub-010_ses-203_task-s9;sub-010_ses-303_task-s9	1323	9	56	sub-010	ses-103	task-s9	1;2;3	9;9;9
1577	10276	1577	1578	3	3	trialwise	1553;3294;4977	1553;3294;4977	10;21;32	119;92;7	sub-010_ses-103_task-s10;sub-010_ses-203_task-s10;sub-010_ses-304_task-s10	1553	10	119	sub-010	ses-103	task-s10	1;2;3	10;10;10
1578	10307	1578	1579	3	3	trialwise	1649;3473;5163	1649;3473;5163	11;22;33	48;104;26	sub-010_ses-103_task-s11;sub-010_ses-203_task-s11;sub-010_ses-303_task-s11	1649	11	48	sub-010	ses-103	task-s11	1;2;3	11;11;11
1579	10310	1579	1580	3	3	trialwise	1455;3295;5116	1455;3295;5116	10;21;32	21;93;146	sub-010_ses-103_task-s10;sub-010_ses-203_task-s10;sub-010_ses-304_task-s10	1455	10	21	sub-010	ses-103	task-s10	1;2;3	10;10;10
1580	10332	1580	1581	3	3	trialwise	1571;3299;5127	1571;3299;5127	10;21;32	137;97;157	sub-010_ses-103_task-s10;sub-010_ses-203_task-s10;sub-010_ses-304_task-s10	1571	10	137	sub-010	ses-103	task-s10	1;2;3	10;10;10
1581	10359	1581	1582	3	3	trialwise	1693;3420;5297	1693;3420;5297	11;22;33	92;51;160	sub-010_ses-103_task-s11;sub-010_ses-203_task-s11;sub-010_ses-303_task-s11	1693	11	92	sub-010	ses-103	task-s11	1;2;3	11;11;11
1582	10372	1582	1583	3	3	trialwise	1428;3173;4875	1428;3173;4875	9;20;31	161;138;72	sub-010_ses-103_task-s9;sub-010_ses-203_task-s9;sub-010_ses-303_task-s9	1428	9	161	sub-010	ses-103	task-s9	1;2;3	9;9;9
1583	10399	1583	1584	3	3	trialwise	1295;3110;4883	1295;3110;4883	9;20;31	28;75;80	sub-010_ses-103_task-s9;sub-010_ses-203_task-s9;sub-010_ses-303_task-s9	1295	9	28	sub-010	ses-103	task-s9	1;2;3	9;9;9
1584	10411	1584	1585	3	3	trialwise	1290;3120;4813	1290;3120;4813	9;20;31	23;85;10	sub-010_ses-103_task-s9;sub-010_ses-203_task-s9;sub-010_ses-303_task-s9	1290	9	23	sub-010	ses-103	task-s9	1;2;3	9;9;9
1585	10427	1585	1586	3	3	trialwise	1318;3166;4842	1318;3166;4842	9;20;31	51;131;39	sub-010_ses-103_task-s9;sub-010_ses-203_task-s9;sub-010_ses-303_task-s9	1318	9	51	sub-010	ses-103	task-s9	1;2;3	9;9;9
1586	10445	1586	1587	3	3	trialwise	1446;3285;5055	1446;3285;5055	10;21;32	12;83;85	sub-010_ses-103_task-s10;sub-010_ses-203_task-s10;sub-010_ses-304_task-s10	1446	10	12	sub-010	ses-103	task-s10	1;2;3	10;10;10
1587	10447	1587	1588	3	3	trialwise	1740;3495;5267	1740;3495;5267	11;22;33	139;126;130	sub-010_ses-103_task-s11;sub-010_ses-203_task-s11;sub-010_ses-303_task-s11	1740	11	139	sub-010	ses-103	task-s11	1;2;3	11;11;11
1588	10502	1588	1589	3	3	trialwise	1561;3320;5053	1561;3320;5053	10;21;32	127;118;83	sub-010_ses-103_task-s10;sub-010_ses-203_task-s10;sub-010_ses-304_task-s10	1561	10	127	sub-010	ses-103	task-s10	1;2;3	10;10;10
1589	10508	1589	1590	3	3	trialwise	1317;3168;4814	1317;3168;4814	9;20;31	50;133;11	sub-010_ses-103_task-s9;sub-010_ses-203_task-s9;sub-010_ses-303_task-s9	1317	9	50	sub-010	ses-103	task-s9	1;2;3	9;9;9
1590	10536	1590	1591	3	3	trialwise	1303;3071;4927	1303;3071;4927	9;20;31	36;36;124	sub-010_ses-103_task-s9;sub-010_ses-203_task-s9;sub-010_ses-303_task-s9	1303	9	36	sub-010	ses-103	task-s9	1;2;3	9;9;9
1591	10539	1591	1592	3	3	trialwise	1578;3281;5030	1578;3281;5030	10;21;32	144;79;60	sub-010_ses-103_task-s10;sub-010_ses-203_task-s10;sub-010_ses-304_task-s10	1578	10	144	sub-010	ses-103	task-s10	1;2;3	10;10;10
1592	10569	1592	1593	3	3	trialwise	1646;3464;5292	1646;3464;5292	11;22;33	45;95;155	sub-010_ses-103_task-s11;sub-010_ses-203_task-s11;sub-010_ses-303_task-s11	1646	11	45	sub-010	ses-103	task-s11	1;2;3	11;11;11
1593	10592	1593	1594	3	3	trialwise	1277;3056;4918	1277;3056;4918	9;20;31	10;21;115	sub-010_ses-103_task-s9;sub-010_ses-203_task-s9;sub-010_ses-303_task-s9	1277	9	10	sub-010	ses-103	task-s9	1;2;3	9;9;9
1594	10614	1594	1595	3	3	trialwise	1435;3303;5115	1435;3303;5115	10;21;32	1;101;145	sub-010_ses-103_task-s10;sub-010_ses-203_task-s10;sub-010_ses-304_task-s10	1435	10	1	sub-010	ses-103	task-s10	1;2;3	10;10;10
1595	10620	1595	1596	3	3	trialwise	1494;3311;5035	1494;3311;5035	10;21;32	60;109;65	sub-010_ses-103_task-s10;sub-010_ses-203_task-s10;sub-010_ses-304_task-s10	1494	10	60	sub-010	ses-103	task-s10	1;2;3	10;10;10
1596	10651	1596	1597	3	3	trialwise	1315;3180;4870	1315;3180;4870	9;20;31	48;145;67	sub-010_ses-103_task-s9;sub-010_ses-203_task-s9;sub-010_ses-303_task-s9	1315	9	48	sub-010	ses-103	task-s9	1;2;3	9;9;9
1597	10675	1597	1598	3	3	trialwise	1343;3155;4881	1343;3155;4881	9;20;31	76;120;78	sub-010_ses-103_task-s9;sub-010_ses-203_task-s9;sub-010_ses-303_task-s9	1343	9	76	sub-010	ses-103	task-s9	1;2;3	9;9;9
1598	10688	1598	1599	3	3	trialwise	1529;3293;4988	1529;3293;4988	10;21;32	95;91;18	sub-010_ses-103_task-s10;sub-010_ses-203_task-s10;sub-010_ses-304_task-s10	1529	10	95	sub-010	ses-103	task-s10	1;2;3	10;10;10
1599	10689	1599	1600	3	3	trialwise	1498;3348;5097	1498;3348;5097	10;21;32	64;146;127	sub-010_ses-103_task-s10;sub-010_ses-203_task-s10;sub-010_ses-304_task-s10	1498	10	64	sub-010	ses-103	task-s10	1;2;3	10;10;10
1600	10745	1600	1601	3	3	trialwise	1748;3422;5279	1748;3422;5279	11;22;33	147;53;142	sub-010_ses-103_task-s11;sub-010_ses-203_task-s11;sub-010_ses-303_task-s11	1748	11	147	sub-010	ses-103	task-s11	1;2;3	11;11;11
1601	10760	1601	1602	3	3	trialwise	1281;3090;4897	1281;3090;4897	9;20;31	14;55;94	sub-010_ses-103_task-s9;sub-010_ses-203_task-s9;sub-010_ses-303_task-s9	1281	9	14	sub-010	ses-103	task-s9	1;2;3	9;9;9
1602	10784	1602	1603	3	3	trialwise	1413;3146;4854	1413;3146;4854	9;20;31	146;111;51	sub-010_ses-103_task-s9;sub-010_ses-203_task-s9;sub-010_ses-303_task-s9	1413	9	146	sub-010	ses-103	task-s9	1;2;3	9;9;9
1603	10796	1603	1604	3	3	trialwise	1475;3259;5038	1475;3259;5038	10;21;32	41;57;68	sub-010_ses-103_task-s10;sub-010_ses-203_task-s10;sub-010_ses-304_task-s10	1475	10	41	sub-010	ses-103	task-s10	1;2;3	10;10;10
1604	10805	1604	1605	3	3	trialwise	1474;3346;5014	1474;3346;5014	10;21;32	40;144;44	sub-010_ses-103_task-s10;sub-010_ses-203_task-s10;sub-010_ses-304_task-s10	1474	10	40	sub-010	ses-103	task-s10	1;2;3	10;10;10
1605	10813	1605	1606	3	3	trialwise	1654;3370;5182	1654;3370;5182	11;22;33	53;1;45	sub-010_ses-103_task-s11;sub-010_ses-203_task-s11;sub-010_ses-303_task-s11	1654	11	53	sub-010	ses-103	task-s11	1;2;3	11;11;11
1606	10856	1606	1607	3	3	trialwise	1417;3095;4827	1417;3095;4827	9;20;31	150;60;24	sub-010_ses-103_task-s9;sub-010_ses-203_task-s9;sub-010_ses-303_task-s9	1417	9	150	sub-010	ses-103	task-s9	1;2;3	9;9;9
1607	10861	1607	1608	3	3	trialwise	1593;3225;5042	1593;3225;5042	10;21;32	159;23;72	sub-010_ses-103_task-s10;sub-010_ses-203_task-s10;sub-010_ses-304_task-s10	1593	10	159	sub-010	ses-103	task-s10	1;2;3	10;10;10
1608	10894	1608	1609	3	3	trialwise	1595;3231;4984	1595;3231;4984	10;21;32	161;29;14	sub-010_ses-103_task-s10;sub-010_ses-203_task-s10;sub-010_ses-304_task-s10	1595	10	161	sub-010	ses-103	task-s10	1;2;3	10;10;10
1609	10898	1609	1610	3	3	trialwise	1767;3521;5298	1767;3521;5298	11;22;33	166;152;161	sub-010_ses-103_task-s11;sub-010_ses-203_task-s11;sub-010_ses-303_task-s11	1767	11	166	sub-010	ses-103	task-s11	1;2;3	11;11;11
1610	10923	1610	1611	3	3	trialwise	1695;3385;5299	1695;3385;5299	11;22;33	94;16;162	sub-010_ses-103_task-s11;sub-010_ses-203_task-s11;sub-010_ses-303_task-s11	1695	11	94	sub-010	ses-103	task-s11	1;2;3	11;11;11
1611	10927	1611	1612	3	3	trialwise	1404;3075;4834	1404;3075;4834	9;20;31	137;40;31	sub-010_ses-103_task-s9;sub-010_ses-203_task-s9;sub-010_ses-303_task-s9	1404	9	137	sub-010	ses-103	task-s9	1;2;3	9;9;9
1612	10982	1612	1613	3	3	trialwise	1653;3487;5273	1653;3487;5273	11;22;33	52;118;136	sub-010_ses-103_task-s11;sub-010_ses-203_task-s11;sub-010_ses-303_task-s11	1653	11	52	sub-010	ses-103	task-s11	1;2;3	11;11;11
1613	10989	1613	1614	3	3	trialwise	1421;3103;4808	1421;3103;4808	9;20;31	154;68;5	sub-010_ses-103_task-s9;sub-010_ses-203_task-s9;sub-010_ses-303_task-s9	1421	9	154	sub-010	ses-103	task-s9	1;2;3	9;9;9
1614	11017	1614	1615	3	3	trialwise	1406;3052;4896	1406;3052;4896	9;20;31	139;17;93	sub-010_ses-103_task-s9;sub-010_ses-203_task-s9;sub-010_ses-303_task-s9	1406	9	139	sub-010	ses-103	task-s9	1;2;3	9;9;9
1615	11040	1615	1616	3	3	trialwise	1378;3184;4819	1378;3184;4819	9;20;31	111;149;16	sub-010_ses-103_task-s9;sub-010_ses-203_task-s9;sub-010_ses-303_task-s9	1378	9	111	sub-010	ses-103	task-s9	1;2;3	9;9;9
1616	11066	1616	1617	3	3	trialwise	1405;3057;4832	1405;3057;4832	9;20;31	138;22;29	sub-010_ses-103_task-s9;sub-010_ses-203_task-s9;sub-010_ses-303_task-s9	1405	9	138	sub-010	ses-103	task-s9	1;2;3	9;9;9
1617	11076	1617	1618	3	3	trialwise	1532;3334;4993	1532;3334;4993	10;21;32	98;132;23	sub-010_ses-103_task-s10;sub-010_ses-203_task-s10;sub-010_ses-304_task-s10	1532	10	98	sub-010	ses-103	task-s10	1;2;3	10;10;10
1618	11106	1618	1619	3	3	trialwise	1350;3113;4912	1350;3113;4912	9;20;31	83;78;109	sub-010_ses-103_task-s9;sub-010_ses-203_task-s9;sub-010_ses-303_task-s9	1350	9	83	sub-010	ses-103	task-s9	1;2;3	9;9;9
1619	11119	1619	1620	3	3	trialwise	1556;3315;5126	1556;3315;5126	10;21;32	122;113;156	sub-010_ses-103_task-s10;sub-010_ses-203_task-s10;sub-010_ses-304_task-s10	1556	10	122	sub-010	ses-103	task-s10	1;2;3	10;10;10
1620	11121	1620	1621	3	3	trialwise	1239;2969;4724	1239;2969;4724	8;19;30	130;92;79	sub-010_ses-102_task-s8;sub-010_ses-202_task-s8;sub-010_ses-302_task-s8	1239	8	130	sub-010	ses-102	task-s8	1;2;3	8;8;8
1621	11122	1621	1622	3	3	trialwise	693;2528;4241	693;2528;4241	5;16;27	58;125;70	sub-010_ses-102_task-s5;sub-010_ses-202_task-s5;sub-010_ses-302_task-s5	693	5	58	sub-010	ses-102	task-s5	1;2;3	5;5;5
1622	11123	1622	1623	3	3	trialwise	264;1927;3736	264;1927;3736	2;13;24	106;1;42	sub-010_ses-101_task-s2;sub-010_ses-201_task-s2;sub-010_ses-301_task-s2	264	2	106	sub-010	ses-101	task-s2	1;2;3	2;2;2
1623	11124	1623	1624	3	3	trialwise	80;1788;3556	80;1788;3556	1;12;23	81;21;21	sub-010_ses-101_task-s1;sub-010_ses-201_task-s1;sub-010_ses-301_task-s1	80	1	81	sub-010	ses-101	task-s1	1;2;3	1;1;1
1624	11125	1624	1625	3	3	trialwise	928;2600;4356	928;2600;4356	6;17;28	135;39;27	sub-010_ses-102_task-s6;sub-010_ses-202_task-s6;sub-010_ses-302_task-s6	928	6	135	sub-010	ses-102	task-s6	1;2;3	6;6;6
1625	11126	1625	1626	3	3	trialwise	1132;2955;4696	1132;2955;4696	8;19;30	23;78;51	sub-010_ses-102_task-s8;sub-010_ses-202_task-s8;sub-010_ses-302_task-s8	1132	8	23	sub-010	ses-102	task-s8	1;2;3	8;8;8
1626	11127	1626	1627	3	3	trialwise	627;2293;4143	627;2293;4143	4;15;26	151;49;131	sub-010_ses-102_task-s4;sub-010_ses-201_task-s4;sub-010_ses-301_task-s4	627	4	151	sub-010	ses-102	task-s4	1;2;3	4;4;4
1627	11128	1627	1628	3	3	trialwise	156;1903;3671	156;1903;3671	1;12;23	157;136;136	sub-010_ses-101_task-s1;sub-010_ses-201_task-s1;sub-010_ses-301_task-s1	156	1	157	sub-010	ses-101	task-s1	1;2;3	1;1;1
1628	11129	1628	1629	3	3	trialwise	946;2700;4445	946;2700;4445	6;17;28	153;139;116	sub-010_ses-102_task-s6;sub-010_ses-202_task-s6;sub-010_ses-302_task-s6	946	6	153	sub-010	ses-102	task-s6	1;2;3	6;6;6
1629	11130	1629	1630	3	3	trialwise	52;1859;3627	52;1859;3627	1;12;23	53;92;92	sub-010_ses-101_task-s1;sub-010_ses-201_task-s1;sub-010_ses-301_task-s1	52	1	53	sub-010	ses-101	task-s1	1;2;3	1;1;1
1630	11131	1630	1631	3	3	trialwise	132;1856;3624	132;1856;3624	1;12;23	133;89;89	sub-010_ses-101_task-s1;sub-010_ses-201_task-s1;sub-010_ses-301_task-s1	132	1	133	sub-010	ses-101	task-s1	1;2;3	1;1;1
1631	11132	1631	1632	3	3	trialwise	857;2632;4412	857;2632;4412	6;17;28	64;71;83	sub-010_ses-102_task-s6;sub-010_ses-202_task-s6;sub-010_ses-302_task-s6	857	6	64	sub-010	ses-102	task-s6	1;2;3	6;6;6
1632	11133	1632	1633	3	3	trialwise	178;2062;3757	178;2062;3757	2;13;24	20;136;63	sub-010_ses-101_task-s2;sub-010_ses-201_task-s2;sub-010_ses-301_task-s2	178	2	20	sub-010	ses-101	task-s2	1;2;3	2;2;2
1633	11134	1633	1634	3	3	trialwise	233;2018;3811	233;2018;3811	2;13;24	75;92;117	sub-010_ses-101_task-s2;sub-010_ses-201_task-s2;sub-010_ses-301_task-s2	233	2	75	sub-010	ses-101	task-s2	1;2;3	2;2;2
1634	11135	1634	1635	3	3	trialwise	839;2690;4419	839;2690;4419	6;17;28	46;129;90	sub-010_ses-102_task-s6;sub-010_ses-202_task-s6;sub-010_ses-302_task-s6	839	6	46	sub-010	ses-102	task-s6	1;2;3	6;6;6
1635	11136	1635	1636	3	3	trialwise	622;2376;4076	622;2376;4076	4;15;26	146;132;64	sub-010_ses-102_task-s4;sub-010_ses-201_task-s4;sub-010_ses-301_task-s4	622	4	146	sub-010	ses-102	task-s4	1;2;3	4;4;4
1636	11137	1636	1637	3	3	trialwise	0;1791;3559	0;1791;3559	1;12;23	1;24;24	sub-010_ses-101_task-s1;sub-010_ses-201_task-s1;sub-010_ses-301_task-s1	0	1	1	sub-010	ses-101	task-s1	1;2;3	1;1;1
1637	11138	1637	1638	3	3	trialwise	432;2174;3888	432;2174;3888	3;14;25	115;89;35	sub-010_ses-101_task-s3;sub-010_ses-201_task-s3;sub-010_ses-301_task-s3	432	3	115	sub-010	ses-101	task-s3	1;2;3	3;3;3
1638	11139	1638	1639	3	3	trialwise	152;1901;3669	152;1901;3669	1;12;23	153;134;134	sub-010_ses-101_task-s1;sub-010_ses-201_task-s1;sub-010_ses-301_task-s1	152	1	153	sub-010	ses-101	task-s1	1;2;3	1;1;1
1639	11140	1639	1640	3	3	trialwise	641;2415;4268	641;2415;4268	5;16;27	6;12;97	sub-010_ses-102_task-s5;sub-010_ses-202_task-s5;sub-010_ses-302_task-s5	641	5	6	sub-010	ses-102	task-s5	1;2;3	5;5;5
1640	11141	1640	1641	3	3	trialwise	253;2054;3732	253;2054;3732	2;13;24	95;128;38	sub-010_ses-101_task-s2;sub-010_ses-201_task-s2;sub-010_ses-301_task-s2	253	2	95	sub-010	ses-101	task-s2	1;2;3	2;2;2
1641	11142	1641	1642	3	3	trialwise	833;2711;4482	833;2711;4482	6;17;28	40;150;153	sub-010_ses-102_task-s6;sub-010_ses-202_task-s6;sub-010_ses-302_task-s6	833	6	40	sub-010	ses-102	task-s6	1;2;3	6;6;6
1642	11143	1642	1643	3	3	trialwise	466;2186;3905	466;2186;3905	3;14;25	149;101;52	sub-010_ses-101_task-s3;sub-010_ses-201_task-s3;sub-010_ses-301_task-s3	466	3	149	sub-010	ses-101	task-s3	1;2;3	3;3;3
1643	11144	1643	1644	3	3	trialwise	702;2520;4235	702;2520;4235	5;16;27	67;117;64	sub-010_ses-102_task-s5;sub-010_ses-202_task-s5;sub-010_ses-302_task-s5	702	5	67	sub-010	ses-102	task-s5	1;2;3	5;5;5
1644	11145	1644	1645	3	3	trialwise	1247;2964;4738	1247;2964;4738	8;19;30	138;87;93	sub-010_ses-102_task-s8;sub-010_ses-202_task-s8;sub-010_ses-302_task-s8	1247	8	138	sub-010	ses-102	task-s8	1;2;3	8;8;8
1645	11146	1645	1646	3	3	trialwise	100;1864;3632	100;1864;3632	1;12;23	101;97;97	sub-010_ses-101_task-s1;sub-010_ses-201_task-s1;sub-010_ses-301_task-s1	100	1	101	sub-010	ses-101	task-s1	1;2;3	1;1;1
1646	11147	1646	1647	3	3	trialwise	383;2118;3871	383;2118;3871	3;14;25	66;33;18	sub-010_ses-101_task-s3;sub-010_ses-201_task-s3;sub-010_ses-301_task-s3	383	3	66	sub-010	ses-101	task-s3	1;2;3	3;3;3
1647	11148	1647	1648	3	3	trialwise	919;2680;4355	919;2680;4355	6;17;28	126;119;26	sub-010_ses-102_task-s6;sub-010_ses-202_task-s6;sub-010_ses-302_task-s6	919	6	126	sub-010	ses-102	task-s6	1;2;3	6;6;6
1648	11149	1648	1649	3	3	trialwise	760;2544;4253	760;2544;4253	5;16;27	125;141;82	sub-010_ses-102_task-s5;sub-010_ses-202_task-s5;sub-010_ses-302_task-s5	760	5	125	sub-010	ses-102	task-s5	1;2;3	5;5;5
1649	11150	1649	1650	3	3	trialwise	115;1826;3594	115;1826;3594	1;12;23	116;59;59	sub-010_ses-101_task-s1;sub-010_ses-201_task-s1;sub-010_ses-301_task-s1	115	1	116	sub-010	ses-101	task-s1	1;2;3	1;1;1
1650	11151	1650	1651	3	3	trialwise	154;1849;3617	154;1849;3617	1;12;23	155;82;82	sub-010_ses-101_task-s1;sub-010_ses-201_task-s1;sub-010_ses-301_task-s1	154	1	155	sub-010	ses-101	task-s1	1;2;3	1;1;1
1651	11152	1651	1652	3	3	trialwise	976;2822;4569	976;2822;4569	7;18;29	25;103;82	sub-010_ses-102_task-s7;sub-010_ses-202_task-s7;sub-010_ses-302_task-s7	976	7	25	sub-010	ses-102	task-s7	1;2;3	7;7;7
1652	11153	1652	1653	3	3	trialwise	758;2540;4269	758;2540;4269	5;16;27	123;137;98	sub-010_ses-102_task-s5;sub-010_ses-202_task-s5;sub-010_ses-302_task-s5	758	5	123	sub-010	ses-102	task-s5	1;2;3	5;5;5
1653	11154	1653	1654	3	3	trialwise	135;1833;3601	135;1833;3601	1;12;23	136;66;66	sub-010_ses-101_task-s1;sub-010_ses-201_task-s1;sub-010_ses-301_task-s1	135	1	136	sub-010	ses-101	task-s1	1;2;3	1;1;1
1654	11155	1654	1655	3	3	trialwise	476;2218;3998	476;2218;3998	3;14;25	159;133;145	sub-010_ses-101_task-s3;sub-010_ses-201_task-s3;sub-010_ses-301_task-s3	476	3	159	sub-010	ses-101	task-s3	1;2;3	3;3;3
1655	11156	1655	1656	3	3	trialwise	756;2424;4270	756;2424;4270	5;16;27	121;21;99	sub-010_ses-102_task-s5;sub-010_ses-202_task-s5;sub-010_ses-302_task-s5	756	5	121	sub-010	ses-102	task-s5	1;2;3	5;5;5
1656	11157	1656	1657	3	3	trialwise	676;2497;4181	676;2497;4181	5;16;27	41;94;10	sub-010_ses-102_task-s5;sub-010_ses-202_task-s5;sub-010_ses-302_task-s5	676	5	41	sub-010	ses-102	task-s5	1;2;3	5;5;5
1657	11158	1657	1658	3	3	trialwise	881;2710;4392	881;2710;4392	6;17;28	88;149;63	sub-010_ses-102_task-s6;sub-010_ses-202_task-s6;sub-010_ses-302_task-s6	881	6	88	sub-010	ses-102	task-s6	1;2;3	6;6;6
1658	11159	1658	1659	3	3	trialwise	509;2287;4034	509;2287;4034	4;15;26	33;43;22	sub-010_ses-102_task-s4;sub-010_ses-201_task-s4;sub-010_ses-301_task-s4	509	4	33	sub-010	ses-102	task-s4	1;2;3	4;4;4
1659	11160	1659	1660	3	3	trialwise	249;2041;3738	249;2041;3738	2;13;24	91;115;44	sub-010_ses-101_task-s2;sub-010_ses-201_task-s2;sub-010_ses-301_task-s2	249	2	91	sub-010	ses-101	task-s2	1;2;3	2;2;2
1660	11161	1660	1661	3	3	trialwise	524;2272;4167	524;2272;4167	4;15;26	48;28;155	sub-010_ses-102_task-s4;sub-010_ses-201_task-s4;sub-010_ses-301_task-s4	524	4	48	sub-010	ses-102	task-s4	1;2;3	4;4;4
1661	11162	1661	1662	3	3	trialwise	232;1970;3802	232;1970;3802	2;13;24	74;44;108	sub-010_ses-101_task-s2;sub-010_ses-201_task-s2;sub-010_ses-301_task-s2	232	2	74	sub-010	ses-101	task-s2	1;2;3	2;2;2
1662	11163	1662	1663	3	3	trialwise	330;2135;3910	330;2135;3910	3;14;25	13;50;57	sub-010_ses-101_task-s3;sub-010_ses-201_task-s3;sub-010_ses-301_task-s3	330	3	13	sub-010	ses-101	task-s3	1;2;3	3;3;3
1663	11164	1663	1664	3	3	trialwise	722;2471;4185	722;2471;4185	5;16;27	87;68;14	sub-010_ses-102_task-s5;sub-010_ses-202_task-s5;sub-010_ses-302_task-s5	722	5	87	sub-010	ses-102	task-s5	1;2;3	5;5;5
1664	11165	1664	1665	3	3	trialwise	376;2206;3990	376;2206;3990	3;14;25	59;121;137	sub-010_ses-101_task-s3;sub-010_ses-201_task-s3;sub-010_ses-301_task-s3	376	3	59	sub-010	ses-101	task-s3	1;2;3	3;3;3
1665	11166	1665	1666	3	3	trialwise	1113;3001;4787	1113;3001;4787	8;19;30	4;124;142	sub-010_ses-102_task-s8;sub-010_ses-202_task-s8;sub-010_ses-302_task-s8	1113	8	4	sub-010	ses-102	task-s8	1;2;3	8;8;8
1666	11167	1666	1667	3	3	trialwise	316;2074;3769	316;2074;3769	2;13;24	158;148;75	sub-010_ses-101_task-s2;sub-010_ses-201_task-s2;sub-010_ses-301_task-s2	316	2	158	sub-010	ses-101	task-s2	1;2;3	2;2;2
1667	11168	1667	1668	3	3	trialwise	411;2087;3989	411;2087;3989	3;14;25	94;2;136	sub-010_ses-101_task-s3;sub-010_ses-201_task-s3;sub-010_ses-301_task-s3	411	3	94	sub-010	ses-101	task-s3	1;2;3	3;3;3
1668	11169	1668	1669	3	3	trialwise	845;2577;4342	845;2577;4342	6;17;28	52;16;13	sub-010_ses-102_task-s6;sub-010_ses-202_task-s6;sub-010_ses-302_task-s6	845	6	52	sub-010	ses-102	task-s6	1;2;3	6;6;6
1669	11170	1669	1670	3	3	trialwise	408;2129;3977	408;2129;3977	3;14;25	91;44;124	sub-010_ses-101_task-s3;sub-010_ses-201_task-s3;sub-010_ses-301_task-s3	408	3	91	sub-010	ses-101	task-s3	1;2;3	3;3;3
1670	11171	1670	1671	3	3	trialwise	531;2298;4137	531;2298;4137	4;15;26	55;54;125	sub-010_ses-102_task-s4;sub-010_ses-201_task-s4;sub-010_ses-301_task-s4	531	4	55	sub-010	ses-102	task-s4	1;2;3	4;4;4
1671	11172	1671	1672	3	3	trialwise	1182;2890;4672	1182;2890;4672	8;19;30	73;13;27	sub-010_ses-102_task-s8;sub-010_ses-202_task-s8;sub-010_ses-302_task-s8	1182	8	73	sub-010	ses-102	task-s8	1;2;3	8;8;8
1672	11173	1672	1673	3	3	trialwise	6;1777;3545	6;1777;3545	1;12;23	7;10;10	sub-010_ses-101_task-s1;sub-010_ses-201_task-s1;sub-010_ses-301_task-s1	6	1	7	sub-010	ses-101	task-s1	1;2;3	1;1;1
1673	11174	1673	1674	3	3	trialwise	1009;2744;4493	1009;2744;4493	7;18;29	58;25;6	sub-010_ses-102_task-s7;sub-010_ses-202_task-s7;sub-010_ses-302_task-s7	1009	7	58	sub-010	ses-102	task-s7	1;2;3	7;7;7
1674	11175	1674	1675	3	3	trialwise	354;2244;3868	354;2244;3868	3;14;25	37;159;15	sub-010_ses-101_task-s3;sub-010_ses-201_task-s3;sub-010_ses-301_task-s3	354	3	37	sub-010	ses-101	task-s3	1;2;3	3;3;3
1675	11176	1675	1676	3	3	trialwise	638;2472;4196	638;2472;4196	5;16;27	3;69;25	sub-010_ses-102_task-s5;sub-010_ses-202_task-s5;sub-010_ses-302_task-s5	638	5	3	sub-010	ses-102	task-s5	1;2;3	5;5;5
1676	11177	1676	1677	3	3	trialwise	465;2109;3900	465;2109;3900	3;14;25	148;24;47	sub-010_ses-101_task-s3;sub-010_ses-201_task-s3;sub-010_ses-301_task-s3	465	3	148	sub-010	ses-101	task-s3	1;2;3	3;3;3
1677	11178	1677	1678	3	3	trialwise	493;2389;4053	493;2389;4053	4;15;26	17;145;41	sub-010_ses-102_task-s4;sub-010_ses-201_task-s4;sub-010_ses-301_task-s4	493	4	17	sub-010	ses-102	task-s4	1;2;3	4;4;4
1678	11179	1678	1679	3	3	trialwise	328;2156;3866	328;2156;3866	3;14;25	11;71;13	sub-010_ses-101_task-s3;sub-010_ses-201_task-s3;sub-010_ses-301_task-s3	328	3	11	sub-010	ses-101	task-s3	1;2;3	3;3;3
1679	11180	1679	1680	3	3	trialwise	1250;2983;4770	1250;2983;4770	8;19;30	141;106;125	sub-010_ses-102_task-s8;sub-010_ses-202_task-s8;sub-010_ses-302_task-s8	1250	8	141	sub-010	ses-102	task-s8	1;2;3	8;8;8
1680	11181	1680	1681	3	3	trialwise	1105;2757;4628	1105;2757;4628	7;18;29	154;38;141	sub-010_ses-102_task-s7;sub-010_ses-202_task-s7;sub-010_ses-302_task-s7	1105	7	154	sub-010	ses-102	task-s7	1;2;3	7;7;7
1681	11182	1681	1682	3	3	trialwise	645;2514;4227	645;2514;4227	5;16;27	10;111;56	sub-010_ses-102_task-s5;sub-010_ses-202_task-s5;sub-010_ses-302_task-s5	645	5	10	sub-010	ses-102	task-s5	1;2;3	5;5;5
1682	11183	1682	1683	3	3	trialwise	130;1806;3574	130;1806;3574	1;12;23	131;39;39	sub-010_ses-101_task-s1;sub-010_ses-201_task-s1;sub-010_ses-301_task-s1	130	1	131	sub-010	ses-101	task-s1	1;2;3	1;1;1
1683	11184	1683	1684	3	3	trialwise	10;1785;3553	10;1785;3553	1;12;23	11;18;18	sub-010_ses-101_task-s1;sub-010_ses-201_task-s1;sub-010_ses-301_task-s1	10	1	11	sub-010	ses-101	task-s1	1;2;3	1;1;1
1684	11185	1684	1685	3	3	trialwise	448;2120;3855	448;2120;3855	3;14;25	131;35;2	sub-010_ses-101_task-s3;sub-010_ses-201_task-s3;sub-010_ses-301_task-s3	448	3	131	sub-010	ses-101	task-s3	1;2;3	3;3;3
1685	11186	1685	1686	3	3	trialwise	712;2404;4208	712;2404;4208	5;16;27	77;1;37	sub-010_ses-102_task-s5;sub-010_ses-202_task-s5;sub-010_ses-302_task-s5	712	5	77	sub-010	ses-102	task-s5	1;2;3	5;5;5
1686	11187	1686	1687	3	3	trialwise	1149;2943;4763	1149;2943;4763	8;19;30	40;66;118	sub-010_ses-102_task-s8;sub-010_ses-202_task-s8;sub-010_ses-302_task-s8	1149	8	40	sub-010	ses-102	task-s8	1;2;3	8;8;8
1687	11188	1687	1688	3	3	trialwise	1043;2818;4511	1043;2818;4511	7;18;29	92;99;24	sub-010_ses-102_task-s7;sub-010_ses-202_task-s7;sub-010_ses-302_task-s7	1043	7	92	sub-010	ses-102	task-s7	1;2;3	7;7;7
1688	11189	1688	1689	3	3	trialwise	775;2450;4178	775;2450;4178	5;16;27	140;47;7	sub-010_ses-102_task-s5;sub-010_ses-202_task-s5;sub-010_ses-302_task-s5	775	5	140	sub-010	ses-102	task-s5	1;2;3	5;5;5
1689	11190	1689	1690	3	3	trialwise	195;2065;3717	195;2065;3717	2;13;24	37;139;23	sub-010_ses-101_task-s2;sub-010_ses-201_task-s2;sub-010_ses-301_task-s2	195	2	37	sub-010	ses-101	task-s2	1;2;3	2;2;2
1690	11191	1690	1691	3	3	trialwise	533;2292;4128	533;2292;4128	4;15;26	57;48;116	sub-010_ses-102_task-s4;sub-010_ses-201_task-s4;sub-010_ses-301_task-s4	533	4	57	sub-010	ses-102	task-s4	1;2;3	4;4;4
1691	11192	1691	1692	3	3	trialwise	108;1801;3569	108;1801;3569	1;12;23	109;34;34	sub-010_ses-101_task-s1;sub-010_ses-201_task-s1;sub-010_ses-301_task-s1	108	1	109	sub-010	ses-101	task-s1	1;2;3	1;1;1
1692	11193	1692	1693	3	3	trialwise	690;2441;4271	690;2441;4271	5;16;27	55;38;100	sub-010_ses-102_task-s5;sub-010_ses-202_task-s5;sub-010_ses-302_task-s5	690	5	55	sub-010	ses-102	task-s5	1;2;3	5;5;5
1693	11194	1693	1694	3	3	trialwise	513;2273;4116	513;2273;4116	4;15;26	37;29;104	sub-010_ses-102_task-s4;sub-010_ses-201_task-s4;sub-010_ses-301_task-s4	513	4	37	sub-010	ses-102	task-s4	1;2;3	4;4;4
1694	11195	1694	1695	3	3	trialwise	303;1966;3852	303;1966;3852	2;13;24	145;40;158	sub-010_ses-101_task-s2;sub-010_ses-201_task-s2;sub-010_ses-301_task-s2	303	2	145	sub-010	ses-101	task-s2	1;2;3	2;2;2
1695	11196	1695	1696	3	3	trialwise	276;1990;3772	276;1990;3772	2;13;24	118;64;78	sub-010_ses-101_task-s2;sub-010_ses-201_task-s2;sub-010_ses-301_task-s2	276	2	118	sub-010	ses-101	task-s2	1;2;3	2;2;2
1696	11197	1696	1697	3	3	trialwise	1080;2721;4643	1080;2721;4643	7;18;29	129;2;156	sub-010_ses-102_task-s7;sub-010_ses-202_task-s7;sub-010_ses-302_task-s7	1080	7	129	sub-010	ses-102	task-s7	1;2;3	7;7;7
1697	11198	1697	1698	3	3	trialwise	991;2759;4545	991;2759;4545	7;18;29	40;40;58	sub-010_ses-102_task-s7;sub-010_ses-202_task-s7;sub-010_ses-302_task-s7	991	7	40	sub-010	ses-102	task-s7	1;2;3	7;7;7
1698	11199	1698	1699	3	3	trialwise	1144;2886;4750	1144;2886;4750	8;19;30	35;9;105	sub-010_ses-102_task-s8;sub-010_ses-202_task-s8;sub-010_ses-302_task-s8	1144	8	35	sub-010	ses-102	task-s8	1;2;3	8;8;8
1699	11200	1699	1700	3	3	trialwise	143;1807;3575	143;1807;3575	1;12;23	144;40;40	sub-010_ses-101_task-s1;sub-010_ses-201_task-s1;sub-010_ses-301_task-s1	143	1	144	sub-010	ses-101	task-s1	1;2;3	1;1;1
1700	11201	1700	1701	3	3	trialwise	1233;2941;4774	1233;2941;4774	8;19;30	124;64;129	sub-010_ses-102_task-s8;sub-010_ses-202_task-s8;sub-010_ses-302_task-s8	1233	8	124	sub-010	ses-102	task-s8	1;2;3	8;8;8
1701	11202	1701	1702	3	3	trialwise	1135;2935;4717	1135;2935;4717	8;19;30	26;58;72	sub-010_ses-102_task-s8;sub-010_ses-202_task-s8;sub-010_ses-302_task-s8	1135	8	26	sub-010	ses-102	task-s8	1;2;3	8;8;8
1702	11203	1702	1703	3	3	trialwise	1192;3024;4688	1192;3024;4688	8;19;30	83;147;43	sub-010_ses-102_task-s8;sub-010_ses-202_task-s8;sub-010_ses-302_task-s8	1192	8	83	sub-010	ses-102	task-s8	1;2;3	8;8;8
1703	11204	1703	1704	3	3	trialwise	628;2312;4112	628;2312;4112	4;15;26	152;68;100	sub-010_ses-102_task-s4;sub-010_ses-201_task-s4;sub-010_ses-301_task-s4	628	4	152	sub-010	ses-102	task-s4	1;2;3	4;4;4
1704	11205	1704	1705	3	3	trialwise	798;2623;4417	798;2623;4417	6;17;28	5;62;88	sub-010_ses-102_task-s6;sub-010_ses-202_task-s6;sub-010_ses-302_task-s6	798	6	5	sub-010	ses-102	task-s6	1;2;3	6;6;6
1705	11206	1705	1706	3	3	trialwise	499;2299;4080	499;2299;4080	4;15;26	23;55;68	sub-010_ses-102_task-s4;sub-010_ses-201_task-s4;sub-010_ses-301_task-s4	499	4	23	sub-010	ses-102	task-s4	1;2;3	4;4;4
1706	11207	1706	1707	3	3	trialwise	250;2022;3807	250;2022;3807	2;13;24	92;96;113	sub-010_ses-101_task-s2;sub-010_ses-201_task-s2;sub-010_ses-301_task-s2	250	2	92	sub-010	ses-101	task-s2	1;2;3	2;2;2
1707	11208	1707	1708	3	3	trialwise	425;2204;3978	425;2204;3978	3;14;25	108;119;125	sub-010_ses-101_task-s3;sub-010_ses-201_task-s3;sub-010_ses-301_task-s3	425	3	108	sub-010	ses-101	task-s3	1;2;3	3;3;3
1708	11209	1708	1709	3	3	trialwise	1116;2936;4726	1116;2936;4726	8;19;30	7;59;81	sub-010_ses-102_task-s8;sub-010_ses-202_task-s8;sub-010_ses-302_task-s8	1116	8	7	sub-010	ses-102	task-s8	1;2;3	8;8;8
1709	11210	1709	1710	3	3	trialwise	277;2083;3827	277;2083;3827	2;13;24	119;157;133	sub-010_ses-101_task-s2;sub-010_ses-201_task-s2;sub-010_ses-301_task-s2	277	2	119	sub-010	ses-101	task-s2	1;2;3	2;2;2
1710	11211	1710	1711	3	3	trialwise	594;2332;4094	594;2332;4094	4;15;26	118;88;82	sub-010_ses-102_task-s4;sub-010_ses-201_task-s4;sub-010_ses-301_task-s4	594	4	118	sub-010	ses-102	task-s4	1;2;3	4;4;4
1711	11212	1711	1712	3	3	trialwise	360;2105;3959	360;2105;3959	3;14;25	43;20;106	sub-010_ses-101_task-s3;sub-010_ses-201_task-s3;sub-010_ses-301_task-s3	360	3	43	sub-010	ses-101	task-s3	1;2;3	3;3;3
1712	11213	1712	1713	3	3	trialwise	672;2490;4299	672;2490;4299	5;16;27	37;87;128	sub-010_ses-102_task-s5;sub-010_ses-202_task-s5;sub-010_ses-302_task-s5	672	5	37	sub-010	ses-102	task-s5	1;2;3	5;5;5
1713	11214	1713	1714	3	3	trialwise	785;2537;4206	785;2537;4206	5;16;27	150;134;35	sub-010_ses-102_task-s5;sub-010_ses-202_task-s5;sub-010_ses-302_task-s5	785	5	150	sub-010	ses-102	task-s5	1;2;3	5;5;5
1714	11215	1714	1715	3	3	trialwise	1154;2963;4779	1154;2963;4779	8;19;30	45;86;134	sub-010_ses-102_task-s8;sub-010_ses-202_task-s8;sub-010_ses-302_task-s8	1154	8	45	sub-010	ses-102	task-s8	1;2;3	8;8;8
1715	11216	1715	1716	3	3	trialwise	1121;2883;4801	1121;2883;4801	8;19;30	12;6;156	sub-010_ses-102_task-s8;sub-010_ses-202_task-s8;sub-010_ses-302_task-s8	1121	8	12	sub-010	ses-102	task-s8	1;2;3	8;8;8
1716	11217	1716	1717	3	3	trialwise	504;2352;4124	504;2352;4124	4;15;26	28;108;112	sub-010_ses-102_task-s4;sub-010_ses-201_task-s4;sub-010_ses-301_task-s4	504	4	28	sub-010	ses-102	task-s4	1;2;3	4;4;4
1717	11218	1717	1718	3	3	trialwise	783;2513;4186	783;2513;4186	5;16;27	148;110;15	sub-010_ses-102_task-s5;sub-010_ses-202_task-s5;sub-010_ses-302_task-s5	783	5	148	sub-010	ses-102	task-s5	1;2;3	5;5;5
1718	11219	1718	1719	3	3	trialwise	53;1834;3602	53;1834;3602	1;12;23	54;67;67	sub-010_ses-101_task-s1;sub-010_ses-201_task-s1;sub-010_ses-301_task-s1	53	1	54	sub-010	ses-101	task-s1	1;2;3	1;1;1
1719	11220	1719	1720	3	3	trialwise	960;2813;4575	960;2813;4575	7;18;29	9;94;88	sub-010_ses-102_task-s7;sub-010_ses-202_task-s7;sub-010_ses-302_task-s7	960	7	9	sub-010	ses-102	task-s7	1;2;3	7;7;7
1720	11221	1720	1721	3	3	trialwise	485;2290;4035	485;2290;4035	4;15;26	9;46;23	sub-010_ses-102_task-s4;sub-010_ses-201_task-s4;sub-010_ses-301_task-s4	485	4	9	sub-010	ses-102	task-s4	1;2;3	4;4;4
1721	11222	1721	1722	3	3	trialwise	355;2232;3962	355;2232;3962	3;14;25	38;147;109	sub-010_ses-101_task-s3;sub-010_ses-201_task-s3;sub-010_ses-301_task-s3	355	3	38	sub-010	ses-101	task-s3	1;2;3	3;3;3
1722	11223	1722	1723	3	3	trialwise	320;2095;3943	320;2095;3943	3;14;25	3;10;90	sub-010_ses-101_task-s3;sub-010_ses-201_task-s3;sub-010_ses-301_task-s3	320	3	3	sub-010	ses-101	task-s3	1;2;3	3;3;3
1723	11224	1723	1724	3	3	trialwise	954;2767;4548	954;2767;4548	7;18;29	3;48;61	sub-010_ses-102_task-s7;sub-010_ses-202_task-s7;sub-010_ses-302_task-s7	954	7	3	sub-010	ses-102	task-s7	1;2;3	7;7;7
1724	11225	1724	1725	3	3	trialwise	918;2685;4335	918;2685;4335	6;17;28	125;124;6	sub-010_ses-102_task-s6;sub-010_ses-202_task-s6;sub-010_ses-302_task-s6	918	6	125	sub-010	ses-102	task-s6	1;2;3	6;6;6
1725	11226	1725	1726	3	3	trialwise	1031;2722;4525	1031;2722;4525	7;18;29	80;3;38	sub-010_ses-102_task-s7;sub-010_ses-202_task-s7;sub-010_ses-302_task-s7	1031	7	80	sub-010	ses-102	task-s7	1;2;3	7;7;7
1726	11227	1726	1727	3	3	trialwise	231;2044;3831	231;2044;3831	2;13;24	73;118;137	sub-010_ses-101_task-s2;sub-010_ses-201_task-s2;sub-010_ses-301_task-s2	231	2	73	sub-010	ses-101	task-s2	1;2;3	2;2;2
1727	11228	1727	1728	3	3	trialwise	3;1774;3542	3;1774;3542	1;12;23	4;7;7	sub-010_ses-101_task-s1;sub-010_ses-201_task-s1;sub-010_ses-301_task-s1	3	1	4	sub-010	ses-101	task-s1	1;2;3	1;1;1
1728	11229	1728	1729	3	3	trialwise	35;1906;3674	35;1906;3674	1;12;23	36;139;139	sub-010_ses-101_task-s1;sub-010_ses-201_task-s1;sub-010_ses-301_task-s1	35	1	36	sub-010	ses-101	task-s1	1;2;3	1;1;1
1729	11230	1729	1730	3	3	trialwise	68;1916;3684	68;1916;3684	1;12;23	69;149;149	sub-010_ses-101_task-s1;sub-010_ses-201_task-s1;sub-010_ses-301_task-s1	68	1	69	sub-010	ses-101	task-s1	1;2;3	1;1;1
1730	11231	1730	1731	3	3	trialwise	295;1971;3759	295;1971;3759	2;13;24	137;45;65	sub-010_ses-101_task-s2;sub-010_ses-201_task-s2;sub-010_ses-301_task-s2	295	2	137	sub-010	ses-101	task-s2	1;2;3	2;2;2
1731	11232	1731	1732	3	3	trialwise	187;2019;3707	187;2019;3707	2;13;24	29;93;13	sub-010_ses-101_task-s2;sub-010_ses-201_task-s2;sub-010_ses-301_task-s2	187	2	29	sub-010	ses-101	task-s2	1;2;3	2;2;2
1732	11233	1732	1733	3	3	trialwise	774;2482;4217	774;2482;4217	5;16;27	139;79;46	sub-010_ses-102_task-s5;sub-010_ses-202_task-s5;sub-010_ses-302_task-s5	774	5	139	sub-010	ses-102	task-s5	1;2;3	5;5;5
1733	11234	1733	1734	3	3	trialwise	440;2200;3955	440;2200;3955	3;14;25	123;115;102	sub-010_ses-101_task-s3;sub-010_ses-201_task-s3;sub-010_ses-301_task-s3	440	3	123	sub-010	ses-101	task-s3	1;2;3	3;3;3
1734	11235	1734	1735	3	3	trialwise	1076;2720;4491	1076;2720;4491	7;18;29	125;1;4	sub-010_ses-102_task-s7;sub-010_ses-202_task-s7;sub-010_ses-302_task-s7	1076	7	125	sub-010	ses-102	task-s7	1;2;3	7;7;7
1735	11236	1735	1736	3	3	trialwise	14;1846;3614	14;1846;3614	1;12;23	15;79;79	sub-010_ses-101_task-s1;sub-010_ses-201_task-s1;sub-010_ses-301_task-s1	14	1	15	sub-010	ses-101	task-s1	1;2;3	1;1;1
1736	11237	1736	1737	3	3	trialwise	610;2343;4030	610;2343;4030	4;15;26	134;99;18	sub-010_ses-102_task-s4;sub-010_ses-201_task-s4;sub-010_ses-301_task-s4	610	4	134	sub-010	ses-102	task-s4	1;2;3	4;4;4
1737	11238	1737	1738	3	3	trialwise	730;2498;4321	730;2498;4321	5;16;27	95;95;150	sub-010_ses-102_task-s5;sub-010_ses-202_task-s5;sub-010_ses-302_task-s5	730	5	95	sub-010	ses-102	task-s5	1;2;3	5;5;5
1738	11239	1738	1739	3	3	trialwise	222;1991;3834	222;1991;3834	2;13;24	64;65;140	sub-010_ses-101_task-s2;sub-010_ses-201_task-s2;sub-010_ses-301_task-s2	222	2	64	sub-010	ses-101	task-s2	1;2;3	2;2;2
1739	11240	1739	1740	3	3	trialwise	1098;2865;4570	1098;2865;4570	7;18;29	147;146;83	sub-010_ses-102_task-s7;sub-010_ses-202_task-s7;sub-010_ses-302_task-s7	1098	7	147	sub-010	ses-102	task-s7	1;2;3	7;7;7
1740	11241	1740	1741	3	3	trialwise	970;2817;4522	970;2817;4522	7;18;29	19;98;35	sub-010_ses-102_task-s7;sub-010_ses-202_task-s7;sub-010_ses-302_task-s7	970	7	19	sub-010	ses-102	task-s7	1;2;3	7;7;7
1741	11242	1741	1742	3	3	trialwise	554;2264;4100	554;2264;4100	4;15;26	78;20;88	sub-010_ses-102_task-s4;sub-010_ses-201_task-s4;sub-010_ses-301_task-s4	554	4	78	sub-010	ses-102	task-s4	1;2;3	4;4;4
1742	11243	1742	1743	3	3	trialwise	77;1844;3612	77;1844;3612	1;12;23	78;77;77	sub-010_ses-101_task-s1;sub-010_ses-201_task-s1;sub-010_ses-301_task-s1	77	1	78	sub-010	ses-101	task-s1	1;2;3	1;1;1
1743	11244	1743	1744	3	3	trialwise	190;2049;3723	190;2049;3723	2;13;24	32;123;29	sub-010_ses-101_task-s2;sub-010_ses-201_task-s2;sub-010_ses-301_task-s2	190	2	32	sub-010	ses-101	task-s2	1;2;3	2;2;2
1744	11245	1744	1745	3	3	trialwise	619;2325;4020	619;2325;4020	4;15;26	143;81;8	sub-010_ses-102_task-s4;sub-010_ses-201_task-s4;sub-010_ses-301_task-s4	619	4	143	sub-010	ses-102	task-s4	1;2;3	4;4;4
1745	11246	1745	1746	3	3	trialwise	1134;2893;4723	1134;2893;4723	8;19;30	25;16;78	sub-010_ses-102_task-s8;sub-010_ses-202_task-s8;sub-010_ses-302_task-s8	1134	8	25	sub-010	ses-102	task-s8	1;2;3	8;8;8
1746	11247	1746	1747	3	3	trialwise	642;2491;4312	642;2491;4312	5;16;27	7;88;141	sub-010_ses-102_task-s5;sub-010_ses-202_task-s5;sub-010_ses-302_task-s5	642	5	7	sub-010	ses-102	task-s5	1;2;3	5;5;5
1747	11248	1747	1748	3	3	trialwise	969;2867;4528	969;2867;4528	7;18;29	18;148;41	sub-010_ses-102_task-s7;sub-010_ses-202_task-s7;sub-010_ses-302_task-s7	969	7	18	sub-010	ses-102	task-s7	1;2;3	7;7;7
1748	11249	1748	1749	3	3	trialwise	236;1992;3828	236;1992;3828	2;13;24	78;66;134	sub-010_ses-101_task-s2;sub-010_ses-201_task-s2;sub-010_ses-301_task-s2	236	2	78	sub-010	ses-101	task-s2	1;2;3	2;2;2
1749	11250	1749	1750	3	3	trialwise	423;2225;3991	423;2225;3991	3;14;25	106;140;138	sub-010_ses-101_task-s3;sub-010_ses-201_task-s3;sub-010_ses-301_task-s3	423	3	106	sub-010	ses-101	task-s3	1;2;3	3;3;3
1750	11251	1750	1751	3	3	trialwise	561;2277;4027	561;2277;4027	4;15;26	85;33;15	sub-010_ses-102_task-s4;sub-010_ses-201_task-s4;sub-010_ses-301_task-s4	561	4	85	sub-010	ses-102	task-s4	1;2;3	4;4;4
1751	11252	1751	1752	3	3	trialwise	801;2584;4460	801;2584;4460	6;17;28	8;23;131	sub-010_ses-102_task-s6;sub-010_ses-202_task-s6;sub-010_ses-302_task-s6	801	6	8	sub-010	ses-102	task-s6	1;2;3	6;6;6
1752	11253	1752	1753	3	3	trialwise	11;1823;3591	11;1823;3591	1;12;23	12;56;56	sub-010_ses-101_task-s1;sub-010_ses-201_task-s1;sub-010_ses-301_task-s1	11	1	12	sub-010	ses-101	task-s1	1;2;3	1;1;1
1753	11254	1753	1754	3	3	trialwise	126;1905;3673	126;1905;3673	1;12;23	127;138;138	sub-010_ses-101_task-s1;sub-010_ses-201_task-s1;sub-010_ses-301_task-s1	126	1	127	sub-010	ses-101	task-s1	1;2;3	1;1;1
1754	11255	1754	1755	3	3	trialwise	866;2599;4479	866;2599;4479	6;17;28	73;38;150	sub-010_ses-102_task-s6;sub-010_ses-202_task-s6;sub-010_ses-302_task-s6	866	6	73	sub-010	ses-102	task-s6	1;2;3	6;6;6
1755	11256	1755	1756	3	3	trialwise	312;2060;3850	312;2060;3850	2;13;24	154;134;156	sub-010_ses-101_task-s2;sub-010_ses-201_task-s2;sub-010_ses-301_task-s2	312	2	154	sub-010	ses-101	task-s2	1;2;3	2;2;2
1756	11257	1756	1757	3	3	trialwise	1056;2776;4612	1056;2776;4612	7;18;29	105;57;125	sub-010_ses-102_task-s7;sub-010_ses-202_task-s7;sub-010_ses-302_task-s7	1056	7	105	sub-010	ses-102	task-s7	1;2;3	7;7;7
1757	11258	1757	1758	3	3	trialwise	90;1828;3596	90;1828;3596	1;12;23	91;61;61	sub-010_ses-101_task-s1;sub-010_ses-201_task-s1;sub-010_ses-301_task-s1	90	1	91	sub-010	ses-101	task-s1	1;2;3	1;1;1
1758	11259	1758	1759	3	3	trialwise	209;2034;3724	209;2034;3724	2;13;24	51;108;30	sub-010_ses-101_task-s2;sub-010_ses-201_task-s2;sub-010_ses-301_task-s2	209	2	51	sub-010	ses-101	task-s2	1;2;3	2;2;2
1759	11260	1759	1760	3	3	trialwise	373;2124;3957	373;2124;3957	3;14;25	56;39;104	sub-010_ses-101_task-s3;sub-010_ses-201_task-s3;sub-010_ses-301_task-s3	373	3	56	sub-010	ses-101	task-s3	1;2;3	3;3;3
1760	11261	1760	1761	3	3	trialwise	207;1949;3839	207;1949;3839	2;13;24	49;23;145	sub-010_ses-101_task-s2;sub-010_ses-201_task-s2;sub-010_ses-301_task-s2	207	2	49	sub-010	ses-101	task-s2	1;2;3	2;2;2
1761	11262	1761	1762	3	3	trialwise	1255;2894;4654	1255;2894;4654	8;19;30	146;17;9	sub-010_ses-102_task-s8;sub-010_ses-202_task-s8;sub-010_ses-302_task-s8	1255	8	146	sub-010	ses-102	task-s8	1;2;3	8;8;8
1762	11263	1762	1763	3	3	trialwise	186;2066;3737	186;2066;3737	2;13;24	28;140;43	sub-010_ses-101_task-s2;sub-010_ses-201_task-s2;sub-010_ses-301_task-s2	186	2	28	sub-010	ses-101	task-s2	1;2;3	2;2;2
1763	11264	1763	1764	3	3	trialwise	520;2309;4109	520;2309;4109	4;15;26	44;65;97	sub-010_ses-102_task-s4;sub-010_ses-201_task-s4;sub-010_ses-301_task-s4	520	4	44	sub-010	ses-102	task-s4	1;2;3	4;4;4
1764	11265	1764	1765	3	3	trialwise	870;2612;4400	870;2612;4400	6;17;28	77;51;71	sub-010_ses-102_task-s6;sub-010_ses-202_task-s6;sub-010_ses-302_task-s6	870	6	77	sub-010	ses-102	task-s6	1;2;3	6;6;6
1765	11266	1765	1766	3	3	trialwise	486;2308;4093	486;2308;4093	4;15;26	10;64;81	sub-010_ses-102_task-s4;sub-010_ses-201_task-s4;sub-010_ses-301_task-s4	486	4	10	sub-010	ses-102	task-s4	1;2;3	4;4;4
1766	11267	1766	1767	3	3	trialwise	364;2188;3865	364;2188;3865	3;14;25	47;103;12	sub-010_ses-101_task-s3;sub-010_ses-201_task-s3;sub-010_ses-301_task-s3	364	3	47	sub-010	ses-101	task-s3	1;2;3	3;3;3
1767	11268	1767	1768	3	3	trialwise	473;2147;3999	473;2147;3999	3;14;25	156;62;146	sub-010_ses-101_task-s3;sub-010_ses-201_task-s3;sub-010_ses-301_task-s3	473	3	156	sub-010	ses-101	task-s3	1;2;3	3;3;3
